date,symbol,ann_basis,days_to_expiry,fut,spot,basis_pct,prev_symbol,roll,fut_now,spot_now,pnl_on_notional,pnl_on_capital,fees_on_notional,fees_on_capital,net_pnl,equity,year
2021-02-03 00:00:00+00:00,BTCUSDT_210326,0.19885147127116776,51,38664.1,37618.87,0.027784726122820697,,False,38664.1,37618.87,-0.00920841056629302,-0.00460420528314651,-0.001,-0.0005,-0.00510420528314651,0.9948957947168535,2021
2021-02-04 00:00:00+00:00,BTCUSDT_210326,0.27503764552615195,50,38328.3,36936.66,0.037676389798103005,BTCUSDT_210326,False,38328.3,36936.66,-0.004500136179069822,-0.002250068089534911,0.0,0.0,-0.002250068089534911,0.9926572114367487,2021
2021-02-05 00:00:00+00:00,BTCUSDT_210326,0.3030659339544171,49,39848.1,38290.24,0.04068556373634641,BTCUSDT_210326,False,39848.1,38290.24,-0.013065992796075336,-0.006532996398037668,0.0,0.0,-0.006532996398037668,0.9861721854499463,2021
2021-02-06 00:00:00+00:00,BTCUSDT_210326,0.3993828471084151,48,41245.1,39186.94,0.05252157989370938,BTCUSDT_210326,False,41245.1,39186.94,0.0066820731600885025,0.0033410365800442513,0.0,0.0,0.0033410365800442513,0.9894670227957567,2021
2021-02-07 00:00:00+00:00,BTCUSDT_210326,0.35957775261315306,47,40592.0,38795.69,0.04630179280224163,BTCUSDT_210326,False,40592.0,38795.69,-0.01998469417607986,-0.00999234708803993,0.0,0.0,-0.00999234708803993,0.979579924871812,2021
2021-02-08 00:00:00+00:00,BTCUSDT_210326,0.4400082415325364,46,48946.5,46374.87,0.05545309345341555,BTCUSDT_210326,False,48946.5,46374.87,0.0015062036831585413,0.0007531018415792706,0.0,0.0,0.0007531018415792706,0.9803176483172069,2021
2021-02-09 00:00:00+00:00,BTCUSDT_210326,0.4371398525811603,45,48922.2,46420.42,0.053893954427814285,BTCUSDT_210326,False,48922.2,46420.42,0.0010310117831764682,0.0005155058915882341,0.0,0.0,0.0005155058915882341,0.9808230078405423,2021
2021-02-10 00:00:00+00:00,BTCUSDT_210326,0.4543066556636578,44,47261.5,44807.58,0.05476573383342725,BTCUSDT_210326,False,47261.5,44807.58,-0.008959867950913688,-0.004479933975456844,0.0,0.0,-0.004479933975456844,0.9764289855238076,2021
2021-02-11 00:00:00+00:00,BTCUSDT_210326,0.5052712189617461,43,50824.9,47969.51,0.05952510250782214,BTCUSDT_210326,False,50824.9,47969.51,-0.0018659769507756497,-0.0009329884753878249,0.0,0.0,-0.0009329884753878249,0.9755179885332793,2021
2021-02-12 00:00:00+00:00,BTCUSDT_210326,0.5412112971124216,42,50232.5,47287.6,0.06227636843485399,BTCUSDT_210326,False,50232.5,47287.6,0.0005813363334152133,0.00029066816670760665,0.0,0.0,0.00029066816670760665,0.9758015405585966,2021
2021-02-13 00:00:00+00:00,BTCUSDT_210326,0.5507960169001898,41,50071.1,47153.69,0.06187023751481583,BTCUSDT_210326,False,50071.1,47153.69,-0.005157602724198347,-0.0025788013620991735,0.0,0.0,-0.0025788013620991735,0.9732851422166656,2021
2021-02-14 00:00:00+00:00,BTCUSDT_210326,0.5936986069148061,40,51738.4,48577.79,0.06506286103175958,BTCUSDT_210326,False,51738.4,48577.79,0.00528451376647639,0.002642256883238195,0.0,0.0,0.002642256883238195,0.9758568115830412,2021
2021-02-15 00:00:00+00:00,BTCUSDT_210326,0.5672490433537459,39,50815.0,47911.1,0.06061017175560573,BTCUSDT_210326,False,50815.0,47911.1,-0.0015560068543615762,-0.0007780034271807881,0.0,0.0,-0.0007780034271807881,0.9750975916391919,2021
2021-02-16 00:00:00+00:00,BTCUSDT_210326,0.5822671937881753,38,52111.9,49133.45,0.06061959825739907,BTCUSDT_210326,False,52111.9,49133.45,-0.010468224804079431,-0.005234112402039716,0.0,0.0,-0.005234112402039716,0.9699938212415941,2021
2021-02-17 00:00:00+00:00,BTCUSDT_210326,0.6610915784326382,37,55612.5,52119.71,0.06701476274522634,BTCUSDT_210326,False,55612.5,52119.71,0.010821050232244155,0.0054105251161220775,0.0,0.0,0.0054105251161220775,0.9752419971739049,2021
2021-02-18 00:00:00+00:00,BTCUSDT_210326,0.5760093143270719,36,54481.4,51552.6,0.05681187757746463,BTCUSDT_210326,False,54481.4,51552.6,0.004593366774905687,0.0022966833874528436,0.0,0.0,0.0022966833874528436,0.9774818192675606,2021
2021-02-19 00:00:00+00:00,BTCUSDT_210326,0.502159236677893,35,58598.0,55906.0,0.04815225557185275,BTCUSDT_210326,False,58598.0,55906.0,0.0045735699209387606,0.0022867849604693803,0.0,0.0,0.0022867849604693803,0.9797171099909938,2021
2021-02-20 00:00:00+00:00,BTCUSDT_210326,0.4683729772192297,34,58277.5,55841.19,0.043629263631380304,BTCUSDT_210326,False,58277.5,55841.19,-0.001968439426165623,-0.0009842197130828115,0.0,0.0,-0.0009842197130828115,0.9787528530980961,2021
2021-02-21 00:00:00+00:00,BTCUSDT_210326,0.4905686898262229,33,59954.8,57408.57,0.044352785655521525,BTCUSDT_210326,False,59954.8,57408.57,0.002118150652419988,0.001059075326209994,0.0,0.0,0.001059075326209994,0.97978942609527,2021
2021-02-22 00:00:00+00:00,BTCUSDT_210326,0.5113168294640914,32,56512.3,54087.67,0.04482777682972856,BTCUSDT_210326,False,56512.3,54087.67,0.008630987432070965,0.004315493716035483,0.0,0.0,0.004315493716035483,0.9840177012066221,2021
2021-02-23 00:00:00+00:00,BTCUSDT_210326,0.47148792475163714,31,50848.8,48891.0,0.04004417991041302,BTCUSDT_210326,False,50848.8,48891.0,0.0026569307234460627,0.0013284653617230313,0.0,0.0,0.0013284653617230313,0.9853249346379973,2021
2021-02-24 00:00:00+00:00,BTCUSDT_210326,0.4476882289708154,30,51504.1,49676.2,0.036796292792121814,BTCUSDT_210326,False,51504.1,49676.2,0.004421231897770052,0.002210615948885026,0.0,0.0,0.002210615948885026,0.9875031096533422,2021
2021-02-25 00:00:00+00:00,BTCUSDT_210326,0.4300066930221421,29,48682.0,47073.73,0.03416491533600581,BTCUSDT_210326,False,48682.0,47073.73,0.006707350362930619,0.0033536751814653093,0.0,0.0,0.0033536751814653093,0.9908148743238064,2021
2021-02-26 00:00:00+00:00,BTCUSDT_210326,0.36409229461098536,28,47569.4,46276.87,0.02793036780577422,BTCUSDT_210326,False,47569.4,46276.87,-0.0007226072117669654,-0.0003613036058834827,0.0,0.0,-0.0003613036058834827,0.9904568893369502,2021
2021-02-27 00:00:00+00:00,BTCUSDT_210326,0.38877766072975106,27,47432.4,46106.43,0.02875889545124186,BTCUSDT_210326,False,47432.4,46106.43,0.009511254720870952,0.004755627360435476,0.0,0.0,0.004755627360435476,0.9951671332192128,2021
2021-02-28 00:00:00+00:00,BTCUSDT_210326,0.2760188353885207,26,46023.1,45135.66,0.019661615671511062,BTCUSDT_210326,False,46023.1,45135.66,-0.004952403487619459,-0.0024762017438097294,0.0,0.0,-0.0024762017438097294,0.9927028986285533,2021
2021-03-01 00:00:00+00:00,BTCUSDT_210326,0.32710493046266365,25,50698.0,49587.03,0.022404447291963264,BTCUSDT_210326,False,50698.0,49587.03,0.0027652392167871846,0.0013826196083935923,0.0,0.0,0.0013826196083935923,0.9940754291215064,2021
2021-03-02 00:00:00+00:00,BTCUSDT_210326,0.30574807350162814,24,49414.5,48440.65,0.02010398291517555,BTCUSDT_210326,False,49414.5,48440.65,-0.0004516867548226,-0.0002258433774113,0.0,0.0,-0.0002258433774113,0.993850923769192,2021
2021-03-03 00:00:00+00:00,BTCUSDT_210326,0.31384309622767825,23,51345.1,50349.37,0.01977641428284,BTCUSDT_210326,False,51345.1,50349.37,0.007708537366008658,0.003854268683004329,0.0,0.0,0.003854268683004329,0.9976814922602505,2021
2021-03-04 00:00:00+00:00,BTCUSDT_210326,0.20839259762255544,22,48981.7,48374.09,0.01256064971971567,BTCUSDT_210326,False,48981.7,48374.09,-0.00122544940897077,-0.000612724704485385,0.0,0.0,-0.000612724704485385,0.9970701881627348,2021
2021-03-05 00:00:00+00:00,BTCUSDT_210326,0.2377595233753508,21,49418.6,48751.71,0.013679315043513334,BTCUSDT_210326,False,49418.6,48751.71,0.0010582192911796635,0.0005291096455898317,0.0,0.0,0.0005291096455898317,0.9975977476166219,2021
2021-03-06 00:00:00+00:00,BTCUSDT_210326,0.22972012307138495,20,49497.5,48882.2,0.012587404003911505,BTCUSDT_210326,False,49497.5,48882.2,-0.004348208550351573,-0.0021741042751757863,0.0,0.0,-0.0021741042751757863,0.9954288660886228,2021
2021-03-07 00:00:00+00:00,BTCUSDT_210326,0.3120048695704245,19,51799.6,50971.75,0.016241349374898812,BTCUSDT_210326,False,51799.6,50971.75,0.00017696076748388662,8.848038374194331e-05,0.0,0.0,8.848038374194331e-05,0.9955169420166822,2021
2021-03-08 00:00:00+00:00,BTCUSDT_210326,0.3170214584082078,18,53194.0,52375.17,0.015633934935199288,BTCUSDT_210326,False,53194.0,52375.17,-0.003252877269897078,-0.001626438634948539,0.0,0.0,-0.001626438634948539,0.9938977948004405,2021
2021-03-09 00:00:00+00:00,BTCUSDT_210326,0.38697092771826064,17,55873.7,54884.5,0.018023303482768305,BTCUSDT_210326,False,55873.7,54884.5,-0.0017201577858958995,-0.0008600788929479498,0.0,0.0,-0.0008600788929479498,0.9930429642853852,2021
2021-03-10 00:00:00+00:00,BTCUSDT_210326,0.4425989148205094,16,56935.2,55851.59,0.01940159626610452,BTCUSDT_210326,False,56935.2,55851.59,-0.003429266740660362,-0.001714633370330181,0.0,0.0,-0.001714633370330181,0.9913402596806499,2021
2021-03-11 00:00:00+00:00,BTCUSDT_210326,0.5370730399144975,15,59048.3,57773.16,0.022071494791006747,BTCUSDT_210326,False,59048.3,57773.16,0.00459313632835733,0.002296568164178665,0.0,0.0,0.002296568164178665,0.9936169401609011,2021
2021-03-12 00:00:00+00:00,BTCUSDT_210326,0.4600771724942402,14,58231.5,57221.72,0.01764679565731332,BTCUSDT_210326,False,58231.5,57221.72,-0.010360226850923072,-0.005180113425461536,0.0,0.0,-0.005180113425461536,0.9884698917094076,2021
2021-03-13 00:00:00+00:00,BTCUSDT_210326,0.735374107609429,13,62791.0,61188.39,0.02619140657239062,BTCUSDT_210326,False,62791.0,61188.39,0.0046155814853111555,0.0023077907426555778,0.0,0.0,0.0023077907426555778,0.9907510733748883,2021
2021-03-14 00:00:00+00:00,BTCUSDT_210326,0.6809721894126988,12,60288.5,58968.31,0.022388126775212014,BTCUSDT_210326,False,60288.5,58968.31,0.011428002600040588,0.005714001300020294,0.0,0.0,0.005714001300020294,0.996412226296149,2021
2021-03-15 00:00:00+00:00,BTCUSDT_210326,0.38567272648797574,11,56251.5,55605.2,0.01162301367498009,BTCUSDT_210326,False,56251.5,55605.2,0.0,0.0,0.0,0.0,0.0,0.996412226296149,2021
2021-03-16 00:00:00+00:00,BTCUSDT_210625,0.24120142668080688,101,60698.5,56900.75,0.06674340847879862,BTCUSDT_210326,True,60698.5,56900.75,-0.006598858538771386,-0.003299429269385693,-0.001,-0.0005,-0.003799429269385693,0.9926264285191857,2021
2021-03-17 00:00:00+00:00,BTCUSDT_210625,0.25855579000685225,100,63086.2,58912.97,0.07083720274160335,BTCUSDT_210625,False,63086.2,58912.97,0.004284116044395647,0.0021420580221978235,0.0,0.0,0.0021420580221978235,0.9947526919234407,2021
2021-03-18 00:00:00+00:00,BTCUSDT_210625,0.25075600369937584,99,61569.0,57648.16,0.06801327223626906,BTCUSDT_210625,False,61569.0,57648.16,-0.004949854427270506,-0.002474927213635253,0.0,0.0,-0.002474927213635253,0.9922907514153625,2021
2021-03-19 00:00:00+00:00,BTCUSDT_210625,0.2699622442714357,98,62236.2,58030.01,0.07248301353041288,BTCUSDT_210625,False,62236.2,58030.01,-0.0035055999473377233,-0.0017527999736688617,0.0,0.0,-0.0017527999736688617,0.9905514642124098,2021
2021-03-20 00:00:00+00:00,BTCUSDT_210625,0.2855808756558264,97,62511.9,58102.28,0.07589409572223332,BTCUSDT_210625,False,62511.9,58102.28,0.009587919785591922,0.004793959892795961,0.0,0.0,0.004793959892795961,0.9953001282035944,2021
2021-03-21 00:00:00+00:00,BTCUSDT_210625,0.2554015640551016,96,61204.1,57351.56,0.06717410999805412,BTCUSDT_210625,False,61204.1,57351.56,0.007558469202930103,0.0037792346014650516,0.0,0.0,0.0037792346014650516,0.9990616008869441,2021
2021-03-22 00:00:00+00:00,BTCUSDT_210625,0.24289128334558313,95,57502.3,54083.25,0.0632182792269326,BTCUSDT_210625,False,57502.3,54083.25,0.0014780916457498823,0.0007390458228749412,0.0,0.0,0.0007390458228749412,0.9997999531898742,2021
2021-03-23 00:00:00+00:00,BTCUSDT_210625,0.23859920375073698,94,57680.0,54340.89,0.061447466171422674,BTCUSDT_210625,False,57680.0,54340.89,0.009067941286938842,0.004533970643469421,0.0,0.0,0.004533970643469421,1.0043330168269793,2021
2021-03-24 00:00:00+00:00,BTCUSDT_210625,0.21358277294511058,93,55150.0,52303.65,0.05441972022985009,BTCUSDT_210625,False,55150.0,52303.65,0.0031284623539656864,0.0015642311769828432,0.0,0.0,0.0015642311769828432,1.0059040258439733,2021
2021-03-25 00:00:00+00:00,BTCUSDT_210625,0.20749884293963136,92,53976.5,51293.78,0.052301078220400234,BTCUSDT_210625,False,53976.5,51293.78,-0.006296864844041621,-0.0031484324220208107,0.0,0.0,-0.0031484324220208107,1.0027370049955648,2021
2021-03-26 00:00:00+00:00,BTCUSDT_210625,0.21909569311696261,91,58031.3,55025.59,0.054623857736009855,BTCUSDT_210625,False,58031.3,55025.59,-0.00925841958259779,-0.004629209791298895,0.0,0.0,-0.004629209791298895,0.9980951250339416,2021
2021-03-27 00:00:00+00:00,BTCUSDT_210625,0.2554041046651025,90,59332.3,55817.14,0.06297635457495679,BTCUSDT_210625,False,59332.3,55817.14,0.0004226300380134809,0.00021131501900674044,0.0,0.0,0.00021131501900674044,0.9983060375242587,2021
2021-03-28 00:00:00+00:00,BTCUSDT_210625,0.2567222758005234,89,59269.2,55777.63,0.06259803437327832,BTCUSDT_210625,False,59269.2,55777.63,-0.011005487325295115,-0.0055027436626475575,0.0,0.0,-0.0055027436626475575,0.9928126153028893,2021
2021-03-29 00:00:00+00:00,BTCUSDT_210625,0.2954466056626714,88,61740.9,57635.47,0.07123096246113722,BTCUSDT_210625,False,61740.9,57635.47,-0.007486709139354637,-0.0037433545696773183,0.0,0.0,-0.0037433545696773183,0.989096165662562,2021
2021-03-30 00:00:00+00:00,BTCUSDT_210625,0.3240060917892592,87,63283.5,58746.57,0.07722884927579603,BTCUSDT_210625,False,63283.5,58746.57,-0.005578538457649424,-0.002789269228824712,0.0,0.0,-0.002789269228824712,0.9863373101633309,2021
2021-03-31 00:00:00+00:00,BTCUSDT_210625,0.3514859777643003,86,63605.2,58740.55,0.08281587421295841,BTCUSDT_210625,False,63605.2,58740.55,0.0005411934345182943,0.00027059671725914716,0.0,0.0,0.00027059671725914716,0.9866042098015714,2021
2021-04-01 00:00:00+00:00,BTCUSDT_210625,0.3534181523804097,85,63553.3,58720.44,0.08230285740365706,BTCUSDT_210625,False,63553.3,58720.44,-0.0037045022142204458,-0.0018522511071102229,0.0,0.0,-0.0018522511071102229,0.9847767710616868,2021
2021-04-02 00:00:00+00:00,BTCUSDT_210625,0.37226706193619846,84,64000.4,58950.01,0.08567241973326212,BTCUSDT_210625,False,64000.4,58950.01,0.009423747341179397,0.0047118736705896985,0.0,0.0,0.0047118736705896985,0.9894169148006609,2021
2021-04-03 00:00:00+00:00,BTCUSDT_210625,0.3464659223165451,83,61546.8,57051.94,0.07878540151307739,BTCUSDT_210625,False,61546.8,57051.94,-0.002508766573056015,-0.0012543832865280075,0.0,0.0,-0.0012543832865280075,0.9881758067593267,2021
2021-04-04 00:00:00+00:00,BTCUSDT_210625,0.35470788011214466,82,62840.0,58202.01,0.07968779772382428,BTCUSDT_210625,False,62840.0,58202.01,-0.015166486518249131,-0.0075832432591245655,0.0,0.0,-0.0075832432591245655,0.9806822292338891,2021
2021-04-05 00:00:00+00:00,BTCUSDT_210625,0.42072175991895344,81,64650.7,59129.99,0.0933656508313294,BTCUSDT_210625,False,64650.7,59129.99,0.010849993378994276,0.005424996689497138,0.0,0.0,0.005424996689497138,0.9860024270809316,2021
2021-04-06 00:00:00+00:00,BTCUSDT_210625,0.3838710195434994,80,62870.3,57991.15,0.08413611387254781,BTCUSDT_210625,False,62870.3,57991.15,0.01653873047870233,0.008269365239351165,0.0,0.0,0.008269365239351165,0.9941560412773504,2021
2021-04-07 00:00:00+00:00,BTCUSDT_210625,0.3236909148179698,79,59873.5,55953.45,0.0700591295085469,BTCUSDT_210625,False,59873.5,55953.45,-0.011343893897516654,-0.005671946948758327,0.0,0.0,-0.005671946948758327,0.9885172409524376,2021
2021-04-08 00:00:00+00:00,BTCUSDT_210625,0.3669928505105701,78,62632.3,58077.52,0.07842586942417662,BTCUSDT_210625,False,62632.3,58077.52,-0.0007951441452733006,-0.0003975720726366503,0.0,0.0,-0.0003975720726366503,0.9881242341041151,2021
2021-04-09 00:00:00+00:00,BTCUSDT_210625,0.3751082332238229,77,62743.5,58142.54,0.07913242180338181,BTCUSDT_210625,False,62743.5,58142.54,-0.023065899769772708,-0.011532949884886354,0.0,0.0,-0.011532949884886354,0.9767282468321505,2021
2021-04-10 00:00:00+00:00,BTCUSDT_210625,0.4774634167557029,76,65711.2,59769.13,0.09941704020118747,BTCUSDT_210625,False,65711.2,59769.13,-0.003575424303482368,-0.001787712151741184,0.0,0.0,-0.001787712151741184,0.9749821378763398,2021
2021-04-11 00:00:00+00:00,BTCUSDT_210625,0.49928112355894,75,66158.2,60002.43,0.10259201169019316,BTCUSDT_210625,False,66158.2,60002.43,0.0077458529596217485,0.0038729264798108743,0.0,0.0,0.0038729264798108743,0.9787581720154638,2021
2021-04-12 00:00:00+00:00,BTCUSDT_210625,0.4689353988134476,74,65551.0,59860.0,0.09507183427998664,BTCUSDT_210625,False,65551.0,59860.0,-0.01795021717340461,-0.008975108586702306,0.0,0.0,-0.008975108586702306,0.9699737111415028,2021
2021-04-13 00:00:00+00:00,BTCUSDT_210625,0.5320880849390484,73,70340.5,63575.0,0.10641761698780967,BTCUSDT_210625,False,70340.5,63575.0,0.018114510420762953,0.009057255210381476,0.0,0.0,0.009057255210381476,0.9787590105906723,2021
2021-04-14 00:00:00+00:00,BTCUSDT_210625,0.4520237378413294,72,68573.4,62959.53,0.08916632636870059,BTCUSDT_210625,False,68573.4,62959.53,-0.004117724512873703,-0.0020588622564368516,0.0,0.0,-0.0020588622564368516,0.9767438806056197,2021
2021-04-15 00:00:00+00:00,BTCUSDT_210625,0.4780368834822305,71,69033.1,63159.98,0.09298799651298183,BTCUSDT_210625,False,69033.1,63159.98,0.014140599791196935,0.007070299895598467,0.0,0.0,0.007070299895598467,0.9836497527626921,2021
2021-04-16 00:00:00+00:00,BTCUSDT_210625,0.4233672051941615,70,66314.8,61334.8,0.08119371058518166,BTCUSDT_210625,False,66314.8,61334.8,0.008239368189021577,0.004119684094510788,0.0,0.0,0.004119684094510788,0.987702079003718,2021
2021-04-17 00:00:00+00:00,BTCUSDT_210625,0.39445950001965235,69,64481.3,60006.66,0.07456905616809865,BTCUSDT_210625,False,64481.3,60006.66,0.029295914820121706,0.014647957410060853,0.0,0.0,0.014647957410060853,1.002169896990793,2021
2021-04-18 00:00:00+00:00,BTCUSDT_210625,0.25970134445631027,68,58866.7,56150.01,0.04838271622747699,BTCUSDT_210625,False,58866.7,56150.01,-0.003385039468381341,-0.0016925197341906705,0.0,0.0,-0.0016925197341906705,1.0004737046631242,2021
2021-04-19 00:00:00+00:00,BTCUSDT_210625,0.28463851453213357,67,58539.9,55633.14,0.05224871362644643,BTCUSDT_210625,False,58539.9,55633.14,0.004577487447230257,0.0022887437236151285,0.0,0.0,0.0022887437236151285,1.002763532575314,2021
2021-04-20 00:00:00+00:00,BTCUSDT_210625,0.25993649387091994,66,59077.1,56425.0,0.047002215330084154,BTCUSDT_210625,False,59077.1,56425.0,0.003571643774922443,0.0017858218874612214,0.0,0.0,0.0017858218874612214,1.0045542896397348,2021
2021-04-21 00:00:00+00:00,BTCUSDT_210625,0.2558375053320452,65,56238.2,53787.63,0.04556010368926833,BTCUSDT_210625,False,56238.2,53787.63,0.007939186017305444,0.003969593008652722,0.0,0.0,0.003969593008652722,1.0085419613247009,2021
2021-04-22 00:00:00+00:00,BTCUSDT_210625,0.22325957116099227,64,53714.5,51690.96,0.03914688371042056,BTCUSDT_210625,False,53714.5,51690.96,0.008558169552277563,0.0042790847761387816,0.0,0.0,0.0042790847761387816,1.0128575978775025,2021
2021-04-23 00:00:00+00:00,BTCUSDT_210625,0.17918168808709198,63,52706.3,51125.14,0.03092725027256656,BTCUSDT_210625,False,52706.3,51125.14,0.00015452280424076012,7.726140212038006e-05,0.0,0.0,7.726140212038006e-05,1.0129358526756627,2021
2021-04-24 00:00:00+00:00,BTCUSDT_210625,0.18506161047045694,62,51621.1,50047.84,0.031435122874433785,BTCUSDT_210625,False,51621.1,50047.84,-0.0019894964497968286,-0.0009947482248984143,0.0,0.0,-0.0009947482248984143,1.0119282365342777,2021
2021-04-25 00:00:00+00:00,BTCUSDT_210625,0.20399868500366053,61,50739.6,49066.77,0.03409293091841998,BTCUSDT_210625,False,50739.6,49066.77,-0.008161939332872247,-0.0040809696664361236,0.0,0.0,-0.0040809696664361236,1.0077985880963711,2021
2021-04-26 00:00:00+00:00,BTCUSDT_210625,0.23356131820557433,60,56074.7,54001.39,0.038393641348861536,BTCUSDT_210625,False,56074.7,54001.39,0.0016755124266244984,0.0008377562133122492,0.0,0.0,0.0008377562133122492,1.008642877625316,2021
2021-04-27 00:00:00+00:00,BTCUSDT_210625,0.22298165598308034,59,56994.8,55011.97,0.03604361014521024,BTCUSDT_210625,False,56994.8,55011.97,-0.0020368294391201703,-0.0010184147195600852,0.0,0.0,-0.0010184147195600852,1.0076156608719629,2021
2021-04-28 00:00:00+00:00,BTCUSDT_210625,0.2403683709054903,58,56941.1,54846.22,0.03819552195210531,BTCUSDT_210625,False,56941.1,54846.22,0.0032213705885291693,0.0016106852942645846,0.0,0.0,0.0016106852942645846,1.0092386125992,2021
2021-04-29 00:00:00+00:00,BTCUSDT_210625,0.22935693261723034,57,55473.2,53555.0,0.03581738399775926,BTCUSDT_210625,False,55473.2,53555.0,-0.006349173746615743,-0.0031745868733078714,0.0,0.0,-0.0031745868733078714,1.006034696947607,2021
2021-04-30 00:00:00+00:00,BTCUSDT_210625,0.2551175452209432,56,59952.5,57694.27,0.039141322006500875,BTCUSDT_210625,False,59952.5,57694.27,-0.002199525186816545,-0.0010997625934082724,0.0,0.0,-0.0010997625934082724,1.0049282976202332,2021
2021-05-01 00:00:00+00:00,BTCUSDT_210625,0.27384928504782896,55,60185.5,57800.37,0.04126496076063176,BTCUSDT_210625,False,60185.5,57800.37,0.005109655872445046,0.002554827936222523,0.0,0.0,0.002554827936222523,1.0074957165088938,2021
2021-05-02 00:00:00+00:00,BTCUSDT_210625,0.2496620590755242,54,58668.0,56578.21,0.036936304630351524,BTCUSDT_210625,False,58668.0,56578.21,-0.0005058484529645356,-0.0002529242264822678,0.0,0.0,-0.0002529242264822678,1.0072408964341115,2021
2021-05-03 00:00:00+00:00,BTCUSDT_210625,0.255189883957132,53,59287.8,57169.39,0.03705496945130958,BTCUSDT_210625,False,59287.8,57169.39,0.010740362980958937,0.005370181490479469,0.0,0.0,0.005370181490479469,1.0126499628525958,2021
2021-05-04 00:00:00+00:00,BTCUSDT_210625,0.19848982315836167,52,54704.4,53200.01,0.028278002203383033,BTCUSDT_210625,False,54704.4,53200.01,-0.016691726185765754,-0.008345863092882877,0.0,0.0,-0.008345863092882877,1.004198524901615,2021
2021-05-05 00:00:00+00:00,BTCUSDT_210625,0.29810526622964356,51,59828.5,57436.11,0.041653064596470744,BTCUSDT_210625,False,59828.5,57436.11,0.006323025706302154,0.003161512853151077,0.0,0.0,0.003161512853151077,1.0073733114452068,2021
2021-05-06 00:00:00+00:00,BTCUSDT_210625,0.2626767041980592,50,58422.9,56393.68,0.035983110164117704,BTCUSDT_210625,False,58422.9,56393.68,0.0014623979140925218,0.0007311989570462609,0.0,0.0,0.0007311989570462609,1.0081099017598918,2021
2021-05-07 00:00:00+00:00,BTCUSDT_210625,0.2530116771059485,49,59261.5,57314.75,0.03396595117312733,BTCUSDT_210625,False,59261.5,57314.75,-0.01094831609664179,-0.005474158048320895,0.0,0.0,-0.005474158048320895,1.0025913488275808,2021
2021-05-08 00:00:00+00:00,BTCUSDT_210625,0.3325576673198889,48,61436.3,58862.05,0.0437336110448073,BTCUSDT_210625,False,61436.3,58862.05,0.004133223358683457,0.0020666116793417286,0.0,0.0,0.0020666116793417286,1.0046633158186749,2021
2021-05-09 00:00:00+00:00,BTCUSDT_210625,0.3108151628687501,47,60571.8,58240.84,0.04002277439679796,BTCUSDT_210625,False,60571.8,58240.84,0.008672608430785095,0.004336304215392548,0.0,0.0,0.004336304215392548,1.0090198415901097,2021
2021-05-10 00:00:00+00:00,BTCUSDT_210625,0.2595629539038896,46,57642.0,55816.14,0.032712043505695676,BTCUSDT_210625,False,57642.0,55816.14,-0.002100109394881143,-0.0010500546974405716,0.0,0.0,-0.0010500546974405716,1.0079603155656374,2021
2021-05-11 00:00:00+00:00,BTCUSDT_210625,0.27811067964644787,45,58613.1,56670.02,0.03428761803860316,BTCUSDT_210625,False,58613.1,56670.02,0.013968585153137383,0.006984292576568692,0.0,0.0,0.006984292576568692,1.0150002053151181,2021
2021-05-12 00:00:00+00:00,BTCUSDT_210625,0.1924601239701065,44,50782.8,49631.32,0.02320067247858818,BTCUSDT_210625,False,50782.8,49631.32,-0.0031864959465110775,-0.0015932479732555388,0.0,0.0,-0.0015932479732555388,1.013383058295146,2021
2021-05-13 00:00:00+00:00,BTCUSDT_210625,0.22380530809416496,43,50980.6,49670.97,0.026366104789175594,BTCUSDT_210625,False,50980.6,49670.97,0.0032147550168638342,0.0016073775084319171,0.0,0.0,0.0016073775084319171,1.0150119474304755,2021
2021-05-14 00:00:00+00:00,BTCUSDT_210625,0.20050807300425916,42,50991.4,49841.45,0.02307216182514763,BTCUSDT_210625,False,50991.4,49841.45,0.003672445324122811,0.0018362226620614055,0.0,0.0,0.0018362226620614055,1.0168757353706104,2021
2021-05-15 00:00:00+00:00,BTCUSDT_210625,0.18407414318616502,41,47729.9,46762.99,0.02067682156337744,BTCUSDT_210625,False,47729.9,46762.99,0.001396617282171327,0.0006983086410856635,0.0,0.0,0.0006983086410856635,1.01758582848353,2021
2021-05-16 00:00:00+00:00,BTCUSDT_210625,0.17718790045550942,40,47333.1,46431.5,0.019417852104713362,BTCUSDT_210625,False,47333.1,46431.5,0.0009334180459385655,0.0004667090229692828,0.0,0.0,0.0004667090229692828,1.0180607449713288,2021
2021-05-17 00:00:00+00:00,BTCUSDT_210625,0.18449230450735388,39,44396.3,43538.04,0.019712876372018632,BTCUSDT_210625,False,44396.3,43538.04,0.005391606971742365,0.0026958034858711824,0.0,0.0,0.0026958034858711824,1.0208052366764513,2021
2021-05-18 00:00:00+00:00,BTCUSDT_210625,0.13976906495693947,38,43473.3,42849.78,0.014551299913325206,BTCUSDT_210625,False,43473.3,42849.78,0.005393493268810262,0.002696746634405131,0.0,0.0,0.002696746634405131,1.0235580897628418,2021
2021-05-19 00:00:00+00:00,BTCUSDT_210625,0.10550728062050696,37,37082.5,36690.09,0.010695258583448651,BTCUSDT_210625,False,37082.5,36690.09,-0.0009171413861343536,-0.0004585706930671768,0.0,0.0,-0.0004585706930671768,1.0230887160202247,2021
2021-05-20 00:00:00+00:00,BTCUSDT_210625,0.1065909979213667,36,40952.7,40526.64,0.010513084726490962,BTCUSDT_210625,False,40952.7,40526.64,0.0032242988809335848,0.0016121494404667924,0.0,0.0,0.0016121494404667924,1.0247380879213046,2021
2021-05-21 00:00:00+00:00,BTCUSDT_210625,0.08269340941027634,35,37547.4,37252.01,0.007929505011944307,BTCUSDT_210625,False,37547.4,37252.01,0.0005427895031704642,0.0002713947515852321,0.0,0.0,0.0002713947515852321,1.025016196460116,2021
2021-05-22 00:00:00+00:00,BTCUSDT_210625,0.07887989799533726,34,37724.9,37449.73,0.007347716525593061,BTCUSDT_210625,False,37724.9,37449.73,-0.00014632949289629594,-7.316474644814797e-05,0.0,0.0,-7.316474644814797e-05,1.0249412014099968,2021
2021-05-23 00:00:00+00:00,BTCUSDT_210625,0.08957254935137121,33,34935.9,34655.25,0.00809834007834315,BTCUSDT_210625,False,34935.9,34655.25,0.00018871599541197577,9.435799770598789e-05,0.0,0.0,9.435799770598789e-05,1.0250379128095282,2021
2021-05-24 00:00:00+00:00,BTCUSDT_210625,0.08058933437965349,32,39070.4,38796.29,0.00706536630177784,BTCUSDT_210625,False,39070.4,38796.29,-0.002566482516756105,-0.0012832412583780525,0.0,0.0,-0.0012832412583780525,1.0237225418684093,2021
2021-05-25 00:00:00+00:00,BTCUSDT_210625,0.11480268205902856,31,38698.4,38324.72,0.009750364777616125,BTCUSDT_210625,False,38698.4,38324.72,0.001661851671714818,0.000830925835857409,0.0,0.0,0.000830925835857409,1.0245731793771973,2021
2021-05-26 00:00:00+00:00,BTCUSDT_210625,0.09611012817673692,30,39551.9,39241.91,0.007899462589868789,BTCUSDT_210625,False,39551.9,39241.91,0.0016734659449552341,0.0008367329724776171,0.0,0.0,0.0008367329724776171,1.0254304735390984,2021
2021-05-27 00:00:00+00:00,BTCUSDT_210625,0.07980959421638717,29,38774.3,38529.98,0.006341036252808844,BTCUSDT_210625,False,38774.3,38529.98,0.002281599938541266,0.001140799969270633,0.0,0.0,0.001140799969270633,1.026600284591801,2021
2021-05-28 00:00:00+00:00,BTCUSDT_210625,0.05717096311742393,28,35819.9,35663.49,0.004385717718596904,BTCUSDT_210625,False,35819.9,35663.49,0.0021214973632699293,0.0010607486816349646,0.0,0.0,0.0010607486816349646,1.0276892494902479,2021
2021-05-29 00:00:00+00:00,BTCUSDT_210625,0.031545026401283344,27,34685.9,34605.15,0.0023334677063963022,BTCUSDT_210625,False,34685.9,34605.15,-0.0011061937312800583,-0.0005530968656400292,0.0,0.0,-0.0005530968656400292,1.027120837787503,2021
2021-05-30 00:00:00+00:00,BTCUSDT_210625,0.04688379726432765,26,35760.3,35641.27,0.003339667750335668,BTCUSDT_210625,False,35760.3,35641.27,-0.002695190154559523,-0.0013475950772797614,0.0,0.0,-0.0013475950772797614,1.025736694802729,2021
2021-05-31 00:00:00+00:00,BTCUSDT_210625,0.08429510968140051,25,37468.9,37253.81,0.0057736376494109945,BTCUSDT_210625,False,37468.9,37253.81,-0.001970805133756742,-0.000985402566878371,0.0,0.0,-0.000985402566878371,1.024725931230729,2021
2021-06-01 00:00:00+00:00,BTCUSDT_210625,0.11957990591689148,24,36981.6,36693.09,0.007862788334261357,BTCUSDT_210625,False,36981.6,36693.09,0.00045485403382496077,0.00022742701691248038,0.0,0.0,0.00022742701691248038,1.0249589815924218,2021
2021-06-02 00:00:00+00:00,BTCUSDT_210625,0.11482078202884158,23,37840.5,37568.68,0.007235282155242072,BTCUSDT_210625,False,37840.5,37568.68,0.001001099852323813,0.0005005499261619065,0.0,0.0,0.0005005499261619065,1.025472024734977,2021
2021-06-03 00:00:00+00:00,BTCUSDT_210625,0.09900827094857448,22,39481.0,39246.79,0.00596762181059901,BTCUSDT_210625,False,39481.0,39246.79,0.001890855277590833,0.0009454276387954165,0.0,0.0,0.0009454276387954165,1.0264415343299729,2021
2021-06-04 00:00:00+00:00,BTCUSDT_210625,0.0755098531307497,21,36989.0,36829.0,0.004344402508892449,BTCUSDT_210625,False,36989.0,36829.0,0.004140758641288115,0.0020703793206440575,0.0,0.0,0.0020703793206440575,1.0285666576564998,2021
2021-06-05 00:00:00+00:00,BTCUSDT_210625,0.0038542006915738376,20,35520.7,35513.2,0.00021118907899034728,BTCUSDT_210625,False,35520.7,35513.2,-0.00023343432864402177,-0.00011671716432201089,0.0,0.0,-0.00011671716432201089,1.0284466062729019,2021
2021-06-06 00:00:00+00:00,BTCUSDT_210625,0.008473896067117884,19,35812.1,35796.31,0.0004411069185623008,BTCUSDT_210625,False,35812.1,35796.31,0.0005497773373847833,0.00027488866869239165,0.0,0.0,0.00027488866869239165,1.0287293145913212,2021
2021-06-07 00:00:00+00:00,BTCUSDT_210625,-0.0023509387909483458,18,33548.9,33552.79,-0.00011593670749882253,BTCUSDT_210625,False,33548.9,33552.79,0.0005519660213054354,0.0002759830106527177,0.0,0.0,0.0002759830106527177,1.0290132264047087,2021
2021-06-08 00:00:00+00:00,BTCUSDT_210625,-0.014414146401865622,17,33358.4,33380.81,-0.0006713438050183989,BTCUSDT_210625,False,33358.4,33380.81,-0.0032162191390800077,-0.0016081095695400038,0.0,0.0,-0.0016081095695400038,1.027358460388144,2021
2021-06-09 00:00:00+00:00,BTCUSDT_210625,0.05183265441765306,16,37473.0,37388.05,0.0022721163580341065,BTCUSDT_210625,False,37473.0,37388.05,-0.0026005635490485113,-0.0013002817745242556,0.0,0.0,-0.0013002817745242556,1.026022604906198,2021
2021-06-10 00:00:00+00:00,BTCUSDT_210625,0.12087142847275183,15,36857.9,36675.72,0.004967318978332267,BTCUSDT_210625,False,36857.9,36675.72,0.0005878548532927219,0.00029392742664636096,0.0,0.0,0.00029392742664636096,1.0263241810901391,2021
2021-06-11 00:00:00+00:00,BTCUSDT_210625,0.1121717320416098,14,37492.6,37331.98,0.004302477393376814,BTCUSDT_210625,False,37492.6,37331.98,0.0016267553984545132,0.0008133776992272566,0.0,0.0,0.0008133776992272566,1.0271589702912154,2021
2021-06-12 00:00:00+00:00,BTCUSDT_210625,0.07890044356903834,13,35646.0,35546.11,0.002810152784650681,BTCUSDT_210625,False,35646.0,35546.11,-0.0008029007956145096,-0.0004014503978072548,0.0,0.0,-0.0004014503978072548,1.0267466169139807,2021
2021-06-13 00:00:00+00:00,BTCUSDT_210625,0.10011162061446076,12,39149.0,39020.57,0.0032913409517082988,BTCUSDT_210625,False,39149.0,39020.57,0.0006386375186215438,0.0003193187593107719,0.0,0.0,0.0003193187593107719,1.02707447636982,2021
2021-06-14 00:00:00+00:00,BTCUSDT_210625,0.08477207562686681,11,40619.8,40516.29,0.002554774881905575,BTCUSDT_210625,False,40619.8,40516.29,9.00872217076503e-05,4.504361085382515e-05,0.0,0.0,4.504361085382515e-05,1.0271207395128517,2021
2021-06-15 00:00:00+00:00,BTCUSDT_210625,0.09079529613860542,10,40243.9,40144.04,0.0024875423599617923,BTCUSDT_210625,False,40243.9,40144.04,0.001150108459437703,0.0005750542297188516,0.0,0.0,0.0005750542297188516,1.0277113896385406,2021
2021-06-16 00:00:00+00:00,BTCUSDT_210625,0.05677924352617126,9,38402.7,38349.01,0.0014000361417412092,BTCUSDT_210625,False,38402.7,38349.01,-0.0007702936790285035,-0.00038514683951425174,0.0,0.0,-0.00038514683951425174,1.0273155698448884,2021
2021-06-17 00:00:00+00:00,BTCUSDT_210625,0.09968686479420781,8,38176.2,38092.97,0.002184917584530582,BTCUSDT_210625,False,38176.2,38092.97,0.0,0.0,0.0,0.0,0.0,1.0273155698448884,2021
2021-06-18 00:00:00+00:00,BTCUSDT_210924,0.033331317196827526,98,36140.4,35819.84,0.008949230370655061,BTCUSDT_210625,True,36140.4,35819.84,-0.004693488301455153,-0.0023467441507275767,-0.001,-0.0005,-0.0028467441507275767,1.024391065255481,2021
2021-06-19 00:00:00+00:00,BTCUSDT_210924,0.05182228421034811,97,35972.4,35483.72,0.013771949502476073,BTCUSDT_210924,False,35972.4,35483.72,-0.0019856993573390594,-0.0009928496786695297,0.0,0.0,-0.0009928496786695297,1.0233739989155102,2021
2021-06-20 00:00:00+00:00,BTCUSDT_210924,0.05971593596770346,96,36159.3,35600.16,0.015706109186026114,BTCUSDT_210924,False,36159.3,35600.16,0.006678902566730049,0.0033394512833650244,0.0,0.0,0.0033394512833650244,1.026791506529551,2021
2021-06-21 00:00:00+00:00,BTCUSDT_210924,0.03906292836932628,95,31930.3,31608.93,0.010167063548180814,BTCUSDT_210924,False,31930.3,31608.93,0.002633116654059456,0.001316558327029728,0.0,0.0,0.001316558327029728,1.028143337437596,2021
2021-06-22 00:00:00+00:00,BTCUSDT_210924,0.028443711732533048,94,32747.7,32509.56,0.007325229870844128,BTCUSDT_210924,False,32747.7,32509.56,-0.003875475398621143,-0.0019377376993105714,0.0,0.0,-0.0019377376993105714,1.026151065332348,2021
2021-06-23 00:00:00+00:00,BTCUSDT_210924,0.04243450903188299,93,34042.2,33678.07,0.010812080383466077,BTCUSDT_210924,False,34042.2,33678.07,-0.0016533013916773605,-0.0008266506958386802,0.0,0.0,-0.0008266506958386802,1.0253027968401554,2021
2021-06-24 00:00:00+00:00,BTCUSDT_210924,0.04804968464953011,92,35082.9,34663.09,0.012111153391114439,BTCUSDT_210924,False,35082.9,34663.09,-0.0005262081366662443,-0.00026310406833312215,0.0,0.0,-0.00026310406833312215,1.0250330355030335,2021
2021-06-25 00:00:00+00:00,BTCUSDT_210924,0.05562907494870841,91,32022.5,31584.45,0.01386916663104785,BTCUSDT_210924,False,32022.5,31584.45,0.003093294326796912,0.001546647163398456,0.0,0.0,0.001546647163398456,1.026618399939784,2021
2021-06-26 00:00:00+00:00,BTCUSDT_210924,0.04275564669215926,90,32624.0,32283.65,0.010542488225463928,BTCUSDT_210924,False,32624.0,32283.65,-0.00027599109766099844,-0.00013799554883049922,0.0,0.0,-0.00013799554883049922,1.0264767311702447,2021
2021-06-27 00:00:00+00:00,BTCUSDT_210924,0.04127793638236111,89,35049.6,34700.34,0.010065031063096272,BTCUSDT_210924,False,35049.6,34700.34,-0.0028112116480701814,-0.0014056058240350907,0.0,0.0,-0.0014056058240350907,1.0250339094986753,2021
2021-06-28 00:00:00+00:00,BTCUSDT_210924,0.05372523358466321,88,34941.7,34494.89,0.01295293302863113,BTCUSDT_210924,False,34941.7,34494.89,0.00038672394664843933,0.00019336197332421966,0.0,0.0,0.00019336197332421966,1.0252321120781402,2021
2021-06-29 00:00:00+00:00,BTCUSDT_210924,0.0506403070663188,87,36345.2,35911.73,0.012070429355533522,BTCUSDT_210924,False,36345.2,35911.73,-0.0003377726442030127,-0.00016888632210150634,0.0,0.0,-0.00016888632210150634,1.025058964397431,2021
2021-06-30 00:00:00+00:00,BTCUSDT_210924,0.05396516770796334,86,35490.6,35045.0,0.012715080610643416,BTCUSDT_210924,False,35490.6,35045.0,0.0024736767013840014,0.0012368383506920007,0.0,0.0,0.0012368383506920007,1.0263267966363183,2021
2021-07-01 00:00:00+00:00,BTCUSDT_210924,0.04599958288543681,85,33863.6,33504.69,0.010712231630855149,BTCUSDT_210924,False,33863.6,33504.69,0.0010195587543115967,0.0005097793771557984,0.0,0.0,0.0005097793771557984,1.026849996871466,2021
2021-07-02 00:00:00+00:00,BTCUSDT_210924,0.041765615945652076,84,34111.3,33786.55,0.009611812984752808,BTCUSDT_210924,False,34111.3,33786.55,-0.00023145304862437,-0.000115726524312185,0.0,0.0,-0.000115726524312185,1.0267311630903382,2021
2021-07-03 00:00:00+00:00,BTCUSDT_210924,0.04218469360223411,83,35001.7,34669.13,0.009592683750645018,BTCUSDT_210924,False,35001.7,34669.13,0.0009022435809608963,0.00045112179048044815,0.0,0.0,0.00045112179048044815,1.0271943438909734,2021
2021-07-04 00:00:00+00:00,BTCUSDT_210924,0.038006250174054394,82,35587.8,35286.51,0.008538390450061535,BTCUSDT_210924,False,35587.8,35286.51,0.0010579113661283517,0.0005289556830641759,0.0,0.0,0.0005289556830641759,1.0277376841767858,2021
2021-07-05 00:00:00+00:00,BTCUSDT_210924,0.03530556366687836,81,33954.1,33690.14,0.007834933306896295,BTCUSDT_210924,False,33954.1,33690.14,-0.00222112463765368,-0.00111056231882684,0.0,0.0,-0.00111056231882684,1.0265963174311006,2021
2021-07-06 00:00:00+00:00,BTCUSDT_210924,0.045170336741573246,80,34558.8,34220.01,0.009900347778974958,BTCUSDT_210924,False,34558.8,34220.01,0.0015549381779843548,0.0007774690889921774,0.0,0.0,0.0007774690889921774,1.0273944643347763,2021
2021-07-07 00:00:00+00:00,BTCUSDT_210924,0.0389654250452763,79,34147.7,33862.12,0.008433612544046103,BTCUSDT_210924,False,34147.7,33862.12,0.0012813728142240398,0.0006406864071120199,0.0,0.0,0.0006406864071120199,1.0280527020028178,2021
2021-07-08 00:00:00+00:00,BTCUSDT_210924,0.03447301974618985,78,33117.9,32875.71,0.007366837096446049,BTCUSDT_210924,False,33117.9,32875.71,-0.003817408049894588,-0.001908704024947294,0.0,0.0,-0.001908704024947294,1.0260904536726472,2021
2021-07-09 00:00:00+00:00,BTCUSDT_210924,0.05154234377044688,77,34183.5,33815.81,0.010873316357053176,BTCUSDT_210924,False,34183.5,33815.81,0.002790410757571913,0.0013952053787859564,0.0,0.0,0.0013952053787859564,1.0275220605927322,2021
2021-07-10 00:00:00+00:00,BTCUSDT_210924,0.03918181604959985,76,33776.2,33502.87,0.008158405533615312,BTCUSDT_210924,False,33776.2,33502.87,-0.005106428195554858,-0.002553214097777429,0.0,0.0,-0.002553214097777429,1.0248985767818495,2021
2021-07-11 00:00:00+00:00,BTCUSDT_210924,0.06313073833564126,75,34703.4,34258.99,0.012972069521022176,BTCUSDT_210924,False,34703.4,34258.99,0.0016970727975342945,0.0008485363987671472,0.0,0.0,0.0008485363987671472,1.0257682405292936,2021
2021-07-12 00:00:00+00:00,BTCUSDT_210924,0.05758370301465262,74,33472.9,33086.63,0.011674504172833682,BTCUSDT_210924,False,33472.9,33086.63,0.0027636540802132453,0.0013818270401066226,0.0,0.0,0.0013818270401066226,1.0271856748209396,2021
2021-07-13 00:00:00+00:00,BTCUSDT_210924,0.04504003541729717,73,33024.6,32729.77,0.009008007083459434,BTCUSDT_210924,False,33024.6,32729.77,0.0023480152778340606,0.0011740076389170303,0.0,0.0,0.0011740076389170303,1.0283915986497656,2021
2021-07-14 00:00:00+00:00,BTCUSDT_210924,0.033669616898466745,72,33038.0,32820.02,0.006641677853944124,BTCUSDT_210924,False,33038.0,32820.02,0.0004381472040542528,0.0002190736020271264,0.0,0.0,0.0002190736020271264,1.0286168921015761,2021
2021-07-15 00:00:00+00:00,BTCUSDT_210924,0.03283174580734067,71,32083.6,31880.0,0.00638644918444161,BTCUSDT_210924,False,32083.6,31880.0,0.0015329360100376091,0.0007664680050188046,0.0,0.0,0.0007664680050188046,1.0294052940387939,2021
2021-07-16 00:00:00+00:00,BTCUSDT_210924,0.02570767813438643,70,31538.6,31383.87,0.004930239642211096,BTCUSDT_210924,False,31538.6,31383.87,-1.911810111379453e-05,-9.559050556897266e-06,0.0,0.0,-9.559050556897266e-06,1.0293954539015446,2021
2021-07-17 00:00:00+00:00,BTCUSDT_210924,0.026068253922209135,69,31675.4,31520.07,0.004927971289403918,BTCUSDT_210924,False,31675.4,31520.07,-0.002690666613367219,-0.0013453333066836095,0.0,0.0,-0.0013453333066836095,1.0280105739116623,2021
2021-07-18 00:00:00+00:00,BTCUSDT_210924,0.0405615221301997,68,32018.7,31778.56,0.007556667136585151,BTCUSDT_210924,False,32018.7,31778.56,0.005427873383816057,0.0027139366919080284,0.0,0.0,0.0027139366919080284,1.0308005295278706,2021
2021-07-19 00:00:00+00:00,BTCUSDT_210924,0.011950234350133919,67,30907.3,30839.65,0.0021936046615314317,BTCUSDT_210924,False,30907.3,30839.65,-0.00018806957925926235,-9.403478962963117e-05,0.0,0.0,-9.403478962963117e-05,1.0307035984169264,2021
2021-07-20 00:00:00+00:00,BTCUSDT_210924,0.013635313367441525,66,29863.8,29790.35,0.0024655635130168235,BTCUSDT_210924,False,29863.8,29790.35,-0.003250717094629642,-0.001625358547314821,0.0,0.0,-0.001625358547314821,1.0290283355134913,2021
2021-07-21 00:00:00+00:00,BTCUSDT_210924,0.02974827882440426,65,32314.8,32144.51,0.005297638694756923,BTCUSDT_210924,False,32314.8,32144.51,0.00033660491324967614,0.00016830245662483807,0.0,0.0,0.00016830245662483807,1.0292015235102947,2021
2021-07-22 00:00:00+00:00,BTCUSDT_210924,0.028167806376271982,64,32447.3,32287.83,0.004939012624880567,BTCUSDT_210924,False,32447.3,32287.83,-0.0017139584790928167,-0.0008569792395464083,0.0,0.0,-0.0008569792395464083,1.0283195191713368,2021
2021-07-23 00:00:00+00:00,BTCUSDT_210924,0.03700216438096454,63,33848.9,33634.09,0.006386674947947305,BTCUSDT_210924,False,33848.9,33634.09,-0.002192715783301785,-0.0010963578916508925,0.0,0.0,-0.0010963578916508925,1.0271921129513546,2021
2021-07-24 00:00:00+00:00,BTCUSDT_210924,0.04958764968446263,62,34546.7,34258.14,0.008423107617634748,BTCUSDT_210924,False,34546.7,34258.14,-0.0009580204879776598,-0.0004790102439888299,0.0,0.0,-0.0004790102439888299,1.0267000774067063,2021
2021-07-25 00:00:00+00:00,BTCUSDT_210924,0.05435149906390105,61,35702.4,35381.02,0.009083401213419079,BTCUSDT_210924,False,35702.4,35381.02,0.0009462700623103349,0.00047313503115516744,0.0,0.0,0.00047313503115516744,1.027185845179817,2021
2021-07-26 00:00:00+00:00,BTCUSDT_210924,0.047032882534499415,60,37525.5,37237.6,0.007731432745397165,BTCUSDT_210924,False,37525.5,37237.6,-0.0022297355361247458,-0.0011148677680623729,0.0,0.0,-0.0011148677680623729,1.026040668789216,2021
2021-07-27 00:00:00+00:00,BTCUSDT_210924,0.05815662225756149,59,39828.8,39457.87,0.00940065948820857,BTCUSDT_210924,False,39828.8,39457.87,-0.0009075502555004856,-0.0004537751277502428,0.0,0.0,-0.0004537751277502428,1.0255750770536594,2021
2021-07-28 00:00:00+00:00,BTCUSDT_210924,0.06396014590244763,58,40426.3,40019.56,0.010163530033813597,BTCUSDT_210924,False,40426.3,40019.56,-0.001156434503527564,-0.000578217251763782,0.0,0.0,-0.000578217251763782,1.024982071851128,2021
2021-07-29 00:00:00+00:00,BTCUSDT_210924,0.07249307145105287,57,40469.5,40016.48,0.011320835815643873,BTCUSDT_210924,False,40469.5,40016.48,-0.0008648936638105245,-0.00043244683190526225,0.0,0.0,-0.00043244683190526225,1.0245388216013962,2021
2021-07-30 00:00:00+00:00,BTCUSDT_210924,0.07530386239260595,56,42694.0,42206.37,0.011553469298591596,BTCUSDT_210924,False,42694.0,42206.37,0.0008709585780535506,0.0004354792890267753,0.0,0.0,0.0004354792890267753,1.0249849870390075,2021
2021-07-31 00:00:00+00:00,BTCUSDT_210924,0.07216606871253009,55,41912.7,41461.83,0.010874339121066178,BTCUSDT_210924,False,41912.7,41461.83,0.002146793810113899,0.0010733969050569494,0.0,0.0,0.0010733969050569494,1.026085202751825,2021
2021-08-01 00:00:00+00:00,BTCUSDT_210924,0.0613848298715125,54,40207.3,39845.44,0.009081591268662124,BTCUSDT_210924,False,40207.3,39845.44,-0.0005676935679466112,-0.0002838467839733056,0.0,0.0,-0.0002838467839733056,1.0257939517669412,2021
2021-08-02 00:00:00+00:00,BTCUSDT_210924,0.0676368176379725,53,39532.3,39147.82,0.009821236533732994,BTCUSDT_210924,False,39532.3,39147.82,0.0009816638576556132,0.0004908319288278066,0.0,0.0,0.0004908319288278066,1.0262974441908668,2021
2021-08-03 00:00:00+00:00,BTCUSDT_210924,0.06357478024846924,52,38553.1,38207.05,0.009057228966905207,BTCUSDT_210924,False,38553.1,38207.05,-0.001245058176436207,-0.0006225290882181035,0.0,0.0,-0.0006225290882181035,1.025658544178694,2021
2021-08-04 00:00:00+00:00,BTCUSDT_210924,0.07091789513642938,51,40116.8,39723.18,0.009909075758788763,BTCUSDT_210924,False,40116.8,39723.18,-0.0006424460478742336,-0.0003212230239371168,0.0,0.0,-0.0003212230239371168,1.0253290790396061,2021
2021-08-05 00:00:00+00:00,BTCUSDT_210924,0.07487855601449339,50,41281.6,40862.46,0.01025733644034156,BTCUSDT_210924,False,41281.6,40862.46,-0.0002909761184226162,-0.0001454880592113081,0.0,0.0,-0.0001454880592113081,1.0251799059018438,2021
2021-08-06 00:00:00+00:00,BTCUSDT_210924,0.0749525741135937,49,43267.9,42836.87,0.010062126387852305,BTCUSDT_210924,False,43267.9,42836.87,-0.0004652534137064704,-0.0002326267068532352,0.0,0.0,-0.0002326267068532352,1.024941421676402,2021
2021-08-07 00:00:00+00:00,BTCUSDT_210924,0.07693470015395115,48,45023.5,44572.54,0.01011744002024563,BTCUSDT_210924,False,45023.5,44572.54,0.0003551514003914012,0.0001775757001957006,0.0,0.0,0.0001775757001957006,1.0251234263670155,2021
2021-08-08 00:00:00+00:00,BTCUSDT_210924,0.07716062735529171,47,44229.5,43794.37,0.009935752015612906,BTCUSDT_210924,False,44229.5,43794.37,-0.0020201226778693506,-0.0010100613389346753,0.0,0.0,-0.0010100613389346753,1.0240879888264058,2021
2021-08-09 00:00:00+00:00,BTCUSDT_210924,0.08982371401698105,46,46777.0,46253.4,0.011320248889811311,BTCUSDT_210924,False,46777.0,46253.4,0.0017531684157272008,0.0008765842078636004,0.0,0.0,0.0008765842078636004,1.0249856881848738,2021
2021-08-10 00:00:00+00:00,BTCUSDT_210924,0.0787374918318024,45,46027.5,45584.99,0.00970736200666057,BTCUSDT_210924,False,46027.5,45584.99,0.0006517496219698442,0.0003258748109849221,0.0,0.0,0.0003258748109849221,1.0253197052022733,2021
2021-08-11 00:00:00+00:00,BTCUSDT_210924,0.07524254875444751,44,45923.8,45511.0,0.009070334644371755,BTCUSDT_210924,False,45923.8,45511.0,0.00018237349212284746,9.118674606142373e-05,0.0,0.0,9.118674606142373e-05,1.0254132007698633,2021
2021-08-12 00:00:00+00:00,BTCUSDT_210924,0.07733387039410589,43,44803.5,44399.0,0.009110565553278226,BTCUSDT_210924,False,44803.5,44399.0,-0.00448433523277548,-0.00224216761638774,0.0,0.0,-0.00224216761638774,1.0231140524976807,2021
2021-08-13 00:00:00+00:00,BTCUSDT_210924,0.1097399880454271,42,48403.6,47800.0,0.012627615062761477,BTCUSDT_210924,False,48403.6,47800.0,0.0014981171548117277,0.0007490585774058638,0.0,0.0,0.0007490585774058638,1.0238804248543687,2021
2021-08-14 00:00:00+00:00,BTCUSDT_210924,0.10061947014225323,41,47600.5,47068.51,0.01130246102967776,BTCUSDT_210924,False,47600.5,47068.51,0.000775677836413236,0.000387838918206618,0.0,0.0,0.000387838918206618,1.024277525530717,2021
2021-08-15 00:00:00+00:00,BTCUSDT_210924,0.09625052848586786,40,47469.3,46973.82,0.010548003121738944,BTCUSDT_210924,False,47469.3,46973.82,0.0021856855584665145,0.0010928427792332572,0.0,0.0,0.0010928427792332572,1.0253968998284242,2021
2021-08-16 00:00:00+00:00,BTCUSDT_210924,0.08009140305095339,39,46294.1,45901.29,0.008557711558868992,BTCUSDT_210924,False,46294.1,45901.29,0.0006439906155142409,0.00032199530775712046,0.0,0.0,0.00032199530775712046,1.0257270728187577,2021
2021-08-17 00:00:00+00:00,BTCUSDT_210924,0.07806326618195301,38,45059.2,44695.95,0.008127134561408808,BTCUSDT_210924,False,45059.2,44695.95,0.0004640241453643555,0.00023201207268217774,0.0,0.0,0.00023201207268217774,1.0259650538829286,2021
2021-08-18 00:00:00+00:00,BTCUSDT_210924,0.0755797549879418,37,45047.8,44705.29,0.007661509409736566,BTCUSDT_210924,False,45047.8,44705.29,-0.0033702946564041583,-0.0016851473282020791,0.0,0.0,-0.0016851473282020791,1.024236151613549,2021
2021-08-19 00:00:00+00:00,BTCUSDT_210924,0.10693393762149059,36,47253.8,46760.62,0.010546908916092222,BTCUSDT_210924,False,47253.8,46760.62,0.0006276649026466831,0.00031383245132334155,0.0,0.0,0.00031383245132334155,1.024557590155744,2021
2021-08-20 00:00:00+00:00,BTCUSDT_210924,0.09807060120294672,35,49786.3,49322.47,0.009404030252337357,BTCUSDT_210924,False,49786.3,49322.47,0.000656901408222286,0.000328450704111143,0.0,0.0,0.000328450704111143,1.0248941068176332,2021
2021-08-21 00:00:00+00:00,BTCUSDT_210924,0.09486584477768821,34,49253.3,48821.87,0.00883681841764767,BTCUSDT_210924,False,49253.3,48821.87,-0.0020247073698733487,-0.0010123536849366743,0.0,0.0,-0.0010123536849366743,1.0238565514919264,2021
2021-08-22 00:00:00+00:00,BTCUSDT_210924,0.1191167971754664,33,49769.5,49239.22,0.01076946385422025,BTCUSDT_210924,False,49769.5,49239.22,0.0012374282127133674,0.0006187141063566837,0.0,0.0,0.0006187141063566837,1.0244900259832201,2021
2021-08-23 00:00:00+00:00,BTCUSDT_210924,0.10817635563364239,32,49958.2,49488.85,0.009483954466511114,BTCUSDT_210924,False,49958.2,49488.85,0.0032766976803866627,0.0016383488401933313,0.0,0.0,0.0016383488401933313,1.0261684980290795,2021
2021-08-24 00:00:00+00:00,BTCUSDT_210924,0.07586763765265338,31,47981.2,47674.01,0.006443552786937684,BTCUSDT_210924,False,47981.2,47674.01,-0.0018372694052798113,-0.0009186347026399057,0.0,0.0,-0.0009186347026399057,1.0252258240360341,2021
2021-08-25 00:00:00+00:00,BTCUSDT_210924,0.09807700737190479,30,49368.1,48973.32,0.008061123893581216,BTCUSDT_210924,False,49368.1,48973.32,0.002863804210129107,0.0014319021050645535,0.0,0.0,0.0014319021050645535,1.026693847051638,2021
2021-08-26 00:00:00+00:00,BTCUSDT_210924,0.0683881848655821,29,47098.4,46843.87,0.00543358181123803,BTCUSDT_210924,False,47098.4,46843.87,-0.0024244367512760946,-0.0012122183756380473,0.0,0.0,-0.0012122183756380473,1.0254492699040876,2021
2021-08-27 00:00:00+00:00,BTCUSDT_210924,0.09778798058629444,28,49438.0,49069.9,0.0075015437162088885,BTCUSDT_210924,False,49438.0,49069.9,-0.00019462032732903286,-9.731016366451643e-05,0.0,0.0,-9.731016366451643e-05,1.0253494832678036,2021
2021-08-28 00:00:00+00:00,BTCUSDT_210924,0.10441214795514375,27,49273.0,48895.35,0.007723638341887346,BTCUSDT_210924,False,49273.0,48895.35,0.001695048711176107,0.0008475243555880535,0.0,0.0,0.0008475243555880535,1.0262184919278627,2021
2021-08-29 00:00:00+00:00,BTCUSDT_210924,0.08485342299815807,26,49062.6,48767.83,0.006044353419046876,BTCUSDT_210924,False,49062.6,48767.83,0.00033587715508353314,0.00016793857754176657,0.0,0.0,0.00016793857754176657,1.026390833601644,2021
2021-08-30 00:00:00+00:00,BTCUSDT_210924,0.08651005227219837,25,47261.3,46982.91,0.005925346046040984,BTCUSDT_210924,False,47261.3,46982.91,-0.0007964598191129126,-0.0003982299095564563,0.0,0.0,-0.0003982299095564563,1.0259820940728093,2021
2021-08-31 00:00:00+00:00,BTCUSDT_210924,0.10197140117734431,24,47416.7,47100.89,0.0067049688445377075,BTCUSDT_210924,False,47416.7,47100.89,-0.0011755616507459331,-0.0005877808253729666,0.0,0.0,-0.0005877808253729666,1.0253790414707373,2021
2021-09-01 00:00:00+00:00,BTCUSDT_210924,0.12068023896060337,23,49181.7,48810.52,0.007604508208476376,BTCUSDT_210924,False,49181.7,48810.52,-0.0009870822929155497,-0.0004935411464577748,0.0,0.0,-0.0004935411464577748,1.024872974723056,2021
2021-09-02 00:00:00+00:00,BTCUSDT_210924,0.1412799662345217,22,49666.0,49246.64,0.008515504814135554,BTCUSDT_210924,False,49666.0,49246.64,-0.000609178616043653,-0.0003045893080218265,0.0,0.0,-0.0003045893080218265,1.0245608093728749,2021
2021-09-03 00:00:00+00:00,BTCUSDT_210924,0.15620878202914631,21,50448.5,49999.14,0.00898735458249883,BTCUSDT_210924,False,50448.5,49999.14,0.0011440196771383886,0.0005720098385691943,0.0,0.0,0.0005720098385691943,1.0251468682360485,2021
2021-09-04 00:00:00+00:00,BTCUSDT_210924,0.14338031126116113,20,50307.8,49915.64,0.007856455411570472,BTCUSDT_210924,False,50307.8,49915.64,-0.002401251391347493,-0.0012006256956737466,0.0,0.0,-0.0012006256956737466,1.0239160505642049,2021
2021-09-05 00:00:00+00:00,BTCUSDT_210924,0.1900457230847494,19,52268.9,51756.88,0.009892791064685586,BTCUSDT_210924,False,52268.9,51756.88,-0.0004633200455668102,-0.0002316600227834051,0.0,0.0,-0.0002316600227834051,1.023678850148603,2021
2021-09-06 00:00:00+00:00,BTCUSDT_210924,0.2063821496108129,18,53199.9,52663.9,0.010177749843820909,BTCUSDT_210924,False,53199.9,52663.9,0.006519266518431065,0.0032596332592155323,0.0,0.0,0.0032596332592155323,1.0270156677753028,2021
2021-09-07 00:00:00+00:00,BTCUSDT_210924,0.08827163854208958,17,47056.4,46863.73,0.004111281795111022,BTCUSDT_210924,False,47056.4,46863.73,0.0013652349055441365,0.0006826174527720683,0.0,0.0,0.0006826174527720683,1.0277167265943967,2021
2021-09-08 00:00:00+00:00,BTCUSDT_210924,0.06375349334210209,16,46177.0,46048.31,0.0027946736807496807,BTCUSDT_210924,False,46177.0,46048.31,0.000148322490011072,7.4161245005536e-05,0.0,0.0,7.4161245005536e-05,1.027792943346354,2021
2021-09-09 00:00:00+00:00,BTCUSDT_210924,0.06391315986976252,15,46517.0,46395.14,0.0026265682138258573,BTCUSDT_210924,False,46517.0,46395.14,0.001010235123765175,0.0005051175618825875,0.0,0.0,0.0005051175618825875,1.0283120996120172,2021
2021-09-10 00:00:00+00:00,BTCUSDT_210924,0.04359100915837327,14,44925.9,44850.91,0.0016719839129239063,BTCUSDT_210924,False,44925.9,44850.91,-0.0007696610837995661,-0.00038483054189978304,0.0,0.0,-0.00038483054189978304,1.0279163737094814,2021
2021-09-11 00:00:00+00:00,BTCUSDT_210924,0.06806404006743082,13,45283.2,45173.69,0.0024241986873331524,BTCUSDT_210924,False,45283.2,45173.69,0.0004726202353624702,0.0002363101176812351,0.0,0.0,0.0002363101176812351,1.0281592807487192,2021
2021-09-12 00:00:00+00:00,BTCUSDT_210924,0.05826223466370713,12,46113.4,46025.24,0.0019154707286698233,BTCUSDT_210924,False,46113.4,46025.24,0.0005429629481563863,0.00027148147407819316,0.0,0.0,0.00027148147407819316,1.028438406945844,2021
2021-09-13 00:00:00+00:00,BTCUSDT_210924,0.04664133080493789,11,45003.9,44940.73,0.0014056291475460735,BTCUSDT_210924,False,45003.9,44940.73,-3.359981023899784e-05,-1.679990511949892e-05,0.0,0.0,-1.679990511949892e-05,1.0284211292781862,2021
2021-09-14 00:00:00+00:00,BTCUSDT_210924,0.050111310354665074,10,47176.2,47111.52,0.0013729126124565774,BTCUSDT_210924,False,47176.2,47111.52,0.000502849409231592,0.000251424704615796,0.0,0.0,0.000251424704615796,1.0286796997568355,2021
2021-09-15 00:00:00+00:00,BTCUSDT_210924,0.03454537641815025,9,48162.4,48121.41,0.000851803802091376,BTCUSDT_210924,False,48162.4,48121.41,-0.0011011730537406372,-0.0005505865268703186,0.0,0.0,-0.0005505865268703186,1.0281133225736843,2021
2021-09-16 00:00:00+00:00,BTCUSDT_210924,0.089820555274626,8,47831.8,47737.82,0.001968669704649337,BTCUSDT_210924,False,47831.8,47737.82,0.0004411596507759455,0.00022057982538797275,0.0,0.0,0.00022057982538797275,1.0283401036308566,2021
2021-09-17 00:00:00+00:00,BTCUSDT_210924,0.08038602009677492,7,47372.9,47299.98,0.0015416497004860942,BTCUSDT_210924,False,47372.9,47299.98,0.000599577420539994,0.000299788710269997,0.0,0.0,0.000299788710269997,1.028648388384243,2021
2021-09-18 00:00:00+00:00,BTCUSDT_210924,0.056131280464385216,6,48337.3,48292.74,0.0009227059802364693,BTCUSDT_210924,False,48337.3,48292.74,6.025750454423362e-05,3.012875227211681e-05,0.0,0.0,3.012875227211681e-05,1.0286793802767118,2021
2021-09-19 00:00:00+00:00,BTCUSDT_210924,0.06435938550117441,5,47283.4,47241.75,0.000881635417824307,BTCUSDT_210924,False,47283.4,47241.75,0.00010732032577131424,5.366016288565712e-05,0.0,0.0,5.366016288565712e-05,1.0287345793798144,2021
2021-09-20 00:00:00+00:00,BTCUSDT_210924,0.07759797487516151,4,43052.2,43015.62,0.0008503887657551947,BTCUSDT_210924,False,43052.2,43015.62,-0.0005914130727398466,-0.0002957065363699233,0.0,0.0,-0.0002957065363699233,1.028430375840502,2021
2021-09-21 00:00:00+00:00,BTCUSDT_210924,0.1852431942419932,3,40796.4,40734.38,0.0015225468019889853,BTCUSDT_210924,False,40796.4,40734.38,0.0,0.0,0.0,0.0,0.0,1.028430375840502,2021
2021-09-22 00:00:00+00:00,BTCUSDT_211231,0.08098153781921129,100,44509.7,43543.61,0.022186722690194876,BTCUSDT_210924,True,44509.7,43543.61,0.0013009945661372922,0.0006504972830686461,-0.001,-0.0005,0.00015049728306864608,1.0285851518178912,2021
2021-09-23 00:00:00+00:00,BTCUSDT_211231,0.07473456876402455,99,45774.7,44865.26,0.02027047207572173,BTCUSDT_211231,False,45774.7,44865.26,0.003954284450819993,0.0019771422254099965,0.0,0.0,0.0019771422254099965,1.0306188109539802,2021
2021-09-24 00:00:00+00:00,BTCUSDT_211231,0.0636861005426024,98,43542.6,42810.57,0.017099281789520644,BTCUSDT_211231,False,43542.6,42810.57,-0.00011048673259905676,-5.524336629952838e-05,0.0,0.0,-5.524336629952838e-05,1.0305618761014916,2021
2021-09-25 00:00:00+00:00,BTCUSDT_211231,0.06497076982901862,97,43407.4,42670.64,0.0172662045846981,BTCUSDT_211231,False,43407.4,42670.64,-0.004127896839606798,-0.002063948419803399,0.0,0.0,-0.002063948419803399,1.0284348495458024,2021
2021-09-26 00:00:00+00:00,BTCUSDT_211231,0.08041819968999732,96,44073.8,43160.9,0.02115108813764313,BTCUSDT_211231,False,44073.8,43160.9,0.003200813699436329,0.0016004068497181645,0.0,0.0,0.0016004068497181645,1.0300807637235045,2021
2021-09-27 00:00:00+00:00,BTCUSDT_211231,0.07062534305553204,95,42922.1,42147.35,0.018381938603494644,BTCUSDT_211231,False,42922.1,42147.35,0.0022774860103896917,0.0011387430051948459,0.0,0.0,0.0011387430051948459,1.0312537609879804,2021
2021-09-28 00:00:00+00:00,BTCUSDT_211231,0.06424160161441546,94,41705.3,41026.54,0.01654441247056179,BTCUSDT_211231,False,41705.3,41026.54,-0.00028908116550897497,-0.00014454058275448748,0.0,0.0,-0.00014454058275448748,1.0311047029683995,2021
2021-09-29 00:00:00+00:00,BTCUSDT_211231,0.06527501137797877,93,42214.9,41524.28,0.016631715227813766,BTCUSDT_211231,False,42214.9,41524.28,-0.003713008389308624,-0.001856504194654312,0.0,0.0,-0.001856504194654312,1.0291904527622109,2021
2021-09-30 00:00:00+00:00,BTCUSDT_211231,0.07647965785750432,92,44668.9,43824.1,0.019277064446275062,BTCUSDT_211231,False,44668.9,43824.1,-0.004004417660602225,-0.0020022088303011127,0.0,0.0,-0.0020022088303011127,1.0271297985496288,2021
2021-10-01 00:00:00+00:00,BTCUSDT_211231,0.08500696129651629,91,49161.9,48141.61,0.021193516378035567,BTCUSDT_211231,False,49161.9,48141.61,0.00024074807635232357,0.00012037403817616179,0.0,0.0,0.00012037403817616179,1.0272534383112113,2021
2021-10-02 00:00:00+00:00,BTCUSDT_211231,0.08587902753839888,90,48643.6,47634.9,0.021175650625906574,BTCUSDT_211231,False,48643.6,47634.9,-0.002443376599929871,-0.0012216882999649356,0.0,0.0,-0.0012216882999649356,1.0259984548045278,2021
2021-10-03 00:00:00+00:00,BTCUSDT_211231,0.09572888358461752,89,49325.1,48200.01,0.023342111339810852,BTCUSDT_211231,False,49325.1,48200.01,-0.0023064310567570056,-0.0011532155283785028,0.0,0.0,-0.0011532155283785028,1.0248152574543548,2021
2021-10-04 00:00:00+00:00,BTCUSDT_211231,0.10416811718169278,88,50461.2,49224.94,0.02511450496435333,BTCUSDT_211231,False,50461.2,49224.94,-0.0011427134294121491,-0.0005713567147060746,0.0,0.0,-0.0005713567147060746,1.024229722375675,2021
2021-10-05 00:00:00+00:00,BTCUSDT_211231,0.10535049111735073,87,52764.5,51471.99,0.0251109389786562,BTCUSDT_211231,False,52764.5,51471.99,-0.0019931228615795993,-0.0009965614307897996,0.0,0.0,-0.0009965614307897996,1.0232090145380868,2021
2021-10-06 00:00:00+00:00,BTCUSDT_211231,0.10704264581918768,86,56710.1,55315.0,0.02522100696013737,BTCUSDT_211231,False,56710.1,55315.0,7.086685347551756e-05,3.543342673775878e-05,0.0,0.0,3.543342673775878e-05,1.023245270339741,2021
2021-10-07 00:00:00+00:00,BTCUSDT_211231,0.11106937162728525,85,55176.4,53785.22,0.025865470104984238,BTCUSDT_211231,False,55176.4,53785.22,-0.0004553295496420385,-0.00022766477482101926,0.0,0.0,-0.00022766477482101926,1.0230123134356823,2021
2021-10-08 00:00:00+00:00,BTCUSDT_211231,0.11401779738341887,84,55367.1,53951.43,0.026239712274540236,BTCUSDT_211231,False,55367.1,53951.43,-0.003080733911964875,-0.0015403669559824376,0.0,0.0,-0.0015403669559824376,1.021436499072503,2021
2021-10-09 00:00:00+00:00,BTCUSDT_211231,0.1265968278084737,83,56531.6,54949.72,0.028787771803022787,BTCUSDT_211231,False,56531.6,54949.72,0.000361785282982286,0.000180892641491143,0.0,0.0,0.000180892641491143,1.0216212694189357,2021
2021-10-10 00:00:00+00:00,BTCUSDT_211231,0.12720329457269217,82,56221.0,54659.0,0.0285771785067418,BTCUSDT_211231,False,56221.0,54659.0,-0.007126914140397792,-0.003563457070198896,0.0,0.0,-0.003563457070198896,1.0179807658833593,2021
2021-10-11 00:00:00+00:00,BTCUSDT_211231,0.15301574793246173,81,59422.9,57471.35,0.03395691940419014,BTCUSDT_211231,False,59422.9,57471.35,0.0030759674168086555,0.0015379837084043277,0.0,0.0,0.0015379837084043277,1.019546403716757,2021
2021-10-12 00:00:00+00:00,BTCUSDT_211231,0.1446041439236041,80,57771.7,55996.93,0.031694058942159806,BTCUSDT_211231,False,57771.7,55996.93,-0.002381023388246494,-0.001190511694123247,0.0,0.0,-0.001190511694123247,1.018332621800431,2021
2021-10-13 00:00:00+00:00,BTCUSDT_211231,0.15367554627732202,79,59275.1,57367.0,0.03326128261892723,BTCUSDT_211231,False,59275.1,57367.0,0.00017501350950896636,8.750675475448318e-05,0.0,0.0,8.750675475448318e-05,1.0184217327834253,2021
2021-10-14 00:00:00+00:00,BTCUSDT_211231,0.15487822990498742,78,59246.0,57347.94,0.03309726556873704,BTCUSDT_211231,False,59246.0,57347.94,-0.004117323133141358,-0.002058661566570679,0.0,0.0,-0.002058661566570679,1.0163251471035837,2021
2021-10-15 00:00:00+00:00,BTCUSDT_211231,0.16403714225041816,77,63806.6,61672.42,0.03460509576241698,BTCUSDT_211231,False,63806.6,61672.42,0.0030151241024755815,0.0015075620512377908,0.0,0.0,0.0015075620512377908,1.0178573203270755,2021
2021-10-16 00:00:00+00:00,BTCUSDT_211231,0.153700916821849,76,62823.8,60875.57,0.032003478571124726,BTCUSDT_211231,False,62823.8,60875.57,-0.0035324515236570863,-0.0017662257618285431,0.0,0.0,-0.0017662257618285431,1.0160595545060482,2021
2021-10-17 00:00:00+00:00,BTCUSDT_211231,0.17110677309135455,75,63691.6,61528.33,0.035158925977675594,BTCUSDT_211231,False,63691.6,61528.33,0.00042598263271556125,0.00021299131635778062,0.0,0.0,0.00021299131635778062,1.0162759663680603,2021
2021-10-18 00:00:00+00:00,BTCUSDT_211231,0.16998760283938935,74,64146.9,62009.84,0.03446324002771181,BTCUSDT_211231,False,64146.9,62009.84,-0.0015602362463762642,-0.0007801181231881321,0.0,0.0,-0.0007801181231881321,1.015483151068536,2021
2021-10-19 00:00:00+00:00,BTCUSDT_211231,0.1737546279522324,73,66514.4,64280.59,0.03475092559044648,BTCUSDT_211231,False,66514.4,64280.59,-0.00763807550615195,-0.003819037753075975,0.0,0.0,-0.003819037753075975,1.0116049825769926,2021
2021-10-20 00:00:00+00:00,BTCUSDT_211231,0.20928600658346153,72,68726.2,66001.41,0.04128381499728556,BTCUSDT_211231,False,68726.2,66001.41,0.0048656536277026825,0.0024328268138513413,0.0,0.0,0.0024328268138513413,1.0140660423036316,2021
2021-10-21 00:00:00+00:00,BTCUSDT_211231,0.19868413568891644,71,64596.8,62193.15,0.03864814694222758,BTCUSDT_211231,False,64596.8,62193.15,0.003075419077502974,0.001537709538751487,0.0,0.0,0.001537709538751487,1.0156253813298057,2021
2021-10-22 00:00:00+00:00,BTCUSDT_211231,0.19008600727738292,70,62900.6,60688.22,0.03645485071073097,BTCUSDT_211231,False,62900.6,60688.22,-0.0012847633362784601,-0.0006423816681392301,0.0,0.0,-0.0006423816681392301,1.0149729622031425,2021
2021-10-23 00:00:00+00:00,BTCUSDT_211231,0.1976874212650758,69,63577.1,61286.75,0.03737104675969926,BTCUSDT_211231,False,63577.1,61286.75,0.0011269972710251353,0.0005634986355125677,0.0,0.0,0.0005634986355125677,1.015544898082426,2021
2021-10-24 00:00:00+00:00,BTCUSDT_211231,0.19593446317691487,68,63073.5,60852.22,0.03650285889323346,BTCUSDT_211231,False,63073.5,60852.22,-0.003818102281231544,-0.001909051140615772,0.0,0.0,-0.001909051140615772,1.0136061709363953,2021
2021-10-25 00:00:00+00:00,BTCUSDT_211231,0.21190542716418323,67,65532.4,63078.78,0.03889770854794596,BTCUSDT_211231,False,65532.4,63078.78,0.007538668312862089,0.0037693341564310444,0.0,0.0,0.0037693341564310444,1.017426791297675,2021
2021-10-26 00:00:00+00:00,BTCUSDT_211231,0.1813302321264441,66,62306.9,60328.81,0.03278848032971318,BTCUSDT_211231,False,62306.9,60328.81,0.004966615452882374,0.002483307726441187,0.0,0.0,0.002483307726441187,1.0199533751095928,2021
2021-10-27 00:00:00+00:00,BTCUSDT_211231,0.16135325126440858,65,60091.9,58413.44,0.02873414063612756,BTCUSDT_211231,False,60091.9,58413.44,-0.005788907484305007,-0.0028944537421525035,0.0,0.0,-0.0028944537421525035,1.0170011672461858,2021
2021-10-28 00:00:00+00:00,BTCUSDT_211231,0.18986066744128732,64,62592.5,60575.89,0.03329063757874627,BTCUSDT_211231,False,62592.5,60575.89,-0.0031312787975546095,-0.0015656393987773048,0.0,0.0,-0.0015656393987773048,1.0154089101501427,2021
2021-10-29 00:00:00+00:00,BTCUSDT_211231,0.20532870747018636,63,64460.0,62253.71,0.03544029745375819,BTCUSDT_211231,False,64460.0,62253.71,0.0008638842568580428,0.0004319421284290214,0.0,0.0,0.0004319421284290214,1.0158475080360188,2021
2021-10-30 00:00:00+00:00,BTCUSDT_211231,0.2048529034638074,62,64011.7,61859.19,0.03479693154727688,BTCUSDT_211231,False,64011.7,61859.19,0.0020224965764989904,0.0010112482882494952,0.0,0.0,0.0010112482882494952,1.0168747820896427,2021
2021-10-31 00:00:00+00:00,BTCUSDT_211231,0.19789891540308768,61,63327.2,61299.8,0.0330735173687352,BTCUSDT_211231,False,63327.2,61299.8,0.002102943239618991,0.0010514716198094954,0.0,0.0,0.0010514716198094954,1.01794399706391,2021
2021-11-01 00:00:00+00:00,BTCUSDT_211231,0.18960658408621983,60,62809.6,60911.11,0.031168205603214223,BTCUSDT_211231,False,62809.6,60911.11,-0.005513279925452138,-0.002756639962726069,0.0,0.0,-0.002756639962726069,1.0151378919617864,2021
2021-11-02 00:00:00+00:00,BTCUSDT_211231,0.21864012112603107,59,65454.3,63219.99,0.03534182779845434,BTCUSDT_211231,False,65454.3,63219.99,-0.00029911425167876394,-0.00014955712583938197,0.0,0.0,-0.00014955712583938197,1.0149860708563339,2021
2021-11-03 00:00:00+00:00,BTCUSDT_211231,0.22544578888554812,58,65149.7,62896.48,0.03582426234345696,BTCUSDT_211231,False,65149.7,62896.48,0.0019958191618990257,0.0009979095809495128,0.0,0.0,0.0009979095809495128,1.0159989351809717,2021
2021-11-04 00:00:00+00:00,BTCUSDT_211231,0.22191838683546652,57,63522.7,61395.01,0.03465574808115505,BTCUSDT_211231,False,63522.7,61395.01,0.0025866923061010605,0.0012933461530505303,0.0,0.0,0.0012933461530505303,1.0173129734952915,2021
2021-11-05 00:00:00+00:00,BTCUSDT_211231,0.21059214106982008,56,62906.0,60937.12,0.03231002712304089,BTCUSDT_211231,False,62906.0,60937.12,0.002385902057727694,0.001192951028863847,0.0,0.0,0.001192951028863847,1.0185265780536992,2021
2021-11-06 00:00:00+00:00,BTCUSDT_211231,0.1968638789703358,55,63294.1,61470.61,0.029664420118817723,BTCUSDT_211231,False,63294.1,61470.61,-0.0028016640797937165,-0.0014008320398968582,0.0,0.0,-0.0014008320398968582,1.017099793389675,2021
2021-11-07 00:00:00+00:00,BTCUSDT_211231,0.21319355036273965,54,65269.3,63273.59,0.03154096361530943,BTCUSDT_211231,False,65269.3,63273.59,-0.010999217841124424,-0.005499608920562212,0.0,0.0,-0.005499608920562212,1.0115061422928473,2021
2021-11-08 00:00:00+00:00,BTCUSDT_211231,0.27451676849450674,53,70217.5,67525.83,0.039861338986873586,BTCUSDT_211231,False,70217.5,67525.83,0.004434303139998539,0.0022171515699992697,0.0,0.0,0.0022171515699992697,1.013748804724296,2021
2021-11-09 00:00:00+00:00,BTCUSDT_211231,0.2508180960377786,52,69339.9,66947.66,0.03573298902456024,BTCUSDT_211231,False,69339.9,66947.66,0.011875993873422688,0.005937996936711344,0.0,0.0,0.005937996936711344,1.0197684420213435,2021
2021-11-10 00:00:00+00:00,BTCUSDT_211231,0.1761759920303274,51,66479.6,64882.43,0.024616371489169033,BTCUSDT_211231,False,66479.6,64882.43,-0.0012109595771920445,-0.0006054797885960223,0.0,0.0,-0.0006054797885960223,1.0191509928406515,2021
2021-11-11 00:00:00+00:00,BTCUSDT_211231,0.18885436900398375,50,66450.0,64774.26,0.025870461507395037,BTCUSDT_211231,False,66450.0,64774.26,0.0016745849354357913,0.0008372924677178957,0.0,0.0,0.0008372924677178957,1.020004320290424,2021
2021-11-12 00:00:00+00:00,BTCUSDT_211231,0.18206731495298797,49,65689.5,64122.23,0.024441913514236743,BTCUSDT_211231,False,65689.5,64122.23,0.0007481024911328549,0.00037405124556642746,0.0,0.0,0.00037405124556642746,1.0203858541769117,2021
2021-11-13 00:00:00+00:00,BTCUSDT_211231,0.1794503015946985,48,65899.3,64380.0,0.02359894377135761,BTCUSDT_211231,False,65899.3,64380.0,-0.000630630630630608,-0.000315315315315304,0.0,0.0,-0.000315315315315304,1.0200641108895587,2021
2021-11-14 00:00:00+00:00,BTCUSDT_211231,0.18489443568786212,47,67079.0,65519.1,0.02380832459542334,BTCUSDT_211231,False,67079.0,65519.1,0.001945081663209695,0.0009725408316048475,0.0,0.0,0.0009725408316048475,1.0210561648882535,2021
2021-11-15 00:00:00+00:00,BTCUSDT_211231,0.17869582210394946,46,65039.2,63606.74,0.022520569361045687,BTCUSDT_211231,False,65039.2,63606.74,0.005936949449067893,0.0029684747245339463,0.0,0.0,0.0029684747245339463,1.0240871443060537,2021
2021-11-16 00:00:00+00:00,BTCUSDT_211231,0.14245761422639633,45,61113.7,60058.87,0.017563267507363933,BTCUSDT_211231,False,61113.7,60058.87,-0.00042957851188347215,-0.00021478925594173607,0.0,0.0,-0.00021478925594173607,1.0238671813903086,2021
2021-11-17 00:00:00+00:00,BTCUSDT_211231,0.14855143519995193,44,61425.5,60344.87,0.017907570270679136,BTCUSDT_211231,False,61425.5,60344.87,0.0037575687875373662,0.0018787843937686831,0.0,0.0,0.0018787843937686831,1.0257908070719965,2021
2021-11-18 00:00:00+00:00,BTCUSDT_211231,0.1274010331010204,43,57745.5,56891.62,0.015008888831079117,BTCUSDT_211231,False,57745.5,56891.62,-0.0009874916551859056,-0.0004937458275929528,0.0,0.0,-0.0004937458275929528,1.0252843271410215,2021
2021-11-19 00:00:00+00:00,BTCUSDT_211231,0.13623685773201524,42,58962.3,58052.24,0.015676569930807235,BTCUSDT_211231,False,58962.3,58052.24,-0.000798074286194546,-0.000399037143097273,0.0,0.0,-0.000399037143097273,1.0248752006122566,2021
2021-11-20 00:00:00+00:00,BTCUSDT_211231,0.1425985384173043,41,60663.9,59707.51,0.016017918013998565,BTCUSDT_211231,False,60663.9,59707.51,0.0001358288094746089,6.791440473730445e-05,0.0,0.0,6.791440473730445e-05,1.0249448044014362,2021
2021-11-21 00:00:00+00:00,BTCUSDT_211231,0.14760758841131807,40,59570.3,58622.02,0.016176174072473213,BTCUSDT_211231,False,59570.3,58622.02,0.002691138926976746,0.001345569463488373,0.0,0.0,0.001345569463488373,1.0263239388319998,2021
2021-11-22 00:00:00+00:00,BTCUSDT_211231,0.1315347082334862,39,57037.7,56247.18,0.014054393482482087,BTCUSDT_211231,False,57037.7,56247.18,-0.0007504376219395604,-0.0003752188109697802,0.0,0.0,-0.0003752188109697802,1.0259388427840015,2021
2021-11-23 00:00:00+00:00,BTCUSDT_211231,0.13900615661548163,38,58374.0,57541.27,0.014471873839420007,BTCUSDT_211231,False,58374.0,57541.27,0.0003531378434992308,0.0001765689217496154,0.0,0.0,0.0001765689217496154,1.026119991699253,2021
2021-11-24 00:00:00+00:00,BTCUSDT_211231,0.1402617205531497,37,57950.7,57138.29,0.014218311398538462,BTCUSDT_211231,False,57950.7,57138.29,-0.0012938784132321827,-0.0006469392066160913,0.0,0.0,-0.0006469392066160913,1.0254561544459302,2021
2021-11-25 00:00:00+00:00,BTCUSDT_211231,0.15241600929468108,36,59846.7,58960.36,0.015032811875639778,BTCUSDT_211231,False,59846.7,58960.36,0.0064902928001117745,0.0032451464000558873,0.0,0.0,0.0032451464000558873,1.0287839097939455,2021
2021-11-26 00:00:00+00:00,BTCUSDT_211231,0.09776470900742246,35,54230.2,53726.53,0.009374698123999414,BTCUSDT_211231,False,54230.2,53726.53,-0.0013773456056067645,-0.0006886728028033822,0.0,0.0,-0.0006886728028033822,1.0280754142953088,2021
2021-11-27 00:00:00+00:00,BTCUSDT_211231,0.11332859328380986,34,55298.7,54721.03,0.010556636086711056,BTCUSDT_211231,False,55298.7,54721.03,-0.0032373294143038145,-0.0016186647071519073,0.0,0.0,-0.0016186647071519073,1.0264113049058985,2021
2021-11-28 00:00:00+00:00,BTCUSDT_211231,0.145766637427554,33,58029.7,57274.88,0.013178901466052826,BTCUSDT_211231,False,58029.7,57274.88,0.0017367124994413113,0.0008683562497206556,0.0,0.0,0.0008683562497206556,1.0273025955772974,2021
2021-11-29 00:00:00+00:00,BTCUSDT_211231,0.12937990848315672,32,58431.6,57776.25,0.011342896086194562,BTCUSDT_211231,False,58431.6,57776.25,0.000368836675969757,0.0001844183379848785,0.0,0.0,0.0001844183379848785,1.0274920490145814,2021
2021-11-30 00:00:00+00:00,BTCUSDT_211231,0.13108404337761323,31,57584.6,56950.56,0.011133165327961672,BTCUSDT_211231,False,57584.6,56950.56,-0.0001402971278947558,-7.01485639473779e-05,0.0,0.0,-7.01485639473779e-05,1.0274199719228756,2021
2021-12-01 00:00:00+00:00,BTCUSDT_211231,0.13660036789966132,30,57826.1,57184.07,0.0112274274986023,BTCUSDT_211231,False,57826.1,57184.07,0.0024004937039283285,0.0012002468519641642,0.0,0.0,0.0012002468519641642,1.0286531295098211,2021
2021-12-02 00:00:00+00:00,BTCUSDT_211231,0.11248186170804697,29,56985.1,56480.34,0.00893691503981743,BTCUSDT_211231,False,56985.1,56480.34,0.002117728044838396,0.001058864022419198,0.0,0.0,0.001058864022419198,1.029742333300208,2021
2021-12-03 00:00:00+00:00,BTCUSDT_211231,0.09366804115111144,28,53986.2,53601.05,0.007185493567756493,BTCUSDT_211231,False,53986.2,53601.05,0.0031700871531434227,0.0015850435765717113,0.0,0.0,0.0015850435765717113,1.0313745197711295,2021
2021-12-04 00:00:00+00:00,BTCUSDT_211231,0.059195209126635666,27,49367.7,49152.47,0.004378823688819624,BTCUSDT_211231,False,49367.7,49152.47,0.0011629120571152623,0.0005814560285576311,0.0,0.0,0.0005814560285576311,1.031974218703351,2021
2021-12-05 00:00:00+00:00,BTCUSDT_211231,0.04492357256874369,26,49554.4,49396.33,0.0032000353062666743,BTCUSDT_211231,False,49554.4,49396.33,-0.0023424817187835435,-0.0011712408593917718,0.0,0.0,-0.0011712408593917718,1.0307655283325667,2021
2021-12-06 00:00:00+00:00,BTCUSDT_211231,0.07924337535129478,25,50715.7,50441.92,0.00542762844871882,BTCUSDT_211231,False,50715.7,50441.92,0.001063202986722103,0.0005316014933610515,0.0,0.0,0.0005316014933610515,1.0313134848267334,2021
2021-12-07 00:00:00+00:00,BTCUSDT_211231,0.06618272534483036,24,50809.1,50588.95,0.004351740844591585,BTCUSDT_211231,False,50809.1,50588.95,-0.00020478780445123504,-0.00010239390222561752,0.0,0.0,-0.00010239390222561752,1.031207884614604,2021
2021-12-08 00:00:00+00:00,BTCUSDT_211231,0.07247884344040206,23,50701.7,50471.19,0.004567159997614377,BTCUSDT_211231,False,50701.7,50471.19,0.0008777284625147209,0.00043886423125736045,0.0,0.0,0.00043886423125736045,1.0316604448701518,2021
2021-12-09 00:00:00+00:00,BTCUSDT_211231,0.06497749174672747,22,47731.8,47545.59,0.003916451557336998,BTCUSDT_211231,False,47731.8,47545.59,0.00013776251383167582,6.888125691583791e-05,0.0,0.0,6.888125691583791e-05,1.0317315069383048,2021
2021-12-10 00:00:00+00:00,BTCUSDT_211231,0.06624153870027452,21,47320.2,47140.54,0.003811157021111685,BTCUSDT_211231,False,47320.2,47140.54,-0.0009089840718838991,-0.00045449203594194953,0.0,0.0,-0.00045449203594194953,1.031262593185171,2021
2021-12-11 00:00:00+00:00,BTCUSDT_211231,0.08221924118632211,20,49612.5,49389.99,0.004505163900620389,BTCUSDT_211231,False,49612.5,49389.99,0.0007452927202456399,0.00037264636012281993,0.0,0.0,0.00037264636012281993,1.0316468894368525,2021
2021-12-12 00:00:00+00:00,BTCUSDT_211231,0.07127106452927842,19,50239.6,50053.9,0.0037100006193323013,BTCUSDT_211231,False,50239.6,50053.9,0.0021007354072308886,0.0010503677036154443,0.0,0.0,0.0010503677036154443,1.0327304980110523,2021
2021-12-13 00:00:00+00:00,BTCUSDT_211231,0.03497385057625213,18,46783.3,46702.75,0.0017247378366370913,BTCUSDT_211231,False,46783.3,46702.75,-0.0022626076622896565,-0.0011313038311448283,0.0,0.0,-0.0011313038311448283,1.0315621660421124,2021
2021-12-14 00:00:00+00:00,BTCUSDT_211231,0.0827054544328911,17,48529.5,48343.28,0.0038520348639976675,BTCUSDT_211231,False,48529.5,48343.28,-0.00013445508869056307,-6.722754434528154e-05,0.0,0.0,-6.722754434528154e-05,1.03149281665085,2021
2021-12-15 00:00:00+00:00,BTCUSDT_211231,0.08997087484738274,16,49057.7,48864.98,0.003943928760433216,BTCUSDT_211231,False,49057.7,48864.98,0.0012462913112825213,0.0006231456556412607,0.0,0.0,0.0006231456556412607,1.0321355869183713,2021
2021-12-16 00:00:00+00:00,BTCUSDT_211231,0.06734116582039346,15,47764.2,47632.38,0.002767445170701101,BTCUSDT_211231,False,47764.2,47632.38,-0.00017593074291069767,-8.796537145534884e-05,0.0,0.0,-8.796537145534884e-05,1.0320447947280758,2021
2021-12-17 00:00:00+00:00,BTCUSDT_211231,0.0792351875891891,14,46271.4,46131.2,0.0030391578801332803,BTCUSDT_211231,False,46271.4,46131.2,-0.00011749098224175782,-5.874549112087891e-05,0.0,0.0,-5.874549112087891e-05,1.0319841667497507,2021
2021-12-18 00:00:00+00:00,BTCUSDT_211231,0.08729810896718417,13,46980.1,46834.48,0.003109247716639436,BTCUSDT_211231,False,46980.1,46834.48,-9.608305675740726e-06,-4.804152837870363e-06,0.0,0.0,-4.804152837870363e-06,1.0319792089400874,2021
2021-12-19 00:00:00+00:00,BTCUSDT_211231,0.09517663737652138,12,46827.3,46681.23,0.003129094927447278,BTCUSDT_211231,False,46827.3,46681.23,0.0006840008285985671,0.00034200041429928354,0.0,0.0,0.00034200041429928354,1.0323321462570931,2021
2021-12-20 00:00:00+00:00,BTCUSDT_211231,0.0807298420620279,11,47028.3,46914.16,0.002432954144335088,BTCUSDT_211231,False,47028.3,46914.16,-0.0014596872244968938,-0.0007298436122484469,0.0,0.0,-0.0007298436122484469,1.0315787052344285,2021
2021-12-21 00:00:00+00:00,BTCUSDT_211231,0.13633966784128118,10,49072.5,48889.88,0.003735333365514553,BTCUSDT_211231,False,49072.5,48889.88,0.0004986717087463634,0.0002493358543731817,0.0,0.0,0.0002493358543731817,1.0318359147922513,2021
2021-12-22 00:00:00+00:00,BTCUSDT_211231,0.13207973117547625,9,48746.4,48588.16,0.0032567604947377703,BTCUSDT_211231,False,48746.4,48588.16,0.0012894087777761943,0.0006447043888880971,0.0,0.0,0.0006447043888880971,1.0325011439351304,2021
2021-12-23 00:00:00+00:00,BTCUSDT_211231,0.08578670016076641,8,50934.4,50838.81,0.0018802564418798117,BTCUSDT_211231,False,50934.4,50838.81,0.0,0.0,0.0,0.0,0.0,1.0325011439351304,2021
2021-12-24 00:00:00+00:00,BTCUSDT_220325,0.10868817329856278,91,52197.1,50820.0,0.027097599370326613,BTCUSDT_211231,True,52197.1,50820.0,0.0013136560409288084,0.0006568280204644042,-0.001,-0.0005,0.00015682802046440418,1.032663069045661,2021
2021-12-25 00:00:00+00:00,BTCUSDT_220325,0.10544032770591412,90,51710.0,50399.66,0.025998984913787045,BTCUSDT_220325,False,51710.0,50399.66,0.0002505969286300221,0.00012529846431501106,0.0,0.0,0.00012529846431501106,1.0327924601423673,2021
2021-12-26 00:00:00+00:00,BTCUSDT_220325,0.1048157113032999,89,52073.2,50775.49,0.025557803578064912,BTCUSDT_220325,False,52073.2,50775.49,0.001387480455629367,0.0006937402278146835,0.0,0.0,0.0006937402278146835,1.0335089498189516,2021
2021-12-27 00:00:00+00:00,BTCUSDT_220325,0.10039832739912813,88,51928.7,50701.44,0.024205624140063768,BTCUSDT_220325,False,51928.7,50701.44,-0.003838155287108331,-0.0019190776435541654,0.0,0.0,-0.0019190776435541654,1.0315255658989408,2021
2021-12-28 00:00:00+00:00,BTCUSDT_220325,0.12546919347623223,87,48965.6,47543.74,0.029906355705293708,BTCUSDT_220325,False,48965.6,47543.74,0.00892273094207568,0.00446136547103784,0.0,0.0,0.00446136547103784,1.0361275784411352,2021
2021-12-29 00:00:00+00:00,BTCUSDT_220325,0.09112667062326202,86,47462.3,46464.66,0.02147094157150831,BTCUSDT_220325,False,47462.3,46464.66,-0.0012824800611905157,-0.0006412400305952578,0.0,0.0,-0.0006412400305952578,1.035463171961035,2021
2021-12-30 00:00:00+00:00,BTCUSDT_220325,0.09634520754816246,85,48178.1,47120.87,0.022436555182448793,BTCUSDT_220325,False,48178.1,47120.87,0.0014486150192047549,0.0007243075096023774,0.0,0.0,0.0007243075096023774,1.0362131657124032,2021
2021-12-31 00:00:00+00:00,BTCUSDT_220325,0.0929812975255523,84,47205.9,46216.93,0.021398435594921626,BTCUSDT_220325,False,47205.9,46216.93,-0.0018581935234555254,-0.0009290967617277627,0.0,0.0,-0.0009290967617277627,1.03525042341568,2021
2022-01-01 00:00:00+00:00,BTCUSDT_220325,0.09904626000442124,83,48797.5,47722.65,0.02252284816538894,BTCUSDT_220325,False,48797.5,47722.65,0.00031704023142045505,0.00015852011571022753,0.0,0.0,0.00015852011571022753,1.0354145314325889,2022
2022-01-02 00:00:00+00:00,BTCUSDT_220325,0.09975528455594045,82,48345.9,47286.18,0.02241077625640306,BTCUSDT_220325,False,48345.9,47286.18,0.0009351569528348698,0.0004675784764174349,0.0,0.0,0.0004675784764174349,1.0358986689816565,2022
2022-01-03 00:00:00+00:00,BTCUSDT_220325,0.09852320256207772,81,47461.6,46446.1,0.0218640531713104,BTCUSDT_220325,False,47461.6,46446.1,0.00012293820148514357,6.146910074257179e-05,0.0,0.0,6.146910074257179e-05,1.0359623447412991,2022
2022-01-04 00:00:00+00:00,BTCUSDT_220325,0.10052290691593067,80,46841.8,45832.01,0.022032417954176587,BTCUSDT_220325,False,46841.8,45832.01,0.003626722895199254,0.001813361447599627,0.0,0.0,0.001813361447599627,1.037840918918418,2022
2022-01-05 00:00:00+00:00,BTCUSDT_220325,0.08969863297054219,79,44294.7,43451.13,0.01941422467033653,BTCUSDT_220325,False,44294.7,43451.13,0.000765917940453996,0.000382958970226998,0.0,0.0,0.000382958970226998,1.0382383694079862,2022
2022-01-06 00:00:00+00:00,BTCUSDT_220325,0.08801156824382608,78,43892.6,43082.31,0.01880795156991352,BTCUSDT_220325,False,43892.6,43082.31,0.002246165537549033,0.0011230827687745166,0.0,0.0,0.0011230827687745166,1.0394043970305489,2022
2022-01-07 00:00:00+00:00,BTCUSDT_220325,0.08137013598144742,77,42280.0,41566.48,0.017165754713894386,BTCUSDT_220325,False,42280.0,41566.48,-0.0005903795558346087,-0.00029518977791730437,0.0,0.0,-0.00029518977791730437,1.0390975754774232,2022
2022-01-08 00:00:00+00:00,BTCUSDT_220325,0.08504444277142609,76,42417.8,41679.74,0.017707883974324337,BTCUSDT_220325,False,42417.8,41679.74,0.0003090230409307893,0.00015451152046539466,0.0,0.0,0.00015451152046539466,1.039258128023722,2022
2022-01-09 00:00:00+00:00,BTCUSDT_220325,0.08430052233445172,75,42589.8,41864.62,0.017322025137216108,BTCUSDT_220325,False,42589.8,41864.62,0.0007517087220665365,0.00037585436103326823,0.0,0.0,0.00037585436103326823,1.0396487377233792,2022
2022-01-10 00:00:00+00:00,BTCUSDT_220325,0.08181429902195442,74,42516.2,41822.49,0.016587008568834594,BTCUSDT_220325,False,42516.2,41822.49,0.00045908313923912923,0.00022954156961956461,0.0,0.0,0.00022954156961956461,1.0398873803264892,2022
2022-01-11 00:00:00+00:00,BTCUSDT_220325,0.07892829485348364,73,43403.8,42729.29,0.01578565897069673,BTCUSDT_220325,False,43403.8,42729.29,0.000874575730137398,0.000437287865068699,0.0,0.0,0.000437287865068699,1.040342110458944,2022
2022-01-12 00:00:00+00:00,BTCUSDT_220325,0.07357061812048131,72,44539.8,43902.66,0.014512560286779875,BTCUSDT_220325,False,44539.8,43902.66,0.0016411306285314582,0.0008205653142657291,0.0,0.0,0.0008205653142657291,1.0411957791097566,2022
2022-01-13 00:00:00+00:00,BTCUSDT_220325,0.06825734568930983,71,43125.2,42560.11,0.013277456284769859,BTCUSDT_220325,False,43125.2,42560.11,-0.0010585029033055345,-0.0005292514516527673,0.0,0.0,-0.0005292514516527673,1.0406447247322081,2022
2022-01-14 00:00:00+00:00,BTCUSDT_220325,0.07388405111649622,70,43670.1,43059.96,0.014169544049739002,BTCUSDT_220325,False,43670.1,43059.96,-0.0001293545093864395,-6.467725469321975e-05,0.0,0.0,-6.467725469321975e-05,1.0405774186883014,2022
2022-01-15 00:00:00+00:00,BTCUSDT_220325,0.07559638714405326,69,43700.0,43084.29,0.014290823871067601,BTCUSDT_220325,False,43700.0,43084.29,0.0005679564407351534,0.0002839782203675767,0.0,0.0,0.0002839782203675767,1.0408729200118152,2022
2022-01-16 00:00:00+00:00,BTCUSDT_220325,0.07368110834499557,68,43662.9,43071.66,0.013726891417697807,BTCUSDT_220325,False,43662.9,43071.66,0.001139032022448117,0.0005695160112240585,0.0,0.0,0.0005695160112240585,1.0414657138054113,2022
2022-01-17 00:00:00+00:00,BTCUSDT_220325,0.0699894260973656,67,42743.8,42201.62,0.012847374105543822,BTCUSDT_220325,False,42743.8,42201.62,0.0005189374246770966,0.0002594687123385483,0.0,0.0,0.0002594687123385483,1.041735941573117,2022
2022-01-18 00:00:00+00:00,BTCUSDT_220325,0.06793771033435998,66,42872.4,42352.12,0.012284627074158243,BTCUSDT_220325,False,42872.4,42352.12,0.0026395372888063425,0.0013197686444031713,0.0,0.0,0.0013197686444031713,1.043110792004553,2022
2022-01-19 00:00:00+00:00,BTCUSDT_220325,0.05506067957109107,65,42068.5,41660.01,0.009805326498961424,BTCUSDT_220325,False,42068.5,41660.01,0.00011761879077804962,5.880939538902481e-05,0.0,0.0,5.880939538902481e-05,1.0431721367195546,2022
2022-01-20 00:00:00+00:00,BTCUSDT_220325,0.05657995897215622,64,41084.5,40680.91,0.009920869518405475,BTCUSDT_220325,False,41084.5,40680.91,0.0029866588530097463,0.0014933294265048731,0.0,0.0,0.0014933294265048731,1.0447299363682279,2022
2022-01-21 00:00:00+00:00,BTCUSDT_220325,0.04484338183379355,63,36727.4,36445.31,0.007740090563093134,BTCUSDT_220325,False,36727.4,36445.31,-0.0015088361163616928,-0.0007544180581808464,0.0,0.0,-0.0007544180581808464,1.0439417732383096,2022
2022-01-22 00:00:00+00:00,BTCUSDT_220325,0.056582327737091105,62,35408.5,35071.42,0.009611244711505887,BTCUSDT_220325,False,35408.5,35071.42,-0.0034406933052610433,-0.0017203466526305217,0.0,0.0,-0.0017203466526305217,1.042145831503178,2022
2022-01-23 00:00:00+00:00,BTCUSDT_220325,0.07556986917038132,61,36702.3,36244.55,0.012629484984639068,BTCUSDT_220325,False,36702.3,36244.55,0.002339662100922639,0.0011698310504613195,0.0,0.0,0.0011698310504613195,1.0433649660559792,2022
2022-01-24 00:00:00+00:00,BTCUSDT_220325,0.06188645680324092,60,37033.3,36660.35,0.010173116186834124,BTCUSDT_220325,False,37033.3,36660.35,0.0021213654534123125,0.0010606827267061563,0.0,0.0,0.0010606827267061563,1.044471645253125,2022
2022-01-25 00:00:00+00:00,BTCUSDT_220325,0.04941008030998259,59,37253.5,36958.32,0.007986834899421843,BTCUSDT_220325,False,37253.5,36958.32,0.0006282753112152795,0.00031413765560763977,0.0,0.0,0.00031413765560763977,1.0447997531271136,2022
2022-01-26 00:00:00+00:00,BTCUSDT_220325,0.046495601762844535,58,37081.3,36809.34,0.00738834219793146,BTCUSDT_220325,False,37081.3,36809.34,-0.00046835938922018067,-0.00023417969461009033,0.0,0.0,-0.00023417969461009033,1.0445550822399976,2022
2022-01-27 00:00:00+00:00,BTCUSDT_220325,0.04983556924879463,57,37449.3,37160.1,0.007782540951181627,BTCUSDT_220325,False,37449.3,37160.1,0.0012045177488758652,0.0006022588744379326,0.0,0.0,0.0006022588744379326,1.0451841748081159,2022
2022-01-28 00:00:00+00:00,BTCUSDT_220325,0.04224205494880804,56,37961.0,37716.56,0.006480972814063699,BTCUSDT_220325,False,37961.0,37716.56,-0.00029217935039685687,-0.00014608967519842844,0.0,0.0,-0.00014608967519842844,1.0450314841914956,2022
2022-01-29 00:00:00+00:00,BTCUSDT_220325,0.044418805815349065,55,38422.3,38166.84,0.006693244711901913,BTCUSDT_220325,False,38422.3,38166.84,-0.0009872444247412942,-0.0004936222123706471,0.0,0.0,-0.0004936222123706471,1.0445156334382721,2022
2022-01-30 00:00:00+00:00,BTCUSDT_220325,0.05230510037704836,54,38174.9,37881.76,0.007738288822905784,BTCUSDT_220325,False,38174.9,37881.76,0.0020363362209147467,0.0010181681104573734,0.0,0.0,0.0010181681104573734,1.045579125947113,2022
2022-01-31 00:00:00+00:00,BTCUSDT_220325,0.03867083570059767,53,38682.9,38466.9,0.005615217238716923,BTCUSDT_220325,False,38682.9,38466.9,-0.0006943632057692822,-0.0003471816028846411,0.0,0.0,-0.0003471816028846411,1.045216120110224,2022
2022-02-01 00:00:00+00:00,BTCUSDT_220325,0.04402779561690782,52,38937.3,38694.59,0.006272453074189607,BTCUSDT_220325,False,38937.3,38694.59,0.0008313823715409708,0.0004156911857704854,0.0,0.0,0.0004156911857704854,1.045650607238579,2022
2022-02-02 00:00:00+00:00,BTCUSDT_220325,0.04083887631064277,51,37106.9,36896.36,0.005706253950254195,BTCUSDT_220325,False,37106.9,36896.36,-0.00022630958717875002,-0.00011315479358937501,0.0,0.0,-0.00011315479358937501,1.0455322868599501,2022
2022-02-03 00:00:00+00:00,BTCUSDT_220325,0.042825731722646,50,37530.5,37311.61,0.005866538592143288,BTCUSDT_220325,False,37530.5,37311.61,-0.0005376342645090274,-0.0002688171322545137,0.0,0.0,-0.0002688171322545137,1.045251229868917,2022
2022-02-04 00:00:00+00:00,BTCUSDT_220325,0.04281336821396336,49,41813.2,41574.25,0.0057475480616005605,BTCUSDT_220325,False,41813.2,41574.25,0.00015730891116480988,7.865445558240494e-05,0.0,0.0,7.865445558240494e-05,1.0453334435353492,2022
2022-02-05 00:00:00+00:00,BTCUSDT_220325,0.04270598759043421,48,41615.0,41382.59,0.0056161298749064165,BTCUSDT_220325,False,41615.0,41382.59,0.00026532897046809304,0.00013266448523404652,0.0,0.0,0.00013266448523404652,1.0454721221585337,2022
2022-02-06 00:00:00+00:00,BTCUSDT_220325,0.04057528685576324,47,42602.3,42380.87,0.005224762964988691,BTCUSDT_220325,False,42602.3,42380.87,4.058434855162634e-05,2.029217427581317e-05,0.0,0.0,2.029217427581317e-05,1.045493337061037,2022
2022-02-07 00:00:00+00:00,BTCUSDT_220325,0.03976622911995452,46,44059.7,43839.99,0.005011634354843583,BTCUSDT_220325,False,44059.7,43839.99,0.0012887776662357817,0.0006443888331178908,0.0,0.0,0.0006443888331178908,1.0461670412925383,2022
2022-02-08 00:00:00+00:00,BTCUSDT_220325,0.030057324546867444,45,44206.2,44042.99,0.0037056975468740686,BTCUSDT_220325,False,44206.2,44042.99,0.0007068094150737128,0.0003534047075368564,0.0,0.0,0.0003534047075368564,1.0465367616498011,2022
2022-02-09 00:00:00+00:00,BTCUSDT_220325,0.02469228022000118,44,44504.8,44372.72,0.0029766036429590467,BTCUSDT_220325,False,44504.8,44372.72,0.000624708154018982,0.000312354077009491,0.0,0.0,0.000312354077009491,1.0468636516740428,2022
2022-02-10 00:00:00+00:00,BTCUSDT_220325,0.020366422586549575,43,43599.8,43495.44,0.002399331975949676,BTCUSDT_220325,False,43599.8,43495.44,-0.00023473725061751592,-0.00011736862530875796,0.0,0.0,-0.00011736862530875796,1.0467407827263602,2022
2022-02-11 00:00:00+00:00,BTCUSDT_220325,0.023497290824830725,42,42488.3,42373.73,0.0027037978483366865,BTCUSDT_220325,False,42488.3,42373.73,0.0004115757569607945,0.00020578787848039726,0.0,0.0,0.00020578787848039726,1.0469561892913564,2022
2022-02-12 00:00:00+00:00,BTCUSDT_220325,0.020481703658640313,41,42315.0,42217.87,0.0023006845205595966,BTCUSDT_220325,False,42315.0,42217.87,-0.00021341673561461145,-0.00010670836780730573,0.0,0.0,-0.00010670836780730573,1.0468444703052313,2022
2022-02-13 00:00:00+00:00,BTCUSDT_220325,0.02303075404138414,40,42159.8,42053.66,0.0025239182511105906,BTCUSDT_220325,False,42159.8,42053.66,0.0009221551703228407,0.00046107758516142035,0.0,0.0,0.00046107758516142035,1.0473271468256393,2022
2022-02-14 00:00:00+00:00,BTCUSDT_220325,0.014820890588535677,39,42603.3,42535.94,0.0015836020080901134,BTCUSDT_220325,False,42603.3,42535.94,-0.0007024647862489316,-0.0003512323931244658,0.0,0.0,-0.0003512323931244658,1.0469592916054755,2022
2022-02-15 00:00:00+00:00,BTCUSDT_220325,0.020967981254709625,38,44642.1,44544.86,0.0021829679114492213,BTCUSDT_220325,False,44642.1,44544.86,0.00043102616104298205,0.00021551308052149103,0.0,0.0,0.00021551308052149103,1.04718492502759,2022
2022-02-16 00:00:00+00:00,BTCUSDT_220325,0.017547107051583292,37,43951.6,43873.56,0.0017787478381057038,BTCUSDT_220325,False,43951.6,43873.56,-9.709720387408811e-05,-4.8548601937044056e-05,0.0,0.0,-4.8548601937044056e-05,1.0471340856635103,2022
2022-02-17 00:00:00+00:00,BTCUSDT_220325,0.02059523976028022,36,40598.0,40515.7,0.0020313113188221584,BTCUSDT_220325,False,40598.0,40515.7,-0.0002631078816359144,-0.0001315539408179572,0.0,0.0,-0.0001315539408179572,1.0469963310479764,2022
2022-02-18 00:00:00+00:00,BTCUSDT_220325,0.02425149670639516,35,40067.4,39974.44,0.0023254859855447413,BTCUSDT_220325,False,40067.4,39974.44,-0.000729716288708623,-0.0003648581443543115,0.0,0.0,-0.0003648581443543115,1.0466143259094844,2022
2022-02-19 00:00:00+00:00,BTCUSDT_220325,0.032712789975148815,34,40201.3,40079.17,0.0030472187922056435,BTCUSDT_220325,False,40201.3,40079.17,0.0015998335294868287,0.0007999167647434143,0.0,0.0,0.0007999167647434143,1.047451530255,2022
2022-02-20 00:00:00+00:00,BTCUSDT_220325,0.016714710610205206,33,38444.9,38386.89,0.0015111930140733474,BTCUSDT_220325,False,38444.9,38386.89,-0.0005426331750239332,-0.0002713165875119666,0.0,0.0,-0.0002713165875119666,1.047167339280227,2022
2022-02-21 00:00:00+00:00,BTCUSDT_220325,0.024299201851698652,32,37087.0,37008.16,0.002130340984258512,BTCUSDT_220325,False,37087.0,37008.16,0.00043422855932312513,0.00021711427966156257,0.0,0.0,0.00021711427966156257,1.04739469426278,2022
2022-02-22 00:00:00+00:00,BTCUSDT_220325,0.01933193171579268,31,38293.1,38230.33,0.001641890090930337,BTCUSDT_220325,False,38293.1,38230.33,-0.0002385540485787755,-0.00011927702428938775,0.0,0.0,-0.00011927702428938775,1.0472697641403919,2022
2022-02-23 00:00:00+00:00,BTCUSDT_220325,0.0234808438082744,30,37321.9,37250.01,0.0019299323678033755,BTCUSDT_220325,False,37321.9,37250.01,-0.00010469795847038577,-5.2348979235192886e-05,0.0,0.0,-5.2348979235192886e-05,1.0472149406372553,2022
2022-02-24 00:00:00+00:00,BTCUSDT_220325,0.024888548388720864,29,38403.0,38327.21,0.0019774463103367263,BTCUSDT_220325,False,38403.0,38327.21,8.505706520255551e-05,4.2528532601277754e-05,0.0,0.0,4.2528532601277754e-05,1.0472594771519987,2022
2022-02-25 00:00:00+00:00,BTCUSDT_220325,0.024107607507829514,28,39291.7,39219.17,0.0018493507129293872,BTCUSDT_220325,False,39291.7,39219.17,0.0010007860951672359,0.0005003930475836179,0.0,0.0,0.0005003930475836179,1.0477835185133815,2022
2022-02-26 00:00:00+00:00,BTCUSDT_220325,0.011501380900450768,27,39150.0,39116.72,0.0008507870803073171,BTCUSDT_220325,False,39150.0,39116.72,-0.0003745201540415826,-0.0001872600770207913,0.0,0.0,-0.0001872600770207913,1.0475873104910036,2022
2022-02-27 00:00:00+00:00,BTCUSDT_220325,0.01784827746515937,26,37747.0,37699.07,0.0012713841482031331,BTCUSDT_220325,False,37747.0,37699.07,-0.0009461771868642451,-0.00047308859343212254,0.0,0.0,-0.00047308859343212254,1.047091708883786,2022
2022-02-28 00:00:00+00:00,BTCUSDT_220325,0.02827988878591239,25,43243.6,43160.0,0.0019369786839666021,BTCUSDT_220325,False,43243.6,43160.0,0.0004008341056532816,0.0002004170528266408,0.0,0.0,0.0002004170528266408,1.0473015639181198,2022
2022-03-01 00:00:00+00:00,BTCUSDT_220325,0.022698902776152927,24,44487.5,44421.2,0.0014925305935004664,BTCUSDT_220325,False,44487.5,44421.2,-0.00068705933203058,-0.00034352966601529,0.0,0.0,-0.00034352966601529,1.0469417847616498,2022
2022-03-02 00:00:00+00:00,BTCUSDT_220325,0.03500539959573994,23,43989.8,43892.98,0.002205819700553476,BTCUSDT_220325,False,43989.8,43892.98,0.0006839362467528247,0.00034196812337641233,0.0,0.0,0.00034196812337641233,1.0472998054790692,2022
2022-03-03 00:00:00+00:00,BTCUSDT_220325,0.02610526045302623,22,42520.8,42454.0,0.0015734677533330878,BTCUSDT_220325,False,42520.8,42454.0,0.0008069910962455672,0.0004034955481227836,0.0,0.0,0.0004034955481227836,1.0477223862881297,2022
2022-03-04 00:00:00+00:00,BTCUSDT_220325,0.014446885039643222,21,39181.2,39148.66,0.0008311906461164595,BTCUSDT_220325,False,39181.2,39148.66,0.00012516392642798448,6.258196321399224e-05,0.0,0.0,6.258196321399224e-05,1.047787954811967,2022
2022-03-05 00:00:00+00:00,BTCUSDT_220325,0.012803454798166946,20,39425.6,39397.96,0.0007015591670228463,BTCUSDT_220325,False,39425.6,39397.96,-3.934213852704329e-05,-1.9671069263521644e-05,0.0,0.0,-1.9671069263521644e-05,1.0477673437025345,2022
2022-03-06 00:00:00+00:00,BTCUSDT_220325,0.014595092169007876,19,38450.0,38420.81,0.0007597445238661635,BTCUSDT_220325,False,38450.0,38420.81,0.0002365905351814234,0.0001182952675907117,0.0,0.0,0.0001182952675907117,1.0478912896208306,2022
2022-03-07 00:00:00+00:00,BTCUSDT_220325,0.010729265382049696,18,38008.1,37988.0,0.0005291144571969713,BTCUSDT_220325,False,38008.1,37988.0,-0.0007626092450247753,-0.0003813046225123877,0.0,0.0,-0.0003813046225123877,1.0474917238282075,2022
2022-03-08 00:00:00+00:00,BTCUSDT_220325,0.027202288336282576,17,38779.7,38730.63,0.001266955895114531,BTCUSDT_220325,False,38779.7,38730.63,0.0003299713947332857,0.00016498569736664285,0.0,0.0,0.00016498569736664285,1.0476645449807491,2022
2022-03-09 00:00:00+00:00,BTCUSDT_220325,0.019738480500676295,16,41978.0,41941.71,0.0008652484603036183,BTCUSDT_220325,False,41978.0,41941.71,0.0006578177189247597,0.00032890885946237983,0.0,0.0,0.00032890885946237983,1.048009131131338,2022
2022-03-10 00:00:00+00:00,BTCUSDT_220325,0.005370097914868073,15,39430.7,39422.0,0.00022068895540553726,BTCUSDT_220325,False,39430.7,39422.0,-0.00030262290091827635,-0.00015131145045913817,0.0,0.0,-0.00015131145045913817,1.047850555349612,2022
2022-03-11 00:00:00+00:00,BTCUSDT_220325,0.01388741396892615,14,38750.2,38729.57,0.0005326679330547017,BTCUSDT_220325,False,38750.2,38729.57,-0.00016292460773525107,-8.146230386762553e-05,0.0,0.0,-8.146230386762553e-05,1.0477651950292644,2022
2022-03-12 00:00:00+00:00,BTCUSDT_220325,0.019490949853130258,13,38834.3,38807.36,0.0006941982139471051,BTCUSDT_220325,False,38834.3,38807.36,0.0007983021777311295,0.00039915108886556474,0.0,0.0,0.00039915108886556474,1.0481834116477355,2022
2022-03-13 00:00:00+00:00,BTCUSDT_220325,-0.003252831812222316,12,37773.3,37777.34,-0.00010694241574429532,BTCUSDT_220325,False,37773.3,37777.34,-0.0012962797274766802,-0.0006481398637383401,0.0,0.0,-0.0006481398637383401,1.0475040421941373,2022
2022-03-14 00:00:00+00:00,BTCUSDT_220325,0.03758022702289083,11,39716.3,39671.37,0.0011325547869912305,BTCUSDT_220325,False,39716.3,39671.37,-6.150531226915159e-05,-3.0752656134575796e-05,0.0,0.0,-3.0752656134575796e-05,1.047471828662528,2022
2022-03-15 00:00:00+00:00,BTCUSDT_220325,0.04401706910303019,10,39327.7,39280.33,0.0012059470987131559,BTCUSDT_220325,False,39327.7,39280.33,0.00025127080144172266,0.00012563540072086133,0.0,0.0,0.00012563540072086133,1.0476034282054658,2022
2022-03-16 00:00:00+00:00,BTCUSDT_220325,0.03699064390069887,9,41151.5,41114.0,0.0009120980687843557,BTCUSDT_220325,False,41151.5,41114.0,0.0007977817774967872,0.0003988908887483936,0.0,0.0,0.0003988908887483936,1.0480213076679987,2022
2022-03-17 00:00:00+00:00,BTCUSDT_220325,0.005240677063091391,8,40922.6,40917.9,0.00011486415480748254,BTCUSDT_220325,False,40922.6,40917.9,-0.0005496372003450314,-0.0002748186001725157,0.0,0.0,-0.0002748186001725157,1.0477332919192743,2022
2022-03-18 00:00:00+00:00,BTCUSDT_220325,0.033952318653914654,7,41784.7,41757.51,0.0006511403577463084,BTCUSDT_220325,False,41784.7,41757.51,0.0003285636523823831,0.00016428182619119156,0.0,0.0,0.00016428182619119156,1.047905415457832,2022
2022-03-19 00:00:00+00:00,BTCUSDT_220325,0.019417134090960856,6,42214.6,42201.13,0.0003191857658788086,BTCUSDT_220325,False,42214.6,42201.13,-0.00021136874770884699,-0.00010568437385442349,0.0,0.0,-0.00010568437385442349,1.0477946682301407,2022
2022-03-20 00:00:00+00:00,BTCUSDT_220325,0.03961188606205445,5,41284.5,41262.11,0.0005426285761925267,BTCUSDT_220325,False,41284.5,41262.11,0.0005608050581998696,0.0002804025290999348,0.0,0.0,0.0002804025290999348,1.0480884725050899,2022
2022-03-21 00:00:00+00:00,BTCUSDT_220325,-0.001669115719259309,4,41001.5,41002.25,-1.829167911517051e-05,BTCUSDT_220325,False,41001.5,41002.25,0.0,0.0,0.0,0.0,0.0,1.0480884725050899,2022
2022-03-22 00:00:00+00:00,BTCUSDT_220624,0.04596335013667309,94,42865.6,42364.13,0.011837136747526768,BTCUSDT_220325,True,42865.6,42364.13,-0.009011633190626051,-0.004505816595313026,-0.001,-0.0005,-0.005005816595313026,1.0428419338360675,2022
2022-03-23 00:00:00+00:00,BTCUSDT_220624,0.08083620480333974,93,43766.0,42882.76,0.020596622045782453,BTCUSDT_220624,False,43766.0,42882.76,0.005470729962343808,0.002735364981171904,0.0,0.0,0.002735364981171904,1.0456944871427802,2022
2022-03-24 00:00:00+00:00,BTCUSDT_220624,0.05849791517835897,92,44640.1,43991.46,0.014744679990161713,BTCUSDT_220624,False,44640.1,43991.46,0.00045463369481258406,0.00022731684740629203,0.0,0.0,0.00022731684740629203,1.0459321911169477,2022
2022-03-25 00:00:00+00:00,BTCUSDT_220624,0.056901113165211625,91,44941.8,44313.16,0.014186304926121255,BTCUSDT_220624,False,44941.8,44313.16,0.0016836984769308552,0.0008418492384654276,0.0,0.0,0.0008418492384654276,1.0468127083355259,2022
2022-03-26 00:00:00+00:00,BTCUSDT_220624,0.05047933802932312,90,45065.3,44511.27,0.01244696006202488,BTCUSDT_220624,False,45065.3,44511.27,-0.0006202923439388116,-0.0003101461719694058,0.0,0.0,-0.0003101461719694058,1.0464880433812667,2022
2022-03-27 00:00:00+00:00,BTCUSDT_220624,0.05093938997060472,89,47409.4,46827.76,0.01242083755447622,BTCUSDT_220624,False,47409.4,46827.76,-0.00022956468556258083,-0.00011478234278129041,0.0,0.0,-0.00011478234278129041,1.0463679250319549,2022
2022-03-28 00:00:00+00:00,BTCUSDT_220624,0.05214254932209051,88,47714.6,47122.21,0.012571354357106754,BTCUSDT_220624,False,47714.6,47122.21,0.000369040416398115,0.0001845202081990575,0.0,0.0,0.0001845202081990575,1.0465610010593347,2022
2022-03-29 00:00:00+00:00,BTCUSDT_220624,0.0508562557834982,87,48009.8,47434.8,0.012121902063463953,BTCUSDT_220624,False,48009.8,47434.8,-0.0003438403872263601,-0.00017192019361318006,0.0,0.0,-0.00017192019361318006,1.0463810760894046,2022
2022-03-30 00:00:00+00:00,BTCUSDT_220624,0.05331924416493698,86,47659.3,47067.99,0.01256289040598515,BTCUSDT_220624,False,47659.3,47067.99,-9.029491167989115e-05,-4.5147455839945576e-05,0.0,0.0,-4.5147455839945576e-05,1.04633383464598,2022
2022-03-31 00:00:00+00:00,BTCUSDT_220624,0.05619392660837898,85,46105.9,45510.34,0.013086256881403325,BTCUSDT_220624,False,46105.9,45510.34,0.00026916959969976054,0.00013458479984988027,0.0,0.0,0.00013458479984988027,1.046474655275692,2022
2022-04-01 00:00:00+00:00,BTCUSDT_220624,0.05476295831047647,84,46866.8,46283.49,0.012602982186520614,BTCUSDT_220624,False,46866.8,46283.49,0.00013201251677450983,6.600625838725492e-05,0.0,0.0,6.600625838725492e-05,1.046543729152184,2022
2022-04-02 00:00:00+00:00,BTCUSDT_220624,0.05540785306207009,83,46388.2,45811.0,0.012599593983977584,BTCUSDT_220624,False,46388.2,45811.0,-0.0014963655017354546,-0.0007481827508677273,0.0,0.0,-0.0007481827508677273,1.0457607231860035,2022
2022-04-03 00:00:00+00:00,BTCUSDT_220624,0.0619379257811532,82,47053.1,46407.35,0.013914821682341268,BTCUSDT_220624,False,47053.1,46407.35,-0.00043398297898930707,-0.00021699148949465353,0.0,0.0,-0.00021699148949465353,1.0455338020090243,2022
2022-04-04 00:00:00+00:00,BTCUSDT_220624,0.06441783123668596,81,47246.4,46580.51,0.014295463918278253,BTCUSDT_220624,False,47246.4,46580.51,0.0023516273222427336,0.0011758136611213668,0.0,0.0,0.0011758136611213668,1.0467631549365906,2022
2022-04-05 00:00:00+00:00,BTCUSDT_220624,0.05579084752915252,80,46053.9,45497.55,0.012228130965293703,BTCUSDT_220624,False,46053.9,45497.55,0.002681902651900966,0.001340951325950483,0.0,0.0,0.001340951325950483,1.048166813377159,2022
2022-04-06 00:00:00+00:00,BTCUSDT_220624,0.04648350034090509,79,43604.8,43170.47,0.010060812402552062,BTCUSDT_220624,False,43604.8,43170.47,0.00025526708418981944,0.00012763354209490972,0.0,0.0,0.00012763354209490972,1.0483005946202566,2022
2022-04-07 00:00:00+00:00,BTCUSDT_220624,0.04559582576976823,78,43867.5,43444.19,0.009743765506964168,BTCUSDT_220624,False,43867.5,43444.19,0.0012365289812055688,0.0006182644906027844,0.0,0.0,0.0006182644906027844,1.0489487216533881,2022
2022-04-08 00:00:00+00:00,BTCUSDT_220624,0.04146436104229316,77,42621.6,42252.01,0.008747276165086502,BTCUSDT_220624,False,42621.6,42252.01,0.0006262423965155534,0.0003131211982577767,0.0,0.0,0.0003131211982577767,1.0492771697340233,2022
2022-04-09 00:00:00+00:00,BTCUSDT_220624,0.03854441993770866,76,43097.1,42753.97,0.008025687439084543,BTCUSDT_220624,False,43097.1,42753.97,9.075180620647347e-05,4.537590310323674e-05,0.0,0.0,4.537590310323674e-05,1.0493247816332054,2022
2022-04-10 00:00:00+00:00,BTCUSDT_220624,0.03916180509351338,75,42498.1,42158.85,0.008046946252091791,BTCUSDT_220624,False,42498.1,42158.85,0.0019900922344891804,0.0009950461172445902,0.0,0.0,0.0009950461172445902,1.050368908182898,2022
2022-04-11 00:00:00+00:00,BTCUSDT_220624,0.03186142888891096,74,39785.8,39530.45,0.006459577363779209,BTCUSDT_220624,False,39785.8,39530.45,0.001924845277501548,0.000962422638750774,0.0,0.0,0.000962422638750774,1.051379806999173,2022
2022-04-12 00:00:00+00:00,BTCUSDT_220624,0.02236559805204883,73,40254.2,40074.94,0.004473119610409766,BTCUSDT_220624,False,40254.2,40074.94,4.1172862641695264e-05,2.0586431320847632e-05,0.0,0.0,2.0586431320847632e-05,1.051401451157362,2022
2022-04-13 00:00:00+00:00,BTCUSDT_220624,0.021881710482574663,72,41325.4,41147.79,0.004316392204781851,BTCUSDT_220624,False,41325.4,41147.79,0.00017473599432667105,8.736799716333552e-05,0.0,0.0,8.736799716333552e-05,1.0514933099963641,2022
2022-04-14 00:00:00+00:00,BTCUSDT_220624,0.02193416658950811,71,40112.8,39942.38,0.004266646103712537,BTCUSDT_220624,False,40112.8,39942.38,0.0005437833198724874,0.0002718916599362437,0.0,0.0,0.0002718916599362437,1.051779202257831,2022
2022-04-15 00:00:00+00:00,BTCUSDT_220624,0.01912029487432822,70,40700.6,40551.9,0.0036669058663095213,BTCUSDT_220624,False,40700.6,40551.9,-0.0010403951479462695,-0.0005201975739731348,0.0,0.0,-0.0005201975739731348,1.051232069268461,2022
2022-04-16 00:00:00+00:00,BTCUSDT_220624,0.025007743803172652,69,40569.6,40378.71,0.0047274912942983915,BTCUSDT_220624,False,40569.6,40378.71,0.0011642273861646902,0.0005821136930823451,0.0,0.0,0.0005821136930823451,1.0518440058505893,2022
2022-04-17 00:00:00+00:00,BTCUSDT_220624,0.01946405371079868,68,39822.0,39678.12,0.0036261798694090693,BTCUSDT_220624,False,39822.0,39678.12,-0.0005340474800721992,-0.0002670237400360996,0.0,0.0,-0.0002670237400360996,1.0515631385302127,2022
2022-04-18 00:00:00+00:00,BTCUSDT_220624,0.02204012340585925,67,40966.2,40801.13,0.004045721282719369,BTCUSDT_220624,False,40966.2,40801.13,-0.00024141488238189839,-0.00012070744119094919,0.0,0.0,-0.00012070744119094919,1.05143620703451,2022
2022-04-19 00:00:00+00:00,BTCUSDT_220624,0.02331372543778511,66,41668.1,41493.18,0.004215632544914568,BTCUSDT_220624,False,41668.1,41493.18,0.0007690420449819342,0.0003845210224909671,0.0,0.0,0.0003845210224909671,1.0518405063599228,2022
2022-04-20 00:00:00+00:00,BTCUSDT_220624,0.019417101034792005,65,41501.2,41358.19,0.0034578399103054255,BTCUSDT_220624,False,41501.2,41358.19,9.236380992494373e-05,4.6181904962471866e-05,0.0,0.0,4.6181904962471866e-05,1.0518890823582232,2022
2022-04-21 00:00:00+00:00,BTCUSDT_220624,0.019610122842113224,64,40619.2,40480.01,0.0034384872928636886,BTCUSDT_220624,False,40619.2,40480.01,0.0011751479310403439,0.0005875739655201719,0.0,0.0,0.0005875739655201719,1.0525071449976318,2022
2022-04-22 00:00:00+00:00,BTCUSDT_220624,0.013367545885215985,63,39800.8,39709.18,0.0023072750432016633,BTCUSDT_220624,False,39800.8,39709.18,-0.00030924839042253797,-0.00015462419521126899,0.0,0.0,-0.00015462419521126899,1.0523444019273824,2022
2022-04-23 00:00:00+00:00,BTCUSDT_220624,0.015508228744237513,62,39545.5,39441.6,0.0026342744716239064,BTCUSDT_220624,False,39545.5,39441.6,-0.0004175794085432935,-0.00020878970427164675,0.0,0.0,-0.00020878970427164675,1.0521246832509121,2022
2022-04-24 00:00:00+00:00,BTCUSDT_220624,0.018257144433021923,61,39570.5,39450.13,0.0030511940011351706,BTCUSDT_220624,False,39570.5,39450.13,-0.0008403014134552708,-0.0004201507067276354,0.0,0.0,-0.0004201507067276354,1.0516826323216786,2022
2022-04-25 00:00:00+00:00,BTCUSDT_220624,0.023101753455524596,60,40579.6,40426.08,0.00379754851323692,BTCUSDT_220624,False,40579.6,40426.08,7.841472633503555e-05,3.920736316751777e-05,0.0,0.0,3.920736316751777e-05,1.051723866024581,2022
2022-04-26 00:00:00+00:00,BTCUSDT_220624,0.0244047935772557,59,38263.0,38112.65,0.003944884441255031,BTCUSDT_220624,False,38263.0,38112.65,0.0005764490267667339,0.00028822451338336697,0.0,0.0,0.00028822451338336697,1.0520269986240793,2022
2022-04-27 00:00:00+00:00,BTCUSDT_220624,0.020591150632373732,58,39364.1,39235.72,0.0032720184566511685,BTCUSDT_220624,False,39364.1,39235.72,-0.000712361083217139,-0.0003561805416085695,0.0,0.0,-0.0003561805416085695,1.0516522870779226,2022
2022-04-28 00:00:00+00:00,BTCUSDT_220624,0.025188937725584015,57,39898.4,39742.07,0.0039336149324884625,BTCUSDT_220624,False,39898.4,39742.07,0.0006803873074553206,0.0003401936537276603,0.0,0.0,0.0003401936537276603,1.0520100525119147,2022
2022-04-29 00:00:00+00:00,BTCUSDT_220624,0.021833644634135556,56,38725.4,38596.11,0.003349819450716688,BTCUSDT_220624,False,38725.4,38596.11,0.0007951578539910454,0.0003975789269955227,0.0,0.0,0.0003975789269955227,1.0524283095397808,2022
2022-04-30 00:00:00+00:00,BTCUSDT_220624,0.01738856082106798,55,37729.4,37630.8,0.0026201940963253116,BTCUSDT_220624,False,37729.4,37630.8,-0.0009712788460517158,-0.0004856394230258579,0.0,0.0,-0.0004856394230258579,1.05191720886276,2022
2022-05-01 00:00:00+00:00,BTCUSDT_220624,0.023747155489874112,54,38603.5,38468.35,0.0035132777985019234,BTCUSDT_220624,False,38603.5,38468.35,-0.00032208295910773774,-0.00016104147955386887,0.0,0.0,-0.00016104147955386887,1.0517478065590766,2022
2022-05-02 00:00:00+00:00,BTCUSDT_220624,0.02637438386993128,53,38672.7,38525.16,0.0038297050550859125,BTCUSDT_220624,False,38672.7,38525.16,0.0007992179656098403,0.00039960898280492016,0.0,0.0,0.00039960898280492016,1.052168094430223,2022
2022-05-03 00:00:00+00:00,BTCUSDT_220624,0.02172059366369041,52,37845.7,37728.95,0.003094440741128497,BTCUSDT_220624,False,37845.7,37728.95,-0.0016366742249651794,-0.0008183371124825897,0.0,0.0,-0.0008183371124825897,1.0513070662299806,2022
2022-05-04 00:00:00+00:00,BTCUSDT_220624,0.03218694885361552,51,39868.5,39690.0,0.004497354497354497,BTCUSDT_220624,False,39868.5,39690.0,0.0027707231040564667,0.0013853615520282333,0.0,0.0,0.0013853615520282333,1.0527635066189114,2022
2022-05-05 00:00:00+00:00,BTCUSDT_220624,0.013686138226250602,50,36621.5,36552.97,0.0018748134556507675,BTCUSDT_220624,False,36621.5,36552.97,-0.0014280645321024356,-0.0007140322660512178,0.0,0.0,-0.0007140322660512178,1.0520117995066642,2022
2022-05-06 00:00:00+00:00,BTCUSDT_220624,0.02497142915397285,49,36134.5,36013.77,0.0033523288453278623,BTCUSDT_220624,False,36134.5,36013.77,-0.00019381475474508574,-9.690737737254287e-05,0.0,0.0,-9.690737737254287e-05,1.051909851802209,2022
2022-05-07 00:00:00+00:00,BTCUSDT_220624,0.027377014207387588,48,35600.1,35472.39,0.003600264882067409,BTCUSDT_220624,False,35600.1,35472.39,0.0018637030095801435,0.0009318515047900718,0.0,0.0,0.0009318515047900718,1.0528900755805144,2022
2022-05-08 00:00:00+00:00,BTCUSDT_220624,0.014054214614182596,47,34100.0,34038.4,0.0018097207859358413,BTCUSDT_220624,False,34100.0,34038.4,7.080238789131846e-05,3.540119394565923e-05,0.0,0.0,3.540119394565923e-05,1.0529273491462834,2022
2022-05-09 00:00:00+00:00,BTCUSDT_220624,0.015615605192548064,46,30135.5,30076.31,0.001967994079060852,BTCUSDT_220624,False,30135.5,30076.31,0.00011936304686301302,5.968152343150651e-05,0.0,0.0,5.968152343150651e-05,1.052990189454543,2022
2022-05-10 00:00:00+00:00,BTCUSDT_220624,0.014539649992352459,45,31072.7,31017.1,0.0017925595880982485,BTCUSDT_220624,False,31072.7,31017.1,-1.934416821613616e-06,-9.67208410806808e-07,0.0,0.0,-9.67208410806808e-07,1.0529891709935753,2022
2022-05-11 00:00:00+00:00,BTCUSDT_220624,0.01586469048520574,44,29159.6,29103.94,0.001912455839312473,BTCUSDT_220624,False,29159.6,29103.94,-0.0007280801156131676,-0.0003640400578065838,0.0,0.0,-0.0003640400578065838,1.052605840754897,2022
2022-05-12 00:00:00+00:00,BTCUSDT_220624,0.022471133762737364,43,29106.6,29029.75,0.0026472842515005658,BTCUSDT_220624,False,29106.6,29029.75,-0.00033413997709249053,-0.00016706998854624526,0.0,0.0,-0.00016706998854624526,1.0524299819091385,2022
2022-05-13 00:00:00+00:00,BTCUSDT_220624,0.02568236521895199,42,29373.6,29287.05,0.0029552310662903664,BTCUSDT_220624,False,29373.6,29287.05,0.0007576727598034739,0.00037883637990173693,0.0,0.0,0.00037883637990173693,1.0528286806735851,2022
2022-05-14 00:00:00+00:00,BTCUSDT_220624,0.019043637682571418,41,30151.1,30086.74,0.0021391483424258308,BTCUSDT_220624,False,30151.1,30086.74,0.0010486347141629713,0.0005243173570814856,0.0,0.0,0.0005243173570814856,1.0533806970248956,2022
2022-05-15 00:00:00+00:00,BTCUSDT_220624,0.009556395071769601,40,31361.7,31328.89,0.0010472761722487235,BTCUSDT_220624,False,31361.7,31328.89,-0.0008611859532846381,-0.00043059297664231903,0.0,0.0,-0.00043059297664231903,1.0529271186950262,2022
2022-05-16 00:00:00+00:00,BTCUSDT_220624,0.01873110027489062,39,29933.8,29874.01,0.0020014052348513267,BTCUSDT_220624,False,29933.8,29874.01,-0.0004445335594384161,-0.00022226677971920805,0.0,0.0,-0.00022226677971920805,1.0526930879750749,2022
2022-05-17 00:00:00+00:00,BTCUSDT_220624,0.023053315574953385,38,30518.0,30444.93,0.0024000712105430922,BTCUSDT_220624,False,30518.0,30444.93,0.0016058503008546717,0.0008029251504273359,0.0,0.0,0.0008029251504273359,1.0535383217310912,2022
2022-05-18 00:00:00+00:00,BTCUSDT_220624,0.008306800426825656,37,28739.5,28715.32,0.0008420592213494501,BTCUSDT_220624,False,28739.5,28715.32,-0.0017304351823346803,-0.0008652175911673402,0.0,0.0,-0.0008652175911673402,1.0526267818421606,2022
2022-05-19 00:00:00+00:00,BTCUSDT_220624,0.02470246514249247,36,30393.1,30319.23,0.0024364075209033667,BTCUSDT_220624,False,30393.1,30319.23,0.0007909171835826941,0.00039545859179134705,0.0,0.0,0.00039545859179134705,1.0530430521469898,2022
2022-05-20 00:00:00+00:00,BTCUSDT_220624,0.01781724086158186,35,29250.9,29201.01,0.0017085025483708632,BTCUSDT_220624,False,29250.9,29201.01,-0.0004023833422198877,-0.00020119167110994385,0.0,0.0,-0.00020119167110994385,1.0528311886555777,2022
2022-05-21 00:00:00+00:00,BTCUSDT_220624,0.02247315948453691,34,29506.7,29445.06,0.002093390198559603,BTCUSDT_220624,False,29506.7,29445.06,0.00023025933721985406,0.00011512966860992703,0.0,0.0,0.00011512966860992703,1.0529524007614297,2022
2022-05-22 00:00:00+00:00,BTCUSDT_220624,0.020029908571973634,33,30348.8,30293.94,0.0018109232407537805,BTCUSDT_220624,False,30348.8,30293.94,-0.0002703510999229117,-0.00013517554996145584,0.0,0.0,-0.00013517554996145584,1.0528100673415735,2022
2022-05-23 00:00:00+00:00,BTCUSDT_220624,0.024705773356487278,32,29172.2,29109.15,0.002165985609335871,BTCUSDT_220624,False,29172.2,29109.15,-0.0008990300300763936,-0.0004495150150381968,0.0,0.0,-0.0004495150150381968,1.05233681340832,2022
2022-05-24 00:00:00+00:00,BTCUSDT_220624,0.03542432731763753,31,29743.8,29654.58,0.003008641498210311,BTCUSDT_220624,False,29743.8,29654.58,0.0013748297902044283,0.0006874148951022142,0.0,0.0,0.0006874148951022142,1.0530602054085212,2022
2022-05-25 00:00:00+00:00,BTCUSDT_220624,0.01995369328230899,30,29590.6,29542.15,0.0016400295848473143,BTCUSDT_220624,False,29590.6,29542.15,-0.0005043641034929784,-0.0002521820517464892,0.0,0.0,-0.0002521820517464892,1.0527946425253087,2022
2022-05-26 00:00:00+00:00,BTCUSDT_220624,0.027304772104597193,29,29264.7,29201.35,0.0021694202494063524,BTCUSDT_220624,False,29264.7,29201.35,0.0006352446034174075,0.00031762230170870375,0.0,0.0,0.00031762230170870375,1.0531290335828942,2022
2022-05-27 00:00:00+00:00,BTCUSDT_220624,0.020398326219533164,28,28674.6,28629.8,0.0015648031072518591,BTCUSDT_220624,False,28674.6,28629.8,-0.0005892461700745022,-0.0002946230850372511,0.0,0.0,-0.0002946230850372511,1.0528187574580776,2022
2022-05-28 00:00:00+00:00,BTCUSDT_220624,0.028716804811802058,27,29093.0,29031.33,0.0021242567942976864,BTCUSDT_220624,False,29093.0,29031.33,-0.0003248214945716896,-0.0001624107472858448,0.0,0.0,-0.0001624107472858448,1.0526477683769222,2022
2022-05-29 00:00:00+00:00,BTCUSDT_220624,0.03387169907067799,26,29539.2,29468.1,0.002412778563938706,BTCUSDT_220624,False,29539.2,29468.1,-0.00048119831275164176,-0.00024059915637582088,0.0,0.0,-0.00024059915637582088,1.0523945022118897,2022
2022-05-30 00:00:00+00:00,BTCUSDT_220624,0.03923487011812431,25,31819.5,31734.22,0.002687319871104405,BTCUSDT_220624,False,31819.5,31734.22,0.00028423575559759895,0.00014211787779879948,0.0,0.0,0.00014211787779879948,1.052544066285151,2022
2022-05-31 00:00:00+00:00,BTCUSDT_220624,0.03647011229821338,24,31877.3,31801.04,0.0023980347812523864,BTCUSDT_220624,False,31877.3,31801.04,0.0006191621406091967,0.00030958107030459837,0.0,0.0,0.00030958107030459837,1.0528699140037345,2022
2022-06-01 00:00:00+00:00,BTCUSDT_220624,0.030119654589314284,23,29862.4,29805.83,0.0018979508371348727,BTCUSDT_220624,False,29862.4,29805.83,-0.00018821821100102167,-9.410910550051084e-05,0.0,0.0,-9.410910550051084e-05,1.0527708293579192,2022
2022-06-02 00:00:00+00:00,BTCUSDT_220624,0.03387632089694522,22,30514.8,30452.62,0.0020418604376240958,BTCUSDT_220624,False,30514.8,30452.62,-0.00040423451249847503,-0.00020211725624923752,0.0,0.0,-0.00020211725624923752,1.0525580462064301,2022
2022-06-03 00:00:00+00:00,BTCUSDT_220624,0.04359252486286025,21,29774.7,29700.21,0.002508063074301549,BTCUSDT_220624,False,29774.7,29700.21,-0.0005006698605834431,-0.00025033493029172154,0.0,0.0,-0.00025033493029172154,1.0522945541613051,2022
2022-06-04 00:00:00+00:00,BTCUSDT_220624,0.05460815080612035,20,29953.4,29864.04,0.0029922274414312523,BTCUSDT_220624,False,29953.4,29864.04,0.0005648934303596895,0.00028244671517984476,0.0,0.0,0.00028244671517984476,1.0525917713015296,2022
2022-06-05 00:00:00+00:00,BTCUSDT_220624,0.046544379100638335,19,29991.7,29919.21,0.002422858090170215,BTCUSDT_220624,False,29991.7,29919.21,-0.00037801800248072427,-0.00018900900124036213,0.0,0.0,-0.00018900900124036213,1.052392821982122,2022
2022-06-06 00:00:00+00:00,BTCUSDT_220624,0.05416352791970946,18,31456.9,31373.1,0.0026710780891911513,BTCUSDT_220624,False,31456.9,31373.1,0.0008488163426631305,0.00042440817133156523,0.0,0.0,0.00042440817133156523,1.0528394660952218,2022
2022-06-07 00:00:00+00:00,BTCUSDT_220624,0.03943648242160733,17,31182.5,31125.33,0.0018367676744310262,BTCUSDT_220624,False,31182.5,31125.33,0.000759510019652785,0.0003797550098263925,0.0,0.0,0.0003797550098263925,1.0532392871570144,2022
2022-06-08 00:00:00+00:00,BTCUSDT_220624,0.025323918208944265,16,30238.3,30204.77,0.0011100895653235843,BTCUSDT_220624,False,30238.3,30204.77,-0.0001635503266537811,-8.177516332689055e-05,0.0,0.0,-8.177516332689055e-05,1.0531531583422848,2022
2022-06-09 00:00:00+00:00,BTCUSDT_220624,0.031089522072398092,15,30148.4,30109.93,0.00127765159201636,BTCUSDT_220624,False,30148.4,30109.93,0.0010312212615573304,0.0005156106307786652,0.0,0.0,0.0005156106307786652,1.0536961753065643,2022
2022-06-10 00:00:00+00:00,BTCUSDT_220624,0.006649621818870231,14,29099.3,29091.88,0.0002550539875731047,BTCUSDT_220624,False,29099.3,29091.88,5.912302676889655e-05,2.9561513384448275e-05,0.0,0.0,2.9561513384448275e-05,1.053727324160154,2022
2022-06-11 00:00:00+00:00,BTCUSDT_220624,0.005630260355904617,13,28430.4,28424.7,0.00020052982089523294,BTCUSDT_220624,False,28430.4,28424.7,-0.0006286785788416054,-0.0003143392894208027,0.0,0.0,-0.0003143392894208027,1.053396096261834,2022
2022-06-12 00:00:00+00:00,BTCUSDT_220624,0.026977742723326606,12,26598.1,26574.53,0.0008869394867942993,BTCUSDT_220624,False,26598.1,26574.53,0.0013539279904479804,0.0006769639952239902,0.0,0.0,0.0006769639952239902,1.0541092074917129,2022
2022-06-13 00:00:00+00:00,BTCUSDT_220624,-0.018311862666103334,11,22475.0,22487.41,-0.0005518643543209224,BTCUSDT_220624,False,22475.0,22487.41,0.00017343037726449845,8.671518863224922e-05,0.0,0.0,8.671518863224922e-05,1.0542006147704797,2022
2022-06-14 00:00:00+00:00,BTCUSDT_220624,-0.026893023755886696,10,22120.1,22136.41,-0.0007367951713941561,BTCUSDT_220624,False,22120.1,22136.41,-0.0007584789042126014,-0.0003792394521063007,0.0,0.0,-0.0003792394521063007,1.053800820306924,2022
2022-06-15 00:00:00+00:00,BTCUSDT_220624,0.0008619778613376788,9,22584.2,22583.72,2.1254248635723586e-05,BTCUSDT_220624,False,22584.2,22583.72,0.00146964273379241,0.000734821366896205,0.0,0.0,0.000734821366896205,1.0545751756661383,2022
2022-06-16 00:00:00+00:00,BTCUSDT_220624,-0.07315185887573523,8,20368.6,20401.31,-0.001603328413714745,BTCUSDT_220624,False,20368.6,20401.31,-0.0011371818770461665,-0.0005685909385230833,0.0,0.0,-0.0005685909385230833,1.053975553777263,2022
2022-06-17 00:00:00+00:00,BTCUSDT_220624,-0.024226057666697658,7,20459.3,20468.81,-0.00046460932511474957,BTCUSDT_220624,False,20459.3,20468.81,0.0005510823540791494,0.0002755411770395747,0.0,0.0,0.0002755411770395747,1.054265967441922,2022
2022-06-18 00:00:00+00:00,BTCUSDT_220624,-0.06666696537150288,6,18950.0,18970.79,-0.0010958953211753898,BTCUSDT_220624,False,18950.0,18970.79,-0.0009430287299579731,-0.00047151436497898657,0.0,0.0,-0.00047151436497898657,1.0537688658937647,2022
2022-06-19 00:00:00+00:00,BTCUSDT_220624,-0.010289686011475951,5,20571.1,20574.0,-0.00014095460289693083,BTCUSDT_220624,False,20571.1,20574.0,0.0,0.0,0.0,0.0,0.0,1.0537688658937647,2022
2022-06-20 00:00:00+00:00,BTCUSDT_220930,0.02596959487171842,102,20723.2,20573.89,0.007257256649082955,BTCUSDT_220624,True,20723.2,20573.89,0.0017804119687623984,0.0008902059843811992,-0.001,-0.0005,0.0003902059843811992,1.0541800528113912,2022
2022-06-21 00:00:00+00:00,BTCUSDT_220930,0.019649649335156387,101,20836.2,20723.52,0.005437300226988479,BTCUSDT_220930,False,20836.2,20723.52,0.002715272308951396,0.001357636154475698,0.0,0.0,0.001357636154475698,1.055611245764415,2022
2022-06-22 00:00:00+00:00,BTCUSDT_220930,0.010301010756959526,100,20044.4,19987.99,0.0028221947279341167,BTCUSDT_220930,False,20044.4,19987.99,-0.0005333202588154114,-0.0002666601294077057,0.0,0.0,-0.0002666601294077057,1.055329756333015,2022
2022-06-23 00:00:00+00:00,BTCUSDT_220930,0.011713726198194031,99,21177.2,21110.13,0.003177147653756737,BTCUSDT_220930,False,21177.2,21110.13,-0.0003571744939515234,-0.0001785872469757617,0.0,0.0,-0.0001785872469757617,1.05514128789718,2022
2022-06-24 00:00:00+00:00,BTCUSDT_220930,0.013084482524863654,98,21312.3,21237.69,0.00351309393818257,BTCUSDT_220930,False,21312.3,21237.69,5.179471025325941e-05,2.5897355126629705e-05,0.0,0.0,2.5897355126629705e-05,1.0551686132658213,2022
2022-06-25 00:00:00+00:00,BTCUSDT_220930,0.012870845858905005,97,21564.7,21491.19,0.003420471365243248,BTCUSDT_220930,False,21564.7,21491.19,6.886542811278489e-05,3.443271405639244e-05,0.0,0.0,3.443271405639244e-05,1.0552049455849632,2022
2022-06-26 00:00:00+00:00,BTCUSDT_220930,0.013017546880488352,96,21110.1,21038.07,0.003423793152128443,BTCUSDT_220930,False,21110.1,21038.07,0.001382731400741615,0.0006913657003708075,0.0,0.0,0.0006913657003708075,1.0559344780912023,2022
2022-06-27 00:00:00+00:00,BTCUSDT_220930,0.007953695204448967,95,20785.5,20742.56,0.0020701398477332928,BTCUSDT_220930,False,20785.5,20742.56,-8.533180089634242e-05,-4.266590044817121e-05,0.0,0.0,-4.266590044817121e-05,1.0558894256958802,2022
2022-06-28 00:00:00+00:00,BTCUSDT_220930,0.008560006721633626,94,20326.0,20281.29,0.0022044948817357833,BTCUSDT_220930,False,20326.0,20281.29,0.000656762957385653,0.0003283814786928265,0.0,0.0,0.0003283814786928265,1.0562361602268262,2022
2022-06-29 00:00:00+00:00,BTCUSDT_220930,0.006122210933054697,93,20154.4,20123.01,0.0015599057993810597,BTCUSDT_220930,False,20154.4,20123.01,0.0001341747581500346,6.70873790750173e-05,0.0,0.0,6.70873790750173e-05,1.0563070203425002,2022
2022-06-30 00:00:00+00:00,BTCUSDT_220930,0.00570771526935823,92,19970.9,19942.21,0.0014386569993998825,BTCUSDT_220930,False,19970.9,19942.21,-0.0013544135780336483,-0.0006772067890168242,0.0,0.0,-0.0006772067890168242,1.0555916820570381,2022
2022-07-01 00:00:00+00:00,BTCUSDT_220930,0.011587884102121953,91,19335.5,19279.8,0.0028890341186112267,BTCUSDT_220930,False,19335.5,19279.8,-0.001425844666438343,-0.0007129223332191715,0.0,0.0,-0.0007129223332191715,1.0548391271721393,2022
2022-07-02 00:00:00+00:00,BTCUSDT_220930,0.017523762332182228,90,19336.0,19252.81,0.004320927698346303,BTCUSDT_220930,False,19336.0,19252.81,-0.00043526113850399077,-0.00021763056925199538,0.0,0.0,-0.00021763056925199538,1.0546095619324236,2022
2022-07-03 00:00:00+00:00,BTCUSDT_220930,0.01944207873233758,89,19407.4,19315.83,0.0047406712525425885,BTCUSDT_220930,False,19407.4,19315.83,-0.0008397257586135911,-0.0004198628793067956,0.0,0.0,-0.0004198628793067956,1.0541667705252062,2022
2022-07-04 00:00:00+00:00,BTCUSDT_220930,0.022092698009077382,88,20344.5,20236.71,0.005326458698078931,BTCUSDT_220930,False,20344.5,20236.71,-0.0015951209460430495,-0.0007975604730215247,0.0,0.0,-0.0007975604730215247,1.0533260087770626,2022
2022-07-05 00:00:00+00:00,BTCUSDT_220930,0.029126434947161963,87,20315.9,20175.83,0.006942465316172851,BTCUSDT_220930,False,20315.9,20175.83,0.0010894223434673846,0.0005447111717336923,0.0,0.0,0.0005447111717336923,1.0538997672215211,2022
2022-07-06 00:00:00+00:00,BTCUSDT_220930,0.024371887792734127,86,20682.6,20564.51,0.005742417397740095,BTCUSDT_220930,False,20682.6,20564.51,0.0019485025415144689,0.0009742512707572344,0.0,0.0,0.0009742512707572344,1.0549265304089877,2022
2022-07-07 00:00:00+00:00,BTCUSDT_220930,0.015492595083257015,85,21703.0,21624.98,0.003607864608429716,BTCUSDT_220930,False,21703.0,21624.98,0.0005905207773602767,0.00029526038868013836,0.0,0.0,0.00029526038868013836,1.0552380084263853,2022
2022-07-08 00:00:00+00:00,BTCUSDT_220930,0.013129431260574247,84,21660.0,21594.75,0.0030215677421595527,BTCUSDT_220930,False,21660.0,21594.75,-0.0016911517845771217,-0.0008455758922885608,0.0,0.0,-0.0008455758922885608,1.0543457246058334,2022
2022-07-09 00:00:00+00:00,BTCUSDT_220930,0.020727412687313825,83,21693.6,21591.83,0.004713356857663144,BTCUSDT_220930,False,21693.6,21591.83,-0.00039644624841902277,-0.00019822312420951139,0.0,0.0,-0.00019822312420951139,1.0541367289023051,2022
2022-07-10 00:00:00+00:00,BTCUSDT_220930,0.02354002420521057,82,20972.8,20862.47,0.0052884437940473065,BTCUSDT_220930,False,20972.8,20862.47,0.0007448782430842193,0.00037243912154210967,0.0,0.0,0.00037243912154210967,1.0545293306596026,2022
2022-07-11 00:00:00+00:00,BTCUSDT_220930,0.021395936078534593,81,20058.4,19963.61,0.004748139239346034,BTCUSDT_220930,False,20058.4,19963.61,0.0005279606243560595,0.00026398031217802977,0.0,0.0,0.00026398031217802977,1.054807705641511,2022
2022-07-12 00:00:00+00:00,BTCUSDT_220930,0.019886988294638818,80,19413.0,19328.75,0.00435879195498933,BTCUSDT_220930,False,19413.0,19328.75,0.0006580870464979642,0.0003290435232489821,0.0,0.0,0.0003290435232489821,1.0551547832853256,2022
2022-07-13 00:00:00+00:00,BTCUSDT_220930,0.016332534326179062,79,20306.4,20234.87,0.0035349868815565642,BTCUSDT_220930,False,20306.4,20234.87,-0.0015631432275076333,-0.0007815716137538167,0.0,0.0,-0.0007815716137538167,1.0543301042585933,2022
2022-07-14 00:00:00+00:00,BTCUSDT_220930,0.02344648350445663,78,20692.0,20588.84,0.005010481406431827,BTCUSDT_220930,False,20692.0,20588.84,0.00040313101660896256,0.00020156550830448128,0.0,0.0,0.00020156550830448128,1.054542620841979,2022
2022-07-15 00:00:00+00:00,BTCUSDT_220930,0.021587142365595155,77,20924.9,20830.04,0.004553999896303635,BTCUSDT_220930,False,20924.9,20830.04,-0.0007604402103884651,-0.00038022010519423257,0.0,0.0,-0.00038022010519423257,1.0541416625357507,2022
2022-07-16 00:00:00+00:00,BTCUSDT_220930,0.025083098180258036,76,21306.3,21195.6,0.005222782086848249,BTCUSDT_220930,False,21306.3,21195.6,0.0004321651663552744,0.0002160825831776372,0.0,0.0,0.0002160825831776372,1.0543694441892266,2022
2022-07-17 00:00:00+00:00,BTCUSDT_220930,0.023759858243870495,75,20899.7,20798.16,0.004882162652850102,BTCUSDT_220930,False,20899.7,20798.16,-0.002133842609153761,-0.0010669213045768804,0.0,0.0,-0.0010669213045768804,1.0532445149663263,2022
2022-07-18 00:00:00+00:00,BTCUSDT_220930,0.032084608214504616,74,22578.5,22432.58,0.006504824679105045,BTCUSDT_220930,False,22578.5,22432.58,0.0013123769089422033,0.0006561884544711016,0.0,0.0,0.0006561884544711016,1.0539356418567822,2022
2022-07-19 00:00:00+00:00,BTCUSDT_220930,0.024892484469978902,73,23513.1,23396.62,0.004978496893995781,BTCUSDT_220930,False,23513.1,23396.62,-0.00022310914995418845,-0.00011155457497709423,0.0,0.0,-0.00011155457497709423,1.0538180705142017,2022
2022-07-20 00:00:00+00:00,BTCUSDT_220930,0.0265660517191309,72,23345.0,23223.3,0.005240426640486095,BTCUSDT_220930,False,23345.0,23223.3,-2.626672350615899e-05,-1.3133361753079496e-05,0.0,0.0,-1.3133361753079496e-05,1.0538042303402597,2022
2022-07-21 00:00:00+00:00,BTCUSDT_220930,0.027158413979990102,71,23274.5,23152.19,0.005282869568710403,BTCUSDT_220930,False,23274.5,23152.19,-7.169948069691103e-05,-3.584974034845552e-05,0.0,0.0,-3.584974034845552e-05,1.053766451732224,2022
2022-07-22 00:00:00+00:00,BTCUSDT_220930,0.028495474729146618,70,22808.8,22684.83,0.005464885564493872,BTCUSDT_220930,False,22808.8,22684.83,0.0001428267260542822,7.14133630271411e-05,0.0,0.0,7.14133630271411e-05,1.0538417047383875,2022
2022-07-23 00:00:00+00:00,BTCUSDT_220930,0.028446047466715325,69,22571.8,22451.07,0.005377471986858513,BTCUSDT_220930,False,22571.8,22451.07,-0.0007255778900516044,-0.0003627889450258022,0.0,0.0,-0.0003627889450258022,1.0534593826181011,2022
2022-07-24 00:00:00+00:00,BTCUSDT_220930,0.032572427952920605,68,22716.7,22579.68,0.006068287947393428,BTCUSDT_220930,False,22716.7,22579.68,0.0013782303380739948,0.0006891151690369974,0.0,0.0,0.0006891151690369974,1.0541853374586274,2022
2022-07-25 00:00:00+00:00,BTCUSDT_220930,0.0270714944205899,67,21416.8,21310.9,0.004969288016930201,BTCUSDT_220930,False,21416.8,21310.9,-0.0011041298115050267,-0.0005520649057525134,0.0,0.0,-0.0005520649057525134,1.0536033587296576,2022
2022-07-26 00:00:00+00:00,BTCUSDT_220930,0.03367669887192428,66,21384.1,21254.67,0.00608948527547124,BTCUSDT_220930,False,21384.1,21254.67,-0.0004855403541903831,-0.00024277017709519155,0.0,0.0,-0.00024277017709519155,1.0533475752556707,2022
2022-07-27 00:00:00+00:00,BTCUSDT_220930,0.03419024984260939,65,23092.2,22952.45,0.006088674629505782,BTCUSDT_220930,False,23092.2,22952.45,-0.0020398693821356635,-0.0010199346910678318,0.0,0.0,-0.0010199346910678318,1.0522732295219153,2022
2022-07-28 00:00:00+00:00,BTCUSDT_220930,0.04462673133083888,64,24029.5,23842.93,0.0078249611100649,BTCUSDT_220930,False,24029.5,23842.93,-0.0009680018353449742,-0.0004840009176724871,0.0,0.0,-0.0004840009176724871,1.0517639283131843,2022
2022-07-29 00:00:00+00:00,BTCUSDT_220930,0.051091598460019864,63,23983.4,23773.75,0.00881854987118151,BTCUSDT_220930,False,23983.4,23773.75,-0.0002288238077711211,-0.00011441190388556056,0.0,0.0,-0.00011441190388556056,1.0516435939997077,2022
2022-07-30 00:00:00+00:00,BTCUSDT_220930,0.05355616171885186,62,23858.6,23643.51,0.009097211031695385,BTCUSDT_220930,False,23858.6,23643.51,0.000994353207285991,0.0004971766036429955,0.0,0.0,0.0004971766036429955,1.0521664465900153,2022
2022-07-31 00:00:00+00:00,BTCUSDT_220930,0.04921322268625965,61,23484.9,23293.32,0.008224675572224215,BTCUSDT_220930,False,23484.9,23293.32,0.0011200636062184415,0.0005600318031092207,0.0,0.0,0.0005600318031092207,1.0527556932622701,2022
2022-08-01 00:00:00+00:00,BTCUSDT_220930,0.043266735459256855,60,23433.5,23268.01,0.0071123400754942775,BTCUSDT_220930,False,23433.5,23268.01,0.0009059648848355208,0.0004529824424177604,0.0,0.0,0.0004529824424177604,1.0532325731074732,2022
2022-08-02 00:00:00+00:00,BTCUSDT_220930,0.038863409588528686,59,23132.2,22987.79,0.006282030591022445,BTCUSDT_220930,False,23132.2,22987.79,-3.5671110620016495e-05,-1.7835555310008247e-05,0.0,0.0,-1.7835555310008247e-05,1.0532137881196613,2022
2022-08-03 00:00:00+00:00,BTCUSDT_220930,0.04005314199888514,58,22963.6,22818.37,0.006364608865576269,BTCUSDT_220930,False,22963.6,22818.37,0.0013809049463216873,0.0006904524731608437,0.0,0.0,0.0006904524731608437,1.0539409821844354,2022
2022-08-04 00:00:00+00:00,BTCUSDT_220930,0.03218881940150533,57,22736.7,22622.98,0.005026747139413161,BTCUSDT_220930,False,22736.7,22622.98,-0.002703445788309049,-0.0013517228941545246,0.0,0.0,-0.0013517228941545246,1.052516346029729,2022
2022-08-05 00:00:00+00:00,BTCUSDT_220930,0.048894231364348444,56,23487.3,23312.42,0.007501580702475377,BTCUSDT_220930,False,23487.3,23312.42,-0.0006095463276656447,-0.00030477316383282235,0.0,0.0,-0.00030477316383282235,1.052195567292964,2022
2022-08-06 00:00:00+00:00,BTCUSDT_220930,0.05466840287685793,55,23143.3,22954.21,0.00823770454308818,BTCUSDT_220930,False,23143.3,22954.21,0.0007048815881705487,0.00035244079408527435,0.0,0.0,0.00035244079408527435,1.0525664039342337,2022
2022-08-07 00:00:00+00:00,BTCUSDT_220930,0.050432547243682256,54,23347.3,23174.39,0.007461253564818744,BTCUSDT_220930,False,23347.3,23174.39,0.00032837973297250036,0.00016418986648625018,0.0,0.0,0.00016418986648625018,1.0527392246715634,2022
2022-08-08 00:00:00+00:00,BTCUSDT_220930,0.047811289057237506,53,23975.3,23810.0,0.006942461150776954,BTCUSDT_220930,False,23975.3,23810.0,0.0011696766064678095,0.0005848383032339047,0.0,0.0,0.0005848383032339047,1.053354906893468,2022
2022-08-09 00:00:00+00:00,BTCUSDT_220930,0.04167582518453709,52,23287.4,23149.95,0.005937377834509393,BTCUSDT_220930,False,23287.4,23149.95,0.0002073438603538786,0.0001036719301769393,0.0,0.0,0.0001036719301769393,1.053464110229827,2022
2022-08-10 00:00:00+00:00,BTCUSDT_220930,0.0396324564379412,51,24086.7,23954.05,0.005537685694068496,BTCUSDT_220930,False,24086.7,23954.05,-0.0004032720980376953,-0.00020163604901884765,0.0,0.0,-0.00020163604901884765,1.0532516938888572,2022
2022-08-11 00:00:00+00:00,BTCUSDT_220930,0.04340461570150773,50,24076.7,23934.39,0.005945837767329826,BTCUSDT_220930,False,24076.7,23934.39,0.000258623679149639,0.0001293118395748195,0.0,0.0,0.0001293118395748195,1.0533878918029294,2022
2022-08-12 00:00:00+00:00,BTCUSDT_220930,0.04154927052152826,49,24539.8,24403.68,0.005577847275492835,BTCUSDT_220930,False,24539.8,24403.68,4.917291162647304e-05,2.458645581323652e-05,0.0,0.0,2.458645581323652e-05,1.0534137908777854,2022
2022-08-13 00:00:00+00:00,BTCUSDT_220930,0.04197611455108727,48,24576.3,24441.38,0.005520146571101887,BTCUSDT_220930,False,24576.3,24441.38,0.0008289220985066472,0.0004144610492533236,0.0,0.0,0.0004144610492533236,1.0538503898628506,2022
2022-08-14 00:00:00+00:00,BTCUSDT_220930,0.03663591393670923,47,24419.9,24305.24,0.0047175012466447504,BTCUSDT_220930,False,24419.9,24305.24,8.146391477720703e-05,4.0731957388603515e-05,0.0,0.0,4.0731957388603515e-05,1.0538933152520245,2022
2022-08-15 00:00:00+00:00,BTCUSDT_220930,0.037107199985217915,46,24207.5,24094.82,0.004676523833753491,BTCUSDT_220930,False,24207.5,24094.82,0.00015854030036345352,7.927015018172676e-05,0.0,0.0,7.927015018172676e-05,1.0539768575334,2022
2022-08-16 00:00:00+00:00,BTCUSDT_220930,0.03701467949579541,45,23963.6,23854.74,0.004563453636467928,BTCUSDT_220930,False,23963.6,23854.74,0.001782454975405173,0.0008912274877025865,0.0,0.0,0.0008912274877025865,1.0549161906802362,2022
2022-08-17 00:00:00+00:00,BTCUSDT_220930,0.023575738778076522,44,23409.0,23342.66,0.002842006866398266,BTCUSDT_220930,False,23409.0,23342.66,0.0007942539539195993,0.00039712697695979966,0.0,0.0,0.00039712697695979966,1.055335126357987,2022
2022-08-18 00:00:00+00:00,BTCUSDT_220930,0.017495609802274374,43,23239.0,23191.2,0.0020611266342405424,BTCUSDT_220930,False,23239.0,23191.2,0.001219859256959417,0.0006099296284797085,0.0,0.0,0.0006099296284797085,1.0559788065195281,2022
2022-08-19 00:00:00+00:00,BTCUSDT_220930,0.008138044381246975,42,20853.9,20834.39,0.0009364325041434877,BTCUSDT_220930,False,20853.9,20834.39,-0.000730522947875965,-0.0003652614739379825,0.0,0.0,-0.0003652614739379825,1.0555930981442114,2022
2022-08-20 00:00:00+00:00,BTCUSDT_220930,0.014625387111635359,41,21174.8,21140.07,0.0016428517029508211,BTCUSDT_220930,False,21174.8,21140.07,0.0011466376412188608,0.0005733188206094304,0.0,0.0,0.0005733188206094304,1.056198289534283,2022
2022-08-21 00:00:00+00:00,BTCUSDT_220930,0.004448921039188821,40,21526.1,21515.61,0.00048755299059603525,BTCUSDT_220930,False,21526.1,21515.61,0.00025655791306871783,0.00012827895653435892,0.0,0.0,0.00012827895653435892,1.0563337775487578,2022
2022-08-22 00:00:00+00:00,BTCUSDT_220930,0.002173573461288216,39,21404.8,21399.83,0.0002322448355896998,BTCUSDT_220930,False,21404.8,21399.83,-9.859891410372045e-05,-4.929945705186022e-05,0.0,0.0,-4.929945705186022e-05,1.056281700867059,2022
2022-08-23 00:00:00+00:00,BTCUSDT_220930,0.00315875721617565,38,21536.2,21529.12,0.00032885691565664305,BTCUSDT_220930,False,21536.2,21529.12,-0.00027590537838959755,-0.00013795268919479878,0.0,0.0,-0.00013795268919479878,1.0561359839658773,2022
2022-08-24 00:00:00+00:00,BTCUSDT_220930,0.006010860149368073,37,21381.1,21368.08,0.0006093200699359417,BTCUSDT_220930,False,21381.1,21368.08,0.00021808229845621209,0.00010904114922810604,0.0,0.0,0.00010904114922810604,1.05625114624731,2022
2022-08-25 00:00:00+00:00,BTCUSDT_220930,0.003931580956810554,36,21567.4,21559.04,0.00038777236834295877,BTCUSDT_220930,False,21567.4,21559.04,0.0009513410615685299,0.00047567053078426493,0.0,0.0,0.00047567053078426493,1.056753573790687,2022
2022-08-26 00:00:00+00:00,BTCUSDT_220930,-0.006259909582611579,35,20228.9,20241.05,-0.0006002653024422062,BTCUSDT_220930,False,20228.9,20241.05,-0.0002445525306246824,-0.0001222762653123412,0.0,0.0,-0.0001222762653123412,1.0566243579103285,2022
2022-08-27 00:00:00+00:00,BTCUSDT_220930,-0.0038574538690775134,34,20030.4,20037.6,-0.00035932446999626153,BTCUSDT_220930,False,20030.4,20037.6,0.0014427875593885243,0.0007213937796942621,0.0,0.0,0.0007213937796942621,1.0573866001495984,2022
2022-08-28 00:00:00+00:00,BTCUSDT_220930,-0.02042372929550606,33,19519.5,19555.61,-0.0018465289500046575,BTCUSDT_220930,False,19519.5,19555.61,-0.0015893137570242885,-0.0007946568785121442,0.0,0.0,-0.0007946568785121442,1.056546340614543,2022
2022-08-29 00:00:00+00:00,BTCUSDT_220930,-0.002828265854863824,32,20280.7,20285.73,-0.0002479575543990202,BTCUSDT_220930,False,20280.7,20285.73,0.0012930271673732997,0.0006465135836866498,0.0,0.0,0.0006465135836866498,1.0572294121755448,2022
2022-08-30 00:00:00+00:00,BTCUSDT_220930,-0.01857801367086664,31,19780.4,19811.66,-0.0015778586953338791,BTCUSDT_220930,False,19780.4,19811.66,-0.0008600995575331515,-0.00043004977876657575,0.0,0.0,-0.00043004977876657575,1.0567747509007333,2022
2022-08-31 00:00:00+00:00,BTCUSDT_220930,-0.008628919073398139,30,20035.8,20050.02,-0.0007092262252108059,BTCUSDT_220930,False,20035.8,20050.02,0.0013885272932394335,0.0006942636466197167,0.0,0.0,0.0006942636466197167,1.0575084311929492,2022
2022-09-01 00:00:00+00:00,BTCUSDT_220930,-0.026295949825245475,29,20089.4,20131.46,-0.0020892672463893665,BTCUSDT_220930,False,20089.4,20131.46,-0.0015051069321348593,-0.0007525534660674296,0.0,0.0,-0.0007525534660674296,1.0567125995576594,2022
2022-09-02 00:00:00+00:00,BTCUSDT_220930,-0.007683494170469649,28,19940.1,19951.86,-0.0005894187308853429,BTCUSDT_220930,False,19940.1,19951.86,-3.809168668996461e-05,-1.9045843344982304e-05,0.0,0.0,-1.9045843344982304e-05,1.0566924735750276,2022
2022-09-03 00:00:00+00:00,BTCUSDT_220930,-0.007498207620233246,27,19820.9,19831.9,-0.0005546619335515003,BTCUSDT_220930,False,19820.9,19831.9,-0.0007109757511888513,-0.00035548787559442567,0.0,0.0,-0.00035548787559442567,1.0563168322124397,2022
2022-09-04 00:00:00+00:00,BTCUSDT_220930,0.0021759288995295777,26,20003.4,20000.3,0.00015499767503498362,BTCUSDT_220930,False,20003.4,20000.3,0.0011819822702660988,0.0005909911351330494,0.0,0.0,0.0005909911351330494,1.0569411060961689,2022
2022-09-05 00:00:00+00:00,BTCUSDT_220930,-0.015148074137085148,25,19776.3,19796.84,-0.0010375393244578869,BTCUSDT_220930,False,19776.3,19796.84,0.00023084492272502626,0.00011542246136251313,0.0,0.0,0.00011542246136251313,1.0570631008401496,2022
2022-09-06 00:00:00+00:00,BTCUSDT_220930,-0.020322983128275712,24,18765.5,18790.61,-0.0013363057399414166,BTCUSDT_220930,False,18765.5,18790.61,-0.0006636293340131674,-0.0003318146670065837,0.0,0.0,-0.0003318146670065837,1.0567123517993393,2022
2022-09-07 00:00:00+00:00,BTCUSDT_220930,-0.010397189027007784,23,19280.2,19292.84,-0.0006551653359484357,BTCUSDT_220930,False,19280.2,19292.84,-0.00017985947118192688,-8.992973559096344e-05,0.0,0.0,-8.992973559096344e-05,1.0566173219369464,2022
2022-09-08 00:00:00+00:00,BTCUSDT_220930,-0.007874764366432299,22,19310.6,19319.77,-0.0004746433316753715,BTCUSDT_220930,False,19310.6,19319.77,-0.0010124344130391465,-0.0005062172065195732,0.0,0.0,-0.0005062172065195732,1.0560824440678753,2022
2022-09-09 00:00:00+00:00,BTCUSDT_220930,0.008454455301872749,21,21370.5,21360.11,0.00048642071599815816,BTCUSDT_220930,False,21370.5,21360.11,0.000511701484683379,0.0002558507423416895,0.0,0.0,0.0002558507423416895,1.056352643545164,2022
2022-09-10 00:00:00+00:00,BTCUSDT_220930,-0.00045523120941448326,20,21647.8,21648.34,-2.494417585832785e-05,BTCUSDT_220930,False,21647.8,21648.34,-0.0009178532857485894,-0.0004589266428742947,0.0,0.0,-0.0004589266428742947,1.0558678551727705,2022
2022-09-11 00:00:00+00:00,BTCUSDT_220930,0.01701295117826074,19,21846.2,21826.87,0.0008856056777724771,BTCUSDT_220930,False,21846.2,21826.87,0.0006904333970011893,0.00034521669850059463,0.0,0.0,0.00034521669850059463,1.056232358387786,2022
2022-09-12 00:00:00+00:00,BTCUSDT_220930,0.0038571323534431494,18,22400.0,22395.74,0.0001902147461971964,BTCUSDT_220930,False,22400.0,22395.74,0.00018887520573107041,9.443760286553521e-05,0.0,0.0,9.443760286553521e-05,1.056332106439781,2022
2022-09-13 00:00:00+00:00,BTCUSDT_220930,3.192878836189273e-05,17,20173.6,20173.57,1.4870942524717165e-06,BTCUSDT_220930,False,20173.6,20173.57,-0.00023595228806810284,-0.00011797614403405142,0.0,0.0,-0.00011797614403405142,1.0562074844510438,2022
2022-09-14 00:00:00+00:00,BTCUSDT_220930,0.005402355350920636,16,20231.5,20226.71,0.00023681557702665798,BTCUSDT_220930,False,20231.5,20226.71,-4.597880723047164e-05,-2.298940361523582e-05,0.0,0.0,-2.298940361523582e-05,1.0561832028708824,2022
2022-09-15 00:00:00+00:00,BTCUSDT_220930,0.007064638839877537,15,19707.6,19701.88,0.00029032762355661113,BTCUSDT_220930,False,19707.6,19701.88,0.0005897914310713162,0.0002948957155356581,0.0,0.0,0.0002948957155356581,1.05649466677223,2022
2022-09-16 00:00:00+00:00,BTCUSDT_220930,-0.007767464441349254,14,19797.4,19803.3,-0.0002979301429558618,BTCUSDT_220930,False,19797.4,19803.3,-0.000604949680103799,-0.0003024748400518995,0.0,0.0,-0.0003024748400518995,1.0561751037168823,2022
2022-09-17 00:00:00+00:00,BTCUSDT_220930,0.008487169008251192,13,20119.7,20113.62,0.0003022827318007274,BTCUSDT_220930,False,20119.7,20113.62,0.0008780120137500606,0.0004390060068750303,0.0,0.0,0.0004390060068750303,1.056638770931726,2022
2022-09-18 00:00:00+00:00,BTCUSDT_220930,-0.01814079803545564,12,19404.6,19416.18,-0.0005964097984259389,BTCUSDT_220930,False,19404.6,19416.18,0.0004037869447028275,0.00020189347235141376,0.0,0.0,0.00020189347235141376,1.0568520994022104,2022
2022-09-19 00:00:00+00:00,BTCUSDT_220930,-0.03298307055482217,11,19517.6,19537.02,-0.0009940103454877914,BTCUSDT_220930,False,19517.6,19537.02,-0.0011475649817629244,-0.0005737824908814622,0.0,0.0,-0.0005737824908814622,1.056245696172122,2022
2022-09-20 00:00:00+00:00,BTCUSDT_220930,0.005801324503311258,10,18878.0,18875.0,0.00015894039735099338,BTCUSDT_220930,False,18878.0,18875.0,0.0007819867549669953,0.00039099337748349765,0.0,0.0,0.00039099337748349765,1.0566586812443208,2022
2022-09-21 00:00:00+00:00,BTCUSDT_220930,-0.025834138618900014,9,18449.6,18461.36,-0.0006370061577263017,BTCUSDT_220930,False,18449.6,18461.36,-0.0004891297282541738,-0.0002445648641270869,0.0,0.0,-0.0002445648641270869,1.0564002596575137,2022
2022-09-22 00:00:00+00:00,BTCUSDT_220930,-0.0064198858549503355,8,19398.9,19401.63,-0.00014070982695781558,BTCUSDT_220930,False,19398.9,19401.63,0.0,0.0,0.0,0.0,0.0,1.0564002596575137,2022
2022-09-23 00:00:00+00:00,BTCUSDT_221230,0.0100189049876439,98,19341.8,19289.91,0.0026900073665454853,BTCUSDT_220930,True,19341.8,19289.91,-0.0005655806584893271,-0.00028279032924466354,-0.001,-0.0005,-0.0007827903292446635,1.0555733197504422,2022
2022-09-24 00:00:00+00:00,BTCUSDT_221230,0.012489589511403647,97,18983.3,18920.5,0.0033191511852223394,BTCUSDT_221230,False,18983.3,18920.5,-0.00030231759202987047,-0.00015115879601493523,0.0,0.0,-0.00015115879601493523,1.0554137605583234,2022
2022-09-25 00:00:00+00:00,BTCUSDT_221230,0.013851942694835837,96,18875.9,18807.38,0.0036432506813814805,BTCUSDT_221230,False,18875.9,18807.38,-0.0001786532733427294,-8.93266366713647e-05,0.0,0.0,-8.93266366713647e-05,1.055319483996796,2022
2022-09-26 00:00:00+00:00,BTCUSDT_221230,0.014363070088850082,95,19299.7,19227.82,0.0037383333107965967,BTCUSDT_221230,False,19299.7,19227.82,-0.0005299612748610446,-0.0002649806374305223,0.0,0.0,-0.0002649806374305223,1.0550398447672338,2022
2022-09-27 00:00:00+00:00,BTCUSDT_221230,0.01670286138989493,94,19161.2,19079.13,0.004301558823698969,BTCUSDT_221230,False,19161.2,19079.13,0.00026154232399475043,0.00013077116199737522,0.0,0.0,0.00013077116199737522,1.0551778135536876,2022
2022-09-28 00:00:00+00:00,BTCUSDT_221230,0.015583427836342135,93,19489.9,19412.82,0.003970572024054297,BTCUSDT_221230,False,19489.9,19412.82,-0.0016180029485669705,-0.0008090014742834853,0.0,0.0,-0.0008090014742834853,1.0543241731468913,2022
2022-09-29 00:00:00+00:00,BTCUSDT_221230,0.021969837067622764,92,19700.0,19591.51,0.0055376027677295735,BTCUSDT_221230,False,19700.0,19591.51,0.0007605335168142453,0.0003802667584071227,0.0,0.0,0.0003802667584071227,1.0547250975825242,2022
2022-09-30 00:00:00+00:00,BTCUSDT_221230,0.01932739531599832,91,19516.2,19422.61,0.004818610887002321,BTCUSDT_221230,False,19516.2,19422.61,0.00039335599077566904,0.00019667799538783452,0.0,0.0,0.00019667799538783452,1.054932538800402,2022
2022-10-01 00:00:00+00:00,BTCUSDT_221230,0.018050639662989282,90,19396.9,19310.95,0.0044508426566274946,BTCUSDT_221230,False,19396.9,19310.95,-0.0005566789826497401,-0.00027833949132487006,0.0,0.0,-0.00027833949132487006,1.0546389094141704,2022
2022-10-02 00:00:00+00:00,BTCUSDT_221230,0.020810348625445837,89,19153.5,19056.8,0.005074304185382684,BTCUSDT_221230,False,19153.5,19056.8,-0.00030015532513315594,-0.00015007766256657797,0.0,0.0,-0.00015007766256657797,1.0544806316717936,2022
2022-10-03 00:00:00+00:00,BTCUSDT_221230,0.021641881701675268,88,19731.5,19629.08,0.005217768739034037,BTCUSDT_221230,False,19731.5,19629.08,-0.00039023734174008625,-0.00019511867087004312,0.0,0.0,-0.00019511867087004312,1.0542748828124835,2022
2022-10-04 00:00:00+00:00,BTCUSDT_221230,0.022707934530715613,87,20447.9,20337.82,0.005412576175814406,BTCUSDT_221230,False,20447.9,20337.82,0.00044449208420572475,0.00022224604210286237,0.0,0.0,0.00022224604210286237,1.054509191232477,2022
2022-10-05 00:00:00+00:00,BTCUSDT_221230,0.021273292344653687,86,20259.3,20158.26,0.005012337374356759,BTCUSDT_221230,False,20259.3,20158.26,-0.0005054999786689093,-0.00025274998933445467,0.0,0.0,-0.00025274998933445467,1.05424266404564,2022
2022-10-06 00:00:00+00:00,BTCUSDT_221230,0.02392879126213532,85,20071.9,19960.67,0.005572458239127404,BTCUSDT_221230,False,20071.9,19960.67,0.0010781201232225208,0.0005390600616112604,0.0,0.0,0.0005390600616112604,1.0548109641610737,2022
2022-10-07 00:00:00+00:00,BTCUSDT_221230,0.019959524483696985,84,19619.8,19530.09,0.00459342481268643,BTCUSDT_221230,False,19619.8,19530.09,4.966694981935701e-05,2.4833474909678505e-05,0.0,0.0,2.4833474909678505e-05,1.0548371587826868,2022
2022-10-08 00:00:00+00:00,BTCUSDT_221230,0.02009697046830387,83,19506.7,19417.96,0.004569996024299237,BTCUSDT_221230,False,19506.7,19417.96,0.0004356791341625364,0.0002178395670812682,0.0,0.0,0.0002178395670812682,1.0550669440526974,2022
2022-10-09 00:00:00+00:00,BTCUSDT_221230,0.018382814691225133,82,19519.3,19439.02,0.004129837821042359,BTCUSDT_221230,False,19519.3,19439.02,7.973652992791161e-05,3.9868264963955804e-05,0.0,0.0,3.9868264963955804e-05,1.0551090077411778,2022
2022-10-10 00:00:00+00:00,BTCUSDT_221230,0.018543455901295535,81,19210.6,19131.87,0.004115123090424489,BTCUSDT_221230,False,19210.6,19131.87,-0.0009654048454229077,-0.00048270242271145384,0.0,0.0,-0.00048270242271145384,1.0545997040669164,2022
2022-10-11 00:00:00+00:00,BTCUSDT_221230,0.02326731374606523,80,19157.2,19060.0,0.005099685204617037,BTCUSDT_221230,False,19157.2,19060.0,0.00044228751311648954,0.00022114375655824477,0.0,0.0,0.00022114375655824477,1.0548329222071389,2022
2022-10-12 00:00:00+00:00,BTCUSDT_221230,0.02141104283816337,79,19244.3,19155.53,0.004634170915657277,BTCUSDT_221230,False,19244.3,19155.53,-0.0004437360908312117,-0.00022186804541560586,0.0,0.0,-0.00022186804541560586,1.0545988884884487,2022
2022-10-13 00:00:00+00:00,BTCUSDT_221230,0.023492679427117136,78,19472.4,19375.13,0.0050203534118222915,BTCUSDT_221230,False,19472.4,19375.13,0.0008722522119852333,0.00043612610599261665,0.0,0.0,0.00043612610599261665,1.0550588265950693,2022
2022-10-14 00:00:00+00:00,BTCUSDT_221230,0.019866301609520944,77,19257.3,19176.93,0.004190973216255103,BTCUSDT_221230,False,19257.3,19176.93,0.00013870833339850824,6.935416669925412e-05,0.0,0.0,6.935416669925412e-05,1.0551319993208064,2022
2022-10-15 00:00:00+00:00,BTCUSDT_221230,0.019571286758516965,76,19147.1,19069.39,0.004075117242869286,BTCUSDT_221230,False,19147.1,19069.39,0.00031935997952740734,0.00015967998976370367,0.0,0.0,0.00015967998976370367,1.055300482787657,2022
2022-10-16 00:00:00+00:00,BTCUSDT_221230,0.018094327392057807,75,19334.6,19262.98,0.0037180124778200974,BTCUSDT_221230,False,19334.6,19262.98,-0.0006188035288414302,-0.0003094017644207151,0.0,0.0,-0.0003094017644207151,1.0549739709562886,2022
2022-10-17 00:00:00+00:00,BTCUSDT_221230,0.02107715377017583,74,19633.4,19549.86,0.004273176380802771,BTCUSDT_221230,False,19633.4,19549.86,6.03584885006998e-05,3.01792442503499e-05,0.0,0.0,3.01792442503499e-05,1.0550058092734358,2022
2022-10-18 00:00:00+00:00,BTCUSDT_221230,0.021306494807382816,73,19409.8,19327.44,0.0042612989614765635,BTCUSDT_221230,False,19409.8,19327.44,-0.00041236708017189686,-0.00020618354008594843,0.0,0.0,-0.00020618354008594843,1.0547882844408685,2022
2022-10-19 00:00:00+00:00,BTCUSDT_221230,0.023944971502604172,72,19214.3,19123.97,0.004723391638869864,BTCUSDT_221230,False,19214.3,19123.97,0.0007503672093187192,0.0003751836046593596,0.0,0.0,0.0003751836046593596,1.0551840237115773,2022
2022-10-20 00:00:00+00:00,BTCUSDT_221230,0.020512711346897826,71,19117.9,19041.92,0.003990143851040399,BTCUSDT_221230,False,19117.9,19041.92,-0.0005330344839174735,-0.00026651724195873676,0.0,0.0,-0.00026651724195873676,1.0549027989758188,2022
2022-10-21 00:00:00+00:00,BTCUSDT_221230,0.0234344478097341,70,19250.5,19164.37,0.004494277662140786,BTCUSDT_221230,False,19250.5,19164.37,-0.0001054039344888685,-5.270196724443425e-05,0.0,0.0,-5.270196724443425e-05,1.0548472035230612,2022
2022-10-22 00:00:00+00:00,BTCUSDT_221230,0.02428099491196989,69,19292.5,19204.35,0.00459010588746828,BTCUSDT_221230,False,19292.5,19204.35,-0.0004868688604403974,-0.0002434344302201987,0.0,0.0,-0.0002434344302201987,1.0545904173951022,2022
2022-10-23 00:00:00+00:00,BTCUSDT_221230,0.026741690933005664,68,19667.9,19570.4,0.004982013653272288,BTCUSDT_221230,False,19667.9,19570.4,0.0007010587417733497,0.00035052937088667486,0.0,0.0,0.00035052937088667486,1.0549600823106549,2022
2022-10-24 00:00:00+00:00,BTCUSDT_221230,0.023612004355770003,67,19413.5,19329.72,0.004334258333798877,BTCUSDT_221230,False,19413.5,19329.72,-0.0017667095022587732,-0.0008833547511293866,0.0,0.0,-0.0008833547511293866,1.0540281783096939,2022
2022-10-25 00:00:00+00:00,BTCUSDT_221230,0.032479400538127506,66,20198.0,20080.07,0.005872987494565522,BTCUSDT_221230,False,20198.0,20080.07,0.0008177262330261743,0.00040886311651308713,0.0,0.0,0.00040886311651308713,1.0544591315555703,2022
2022-10-26 00:00:00+00:00,BTCUSDT_221230,0.027442179068029135,65,20873.1,20771.59,0.0048869633956764216,BTCUSDT_221230,False,20873.1,20771.59,-0.00023012200799276674,-0.00011506100399638337,0.0,0.0,-0.00011506100399638337,1.0543378044292202,2022
2022-10-27 00:00:00+00:00,BTCUSDT_221230,0.02986853267856173,64,20401.4,20295.11,0.0052372221682957555,BTCUSDT_221230,False,20401.4,20295.11,-6.750394553165671e-05,-3.3751972765828354e-05,0.0,0.0,-3.3751972765828354e-05,1.0543022184483593,2022
2022-10-28 00:00:00+00:00,BTCUSDT_221230,0.030290855234133694,63,20699.5,20591.84,0.0052282846020559525,BTCUSDT_221230,False,20699.5,20591.84,-0.00020250740098999855,-0.00010125370049499927,0.0,0.0,-0.00010125370049499927,1.0541954664473012,2022
2022-10-29 00:00:00+00:00,BTCUSDT_221230,0.03163692803672883,62,20921.5,20809.67,0.0053739439404854455,BTCUSDT_221230,False,20921.5,20809.67,0.0009039066933786701,0.00045195334668933506,0.0,0.0,0.00045195334668933506,1.0546719136164269,2022
2022-10-30 00:00:00+00:00,BTCUSDT_221230,0.026983183693171233,61,20720.5,20627.48,0.004509518370639576,BTCUSDT_221230,False,20720.5,20627.48,-0.00026372586472020286,-0.00013186293236010143,0.0,0.0,-0.00013186293236010143,1.0545328414852195,2022
2022-10-31 00:00:00+00:00,BTCUSDT_221230,0.029231008738581164,60,20589.2,20490.74,0.0048050973268900544,BTCUSDT_221230,False,20589.2,20490.74,-9.85811151769256e-05,-4.92905575884628e-05,0.0,0.0,-4.92905575884628e-05,1.0544808629734674,2022
2022-11-01 00:00:00+00:00,BTCUSDT_221230,0.030346860531587253,59,20584.1,20483.62,0.004905382935242871,BTCUSDT_221230,False,20584.1,20483.62,0.0005086991459516558,0.0002543495729758279,0.0,0.0,0.0002543495729758279,1.054749069730676,2022
2022-11-02 00:00:00+00:00,BTCUSDT_221230,0.028124324952546884,58,20241.9,20151.84,0.004469070814377313,BTCUSDT_221230,False,20241.9,20151.84,-0.0002342217881839835,-0.00011711089409199175,0.0,0.0,-0.00011711089409199175,1.0546255471240773,2022
2022-11-03 00:00:00+00:00,BTCUSDT_221230,0.030034143287276972,57,20302.6,20207.82,0.0046902634722596915,BTCUSDT_221230,False,20302.6,20207.82,-0.00031176049667897243,-0.00015588024833948621,0.0,0.0,-0.00015588024833948621,1.0544611518318865,2022
2022-11-04 00:00:00+00:00,BTCUSDT_221230,0.031152298127717103,56,21249.6,21148.52,0.004779530671649747,BTCUSDT_221230,False,21249.6,21148.52,-0.0005886936769099855,-0.00029434683845499274,0.0,0.0,-0.00029434683845499274,1.0541507745255712,2022
2022-11-05 00:00:00+00:00,BTCUSDT_221230,0.035373175997054376,55,21412.9,21299.37,0.005330204602295865,BTCUSDT_221230,False,21412.9,21299.37,5.211421746296816e-05,2.605710873148408e-05,0.0,0.0,2.605710873148408e-05,1.0541782426469222,2022
2022-11-06 00:00:00+00:00,BTCUSDT_221230,0.036347995412034206,54,21018.0,20905.58,0.005377511649999581,BTCUSDT_221230,False,21018.0,20905.58,0.00010762676759027971,5.3813383795139856e-05,0.0,0.0,5.3813383795139856e-05,1.0542349715452821,2022
2022-11-07 00:00:00+00:00,BTCUSDT_221230,0.03684683281239493,53,20701.3,20591.13,0.0053503620248135115,BTCUSDT_221230,False,20701.3,20591.13,0.0020445696763605756,0.0010222848381802878,0.0,0.0,0.0010222848381802878,1.0553126999725722,2022
2022-11-08 00:00:00+00:00,BTCUSDT_221230,0.025761207385767926,52,18615.3,18547.23,0.00367008981934228,BTCUSDT_221230,False,18615.3,18547.23,0.006102258935700829,0.0030511294678504143,0.0,0.0,0.0030511294678504143,1.0585325956492553,2022
2022-11-09 00:00:00+00:00,BTCUSDT_221230,-0.020275697469941782,51,15877.7,15922.81,-0.002833042660183646,BTCUSDT_221230,False,15877.7,15922.81,0.0029165706304354663,0.0014582853152177331,0.0,0.0,0.0014582853152177331,1.0600762381891697,2022
2022-11-10 00:00:00+00:00,BTCUSDT_221230,-0.03796996218997175,50,17509.6,17601.15,-0.005201364683557774,BTCUSDT_221230,False,17509.6,17601.15,-9.317572999508871e-05,-4.6587864997544356e-05,0.0,0.0,-4.6587864997544356e-05,1.0600268515004978,2022
2022-11-11 00:00:00+00:00,BTCUSDT_221230,-0.03923407103339305,49,16980.4,17070.31,-0.005267039672976053,BTCUSDT_221230,False,16980.4,17070.31,-0.001478004793117381,-0.0007390023965586905,0.0,0.0,-0.0007390023965586905,1.0592434891168223,2022
2022-11-12 00:00:00+00:00,BTCUSDT_221230,-0.029255005924311697,48,16747.4,16812.08,-0.0038472336557998942,BTCUSDT_221230,False,16747.4,16812.08,-0.0013044192033347622,-0.0006522096016673811,0.0,0.0,-0.0006522096016673811,1.0585526403427168,2022
2022-11-13 00:00:00+00:00,BTCUSDT_221230,-0.020330540749061616,47,16287.1,16329.85,-0.002617905247139441,BTCUSDT_221230,False,16287.1,16329.85,0.0017091400104716121,0.0008545700052358061,0.0,0.0,0.0008545700052358061,1.0594572476781168,2022
2022-11-14 00:00:00+00:00,BTCUSDT_221230,-0.03373585779143448,46,16548.8,16619.46,-0.004251642351797222,BTCUSDT_221230,False,16548.8,16619.46,-1.1432381076081313e-05,-5.7161905380406565e-06,0.0,0.0,-5.7161905380406565e-06,1.0594511916186222,2022
2022-11-15 00:00:00+00:00,BTCUSDT_221230,-0.03382075279117861,45,16830.1,16900.57,-0.004169681850967226,BTCUSDT_221230,False,16830.1,16900.57,-0.0015034995861088409,-0.0007517497930544204,0.0,0.0,-0.0007517497930544204,1.0586547494045717,2022
2022-11-16 00:00:00+00:00,BTCUSDT_221230,-0.02243284916893495,44,16617.7,16662.76,-0.0027042338724195558,BTCUSDT_221230,False,16617.7,16662.76,0.0007381730277578811,0.00036908651387894056,0.0,0.0,0.00036908651387894056,1.059045484595431,2022
2022-11-17 00:00:00+00:00,BTCUSDT_221230,-0.029168265577947237,43,16635.2,16692.56,-0.003436261424251318,BTCUSDT_221230,False,16635.2,16692.56,-0.0008452867624858368,-0.0004226433812429184,0.0,0.0,-0.0004226433812429184,1.0585978860309315,2022
2022-11-18 00:00:00+00:00,BTCUSDT_221230,-0.02250616571637861,42,16657.2,16700.45,-0.0025897505755832924,BTCUSDT_221230,False,16657.2,16700.45,-0.0006209413518796788,-0.0003104706759398394,0.0,0.0,-0.0003104706759398394,1.058269222429707,2022
2022-11-19 00:00:00+00:00,BTCUSDT_221230,-0.017526962681876444,41,16667.8,16700.68,-0.0019687821094710525,BTCUSDT_221230,False,16667.8,16700.68,-0.000368248478505154,-0.000184124239252577,0.0,0.0,-0.000184124239252577,1.0580743694142027,2022
2022-11-20 00:00:00+00:00,BTCUSDT_221230,-0.014982051850618574,40,16253.5,16280.23,-0.0016418686959581998,BTCUSDT_221230,False,16253.5,16280.23,0.0013243056148470453,0.0006621528074235226,0.0,0.0,0.0006621528074235226,1.0587749763283734,2022
2022-11-21 00:00:00+00:00,BTCUSDT_221230,-0.028638018298559876,39,15733.0,15781.29,-0.003059952640120096,BTCUSDT_221230,False,15733.0,15781.29,-0.0006875230098426911,-0.00034376150492134556,0.0,0.0,-0.00034376150492134556,1.0584110102491378,2022
2022-11-22 00:00:00+00:00,BTCUSDT_221230,-0.0221619758643086,38,16189.5,16226.94,-0.0023072741995718545,BTCUSDT_221230,False,16189.5,16226.94,-2.6499142783449748e-05,-1.3249571391724874e-05,0.0,0.0,-1.3249571391724874e-05,1.0583969867568956,2022
2022-11-23 00:00:00+00:00,BTCUSDT_221230,-0.02198977472585972,37,16566.1,16603.11,-0.002229100451662492,BTCUSDT_221230,False,16566.1,16603.11,0.0010142678088623242,0.0005071339044311621,0.0,0.0,0.0005071339044311621,1.0589337357532278,2022
2022-11-24 00:00:00+00:00,BTCUSDT_221230,-0.0328923917878353,36,16545.1,16598.95,-0.0032441811078412898,BTCUSDT_221230,False,16545.1,16598.95,-0.00013916542913866898,-6.958271456933449e-05,0.0,0.0,-6.958271456933449e-05,1.058860052269345,2022
2022-11-25 00:00:00+00:00,BTCUSDT_221230,-0.032531413692692385,35,16470.6,16522.14,-0.003119450628066393,BTCUSDT_221230,False,16470.6,16522.14,0.00027417755811286166,0.00013708877905643083,0.0,0.0,0.00013708877905643083,1.0590052101011023,2022
2022-11-26 00:00:00+00:00,BTCUSDT_221230,-0.036572311031667235,34,16402.5,16458.57,-0.003406735822127907,BTCUSDT_221230,False,16402.5,16458.57,-0.001682406187171931,-0.0008412030935859655,0.0,0.0,-0.0008412030935859655,1.0581143716422416,2022
2022-11-27 00:00:00+00:00,BTCUSDT_221230,-0.01910671394954288,33,16400.4,16428.78,-0.0017274563296846986,BTCUSDT_221230,False,16400.4,16428.78,0.0010183348976614943,0.0005091674488307471,0.0,0.0,0.0005091674488307471,1.0586531290374217,2022
2022-11-28 00:00:00+00:00,BTCUSDT_221230,-0.03173618662535021,32,16167.8,16212.91,-0.0027823506082498813,BTCUSDT_221230,False,16167.8,16212.91,-0.0011460003170314119,-0.0005730001585157059,0.0,0.0,-0.0005730001585157059,1.05804652062667,2022
2022-11-29 00:00:00+00:00,BTCUSDT_221230,-0.018997645425533418,31,16416.0,16442.53,-0.0016134986525795506,BTCUSDT_221230,False,16416.0,16442.53,-0.001088032072923049,-0.0005440160364615245,0.0,0.0,-0.0005440160364615245,1.057470926352127,2022
2022-11-30 00:00:00+00:00,BTCUSDT_221230,-0.006124574973606585,30,17155.0,17163.64,-0.0005033897238580755,BTCUSDT_221230,False,17155.0,17163.64,0.0007533367048015626,0.0003766683524007813,0.0,0.0,0.0003766683524007813,1.0578692421836675,2022
2022-12-01 00:00:00+00:00,BTCUSDT_221230,-0.015990962249077274,29,16955.8,16977.37,-0.0012705148088307972,BTCUSDT_221230,False,16955.8,16977.37,-0.00016080229152098138,-8.040114576049069e-05,0.0,0.0,-8.040114576049069e-05,1.0577841882845311,2022
2022-12-02 00:00:00+00:00,BTCUSDT_221230,-0.014368255595232773,28,17073.9,17092.74,-0.0011022223470315551,BTCUSDT_221230,False,17073.9,17092.74,-0.00017785328741915416,-8.892664370957708e-05,0.0,0.0,-8.892664370957708e-05,1.0576901230868978,2022
2022-12-03 00:00:00+00:00,BTCUSDT_221230,-0.012649692783774119,27,16869.4,16885.2,-0.0009357306990737019,BTCUSDT_221230,False,16869.4,16885.2,-0.0003849525027835027,-0.00019247625139175135,0.0,0.0,-0.00019247625139175135,1.057486542856872,2022
2022-12-04 00:00:00+00:00,BTCUSDT_221230,-0.007632408630321009,26,17096.4,17105.7,-0.0005436784229817705,BTCUSDT_221230,False,17096.4,17105.7,0.00037706729335839674,0.00018853364667919837,0.0,0.0,0.00018853364667919837,1.057685914651111,2022
2022-12-05 00:00:00+00:00,BTCUSDT_221230,-0.013553298146036124,25,16950.6,16966.35,-0.0009283080921942551,BTCUSDT_221230,False,16950.6,16966.35,-0.00045325010977625296,-0.00022662505488812648,0.0,0.0,-0.00022662505488812648,1.0574462165226488,2022
2022-12-06 00:00:00+00:00,BTCUSDT_221230,-0.007173003311297544,24,17080.9,17088.96,-0.0004716495327976467,BTCUSDT_221230,False,17080.9,17088.96,0.00023875063198706923,0.00011937531599353462,0.0,0.0,0.00011937531599353462,1.0575724494988925,2022
2022-12-07 00:00:00+00:00,BTCUSDT_221230,-0.01144269413250632,23,16824.5,16836.64,-0.00072104647958259,BTCUSDT_221230,False,16824.5,16836.64,-0.0004418933944066232,-0.0002209466972033116,0.0,0.0,-0.0002209466972033116,1.0573387823591225,2022
2022-12-08 00:00:00+00:00,BTCUSDT_221230,-0.004527218997057869,22,17219.4,17224.1,-0.00027287347379526883,BTCUSDT_221230,False,17219.4,17224.1,-0.00015327361081251154,-7.663680540625577e-05,0.0,0.0,-7.663680540625577e-05,1.0572577512926102,2022
2022-12-09 00:00:00+00:00,BTCUSDT_221230,-0.002090354466737698,21,17126.5,17128.56,-0.00012026696931915523,BTCUSDT_221230,False,17126.5,17128.56,-2.7439551252479142e-05,-1.3719775626239571e-05,0.0,0.0,-1.3719775626239571e-05,1.0572432459534833,2022
2022-12-10 00:00:00+00:00,BTCUSDT_221230,-0.001694206214687771,20,17125.9,17127.49,-9.283321724316554e-05,BTCUSDT_221230,False,17125.9,17127.49,-0.00021252384324845132,-0.00010626192162422566,0.0,0.0,-0.00010626192162422566,1.057130901254544,2022
2022-12-11 00:00:00+00:00,BTCUSDT_221230,0.0023050315303352604,19,17087.1,17085.05,0.00011998794267498617,BTCUSDT_221230,False,17087.1,17085.05,-6.555438819312682e-05,-3.277719409656341e-05,0.0,0.0,-3.277719409656341e-05,1.0570962514698081,2022
2022-12-12 00:00:00+00:00,BTCUSDT_221230,0.003735106945014573,18,17213.0,17209.83,0.00018419705482263646,BTCUSDT_221230,False,17213.0,17209.83,-0.0018901987991748013,-0.0009450993995874006,0.0,0.0,-0.0009450993995874006,1.0560971904372378,2022
2022-12-13 00:00:00+00:00,BTCUSDT_221230,0.04312309068507572,17,17810.4,17774.7,0.0020084727168391435,BTCUSDT_221230,False,17810.4,17774.7,0.0005541584386798192,0.0002770792193399096,0.0,0.0,0.0002770792193399096,1.0563898130223113,2022
2022-12-14 00:00:00+00:00,BTCUSDT_221230,0.033123527297133755,16,17829.0,17803.15,0.0014519902376825755,BTCUSDT_221230,False,17829.0,17803.15,-3.42635994192366e-05,-1.71317997096183e-05,0.0,0.0,-1.71317997096183e-05,1.0563717151636194,2022
2022-12-15 00:00:00+00:00,BTCUSDT_221230,0.03709653072018518,15,17382.8,17356.34,0.0015245149611035004,BTCUSDT_221230,False,17382.8,17356.34,0.001364342943270105,0.0006821714716350525,0.0,0.0,0.0006821714716350525,1.0570923418111462,2022
2022-12-16 00:00:00+00:00,BTCUSDT_221230,0.004357747023748983,14,16634.9,16632.12,0.00016714646118489248,BTCUSDT_221230,False,16634.9,16632.12,0.0008778195443516632,0.0004389097721758316,0.0,0.0,0.0004389097721758316,1.0575563099700593,2022
2022-12-17 00:00:00+00:00,BTCUSDT_221230,-0.019781768255229485,13,16764.7,16776.52,-0.0007045561296383105,BTCUSDT_221230,False,16764.7,16776.52,-0.00028671023549587814,-0.00014335511774793907,0.0,0.0,-0.00014335511774793907,1.0574047038607184,2022
2022-12-18 00:00:00+00:00,BTCUSDT_221230,-0.012738568421192269,12,16731.2,16738.21,-0.0004188022494638554,BTCUSDT_221230,False,16731.2,16738.21,-0.0005872790459671679,-0.00029363952298358396,0.0,0.0,-0.00029363952298358396,1.0570942080478762,2022
2022-12-19 00:00:00+00:00,BTCUSDT_221230,0.005692159518940317,11,16441.7,16438.88,0.00017154453344751642,BTCUSDT_221230,False,16441.7,16438.88,-0.00021412650983524645,-0.00010706325491762323,0.0,0.0,-0.00010706325491762323,1.056981032101208,2022
2022-12-20 00:00:00+00:00,BTCUSDT_221230,0.0136964977781148,10,16901.9,16895.56,0.0003752465144688986,BTCUSDT_221230,False,16901.9,16895.56,-0.0009996709194606782,-0.0004998354597303391,0.0,0.0,-0.0004998354597303391,1.0564527155011016,2022
2022-12-21 00:00:00+00:00,BTCUSDT_221230,0.055995484937041,9,16847.9,16824.67,0.001380710587488682,BTCUSDT_221230,False,16847.9,16824.67,0.0010080435455793646,0.0005040217727896823,0.0,0.0,0.0005040217727896823,1.056985190671637,2022
2022-12-22 00:00:00+00:00,BTCUSDT_221230,0.017006208746819972,8,16827.7,16821.43,0.000372738821848109,BTCUSDT_221230,False,16827.7,16821.43,0.0,0.0,0.0,0.0,0.0,1.056985190671637,2022
2022-12-23 00:00:00+00:00,BTCUSDT_230331,0.009212165958256833,98,16820.0,16778.5,0.002473403462764848,BTCUSDT_221230,True,16820.0,16778.5,-0.0003027684238758975,-0.00015138421193794876,-0.001,-0.0005,-0.0006513842119379488,1.0562966872061812,2022
2022-12-24 00:00:00+00:00,BTCUSDT_230331,0.01041066811901824,97,16882.7,16836.12,0.0027666707056021073,BTCUSDT_230331,False,16882.7,16836.12,-0.004241476064556217,-0.0021207380322781086,0.0,0.0,-0.0021207380322781086,1.0540565586482538,2022
2022-12-25 00:00:00+00:00,BTCUSDT_230331,0.02665190594049066,96,16950.1,16832.11,0.007009816356950968,BTCUSDT_230331,False,16950.1,16832.11,0.0022207554489601946,0.0011103777244800973,0.0,0.0,0.0011103777244800973,1.0552269595713188,2022
2022-12-26 00:00:00+00:00,BTCUSDT_230331,0.018305157884720438,95,17000.0,16919.39,0.004764356161776552,BTCUSDT_230331,False,17000.0,16919.39,-0.00039776847746872456,-0.00019888423873436228,0.0,0.0,-0.00019888423873436228,1.0550170915607726,2022
2022-12-27 00:00:00+00:00,BTCUSDT_230331,0.020300015185960807,94,16793.7,16706.36,0.005227949116384427,BTCUSDT_230331,False,16793.7,16706.36,0.0009427547353223562,0.0004713773676611781,0.0,0.0,0.0004713773676611781,1.0555144027402301,2022
2022-12-28 00:00:00+00:00,BTCUSDT_230331,0.016979890107597227,93,16618.9,16547.31,0.004326382958922033,BTCUSDT_230331,False,16618.9,16547.31,-0.00029853794967270753,-0.00014926897483635376,0.0,0.0,-0.00014926897483635376,1.055356847187408,2022
2022-12-29 00:00:00+00:00,BTCUSDT_230331,0.01825382536065743,92,16710.0,16633.47,0.004600964200494475,BTCUSDT_230331,False,16710.0,16633.47,0.00046352324560053473,0.00023176162280026736,0.0,0.0,0.00023176162280026736,1.0556014384029455,2022
2022-12-30 00:00:00+00:00,BTCUSDT_230331,0.016621201033285155,91,16676.3,16607.48,0.004143915874051916,BTCUSDT_230331,False,16676.3,16607.48,-0.0006009340369519978,-0.0003004670184759989,0.0,0.0,-0.0003004670184759989,1.0552842649860497,2022
2022-12-31 00:00:00+00:00,BTCUSDT_230331,0.019318706945653276,90,16621.2,16542.4,0.004763516781119986,BTCUSDT_230331,False,16621.2,16542.4,-0.0002871409227197988,-0.0001435704613598994,0.0,0.0,-0.0001435704613598994,1.0551327573372598,2022
2023-01-01 00:00:00+00:00,BTCUSDT_230331,0.02062069155547814,89,16700.3,16616.75,0.005028059036815218,BTCUSDT_230331,False,16700.3,16616.75,6.740186859638506e-05,3.370093429819253e-05,0.0,0.0,3.370093429819253e-05,1.0551683162969905,2023
2023-01-02 00:00:00+00:00,BTCUSDT_230331,0.020506197138879526,88,16755.3,16672.87,0.0049439598581408175,BTCUSDT_230331,False,16755.3,16672.87,0.000864278315610921,0.0004321391578054605,0.0,0.0,0.0004321391578054605,1.055624295844538,2023
2023-01-03 00:00:00+00:00,BTCUSDT_230331,0.01711353426876459,87,16743.2,16675.18,0.004079116387349368,BTCUSDT_230331,False,16743.2,16675.18,-0.0016263692505867392,-0.0008131846252933696,0.0,0.0,-0.0008131846252933696,1.0547658783970713,2023
2023-01-04 00:00:00+00:00,BTCUSDT_230331,0.023963396655330437,86,16945.5,16850.36,0.0056461701708449795,BTCUSDT_230331,False,16945.5,16850.36,0.0005453889412450945,0.00027269447062254726,0.0,0.0,0.00027269447062254726,1.0550535072199116,2023
2023-01-05 00:00:00+00:00,BTCUSDT_230331,0.02192744182990634,85,16917.8,16831.85,0.005106390563128874,BTCUSDT_230331,False,16917.8,16831.85,-0.000487171641857377,-0.0002435858209286885,0.0,0.0,-0.0002435858209286885,1.0547965111452318,2023
2023-01-06 00:00:00+00:00,BTCUSDT_230331,0.024135013504889613,84,17044.8,16950.65,0.005554359272358158,BTCUSDT_230331,False,17044.8,16950.65,0.00016046582284440572,8.023291142220286e-05,0.0,0.0,8.023291142220286e-05,1.054881140540279,2023
2023-01-07 00:00:00+00:00,BTCUSDT_230331,0.023730045483153148,83,17035.0,16943.57,0.005396147329045785,BTCUSDT_230331,False,17035.0,16943.57,3.541166354039301e-06,1.7705831770196504e-06,0.0,0.0,1.7705831770196504e-06,1.05488300829508,2023
2023-01-08 00:00:00+00:00,BTCUSDT_230331,0.023745443925428013,82,17219.2,17127.83,0.0053345928818769785,BTCUSDT_230331,False,17219.2,17127.83,-0.0005412244283136903,-0.00027061221415684513,0.0,0.0,-0.00027061221415684513,1.054597544068529,2023
2023-01-09 00:00:00+00:00,BTCUSDT_230331,0.026399718863721645,81,17278.9,17178.26,0.005858567747839599,BTCUSDT_230331,False,17278.9,17178.26,8.731967032770711e-05,4.365983516385356e-05,0.0,0.0,4.365983516385356e-05,1.0546435876234672,2023
2023-01-10 00:00:00+00:00,BTCUSDT_230331,0.025935156697051452,80,17539.8,17440.66,0.005684417906203058,BTCUSDT_230331,False,17539.8,17440.66,-0.0008829941068744792,-0.0004414970534372396,0.0,0.0,-0.0004414970534372396,1.054177965587105,2023
2023-01-11 00:00:00+00:00,BTCUSDT_230331,0.029493180027952474,79,18057.8,17943.26,0.006383455403310262,BTCUSDT_230331,False,18057.8,17943.26,-0.00045365223487813357,-0.00022682611743906679,0.0,0.0,-0.00022682611743906679,1.0539388504920812,2023
2023-01-12 00:00:00+00:00,BTCUSDT_230331,0.03046060711042556,78,18969.3,18846.62,0.006509390012638887,BTCUSDT_230331,False,18969.3,18846.62,-0.00028174813308706336,-0.00014087406654353168,0.0,0.0,-0.00014087406654353168,1.0537903778403241,2023
2023-01-13 00:00:00+00:00,BTCUSDT_230331,0.030441823368671257,77,20058.0,19930.01,0.006421973696952566,BTCUSDT_230331,False,20058.0,19930.01,-0.002543400630506392,-0.001271700315253196,0.0,0.0,-0.001271700315253196,1.0524502722846139,2023
2023-01-14 00:00:00+00:00,BTCUSDT_230331,0.04095144293208074,76,21133.6,20954.92,0.008526875788597633,BTCUSDT_230331,False,21133.6,20954.92,-0.0006356502434750269,-0.00031782512173751345,0.0,0.0,-0.00031782512173751345,1.0521157771487024,2023
2023-01-15 00:00:00+00:00,BTCUSDT_230331,0.044769182857005964,75,21063.5,20871.5,0.009199147162398487,BTCUSDT_230331,False,21063.5,20871.5,0.0002946601825456462,0.0001473300912728231,0.0,0.0,0.0001473300912728231,1.0522707854621793,2023
2023-01-16 00:00:00+00:00,BTCUSDT_230331,0.043269504007078394,74,21371.5,21185.65,0.008772447387736441,BTCUSDT_230331,False,21371.5,21185.65,0.0006258953584147005,0.00031294767920735024,0.0,0.0,0.00031294767920735024,1.0526000911623874,2023
2023-01-17 00:00:00+00:00,BTCUSDT_230331,0.0408307432146303,73,21307.4,21134.81,0.008166148642926061,BTCUSDT_230331,False,21307.4,21134.81,-0.00045138801815569835,-0.00022569400907784917,0.0,0.0,-0.00022569400907784917,1.0523625256278573,2023
2023-01-18 00:00:00+00:00,BTCUSDT_230331,0.04465236398198877,72,20859.6,20677.47,0.008808137552611483,BTCUSDT_230331,False,20859.6,20677.47,0.0002766295876622007,0.00013831479383110036,0.0,0.0,0.00013831479383110036,1.052508082933625,2023
2023-01-19 00:00:00+00:00,BTCUSDT_230331,0.04303882520840803,71,21248.0,21071.59,0.008371935862457453,BTCUSDT_230331,False,21248.0,21071.59,-0.0011854824434226162,-0.0005927412217113081,0.0,0.0,-0.0005927412217113081,1.051884218006686,2023
2023-01-20 00:00:00+00:00,BTCUSDT_230331,0.046327051278035415,70,22868.6,22667.21,0.008884639971130079,BTCUSDT_230331,False,22868.6,22667.21,0.00011646779643367745,5.8233898216838726e-05,0.0,0.0,5.8233898216838726e-05,1.0519454733251734,2023
2023-01-21 00:00:00+00:00,BTCUSDT_230331,0.04614551707930389,69,22982.3,22783.55,0.008723399119101282,BTCUSDT_230331,False,22982.3,22783.55,-2.0628918671476842e-05,-1.0314459335738421e-05,0.0,0.0,-1.0314459335738421e-05,1.0519346230763653,2023
2023-01-22 00:00:00+00:00,BTCUSDT_230331,0.04709125849964022,68,22907.1,22707.88,0.008773165967056261,BTCUSDT_230331,False,22907.1,22707.88,0.00020125172407110258,0.00010062586203555129,0.0,0.0,0.00010062586203555129,1.0520404749046175,2023
2023-01-23 00:00:00+00:00,BTCUSDT_230331,0.046272730567688214,67,23111.1,22916.45,0.008493898487767425,BTCUSDT_230331,False,23111.1,22916.45,-0.0012462663283362523,-0.0006231331641681261,0.0,0.0,-0.0006231331641681261,1.0513849135946571,2023
2023-01-24 00:00:00+00:00,BTCUSDT_230331,0.05454093310195625,66,22856.1,22632.89,0.009862196122545514,BTCUSDT_230331,False,22856.1,22632.89,-0.0006119412942846531,-0.00030597064714232657,0.0,0.0,-0.00030597064714232657,1.051063220672249,2023
2023-01-25 00:00:00+00:00,BTCUSDT_230331,0.05772458004413889,65,23298.0,23060.94,0.010279719733887749,BTCUSDT_230331,False,23298.0,23060.94,0.0002519411611149116,0.0001259705805574558,0.0,0.0,0.0001259705805574558,1.0511956237163596,2023
2023-01-26 00:00:00+00:00,BTCUSDT_230331,0.05731715416140619,64,23240.9,23009.65,0.010050131140630126,BTCUSDT_230331,False,23240.9,23009.65,-0.0003472456121671386,-0.0001736228060835693,0.0,0.0,-0.0001736228060835693,1.051013112182427,2023
2023-01-27 00:00:00+00:00,BTCUSDT_230331,0.06007035644517612,63,23313.4,23074.16,0.010368308098756426,BTCUSDT_230331,False,23313.4,23074.16,0.00013608296033309198,6.804148016654599e-05,0.0,0.0,6.804148016654599e-05,1.0510846246702545,2023
2023-01-28 00:00:00+00:00,BTCUSDT_230331,0.060373005150899973,62,23258.7,23022.6,0.01025514060097479,BTCUSDT_230331,False,23258.7,23022.6,-0.0013291287691224512,-0.0006645643845612256,0.0,0.0,-0.0006645643845612256,1.0503861112635389,2023
2023-01-29 00:00:00+00:00,BTCUSDT_230331,0.0672145440354331,61,24009.0,23742.3,0.011233115578524437,BTCUSDT_230331,False,24009.0,23742.3,0.0019395761994416257,0.0009697880997208128,0.0,0.0,0.0009697880997208128,1.0514047632143542,2023
2023-01-30 00:00:00+00:00,BTCUSDT_230331,0.05880481377718041,60,23046.8,22826.15,0.00966654473049541,BTCUSDT_230331,False,23046.8,22826.15,-0.0005309699620830766,-0.0002654849810415383,0.0,0.0,-0.0002654849810415383,1.0511256310407253,2023
2023-01-31 00:00:00+00:00,BTCUSDT_230331,0.06227068979115673,59,23357.9,23125.13,0.010065673144323963,BTCUSDT_230331,False,23357.9,23125.13,-0.0002235663107622856,-0.0001117831553811428,0.0,0.0,-0.0001117831553811428,1.0510081329009855,2023
2023-02-01 00:00:00+00:00,BTCUSDT_230331,0.0630936875378803,58,23970.6,23732.66,0.010025846238896048,BTCUSDT_230331,False,23970.6,23732.66,7.500212786930904e-05,3.750106393465452e-05,0.0,0.0,3.750106393465452e-05,1.0510475468241733,2023
2023-02-02 00:00:00+00:00,BTCUSDT_230331,0.06438147620024345,57,23725.1,23488.94,0.010054093543599664,BTCUSDT_230331,False,23725.1,23488.94,0.0003559121867568559,0.00017795609337842796,0.0,0.0,0.00017795609337842796,1.051234587139561,2023
2023-02-03 00:00:00+00:00,BTCUSDT_230331,0.0633652353049839,56,23659.7,23431.9,0.009721789526244105,BTCUSDT_230331,False,23659.7,23431.9,0.0015508772229311384,0.0007754386114655692,0.0,0.0,0.0007754386114655692,1.0520497550281371,2023
2023-02-04 00:00:00+00:00,BTCUSDT_230331,0.05446936583858662,55,23518.3,23326.84,0.008207712660608943,BTCUSDT_230331,False,23518.3,23326.84,0.00012732114594165032,6.366057297082516e-05,0.0,0.0,6.366057297082516e-05,1.0521167291183362,2023
2023-02-05 00:00:00+00:00,BTCUSDT_230331,0.055555652456569564,54,23121.4,22932.91,0.00821919241823221,BTCUSDT_230331,False,23121.4,22932.91,8.76469667391551e-05,4.382348336957755e-05,0.0,0.0,4.382348336957755e-05,1.0521628365383175,2023
2023-02-06 00:00:00+00:00,BTCUSDT_230331,0.056419458680487505,53,22949.0,22762.52,0.008192414548125583,BTCUSDT_230331,False,22949.0,22762.52,-0.00014761107293922562,-7.380553646961281e-05,0.0,0.0,-7.380553646961281e-05,1.0520851810957135,2023
2023-02-07 00:00:00+00:00,BTCUSDT_230331,0.05733667789840521,52,23430.3,23240.46,0.008168513015663207,BTCUSDT_230331,False,23430.3,23240.46,0.00017383476919135307,8.691738459567654e-05,0.0,0.0,8.691738459567654e-05,1.052176625588026,2023
2023-02-08 00:00:00+00:00,BTCUSDT_230331,0.057908160869190026,51,23148.8,22963.0,0.0080912772721334,BTCUSDT_230331,False,23148.8,22963.0,0.00042459608936098775,0.00021229804468049388,0.0,0.0,0.00021229804468049388,1.052400000628297,2023
2023-02-09 00:00:00+00:00,BTCUSDT_230331,0.05896239507991114,50,21972.4,21796.35,0.008077040421905636,BTCUSDT_230331,False,21972.4,21796.35,0.0014791467378713226,0.0007395733689356613,0.0,0.0,0.0007395733689356613,1.0531783276422295,2023
2023-02-10 00:00:00+00:00,BTCUSDT_230331,0.04953657078166947,49,21769.0,21625.19,0.006650114981648777,BTCUSDT_230331,False,21769.0,21625.19,0.0009646158022195682,0.0004823079011097841,0.0,0.0,0.0004823079011097841,1.0536862838709289,2023
2023-02-11 00:00:00+00:00,BTCUSDT_230331,0.042764100787267376,48,21985.5,21862.55,0.005623772158325572,BTCUSDT_230331,False,21985.5,21862.55,0.0006170368964279831,0.00030851844821399156,0.0,0.0,0.00030851844821399156,1.054011365528133,2023
2023-02-12 00:00:00+00:00,BTCUSDT_230331,0.03902312030678451,47,21893.0,21783.54,0.005024894943613348,BTCUSDT_230331,False,21893.0,21783.54,-0.0003566913366698175,-0.00017834566833490874,0.0,0.0,-0.00017834566833490874,1.0538233871667153,2023
2023-02-13 00:00:00+00:00,BTCUSDT_230331,0.042720485295854996,46,21891.2,21773.97,0.0053839515715324105,BTCUSDT_230331,False,21891.2,21773.97,-0.0010576849329726658,-0.0005288424664863329,0.0,0.0,-0.0005288424664863329,1.053266080607405,2023
2023-02-14 00:00:00+00:00,BTCUSDT_230331,0.051246515490401344,45,22340.1,22199.84,0.006318063553611125,BTCUSDT_230331,False,22340.1,22199.84,-0.0025896583038437036,-0.0012948291519218518,0.0,0.0,-0.0012948291519218518,1.0519022809815042,2023
2023-02-15 00:00:00+00:00,BTCUSDT_230331,0.067440501740608,44,24521.8,24324.05,0.008129813908456856,BTCUSDT_230331,False,24521.8,24324.05,0.001552784178621588,0.000776392089310794,0.0,0.0,0.000776392089310794,1.052718969591186,2023
2023-02-16 00:00:00+00:00,BTCUSDT_230331,0.057742407318475464,43,23677.7,23517.72,0.006802530177245054,BTCUSDT_230331,False,23677.7,23517.72,-0.0011927176614059216,-0.0005963588307029608,0.0,0.0,-0.0005963588307029608,1.052091171337422,2023
2023-02-17 00:00:00+00:00,BTCUSDT_230331,0.06650680640209279,42,24758.0,24569.97,0.007652837996953143,BTCUSDT_230331,False,24758.0,24569.97,-0.0002368745260983106,-0.0001184372630491553,0.0,0.0,-0.0001184372630491553,1.0519665645386105,2023
2023-02-18 00:00:00+00:00,BTCUSDT_230331,0.0700609494935657,41,24825.8,24631.95,0.007869860080099161,BTCUSDT_230331,False,24825.8,24631.95,0.0002115139077497108,0.0001057569538748554,0.0,0.0,0.0001057569538748554,1.0520778173180543,2023
2023-02-19 00:00:00+00:00,BTCUSDT_230331,0.07091945536706147,40,24460.4,24271.76,0.007771995108719065,BTCUSDT_230331,False,24460.4,24271.76,-0.001675197843089921,-0.0008375989215449605,0.0,0.0,-0.0008375989215449605,1.0511965980728872,2023
2023-02-20 00:00:00+00:00,BTCUSDT_230331,0.08638577986300786,39,25071.5,24842.2,0.009230261410020016,BTCUSDT_230331,False,25071.5,24842.2,0.0006827092608544785,0.00034135463042723926,0.0,0.0,0.00034135463042723926,1.0515554288991287,2023
2023-02-21 00:00:00+00:00,BTCUSDT_230331,0.08341110065316806,38,24664.5,24452.16,0.008683895410466812,BTCUSDT_230331,False,24664.5,24452.16,0.001163496394592573,0.0005817481972962865,0.0,0.0,0.0005817481972962865,1.0521671693742478,2023
2023-02-22 00:00:00+00:00,BTCUSDT_230331,0.07501588978013153,37,24366.1,24182.21,0.007604350470862648,BTCUSDT_230331,False,24366.1,24182.21,0.00025183802472975573,0.00012591901236487786,0.0,0.0,0.00012591901236487786,1.052299657225058,2023
2023-02-23 00:00:00+00:00,BTCUSDT_230331,0.0752998907462944,36,24118.0,23940.2,0.007426838539360543,BTCUSDT_230331,False,24118.0,23940.2,0.001419787637530246,0.000709893818765123,0.0,0.0,0.000709893818765123,1.0530466782472108,2023
2023-02-24 00:00:00+00:00,BTCUSDT_230331,0.06468467106267951,35,23329.1,23185.29,0.006202639690941872,BTCUSDT_230331,False,23329.1,23185.29,-9.488774994885298e-06,-4.744387497442649e-06,0.0,0.0,-4.744387497442649e-06,1.0530416821857163,2023
2023-02-25 00:00:00+00:00,BTCUSDT_230331,0.06677029571377956,34,23301.1,23157.07,0.006219698778817823,BTCUSDT_230331,False,23301.1,23157.07,-0.0003765588651759987,-0.00018827943258799935,0.0,0.0,-0.00018827943258799935,1.0528434160953029,2023
2023-02-26 00:00:00+00:00,BTCUSDT_230331,0.07172652662859563,33,23707.6,23554.85,0.006484864051352482,BTCUSDT_230331,False,23707.6,23554.85,0.0006682275624765856,0.0003341137812382928,0.0,0.0,0.0003341137812382928,1.0531951855901063,2023
2023-02-27 00:00:00+00:00,BTCUSDT_230331,0.06652325580652814,32,23629.1,23492.09,0.005832175851531235,BTCUSDT_230331,False,23629.1,23492.09,0.00022049975119270584,0.00011024987559635292,0.0,0.0,0.00011024987559635292,1.053311300228296,2023
2023-02-28 00:00:00+00:00,BTCUSDT_230331,0.06707375236355577,31,23273.4,23141.57,0.0056966748582746,BTCUSDT_230331,False,23273.4,23141.57,-0.0007432512141569086,-0.0003716256070784543,0.0,0.0,-0.0003716256070784543,1.052919862776906,2023
2023-03-01 00:00:00+00:00,BTCUSDT_230331,0.0767362408659082,30,23778.0,23628.97,0.00630708829034862,BTCUSDT_230331,False,23778.0,23628.97,0.0008866234964959154,0.0004433117482479577,0.0,0.0,0.0004433117482479577,1.0533866345220386,2023
2023-03-02 00:00:00+00:00,BTCUSDT_230331,0.06869888752040743,29,23593.4,23465.32,0.0054582677755940145,BTCUSDT_230331,False,23593.4,23465.32,0.0008233427031893597,0.00041167135159467987,0.0,0.0,0.00041167135159467987,1.0538202836216242,2023
2023-03-03 00:00:00+00:00,BTCUSDT_230331,0.06342232808994874,28,22463.1,22354.34,0.004865274483612506,BTCUSDT_230331,False,22463.1,22354.34,0.0006186718104850381,0.00030933590524251907,0.0,0.0,0.00030933590524251907,1.0541462680730214,2023
2023-03-04 00:00:00+00:00,BTCUSDT_230331,0.05742773781224443,27,22441.5,22346.57,0.0042480792354263,BTCUSDT_230331,False,22441.5,22346.57,0.0005401276348004793,0.00027006381740023964,0.0,0.0,0.00027006381740023964,1.0544309548382753,2023
2023-03-05 00:00:00+00:00,BTCUSDT_230331,0.05185976267203918,26,22513.1,22430.24,0.0036941200807479964,BTCUSDT_230331,False,22513.1,22430.24,0.00043958513150090873,0.00021979256575045436,0.0,0.0,0.00021979256575045436,1.054662710923246,2023
2023-03-06 00:00:00+00:00,BTCUSDT_230331,0.047559125390450686,25,22483.0,22410.0,0.003257474341811691,BTCUSDT_230331,False,22483.0,22410.0,0.0003239625167335296,0.0001619812583667648,0.0,0.0,0.0001619812583667648,1.054833546516314,2023
2023-03-07 00:00:00+00:00,BTCUSDT_230331,0.04503998715798018,24,22263.7,22197.96,0.00296153340216856,BTCUSDT_230331,False,22263.7,22197.96,0.0003639974123749095,0.00018199870618745476,0.0,0.0,0.00018199870618745476,1.055025524857023,2023
2023-03-08 00:00:00+00:00,BTCUSDT_230331,0.04215713343911851,23,21763.1,21705.44,0.002656476901643084,BTCUSDT_230331,False,21763.1,21705.44,0.00027550696968131323,0.00013775348484065662,0.0,0.0,0.00013775348484065662,1.055170858299668,2023
2023-03-09 00:00:00+00:00,BTCUSDT_230331,0.04210828592453016,22,20413.9,20362.22,0.002538033672163462,BTCUSDT_230331,False,20413.9,20362.22,0.0009021609628026305,0.00045108048140131527,0.0,0.0,0.00045108048140131527,1.0556468252783904,2023
2023-03-10 00:00:00+00:00,BTCUSDT_230331,0.028731498713421056,21,20184.0,20150.69,0.001653045131457102,BTCUSDT_230331,False,20184.0,20150.69,0.00046350770122512657,0.00023175385061256328,0.0,0.0,0.00023175385061256328,1.0558914754950355,2023
2023-03-11 00:00:00+00:00,BTCUSDT_230331,0.021385328218549094,20,20479.7,20455.73,0.0011717988064958408,BTCUSDT_230331,False,20479.7,20455.73,-0.001814650467130676,-0.000907325233565338,0.0,0.0,-0.000907325233565338,1.0549334385154123,2023
2023-03-12 00:00:00+00:00,BTCUSDT_230331,0.05335114715667565,19,22058.2,21997.11,0.002777183002676267,BTCUSDT_230331,False,22058.2,21997.11,-0.0008196531271607423,-0.00040982656358037114,0.0,0.0,-0.00040982656358037114,1.0545010987694996,2023
2023-03-13 00:00:00+00:00,BTCUSDT_230331,0.06653447688918221,18,24192.6,24113.48,0.0032811522849459716,BTCUSDT_230331,False,24192.6,24113.48,-0.00015219702838420218,-7.609851419210109e-05,0.0,0.0,-7.609851419210109e-05,1.0544208528026693,2023
2023-03-14 00:00:00+00:00,BTCUSDT_230331,0.07205190347464913,17,24753.2,24670.41,0.0033558420796411925,BTCUSDT_230331,False,24753.2,24670.41,0.00011146957022603192,5.573478511301596e-05,0.0,0.0,5.573478511301596e-05,1.054479620722319,2023
2023-03-15 00:00:00+00:00,BTCUSDT_230331,0.0751848004130841,16,24365.7,24285.66,0.0032957720729023168,BTCUSDT_230331,False,24365.7,24285.66,0.0013555324417783275,0.0006777662208891637,0.0,0.0,0.0006777662208891637,1.0551943113898608,2023
2023-03-16 00:00:00+00:00,BTCUSDT_230331,0.045865704913068975,15,25045.9,24998.78,0.0018848919827288621,BTCUSDT_230331,False,25045.9,24998.78,-5.800283053801384e-05,-2.900141526900692e-05,0.0,0.0,-2.900141526900692e-05,1.0551637092614468,2023
2023-03-17 00:00:00+00:00,BTCUSDT_230331,0.046223153009833436,14,27443.7,27395.13,0.0017729428551716932,BTCUSDT_230331,False,27443.7,27395.13,-0.000819123690962543,-0.0004095618454812715,0.0,0.0,-0.0004095618454812715,1.0547315544653968,2023
2023-03-18 00:00:00+00:00,BTCUSDT_230331,0.07409618317027201,13,26978.5,26907.49,0.002639042140311058,BTCUSDT_230331,False,26978.5,26907.49,0.0009692468528278968,0.0004846234264139484,0.0,0.0,0.0004846234264139484,1.0552427020852688,2023
2023-03-19 00:00:00+00:00,BTCUSDT_230331,0.048855224127282694,12,28017.8,27972.87,0.001606199149390116,BTCUSDT_230331,False,28017.8,27972.87,-0.0010817624362463357,-0.0005408812181231679,0.0,0.0,-0.0005408812181231679,1.0546719411271495,2023
2023-03-20 00:00:00+00:00,BTCUSDT_230331,0.09001479268835226,11,27792.2,27717.01,0.0027127745741695204,BTCUSDT_230331,False,27792.2,27717.01,0.0009005300355270199,0.00045026501776350994,0.0,0.0,0.00045026501776350994,1.0551468230074559,2023
2023-03-21 00:00:00+00:00,BTCUSDT_230331,0.06523267534753854,10,28155.7,28105.47,0.0017871965848640695,BTCUSDT_230331,False,28155.7,28105.47,0.0009072966934906265,0.00045364834674531325,0.0,0.0,0.00045364834674531325,1.0556254886192866,2023
2023-03-22 00:00:00+00:00,BTCUSDT_230331,0.03680378676020968,9,27275.7,27250.97,0.0009074906324435263,BTCUSDT_230331,False,27275.7,27250.97,-0.0009526266404461612,-0.0004763133202230806,0.0,0.0,-0.0004763133202230806,1.0551226801378901,2023
2023-03-23 00:00:00+00:00,BTCUSDT_230331,0.08173520899679278,8,28346.1,28295.41,0.001791456635546143,BTCUSDT_230331,False,28346.1,28295.41,0.0011648532394476392,0.0005824266197238196,0.0,0.0,0.0005824266197238196,1.0557372116738768,2023
2023-03-24 00:00:00+00:00,BTCUSDT_230331,0.033673673436159374,7,27472.2,27454.47,0.000645796476857851,BTCUSDT_230331,False,27472.2,27454.47,-0.0003613254963580886,-0.0001806627481790443,0.0,0.0,-0.0001806627481790443,1.0555464792878608,2023
2023-03-25 00:00:00+00:00,BTCUSDT_230331,0.061247668828968996,6,27490.6,27462.95,0.0010068109944488053,BTCUSDT_230331,False,27490.6,27462.95,-7.282538838703191e-05,-3.6412694193515954e-05,0.0,0.0,-3.6412694193515954e-05,1.0555080439967035,2023
2023-03-26 00:00:00+00:00,BTCUSDT_230331,0.07739009333865272,5,27997.7,27968.05,0.001060138264913051,BTCUSDT_230331,False,27997.7,27968.05,0.0,0.0,0.0,0.0,0.0,1.0555080439967035,2023
2023-03-27 00:00:00+00:00,BTCUSDT_230630,0.030523060285099598,95,27340.4,27124.91,0.007944358156395786,BTCUSDT_230331,True,27340.4,27124.91,-0.0024825888823225644,-0.0012412944411612822,-0.001,-0.0005,-0.0017412944411612822,1.053670093707091,2023
2023-03-28 00:00:00+00:00,BTCUSDT_230630,0.040285391304905944,94,27543.9,27261.07,0.010374867897701805,BTCUSDT_230630,False,27543.9,27261.07,-0.0003987371001944891,-0.00019936855009724456,0.0,0.0,-0.00019936855009724456,1.0534600250282278,2023
2023-03-29 00:00:00+00:00,BTCUSDT_230630,0.040661392392820093,93,28642.3,28348.6,0.010360299979540463,BTCUSDT_230630,False,28642.3,28348.6,-0.0015933767452361632,-0.0007966883726180816,0.0,0.0,-0.0007966883726180816,1.0526207456752699,2023
2023-03-30 00:00:00+00:00,BTCUSDT_230630,0.04796647884510384,92,28367.4,28028.53,0.012090180969176858,BTCUSDT_230630,False,28367.4,28028.53,-0.0005376664420144785,-0.00026883322100723926,0.0,0.0,-0.00026883322100723926,1.0523377662497109,2023
2023-03-31 00:00:00+00:00,BTCUSDT_230630,0.049872878844653475,91,28819.3,28465.36,0.012434060205105388,BTCUSDT_230630,False,28819.3,28465.36,-0.0005420623522766018,-0.0002710311761383009,0.0,0.0,-0.0002710311761383009,1.0520525499072295,2023
2023-04-01 00:00:00+00:00,BTCUSDT_230630,0.052648746027377735,90,28822.1,28452.73,0.012981882582093141,BTCUSDT_230630,False,28822.1,28452.73,-0.00016378041755583708,-8.189020877791854e-05,0.0,0.0,-8.189020877791854e-05,1.0519663971042723,2023
2023-04-02 00:00:00+00:00,BTCUSDT_230630,0.054449465315116685,89,28545.9,28171.87,0.013276718939850371,BTCUSDT_230630,False,28545.9,28171.87,0.001190194332147723,0.0005950971660738615,0.0,0.0,0.0005950971660738615,1.052592419325994,2023
2023-04-03 00:00:00+00:00,BTCUSDT_230630,0.05080219914977109,88,28140.5,27800.0,0.012248201438848921,BTCUSDT_230630,False,28140.5,27800.0,-0.0010190647482013707,-0.0005095323741006854,0.0,0.0,-0.0005095323741006854,1.0520560894116144,2023
2023-04-04 00:00:00+00:00,BTCUSDT_230630,0.05493926534458859,87,28534.3,28165.47,0.013095112561586868,BTCUSDT_230630,False,28534.3,28165.47,0.0007257113053677092,0.0003628556526838546,0.0,0.0,0.0003628556526838546,1.0524378339105978,2023
2023-04-05 00:00:00+00:00,BTCUSDT_230630,0.0524895794053392,86,28518.4,28170.01,0.012367407750299098,BTCUSDT_230630,False,28518.4,28170.01,7.845222632163656e-05,3.922611316081828e-05,0.0,0.0,3.922611316081828e-05,1.0524791169561654,2023
2023-04-06 00:00:00+00:00,BTCUSDT_230630,0.053026581716613175,85,28380.0,28033.82,0.01234865601619759,BTCUSDT_230630,False,28380.0,28033.82,0.0009456435120152029,0.00047282175600760147,0.0,0.0,0.00047282175600760147,1.0529767519804059,2023
2023-04-07 00:00:00+00:00,BTCUSDT_230630,0.04977516792443701,84,28226.0,27906.33,0.011455107138774545,BTCUSDT_230630,False,28226.0,27906.33,-0.0003350494314373184,-0.0001675247157186592,0.0,0.0,-0.0001675247157186592,1.0528003523493719,2023
2023-04-08 00:00:00+00:00,BTCUSDT_230630,0.051788800235478695,83,28267.4,27938.38,0.011776631286423924,BTCUSDT_230630,False,28267.4,27938.38,-0.00013672947393512827,-6.836473696756413e-05,0.0,0.0,-6.836473696756413e-05,1.0527283779302041,2023
2023-04-09 00:00:00+00:00,BTCUSDT_230630,0.05230745855913993,82,28656.6,28323.76,0.0117512646626013,BTCUSDT_230630,False,28656.6,28323.76,-0.0004455623123483246,-0.0002227811561741623,0.0,0.0,-0.0002227811561741623,1.0524938498850316,2023
2023-04-10 00:00:00+00:00,BTCUSDT_230630,0.05252504000479794,81,29982.8,29637.34,0.011656241754489408,BTCUSDT_230630,False,29982.8,29637.34,0.0003603562263008979,0.00018017811315044894,0.0,0.0,0.00018017811315044894,1.0526834862410064,2023
2023-04-11 00:00:00+00:00,BTCUSDT_230630,0.0505765731072618,80,30535.2,30200.42,0.011085276297482039,BTCUSDT_230630,False,30535.2,30200.42,9.768076073116625e-05,4.8840380365583126e-05,0.0,0.0,4.8840380365583126e-05,1.052734899702879,2023
2023-04-12 00:00:00+00:00,BTCUSDT_230630,0.05129600565024589,79,30219.9,29888.07,0.011102423140738152,BTCUSDT_230630,False,30219.9,29888.07,-0.00025193998809554567,-0.00012596999404777283,0.0,0.0,-0.00012596999404777283,1.0526022866938294,2023
2023-04-13 00:00:00+00:00,BTCUSDT_230630,0.052282845015012,78,30713.2,30373.84,0.011172772359372427,BTCUSDT_230630,False,30713.2,30373.84,0.0015766857269281533,0.0007883428634640766,0.0,0.0,0.0007883428634640766,1.0534320981946104,2023
2023-04-14 00:00:00+00:00,BTCUSDT_230630,0.04534895726262909,77,30758.4,30466.93,0.009566766326636821,BTCUSDT_230630,False,30758.4,30466.93,-0.0008908019285172289,-0.00044540096425861445,0.0,0.0,-0.00044540096425861445,1.0529628985222936,2023
2023-04-15 00:00:00+00:00,BTCUSDT_230630,0.05050872756504185,76,30613.7,30295.09,0.010516885739570358,BTCUSDT_230630,False,30613.7,30295.09,-0.000539361328848883,-0.0002696806644244415,0.0,0.0,-0.0002696806644244415,1.0526789347882057,2023
2023-04-16 00:00:00+00:00,BTCUSDT_230630,0.05379009491942608,75,30639.6,30304.65,0.011052759230019058,BTCUSDT_230630,False,30639.6,30304.65,0.001554876891830098,0.000777438445915049,0.0,0.0,0.000777438445915049,1.053497327863315,2023
2023-04-17 00:00:00+00:00,BTCUSDT_230630,0.04823951757924808,74,29718.1,29430.27,0.00978006657771057,BTCUSDT_230630,False,29718.1,29430.27,-0.0008345149398902881,-0.00041725746994514403,0.0,0.0,-0.00041725746994514403,1.053057748233697,2023
2023-04-18 00:00:00+00:00,BTCUSDT_230630,0.05141374212845932,73,30692.4,30380.01,0.010282748425691863,BTCUSDT_230630,False,30692.4,30380.01,0.0012735348013381935,0.0006367674006690967,0.0,0.0,0.0006367674006690967,1.0537283010787941,2023
2023-04-19 00:00:00+00:00,BTCUSDT_230630,0.04818217613733495,72,29070.8,28797.1,0.009504429265446894,BTCUSDT_230630,False,29070.8,28797.1,0.0005260946414743657,0.00026304732073718283,0.0,0.0,0.00026304732073718283,1.0540054814851778,2023
2023-04-20 00:00:00+00:00,BTCUSDT_230630,0.04706068418769326,71,28502.2,28243.65,0.00915427007486636,BTCUSDT_230630,False,28502.2,28243.65,0.001291971823755002,0.000645985911877501,0.0,0.0,0.000645985911877501,1.0546863541772589,2023
2023-04-21 00:00:00+00:00,BTCUSDT_230630,0.04247115435201514,70,27484.9,27262.84,0.008145152889427562,BTCUSDT_230630,False,27484.9,27262.84,0.00018009862508820996,9.004931254410498e-05,0.0,0.0,9.004931254410498e-05,1.0547813279584022,2023
2023-04-22 00:00:00+00:00,BTCUSDT_230630,0.041294827738781174,69,28034.0,27816.85,0.007806419490344933,BTCUSDT_230630,False,28034.0,27816.85,0.0006920265953909232,0.0003460132976954616,0.0,0.0,0.0003460132976954616,1.0551462963240368,2023
2023-04-23 00:00:00+00:00,BTCUSDT_230630,0.03850069780799201,68,27788.5,27590.6,0.00717273274231084,BTCUSDT_230630,False,27788.5,27590.6,-0.0003069886120634392,-0.0001534943060317196,0.0,0.0,-0.0001534943060317196,1.0549843373755206,2023
2023-04-24 00:00:00+00:00,BTCUSDT_230630,0.040865738730458574,67,27717.3,27510.93,0.0075013821779197935,BTCUSDT_230630,False,27717.3,27510.93,-0.0012082470494454967,-0.0006041235247227484,0.0,0.0,-0.0006041235247227484,1.054346996519098,2023
2023-04-25 00:00:00+00:00,BTCUSDT_230630,0.046822576652132755,66,28540.4,28300.79,0.008466548106960991,BTCUSDT_230630,False,28540.4,28300.79,0.0005865560643360904,0.0002932780321680452,0.0,0.0,0.0002932780321680452,1.0546562133314594,2023
2023-04-26 00:00:00+00:00,BTCUSDT_230630,0.04407088307305377,65,28638.3,28415.29,0.00784823945136574,BTCUSDT_230630,False,28638.3,28415.29,0.00010135388377163776,5.067694188581888e-05,0.0,0.0,5.067694188581888e-05,1.0547096600830919,2023
2023-04-27 00:00:00+00:00,BTCUSDT_230630,0.04259623056299105,64,29692.9,29472.77,0.007468928098716239,BTCUSDT_230630,False,29692.9,29472.77,0.0002826337666938583,0.00014131688334692916,0.0,0.0,0.00014131688334692916,1.0548587083650907,2023
2023-04-28 00:00:00+00:00,BTCUSDT_230630,0.041863666661955255,63,29523.5,29311.7,0.007225783560830633,BTCUSDT_230630,False,29523.5,29311.7,-0.0009023700433615494,-0.0004511850216807747,0.0,0.0,-0.0004511850216807747,1.054382771915887,2023
2023-04-29 00:00:00+00:00,BTCUSDT_230630,0.04798423583802551,62,29468.7,29230.45,0.008150746909472827,BTCUSDT_230630,False,29468.7,29230.45,6.021118388524293e-05,3.0105591942621466e-05,0.0,0.0,3.0105591942621466e-05,1.0544145147333697,2023
2023-04-30 00:00:00+00:00,BTCUSDT_230630,0.04840601202379445,61,29469.7,29233.21,0.008089771872469757,BTCUSDT_230630,False,29469.7,29233.21,0.0005045631321363614,0.0002522815660681807,0.0,0.0,0.0002522815660681807,1.0546805240784316,2023
2023-05-01 00:00:00+00:00,BTCUSDT_230630,0.048058495016554036,60,28290.0,28068.26,0.007900026578063678,BTCUSDT_230630,False,28290.0,28068.26,0.00029214493524004436,0.00014607246762002218,0.0,0.0,0.00014607246762002218,1.0548345838651345,2023
2023-05-02 00:00:00+00:00,BTCUSDT_230630,0.04607809533680621,59,28883.4,28669.86,0.0074482400681412765,BTCUSDT_230630,False,28883.4,28669.86,-0.0008196761337516123,-0.00040983806687580615,0.0,0.0,-0.00040983806687580615,1.0544022724984095,2023
2023-05-03 00:00:00+00:00,BTCUSDT_230630,0.05139216628652622,58,29263.2,29026.16,0.008166426423612386,BTCUSDT_230630,False,29263.2,29026.16,3.445168082860427e-05,1.7225840414302134e-05,0.0,0.0,1.7225840414302134e-05,1.054420435463688,2023
2023-05-04 00:00:00+00:00,BTCUSDT_230630,0.05241264389012064,57,29074.2,28838.16,0.008184988223936648,BTCUSDT_230630,False,29074.2,28838.16,-0.0007368708683216959,-0.00036843543416084797,0.0,0.0,-0.00036843543416084797,1.0540319496127597,2023
2023-05-05 00:00:00+00:00,BTCUSDT_230630,0.05683595303692146,56,29762.9,29505.61,0.008720036630322196,BTCUSDT_230630,False,29762.9,29505.61,0.0020806212784620637,0.0010403106392310318,0.0,0.0,0.0010403106392310318,1.0551284702640311,2023
2023-05-06 00:00:00+00:00,BTCUSDT_230630,0.04506567606864976,55,29044.1,28848.2,0.0067907183117143465,BTCUSDT_230630,False,29044.1,28848.2,-3.4664207818984825e-05,-1.7332103909492413e-05,0.0,0.0,-1.7332103909492413e-05,1.0551101826677467,2023
2023-05-07 00:00:00+00:00,BTCUSDT_230630,0.04681299566825858,54,28627.0,28430.1,0.006925758263249214,BTCUSDT_230630,False,28627.0,28430.1,0.00041118392126662687,0.00020559196063331343,0.0,0.0,0.00020559196063331343,1.0553271048388857,2023
2023-05-08 00:00:00+00:00,BTCUSDT_230630,0.04609897397712994,53,27854.0,27668.79,0.00669382361859695,BTCUSDT_230630,False,27854.0,27668.79,0.0006570580065120409,0.00032852900325602044,0.0,0.0,0.00032852900325602044,1.0556738104007475,2023
2023-05-09 00:00:00+00:00,BTCUSDT_230630,0.042435596415722275,52,27795.3,27628.27,0.00604561921539057,BTCUSDT_230630,False,27795.3,27628.27,0.0007304112780134366,0.0003652056390067183,0.0,0.0,0.0003652056390067183,1.0560593484292575,2023
2023-05-10 00:00:00+00:00,BTCUSDT_230630,0.03808090200163546,51,27745.6,27598.75,0.0053208931563929,BTCUSDT_230630,False,27745.6,27598.75,0.001002581638661108,0.000501290819330554,0.0,0.0,0.000501290819330554,1.0565887412852932,2023
2023-05-11 00:00:00+00:00,BTCUSDT_230630,0.03226023430194063,50,27087.8,26968.62,0.0044192101783480315,BTCUSDT_230630,False,27087.8,26968.62,0.0001553657547178421,7.768287735892105e-05,0.0,0.0,7.768287735892105e-05,1.0566708201389015,2023
2023-05-12 00:00:00+00:00,BTCUSDT_230630,0.031967077573970604,49,26910.0,26795.01,0.004291470688012492,BTCUSDT_230630,False,26910.0,26795.01,-4.96361076184748e-05,-2.48180538092374e-05,0.0,0.0,-2.48180538092374e-05,1.0566445956256285,2023
2023-05-13 00:00:00+00:00,BTCUSDT_230630,0.03303482416119139,48,26891.6,26775.28,0.00434430564311558,BTCUSDT_230630,False,26891.6,26775.28,-0.0004914981281241449,-0.00024574906406207245,0.0,0.0,-0.00024574906406207245,1.0563849262052072,2023
2023-05-14 00:00:00+00:00,BTCUSDT_230630,0.03735605786145887,47,27047.1,26917.62,0.004810232108187855,BTCUSDT_230630,False,27047.1,26917.62,-0.00043763155880804,-0.00021881577940402,0.0,0.0,-0.00021881577940402,1.056153772514229,2023
2023-05-15 00:00:00+00:00,BTCUSDT_230630,0.04126579832459313,46,27303.4,27162.14,0.005200621158715847,BTCUSDT_230630,False,27303.4,27162.14,0.0006369159425583887,0.00031845797127919435,0.0,0.0,0.00031845797127919435,1.0564901131019826,2023
2023-05-16 00:00:00+00:00,BTCUSDT_230630,0.03719239787367707,45,27157.8,27033.84,0.004585364121412242,BTCUSDT_230630,False,27157.8,27033.84,0.00021343619700347553,0.00010671809850173776,0.0,0.0,0.00010671809850173776,1.0566028597179387,2023
2023-05-17 00:00:00+00:00,BTCUSDT_230630,0.03577514869135414,44,27523.8,27405.61,0.004312620664163239,BTCUSDT_230630,False,27523.8,27405.61,0.0006119185086555927,0.00030595925432779636,0.0,0.0,0.00030595925432779636,1.0569261371410186,2023
2023-05-18 00:00:00+00:00,BTCUSDT_230630,0.032097301011526476,43,26922.7,26821.28,0.00378132587259079,BTCUSDT_230630,False,26922.7,26821.28,-0.0005189908908149893,-0.00025949544540749463,0.0,0.0,-0.00025949544540749463,1.0566518696222984,2023
2023-05-19 00:00:00+00:00,BTCUSDT_230630,0.03728980016597775,42,26995.6,26880.26,0.004290881114989221,BTCUSDT_230630,False,26995.6,26880.26,-0.00014992414507891054,-7.496207253945527e-05,0.0,0.0,-7.496207253945527e-05,1.056572660808199,2023
2023-05-20 00:00:00+00:00,BTCUSDT_230630,0.039209921263202385,41,27221.8,27102.43,0.004404402114496706,BTCUSDT_230630,False,27221.8,27102.43,4.243161960008078e-05,2.121580980004039e-05,0.0,0.0,2.121580980004039e-05,1.0565950768528105,2023
2023-05-21 00:00:00+00:00,BTCUSDT_230630,0.040330730251258634,40,26866.0,26747.78,0.004419806054932453,BTCUSDT_230630,False,26866.0,26747.78,3.364765225381154e-06,1.682382612690577e-06,0.0,0.0,1.682382612690577e-06,1.0565968544499966,2023
2023-05-22 00:00:00+00:00,BTCUSDT_230630,0.04117712105489835,39,26967.4,26849.27,0.0043997471812083164,BTCUSDT_230630,False,26967.4,26849.27,8.715320751737927e-05,4.3576603758689634e-05,0.0,0.0,4.3576603758689634e-05,1.0566428973524558,2023
2023-05-23 00:00:00+00:00,BTCUSDT_230630,0.04086000574779139,38,27335.4,27219.61,0.004253918406619378,BTCUSDT_230630,False,27335.4,27219.61,0.001135210974734679,0.0005676054873673395,0.0,0.0,0.0005676054873673395,1.0572426536591808,2023
2023-05-24 00:00:00+00:00,BTCUSDT_230630,0.031806299529621836,37,26413.9,26329.01,0.0032242002262904326,BTCUSDT_230630,False,26413.9,26329.01,1.0634657360929022e-05,5.317328680464511e-06,0.0,0.0,5.317328680464511e-06,1.0572482753658654,2023
2023-05-25 00:00:00+00:00,BTCUSDT_230630,0.03240379971620591,36,26558.4,26473.79,0.003195991204886062,BTCUSDT_230630,False,26558.4,26473.79,-0.0006750072430129052,-0.0003375036215064526,0.0,0.0,-0.0003375036215064526,1.056891450244098,2023
2023-05-26 00:00:00+00:00,BTCUSDT_230630,0.04001809336656567,35,26808.4,26705.92,0.0038373514187117768,BTCUSDT_230630,False,26808.4,26705.92,0.0003688320791795296,0.0001844160395897648,0.0,0.0,0.0001844160395897648,1.0570863579796284,2023
2023-05-27 00:00:00+00:00,BTCUSDT_230630,0.03702987622145967,34,26946.9,26854.27,0.003449358332957888,BTCUSDT_230630,False,26946.9,26854.27,-0.0015963941674824518,-0.0007981970837412259,0.0,0.0,-0.0007981970837412259,1.0562425947314265,2023
2023-05-28 00:00:00+00:00,BTCUSDT_230630,0.05340146521333052,33,28200.5,28065.0,0.004828077676821664,BTCUSDT_230630,False,28200.5,28065.0,0.0002814893996081046,0.0001407446998040523,0.0,0.0,0.0001407446998040523,1.056391255278342,2023
2023-05-29 00:00:00+00:00,BTCUSDT_230630,0.05247391514399789,32,27864.0,27736.4,0.004600452834542281,BTCUSDT_230630,False,27864.0,27736.4,-0.000162241675199377,-8.11208375996885e-05,0.0,0.0,-8.11208375996885e-05,1.056305559934881,2023
2023-05-30 00:00:00+00:00,BTCUSDT_230630,0.056161930489265634,31,27826.5,27694.4,0.004769917384019821,BTCUSDT_230630,False,27826.5,27694.4,0.0012728204980066858,0.0006364102490033429,0.0,0.0,0.0006364102490033429,1.0569778036193027,2023
2023-05-31 00:00:00+00:00,BTCUSDT_230630,0.043304906650105314,30,27307.2,27210.35,0.0035593073958990673,BTCUSDT_230630,False,27307.2,27210.35,0.0003741223468277302,0.0001870611734138651,0.0,0.0,0.0001870611734138651,1.0571755231275202,2023
2023-06-01 00:00:00+00:00,BTCUSDT_230630,0.040676016072982366,29,26904.6,26817.93,0.0032317930578533932,BTCUSDT_230630,False,26904.6,26817.93,-0.000709972768218907,-0.0003549863841094535,0.0,0.0,-0.0003549863841094535,1.056800240211196,2023
2023-06-02 00:00:00+00:00,BTCUSDT_230630,0.050582758729725986,28,27348.3,27242.59,0.003880321217622815,BTCUSDT_230630,False,27348.3,27242.59,-1.3581674870083254e-05,-6.790837435041627e-06,0.0,0.0,-6.790837435041627e-06,1.0567930636525633,2023
2023-06-03 00:00:00+00:00,BTCUSDT_230630,0.05297694002429398,27,27175.3,27069.22,0.00391884213878339,BTCUSDT_230630,False,27175.3,27069.22,0.0003949134847623496,0.0001974567423811748,0.0,0.0,0.0001974567423811748,1.0570017345682832,2023
2023-06-04 00:00:00+00:00,BTCUSDT_230630,0.04938663009262469,26,27210.6,27115.21,0.0035179517326253207,BTCUSDT_230630,False,27210.6,27115.21,0.0012793557564185817,0.0006396778782092908,0.0,0.0,0.0006396778782092908,1.0576778751951155,2023
2023-06-05 00:00:00+00:00,BTCUSDT_230630,0.034445472283331544,25,25788.9,25728.2,0.002359278923515859,BTCUSDT_230630,False,25788.9,25728.2,-0.0010463227120435263,-0.0005231613560217631,0.0,0.0,-0.0005231613560217631,1.057124539003694,2023
2023-06-06 00:00:00+00:00,BTCUSDT_230630,0.04893684361803752,24,27317.7,27230.08,0.0032177650598161655,BTCUSDT_230630,False,27317.7,27230.08,0.000244582461748179,0.0001222912308740895,0.0,0.0,0.0001222912308740895,1.057253816064756,2023
2023-06-07 00:00:00+00:00,BTCUSDT_230630,0.04877874692380243,23,26420.3,26339.34,0.0030737292582122076,BTCUSDT_230630,False,26420.3,26339.34,-0.00012642685807623676,-6.321342903811838e-05,0.0,0.0,-6.321342903811838e-05,1.0571869834256789,2023
2023-06-08 00:00:00+00:00,BTCUSDT_230630,0.05277438051553427,22,26582.9,26498.61,0.003180921565319874,BTCUSDT_230630,False,26582.9,26498.61,0.0002943550623977224,0.0001471775311988612,0.0,0.0,0.0001471775311988612,1.057342577595915,2023
2023-06-09 00:00:00+00:00,BTCUSDT_230630,0.050210687652000374,21,26554.3,26477.81,0.002888834084087693,BTCUSDT_230630,False,26554.3,26477.81,-3.399072657449597e-05,-1.6995363287247984e-05,0.0,0.0,-1.6995363287247984e-05,1.0573246076746898,2023
2023-06-10 00:00:00+00:00,BTCUSDT_230630,0.0546556256460123,20,25918.6,25841.21,0.002994828802521222,BTCUSDT_230630,False,25918.6,25841.21,0.000384656910415522,0.000192328455207761,0.0,0.0,0.000192328455207761,1.057527961283137,2023
2023-06-11 00:00:00+00:00,BTCUSDT_230630,0.049979653276401616,19,25993.0,25925.55,0.0026016805815113173,BTCUSDT_230630,False,25993.0,25925.55,-0.0003263190173400035,-0.00016315950867000175,0.0,0.0,-0.00016315950867000175,1.0573554155405693,2023
2023-06-12 00:00:00+00:00,BTCUSDT_230630,0.05941998924196689,18,25981.1,25905.19,0.002930300839329874,BTCUSDT_230630,False,25981.1,25905.19,0.0007396201301746814,0.0003698100650873407,0.0,0.0,0.0003698100650873407,1.0577464362156108,2023
2023-06-13 00:00:00+00:00,BTCUSDT_230630,0.046982499295446796,17,25991.0,25934.25,0.0021882259945824535,BTCUSDT_230630,False,25991.0,25934.25,0.00039523024571753567,0.00019761512285876783,0.0,0.0,0.00019761512285876783,1.0579554629075572,2023
2023-06-14 00:00:00+00:00,BTCUSDT_230630,0.04221410066617321,16,25175.1,25128.6,0.0018504811250925242,BTCUSDT_230630,False,25175.1,25128.6,0.0004691865046202683,0.00023459325231013414,0.0,0.0,0.00023459325231013414,1.0582036521204,2023
2023-06-15 00:00:00+00:00,BTCUSDT_230630,0.03299452428639262,15,25633.2,25598.49,0.0013559393542353132,BTCUSDT_230630,False,25633.2,25598.49,0.000492607181126722,0.000246303590563361,0.0,0.0,0.000246303590563361,1.0584642914794644,2023
2023-06-16 00:00:00+00:00,BTCUSDT_230630,0.02187050944879611,14,26367.1,26345.0,0.0008388688555702618,BTCUSDT_230630,False,26367.1,26345.0,0.00025393812867711865,0.00012696906433855933,0.0,0.0,0.00012696906433855933,1.0585986837001895,2023
2023-06-17 00:00:00+00:00,BTCUSDT_230630,0.01631653459217583,13,26532.4,26516.99,0.0005811368484884542,BTCUSDT_230630,False,26532.4,26516.99,-0.000426896114528825,-0.0002134480572644125,0.0,0.0,-0.0002134480572644125,1.058372727867731,2023
2023-06-18 00:00:00+00:00,BTCUSDT_230630,0.030867062490959052,12,26366.7,26339.97,0.0010148075339493387,BTCUSDT_230630,False,26366.7,26339.97,0.0007281709128748686,0.0003640854564374343,0.0,0.0,0.0003640854564374343,1.0587580659854379,2023
2023-06-19 00:00:00+00:00,BTCUSDT_230630,0.009332419197068427,11,26851.9,26844.35,0.00028125098950069235,BTCUSDT_230630,False,26851.9,26844.35,-0.0001177156459365273,-5.885782296826365e-05,0.0,0.0,-5.885782296826365e-05,1.058695749790624,2023
2023-06-20 00:00:00+00:00,BTCUSDT_230630,0.013809352059258468,10,28318.7,28307.99,0.0003783384125824238,BTCUSDT_230630,False,28318.7,28307.99,-0.0010279783199019846,-0.0005139891599509923,0.0,0.0,-0.0005139891599509923,1.0581515916515454,2023
2023-06-21 00:00:00+00:00,BTCUSDT_230630,0.05382818522928236,9,30033.7,29993.89,0.0013272703207220307,BTCUSDT_230630,False,30033.7,29993.89,0.0007678230466271243,0.00038391152331356215,0.0,0.0,0.00038391152331356215,1.0585578282409929,2023
2023-06-22 00:00:00+00:00,BTCUSDT_230630,0.025617853419052584,8,29901.7,29884.92,0.0005614871982258101,BTCUSDT_230630,False,29901.7,29884.92,-0.0003219014807467774,-0.0001609507403733887,0.0,0.0,-0.0001609507403733887,1.0583874525748094,2023
2023-06-23 00:00:00+00:00,BTCUSDT_230630,0.04485626304874805,7,30714.9,30688.5,0.000860257099565031,BTCUSDT_230630,False,30714.9,30688.5,-3.160793130969341e-05,-1.5803965654846705e-05,0.0,0.0,-1.5803965654846705e-05,1.0583707258558595,2023
2023-06-24 00:00:00+00:00,BTCUSDT_230630,0.0545413856762024,6,30554.8,30527.43,0.0008965707234444229,BTCUSDT_230630,False,30554.8,30527.43,0.0,0.0,0.0,0.0,0.0,1.0583707258558595,2023
2023-06-25 00:00:00+00:00,BTCUSDT_230929,0.052126179504131655,96,30880.3,30462.66,0.013709899266840107,BTCUSDT_230630,True,30880.3,30462.66,-8.108287326180727e-05,-4.054143663090364e-05,-0.001,-0.0005,-0.0005405414366309036,1.0577986326232174,2023
2023-06-26 00:00:00+00:00,BTCUSDT_230929,0.05332718961864502,95,30688.1,30267.99,0.013879679489784321,BTCUSDT_230929,False,30688.1,30267.99,-0.002948659623582657,-0.0014743298117913285,0.0,0.0,-0.0014743298117913285,1.056239088564269,2023
2023-06-27 00:00:00+00:00,BTCUSDT_230929,0.06444043036504084,94,31201.8,30692.44,0.016595617683051612,BTCUSDT_230929,False,31201.8,30692.44,0.0003899983188042777,0.00019499915940213885,0.0,0.0,0.00019499915940213885,1.0564450542986668,2023
2023-06-28 00:00:00+00:00,BTCUSDT_230929,0.06490326271479992,93,30574.8,30077.41,0.016536995705414774,BTCUSDT_230929,False,30574.8,30077.41,-0.0017754188276183959,-0.0008877094138091979,0.0,0.0,-0.0008877094138091979,1.0555072380787935,2023
2023-06-29 00:00:00+00:00,BTCUSDT_230929,0.07176986921083432,92,30998.1,30447.31,0.018089939636703446,BTCUSDT_230929,False,30998.1,30447.31,0.0009291461216113093,0.00046457306080565465,0.0,0.0,0.00046457306080565465,1.0559975983070904,2023
2023-06-30 00:00:00+00:00,BTCUSDT_230929,0.06877598313998944,91,30994.5,30472.0,0.017146888947230245,BTCUSDT_230929,False,30994.5,30472.0,-0.0008105802047780615,-0.00040529010238903073,0.0,0.0,-0.00040529010238903073,1.05556961293235,2023
2023-07-01 00:00:00+00:00,BTCUSDT_230929,0.0725563086258697,90,31133.1,30585.9,0.01789059664747472,BTCUSDT_230929,False,31133.1,30585.9,-0.0004534769289117737,-0.00022673846445588685,0.0,0.0,-0.00022673846445588685,1.0553302746991875,2023
2023-07-02 00:00:00+00:00,BTCUSDT_230929,0.07515482121323773,89,31178.1,30617.03,0.01832542215884427,BTCUSDT_230929,False,31178.1,30617.03,-0.00044191092343048415,-0.00022095546171524208,0.0,0.0,-0.00022095546171524208,1.0550970937110793,2023
2023-07-03 00:00:00+00:00,BTCUSDT_230929,0.07649469739278489,88,31730.8,31156.2,0.01844255717963033,BTCUSDT_230929,False,31730.8,31156.2,0.0008669221535360024,0.0004334610767680012,0.0,0.0,0.0004334610767680012,1.055554437233414,2023
2023-07-04 00:00:00+00:00,BTCUSDT_230929,0.0746708139736222,87,31314.1,30766.51,0.017798248810151043,BTCUSDT_230929,False,31314.1,30766.51,-2.6002299253287826e-05,-1.3001149626643913e-05,0.0,0.0,-1.3001149626643913e-05,1.0555407138122366,2023
2023-07-05 00:00:00+00:00,BTCUSDT_230929,0.07629843247823898,86,31053.2,30504.81,0.017977164912680962,BTCUSDT_230929,False,31053.2,30504.81,7.605357974692217e-05,3.802678987346108e-05,0.0,0.0,3.802678987346108e-05,1.0555808526371635,2023
2023-07-06 00:00:00+00:00,BTCUSDT_230929,0.0784363638030766,85,30441.5,29895.43,0.018266002529483592,BTCUSDT_230929,False,30441.5,29895.43,-0.0006700020705505435,-0.00033500103527527177,0.0,0.0,-0.00033500103527527177,1.0552272319587133,2023
2023-07-07 00:00:00+00:00,BTCUSDT_230929,0.08106322638596787,84,30910.8,30344.7,0.018655646620332332,BTCUSDT_230929,False,30910.8,30344.7,0.0008149693356665106,0.0004074846678332553,0.0,0.0,0.0004074846678332553,1.0556572208768165,2023
2023-07-08 00:00:00+00:00,BTCUSDT_230929,0.07861160905633977,83,30826.0,30284.63,0.017876064525140276,BTCUSDT_230929,False,30826.0,30284.63,0.00018755388459415397,9.377694229707699e-05,0.0,0.0,9.377694229707699e-05,1.055756217183104,2023
2023-07-09 00:00:00+00:00,BTCUSDT_230929,0.07905894060477407,82,30696.4,30160.71,0.017761186656414997,BTCUSDT_230929,False,30696.4,30160.71,0.00020755479562656307,0.00010377739781328154,0.0,0.0,0.00010377739781328154,1.0558657808160485,2023
2023-07-10 00:00:00+00:00,BTCUSDT_230929,0.07844721881901376,81,30941.0,30411.57,0.017408834861205796,BTCUSDT_230929,False,30941.0,30411.57,-0.0010808386413461266,-0.0005404193206730633,0.0,0.0,-0.0005404193206730633,1.055295170548058,2023
2023-07-11 00:00:00+00:00,BTCUSDT_230929,0.08377915786311237,80,31184.4,30622.1,0.018362555148079423,BTCUSDT_230929,False,31184.4,30622.1,0.001038465683281124,0.000519232841640562,0.0,0.0,0.000519232841640562,1.0558431144582312,2023
2023-07-12 00:00:00+00:00,BTCUSDT_230929,0.08067953600386663,79,30910.5,30380.0,0.017462146148782092,BTCUSDT_230929,False,30910.5,30380.0,1.0862409479858731e-05,5.4312047399293655e-06,0.0,0.0,5.4312047399293655e-06,1.055848848958359,2023
2023-07-13 00:00:00+00:00,BTCUSDT_230929,0.07887408841191557,78,31984.4,31454.23,0.0168552846469299,BTCUSDT_230929,False,31984.4,31454.23,0.000571624229873043,0.0002858121149365215,0.0,0.0,0.0002858121149365215,1.056150623350933,2023
2023-07-14 00:00:00+00:00,BTCUSDT_230929,0.08009741473309252,77,30824.2,30312.01,0.01689726283410445,BTCUSDT_230929,False,30824.2,30312.01,0.00023126147028857663,0.00011563073514428832,0.0,0.0,0.00011563073514428832,1.0562727468239341,2023
2023-07-15 00:00:00+00:00,BTCUSDT_230929,0.08010009472096728,76,30794.7,30289.52,0.016678375887105516,BTCUSDT_230929,False,30794.7,30289.52,1.2215446134591085e-05,6.107723067295542e-06,0.0,0.0,6.107723067295542e-06,1.0562791982453552,2023
2023-07-16 00:00:00+00:00,BTCUSDT_230929,0.08126299327301935,75,30736.8,30231.99,0.01669787533007247,BTCUSDT_230929,False,30736.8,30231.99,0.001746825134567644,0.000873412567283822,0.0,0.0,0.000873412567283822,1.0572017657716632,2023
2023-07-17 00:00:00+00:00,BTCUSDT_230929,0.07397503017650339,74,30590.0,30138.0,0.014997677350852744,BTCUSDT_230929,False,30590.0,30138.0,9.390138695340588e-05,4.695069347670294e-05,0.0,0.0,4.695069347670294e-05,1.0572514021277108,2023
2023-07-18 00:00:00+00:00,BTCUSDT_230929,0.07521485053315322,73,30308.3,29859.13,0.015042970106630643,BTCUSDT_230929,False,30308.3,29859.13,0.00021032093031507734,0.00010516046515753867,0.0,0.0,0.00010516046515753867,1.057362583176947,2023
2023-07-19 00:00:00+00:00,BTCUSDT_230929,0.0750673872696737,72,30352.1,29909.21,0.014807813379223303,BTCUSDT_230929,False,30352.1,29909.21,-0.0005754080432080663,-0.00028770402160403313,0.0,0.0,-0.00028770402160403313,1.0570583757094734,2023
2023-07-20 00:00:00+00:00,BTCUSDT_230929,0.07937257774836916,71,30260.1,29800.0,0.015439597315436192,BTCUSDT_230929,False,30260.1,29800.0,0.0005744966442952678,0.0002872483221476339,0.0,0.0,0.0002872483221476339,1.057362013954308,2023
2023-07-21 00:00:00+00:00,BTCUSDT_230929,0.07724720469973913,70,30344.7,29901.72,0.014814532408169148,BTCUSDT_230929,False,30344.7,29901.72,0.0009658307281320613,0.0004829153640660306,0.0,0.0,0.0004829153640660306,1.0578726303162262,2023
2023-07-22 00:00:00+00:00,BTCUSDT_230929,0.07352248726277905,69,30208.1,29794.0,0.013898771564744531,BTCUSDT_230929,False,30208.1,29794.0,-0.00012250788749417518,-6.125394374708759e-05,0.0,0.0,-6.125394374708759e-05,1.0578078314456372,2023
2023-07-23 00:00:00+00:00,BTCUSDT_230929,0.07453640449822677,68,30501.5,30083.75,0.013886234262683343,BTCUSDT_230929,False,30501.5,30083.75,0.0004902979183113807,0.00024514895915569036,0.0,0.0,0.00024514895915569036,1.0580671519345028,2023
2023-07-24 00:00:00+00:00,BTCUSDT_230929,0.07524712563858002,67,29579.5,29176.5,0.013812486076122907,BTCUSDT_230929,False,29579.5,29176.5,-1.6794337908988424e-05,-8.397168954494212e-06,0.0,0.0,-8.397168954494212e-06,1.058058267165863,2023
2023-07-25 00:00:00+00:00,BTCUSDT_230929,0.07634297583101726,66,29632.4,29228.91,0.013804483300951065,BTCUSDT_230929,False,29632.4,29228.91,-0.0002685697140262345,-0.00013428485701311724,0.0,0.0,-0.00013428485701311724,1.057916185962745,2023
2023-07-26 00:00:00+00:00,BTCUSDT_230929,0.07869431232845467,65,29763.3,29351.96,0.014014055620135765,BTCUSDT_230929,False,29763.3,29351.96,0.0006888807425465804,0.0003444403712732902,0.0,0.0,0.0003444403712732902,1.0582805750066142,2023
2023-07-27 00:00:00+00:00,BTCUSDT_230929,0.07633107630417144,64,29613.9,29222.78,0.013384079132786225,BTCUSDT_230929,False,29613.9,29222.78,5.6804999387583676e-05,2.8402499693791838e-05,0.0,0.0,2.8402499693791838e-05,1.0583106328203218,2023
2023-07-28 00:00:00+00:00,BTCUSDT_230929,0.07697292972249,63,29703.6,29314.14,0.01328573855484074,BTCUSDT_230929,False,29703.6,29314.14,0.0002033148507852909,0.00010165742539264544,0.0,0.0,0.00010165742539264544,1.05841821795452,2023
2023-07-29 00:00:00+00:00,BTCUSDT_230929,0.0769157941090395,62,29736.4,29352.9,0.013065148588384793,BTCUSDT_230929,False,29736.4,29352.9,0.0006503616337738398,0.0003251808168869199,0.0,0.0,0.0003251808168869199,1.0587623952552425,2023
2023-07-30 00:00:00+00:00,BTCUSDT_230929,0.07446738033228167,61,29645.5,29281.09,0.01244523342539502,BTCUSDT_230929,False,29645.5,29281.09,0.00011474982659458996,5.737491329729498e-05,0.0,0.0,5.737491329729498e-05,1.0588231416558727,2023
2023-07-31 00:00:00+00:00,BTCUSDT_230929,0.07513576614868837,60,29593.3,29232.25,0.012351084846359732,BTCUSDT_230929,False,29593.3,29232.25,-0.0006485987223015377,-0.00032429936115076886,0.0,0.0,-0.00032429936115076886,1.058479765987462,2023
2023-08-01 00:00:00+00:00,BTCUSDT_230929,0.07913923495005176,59,30086.0,29705.99,0.01279236948507686,BTCUSDT_230929,False,30086.0,29705.99,-0.0001777419301629898,-8.88709650814949e-05,0.0,0.0,-8.88709650814949e-05,1.0583856978691395,2023
2023-08-02 00:00:00+00:00,BTCUSDT_230929,0.08307644065037367,58,29571.3,29186.01,0.013201187829374447,BTCUSDT_230929,False,29571.3,29186.01,6.270127365822688e-05,3.135063682911344e-05,0.0,0.0,3.135063682911344e-05,1.0584188789347784,2023
2023-08-03 00:00:00+00:00,BTCUSDT_230929,0.08411042520508594,57,29577.1,29193.64,0.013135052703259995,BTCUSDT_230929,False,29577.1,29193.64,0.00011817642472815064,5.908821236407532e-05,0.0,0.0,5.908821236407532e-05,1.058481419014267,2023
2023-08-04 00:00:00+00:00,BTCUSDT_230929,0.08507425099950684,56,29494.0,29113.99,0.013052487824581871,BTCUSDT_230929,False,29494.0,29113.99,-0.0007164940291591973,-0.00035824701457959866,0.0,0.0,-0.00035824701457959866,1.0581022212059172,2023
2023-08-05 00:00:00+00:00,BTCUSDT_230929,0.09150753972650384,55,29473.0,29072.13,0.013788807356048524,BTCUSDT_230929,False,29473.0,29072.13,0.0006291248697634894,0.0003145624348817447,0.0,0.0,0.0003145624348817447,1.0584350604169734,2023
2023-08-06 00:00:00+00:00,BTCUSDT_230929,0.08889989237667152,54,29471.0,29088.42,0.013152312844767842,BTCUSDT_230929,False,29471.0,29088.42,0.0004104726210637198,0.0002052363105318599,0.0,0.0,0.0002052363105318599,1.058652289723711,2023
2023-08-07 00:00:00+00:00,BTCUSDT_230929,0.08738199691202499,53,29581.7,29211.06,0.012688344757088561,BTCUSDT_230929,False,29581.7,29211.06,0.002264895556682853,0.0011324477783414264,0.0,0.0,0.0011324477783414264,1.0598511581572447,2023
2023-08-08 00:00:00+00:00,BTCUSDT_230929,0.0717898969720752,52,30074.9,29770.42,0.010227601760405235,BTCUSDT_230929,False,30074.9,29770.42,-0.0013244690535100497,-0.0006622345267550248,0.0,0.0,-0.0006622345267550248,1.0591492881270916,2023
2023-08-09 00:00:00+00:00,BTCUSDT_230929,0.08320321474879364,51,29925.9,29581.99,0.011625654663530069,BTCUSDT_230929,False,29925.9,29581.99,0.00014062610392336197,7.031305196168099e-05,0.0,0.0,7.031305196168099e-05,1.0592237601460228,2023
2023-08-10 00:00:00+00:00,BTCUSDT_230929,0.08420002885684459,50,29795.5,29455.75,0.011534250528334875,BTCUSDT_230929,False,29795.5,29455.75,0.00016906716006211226,8.453358003105613e-05,0.0,0.0,8.453358003105613e-05,1.059313300122522,2023
2023-08-11 00:00:00+00:00,BTCUSDT_230929,0.08474452374170716,49,29760.8,29426.03,0.011376662091352468,BTCUSDT_230929,False,29760.8,29426.03,0.00029021923786515664,0.00014510961893257832,0.0,0.0,0.00014510961893257832,1.059467016671833,2023
2023-08-12 00:00:00+00:00,BTCUSDT_230929,0.08429130010688661,48,29756.4,29430.17,0.011084883301727555,BTCUSDT_230929,False,29756.4,29430.17,0.0004984680686520633,0.00024923403432603163,0.0,0.0,0.00024923403432603163,1.0597310719106334,2023
2023-08-13 00:00:00+00:00,BTCUSDT_230929,0.08256807647488075,47,29615.4,29303.84,0.010632053683066836,BTCUSDT_230929,False,29615.4,29303.84,-1.7403862428896665e-05,-8.701931214448332e-06,0.0,0.0,-8.701931214448332e-06,1.0597218502037398,2023
2023-08-14 00:00:00+00:00,BTCUSDT_230929,0.08413623384295535,46,29743.0,29430.93,0.01060347056650944,BTCUSDT_230929,False,29743.0,29430.93,0.0002504168233895083,0.00012520841169475416,0.0,0.0,0.00012520841169475416,1.059854536293442,2023
2023-08-15 00:00:00+00:00,BTCUSDT_230929,0.08463888888888908,45,29504.7,29200.0,0.01043493150684934,BTCUSDT_230929,False,29504.7,29200.0,0.00040102739726024405,0.00020051369863012202,0.0,0.0,0.00020051369863012202,1.060067051646524,2023
2023-08-16 00:00:00+00:00,BTCUSDT_230929,0.08459596530909964,44,29023.5,28730.51,0.010197869790685985,BTCUSDT_230929,False,29023.5,28730.51,0.0019282637168641092,0.0009641318584320546,0.0,0.0,0.0009641318584320546,1.0610890960630908,2023
2023-08-17 00:00:00+00:00,BTCUSDT_230929,0.07575108994608117,43,26861.0,26623.41,0.008924101007346547,BTCUSDT_230929,False,26861.0,26623.41,0.0012203545676531143,0.0006101772838265571,0.0,0.0,0.0006101772838265571,1.0617365485256245,2023
2023-08-18 00:00:00+00:00,BTCUSDT_230929,0.06841239988741284,42,26259.1,26054.0,0.007872111767866683,BTCUSDT_230929,False,26259.1,26054.0,5.411836954004055e-05,2.7059184770020274e-05,0.0,0.0,2.7059184770020274e-05,1.061765278251068,2023
2023-08-19 00:00:00+00:00,BTCUSDT_230929,0.06947651762884649,41,26303.7,26100.01,0.007804211569267688,BTCUSDT_230929,False,26303.7,26100.01,0.0009609191720618262,0.0004804595860309131,0.0,0.0,0.0004804595860309131,1.0622754135571184,2023
2023-08-20 00:00:00+00:00,BTCUSDT_230929,0.062230502951699185,40,26368.6,26189.99,0.006819781145391691,BTCUSDT_230929,False,26368.6,26189.99,0.0,0.0,0.0,0.0,0.0,1.0622754135571184,2023
2023-08-21 00:00:00+00:00,BTCUSDT_231229,0.06543242342793162,130,26735.8,26126.92,0.02330469875515373,BTCUSDT_230929,True,26735.8,26126.92,0.0,0.0,-0.001,-0.0005,-0.0005,1.06174427585034,2023
2023-08-22 00:00:00+00:00,BTCUSDT_230929,0.0649910920608242,38,26232.3,26056.0,0.006766195885784436,BTCUSDT_231229,True,26232.3,26056.0,0.0,0.0,-0.001,-0.0005,-0.0005,1.0612134037124148,2023
2023-08-23 00:00:00+00:00,BTCUSDT_231229,0.06392754533963946,128,27025.3,26432.72,0.022418426858832465,BTCUSDT_230929,True,27025.3,26432.72,9.571470510786767e-05,4.7857352553933834e-05,-0.001,-0.0005,-0.00045214264744606616,1.060733583874555,2023
2023-08-24 00:00:00+00:00,BTCUSDT_231229,0.06477500967820848,127,26770.1,26180.05,0.02253815405241775,BTCUSDT_231229,False,26770.1,26180.05,0.0006821988498874886,0.0003410994249437443,0.0,0.0,0.0003410994249437443,1.0610953994900332,2023
2023-08-25 00:00:00+00:00,BTCUSDT_231229,0.06360452370546023,126,26632.2,26060.01,0.021956630101062982,BTCUSDT_231229,False,26632.2,26060.01,0.0003668455998290603,0.00018342279991453016,0.0,0.0,0.00018342279991453016,1.061290028579184,2023
2023-08-26 00:00:00+00:00,BTCUSDT_231229,0.0631454908778252,125,26580.0,26017.37,0.021625168108844246,BTCUSDT_231229,False,26580.0,26017.37,0.000922460648405277,0.0004612303242026385,0.0,0.0,0.0004612303242026385,1.0617795277231385,2023
2023-08-27 00:00:00+00:00,BTCUSDT_231229,0.06074237370653171,124,26640.4,26101.77,0.020635765313999816,BTCUSDT_231229,False,26640.4,26101.77,0.0008440040656247631,0.00042200203281238154,0.0,0.0,0.00042200203281238154,1.0622276008422362,2023
2023-08-28 00:00:00+00:00,BTCUSDT_231229,0.05869065849923414,123,26636.6,26120.0,0.01977794793261863,BTCUSDT_231229,False,26636.6,26120.0,0.00041883614088815814,0.00020941807044407907,0.0,0.0,0.00020941807044407907,1.062450050496777,2023
2023-08-29 00:00:00+00:00,BTCUSDT_231229,0.05458279289046242,122,28222.0,27716.34,0.01824411159626415,BTCUSDT_231229,False,28222.0,27716.34,-0.00011004338956728314,-5.502169478364157e-05,0.0,0.0,-5.502169478364157e-05,1.0623915926943759,2023
2023-08-30 00:00:00+00:00,BTCUSDT_231229,0.05621021948184096,121,27808.7,27299.99,0.01863407275973358,BTCUSDT_231229,False,27808.7,27299.99,0.0007652017454951235,0.00038260087274756175,0.0,0.0,0.00038260087274756175,1.0627980646449406,2023
2023-08-31 00:00:00+00:00,BTCUSDT_231229,0.057198967545822925,120,26428.6,25940.78,0.018805140015065072,BTCUSDT_231229,False,26428.6,25940.78,-0.0005254275314775046,-0.0002627137657387523,0.0,0.0,-0.0002627137657387523,1.062518852963158,2023
2023-09-01 00:00:00+00:00,BTCUSDT_231229,0.05960309801258863,119,26306.5,25805.05,0.01943224291369328,BTCUSDT_231229,False,26306.5,25805.05,0.0010951344794913555,0.0005475672397456777,0.0,0.0,0.0005475672397456777,1.0631006534786527,2023
2023-09-02 00:00:00+00:00,BTCUSDT_231229,0.05657938369158895,118,26342.7,25869.51,0.018291417193445195,BTCUSDT_231229,False,26342.7,25869.51,0.000730589794704324,0.000365294897352162,0.0,0.0,0.000365294897352162,1.0634889987227403,2023
2023-09-03 00:00:00+00:00,BTCUSDT_231229,0.05456925138179892,117,26425.5,25971.21,0.017492061401836914,BTCUSDT_231229,False,26425.5,25971.21,0.001552103271276206,0.000776051635638103,0.0,0.0,0.000776051635638103,1.0643143210996822,2023
2023-09-04 00:00:00+00:00,BTCUSDT_231229,0.05043787167974854,116,26240.0,25826.02,0.016029570177673508,BTCUSDT_231229,False,26240.0,25826.02,0.0006342440685787969,0.00031712203428939845,0.0,0.0,0.00031712203428939845,1.0646518386223127,2023
2023-09-05 00:00:00+00:00,BTCUSDT_231229,0.04892768817145418,115,26189.7,25792.1,0.015415572985526661,BTCUSDT_231229,False,26189.7,25792.1,0.000637792192183047,0.0003188960960915235,0.0,0.0,0.0003188960960915235,1.0649913519373462,2023
2023-09-06 00:00:00+00:00,BTCUSDT_231229,0.047373876277342124,114,26141.1,25759.95,0.01479622437155343,BTCUSDT_231229,False,26141.1,25759.95,-0.00030473661633668476,-0.00015236830816834238,0.0,0.0,-0.00015236830816834238,1.0648290810068375,2023
2023-09-07 00:00:00+00:00,BTCUSDT_231229,0.047857719473576886,113,26644.0,26255.0,0.01481622548086079,BTCUSDT_231229,False,26644.0,26255.0,0.0020719862883260888,0.0010359931441630444,0.0,0.0,0.0010359931441630444,1.065932236634466,2023
2023-09-08 00:00:00+00:00,BTCUSDT_231229,0.042084772582543575,112,26245.1,25910.5,0.012913683641766795,BTCUSDT_231229,False,26245.1,25910.5,0.0004673780899635508,0.0002336890449817754,0.0,0.0,0.0002336890449817754,1.0661813333208603,2023
2023-09-09 00:00:00+00:00,BTCUSDT_231229,0.04094108783546982,111,26224.1,25901.61,0.012450577396540137,BTCUSDT_231229,False,26224.1,25901.61,0.00013512673536509893,6.756336768254946e-05,0.0,0.0,6.756336768254946e-05,1.0662533681222996,2023
2023-09-10 00:00:00+00:00,BTCUSDT_231229,0.040959786103954496,110,26160.6,25841.61,0.012344045127219162,BTCUSDT_231229,False,26160.6,25841.61,-0.0002859728941038525,-0.00014298644705192624,0.0,0.0,-0.00014298644705192624,1.0661009083415347,2023
2023-09-11 00:00:00+00:00,BTCUSDT_231229,0.043434594516408236,109,25488.9,25162.52,0.012970878910379445,BTCUSDT_231229,False,25488.9,25162.52,-0.0005015395914240299,-0.00025076979571201497,0.0,0.0,-0.00025076979571201497,1.0658335624345414,2023
2023-09-12 00:00:00+00:00,BTCUSDT_231229,0.04433784870973582,108,26179.1,25840.1,0.013119144275757447,BTCUSDT_231229,False,26179.1,25840.1,0.0001470582544184919,7.352912720924595e-05,0.0,0.0,7.352912720924595e-05,1.0659119322461375,2023
2023-09-13 00:00:00+00:00,BTCUSDT_231229,0.043606103742523494,107,26557.2,26222.0,0.012783159179315107,BTCUSDT_231229,False,26557.2,26222.0,0.0002986042254596044,0.0001493021127298022,0.0,0.0,0.0001493021127298022,1.0660710751496059,2023
2023-09-14 00:00:00+00:00,BTCUSDT_231229,0.042501832301633576,106,26850.1,26522.73,0.012342997873899066,BTCUSDT_231229,False,26850.1,26522.73,-0.0004120993577961353,-0.00020604967889806765,0.0,0.0,-0.00020604967889806765,1.065851411546889,2023
2023-09-15 00:00:00+00:00,BTCUSDT_231229,0.04421034729681336,105,26938.3,26600.0,0.012718045112781927,BTCUSDT_231229,False,26938.3,26600.0,0.0002733082706765714,0.0001366541353382857,0.0,0.0,0.0001366541353382857,1.0659970645499328,2023
2023-09-16 00:00:00+00:00,BTCUSDT_231229,0.04374256083638236,104,26890.7,26559.67,0.012463633772558262,BTCUSDT_231229,False,26890.7,26559.67,0.0002161171430217921,0.00010805857151089605,0.0,0.0,0.00010805857151089605,1.066112254669963,2023
2023-09-17 00:00:00+00:00,BTCUSDT_231229,0.04345401053582223,103,26852.8,26527.51,0.012262364616958052,BTCUSDT_231229,False,26852.8,26527.51,0.0002714163523075,0.00013570817615375,0.0,0.0,0.00013570817615375,1.0662569348196194,2023
2023-09-18 00:00:00+00:00,BTCUSDT_231229,0.04253200597754539,102,27080.6,26762.51,0.01188565646495789,BTCUSDT_231229,False,27080.6,26762.51,0.00040168130717186095,0.00020084065358593048,0.0,0.0,0.00020084065358593048,1.066471082559299,2023
2023-09-19 00:00:00+00:00,BTCUSDT_231229,0.04081857940408663,101,27517.6,27210.26,0.011295004163870546,BTCUSDT_231229,False,27517.6,27210.26,-0.0003991141576743693,-0.00019955707883718464,0.0,0.0,-0.00019955707883718464,1.066258260705399,2023
2023-09-20 00:00:00+00:00,BTCUSDT_231229,0.04281769585253466,100,27443.2,27125.0,0.011730875576036894,BTCUSDT_231229,False,27443.2,27125.0,0.0004232258064517309,0.00021161290322586546,0.0,0.0,0.00021161290322586546,1.0664838947115354,2023
2023-09-21 00:00:00+00:00,BTCUSDT_231229,0.04256372171554566,99,26874.8,26568.08,0.011544680684490468,BTCUSDT_231229,False,26874.8,26568.08,-5.4200378800512804e-05,-2.7100189400256402e-05,0.0,0.0,-2.7100189400256402e-05,1.0664549927959963,2023
2023-09-22 00:00:00+00:00,BTCUSDT_231229,0.043180313403548796,98,26888.3,26580.14,0.011593618393281595,BTCUSDT_231229,False,26888.3,26580.14,-0.0001422114405718884,-7.11057202859442e-05,0.0,0.0,-7.11057202859442e-05,1.0663791617455811,2023
2023-09-23 00:00:00+00:00,BTCUSDT_231229,0.04416754259717555,97,26887.9,26575.96,0.011737675703906927,BTCUSDT_231229,False,26887.9,26575.96,0.0007984659820380826,0.0003992329910190413,0.0,0.0,0.0003992329910190413,1.066804895487885,2023
2023-09-24 00:00:00+00:00,BTCUSDT_231229,0.04211085280945556,96,26539.1,26248.38,0.011075731149884202,BTCUSDT_231229,False,26539.1,26248.38,0.00037449930243306853,0.00018724965121653427,0.0,0.0,0.00018724965121653427,1.0670046543324812,2023
2023-09-25 00:00:00+00:00,BTCUSDT_231229,0.04102705730885031,95,26585.7,26304.81,0.010678275189974738,BTCUSDT_231229,False,26585.7,26304.81,-0.0006097744100794065,-0.00030488720503970326,0.0,0.0,-0.00030488720503970326,1.0666793382656574,2023
2023-09-26 00:00:00+00:00,BTCUSDT_231229,0.04397023043690301,94,26518.6,26221.67,0.01132384016731201,BTCUSDT_231229,False,26518.6,26221.67,0.00015712195294970228,7.856097647485114e-05,0.0,0.0,7.856097647485114e-05,1.0667631376360571,2023
2023-09-27 00:00:00+00:00,BTCUSDT_231229,0.04357490514478637,93,26665.8,26372.99,0.011102647064288033,BTCUSDT_231229,False,26665.8,26372.99,-0.0013081565647279144,-0.0006540782823639572,0.0,0.0,-0.0006540782823639572,1.0660653910353028,2023
2023-09-28 00:00:00+00:00,BTCUSDT_231229,0.04805699661734989,92,27348.7,27021.39,0.012112996407660795,BTCUSDT_231229,False,27348.7,27021.39,-7.512566896073207e-05,-3.756283448036604e-05,0.0,0.0,-3.756283448036604e-05,1.066025346597474,2023
2023-09-29 00:00:00+00:00,BTCUSDT_231229,0.049094328042971834,91,27236.3,26906.96,0.012239955758658732,BTCUSDT_231229,False,27236.3,26906.96,0.0,0.0,0.0,0.0,0.0,1.066025346597474,2023
2023-09-30 00:00:00+00:00,BTCUSDT_240329,0.04870731982234503,181,27613.8,26962.56,0.024153492843409452,BTCUSDT_231229,True,27613.8,26962.56,0.0,0.0,-0.001,-0.0005,-0.0005,1.0654923339241753,2023
2023-10-01 00:00:00+00:00,BTCUSDT_231229,0.051003682666628136,89,28340.7,27992.57,0.012436514403643574,BTCUSDT_240329,True,28340.7,27992.57,0.00018004777696370406,9.002388848185203e-05,-0.001,-0.0005,-0.00040997611151814795,1.0650555075202606,2023
2023-10-02 00:00:00+00:00,BTCUSDT_231229,0.05175737810930257,88,27837.6,27494.51,0.012478491160598976,BTCUSDT_231229,False,27837.6,27494.51,-0.0002527777363553934,-0.0001263888681776967,0.0,0.0,-0.0001263888681776967,1.0649208963601187,2023
2023-10-03 00:00:00+00:00,BTCUSDT_231229,0.053545321586878476,87,27776.5,27426.46,0.012762857474132677,BTCUSDT_231229,False,27776.5,27426.46,-0.0010606545649712047,-0.0005303272824856023,0.0,0.0,-0.0005303272824856023,1.0643561397550898,2023
2023-10-04 00:00:00+00:00,BTCUSDT_231229,0.05792588516305764,86,28157.7,27778.57,0.013648290750747825,BTCUSDT_231229,False,28157.7,27778.57,0.0008502957495651858,0.0004251478747825929,0.0,0.0,0.0004251478747825929,1.0648086485059185,2023
2023-10-05 00:00:00+00:00,BTCUSDT_231229,0.055694273766476544,85,27765.9,27410.39,0.01296989937027536,BTCUSDT_231229,False,27765.9,27410.39,-0.0003684734146430804,-0.0001842367073215402,0.0,0.0,-0.0001842367073215402,1.0646124716665901,2023
2023-10-06 00:00:00+00:00,BTCUSDT_231229,0.05687792706979937,84,28296.7,27931.09,0.013089714722912732,BTCUSDT_231229,False,28296.7,27931.09,0.00030360433481112133,0.00015180216740556067,0.0,0.0,0.00015180216740556067,1.0647740821472362,2023
2023-10-07 00:00:00+00:00,BTCUSDT_231229,0.05617662782381224,83,28313.8,27956.67,0.012774411258565524,BTCUSDT_231229,False,28313.8,27956.67,0.0004106354583718148,0.0002053177291859074,0.0,0.0,0.0002053177291859074,1.0649926991438787,2023
2023-10-08 00:00:00+00:00,BTCUSDT_231229,0.055111984410611096,82,28262.7,27917.05,0.012381322525123589,BTCUSDT_231229,False,28262.7,27917.05,0.00043593431254383583,0.00021796715627191791,0.0,0.0,0.00021796715627191791,1.0652248325739615,2023
2023-10-09 00:00:00+00:00,BTCUSDT_231229,0.054465820319683875,81,27923.6,27590.12,0.01208693546820382,BTCUSDT_231229,False,27923.6,27590.12,0.00019934672266738965,9.967336133369482e-05,0.0,0.0,9.967336133369482e-05,1.0653310071136002,2023
2023-10-10 00:00:00+00:00,BTCUSDT_231229,0.05463315786860365,80,27718.1,27390.12,0.011974390765721347,BTCUSDT_231229,False,27718.1,27390.12,0.0013106915924428757,0.0006553457962214378,0.0,0.0,0.0006553457962214378,1.0660291673106965,2023
2023-10-11 00:00:00+00:00,BTCUSDT_231229,0.05021236963243087,79,27167.6,26875.52,0.01086788274236175,BTCUSDT_231229,False,27167.6,26875.52,-0.000591244374062322,-0.000295622187031161,0.0,0.0,-0.000295622187031161,1.0657140254368171,2023
2023-10-12 00:00:00+00:00,BTCUSDT_231229,0.05385506700453837,78,27067.6,26759.63,0.01150875404480546,BTCUSDT_231229,False,27067.6,26759.63,0.0012096579810707017,0.0006048289905353509,0.0,0.0,0.0006048289905353509,1.0663586001750216,2023
2023-10-13 00:00:00+00:00,BTCUSDT_231229,0.048634337890535985,77,27137.6,26862.0,0.010259846623482933,BTCUSDT_231229,False,27137.6,26862.0,0.00021889658253284865,0.00010944829126642432,0.0,0.0,0.00010944829126642432,1.066475311301688,2023
2023-10-14 00:00:00+00:00,BTCUSDT_231229,0.04824008022624688,76,27122.2,26852.48,0.010044509855328117,BTCUSDT_231229,False,27122.2,26852.48,0.0004457688824272903,0.00022288444121364514,0.0,0.0,0.00022288444121364514,1.0667130120555155,2023
2023-10-15 00:00:00+00:00,BTCUSDT_231229,0.04619490329593572,75,27411.9,27154.15,0.009492103416973095,BTCUSDT_231229,False,27411.9,27154.15,-0.0001093755466476087,-5.468777332380435e-05,0.0,0.0,-5.468777332380435e-05,1.0666546758961106,2023
2023-10-16 00:00:00+00:00,BTCUSDT_231229,0.04512100313688922,74,28761.5,28500.78,0.009147819814054253,BTCUSDT_231229,False,28761.5,28500.78,0.00010631287985811174,5.315643992905587e-05,0.0,0.0,5.315643992905587e-05,1.066711375461315,2023
2023-10-17 00:00:00+00:00,BTCUSDT_231229,0.045374492312448986,73,28653.6,28395.91,0.009074898462489798,BTCUSDT_231229,False,28653.6,28395.91,-0.0011519264570145054,-0.0005759632285072527,0.0,0.0,-0.0005759632285072527,1.0660969889336187,2023
2023-10-18 00:00:00+00:00,BTCUSDT_231229,0.051983286252354315,72,28610.4,28320.0,0.010254237288135645,BTCUSDT_231229,False,28610.4,28320.0,0.0006783192090395172,0.0003391596045197586,0.0,0.0,0.0003391596045197586,1.0664585659667651,2023
2023-10-19 00:00:00+00:00,BTCUSDT_231229,0.048553313892488965,71,28984.9,28713.71,0.009444617222922511,BTCUSDT_231229,False,28984.9,28713.71,0.0003527931430666625,0.00017639657153333124,0.0,0.0,0.00017639657153333124,1.066646685601484,2023
2023-10-20 00:00:00+00:00,BTCUSDT_231229,0.04588087206634985,70,29930.1,29669.04,0.008799071355190383,BTCUSDT_231229,False,29930.1,29669.04,-1.1459757376840758e-05,-5.729878688420379e-06,0.0,0.0,-5.729878688420379e-06,1.0666405738453721,2023
2023-10-21 00:00:00+00:00,BTCUSDT_231229,0.046231272557557615,69,30171.2,29909.8,0.008739610428688973,BTCUSDT_231229,False,30171.2,29909.8,-0.0008706176570890101,-0.00043530882854450506,0.0,0.0,-0.00043530882854450506,1.0661762557866934,2023
2023-10-22 00:00:00+00:00,BTCUSDT_231229,0.051442144812004334,68,30279.9,29992.46,0.009583742047167932,BTCUSDT_231229,False,30279.9,29992.46,-0.0018994774019870716,-0.0009497387009935358,0.0,0.0,-0.0009497387009935358,1.0651636669344924,2023
2023-10-23 00:00:00+00:00,BTCUSDT_231229,0.05673613547617765,67,33414.4,33069.99,0.010414578292887404,BTCUSDT_231229,False,33414.4,33069.99,-0.0009906262445194198,-0.0004953131222597099,0.0,0.0,-0.0004953131222597099,1.0646360773929056,2023
2023-10-24 00:00:00+00:00,BTCUSDT_231229,0.06148869486445767,66,34299.9,33922.73,0.011118503728915633,BTCUSDT_231229,False,34299.9,33922.73,-0.0010518021397452472,-0.0005259010698726236,0.0,0.0,-0.0005259010698726236,1.0640761841407798,2023
2023-10-25 00:00:00+00:00,BTCUSDT_231229,0.06720513039787251,65,34908.9,34496.05,0.011968036920169078,BTCUSDT_231229,False,34908.9,34496.05,-0.0018665905226830147,-0.0009332952613415074,0.0,0.0,-0.0009332952613415074,1.0630830868804149,2023
2023-10-26 00:00:00+00:00,BTCUSDT_231229,0.07969625414987114,64,34628.9,34151.66,0.013974137713950008,BTCUSDT_231229,False,34628.9,34151.66,0.0007396419383419359,0.00036982096917096796,0.0,0.0,0.00036982096917096796,1.0634762372979143,2023
2023-10-27 00:00:00+00:00,BTCUSDT_231229,0.07726344684425138,63,34344.0,33892.02,0.013335882605994073,BTCUSDT_231229,False,34344.0,33892.02,-0.0005552929568671243,-0.00027764647843356213,0.0,0.0,-0.00027764647843356213,1.0631809668657308,2023
2023-10-28 00:00:00+00:00,BTCUSDT_231229,0.08132522993135,62,34551.8,34081.0,0.013814148645873152,BTCUSDT_231229,False,34551.8,34081.0,-0.00025556761832103305,-0.00012778380916051652,0.0,0.0,-0.00012778380916051652,1.0630451095519577,2023
2023-10-29 00:00:00+00:00,BTCUSDT_231229,0.08310283037824315,61,35005.4,34525.89,0.013888418227596799,BTCUSDT_231229,False,35005.4,34525.89,-0.000143660308249602,-7.1830154124801e-05,0.0,0.0,-7.1830154124801e-05,1.0629687508578969,2023
2023-10-30 00:00:00+00:00,BTCUSDT_231229,0.08548848678437691,60,34959.2,34474.73,0.01405290193715785,BTCUSDT_231229,False,34959.2,34474.73,-0.00031501334455724114,-0.00015750667227862057,0.0,0.0,-0.00015750667227862057,1.0628013261872131,2023
2023-10-31 00:00:00+00:00,BTCUSDT_231229,0.0884627600303628,59,35135.1,34639.77,0.014299459840524397,BTCUSDT_231229,False,35135.1,34639.77,-0.0009018535631154008,-0.0004509267815577004,0.0,0.0,-0.0004509267815577004,1.0623220806057603,2023
2023-11-01 00:00:00+00:00,BTCUSDT_231229,0.09355239138449857,58,35948.0,35421.43,0.014865859452879224,BTCUSDT_231229,False,35948.0,35421.43,0.0007385359653745265,0.00036926798268726327,0.0,0.0,0.00036926798268726327,1.0627143621374298,2023
2023-11-02 00:00:00+00:00,BTCUSDT_231229,0.09170675474588953,57,35442.0,34941.59,0.014321328823330695,BTCUSDT_231229,False,35442.0,34941.59,0.0005005496315423894,0.0002502748157711947,0.0,0.0,0.0002502748157711947,1.062980332778631,2023
2023-11-03 00:00:00+00:00,BTCUSDT_231229,0.09066519335688852,56,35199.7,34716.78,0.013910276241056868,BTCUSDT_231229,False,35199.7,34716.78,-0.00010974520102397019,-5.4872600511985095e-05,0.0,0.0,-5.4872600511985095e-05,1.0629220042834784,2023
2023-11-04 00:00:00+00:00,BTCUSDT_231229,0.09212568661026843,55,35548.8,35062.07,0.013881952776889762,BTCUSDT_231229,False,35548.8,35062.07,-0.001668184451174673,-0.0008340922255873365,0.0,0.0,-0.0008340922255873365,1.0620354293032999,2023
2023-11-05 00:00:00+00:00,BTCUSDT_231229,0.10525808192343118,54,35557.1,35011.88,0.015572428558535023,BTCUSDT_231229,False,35557.1,35011.88,6.312143192536725e-05,3.1560715962683626e-05,0.0,0.0,3.1560715962683626e-05,1.0620689479018264,2023
2023-11-06 00:00:00+00:00,BTCUSDT_231229,0.10670511802632862,53,35589.1,35046.09,0.015494167823001143,BTCUSDT_231229,False,35589.1,35046.09,0.00018061929305100076,9.030964652550038e-05,0.0,0.0,9.030964652550038e-05,1.062164862973097,2023
2023-11-07 00:00:00+00:00,BTCUSDT_231229,0.10641735639842942,52,35935.8,35399.12,0.015160828856762548,BTCUSDT_231229,False,35935.8,35399.12,0.0005621608672758378,0.0002810804336379189,0.0,0.0,0.0002810804336379189,1.0624634167333766,2023
2023-11-08 00:00:00+00:00,BTCUSDT_231229,0.10381902031543704,51,36141.5,35624.72,0.014506219276951476,BTCUSDT_231229,False,36141.5,35624.72,0.0001423169080344332,7.11584540172166e-05,0.0,0.0,7.11584540172166e-05,1.0625390199875613,2023
2023-11-09 00:00:00+00:00,BTCUSDT_231229,0.10178125499814984,50,37212.8,36701.09,0.01394263767097943,BTCUSDT_231229,False,37212.8,36701.09,-0.0013013237481501166,-0.0006506618740750583,0.0,0.0,-0.0006506618740750583,1.0618476663575382,2023
2023-11-10 00:00:00+00:00,BTCUSDT_231229,0.11172382044014985,49,37861.1,37301.63,0.014998540278266692,BTCUSDT_231229,False,37861.1,37301.63,0.0008222160801015467,0.00041110804005077333,0.0,0.0,0.00041110804005077333,1.062284200470487,2023
2023-11-11 00:00:00+00:00,BTCUSDT_231229,0.10829742346709818,48,37658.8,37130.0,0.014241852949097843,BTCUSDT_231229,False,37658.8,37130.0,-0.00031430110422833973,-0.00015715055211416986,0.0,0.0,-0.00015715055211416986,1.062117261921881,2023
2023-11-12 00:00:00+00:00,BTCUSDT_231229,0.11324337091620941,47,37604.6,37064.13,0.01458202310427902,BTCUSDT_231229,False,37604.6,37064.13,0.00030757500580754106,0.00015378750290377053,0.0,0.0,0.00015378750290377053,1.062280602283383,2023
2023-11-13 00:00:00+00:00,BTCUSDT_231229,0.1151321474928813,46,36992.0,36462.93,0.014509804889513808,BTCUSDT_231229,False,36992.0,36462.93,0.0006379081439698356,0.0003189540719849178,0.0,0.0,0.0003189540719849178,1.062619421007072,2023
2023-11-14 00:00:00+00:00,BTCUSDT_231229,0.11540207546107716,45,36057.0,35551.19,0.01422765313903691,BTCUSDT_231229,False,36057.0,35551.19,-0.002272497770117066,-0.001136248885058533,0.0,0.0,-0.001136248885058533,1.061412020874711,2023
2023-11-15 00:00:00+00:00,BTCUSDT_231229,0.1285352614853238,44,38444.8,37858.2,0.015494661658504785,BTCUSDT_231229,False,38444.8,37858.2,0.0024673650622589233,0.0012336825311294616,0.0,0.0,0.0012336825311294616,1.062721466343195,2023
2023-11-16 00:00:00+00:00,BTCUSDT_231229,0.11576255271012403,43,36656.7,36163.51,0.013637780182288584,BTCUSDT_231229,False,36656.7,36163.51,0.001150607338723296,0.000575303669361648,0.0,0.0,0.000575303669361648,1.0633328539022917,2023
2023-11-17 00:00:00+00:00,BTCUSDT_231229,0.10718451447141561,42,37065.5,36613.92,0.012333560569313578,BTCUSDT_231229,False,37065.5,36613.92,0.001100128038734963,0.0005500640193674815,0.0,0.0,0.0005500640193674815,1.0639177550458345,2023
2023-11-18 00:00:00+00:00,BTCUSDT_231229,0.10013025480491831,41,36979.4,36568.1,0.011247508073977126,BTCUSDT_231229,False,36979.4,36568.1,-0.0005917726105539915,-0.00029588630527699577,0.0,0.0,-0.00029588630527699577,1.0636029563521754,2023
2023-11-19 00:00:00+00:00,BTCUSDT_231229,0.10574390535724763,40,37792.8,37359.86,0.011588373189835357,BTCUSDT_231229,False,37792.8,37359.86,0.0009346930100915329,0.00046734650504576643,0.0,0.0,0.00046734650504576643,1.0641000274765828,2023
2023-11-20 00:00:00+00:00,BTCUSDT_231229,0.09947076979167313,39,37846.8,37448.78,0.010628383621576032,BTCUSDT_231229,False,37846.8,37448.78,0.0,0.0,0.0,0.0,0.0,1.0641000274765828,2023
2023-11-21 00:00:00+00:00,BTCUSDT_240329,0.08504208881356655,129,36815.9,35741.65,0.03005597111493174,BTCUSDT_231229,True,36815.9,35741.65,-0.005520450231033121,-0.0027602251155165606,-0.001,-0.0005,-0.0032602251155165606,1.0606308218415819,2023
2023-11-22 00:00:00+00:00,BTCUSDT_240329,0.09692846067213927,128,38679.9,37408.34,0.0339913505918735,BTCUSDT_240329,False,38679.9,37408.34,0.0009072843114664358,0.0004536421557332179,0.0,0.0,0.0004536421557332179,1.0611119686940393,2023
2023-11-23 00:00:00+00:00,BTCUSDT_240329,0.09537493068853313,127,38531.9,37294.28,0.03318524985601016,BTCUSDT_240329,False,38531.9,37294.28,-0.0005150923948658917,-0.00025754619743294585,0.0,0.0,-0.00025754619743294585,1.0608386833414516,2023
2023-11-24 00:00:00+00:00,BTCUSDT_240329,0.09653864811769526,126,38970.4,37713.57,0.0333256703091222,BTCUSDT_240329,False,38970.4,37713.57,0.0,0.0,0.0,0.0,0.0,1.0608386833414516,2023
2023-11-25 00:00:00+00:00,BTCUSDT_231229,0.10099465118631558,34,38136.1,37780.67,0.009407720932423917,BTCUSDT_240329,True,38136.1,37780.67,-0.0001016392774399318,-5.08196387199659e-05,-0.001,-0.0005,-0.0005508196387199659,1.0602543525611534,2023
2023-11-26 00:00:00+00:00,BTCUSDT_231229,0.10611526450263487,33,37806.7,37447.43,0.00959398281804644,BTCUSDT_231229,False,37806.7,37447.43,0.0014652540908680607,0.0007326270454340304,0.0,0.0,0.0007326270454340304,1.0610311235748788,2023
2023-11-27 00:00:00+00:00,BTCUSDT_231229,0.09322800172919839,32,37547.1,37242.7,0.008173413850231091,BTCUSDT_231229,False,37547.1,37242.7,-0.00020487236424849382,-0.00010243618212424691,0.0,0.0,-0.00010243618212424691,1.060922435597465,2023
2023-11-28 00:00:00+00:00,BTCUSDT_231229,0.09714466912689913,31,38130.9,37818.87,0.00825064313132568,BTCUSDT_231229,False,38130.9,37818.87,0.0006708291389984773,0.00033541456949923864,0.0,0.0,0.00033541456949923864,1.0612782844394728,2023
2023-11-29 00:00:00+00:00,BTCUSDT_231229,0.09213392774747584,30,38141.3,37854.64,0.007572651595682946,BTCUSDT_231229,False,38141.3,37854.64,7.977885934205357e-05,3.988942967102678e-05,0.0,0.0,3.988942967102678e-05,1.0613206182249613,2023
2023-11-30 00:00:00+00:00,BTCUSDT_231229,0.09463353593148555,29,38007.6,37723.96,0.007518828882227619,BTCUSDT_231229,False,38007.6,37723.96,-0.0004649564891915078,-0.0002324782445957539,0.0,0.0,-0.0002324782445957539,1.061073884270683,2023
2023-12-01 00:00:00+00:00,BTCUSDT_231229,0.10149536350194954,28,38983.7,38682.52,0.007785945693300238,BTCUSDT_231229,False,38983.7,38682.52,-0.0005679567928873601,-0.0002839783964436801,0.0,0.0,-0.0002839783964436801,1.0607725622105195,2023
2023-12-02 00:00:00+00:00,BTCUSDT_231229,0.11073436000591323,27,39773.5,39450.35,0.008191308822355225,BTCUSDT_231229,False,39773.5,39450.35,0.00031203778927195696,0.00015601889463597848,0.0,0.0,0.00015601889463597848,1.0609380627731357,2023
2023-12-03 00:00:00+00:00,BTCUSDT_231229,0.10916859303465291,26,40283.1,39972.26,0.0077763929284958245,BTCUSDT_231229,False,40283.1,39972.26,-4.403053517619562e-05,-2.201526758809781e-05,0.0,0.0,-2.201526758809781e-05,1.0609147059377895,2023
2023-12-04 00:00:00+00:00,BTCUSDT_231229,0.10868874594854573,25,42303.7,41991.1,0.007444434654009982,BTCUSDT_231229,False,42303.7,41991.1,0.0,0.0,0.0,0.0,0.0,1.0609147059377895,2023
2023-12-05 00:00:00+00:00,BTCUSDT_240329,0.09481269926528371,115,45389.9,44073.32,0.029872494289061993,BTCUSDT_231229,True,45389.9,44073.32,-0.0009241418617884,-0.0004620709308942,-0.001,-0.0005,-0.0009620709308942,1.0598940307390485,2023
2023-12-06 00:00:00+00:00,BTCUSDT_240329,0.09930315630995323,114,45120.0,43762.69,0.031015232381738818,BTCUSDT_240329,False,45120.0,43762.69,0.0,0.0,0.0,0.0,0.0,1.0598940307390485,2023
2023-12-07 00:00:00+00:00,BTCUSDT_231229,0.11048045886285168,22,43561.3,43273.14,0.006659096150637636,BTCUSDT_240329,True,43561.3,43273.14,-0.00011901146993265234,-5.950573496632617e-05,-0.001,-0.0005,-0.0005595057349663262,1.0593010139503936,2023
2023-12-08 00:00:00+00:00,BTCUSDT_231229,0.11541527918792921,21,44464.3,44170.99,0.006640331131360311,BTCUSDT_231229,False,44464.3,44170.99,0.00020398003304888655,0.00010199001652444328,0.0,0.0,0.00010199001652444328,1.0594090520783108,2023
2023-12-09 00:00:00+00:00,BTCUSDT_231229,0.1186924664177751,20,43997.9,43713.6,0.006503696790015074,BTCUSDT_231229,False,43997.9,43713.6,-4.55235899124749e-05,-2.276179495623745e-05,0.0,0.0,-2.276179495623745e-05,1.0593849380266926,2023
2023-12-10 00:00:00+00:00,BTCUSDT_231229,0.12559586939765677,19,44075.8,43789.51,0.006537867174124599,BTCUSDT_231229,False,44075.8,43789.51,0.0004199635940205638,0.0002099817970102819,0.0,0.0,0.0002099817970102819,1.0596073895797051,2023
2023-12-11 00:00:00+00:00,BTCUSDT_231229,0.13168409553313656,18,41521.3,41253.4,0.006494010190675228,BTCUSDT_231229,False,41521.3,41253.4,0.0011002729471994894,0.0005501364735997447,0.0,0.0,0.0005501364735997447,1.0601903182524088,2023
2023-12-12 00:00:00+00:00,BTCUSDT_231229,0.11513968195698868,17,41714.9,41492.39,0.005362670118544678,BTCUSDT_231229,False,41714.9,41492.39,0.00025161240410596567,0.00012580620205298283,0.0,0.0,0.00012580620205298283,1.0603236967698015,2023
2023-12-13 00:00:00+00:00,BTCUSDT_231229,0.1128517924245077,16,43081.1,42869.03,0.0049469278871017075,BTCUSDT_231229,False,43081.1,42869.03,0.0,0.0,0.0,0.0,0.0,1.0603236967698015,2023
2023-12-14 00:00:00+00:00,BTCUSDT_240329,0.0994978781892364,106,44265.4,43022.26,0.02889527421386044,BTCUSDT_231229,True,44265.4,43022.26,-0.000682437417281207,-0.0003412187086406035,-0.001,-0.0005,-0.0008412187086406036,1.0594317326388638,2023
2023-12-15 00:00:00+00:00,BTCUSDT_240329,0.10547021315899935,105,43212.8,41940.3,0.030340746251218992,BTCUSDT_240329,False,43212.8,41940.3,-0.0008004234590596564,-0.0004002117295298282,0.0,0.0,-0.0004002117295298282,1.0590077356328256,2023
2023-12-16 00:00:00+00:00,BTCUSDT_240329,0.10842045775038747,104,43584.1,42278.03,0.030892404400110405,BTCUSDT_240329,False,43584.1,42278.03,9.74501413618993e-05,4.872507068094965e-05,0.0,0.0,4.872507068094965e-05,1.0590593358595959,2023
2023-12-17 00:00:00+00:00,BTCUSDT_240329,0.1115104613738026,103,42676.6,41374.65,0.031467335675347034,BTCUSDT_240329,False,42676.6,41374.65,-0.0010984987184180916,-0.0005492493592090458,0.0,0.0,-0.0005492493592090458,1.0584776481980107,2023
2023-12-18 00:00:00+00:00,BTCUSDT_240329,0.11302923337285394,102,44005.2,42657.8,0.031586251517893425,BTCUSDT_240329,False,44005.2,42657.8,0.0005928575782153228,0.0002964287891076614,0.0,0.0,0.0002964287891076614,1.0587914114455634,2023
2023-12-19 00:00:00+00:00,BTCUSDT_240329,0.11301739538749359,101,43598.1,42275.99,0.03127330666886809,BTCUSDT_240329,False,43598.1,42275.99,-0.0036607067037342485,-0.0018303533518671243,0.0,0.0,-0.0018303533518671243,1.0568534490366959,2023
2023-12-20 00:00:00+00:00,BTCUSDT_240329,0.12344189564525647,100,45145.8,43668.93,0.03381969743705657,BTCUSDT_240329,False,45145.8,43668.93,-0.002260875180591691,-0.0011304375902958456,0.0,0.0,-0.0011304375902958456,1.055658742170471,2023
2023-12-21 00:00:00+00:00,BTCUSDT_240329,0.13243939608110697,99,45437.4,43861.8,0.03592191838912216,BTCUSDT_240329,False,45437.4,43861.8,-0.0012233880050523118,-0.0006116940025261559,0.0,0.0,-0.0006116940025261559,1.055013002049171,2023
2023-12-22 00:00:00+00:00,BTCUSDT_240329,0.13800988706821815,98,45598.3,43969.04,0.03705470940461748,BTCUSDT_240329,False,45598.3,43969.04,0.0004416744145427221,0.00022083720727136106,0.0,0.0,0.00022083720727136106,1.0552459881741787,2023
2023-12-23 00:00:00+00:00,BTCUSDT_240329,0.13861203567111394,97,45312.0,43702.16,0.036836623178350826,BTCUSDT_240329,False,45312.0,43702.16,0.0014058801670213793,0.0007029400835106897,0.0,0.0,0.0007029400835106897,1.0559877628772303,2023
2023-12-24 00:00:00+00:00,BTCUSDT_240329,0.13693743724534707,96,44539.9,42991.5,0.03601642185083101,BTCUSDT_240329,False,44539.9,42991.5,-0.002057848644499521,-0.0010289243222497606,0.0,0.0,-0.0010289243222497606,1.0549012313840078,2023
2023-12-25 00:00:00+00:00,BTCUSDT_240329,0.14432274830521374,95,45213.0,43576.13,0.0375634550383433,BTCUSDT_240329,False,45213.0,43576.13,0.00032357164346640747,0.00016178582173320374,0.0,0.0,0.00016178582173320374,1.0550718994465746,2023
2023-12-26 00:00:00+00:00,BTCUSDT_240329,0.14823194521665709,94,44131.7,42508.93,0.03817480232976922,BTCUSDT_240329,False,44131.7,42508.93,-0.002871867158265375,-0.0014359335791326875,0.0,0.0,-0.0014359335791326875,1.05355688627776,2023
2023-12-27 00:00:00+00:00,BTCUSDT_240329,0.15768474652911763,93,45173.7,43428.85,0.04017720938961079,BTCUSDT_240329,False,45173.7,43428.85,-0.0003727936613565022,-0.0001863968306782511,0.0,0.0,-0.0001863968306782511,1.0533605066132186,2023
2023-12-28 00:00:00+00:00,BTCUSDT_240329,0.1641474997182744,92,44324.8,42563.76,0.04137416431255135,BTCUSDT_240329,False,44324.8,42563.76,-0.0012242809375863546,-0.0006121404687931773,0.0,0.0,-0.0006121404687931773,1.0527157020188922,2023
2023-12-29 00:00:00+00:00,BTCUSDT_240329,0.1728797720128208,91,43880.1,42066.95,0.04310153220045669,BTCUSDT_240329,False,43880.1,42066.95,-0.004753612990720772,-0.002376806495360386,0.0,0.0,-0.002376806495360386,1.0502136005005658,2023
2023-12-30 00:00:00+00:00,BTCUSDT_240329,0.19374147490239765,90,44153.4,42140.28,0.04777187052387888,BTCUSDT_240329,False,44153.4,42140.28,-0.0024608284520178103,-0.0012304142260089052,0.0,0.0,-0.0012304142260089052,1.048921402746162,2023
2023-12-31 00:00:00+00:00,BTCUSDT_240329,0.20531233281189057,89,44400.4,42283.58,0.05006245923358428,BTCUSDT_240329,False,44400.4,42283.58,-0.004548574174655847,-0.0022742870873279234,0.0,0.0,-0.0022742870873279234,1.0465358543442744,2023
2024-01-01 00:00:00+00:00,BTCUSDT_240329,0.21679090058224124,88,46488.7,44179.55,0.052267395208869125,BTCUSDT_240329,False,46488.7,44179.55,0.00032956424409025605,0.00016478212204512803,0.0,0.0,0.00016478212204512803,1.0467083047431496,2024
2024-01-02 00:00:00+00:00,BTCUSDT_240329,0.21417997724247395,87,47241.5,44946.91,0.05105111786327461,BTCUSDT_240329,False,47241.5,44946.91,0.01585915472276069,0.007929577361380344,0.0,0.0,0.007929577361380344,1.0550082592204097,2024
2024-01-03 00:00:00+00:00,BTCUSDT_240329,0.15668783112590792,86,44427.0,42845.23,0.036918228703638575,BTCUSDT_240329,False,44427.0,42845.23,-0.001242378673191933,-0.0006211893365959664,0.0,0.0,-0.0006211893365959664,1.0543528993397613,2024
2024-01-04 00:00:00+00:00,BTCUSDT_240329,0.15901942087379875,85,45786.1,44151.1,0.03703191992951478,BTCUSDT_240329,False,45786.1,44151.1,0.0,0.0,0.0,0.0,0.0,1.0543528993397613,2024
2024-01-05 00:00:00+00:00,BTCUSDT_240628,0.12876590084706677,175,46870.5,44145.11,0.061737075748593655,BTCUSDT_240329,True,46870.5,44145.11,0.0,0.0,-0.001,-0.0005,-0.0005,1.0538257228900914,2024
2024-01-06 00:00:00+00:00,BTCUSDT_240329,0.12829012354393524,83,45251.0,43968.32,0.02917282261410034,BTCUSDT_240628,True,45251.0,43968.32,-0.001671658139314852,-0.000835829069657426,-0.001,-0.0005,-0.001335829069657426,1.052417991855102,2024
2024-01-07 00:00:00+00:00,BTCUSDT_240329,0.1374183826101466,82,45285.2,43929.02,0.030872074997348002,BTCUSDT_240329,False,45285.2,43929.02,-0.0020050526963725063,-0.0010025263481862532,0.0,0.0,-0.0010025263481862532,1.051362915088962,2024
2024-01-08 00:00:00+00:00,BTCUSDT_240329,0.13861429236040765,81,48395.3,46951.04,0.03076097994847403,BTCUSDT_240329,False,48395.3,46951.04,0.0012664256212428762,0.0006332128106214381,0.0,0.0,0.0006332128106214381,1.0520286515554087,2024
2024-01-09 00:00:00+00:00,BTCUSDT_240329,0.13702342225113887,80,47494.8,46110.0,0.030032530904359204,BTCUSDT_240329,False,47494.8,46110.0,0.0018583821296899224,0.0009291910648449612,0.0,0.0,0.0009291910648449612,1.053006187178395,2024
2024-01-10 00:00:00+00:00,BTCUSDT_240329,0.1286538855220657,79,47953.1,46653.99,0.027845635496556685,BTCUSDT_240329,False,47953.1,46653.99,0.0,0.0,0.0,0.0,0.0,1.053006187178395,2024
2024-01-11 00:00:00+00:00,BTCUSDT_240628,0.12029642969269547,169,48920.2,46339.16,0.055698894844015155,BTCUSDT_240329,True,48920.2,46339.16,0.006082760239935194,0.003041380119967597,-0.001,-0.0005,0.002541380119967597,1.055682276168693,2024
2024-01-12 00:00:00+00:00,BTCUSDT_240628,0.11675787252740255,168,45081.9,42782.73,0.05374060982083186,BTCUSDT_240628,False,45081.9,42782.73,0.0034139943851174918,0.0017069971925587459,0.0,0.0,0.0017069971925587459,1.057484322850347,2024
2024-01-13 00:00:00+00:00,BTCUSDT_240628,0.10982776792555282,167,45001.1,42847.99,0.05024996505086938,BTCUSDT_240628,False,45001.1,42847.99,0.004148619340137123,0.0020743096700685617,0.0,0.0,0.0020743096700685617,1.0596778728071814,2024
2024-01-14 00:00:00+00:00,BTCUSDT_240628,0.1040772939995222,166,43707.7,41732.35,0.04733378302444024,BTCUSDT_240628,False,43707.7,41732.35,-0.002989287686890386,-0.001494643843445193,0.0,0.0,-0.001494643843445193,1.058094031798555,2024
2024-01-15 00:00:00+00:00,BTCUSDT_240628,0.1092814760750899,165,44611.2,42511.1,0.04940121521202694,BTCUSDT_240628,False,44611.2,42511.1,-0.0007233404922480782,-0.0003616702461240391,0.0,0.0,-0.0003616702461240391,1.057711350669652,2024
2024-01-16 00:00:00+00:00,BTCUSDT_240628,0.10993662306114456,164,45268.8,43137.95,0.04939618132062386,BTCUSDT_240628,False,45268.8,43137.95,-0.0008009189124656048,-0.0004004594562328024,0.0,0.0,-0.0004004594562328024,1.0572877801573117,2024
2024-01-17 00:00:00+00:00,BTCUSDT_240628,0.1133553980024079,163,44941.5,42776.1,0.050621725683267095,BTCUSDT_240628,False,44941.5,42776.1,0.00660181736998,0.00330090868499,0.0,0.0,0.00330090868499,1.0607777905733669,2024
2024-01-18 00:00:00+00:00,BTCUSDT_240628,0.10265711035981032,162,43210.5,41327.5,0.04556288185832678,BTCUSDT_240628,False,43210.5,41327.5,-0.0009816708003145536,-0.0004908354001572768,0.0,0.0,-0.0004908354001572768,1.0602571232820528,2024
2024-01-19 00:00:00+00:00,BTCUSDT_240628,0.10468051006748766,161,43582.6,41659.03,0.04617414279689181,BTCUSDT_240628,False,43582.6,41659.03,-0.0006430778633108086,-0.0003215389316554043,0.0,0.0,-0.0003215389316554043,1.0599162093393526,2024
2024-01-20 00:00:00+00:00,BTCUSDT_240628,0.10670698584325997,160,43646.4,41696.04,0.04677566502718245,BTCUSDT_240628,False,43646.4,41696.04,-0.0006933512151272931,-0.00034667560756364654,0.0,0.0,-0.00034667560756364654,1.0595487622435134,2024
2024-01-21 00:00:00+00:00,BTCUSDT_240628,0.10927299597440412,159,43559.6,41580.33,0.04760111331487741,BTCUSDT_240628,False,43559.6,41580.33,0.007719755951912616,0.003859877975956308,0.0,0.0,0.003859877975956308,1.0636384911753487,2024
2024-01-22 00:00:00+00:00,BTCUSDT_240628,0.09681648737694669,158,41226.3,39568.02,0.041909602754952265,BTCUSDT_240628,False,41226.3,39568.02,-0.0024772530947971823,-0.0012386265473985911,0.0,0.0,-0.0012386265473985911,1.0623210403033438,2024
2024-01-23 00:00:00+00:00,BTCUSDT_240628,0.10233993609627925,157,41653.9,39897.6,0.044020191690728336,BTCUSDT_240628,False,41653.9,39897.6,-0.0027776106833493673,-0.0013888053416746837,0.0,0.0,-0.0013888053416746837,1.060845683167997,2024
2024-01-24 00:00:00+00:00,BTCUSDT_240628,0.10898328874333808,156,41952.0,40084.88,0.046579159024549975,BTCUSDT_240628,False,41952.0,40084.88,-0.0007032576871878457,-0.00035162884359392284,0.0,0.0,-0.00035162884359392284,1.0604726592271931,2024
2024-01-25 00:00:00+00:00,BTCUSDT_240628,0.11168737776769157,155,41856.4,39961.09,0.047428886449293675,BTCUSDT_240628,False,41856.4,39961.09,0.008015797366888816,0.004007898683444408,0.0,0.0,0.004007898683444408,1.0647229262019386,2024
2024-01-26 00:00:00+00:00,BTCUSDT_240628,0.08925436540729938,154,43398.5,41823.51,0.03765800622664138,BTCUSDT_240628,False,43398.5,41823.51,-0.0011209006608963394,-0.0005604503304481697,0.0,0.0,-0.0005604503304481697,1.064126201886113,2024
2024-01-27 00:00:00+00:00,BTCUSDT_240628,0.09185919093479986,153,43742.5,42120.63,0.03850535948773802,BTCUSDT_240628,False,43742.5,42120.63,-0.0007637587566947184,-0.0003818793783473592,0.0,0.0,-0.0003818793783473592,1.0637198340336538,2024
2024-01-28 00:00:00+00:00,BTCUSDT_240628,0.09449850582928565,152,43685.1,42031.06,0.039352802427538136,BTCUSDT_240628,False,43685.1,42031.06,-0.0008032155268033221,-0.00040160776340166106,0.0,0.0,-0.00040160776340166106,1.0632926358902215,2024
2024-01-29 00:00:00+00:00,BTCUSDT_240628,0.09421540589740708,151,44990.5,43302.7,0.03897678435755745,BTCUSDT_240628,False,44990.5,43302.7,0.00011777556595774733,5.8887782978873666e-05,0.0,0.0,5.8887782978873666e-05,1.0633552508362067,2024
2024-01-30 00:00:00+00:00,BTCUSDT_240628,0.09535316980701497,150,44623.8,42941.1,0.03918623416726643,BTCUSDT_240628,False,44623.8,42941.1,0.0008383576573494223,0.00041917882867471113,0.0,0.0,0.00041917882867471113,1.0638009868447174,2024
2024-01-31 00:00:00+00:00,BTCUSDT_240628,0.0947360830462042,149,44226.7,42580.0,0.038673085955847744,BTCUSDT_240628,False,44226.7,42580.0,0.0023705965241898152,0.0011852982620949076,0.0,0.0,0.0011852982620949076,1.0650619083056394,2024
2024-02-01 00:00:00+00:00,BTCUSDT_240628,0.08848463866157615,148,44628.7,43082.94,0.03587870279976238,BTCUSDT_240628,False,44628.7,43082.94,-0.00032356194818650554,-0.00016178097409325277,0.0,0.0,-0.00016178097409325277,1.0648896015526441,2024
2024-02-02 00:00:00+00:00,BTCUSDT_240628,0.0896464002267572,147,44759.7,43200.0,0.0361041666666666,BTCUSDT_240628,False,44759.7,43200.0,0.0003053240740739595,0.00015266203703697976,0.0,0.0,0.00015266203703697976,1.0650521697684365,2024
2024-02-03 00:00:00+00:00,BTCUSDT_240628,0.08989018878619456,146,44557.6,43011.09,0.035956075514477825,BTCUSDT_240628,False,44557.6,43011.09,0.00038571447503414836,0.00019285723751707418,0.0,0.0,0.00019285723751707418,1.0652575727877098,2024
2024-02-04 00:00:00+00:00,BTCUSDT_240628,0.09043958349070089,145,44112.8,42582.88,0.03592805371548392,BTCUSDT_240628,False,44112.8,42582.88,-0.00029307552706618075,-0.00014653776353309037,0.0,0.0,-0.00014653776353309037,1.0651014723254069,2024
2024-02-05 00:00:00+00:00,BTCUSDT_240628,0.09154002710350723,144,44251.1,42708.7,0.03611442165179463,BTCUSDT_240628,False,44251.1,42708.7,-0.0005045810338409484,-0.0002522905169204742,0.0,0.0,-0.0002522905169204742,1.0648327573243812,2024
2024-02-06 00:00:00+00:00,BTCUSDT_240628,0.09262175411814816,143,44662.9,43098.95,0.03628742695587722,BTCUSDT_240628,False,44662.9,43098.95,-0.0014953960595327053,-0.0007476980297663527,0.0,0.0,-0.0007476980297663527,1.064036583969699,2024
2024-02-07 00:00:00+00:00,BTCUSDT_240628,0.09437911630179374,142,45978.0,44349.6,0.03671735483521839,BTCUSDT_240628,False,45978.0,44349.6,-0.0007970759600988181,-0.00039853798004940905,0.0,0.0,-0.00039853798004940905,1.063612524978825,2024
2024-02-08 00:00:00+00:00,BTCUSDT_240628,0.09509823250142999,141,46952.4,45288.65,0.03673657748685377,BTCUSDT_240628,False,46952.4,45288.65,-0.0017019716860626614,-0.0008509858430313307,0.0,0.0,-0.0008509858430313307,1.0627074057775974,2024
2024-02-09 00:00:00+00:00,BTCUSDT_240628,0.09629377819296436,140,48873.6,47132.77,0.036934599854835645,BTCUSDT_240628,False,48873.6,47132.77,0.0,0.0,0.0,0.0,0.0,1.0627074057775974,2024
2024-02-10 00:00:00+00:00,BTCUSDT_240329,0.0962816808649465,48,48355.7,47751.09,0.012661700497308033,BTCUSDT_240628,True,48355.7,47751.09,-0.0018617376064085963,-0.0009308688032042982,-0.001,-0.0005,-0.0014308688032042983,1.0611868109037361,2024
2024-02-11 00:00:00+00:00,BTCUSDT_240329,0.1115066307246893,47,48993.5,48299.99,0.014358388065918897,BTCUSDT_240329,False,48993.5,48299.99,-0.00139171871464158,-0.00069585935732079,0.0,0.0,-0.00069585935732079,1.0604483741315034,2024
2024-02-12 00:00:00+00:00,BTCUSDT_240329,0.12092462536338765,46,50678.0,49917.27,0.015239815799221457,BTCUSDT_240329,False,50678.0,49917.27,0.0,0.0,0.0,0.0,0.0,1.0604483741315034,2024
2024-02-13 00:00:00+00:00,BTCUSDT_240628,0.10863958867076963,136,51711.4,49699.59,0.04047940838143745,BTCUSDT_240329,True,51711.4,49699.59,0.0,0.0,-0.001,-0.0005,-0.0005,1.0599181499444377,2024
2024-02-14 00:00:00+00:00,BTCUSDT_240329,0.11929111168263225,44,52540.0,51795.17,0.014380298394618683,BTCUSDT_240628,True,52540.0,51795.17,0.0,0.0,-0.001,-0.0005,-0.0005,1.0593881908694656,2024
2024-02-15 00:00:00+00:00,BTCUSDT_240628,0.12823975247125974,134,54322.5,51880.0,0.04707979953739399,BTCUSDT_240329,True,54322.5,51880.0,-0.0008421356977641158,-0.0004210678488820579,-0.001,-0.0005,-0.000921067848882058,1.0584124224673703,2024
2024-02-16 00:00:00+00:00,BTCUSDT_240628,0.1308991679969011,133,54610.3,52124.11,0.04769750505092561,BTCUSDT_240628,False,54610.3,52124.11,0.0,0.0,0.0,0.0,0.0,1.0584124224673703,2024
2024-02-17 00:00:00+00:00,BTCUSDT_240329,0.13834965569952687,41,52445.2,51642.64,0.015540646256659182,BTCUSDT_240628,True,52445.2,51642.64,0.00034913009869361514,0.00017456504934680757,-0.001,-0.0005,-0.00032543495065319244,1.0580679780728939,2024
2024-02-18 00:00:00+00:00,BTCUSDT_240329,0.1373064091663473,40,52922.2,52137.67,0.015047277716859975,BTCUSDT_240329,False,52922.2,52137.67,0.00013732872988001752,6.866436494000876e-05,0.0,0.0,6.866436494000876e-05,1.0581406296386715,2024
2024-02-19 00:00:00+00:00,BTCUSDT_240329,0.14052001618233168,39,52552.1,51774.73,0.015014467482495714,BTCUSDT_240329,False,52552.1,51774.73,0.0,0.0,0.0,0.0,0.0,1.0581406296386715,2024
2024-02-20 00:00:00+00:00,BTCUSDT_240628,0.138513349249878,129,54817.1,52258.82,0.048954033022559615,BTCUSDT_240329,True,54817.1,52258.82,0.0014422445818714495,0.0007211222909357248,-0.001,-0.0005,0.00022112229093572476,1.0583746081188292,2024
2024-02-21 00:00:00+00:00,BTCUSDT_240628,0.1365526778015134,128,54332.3,51849.39,0.04788696646190058,BTCUSDT_240628,False,54332.3,51849.39,0.0005039596415696434,0.0002519798207848217,0.0,0.0,0.0002519798207848217,1.058641297162906,2024
2024-02-22 00:00:00+00:00,BTCUSDT_240628,0.13766897887376556,127,53745.2,51288.42,0.04790126114237871,BTCUSDT_240628,False,53745.2,51288.42,0.00043343117218278904,0.00021671558609139452,0.0,0.0,0.00021671558609139452,1.0588707212320814,2024
2024-02-23 00:00:00+00:00,BTCUSDT_240628,0.1389808730630281,126,53178.7,50744.15,0.04797695892038778,BTCUSDT_240628,False,53178.7,50744.15,-0.0015219488354815914,-0.0007609744177407957,0.0,0.0,-0.0007609744177407957,1.058064947701529,2024
2024-02-24 00:00:00+00:00,BTCUSDT_240628,0.14222708482084503,125,54080.0,51568.22,0.048707905760563365,BTCUSDT_240628,False,54080.0,51568.22,0.0,0.0,0.0,0.0,0.0,1.058064947701529,2024
2024-02-25 00:00:00+00:00,BTCUSDT_240329,0.15834359005046217,33,52469.4,51728.85,0.014315995812781512,BTCUSDT_240628,True,52469.4,51728.85,-0.0018090485290122335,-0.0009045242645061167,-0.001,-0.0005,-0.0014045242645061168,1.0565788698090588,2024
2024-02-26 00:00:00+00:00,BTCUSDT_240329,0.1746496296933331,32,55310.6,54476.47,0.01531174835667578,BTCUSDT_240329,False,55310.6,54476.47,-0.0013974840880843537,-0.0006987420440421768,0.0,0.0,-0.0006987420440421768,1.0558405937298767,2024
2024-02-27 00:00:00+00:00,BTCUSDT_240329,0.1879045800409848,31,57947.6,57037.34,0.015959019126768573,BTCUSDT_240329,False,57947.6,57037.34,0.0002465051841477473,0.00012325259207387364,0.0,0.0,0.00012325259207387364,1.0559707288198708,2024
2024-02-28 00:00:00+00:00,BTCUSDT_240329,0.17465000643365702,30,63328.3,62432.1,0.014354795049341675,BTCUSDT_240329,False,63328.3,62432.1,-0.0014434882055864746,-0.0007217441027932373,0.0,0.0,-0.0007217441027932373,1.0552085881736226,2024
2024-02-29 00:00:00+00:00,BTCUSDT_240329,0.20307260878538005,29,62117.3,61130.98,0.01613453604048225,BTCUSDT_240329,False,62117.3,61130.98,0.0007168214872393622,0.0003584107436196811,0.0,0.0,0.0003584107436196811,1.0555867862683839,2024
2024-03-01 00:00:00+00:00,BTCUSDT_240329,0.19693178828403768,28,63330.4,62387.9,0.015107096087542616,BTCUSDT_240329,False,63330.4,62387.9,-0.0010437921455923765,-0.0005218960727961882,0.0,0.0,-0.0005218960727961882,1.055035879670135,2024
2024-03-02 00:00:00+00:00,BTCUSDT_240329,0.21974717441432606,27,62994.9,61987.28,0.01625527043612823,BTCUSDT_240329,False,62994.9,61987.28,-0.002373228830172792,-0.001186614415086396,0.0,0.0,-0.001186614415086396,1.053783958886885,2024
2024-03-03 00:00:00+00:00,BTCUSDT_240329,0.256846981616077,26,64268.7,63113.97,0.018295949375391786,BTCUSDT_240329,False,64268.7,63113.97,-0.004263081533295999,-0.0021315407666479993,0.0,0.0,-0.0021315407666479993,1.0515377754192778,2024
2024-03-04 00:00:00+00:00,BTCUSDT_240329,0.30459546834518836,25,69669.5,68245.71,0.020862703311314273,BTCUSDT_240329,False,69669.5,68245.71,0.001362723019512768,0.000681361509756384,0.0,0.0,0.000681361509756384,1.0522542527855032,2024
2024-03-05 00:00:00+00:00,BTCUSDT_240329,0.3176055291665838,24,65054.8,63724.01,0.020883651232871264,BTCUSDT_240329,False,65054.8,63724.01,0.0029789399631315492,0.0014894699815657746,0.0,0.0,0.0014894699815657746,1.053821553908002,2024
2024-03-06 00:00:00+00:00,BTCUSDT_240329,0.2740340855566708,23,67215.0,66074.04,0.017267901281653227,BTCUSDT_240329,False,67215.0,66074.04,-0.0022909148585434666,-0.0011454574292717333,0.0,0.0,-0.0011454574292717333,1.0526144461799514,2024
2024-03-07 00:00:00+00:00,BTCUSDT_240329,0.3208607066299694,22,68115.5,66823.17,0.019339549440710486,BTCUSDT_240329,False,68115.5,66823.17,0.002099870449127256,0.001049935224563628,0.0,0.0,0.001049935224563628,1.0537196231648802,2024
2024-03-08 00:00:00+00:00,BTCUSDT_240329,0.29391954535357934,21,69276.2,68124.19,0.01691043959568539,BTCUSDT_240329,False,69276.2,68124.19,-0.0013522362614512603,-0.0006761181307256302,0.0,0.0,-0.0006761181307256302,1.0530071842229571,2024
2024-03-09 00:00:00+00:00,BTCUSDT_240329,0.33237133136797314,20,69557.4,68313.27,0.01821212774619031,BTCUSDT_240329,False,69557.4,68313.27,-0.0017506115576082224,-0.0008753057788041112,0.0,0.0,-0.0008753057788041112,1.0520854809494846,2024
2024-03-10 00:00:00+00:00,BTCUSDT_240329,0.3799208848812957,19,70319.6,68955.88,0.0197767035965606,BTCUSDT_240329,False,70319.6,68955.88,-0.002038694887223355,-0.0010193474436116774,0.0,0.0,-0.0010193474436116774,1.0510130403040179,2024
2024-03-11 00:00:00+00:00,BTCUSDT_240329,0.4232056770518489,18,73582.4,72078.1,0.020870416950502138,BTCUSDT_240329,False,73582.4,72078.1,0.004627064253913188,0.002313532126956594,0.0,0.0,0.002313532126956594,1.0534445927386114,2024
2024-03-12 00:00:00+00:00,BTCUSDT_240329,0.3518102569822763,17,72622.8,71452.01,0.01638568320191424,BTCUSDT_240329,False,72622.8,71452.01,0.004103453492771045,0.0020517267463855226,0.0,0.0,0.0020517267463855226,1.0556059731853684,2024
2024-03-13 00:00:00+00:00,BTCUSDT_240329,0.27397511420520987,16,73950.0,73072.41,0.012009868019954404,BTCUSDT_240329,False,73950.0,73072.41,-0.0007180548718729978,-0.0003590274359364989,0.0,0.0,-0.0003590274359364989,1.0552269816794564,2024
2024-03-14 00:00:00+00:00,BTCUSDT_240329,0.3170163333423909,15,72319.0,71388.94,0.013028068493522914,BTCUSDT_240329,False,72319.0,71388.94,0.002434690863878882,0.001217345431939441,0.0,0.0,0.001217345431939441,1.0565115574252633,2024
2024-03-15 00:00:00+00:00,BTCUSDT_240329,0.28369151670317067,14,70256.1,69499.85,0.010881318448888738,BTCUSDT_240329,False,70256.1,69499.85,0.0,0.0,0.0,0.0,0.0,1.0565115574252633,2024
2024-03-16 00:00:00+00:00,BTCUSDT_240628,0.21831263195846937,104,69362.6,65300.63,0.062204147188166616,BTCUSDT_240329,True,69362.6,65300.63,-0.012167570205677889,-0.006083785102838944,-0.001,-0.0005,-0.006583785102838944,1.0495557123725097,2024
2024-03-17 00:00:00+00:00,BTCUSDT_240628,0.2516321447344461,103,73250.0,68393.48,0.07100852303465191,BTCUSDT_240628,False,73250.0,68393.48,0.009857811007716034,0.004928905503858017,0.0,0.0,0.004928905503858017,1.0547288732998281,2024
2024-03-18 00:00:00+00:00,BTCUSDT_240628,0.2213594368779744,102,71792.3,67609.99,0.061859349483707915,BTCUSDT_240628,False,71792.3,67609.99,0.008973673860919061,0.004486836930459531,0.0,0.0,0.004486836930459531,1.0594612697601717,2024
2024-03-19 00:00:00+00:00,BTCUSDT_240628,0.20862552790845632,101,65513.0,61937.4,0.05772925566781942,BTCUSDT_240628,False,65513.0,61937.4,-0.014209346856665016,-0.007104673428332508,0.0,0.0,-0.007104673428332508,1.0519341434285592,2024
2024-03-20 00:00:00+00:00,BTCUSDT_240628,0.23972798111334967,100,72296.2,67840.51,0.06567889893516429,BTCUSDT_240628,False,72296.2,67840.51,0.005998775657789117,0.0029993878288945585,0.0,0.0,0.0029993878288945585,1.0550893018951575,2024
2024-03-21 00:00:00+00:00,BTCUSDT_240628,0.22789078530211507,99,69550.0,65501.27,0.06181147327372436,BTCUSDT_240628,False,69550.0,65501.27,0.006448271919002527,0.0032241359595012635,0.0,0.0,0.0032241359595012635,1.0584910532538827,2024
2024-03-22 00:00:00+00:00,BTCUSDT_240628,0.21170928149705898,98,67423.0,63796.64,0.05684249201838844,BTCUSDT_240628,False,67423.0,63796.64,0.00017822255215952783,8.911127607976392e-05,0.0,0.0,8.911127607976392e-05,1.0585853767423572,2024
2024-03-23 00:00:00+00:00,BTCUSDT_240628,0.21257689165356286,97,67605.0,63990.01,0.05649303695998794,BTCUSDT_240628,False,67605.0,63990.01,-0.005423034001713655,-0.0027115170008568273,0.0,0.0,-0.0027115170008568273,1.0557150044964618,2024
2024-03-24 00:00:00+00:00,BTCUSDT_240628,0.2241317427290196,96,71172.0,67209.99,0.058949718635577755,BTCUSDT_240628,False,71172.0,67209.99,-0.005739920508841221,-0.0028699602544206104,0.0,0.0,-0.0028699602544206104,1.0526851443935614,2024
2024-03-25 00:00:00+00:00,BTCUSDT_240628,0.23904785992596875,95,74227.8,69880.01,0.06221793614511516,BTCUSDT_240628,False,74227.8,69880.01,-0.0002734687645291698,-0.0001367343822645849,0.0,0.0,-0.0001367343822645849,1.0525412061406236,2024
2024-03-26 00:00:00+00:00,BTCUSDT_240628,0.24227838754120734,94,74354.9,69988.0,0.06239498199691367,BTCUSDT_240628,False,74354.9,69988.0,0.0019201863176544467,0.0009600931588272234,0.0,0.0,0.0009600931588272234,1.053551743752023,2024
2024-03-27 00:00:00+00:00,BTCUSDT_240628,0.23911712062279847,93,73702.5,69469.99,0.060925732103891114,BTCUSDT_240628,False,73702.5,69469.99,-0.0021691380695463224,-0.0010845690347731612,0.0,0.0,-0.0010845690347731612,1.0524090941542183,2024
2024-03-28 00:00:00+00:00,BTCUSDT_240628,0.24568694762713766,92,75163.8,70780.6,0.061926573100538805,BTCUSDT_240628,False,75163.8,70780.6,-0.0003554646329644492,-0.0001777323164822246,0.0,0.0,-0.0001777323164822246,1.0522220470480275,2024
2024-03-29 00:00:00+00:00,BTCUSDT_240628,0.2531388235006275,91,74258.9,69850.54,0.06311132311933453,BTCUSDT_240628,False,74258.9,69850.54,-0.0022327672771034614,-0.0011163836385517307,0.0,0.0,-0.0011163836385517307,1.0510473635705797,2024
2024-03-30 00:00:00+00:00,BTCUSDT_240628,0.2660286489059895,90,74146.5,69582.18,0.06559610520969604,BTCUSDT_240628,False,74146.5,69582.18,-0.019186952751408373,-0.009593476375704187,0.0,0.0,-0.009593476375704187,1.0409641655184192,2024
2024-03-31 00:00:00+00:00,BTCUSDT_240628,0.33942373925157815,89,77179.4,71280.01,0.08276359669422044,BTCUSDT_240628,False,77179.4,71280.01,0.01857028359002759,0.009285141795013795,0.0,0.0,0.009285141795013795,1.0506296653987859,2024
2024-04-01 00:00:00+00:00,BTCUSDT_240628,0.2724883012128989,88,74225.5,69649.8,0.06569580960749344,BTCUSDT_240628,False,74225.5,69649.8,0.016404785081938343,0.008202392540969172,0.0,0.0,0.008202392540969172,1.0592473423295738,2024
2024-04-02 00:00:00+00:00,BTCUSDT_240628,0.22001832742255598,87,68897.1,65463.99,0.05244272461852704,BTCUSDT_240628,False,68897.1,65463.99,0.0038844256208642475,0.0019422128104321238,0.0,0.0,0.0019422128104321238,1.0613046260872625,2024
2024-04-03 00:00:00+00:00,BTCUSDT_240628,0.20453051286067225,86,69142.1,65963.28,0.048190750975391265,BTCUSDT_240628,False,69142.1,65963.28,-0.002023701671596762,-0.001011850835798381,0.0,0.0,-0.001011850835798381,1.0602307441143195,2024
2024-04-04 00:00:00+00:00,BTCUSDT_240628,0.20767860699738544,85,71800.1,68487.79,0.048363511218569216,BTCUSDT_240628,False,71800.1,68487.79,0.002359982706406568,0.001179991353203284,0.0,0.0,0.001179991353203284,1.0614818072247747,2024
2024-04-05 00:00:00+00:00,BTCUSDT_240628,0.20186271906545228,84,70971.3,67820.62,0.04645607781232327,BTCUSDT_240628,False,70971.3,67820.62,0.0,0.0,0.0,0.0,0.0,1.0614818072247747,2024
2024-04-06 00:00:00+00:00,BTCUSDT_240927,0.18651746794101773,174,75021.9,68896.0,0.08891517649790981,BTCUSDT_240628,True,75021.9,68896.0,-0.0021642765908035386,-0.0010821382954017693,-0.001,-0.0005,-0.0015821382954017693,1.0598023962076921,2024
2024-04-07 00:00:00+00:00,BTCUSDT_240927,0.19087526681982134,173,75635.4,69360.39,0.09046964701323039,BTCUSDT_240927,False,75635.4,69360.39,0.0,0.0,0.0,0.0,0.0,1.0598023962076921,2024
2024-04-08 00:00:00+00:00,BTCUSDT_240628,0.24868260469349546,81,75572.5,71620.0,0.05518709857581681,BTCUSDT_240927,True,75572.5,71620.0,0.0,0.0,-0.001,-0.0005,-0.0005,1.0592724950095884,2024
2024-04-09 00:00:00+00:00,BTCUSDT_240927,0.20907917022088865,171,75919.0,69146.0,0.09795215919937524,BTCUSDT_240628,True,75919.0,69146.0,0.0011957307725682985,0.0005978653862841492,-0.001,-0.0005,9.786538628414924e-05,1.0593761611214927,2024
2024-04-10 00:00:00+00:00,BTCUSDT_240927,0.2033737922205816,170,77321.4,70631.08,0.09472204021232568,BTCUSDT_240927,False,77321.4,70631.08,0.0,0.0,0.0,0.0,0.0,1.0593761611214927,2024
2024-04-11 00:00:00+00:00,BTCUSDT_240628,0.19528903868947656,78,72927.8,70006.23,0.041733000048710056,BTCUSDT_240927,True,72927.8,70006.23,0.0,0.0,-0.001,-0.0005,-0.0005,1.058846473040932,2024
2024-04-12 00:00:00+00:00,BTCUSDT_240927,0.17867675357366394,168,72636.2,67116.52,0.08224025917911108,BTCUSDT_240628,True,72636.2,67116.52,0.020255668798084256,0.010127834399042128,-0.001,-0.0005,0.009627834399042128,1.0690408715373798,2024
2024-04-13 00:00:00+00:00,BTCUSDT_240927,0.14224013353130655,167,68084.7,63924.51,0.06507973232802246,BTCUSDT_240927,False,68084.7,63924.51,-0.00321895310578073,-0.001609476552890365,0.0,0.0,-0.001609476552890365,1.0673202753205588,2024
2024-04-14 00:00:00+00:00,BTCUSDT_240927,0.14620138283101614,166,70027.8,65661.84,0.06649158780807858,BTCUSDT_240927,False,70027.8,65661.84,0.004744764995924729,0.0023723824979623646,0.0,0.0,0.0023723824979623646,1.0698523672614497,2024
2024-04-15 00:00:00+00:00,BTCUSDT_240927,0.14141986404659407,165,67474.4,63419.99,0.06392952758270691,BTCUSDT_240927,False,67474.4,63419.99,0.0030384741467160406,0.0015192370733580203,0.0,0.0,0.0015192370733580203,1.0714777266408133,2024
2024-04-16 00:00:00+00:00,BTCUSDT_240927,0.13472648892337477,164,67655.1,63793.39,0.06053464159844784,BTCUSDT_240927,False,67655.1,63793.39,0.012389684887415639,0.0061948424437078195,0.0,0.0,0.0061948424437078195,1.0781153623392952,2024
2024-04-17 00:00:00+00:00,BTCUSDT_240927,0.1122358563717649,163,64348.7,61277.37,0.05012176599615803,BTCUSDT_240927,False,64348.7,61277.37,0.0,0.0,0.0,0.0,0.0,1.0781153623392952,2024
2024-04-18 00:00:00+00:00,BTCUSDT_240628,0.11729244020773658,71,64918.2,63470.08,0.02281578973903917,BTCUSDT_240927,True,64918.2,63470.08,0.004022840368249015,0.0020114201841245076,-0.001,-0.0005,0.0015114201841245076,1.0797448476587495,2024
2024-04-19 00:00:00+00:00,BTCUSDT_240628,0.09745756499055458,70,65010.8,63818.01,0.018690491915996768,BTCUSDT_240628,False,65010.8,63818.01,-0.002053025470396159,-0.0010265127351980795,0.0,0.0,-0.0010265127351980795,1.0786364758218632,2024
2024-04-20 00:00:00+00:00,BTCUSDT_240628,0.10783337575895521,69,66264.4,64940.59,0.020384939527035368,BTCUSDT_240628,False,66264.4,64940.59,-0.0007613112230731975,-0.00038065561153659874,0.0,0.0,-0.00038065561153659874,1.0782258867945336,2024
2024-04-21 00:00:00+00:00,BTCUSDT_240628,0.11350463186330041,68,66314.4,64941.15,0.02114606840192994,BTCUSDT_240628,False,66314.4,64941.15,0.0,0.0,0.0,0.0,0.0,1.0782258867945336,2024
2024-04-22 00:00:00+00:00,BTCUSDT_240927,0.1264145107368589,158,70475.8,66819.32,0.054721897798421106,BTCUSDT_240628,True,70475.8,66819.32,0.0007015934912236476,0.0003507967456118238,-0.001,-0.0005,-0.0001492032543881762,1.0780650119832582,2024
2024-04-23 00:00:00+00:00,BTCUSDT_240927,0.12635506403664815,157,70023.6,66414.0,0.05434998644864043,BTCUSDT_240927,False,70023.6,66414.0,0.001100520974493277,0.0005502604872466386,0.0,0.0,0.0005502604872466386,1.0786582285620359,2024
2024-04-24 00:00:00+00:00,BTCUSDT_240927,0.12870709865413865,156,67826.1,64289.59,0.05500906134259076,BTCUSDT_240927,False,67826.1,64289.59,0.0031008130554263267,0.0015504065277131634,0.0,0.0,0.0015504065277131634,1.08033058732077,2024
2024-04-25 00:00:00+00:00,BTCUSDT_240927,0.12183993492525708,155,67835.5,64498.34,0.05174024633812287,BTCUSDT_240927,False,67835.5,64498.34,0.0016398871660884815,0.0008199435830442408,0.0,0.0,0.0008199435830442408,1.0812163974534101,2024
2024-04-26 00:00:00+00:00,BTCUSDT_240927,0.12010056076577286,154,67001.4,63770.01,0.05067256536418909,BTCUSDT_240927,False,67001.4,63770.01,0.0025461811908136026,0.0012730905954068013,0.0,0.0,0.0012730905954068013,1.0825928838806078,2024
2024-04-27 00:00:00+00:00,BTCUSDT_240927,0.1153685765974145,153,66531.0,63461.98,0.048359978683299776,BTCUSDT_240927,False,66531.0,63461.98,0.0013951660506021652,0.0006975830253010826,0.0,0.0,0.0006975830253010826,1.0833480822997146,2024
2024-04-28 00:00:00+00:00,BTCUSDT_240927,0.11339084543056444,152,66099.1,63118.62,0.04722029727519396,BTCUSDT_240927,False,66099.1,63118.62,0.003535882121630674,0.001767941060815337,0.0,0.0,0.001767941060815337,1.0852633778575678,2024
2024-04-29 00:00:00+00:00,BTCUSDT_240927,0.10435907507502787,151,66623.3,63866.0,0.043173206400901935,BTCUSDT_240927,False,66623.3,63866.0,0.007642564118623458,0.003821282059311729,0.0,0.0,0.003821282059311729,1.089410475333003,2024
2024-04-30 00:00:00+00:00,BTCUSDT_240927,0.09100936181434587,150,62941.2,60672.0,0.03740110759493666,BTCUSDT_240927,False,62941.2,60672.0,0.0,0.0,0.0,0.0,0.0,1.089410475333003,2024
2024-05-01 00:00:00+00:00,BTCUSDT_240628,0.07642838704862506,58,59073.8,58364.97,0.012144784791288365,BTCUSDT_240927,True,59073.8,58364.97,-0.0014076936902391317,-0.0007038468451195659,-0.001,-0.0005,-0.0012038468451195659,1.0880989919692332,2024
2024-05-02 00:00:00+00:00,BTCUSDT_240628,0.08576124431340548,57,59851.6,59060.61,0.0133928518516825,BTCUSDT_240628,False,59851.6,59060.61,0.0,0.0,0.0,0.0,0.0,1.0880989919692332,2024
2024-05-03 00:00:00+00:00,BTCUSDT_240927,0.09535170938169986,147,65296.8,62882.01,0.03840192131262981,BTCUSDT_240628,True,65296.8,62882.01,-0.0028047767557047767,-0.0014023883778523883,-0.001,-0.0005,-0.0019023883778523883,1.086029005092958,2024
2024-05-04 00:00:00+00:00,BTCUSDT_240927,0.10138821674812684,146,66483.2,63892.04,0.04055528669925074,BTCUSDT_240927,False,66483.2,63892.04,0.0,0.0,0.0,0.0,0.0,1.086029005092958,2024
2024-05-05 00:00:00+00:00,BTCUSDT_240628,0.10435818168352724,54,65000.3,64012.0,0.015439292632631427,BTCUSDT_240927,True,65000.3,64012.0,0.00029666312566401984,0.00014833156283200992,-0.001,-0.0005,-0.0003516684371679901,1.0856470829700178,2024
2024-05-06 00:00:00+00:00,BTCUSDT_240628,0.10568220870471241,53,64134.5,63165.19,0.015345635784519886,BTCUSDT_240628,False,64134.5,63165.19,0.0,0.0,0.0,0.0,0.0,1.0856470829700178,2024
2024-05-07 00:00:00+00:00,BTCUSDT_240927,0.10686332768503673,143,64920.9,62312.08,0.04186700235331576,BTCUSDT_240628,True,64920.9,62312.08,0.0023277990399292662,0.0011638995199646331,-0.001,-0.0005,0.0006638995199646331,1.0863678435472526,2024
2024-05-08 00:00:00+00:00,BTCUSDT_240927,0.1034910336941556,142,63656.8,61193.03,0.040262265163205746,BTCUSDT_240927,False,63656.8,61193.03,0.00018270054612441264,9.135027306220632e-05,0.0,0.0,9.135027306220632e-05,1.0864670835464065,2024
2024-05-09 00:00:00+00:00,BTCUSDT_240927,0.10065799196038674,141,65526.6,63074.01,0.038884320181957616,BTCUSDT_240927,False,65526.6,63074.01,0.003907790229287719,0.0019538951146438597,0.0,0.0,0.0019538951146438597,1.088589926273169,2024
2024-05-10 00:00:00+00:00,BTCUSDT_240927,0.09459942227904035,140,63006.1,60799.99,0.036284709915248355,BTCUSDT_240927,False,63006.1,60799.99,-4.1118427815530894e-05,-2.0559213907765447e-05,0.0,0.0,-2.0559213907765447e-05,1.088567545720017,2024
2024-05-11 00:00:00+00:00,BTCUSDT_240927,0.0953471930349501,139,63034.6,60825.99,0.03631030090920017,BTCUSDT_240927,False,63034.6,60825.99,-0.0002531812470294599,-0.00012659062351472994,0.0,0.0,-0.00012659062351472994,1.0884297432756664,2024
2024-05-12 00:00:00+00:00,BTCUSDT_240927,0.09567279693225958,138,63708.0,61483.99,0.036172180757950194,BTCUSDT_240927,False,63708.0,61483.99,-0.0008914515795087091,-0.00044572578975435453,0.0,0.0,-0.00044572578975435453,1.0879446020687529,2024
2024-05-13 00:00:00+00:00,BTCUSDT_240927,0.09646172612306955,137,65218.9,62940.08,0.03620618213386446,BTCUSDT_240927,False,65218.9,62940.08,0.0011679362339544971,0.0005839681169772486,0.0,0.0,0.0005839681169772486,1.0885799270293985,2024
2024-05-14 00:00:00+00:00,BTCUSDT_240927,0.09611731279802199,136,63782.8,61577.49,0.035813574083646556,BTCUSDT_240927,False,63782.8,61577.49,-0.004127969490149648,-0.002063984745074824,0.0,0.0,-0.002063984745074824,1.0863331146662152,2024
2024-05-15 00:00:00+00:00,BTCUSDT_240927,0.10043967373685755,135,68666.0,66206.5,0.037148920423221286,BTCUSDT_240927,False,68666.0,66206.5,-2.8698088555512275e-06,-1.4349044277756138e-06,0.0,0.0,-1.4349044277756138e-06,1.086331555882019,2024
2024-05-16 00:00:00+00:00,BTCUSDT_240927,0.10270376788350384,134,67694.9,65235.21,0.03770494492161511,BTCUSDT_240927,False,67694.9,65235.21,-0.0011268454566177074,-0.0005634227283088537,0.0,0.0,-0.0005634227283088537,1.085719491992956,2024
2024-05-17 00:00:00+00:00,BTCUSDT_240927,0.10372426351148807,133,69557.2,67024.0,0.037795416567199765,BTCUSDT_240927,False,69557.2,67024.0,-0.0023543805204106426,-0.0011771902602053213,0.0,0.0,-0.0011771902602053213,1.0844413935816668,2024
2024-05-18 00:00:00+00:00,BTCUSDT_240927,0.111200784384904,132,69606.2,66915.2,0.04021507818851323,BTCUSDT_240927,False,69606.2,66915.2,-7.457199560047999e-05,-3.7285997800239995e-05,0.0,0.0,-3.7285997800239995e-05,1.0844009591022512,2024
2024-05-19 00:00:00+00:00,BTCUSDT_240927,0.11334349411776103,131,68970.0,66274.01,0.04067944583404574,BTCUSDT_240927,False,68970.0,66274.01,-0.009634093364804775,-0.004817046682402387,0.0,0.0,-0.004817046682402387,1.0791773490598138,2024
2024-05-20 00:00:00+00:00,BTCUSDT_240927,0.13103760326456138,130,74781.1,71446.62,0.04667092719011775,BTCUSDT_240927,False,74781.1,71446.62,-0.0012510038963353355,-0.0006255019481676677,0.0,0.0,-0.0006255019481676677,1.0785023215255585,2024
2024-05-21 00:00:00+00:00,BTCUSDT_240927,0.13810256795061537,129,73572.2,70148.34,0.04880885278254626,BTCUSDT_240927,False,73572.2,70148.34,-0.0010965334318673579,-0.0005482667159336789,0.0,0.0,-0.0005482667159336789,1.077911014599609,2024
2024-05-22 00:00:00+00:00,BTCUSDT_240927,0.14432818849251267,128,72667.4,69166.62,0.050613720896004445,BTCUSDT_240927,False,72667.4,69166.62,0.0006148919811319222,0.0003074459905659611,0.0,0.0,0.0003074459905659611,1.0782424140192344,2024
2024-05-23 00:00:00+00:00,BTCUSDT_240927,0.14622798499962736,127,71427.9,67969.65,0.050879326287541576,BTCUSDT_240927,False,71427.9,67969.65,0.0006847173701793102,0.0003423586850896551,0.0,0.0,0.0003423586850896551,1.078611559674306,2024
2024-05-24 00:00:00+00:00,BTCUSDT_240927,0.1441740279554111,126,71961.7,68549.99,0.04976966444488164,BTCUSDT_240927,False,71961.7,68549.99,0.0016000002334062048,0.0008000001167031024,0.0,0.0,0.0008000001167031024,1.0794744490479227,2024
2024-05-25 00:00:00+00:00,BTCUSDT_240927,0.13915208952675662,125,72592.6,69290.57,0.0476548251803961,BTCUSDT_240927,False,72592.6,69290.57,0.0014994825414193327,0.0007497412707096663,0.0,0.0,0.0007497412707096663,1.0802837755930503,2024
2024-05-26 00:00:00+00:00,BTCUSDT_240927,0.13741308678613387,124,71705.8,68507.67,0.04668280208624822,BTCUSDT_240927,False,71705.8,68507.67,-0.0016514939130173223,-0.0008257469565086612,0.0,0.0,-0.0008257469565086612,1.0793917345531887,2024
2024-05-27 00:00:00+00:00,BTCUSDT_240927,0.14151255216842573,123,72747.7,69436.43,0.047687791552647574,BTCUSDT_240927,False,72747.7,69436.43,0.00030185883692474403,0.00015092941846237202,0.0,0.0,0.00015092941846237202,1.079554646519978,2024
2024-05-28 00:00:00+00:00,BTCUSDT_240927,0.14392093506735515,122,71688.7,68398.39,0.04810507966634884,BTCUSDT_240927,False,71688.7,68398.39,0.0008703421235499671,0.00043517106177498355,0.0,0.0,0.00043517106177498355,1.080024437461748,2024
2024-05-29 00:00:00+00:00,BTCUSDT_240927,0.14405606366060586,121,70883.2,67652.42,0.047755571788858385,BTCUSDT_240927,False,70883.2,67652.42,-0.0001027309887805505,-5.136549439027525e-05,0.0,0.0,-5.136549439027525e-05,1.0799689614725643,2024
2024-05-30 00:00:00+00:00,BTCUSDT_240927,0.14407875297399708,120,71589.9,68352.17,0.04736835714213603,BTCUSDT_240927,False,71589.9,68352.17,0.001358259730451813,0.0006791298652259065,0.0,0.0,0.0006791298652259065,1.0807024006478174,2024
2024-05-31 00:00:00+00:00,BTCUSDT_240927,0.14282039899713647,119,70684.9,67540.01,0.046563362960710244,BTCUSDT_240927,False,70684.9,67540.01,0.00021231859456359364,0.00010615929728179682,0.0,0.0,0.00010615929728179682,1.080817127255241,2024
2024-06-01 00:00:00+00:00,BTCUSDT_240927,0.14289406888771358,118,70897.4,67766.85,0.046195890763699184,BTCUSDT_240927,False,70897.4,67766.85,-0.0005757977536214841,-0.00028789887681074204,0.0,0.0,-0.00028789887681074204,1.0805059612182664,2024
2024-06-02 00:00:00+00:00,BTCUSDT_240927,0.1459143047341958,117,70935.2,67765.63,0.04677253055863263,BTCUSDT_240927,False,70935.2,67765.63,-0.0007855014407747773,-0.00039275072038738866,0.0,0.0,-0.00039275072038738866,1.080081591723615,2024
2024-06-03 00:00:00+00:00,BTCUSDT_240927,0.14737278933048492,116,72032.7,68809.9,0.04683628373242808,BTCUSDT_240927,False,72032.7,68809.9,0.0021616075593774335,0.0010808037796887168,0.0,0.0,0.0010808037796887168,1.0812489479903222,2024
2024-06-04 00:00:00+00:00,BTCUSDT_240927,0.1383200723247944,115,73611.9,70537.84,0.04358029675986673,BTCUSDT_240927,False,73611.9,70537.84,-0.0013431088902070894,-0.0006715544451035447,0.0,0.0,-0.0006715544451035447,1.0805228304530357,2024
2024-06-05 00:00:00+00:00,BTCUSDT_240927,0.1426804198999497,114,74276.8,71108.0,0.04456319963998429,BTCUSDT_240927,False,74276.8,71108.0,6.412780559146188e-05,3.206390279573094e-05,0.0,0.0,3.206390279573094e-05,1.0805574762320398,2024
2024-06-06 00:00:00+00:00,BTCUSDT_240927,0.14436314862427488,113,73963.3,70799.06,0.04469324875217277,BTCUSDT_240927,False,73963.3,70799.06,0.000845208961814056,0.000422604480907028,0.0,0.0,0.000422604480907028,1.081014124663373,2024
2024-06-07 00:00:00+00:00,BTCUSDT_240927,0.1458716795347865,112,72460.0,69355.6,0.04476062495313996,BTCUSDT_240927,False,72460.0,69355.6,0.0007909959686023995,0.00039549798430119976,0.0,0.0,0.00039549798430119976,1.0814416635706787,2024
2024-06-08 00:00:00+00:00,BTCUSDT_240927,0.14467898015200945,111,72360.0,69310.46,0.04399826519691246,BTCUSDT_240927,False,72360.0,69310.46,-0.00038262622986493054,-0.00019131311493246527,0.0,0.0,-0.00019131311493246527,1.0812347695974032,2024
2024-06-09 00:00:00+00:00,BTCUSDT_240927,0.14654987719178655,110,72724.2,69648.14,0.044165716413963066,BTCUSDT_240927,False,72724.2,69648.14,0.0010331934205276962,0.0005165967102638481,0.0,0.0,0.0005165967102638481,1.0817933319224,2024
2024-06-10 00:00:00+00:00,BTCUSDT_240927,0.14465920214885264,109,72544.1,69540.0,0.04319959735404092,BTCUSDT_240927,False,72544.1,69540.0,0.007810468794938366,0.003905234397469183,0.0,0.0,0.003905234397469183,1.0860179884531762,2024
2024-06-11 00:00:00+00:00,BTCUSDT_240927,0.12355681848793516,108,69775.2,67314.24,0.036559277799169856,BTCUSDT_240927,False,69775.2,67314.24,-0.0002978567387822088,-0.0001489283693911044,0.0,0.0,-0.0001489283693911044,1.0858562495650266,2024
2024-06-12 00:00:00+00:00,BTCUSDT_240927,0.12397837294911908,107,70745.0,68263.99,0.03634434494672806,BTCUSDT_240927,False,70745.0,68263.99,0.0004617368542329495,0.00023086842711647474,0.0,0.0,0.00023086842711647474,1.0861069394894383,2024
2024-06-13 00:00:00+00:00,BTCUSDT_240927,0.1263169748172432,106,69222.5,66773.01,0.03668383378254186,BTCUSDT_240927,False,69222.5,66773.01,0.002090365553387758,0.001045182776693879,0.0,0.0,0.001045182776693879,1.0872421197562405,2024
2024-06-14 00:00:00+00:00,BTCUSDT_240927,0.12158089090100557,105,68353.9,66043.99,0.03497532477974133,BTCUSDT_240927,False,68353.9,66043.99,5.99600357275787e-05,2.998001786378935e-05,0.0,0.0,2.998001786378935e-05,1.087274715294413,2024
2024-06-15 00:00:00+00:00,BTCUSDT_240927,0.1221985723034179,104,68534.2,66228.25,0.03481822334124784,BTCUSDT_240927,False,68534.2,66228.25,-0.001381283666713381,-0.0006906418333566905,0.0,0.0,-0.0006906418333566905,1.0865237978916797,2024
2024-06-16 00:00:00+00:00,BTCUSDT_240927,0.12741670518395162,103,69074.3,66676.87,0.03595594694232059,BTCUSDT_240927,False,69074.3,66676.87,-0.0008374718249371411,-0.00041873591246857053,0.0,0.0,-0.00041873591246857053,1.0860688313577507,2024
2024-06-17 00:00:00+00:00,BTCUSDT_240927,0.13200431210017977,102,68957.6,66504.33,0.036888876258132426,BTCUSDT_240927,False,68957.6,66504.33,0.004951406923428908,0.002475703461714454,0.0,0.0,0.002475703461714454,1.0887576157232033,2024
2024-06-18 00:00:00+00:00,BTCUSDT_240927,0.11777110272616544,101,67299.3,65175.32,0.03258871609682934,BTCUSDT_240927,False,67299.3,65175.32,-0.0003551958011099014,-0.0001775979005549507,0.0,0.0,-0.0001775979005549507,1.0885642546564376,2024
2024-06-19 00:00:00+00:00,BTCUSDT_240927,0.12061716796946227,100,67121.5,64974.37,0.033045799443688295,BTCUSDT_240927,False,67121.5,64974.37,0.0020626594763441266,0.0010313297381720633,0.0,0.0,0.0010313297381720633,1.089686923344176,2024
2024-06-20 00:00:00+00:00,BTCUSDT_240927,0.11441457324445789,99,66883.1,64869.99,0.031032993838907758,BTCUSDT_240927,False,66883.1,64869.99,-0.000143826135937349,-7.19130679686745e-05,0.0,0.0,-7.19130679686745e-05,1.0896085606143928,2024
2024-06-21 00:00:00+00:00,BTCUSDT_240927,0.11743278893246885,98,66166.0,64143.56,0.031529899494197114,BTCUSDT_240927,False,66166.0,64143.56,0.0010156904294055624,0.0005078452147027812,0.0,0.0,0.0005078452147027812,1.0901619131078,2024
2024-06-22 00:00:00+00:00,BTCUSDT_240927,0.11460986528865738,97,66219.3,64262.01,0.030457964199999358,BTCUSDT_240927,False,66219.3,64262.01,0.0005275278504360734,0.0002637639252180367,0.0,0.0,0.0002637639252180367,1.0904494584931246,2024
2024-06-23 00:00:00+00:00,BTCUSDT_240927,0.11569194598292261,96,65133.4,63210.01,0.030428566614686493,BTCUSDT_240927,False,65133.4,63210.01,0.002127669335916973,0.0010638346679584865,0.0,0.0,0.0010638346679584865,1.0916095164307262,2024
2024-06-24 00:00:00+00:00,BTCUSDT_240927,0.11399512226504661,95,62082.2,60293.3,0.029669963329258708,BTCUSDT_240927,False,62082.2,60293.3,-0.0013399498783447062,-0.0006699749391723531,0.0,0.0,-0.0006699749391723531,1.0908781654113557,2024
2024-06-25 00:00:00+00:00,BTCUSDT_240927,0.11746376265611844,94,63675.7,61806.01,0.03025094161554831,BTCUSDT_240927,False,63675.7,61806.01,0.0014509915783269785,0.0007254957891634893,0.0,0.0,0.0007254957891634893,1.0916695929268523,2024
2024-06-26 00:00:00+00:00,BTCUSDT_240927,0.11477962540843563,93,62645.0,60864.99,0.029245219624615106,BTCUSDT_240927,False,62645.0,60864.99,0.0004367042531347125,0.00021835212656735626,0.0,0.0,0.00021835212656735626,1.0919079613039766,2024
2024-06-27 00:00:00+00:00,BTCUSDT_240927,0.11273603780580238,92,63459.9,61706.47,0.028415658844202243,BTCUSDT_240927,False,63459.9,61706.47,0.0,0.0,0.0,0.0,0.0,1.0919079613039766,2024
2024-06-28 00:00:00+00:00,BTCUSDT_241227,0.11687110910002235,182,63949.3,60427.84,0.05827545714028512,BTCUSDT_240927,True,63949.3,60427.84,0.0008380243278595875,0.00041901216392979375,-0.001,-0.0005,-8.098783607020626e-05,1.0918195300410027,2024
2024-06-29 00:00:00+00:00,BTCUSDT_241227,0.1147655095065827,181,64457.5,60986.68,0.05691111567312731,BTCUSDT_241227,False,64457.5,60986.68,-0.004456218964534618,-0.002228109482267309,0.0,0.0,-0.002228109482267309,1.0893868365931938,2024
2024-06-30 00:00:00+00:00,BTCUSDT_241227,0.12090007685484885,180,66514.6,62772.01,0.05962195570924053,BTCUSDT_241227,False,66514.6,62772.01,0.0008854264822809043,0.00044271324114045213,0.0,0.0,0.00044271324114045213,1.0898691225704777,2024
2024-07-01 00:00:00+00:00,BTCUSDT_241227,0.11952632661155202,179,66587.0,62899.99,0.05861702044785702,BTCUSDT_241227,False,66587.0,62899.99,0.003630843184553724,0.001815421592276862,0.0,0.0,0.001815421592276862,1.091847694508348,2024
2024-07-02 00:00:00+00:00,BTCUSDT_241227,0.11413987132569862,178,65594.1,62135.47,0.05566273176979276,BTCUSDT_241227,False,65594.1,62135.47,0.007916734193851008,0.003958367096925504,0.0,0.0,0.003958367096925504,1.0961696284971436,2024
2024-07-03 00:00:00+00:00,BTCUSDT_241227,0.10161030918481276,177,63175.3,60208.58,0.04927404034441605,BTCUSDT_241227,False,63175.3,60208.58,0.004308854319434212,0.002154427159717106,0.0,0.0,0.002154427159717106,1.098531246116435,2024
2024-07-04 00:00:00+00:00,BTCUSDT_241227,0.09841453637064937,176,59757.3,57050.01,0.047454680551326824,BTCUSDT_241227,False,59757.3,57050.01,-0.0019985973709732356,-0.0009992986854866178,0.0,0.0,-0.0009992986854866178,1.0974334852862249,2024
2024-07-05 00:00:00+00:00,BTCUSDT_241227,0.10391263121512162,175,59450.1,56628.79,0.049821124555195294,BTCUSDT_241227,False,59450.1,56628.79,-0.0016786514421375583,-0.0008393257210687792,0.0,0.0,-0.0008393257210687792,1.096512381134862,2024
2024-07-06 00:00:00+00:00,BTCUSDT_241227,0.1050602617776988,174,61146.5,58230.13,0.05008352205293038,BTCUSDT_241227,False,61146.5,58230.13,0.00299810424603211,0.001499052123016055,0.0,0.0,0.001499052123016055,1.0981561103477155,2024
2024-07-07 00:00:00+00:00,BTCUSDT_241227,0.10356119305584496,173,58599.6,55857.81,0.04908516821551008,BTCUSDT_241227,False,58599.6,55857.81,-0.0010095275844147743,-0.0005047637922073871,0.0,0.0,-0.0005047637922073871,1.0976018009050206,2024
2024-07-08 00:00:00+00:00,BTCUSDT_241227,0.10469960401416697,172,59512.8,56714.62,0.04933789559023758,BTCUSDT_241227,False,59512.8,56714.62,-0.0009066445301052577,-0.00045332226505262886,0.0,0.0,-0.00045332226505262886,1.0971042335705083,2024
2024-07-09 00:00:00+00:00,BTCUSDT_241227,0.10478000916733402,171,60899.6,58050.0,0.04908871662360032,BTCUSDT_241227,False,60899.6,58050.0,-0.00016451335055991232,-8.225667527995616e-05,0.0,0.0,-8.225667527995616e-05,1.0970139894238193,2024
2024-07-10 00:00:00+00:00,BTCUSDT_241227,0.10634340135821509,170,60585.0,57725.85,0.04952980337231936,BTCUSDT_241227,False,60585.0,57725.85,0.0015961653228146388,0.0007980826614073194,0.0,0.0,0.0007980826614073194,1.0978894972680997,2024
2024-07-11 00:00:00+00:00,BTCUSDT_241227,0.10422215121777419,169,60106.9,57339.89,0.048256283714531056,BTCUSDT_241227,False,60106.9,57339.89,-0.0009973859384802156,-0.0004986929692401078,0.0,0.0,-0.0004986929692401078,1.0973419874948096,2024
2024-07-12 00:00:00+00:00,BTCUSDT_241227,0.10599423232155489,168,60713.3,57889.1,0.04878638638361979,BTCUSDT_241227,False,60713.3,57889.1,-0.0021572282174018493,-0.0010786141087009247,0.0,0.0,-0.0010786141087009247,1.0961583789450278,2024
2024-07-13 00:00:00+00:00,BTCUSDT_241227,0.10887088430778942,167,62153.1,59204.02,0.04981215802575571,BTCUSDT_241227,False,62153.1,59204.02,-0.006077458929309153,-0.0030387294646545765,0.0,0.0,-0.0030387294646545765,1.0928274501809996,2024
2024-07-14 00:00:00+00:00,BTCUSDT_241227,0.11966811664318998,166,64106.8,60797.91,0.05442440373361517,BTCUSDT_241227,False,64106.8,60797.91,-0.0020193128349313993,-0.0010096564174656996,0.0,0.0,-0.0010096564174656996,1.0917240699327415,2024
2024-07-15 00:00:00+00:00,BTCUSDT_241227,0.11728619150115994,165,68155.8,64724.14,0.0530197851991545,BTCUSDT_241227,False,68155.8,64724.14,0.0005662493159430384,0.0002831246579715192,0.0,0.0,0.0002831246579715192,1.0920331639366405,2024
2024-07-16 00:00:00+00:00,BTCUSDT_241227,0.11616703369594616,164,68439.0,65043.99,0.052195598701740197,BTCUSDT_241227,False,68439.0,65043.99,6.610910554538415e-05,3.305455277269207e-05,0.0,0.0,3.305455277269207e-05,1.0920692606044875,2024
2024-07-17 00:00:00+00:00,BTCUSDT_241227,0.11847296461909852,163,67478.7,64087.99,0.05290710474770701,BTCUSDT_241227,False,67478.7,64087.99,-0.0002257833331956337,-0.00011289166659781685,0.0,0.0,-0.00011289166659781685,1.0919459750856177,2024
2024-07-18 00:00:00+00:00,BTCUSDT_241227,0.11990020639543887,162,67393.1,63987.92,0.05321598201660575,BTCUSDT_241227,False,67393.1,63987.92,-0.0026523756359010673,-0.0013261878179505336,0.0,0.0,-0.0013261878179505336,1.090497849635599,2024
2024-07-19 00:00:00+00:00,BTCUSDT_241227,0.12158096244407031,161,70234.9,66660.0,0.05362886288628854,BTCUSDT_241227,False,70234.9,66660.0,-0.0015052505250524528,-0.0007526252625262264,0.0,0.0,-0.0007526252625262264,1.0896771134052328,2024
2024-07-20 00:00:00+00:00,BTCUSDT_241227,0.12487557707809147,160,70815.2,67139.96,0.054739978993135985,BTCUSDT_241227,False,70815.2,67139.96,-0.002167412670487421,-0.0010837063352437104,0.0,0.0,-0.0010837063352437104,1.0884962234140654,2024
2024-07-21 00:00:00+00:00,BTCUSDT_241227,0.12867136060680076,159,71986.1,68165.34,0.05605135982597621,BTCUSDT_241227,False,71986.1,68165.34,0.0031360512542005082,0.0015680256271002541,0.0,0.0,0.0015680256271002541,1.0902030133873803,2024
2024-07-22 00:00:00+00:00,BTCUSDT_241227,0.1233874644189129,158,71139.0,67532.01,0.05341155994024176,BTCUSDT_241227,False,71139.0,67532.01,0.0037981988097200133,0.0018990994048600066,0.0,0.0,0.0018990994048600066,1.092273417281281,2024
2024-07-23 00:00:00+00:00,BTCUSDT_241227,0.11813507872987902,157,69286.5,65936.01,0.05081426674134522,BTCUSDT_241227,False,69286.5,65936.01,0.0009447038120748914,0.0004723519060374457,0.0,0.0,0.0004723519060374457,1.0927893547118477,2024
2024-07-24 00:00:00+00:00,BTCUSDT_241227,0.11768148665863414,156,68664.2,65376.0,0.050296744982868284,BTCUSDT_241227,False,68664.2,65376.0,0.0012734030837004405,0.0006367015418502202,0.0,0.0,0.0006367015418502202,1.0934851353789103,2024
2024-07-25 00:00:00+00:00,BTCUSDT_241227,0.1146982683509735,155,69004.9,65799.95,0.04870748382027642,BTCUSDT_241227,False,69004.9,65799.95,-0.001169605751979931,-0.0005848028759899655,0.0,0.0,-0.0005848028759899655,1.0928456621268885,2024
2024-07-26 00:00:00+00:00,BTCUSDT_241227,0.11454547428186132,154,71189.9,67907.99,0.04832877545042916,BTCUSDT_241227,False,71189.9,67907.99,0.00015476823861219807,7.738411930609903e-05,0.0,0.0,7.738411930609903e-05,1.0929302310259896,2024
2024-07-27 00:00:00+00:00,BTCUSDT_241227,0.11494436769845123,153,71167.9,67896.5,0.04818215961058367,BTCUSDT_241227,False,71167.9,67896.5,0.00010133070187719038,5.066535093859519e-05,0.0,0.0,5.066535093859519e-05,1.092985604719696,2024
2024-07-28 00:00:00+00:00,BTCUSDT_241227,0.1148594462151817,152,71514.4,68249.88,0.047831878971801696,BTCUSDT_241227,False,71514.4,68249.88,-0.0011090129389238828,-0.0005545064694619414,0.0,0.0,-0.0005545064694619414,1.09237953713085,2024
2024-07-29 00:00:00+00:00,BTCUSDT_241227,0.12089623459611559,151,70124.9,66784.69,0.05001460664113275,BTCUSDT_241227,False,70124.9,66784.69,0.0016666993587901309,0.0008333496793950654,0.0,0.0,0.0008333496793950654,1.0932898712678958,2024
2024-07-30 00:00:00+00:00,BTCUSDT_241227,0.11870716746237966,150,69416.9,66188.0,0.04878376745029302,BTCUSDT_241227,False,69416.9,66188.0,0.004679095908623876,0.002339547954311938,0.0,0.0,0.002339547954311938,1.0958476753496906,2024
2024-07-31 00:00:00+00:00,BTCUSDT_241227,0.11064956988742584,149,67547.2,64628.0,0.04516927647459301,BTCUSDT_241227,False,67547.2,64628.0,0.005675868044810294,0.002837934022405147,0.0,0.0,0.002837934022405147,1.0989576187509391,2024
2024-08-01 00:00:00+00:00,BTCUSDT_241227,0.0963172723873136,148,67906.4,65354.02,0.039054674831020306,BTCUSDT_241227,False,67906.4,65354.02,0.008478590911469571,0.0042392954557347855,0.0,0.0,0.0042392954557347855,1.1036164247901552,2024
2024-08-02 00:00:00+00:00,BTCUSDT_241227,0.08068009027767946,147,63496.6,61498.33,0.0324930774542983,BTCUSDT_241227,False,63496.6,61498.33,-0.002642998598498661,-0.0013214992992493305,0.0,0.0,-0.0013214992992493305,1.102157996458155,2024
2024-08-03 00:00:00+00:00,BTCUSDT_241227,0.0889984165867768,146,62858.8,60697.99,0.03559936663471072,BTCUSDT_241227,False,62858.8,60697.99,0.003769647067390616,0.001884823533695308,0.0,0.0,0.001884823533695308,1.1042353697877296,2024
2024-08-04 00:00:00+00:00,BTCUSDT_241227,0.08361806614101523,145,60093.0,58161.0,0.033218135864238926,BTCUSDT_241227,False,60093.0,58161.0,0.0005194202300510502,0.0002597101150255251,0.0,0.0,0.0002597101150255251,1.1045221508826324,2024
2024-08-05 00:00:00+00:00,BTCUSDT_241227,0.08923760769628214,144,55920.6,54018.81,0.03520606988565651,BTCUSDT_241227,False,55920.6,54018.81,-0.002152953758144536,-0.001076476879072268,0.0,0.0,-0.001076476879072268,1.103333158324784,2024
2024-08-06 00:00:00+00:00,BTCUSDT_241227,0.09194723433020115,143,58040.1,56022.01,0.036023163038955516,BTCUSDT_241227,False,58040.1,56022.01,0.0007720179979261722,0.0003860089989630861,0.0,0.0,0.0003860089989630861,1.1037590548527518,2024
2024-08-07 00:00:00+00:00,BTCUSDT_241227,0.09206947633620627,142,57109.0,55134.16,0.03581880997189395,BTCUSDT_241227,False,57109.0,55134.16,-0.0043869354316816035,-0.0021934677158408017,0.0,0.0,-0.0021934677158408017,1.1013379949998654,2024
2024-08-08 00:00:00+00:00,BTCUSDT_241227,0.09302423198479313,141,63902.7,61685.99,0.03593538824618036,BTCUSDT_241227,False,63902.7,61685.99,0.0003517816606331047,0.00017589083031655236,0.0,0.0,0.00017589083031655236,1.1015317102542652,2024
2024-08-09 00:00:00+00:00,BTCUSDT_241227,0.09406465668667142,140,63033.0,60837.99,0.0360795943455726,BTCUSDT_241227,False,63033.0,60837.99,-0.0005651074271190975,-0.00028255371355954875,0.0,0.0,-0.00028255371355954875,1.1012204683789293,2024
2024-08-10 00:00:00+00:00,BTCUSDT_241227,0.09609022193767727,139,63152.9,60923.51,0.03659326260092367,BTCUSDT_241227,False,63152.9,60923.51,0.0019874101147487147,0.0009937050573743573,0.0,0.0,0.0009937050573743573,1.1023147567276415,2024
2024-08-11 00:00:00+00:00,BTCUSDT_241227,0.09497668513538675,138,60820.9,58712.59,0.03590899328406403,BTCUSDT_241227,False,60820.9,58712.59,0.0007553746138606016,0.0003776873069303008,0.0,0.0,0.0003776873069303008,1.1027310870194995,2024
2024-08-12 00:00:00+00:00,BTCUSDT_241227,0.0926568299881293,137,61410.6,59346.64,0.03477804303664031,BTCUSDT_241227,False,61410.6,59346.64,-0.0008372841326821928,-0.0004186420663410964,0.0,0.0,-0.0004186420663410964,1.102269437398611,2024
2024-08-13 00:00:00+00:00,BTCUSDT_241227,0.09362816377633178,136,62700.8,60587.15,0.03488611033857842,BTCUSDT_241227,False,62700.8,60587.15,0.0022073987635991784,0.0011036993817995892,0.0,0.0,0.0011036993817995892,1.1034860114952445,2024
2024-08-14 00:00:00+00:00,BTCUSDT_241227,0.09121984943269312,135,60663.3,58683.39,0.033738848420311156,BTCUSDT_241227,False,60663.3,58683.39,0.0018228326618486281,0.0009114163309243141,0.0,0.0,0.0009114163309243141,1.1044917466670678,2024
2024-08-15 00:00:00+00:00,BTCUSDT_241227,0.08866129552311237,134,59414.0,57541.06,0.03254962630163578,BTCUSDT_241227,False,59414.0,57541.06,0.00025616490207163307,0.00012808245103581654,0.0,0.0,0.00012808245103581654,1.1046332126771299,2024
2024-08-16 00:00:00+00:00,BTCUSDT_241227,0.08661751296096179,133,60732.8,58874.6,0.03156199787344635,BTCUSDT_241227,False,60732.8,58874.6,-0.0009139764856151494,-0.0004569882428075747,0.0,0.0,-0.0004569882428075747,1.1041284082863216,2024
2024-08-17 00:00:00+00:00,BTCUSDT_241227,0.0888690620112868,132,61404.0,59491.99,0.03213894845339687,BTCUSDT_241227,False,61404.0,59491.99,0.0017239295575756952,0.0008619647787878476,0.0,0.0,0.0008619647787878476,1.1050801280855234,2024
2024-08-18 00:00:00+00:00,BTCUSDT_241227,0.08628831066691006,131,60236.8,58427.35,0.03096922930784991,BTCUSDT_241227,False,60236.8,58427.35,0.0012981933974415376,0.0006490966987207688,0.0,0.0,0.0006490966987207688,1.1057974319484856,2024
2024-08-19 00:00:00+00:00,BTCUSDT_241227,0.08188994312802948,130,61172.1,59438.5,0.029166281114092692,BTCUSDT_241227,False,61172.1,59438.5,-0.0007234368296642748,-0.0003617184148321374,0.0,0.0,-0.0003617184148321374,1.1053974446542758,2024
2024-08-20 00:00:00+00:00,BTCUSDT_241227,0.08518031296897281,129,60790.4,59013.8,0.030104822939719156,BTCUSDT_241227,False,60790.4,59013.8,0.00014623698185843616,7.311849092921808e-05,0.0,0.0,7.311849092921808e-05,1.105478269647306,2024
2024-08-21 00:00:00+00:00,BTCUSDT_241227,0.08243630191699826,128,62924.0,61156.03,0.028909168891440486,BTCUSDT_241227,False,62924.0,61156.03,0.0012690490210041526,0.0006345245105020763,0.0,0.0,0.0006345245105020763,1.1061797227052248,2024
2024-08-22 00:00:00+00:00,BTCUSDT_241227,0.08046465705226662,127,62066.2,60375.84,0.027997291631884552,BTCUSDT_241227,False,62066.2,60375.84,-0.0020438639031771892,-0.0010219319515885946,0.0,0.0,-0.0010219319515885946,1.105049282302393,2024
2024-08-23 00:00:00+00:00,BTCUSDT_241227,0.08204828989734782,126,65851.0,64037.24,0.028323519252235137,BTCUSDT_241227,False,65851.0,64037.24,0.00030872660970404213,0.00015436330485202107,0.0,0.0,0.00015436330485202107,1.1052198613616335,2024
2024-08-24 00:00:00+00:00,BTCUSDT_241227,0.0816504821530803,125,65951.0,64157.01,0.027962493888041198,BTCUSDT_241227,False,65951.0,64157.01,-0.0008714558237672892,-0.0004357279118836446,0.0,0.0,-0.0004357279118836446,1.10473828621927,2024
2024-08-25 00:00:00+00:00,BTCUSDT_241227,0.08479087762831368,124,66069.9,64220.0,0.02880566801619424,BTCUSDT_241227,False,66069.9,64220.0,0.001784490812830758,0.000892245406415379,0.0,0.0,0.000892245406415379,1.1057239838804402,2024
2024-08-26 00:00:00+00:00,BTCUSDT_241227,0.08195352006357713,123,64569.3,62834.0,0.027617213610465718,BTCUSDT_241227,False,64569.3,62834.0,0.005017983894070136,0.002508991947035068,0.0,0.0,0.002508991947035068,1.1084982364516398,2024
2024-08-27 00:00:00+00:00,BTCUSDT_241227,0.07150316680531356,122,60835.0,59415.0,0.023899688630817133,BTCUSDT_241227,False,60835.0,59415.0,-3.3661533282351196e-06,-1.6830766641175598e-06,0.0,0.0,-1.6830766641175598e-06,1.1084963707641258,2024
2024-08-28 00:00:00+00:00,BTCUSDT_241227,0.0725685040571811,121,60455.1,59034.9,0.02405695613950387,BTCUSDT_241227,False,60455.1,59034.9,-0.0001810793276519877,-9.053966382599384e-05,0.0,0.0,-9.053966382599384e-05,1.1083960078753645,2024
2024-08-29 00:00:00+00:00,BTCUSDT_241227,0.07332147919358266,120,60789.9,59359.01,0.02410569178967101,BTCUSDT_241227,False,60789.9,59359.01,0.0005909802067115753,0.00029549010335578767,0.0,0.0,0.00029549010335578767,1.1087235279262908,2024
2024-08-30 00:00:00+00:00,BTCUSDT_241227,0.07241165500478859,119,60519.8,59123.99,0.023608183412520113,BTCUSDT_241227,False,60519.8,59123.99,0.00046850694616524304,0.00023425347308262152,0.0,0.0,0.00023425347308262152,1.1089832502633958,2024
2024-08-31 00:00:00+00:00,BTCUSDT_241227,0.07175817132207103,118,60342.1,58973.99,0.02319853209864214,BTCUSDT_241227,False,60342.1,58973.99,0.0016595451655891456,0.0008297725827945728,0.0,0.0,0.0008297725827945728,1.1099034541592427,2024
2024-09-01 00:00:00+00:00,BTCUSDT_241227,0.06915507681451394,117,58572.1,57301.86,0.022167517773419534,BTCUSDT_241227,False,58572.1,57301.86,-0.0017072744235527737,-0.0008536372117763869,0.0,0.0,-0.0008536372117763869,1.1089559992692932,2024
2024-09-02 00:00:00+00:00,BTCUSDT_241227,0.07279803750078644,116,60500.2,59132.13,0.023135814657784182,BTCUSDT_241227,False,60500.2,59132.13,0.001178716207246456,0.000589358103623228,0.0,0.0,0.000589358103623228,1.1096095714740242,2024
2024-09-03 00:00:00+00:00,BTCUSDT_241227,0.07168335709656398,115,58786.1,57487.73,0.022585167304396872,BTCUSDT_241227,False,58786.1,57487.73,0.00021517635154484865,0.00010758817577242433,0.0,0.0,0.00010758817577242433,1.1097289523436387,2024
2024-09-04 00:00:00+00:00,BTCUSDT_241227,0.07102625869791356,114,59256.9,57970.9,0.02218354381249903,BTCUSDT_241227,False,59256.9,57970.9,0.0015283530184971863,0.0007641765092485931,0.0,0.0,0.0007641765092485931,1.1105769811406527,2024
2024-09-05 00:00:00+00:00,BTCUSDT_241227,0.06884492639020603,113,57377.4,56180.0,0.021313634745461045,BTCUSDT_241227,False,57377.4,56180.0,0.0004480242079032668,0.0002240121039516334,0.0,0.0,0.0002240121039516334,1.1108257638267982,2024
2024-09-06 00:00:00+00:00,BTCUSDT_241227,0.07079324654083534,112,55135.2,53962.97,0.021722859212530296,BTCUSDT_241227,False,55135.2,53962.97,0.0006595263381536729,0.00032976316907683647,0.0,0.0,0.00032976316907683647,1.11119207325097,2024
2024-09-07 00:00:00+00:00,BTCUSDT_241227,0.069009243944797,111,55297.5,54160.86,0.02098637281608895,BTCUSDT_241227,False,55297.5,54160.86,-0.00019589792333431525,-9.794896166715763e-05,0.0,0.0,-9.794896166715763e-05,1.1110832331411822,2024
2024-09-08 00:00:00+00:00,BTCUSDT_241227,0.06937830435254799,110,56017.2,54869.95,0.02090853007885008,BTCUSDT_241227,False,56017.2,54869.95,0.0,0.0,0.0,0.0,0.0,1.1110832331411822,2024
2024-09-09 00:00:00+00:00,BTCUSDT_240927,0.07891845774458586,18,57264.0,57042.0,0.00389186914904807,BTCUSDT_241227,True,57264.0,57042.0,0.0003749868517934052,0.0001874934258967026,-0.001,-0.0005,-0.0003125065741032974,1.1107360123264496,2024
2024-09-10 00:00:00+00:00,BTCUSDT_240927,0.07473133897556657,17,57836.6,57635.99,0.00348063770571132,BTCUSDT_240927,False,57836.6,57635.99,0.0,0.0,0.0,0.0,0.0,1.1107360123264496,2024
2024-09-11 00:00:00+00:00,BTCUSDT_241227,0.06906553139719455,107,58498.9,57338.0,0.020246607834246075,BTCUSDT_240927,True,58498.9,57338.0,-0.0006397153720046093,-0.00031985768600230466,-0.001,-0.0005,-0.0008198576860023047,1.109825366869624,2024
2024-09-12 00:00:00+00:00,BTCUSDT_241227,0.07093717320812579,106,59329.9,58132.32,0.02060093249331872,BTCUSDT_241227,False,59329.9,58132.32,-0.0017962469070561481,-0.0008981234535280741,0.0,0.0,-0.0008981234535280741,1.1088286066783182,2024
2024-09-13 00:00:00+00:00,BTCUSDT_241227,0.07481239049224768,105,61800.0,60498.0,0.02152137260735892,BTCUSDT_241227,False,61800.0,60498.0,0.00042199742140234115,0.00021099871070117058,0.0,0.0,0.00021099871070117058,1.1090625680847157,2024
2024-09-14 00:00:00+00:00,BTCUSDT_241227,0.07467398712817146,104,61269.5,59993.03,0.02127697167487625,BTCUSDT_241227,False,61269.5,59993.03,0.0018963869636190083,0.0009481934818095041,0.0,0.0,0.0009481934818095041,1.1101141739826925,2024
2024-09-15 00:00:00+00:00,BTCUSDT_241227,0.06967881304227024,103,60294.7,59132.0,0.01966278833795571,BTCUSDT_241227,False,60294.7,59132.0,0.0011109044172359307,0.0005554522086179654,0.0,0.0,0.0005554522086179654,1.1107307893524494,2024
2024-09-16 00:00:00+00:00,BTCUSDT_241227,0.06743353272984737,102,59311.0,58213.99,0.0188444392834094,BTCUSDT_241227,False,59311.0,58213.99,0.0002490810198716838,0.0001245405099358419,0.0,0.0,0.0001245405099358419,1.110869120331357,2024
2024-09-17 00:00:00+00:00,BTCUSDT_241227,0.06486125506054098,101,61396.5,60313.99,0.017947908934560657,BTCUSDT_241227,False,61396.5,60313.99,-0.002236628682665522,-0.001118314341332761,0.0,0.0,-0.001118314341332761,1.1096268194627468,2024
2024-09-18 00:00:00+00:00,BTCUSDT_241227,0.07194862725852146,100,62977.4,61759.99,0.019711952673567523,BTCUSDT_241227,False,62977.4,61759.99,-0.0007512954584351691,-0.00037564772921758454,0.0,0.0,-0.00037564772921758454,1.1092099906677366,2024
2024-09-19 00:00:00+00:00,BTCUSDT_241227,0.07402145032989192,99,64211.8,62947.99,0.020077050911395344,BTCUSDT_241227,False,64211.8,62947.99,0.00013280805312461698,6.640402656230849e-05,0.0,0.0,6.640402656230849e-05,1.10928364667742,2024
2024-09-20 00:00:00+00:00,BTCUSDT_241227,0.0739846998473238,98,64456.5,63201.05,0.019864385164486936,BTCUSDT_241227,False,64456.5,63201.05,7.610633051187712e-05,3.805316525593856e-05,0.0,0.0,3.805316525593856e-05,1.1093258584313428,2024
2024-09-21 00:00:00+00:00,BTCUSDT_241227,0.07428719421511196,97,64599.6,63348.96,0.01974207627086537,BTCUSDT_241227,False,64599.6,63348.96,0.0010860478214638869,0.0005430239107319434,0.0,0.0,0.0005430239107319434,1.1099282488972644,2024
2024-09-22 00:00:00+00:00,BTCUSDT_241227,0.07067539798930733,96,64760.6,63578.76,0.01858859782732467,BTCUSDT_241227,False,64760.6,63578.76,0.000576135803843884,0.000288067901921942,0.0,0.0,0.000288067901921942,1.110247983599208,2024
2024-09-23 00:00:00+00:00,BTCUSDT_241227,0.06946665713747428,95,64485.2,63339.99,0.018080362816602896,BTCUSDT_241227,False,64485.2,63339.99,-0.000301389375022064,-0.000150694687511032,0.0,0.0,-0.000150694687511032,1.1100806751262597,2024
2024-09-24 00:00:00+00:00,BTCUSDT_241227,0.07035110768236608,94,65427.0,64262.7,0.018117819512718934,BTCUSDT_241227,False,65427.0,64262.7,-7.920613357354278e-05,-3.960306678677139e-05,0.0,0.0,-3.960306678677139e-05,1.110036712527144,2024
2024-09-25 00:00:00+00:00,BTCUSDT_241227,0.07267451024677536,93,64321.4,63152.01,0.01851706699438386,BTCUSDT_241227,False,64321.4,63152.01,0.000620407806497375,0.0003102039032486875,0.0,0.0,0.0003102039032486875,1.1103810502481193,2024
2024-09-26 00:00:00+00:00,BTCUSDT_241227,0.0688002273005988,92,66304.2,65173.99,0.017341427155219424,BTCUSDT_241227,False,66304.2,65173.99,0.0,0.0,0.0,0.0,0.0,1.1103810502481193,2024
2024-09-27 00:00:00+00:00,BTCUSDT_250328,0.0912047879108825,182,68761.0,65769.95,0.045477455889809906,BTCUSDT_241227,True,68761.0,65769.95,-0.0004644978443803426,-0.0002322489221901713,-0.001,-0.0005,-0.0007322489221901712,1.1095679749208547,2024
2024-09-28 00:00:00+00:00,BTCUSDT_250328,0.09252151246554424,181,68879.6,65858.0,0.0458805308390781,BTCUSDT_250328,False,68879.6,65858.0,-5.921831819967474e-06,-2.960915909983737e-06,0.0,0.0,-2.960915909983737e-06,1.1095646895833846,2024
2024-09-29 00:00:00+00:00,BTCUSDT_250328,0.09341061602634855,180,68624.0,65602.01,0.04606550927326778,BTCUSDT_250328,False,68624.0,65602.01,0.009918598530746354,0.004959299265373177,0.0,0.0,0.004959299265373177,1.1150673529333195,2024
2024-09-30 00:00:00+00:00,BTCUSDT_250328,0.07635459984022895,179,65698.9,63327.59,0.037445132524386256,BTCUSDT_250328,False,65698.9,63327.59,0.0019879171147994014,0.0009939585573997007,0.0,0.0,0.0009939585573997007,1.1161756836708445,2024
2024-10-01 00:00:00+00:00,BTCUSDT_250328,0.07572261176339007,178,63051.2,60805.78,0.03692773943529708,BTCUSDT_250328,False,63051.2,60805.78,0.0,0.0,0.0,0.0,0.0,1.1161756836708445,2024
2024-10-02 00:00:00+00:00,BTCUSDT_241227,0.07434026786352999,86,61711.6,60649.28,0.01751578914044816,BTCUSDT_250328,True,61711.6,60649.28,0.0,0.0,-0.001,-0.0005,-0.0005,1.115617595829009,2024
2024-10-03 00:00:00+00:00,BTCUSDT_250328,0.07543030983533687,176,62962.4,60752.71,0.03637187542745011,BTCUSDT_241227,True,62962.4,60752.71,-0.0007491023857206495,-0.00037455119286032476,-0.001,-0.0005,-0.0008745511928603248,1.1146419311298008,2024
2024-10-04 00:00:00+00:00,BTCUSDT_250328,0.07576108715560434,175,64341.2,62086.0,0.03632380891022126,BTCUSDT_250328,False,64341.2,62086.0,-0.00023193634635830068,-0.00011596817317915034,0.0,0.0,-0.00011596817317915034,1.114512668141299,2024
2024-10-05 00:00:00+00:00,BTCUSDT_250328,0.07671762752160285,174,64327.6,62058.0,0.03657223887331204,BTCUSDT_250328,False,64327.6,62058.0,0.0,0.0,0.0,0.0,0.0,1.114512668141299,2024
2024-10-06 00:00:00+00:00,BTCUSDT_241227,0.08307183572696038,82,63992.3,62819.91,0.018662713779755483,BTCUSDT_250328,True,63992.3,62819.91,0.0008976453484253545,0.00044882267421267726,-0.001,-0.0005,-5.117732578732275e-05,1.1144556303633875,2024
2024-10-07 00:00:00+00:00,BTCUSDT_241227,0.0808191194537299,81,63340.0,62224.0,0.017935201851375676,BTCUSDT_241227,False,63340.0,62224.0,0.0,0.0,0.0,0.0,0.0,1.1144556303633875,2024
2024-10-08 00:00:00+00:00,BTCUSDT_250328,0.07939800677002307,171,64472.7,62160.49,0.037197422349791634,BTCUSDT_241227,True,64472.7,62160.49,0.001715398318127759,0.0008576991590638795,-0.001,-0.0005,0.00035769915906387953,1.1148542702051825,2024
2024-10-09 00:00:00+00:00,BTCUSDT_250328,0.07809730915716441,170,62841.6,60636.02,0.03637408919648753,BTCUSDT_250328,False,62841.6,60636.02,0.0017459919038222268,0.0008729959519111134,0.0,0.0,0.0008729959519111134,1.1158275334700425,2024
2024-10-10 00:00:00+00:00,BTCUSDT_250328,0.07517235205386785,169,62426.1,60326.39,0.034805828759188126,BTCUSDT_250328,False,62426.1,60326.39,0.0,0.0,0.0,0.0,0.0,1.1158275334700425,2024
2024-10-11 00:00:00+00:00,BTCUSDT_241227,0.08467131685072193,77,63657.1,62540.0,0.017862168212344078,BTCUSDT_250328,True,63657.1,62540.0,0.0,0.0,-0.001,-0.0005,-0.0005,1.1152696197033076,2024
2024-10-12 00:00:00+00:00,BTCUSDT_250328,0.08099101525362055,167,65548.4,63206.22,0.037056163143437355,BTCUSDT_241227,True,65548.4,63206.22,0.0,0.0,-0.001,-0.0005,-0.0005,1.1147119848934561,2024
2024-10-13 00:00:00+00:00,BTCUSDT_241227,0.08398654875567108,75,63955.0,62870.02,0.01725751001828858,BTCUSDT_250328,True,63955.0,62870.02,-0.0030687122415419266,-0.0015343561207709633,-0.001,-0.0005,-0.0020343561207709633,1.1124442637440914,2024
2024-10-14 00:00:00+00:00,BTCUSDT_241227,0.09538172149910554,74,67361.9,66083.99,0.019337664084750163,BTCUSDT_241227,False,67361.9,66083.99,0.0017303737259204727,0.0008651868629602364,0.0,0.0,0.0008651868629602364,1.1134067359068585,2024
2024-10-15 00:00:00+00:00,BTCUSDT_241227,0.08673685566449288,73,68237.7,67074.14,0.017347371132898574,BTCUSDT_241227,False,68237.7,67074.14,0.00013522350044282988,6.761175022141494e-05,0.0,0.0,6.761175022141494e-05,1.1134820152849814,2024
2024-10-16 00:00:00+00:00,BTCUSDT_241227,0.08655164228261271,72,68774.5,67620.01,0.01707320066944689,BTCUSDT_241227,False,68774.5,67620.01,0.0008676425809460581,0.00043382129047302907,0.0,0.0,0.00043382129047302907,1.113965067489771,2024
2024-10-17 00:00:00+00:00,BTCUSDT_241227,0.0835552079027053,71,68517.6,67421.78,0.0162532048249098,BTCUSDT_241227,False,68517.6,67421.78,-0.0014309915875848416,-0.0007154957937924208,0.0,0.0,-0.0007154957937924208,1.1131680301695503,2024
2024-10-18 00:00:00+00:00,BTCUSDT_241227,0.09085451653040967,70,69620.3,68428.0,0.01742415385514706,BTCUSDT_241227,False,69620.3,68428.0,0.0008315309522418999,0.00041576547612094997,0.0,0.0,0.00041576547612094997,1.1136308470056164,2024
2024-10-19 00:00:00+00:00,BTCUSDT_241227,0.08783675230739904,69,69513.4,68378.0,0.016604755915645298,BTCUSDT_241227,False,69513.4,68378.0,-0.0026003977887624334,-0.0013001988943812167,0.0,0.0,-0.0013001988943812167,1.1121829054095909,2024
2024-10-20 00:00:00+00:00,BTCUSDT_241227,0.10210987390219524,68,70345.2,69031.99,0.019023209384518566,BTCUSDT_241227,False,70345.2,69031.99,0.0020499191751533565,0.0010249595875766783,0.0,0.0,0.0010249595875766783,1.1133228479416293,2024
2024-10-21 00:00:00+00:00,BTCUSDT_241227,0.094736993670658,67,68549.2,67377.5,0.017390078290230374,BTCUSDT_241227,False,68549.2,67377.5,-0.00018255352306041203,-9.127676153020601e-05,0.0,0.0,-9.127676153020601e-05,1.1132212274375315,2024
2024-10-22 00:00:00+00:00,BTCUSDT_241227,0.09711207528073425,66,68610.0,67426.0,0.01755999169459852,BTCUSDT_241227,False,68610.0,67426.0,0.0006666567792839125,0.00033332838964195626,0.0,0.0,0.00033332838964195626,1.1135922956765887,2024
2024-10-23 00:00:00+00:00,BTCUSDT_241227,0.09594020347125468,65,67807.7,66668.65,0.017085241714059052,BTCUSDT_241227,False,67807.7,66668.65,-0.0019539918687419664,-0.0009769959343709832,0.0,0.0,-0.0009769959343709832,1.1125043205311658,2024
2024-10-24 00:00:00+00:00,BTCUSDT_241227,0.10614770086577022,64,69467.6,68198.28,0.01861219960386108,BTCUSDT_241227,False,69467.6,68198.28,0.002198735803894345,0.0010993679019471725,0.0,0.0,0.0010993679019471725,1.1137273720719352,2024
2024-10-25 00:00:00+00:00,BTCUSDT_241227,0.09723240280362135,63,67817.7,66698.33,0.016782579114049713,BTCUSDT_241227,False,67817.7,66698.33,0.0002373372766602581,0.00011866863833012905,0.0,0.0,0.00011866863833012905,1.1138595365826498,2024
2024-10-26 00:00:00+00:00,BTCUSDT_241227,0.09683081712831007,62,68196.3,67092.76,0.016447974416315684,BTCUSDT_241227,False,68196.3,67092.76,-0.0016970534525632959,-0.0008485267262816479,0.0,0.0,-0.0008485267262816479,1.1129143969965358,2024
2024-10-27 00:00:00+00:00,BTCUSDT_241227,0.1070899819168129,61,69239.1,68021.7,0.01789722985459065,BTCUSDT_241227,False,69239.1,68021.7,-0.0008128288472646089,-0.00040641442363230444,0.0,0.0,-0.00040641442363230444,1.1124620925333284,2024
2024-10-28 00:00:00+00:00,BTCUSDT_241227,0.11066256340387082,60,71234.9,69962.21,0.018191106312965066,BTCUSDT_241227,False,71234.9,69962.21,-0.0025240769266724286,-0.0012620384633362143,0.0,0.0,-0.0012620384633362143,1.1110581225835479,2024
2024-10-29 00:00:00+00:00,BTCUSDT_241227,0.12326541154709986,59,74185.7,72736.42,0.01992509392131203,BTCUSDT_241227,False,74185.7,72736.42,0.0007894257099813031,0.00039471285499065154,0.0,0.0,0.00039471285499065154,1.1114966715071732,2024
2024-10-30 00:00:00+00:00,BTCUSDT_241227,0.12107471760237502,58,73736.6,72344.74,0.019239270194350004,BTCUSDT_241227,False,73736.6,72344.74,0.0,0.0,0.0,0.0,0.0,1.1114966715071732,2024
2024-10-31 00:00:00+00:00,BTCUSDT_250328,0.11444438725700848,148,73553.9,70292.01,0.04640484743571851,BTCUSDT_241227,True,73553.9,70292.01,0.0013031353065589002,0.0006515676532794501,-0.001,-0.0005,0.0001515676532794501,1.1116651384493015,2024
2024-11-01 00:00:00+00:00,BTCUSDT_250328,0.11326993453870778,147,72666.3,69496.01,0.0456183024032604,BTCUSDT_250328,False,72666.3,69496.01,0.004571917150351661,0.0022859585751758304,0.0,0.0,0.0022859585751758304,1.1142063589052635,2024
2024-11-02 00:00:00+00:00,BTCUSDT_250328,0.10279534020595961,146,72227.3,69374.74,0.04111813608238384,BTCUSDT_250328,False,72227.3,69374.74,0.0010169407481743773,0.0005084703740871887,0.0,0.0,0.0005084703740871887,1.1147728998293864,2024
2024-11-03 00:00:00+00:00,BTCUSDT_250328,0.10182318989018055,145,71558.0,68775.99,0.04045030831253748,BTCUSDT_250328,False,71558.0,68775.99,0.0005978830693675997,0.00029894153468379984,0.0,0.0,0.00029894153468379984,1.1151061517508856,2024
2024-11-04 00:00:00+00:00,BTCUSDT_250328,0.10239342325324147,144,70590.9,67850.01,0.04039630944785417,BTCUSDT_250328,False,70590.9,67850.01,-0.0009697861503631749,-0.00048489307518158743,0.0,0.0,-0.00048489307518158743,1.1145654444998092,2024
2024-11-05 00:00:00+00:00,BTCUSDT_250328,0.10326829251421471,143,72178.7,69372.01,0.04045853651926768,BTCUSDT_250328,False,72178.7,69372.01,0.0,0.0,0.0,0.0,0.0,1.1145654444998092,2024
2024-11-06 00:00:00+00:00,BTCUSDT_241227,0.11938302465103862,51,76832.6,75571.99,0.01668091577315882,BTCUSDT_250328,True,76832.6,75571.99,-0.000936855043780148,-0.000468427521890074,-0.001,-0.0005,-0.000968427521890074,1.113486068648408,2024
2024-11-07 00:00:00+00:00,BTCUSDT_241227,0.12812501112277214,50,77189.3,75857.89,0.017551371386681114,BTCUSDT_241227,False,77189.3,75857.89,0.000743363676474516,0.000371681838237258,0.0,0.0,0.000371681838237258,1.1138999311972548,2024
2024-11-08 00:00:00+00:00,BTCUSDT_241227,0.12413573740747529,49,77784.8,76509.78,0.016664797624565176,BTCUSDT_241227,False,77784.8,76509.78,-0.0006616147634981481,-0.00033080738174907405,0.0,0.0,-0.00033080738174907405,1.113531444877485,2024
2024-11-09 00:00:00+00:00,BTCUSDT_241227,0.13146480725887366,48,78003.1,76677.46,0.01728852259842722,BTCUSDT_241227,False,78003.1,76677.46,-0.003489291377153115,-0.0017446456885765575,0.0,0.0,-0.0017446456885765575,1.1115887270430849,2024
2024-11-10 00:00:00+00:00,BTCUSDT_241227,0.15394605207441023,47,81963.2,80370.01,0.019823190267115837,BTCUSDT_241227,False,81963.2,80370.01,-0.0029018286796279684,-0.0014509143398139842,0.0,0.0,-0.0014509143398139842,1.1099759070190425,2024
2024-11-11 00:00:00+00:00,BTCUSDT_241227,0.1634799198983275,46,90474.4,88647.99,0.020602948809104286,BTCUSDT_241227,False,90474.4,88647.99,0.0020578018745826465,0.0010289009372913232,0.0,0.0,0.0010289009372913232,1.111117962270145,2024
2024-11-12 00:00:00+00:00,BTCUSDT_241227,0.15161206157261894,45,89596.0,87952.01,0.018691898002103708,BTCUSDT_241227,False,89596.0,87952.01,1.1256138432825341e-05,5.628069216412671e-06,0.0,0.0,5.628069216412671e-06,1.1111242157189443,2024
2024-11-13 00:00:00+00:00,BTCUSDT_241227,0.15080942358281715,44,92018.2,90375.2,0.018179766130531384,BTCUSDT_241227,False,92018.2,90375.2,0.0024452504669421555,0.0012226252334710777,0.0,0.0,0.0012226252334710777,1.1124827042226029,2024
2024-11-14 00:00:00+00:00,BTCUSDT_241227,0.1382246601483034,43,88747.6,87325.59,0.016284001058567248,BTCUSDT_241227,False,88747.6,87325.59,-0.0011785777800067964,-0.0005892888900033982,0.0,0.0,-0.0005892888900033982,1.1118271305246836,2024
2024-11-15 00:00:00+00:00,BTCUSDT_241227,0.14557911137407722,42,92557.0,91032.07,0.016751568980030804,BTCUSDT_241227,False,92557.0,91032.07,3.350467587948245e-05,1.6752337939741225e-05,0.0,0.0,1.6752337939741225e-05,1.1118457562285047,2024
2024-11-16 00:00:00+00:00,BTCUSDT_241227,0.14956291595341872,41,92108.8,90586.92,0.016800217956411418,BTCUSDT_241227,False,92108.8,90586.92,-0.0011837249792795244,-0.0005918624896397622,0.0,0.0,-0.0005918624896397622,1.111187696431128,2024
2024-11-17 00:00:00+00:00,BTCUSDT_241227,0.16543837255590865,40,91485.1,89855.99,0.018130232608866703,BTCUSDT_241227,False,91485.1,89855.99,0.0004060942403506459,0.00020304712017532296,0.0,0.0,0.00020304712017532296,1.1114133198928626,2024
2024-11-18 00:00:00+00:00,BTCUSDT_241227,0.1647647303061027,39,92056.7,90464.08,0.01760499858065207,BTCUSDT_241227,False,92056.7,90464.08,-0.0003967320509976332,-0.0001983660254988166,0.0,0.0,-0.0001983660254988166,1.1111928532499091,2024
2024-11-19 00:00:00+00:00,BTCUSDT_241227,0.1694522071067017,38,93939.3,92310.79,0.017641599643985383,BTCUSDT_241227,False,93939.3,92310.79,0.0006734857322747732,0.0003367428661373866,0.0,0.0,0.0003367428661373866,1.1115670395161439,2024
2024-11-20 00:00:00+00:00,BTCUSDT_241227,0.16388054068822108,37,95852.9,94286.56,0.016612547960175836,BTCUSDT_241227,False,95852.9,94286.56,-0.0008351137214042515,-0.00041755686070212575,0.0,0.0,-0.00041755686070212575,1.1111028970726635,2024
2024-11-21 00:00:00+00:00,BTCUSDT_241227,0.1696478022681437,36,99962.2,98317.12,0.01673238597713198,BTCUSDT_241227,False,99962.2,98317.12,0.0007565315176034923,0.0003782657588017461,0.0,0.0,0.0003782657588017461,1.1115231892531316,2024
2024-11-22 00:00:00+00:00,BTCUSDT_241227,0.16563682747701647,35,100462.7,98892.0,0.01588298345670021,BTCUSDT_241227,False,100462.7,98892.0,-0.00022246491121642349,-0.00011123245560821174,0.0,0.0,-0.00011123245560821174,1.1113995517993256,2024
2024-11-23 00:00:00+00:00,BTCUSDT_241227,0.17505562411875406,34,99265.1,97672.4,0.016306551287774352,BTCUSDT_241227,False,99265.1,97672.4,0.0006945667353316911,0.00034728336766584557,0.0,0.0,0.00034728336766584557,1.1117855223784967,2024
2024-11-24 00:00:00+00:00,BTCUSDT_241227,0.17227649506145007,33,99424.9,97900.04,0.015575683115144802,BTCUSDT_241227,False,99424.9,97900.04,0.0009445348541226456,0.0004722674270613228,0.0,0.0,0.0004722674270613228,1.1123105824665944,2024
2024-11-25 00:00:00+00:00,BTCUSDT_241227,0.17566064596165504,32,94442.4,93010.01,0.015400385399377976,BTCUSDT_241227,False,94442.4,93010.01,0.0014487687938104727,0.0007243843969052363,0.0,0.0,0.0007243843969052363,1.1131163228970458,2024
2024-11-26 00:00:00+00:00,BTCUSDT_241227,0.16613535512936664,31,93262.8,91965.16,0.014110126052083194,BTCUSDT_241227,False,93262.8,91965.16,-0.001033543572370264,-0.000516771786185132,0.0,0.0,-0.000516771786185132,1.1125410957866304,2024
2024-11-27 00:00:00+00:00,BTCUSDT_241227,0.17675615781712098,30,97255.8,95863.11,0.014527903382229122,BTCUSDT_241227,False,97255.8,95863.11,-0.0014148299590948453,-0.0007074149795474226,0.0,0.0,-0.0007074149795474226,1.111754067550109,2024
2024-11-28 00:00:00+00:00,BTCUSDT_241227,0.20111826927463722,29,97172.3,95643.98,0.015979259750587615,BTCUSDT_241227,False,97172.3,95643.98,0.0006829494130211539,0.00034147470651057696,0.0,0.0,0.00034147470651057696,1.1121337034440375,2024
2024-11-29 00:00:00+00:00,BTCUSDT_241227,0.19568284424379234,28,98923.0,97460.0,0.015011286681715575,BTCUSDT_241227,False,98923.0,97460.0,0.0002266570900883548,0.0001133285450441774,0.0,0.0,0.0001133285450441774,1.1122597399385432,2024
2024-11-30 00:00:00+00:00,BTCUSDT_241227,0.2020472423345655,27,97848.9,96407.99,0.014945960391871968,BTCUSDT_241227,False,97848.9,96407.99,-0.0006629118603138396,-0.0003314559301569198,0.0,0.0,-0.0003314559301569198,1.1118910748518658,2024
2024-12-01 00:00:00+00:00,BTCUSDT_241227,0.2173722134620504,26,98690.0,97185.18,0.015484048082228249,BTCUSDT_241227,False,98690.0,97185.18,0.002910320277227418,0.001455160138613709,0.0,0.0,0.001455160138613709,1.1135090544224706,2024
2024-12-02 00:00:00+00:00,BTCUSDT_241227,0.1861518425068635,25,97062.6,95840.62,0.01275012619910024,BTCUSDT_241227,False,97062.6,95840.62,-0.0004719293343467663,-0.00023596466717338316,0.0,0.0,-0.00023596466717338316,1.1132463056290494,2024
2024-12-03 00:00:00+00:00,BTCUSDT_241227,0.2010663997278782,24,97116.9,95849.69,0.013220804365668703,BTCUSDT_241227,False,97116.9,95849.69,-0.0006872218366068304,-0.0003436109183034152,0.0,0.0,-0.0003436109183034152,1.1128637820436744,2024
2024-12-04 00:00:00+00:00,BTCUSDT_241227,0.2145854051007756,23,99920.4,98587.32,0.013521820047446132,BTCUSDT_241227,False,99920.4,98587.32,0.0006228995777549176,0.0003114497888774588,0.0,0.0,0.0003114497888774588,1.1132103832336413,2024
2024-12-05 00:00:00+00:00,BTCUSDT_241227,0.2176288024910079,22,98217.3,96945.63,0.013117352478910067,BTCUSDT_241227,False,98217.3,96945.63,-0.0001907254612714904,-9.53627306357452e-05,0.0,0.0,-9.53627306357452e-05,1.1131042244517242,2024
2024-12-06 00:00:00+00:00,BTCUSDT_241227,0.22482475106295058,21,101031.0,99740.84,0.012935122663895788,BTCUSDT_241227,False,101031.0,99740.84,0.0015104143899330378,0.0007552071949665189,0.0,0.0,0.0007552071949665189,1.113944848770778,2024
2024-12-07 00:00:00+00:00,BTCUSDT_241227,0.20831055756776864,20,100971.5,99831.99,0.011414277127001021,BTCUSDT_241227,False,100971.5,99831.99,-0.0011108663665825827,-0.0005554331832912914,0.0,0.0,-0.0005554331832912914,1.1133261268374142,2024
2024-12-08 00:00:00+00:00,BTCUSDT_241227,0.23757424207264993,19,102360.0,101109.59,0.012366878354466709,BTCUSDT_241227,False,102360.0,101109.59,0.0032329277569022354,0.0016164638784511177,0.0,0.0,0.0016164638784511177,1.1151257783063826,2024
2024-12-09 00:00:00+00:00,BTCUSDT_241227,0.1925145527084925,18,98200.0,97276.47,0.009493868352747575,BTCUSDT_241227,False,98200.0,97276.47,0.0015083812149021846,0.0007541906074510923,0.0,0.0,0.0007541906074510923,1.1159667956945079,2024
2024-12-10 00:00:00+00:00,BTCUSDT_241227,0.17266626920352957,17,97369.8,96593.0,0.008041990620438364,BTCUSDT_241227,False,97369.8,96593.0,-0.0002329361340883915,-0.00011646806704419575,0.0,0.0,-0.00011646806704419575,1.1158368211989278,2024
2024-12-11 00:00:00+00:00,BTCUSDT_241227,0.18031180469715763,16,101924.3,101125.0,0.00790407911001239,BTCUSDT_241227,False,101924.3,101125.0,0.0009195550061803776,0.0004597775030901888,0.0,0.0,0.0004597775030901888,1.1163498578664346,2024
2024-12-12 00:00:00+00:00,BTCUSDT_241227,0.17186139381287507,15,100710.6,100004.29,0.007062797006008565,BTCUSDT_241227,False,100710.6,100004.29,0.0010055568616107592,0.0005027784308053796,0.0,0.0,0.0005027784308053796,1.1169111344962024,2024
2024-12-13 00:00:00+00:00,BTCUSDT_241227,0.1557099791927755,14,102030.0,101424.25,0.005972437558079059,BTCUSDT_241227,False,102030.0,101424.25,0.0,0.0,0.0,0.0,0.0,1.1169111344962024,2024
2024-12-14 00:00:00+00:00,BTCUSDT_250328,0.14645775184685175,104,105652.3,101420.0,0.041730427923486524,BTCUSDT_241227,True,105652.3,101420.0,-0.0047782488661012226,-0.0023891244330506113,-0.001,-0.0005,-0.0028891244330506113,1.113684239247983,2024
2024-12-15 00:00:00+00:00,BTCUSDT_250328,0.16000981383377152,103,109180.9,104463.99,0.045153454314735525,BTCUSDT_250328,False,109180.9,104463.99,0.002635070707140226,0.001317535353570113,0.0,0.0,0.001317535353570113,1.1151515576059061,2024
2024-12-16 00:00:00+00:00,BTCUSDT_250328,0.1498614438610541,102,110500.3,106058.66,0.041879088421445256,BTCUSDT_250328,False,110500.3,106058.66,0.0014603239377152667,0.0007301619688576333,0.0,0.0,0.0007301619688576333,1.1159657988627822,2024
2024-12-17 00:00:00+00:00,BTCUSDT_250328,0.1459644825071042,101,110420.5,106133.74,0.040390171871828834,BTCUSDT_250328,False,110420.5,106133.74,0.004285819005341707,0.0021429095026708534,0.0,0.0,0.0021429095026708534,1.118357212577821,2024
2024-12-18 00:00:00+00:00,BTCUSDT_250328,0.13957922941407233,100,104035.9,100204.01,0.03824088477097872,BTCUSDT_250328,False,104035.9,100204.01,-0.00028392077323050334,-0.00014196038661525167,0.0,0.0,-0.00014196038661525167,1.1181984501555493,2024
2024-12-19 00:00:00+00:00,BTCUSDT_250328,0.1460321675234461,99,101322.2,97461.86,0.039608724889921,BTCUSDT_250328,False,101322.2,97461.86,0.004549266759325182,0.002274633379662591,0.0,0.0,0.002274633379662591,1.1207419416753601,2024
2024-12-20 00:00:00+00:00,BTCUSDT_250328,0.13011988548961279,98,101222.4,97805.44,0.034936298021868636,BTCUSDT_250328,False,101222.4,97805.44,0.001365465969991065,0.0006827329849955325,0.0,0.0,0.0006827329849955325,1.1215071091666098,2024
2024-12-21 00:00:00+00:00,BTCUSDT_250328,0.1269898938703591,97,100575.4,97291.99,0.03374799919294475,BTCUSDT_250328,False,100575.4,97291.99,0.0012414177158880072,0.0006207088579440036,0.0,0.0,0.0006207088579440036,1.1222032385635166,2024
2024-12-22 00:00:00+00:00,BTCUSDT_250328,0.12632686218821226,96,98348.9,95186.27,0.033225695260461305,BTCUSDT_250328,False,98348.9,95186.27,-0.0014708003580770057,-0.0007354001790385029,0.0,0.0,-0.0007354001790385029,1.1213779701009594,2024
2024-12-23 00:00:00+00:00,BTCUSDT_250328,0.13373582961207467,95,98184.1,94881.47,0.03480795565245779,BTCUSDT_250328,False,98184.1,94881.47,0.000614556245808715,0.0003072781229043575,0.0,0.0,0.0003072781229043575,1.1217225450186783,2024
2024-12-24 00:00:00+00:00,BTCUSDT_250328,0.12768263154362394,94,101907.9,98663.58,0.03288265031534425,BTCUSDT_250328,False,101907.9,98663.58,0.0002657515569575031,0.00013287577847875156,0.0,0.0,0.00013287577847875156,1.1218715947750848,2024
2024-12-25 00:00:00+00:00,BTCUSDT_250328,0.12702633239352068,93,102647.7,99429.6,0.03236561345917102,BTCUSDT_250328,False,102647.7,99429.6,0.0027919251410042003,0.0013959625705021001,0.0,0.0,0.0013959625705021001,1.1234376855303003,2024
2024-12-26 00:00:00+00:00,BTCUSDT_250328,0.12178640016906266,92,98732.1,95791.6,0.030696846070010313,BTCUSDT_250328,False,98732.1,95791.6,-0.0007815925404732288,-0.0003907962702366144,0.0,0.0,-0.0003907962702366144,1.1229986502729519,2024
2024-12-27 00:00:00+00:00,BTCUSDT_250328,0.12825811605979315,91,97314.4,94299.03,0.0319766809902498,BTCUSDT_250328,False,97314.4,94299.03,0.00013754118149466823,6.877059074733411e-05,0.0,0.0,6.877059074733411e-05,1.1230758795535396,2024
2024-12-28 00:00:00+00:00,BTCUSDT_250328,0.12776915005246564,90,98302.4,95300.0,0.03150472193074495,BTCUSDT_250328,False,98302.4,95300.0,-0.0009632738719832414,-0.0004816369359916207,0.0,0.0,-0.0004816369359916207,1.1225349647280254,2024
2024-12-29 00:00:00+00:00,BTCUSDT_250328,0.13537380309429314,89,96832.4,93738.2,0.03300895472710162,BTCUSDT_250328,False,96832.4,93738.2,0.0014471154769346347,0.0007235577384673174,0.0,0.0,0.0007235577384673174,1.1233471835884543,2024
2024-12-30 00:00:00+00:00,BTCUSDT_250328,0.13224471840774382,88,95750.6,92792.05,0.031883658136661525,BTCUSDT_250328,False,95750.6,92792.05,-0.001354103072407541,-0.0006770515362037705,0.0,0.0,-0.0006770515362037705,1.1225866196521155,2024
2024-12-31 00:00:00+00:00,BTCUSDT_250328,0.1382775473424268,87,96660.2,93576.0,0.03295930580490721,BTCUSDT_250328,False,96660.2,93576.0,-0.0002662007352312932,-0.0001331003676156466,0.0,0.0,-0.0001331003676156466,1.1224372029603595,2024
2025-01-01 00:00:00+00:00,BTCUSDT_250328,0.13950091523873026,86,97700.9,94591.79,0.032868708795974796,BTCUSDT_250328,False,97700.9,94591.79,-0.0025023313334065424,-0.0012511656667032712,0.0,0.0,-0.0012511656667032712,1.121032848068985,2025
2025-01-02 00:00:00+00:00,BTCUSDT_250328,0.14813974196063048,85,100330.6,96984.79,0.034498296073023536,BTCUSDT_250328,False,100330.6,96984.79,0.0015362202671161658,0.0007681101335580829,0.0,0.0,0.0007681101335580829,1.1218939247596385,2025
2025-01-03 00:00:00+00:00,BTCUSDT_250328,0.1414928451413506,84,101371.0,98174.18,0.03256273696403685,BTCUSDT_250328,False,101371.0,98174.18,0.0,0.0,0.0,0.0,0.0,1.1218939247596385,2025
2025-01-04 00:00:00+00:00,BTCUSDT_250627,0.13578178280197253,174,104578.2,98220.5,0.06472884988368005,BTCUSDT_250328,True,104578.2,98220.5,0.0025280873137481247,0.0012640436568740624,-0.001,-0.0005,0.0007640436568740624,1.1227511006965367,2025
2025-01-05 00:00:00+00:00,BTCUSDT_250627,0.13104189108358355,173,104473.0,98363.61,0.0621102661848218,BTCUSDT_250627,False,104473.0,98363.61,-0.001575887668213832,-0.000787943834106916,0.0,0.0,-0.000787943834106916,1.121866435889506,2025
2025-01-06 00:00:00+00:00,BTCUSDT_250627,0.1300294568123404,172,108500.0,102235.6,0.06127415499102068,BTCUSDT_250627,False,108500.0,102235.6,0.005455144783226115,0.0027275723916130577,0.0,0.0,0.0027275723916130577,1.1249264078071157,2025
2025-01-07 00:00:00+00:00,BTCUSDT_250627,0.1256355576204997,171,102661.3,96954.61,0.058859398227686155,BTCUSDT_250627,False,102661.3,96954.61,0.0014099381143402783,0.0007049690571701391,0.0,0.0,0.0007049690571701391,1.1257194461162132,2025
2025-01-08 00:00:00+00:00,BTCUSDT_250627,0.125804959346154,170,100630.6,95060.61,0.05859409065437309,BTCUSDT_250627,False,100630.6,95060.61,0.0019269811123661794,0.0009634905561830897,0.0,0.0,0.0009634905561830897,1.1268040661714578,2025
2025-01-09 00:00:00+00:00,BTCUSDT_250627,0.12570417733098926,169,97939.3,92552.49,0.05820275607927996,BTCUSDT_250627,False,97939.3,92552.49,0.0008375787620625233,0.00041878938103126164,0.0,0.0,0.00041878938103126164,1.1272759597488733,2025
2025-01-10 00:00:00+00:00,BTCUSDT_250627,0.12177280987610828,168,100035.4,94726.11,0.0560488549566745,BTCUSDT_250627,False,100035.4,94726.11,0.002432064401251193,0.0012160322006255966,0.0,0.0,0.0012160322006255966,1.1286467636149191,2025
2025-01-11 00:00:00+00:00,BTCUSDT_250627,0.11734263055045441,167,99678.9,94599.99,0.05368827206007092,BTCUSDT_250627,False,99678.9,94599.99,0.0007639535691281735,0.00038197678456408673,0.0,0.0,0.00038197678456408673,1.1290778804765933,2025
2025-01-12 00:00:00+00:00,BTCUSDT_250627,0.11643734642100238,166,99551.7,94545.06,0.05295506713941479,BTCUSDT_250627,False,99551.7,94545.06,-0.00031477054433086995,-0.00015738527216543498,0.0,0.0,-0.00015738527216543498,1.1289001802470784,2025
2025-01-13 00:00:00+00:00,BTCUSDT_250627,0.11785050655492725,165,99572.5,94536.1,0.05327488652483013,BTCUSDT_250627,False,99572.5,94536.1,-0.0012814152477201768,-0.0006407076238600884,0.0,0.0,-0.0006407076238600884,1.1281768852950171,2025
2025-01-14 00:00:00+00:00,BTCUSDT_250627,0.1188749907722798,164,101718.4,96560.86,0.05341232462096955,BTCUSDT_250627,False,101718.4,96560.86,-0.004432541300895567,-0.0022162706504477835,0.0,0.0,-0.0022162706504477835,1.1256765399756241,2025
2025-01-15 00:00:00+00:00,BTCUSDT_250627,0.12445621639426592,163,106082.9,100497.35,0.05557907745826122,BTCUSDT_250627,False,106082.9,100497.35,0.0,0.0,0.0,0.0,0.0,1.1256765399756241,2025
2025-01-16 00:00:00+00:00,BTCUSDT_250328,0.12633174835739305,71,102444.4,99987.3,0.02457412091335591,BTCUSDT_250627,True,102444.4,99987.3,-0.001062334916534557,-0.0005311674582672785,-0.001,-0.0005,-0.0010311674582672787,1.1245157789590663,2025
2025-01-17 00:00:00+00:00,BTCUSDT_250328,0.12842242968548906,70,106640.8,104077.48,0.024628959117765026,BTCUSDT_250328,False,106640.8,104077.48,0.0,0.0,0.0,0.0,0.0,1.1245157789590663,2025
2025-01-18 00:00:00+00:00,BTCUSDT_250627,0.12223040475445601,160,110158.4,104556.23,0.053580451399213594,BTCUSDT_250328,True,110158.4,104556.23,-0.001978456950867496,-0.000989228475433748,-0.001,-0.0005,-0.001489228475433748,1.1228411180399658,2025
2025-01-19 00:00:00+00:00,BTCUSDT_250627,0.13159960567163864,159,107140.6,101331.57,0.05732695151175491,BTCUSDT_250627,False,107140.6,101331.57,0.0,0.0,0.0,0.0,0.0,1.1228411180399658,2025
2025-01-20 00:00:00+00:00,BTCUSDT_250328,0.12689723662815203,67,104642.0,102260.01,0.023293465353660784,BTCUSDT_250627,True,104642.0,102260.01,0.0,0.0,-0.001,-0.0005,-0.0005,1.122279697480946,2025
2025-01-21 00:00:00+00:00,BTCUSDT_250627,0.13012594579837844,157,112084.9,106143.82,0.0559719821653299,BTCUSDT_250328,True,112084.9,106143.82,0.00435013550482723,0.002175067752413615,-0.001,-0.0005,0.001675067752413615,1.1241595920113847,2025
2025-01-22 00:00:00+00:00,BTCUSDT_250627,0.12362032140487056,156,109186.0,103706.66,0.052834986682629606,BTCUSDT_250627,False,109186.0,103706.66,0.0,0.0,0.0,0.0,0.0,1.1241595920113847,2025
2025-01-23 00:00:00+00:00,BTCUSDT_250328,0.12412585094996309,64,106171.9,103910.34,0.021764532769308596,BTCUSDT_250627,True,106171.9,103910.34,0.0,0.0,-0.001,-0.0005,-0.0005,1.1235975122153792,2025
2025-01-24 00:00:00+00:00,BTCUSDT_250627,0.11979189918648572,154,110170.9,104870.5,0.05054233554717479,BTCUSDT_250328,True,110170.9,104870.5,0.0004047849490561892,0.0002023924745280946,-0.001,-0.0005,-0.00029760752547190543,1.1232631211401423,2025
2025-01-25 00:00:00+00:00,BTCUSDT_250627,0.11975038380816293,153,110004.8,104746.85,0.05019673622643542,BTCUSDT_250627,False,110004.8,104746.85,0.0013599454303398822,0.0006799727151699411,0.0,0.0,0.0006799727151699411,1.1240269094144741,2025
2025-01-26 00:00:00+00:00,BTCUSDT_250627,0.11970308829714121,152,107735.5,102620.0,0.04984895731826155,BTCUSDT_250627,False,107735.5,102620.0,-0.0014672578444746875,-0.0007336289222373437,0.0,0.0,-0.0007336289222373437,1.1232022907643546,2025
2025-01-27 00:00:00+00:00,BTCUSDT_250627,0.12469523085302509,151,107348.9,102082.83,0.05158624618851174,BTCUSDT_250627,False,107348.9,102082.83,0.003525470443952224,0.001762735221976112,0.0,0.0,0.001762735221976112,1.125182199003689,2025
2025-01-28 00:00:00+00:00,BTCUSDT_250627,0.11781033277702936,150,106241.7,101335.52,0.04841520525083399,BTCUSDT_250627,False,106241.7,101335.52,0.0008715601400179565,0.00043578007000897825,0.0,0.0,0.00043578007000897825,1.1256725309811437,2025
2025-01-29 00:00:00+00:00,BTCUSDT_250627,0.11377394814291328,149,108551.1,103733.24,0.04644470759806597,BTCUSDT_250627,False,108551.1,103733.24,0.0010093196741950514,0.0005046598370975257,0.0,0.0,0.0005046598370975257,1.1262406126972537,2025
2025-01-30 00:00:00+00:00,BTCUSDT_250627,0.11099451201066003,148,109436.1,104722.94,0.045005993911171736,BTCUSDT_250627,False,109436.1,104722.94,0.00142872230286884,0.00071436115143442,0.0,0.0,0.00071436115143442,1.1270451552381324,2025
2025-01-31 00:00:00+00:00,BTCUSDT_250627,0.11062469442912988,147,106993.1,102429.56,0.04455295912625231,BTCUSDT_250627,False,106993.1,102429.56,0.0,0.0,0.0,0.0,0.0,1.1270451552381324,2025
2025-02-01 00:00:00+00:00,BTCUSDT_250328,0.11219460770340642,55,102337.0,100635.65,0.016906036777225623,BTCUSDT_250627,True,102337.0,100635.65,0.0017095333512528428,0.0008547666756264214,-0.001,-0.0005,0.0003547666756264214,1.1274449933011372,2025
2025-02-02 00:00:00+00:00,BTCUSDT_250328,0.10580286954027363,54,99229.9,97700.59,0.01565302727445144,BTCUSDT_250328,False,99229.9,97700.59,0.0,0.0,0.0,0.0,0.0,1.1274449933011372,2025
2025-02-03 00:00:00+00:00,BTCUSDT_250627,0.10153995883883414,144,105387.7,101328.52,0.04005960019943045,BTCUSDT_250328,True,105387.7,101328.52,0.0044568893338223095,0.0022284446669111548,-0.001,-0.0005,0.0017284446669111548,1.1293937195870443,2025
2025-02-04 00:00:00+00:00,BTCUSDT_250627,0.09418819975161594,143,101370.7,97763.13,0.03690113031364679,BTCUSDT_250627,False,101370.7,97763.13,0.0015568241319604082,0.0007784120659802041,0.0,0.0,0.0007784120659802041,1.130272853285613,2025
2025-02-05 00:00:00+00:00,BTCUSDT_250627,0.09193186544933175,142,100067.8,96612.43,0.035765273681657835,BTCUSDT_250627,False,100067.8,96612.43,-0.0005276753726200798,-0.0002638376863100399,0.0,0.0,-0.0002638376863100399,1.1299746447111032,2025
2025-02-06 00:00:00+00:00,BTCUSDT_250627,0.09400634597204219,141,100060.7,96554.35,0.036314780224816295,BTCUSDT_250627,False,100060.7,96554.35,0.0025555554980174378,0.0012777777490087189,0.0,0.0,0.0012777777490087189,1.1314185011690592,2025
2025-02-07 00:00:00+00:00,BTCUSDT_250627,0.08805848766245315,140,99766.4,96506.8,0.03377585828148888,BTCUSDT_250627,False,99766.4,96506.8,0.001017959356231796,0.000508979678115898,0.0,0.0,0.000508979678115898,1.1319943701935986,2025
2025-02-08 00:00:00+00:00,BTCUSDT_250627,0.0860742944575338,139,99606.1,96444.74,0.03277897788930739,BTCUSDT_250627,False,99606.1,96444.74,-0.00017512619143355478,-8.756309571677739e-05,0.0,0.0,-8.756309571677739e-05,1.1318952492622105,2025
2025-02-09 00:00:00+00:00,BTCUSDT_250627,0.08714494395016714,138,99641.0,96462.75,0.03294795141129607,BTCUSDT_250627,False,99641.0,96462.75,0.0014126696574584912,0.0007063348287292456,0.0,0.0,0.0007063348287292456,1.1326947462992376,2025
2025-02-10 00:00:00+00:00,BTCUSDT_250627,0.08318256230907675,137,100472.8,97430.82,0.03122194804477675,BTCUSDT_250627,False,100472.8,97430.82,0.0011370118818665267,0.0005685059409332633,0.0,0.0,0.0005685059409332633,1.1333386899917726,2025
2025-02-11 00:00:00+00:00,BTCUSDT_250627,0.08213584645996434,136,98709.4,95778.2,0.030604041420699044,BTCUSDT_250627,False,98709.4,95778.2,-0.001725966869287559,-0.0008629834346437795,0.0,0.0,-0.0008629834346437795,1.1323606374764688,2025
2025-02-12 00:00:00+00:00,BTCUSDT_250627,0.0855425197811458,135,100966.5,97869.99,0.03163901416562927,BTCUSDT_250627,False,100966.5,97869.99,0.001817206684091735,0.0009086033420458674,0.0,0.0,0.0009086033420458674,1.133389504136081,2025
2025-02-13 00:00:00+00:00,BTCUSDT_250627,0.08229204436896924,134,99526.8,96608.14,0.030211325877922954,BTCUSDT_250627,False,99526.8,96608.14,-8.860537010647003e-05,-4.4302685053235015e-05,0.0,0.0,-4.4302685053235015e-05,1.1333392919378367,2025
2025-02-14 00:00:00+00:00,BTCUSDT_250627,0.08239290842774061,133,100427.7,97500.48,0.030022621427094526,BTCUSDT_250627,False,100427.7,97500.48,0.0004090236273709079,0.00020451181368545394,0.0,0.0,0.00020451181368545394,1.133571073211952,2025
2025-02-15 00:00:00+00:00,BTCUSDT_250627,0.08182802497987146,132,100457.0,97569.66,0.029592600814638447,BTCUSDT_250627,False,100457.0,97569.66,0.0009804277272257476,0.0004902138636128738,0.0,0.0,0.0004902138636128738,1.134126765467431,2025
2025-02-16 00:00:00+00:00,BTCUSDT_250627,0.08092485618911358,131,98909.8,96118.12,0.029044263454175007,BTCUSDT_250627,False,98909.8,96118.12,0.002964893612151491,0.0014824468060757455,0.0,0.0,0.0014824468060757455,1.135808048068583,2025
2025-02-17 00:00:00+00:00,BTCUSDT_250627,0.07348133543216015,130,98286.7,95780.0,0.0261714345374817,BTCUSDT_250627,False,98286.7,95780.0,0.00042326164126130873,0.00021163082063065436,0.0,0.0,0.00021163082063065436,1.1360484200578747,2025
2025-02-18 00:00:00+00:00,BTCUSDT_250627,0.07293579664845,129,98137.9,95671.74,0.02577730895246589,BTCUSDT_250627,False,98137.9,95671.74,0.000285664293342916,0.000142832146671458,0.0,0.0,0.000142832146671458,1.1362106842924342,2025
2025-02-19 00:00:00+00:00,BTCUSDT_250627,0.07195945477087806,128,99083.2,96644.37,0.025235096467595596,BTCUSDT_250627,False,99083.2,96644.37,-0.00036287680285972617,-0.00018143840142986309,0.0,0.0,-0.00018143840142986309,1.1360045320421888,2025
2025-02-20 00:00:00+00:00,BTCUSDT_250627,0.07232620476125427,127,100778.9,98305.0,0.025165556177203542,BTCUSDT_250627,False,100778.9,98305.0,-1.953105132000209e-05,-9.765525660001045e-06,0.0,0.0,-9.765525660001045e-06,1.1359934383607813,2025
2025-02-21 00:00:00+00:00,BTCUSDT_250627,0.07456717208325588,126,98657.8,96181.98,0.02574099639038422,BTCUSDT_250627,False,98657.8,96181.98,7.932878903100827e-05,3.966439451550413e-05,0.0,0.0,3.966439451550413e-05,1.1360384968526875,2025
2025-02-22 00:00:00+00:00,BTCUSDT_250627,0.07464566968279263,125,99019.2,96551.01,0.025563585507805693,BTCUSDT_250627,False,99019.2,96551.01,0.0001293616711001287,6.468083555006436e-05,0.0,0.0,6.468083555006436e-05,1.136111976771881,2025
2025-02-23 00:00:00+00:00,BTCUSDT_250627,0.0750947638034609,124,98713.7,96258.0,0.02551164578528535,BTCUSDT_250627,False,98713.7,96258.0,0.0035049554322758073,0.0017524777161379036,0.0,0.0,0.0017524777161379036,1.1381029876942113,2025
2025-02-24 00:00:00+00:00,BTCUSDT_250627,0.0686605549133509,123,93671.2,91552.88,0.023137666450252493,BTCUSDT_250627,False,93671.2,91552.88,-0.00047819358604571897,-0.00023909679302285949,0.0,0.0,-0.00023909679302285949,1.1378308709197238,2025
2025-02-25 00:00:00+00:00,BTCUSDT_250627,0.07294258786442638,122,90842.5,88680.4,0.02438081019030142,BTCUSDT_250627,False,90842.5,88680.4,0.0019856698887239627,0.0009928349443619814,0.0,0.0,0.0009928349443619814,1.1389605491691468,2025
2025-02-26 00:00:00+00:00,BTCUSDT_250627,0.07110801438396418,121,86236.1,84250.09,0.023572793809478534,BTCUSDT_250627,False,86236.1,84250.09,-0.0017924016460990698,-0.0008962008230495349,0.0,0.0,-0.0008962008230495349,1.1379398117875605,2025
2025-02-27 00:00:00+00:00,BTCUSDT_250627,0.07673487738786333,120,86845.6,84708.58,0.02522790489464,BTCUSDT_250627,False,86845.6,84708.58,0.0,0.0,0.0,0.0,0.0,1.1379398117875605,2025
2025-02-28 00:00:00+00:00,BTCUSDT_250328,0.07130007612165641,28,84811.3,84349.94,0.005469594880565423,BTCUSDT_250627,True,84811.3,84349.94,5.4416162003156226e-05,2.7208081001578113e-05,-0.001,-0.0005,-0.0004727919189984219,1.1374018030402409,2025
2025-03-01 00:00:00+00:00,BTCUSDT_250328,0.07174678934171556,27,86521.3,86064.53,0.0053072967458255346,BTCUSDT_250328,False,86521.3,86064.53,0.0,0.0,0.0,0.0,0.0,1.1374018030402409,2025
2025-03-02 00:00:00+00:00,BTCUSDT_250627,0.06529209154646728,117,96243.0,94270.0,0.02092924578338814,BTCUSDT_250328,True,96243.0,94270.0,0.002892860931367417,0.0014464304656837085,-0.001,-0.0005,0.0009464304656837084,1.1384782747583617,2025
2025-03-03 00:00:00+00:00,BTCUSDT_250627,0.06205071422058441,116,87920.9,86220.61,0.01972022698517203,BTCUSDT_250627,False,87920.9,86220.61,0.0008103630906809328,0.0004051815453404664,0.0,0.0,0.0004051815453404664,1.138939565145065,2025
2025-03-04 00:00:00+00:00,BTCUSDT_250627,0.059288427053875506,115,88912.4,87281.98,0.01867991537313886,BTCUSDT_250627,False,88912.4,87281.98,-0.0009368485911983674,-0.0004684242955991837,0.0,0.0,-0.0004684242955991837,1.1384060581815316,2025
2025-03-05 00:00:00+00:00,BTCUSDT_250627,0.06050384342170316,114,92318.2,90606.01,0.018897090822120988,BTCUSDT_250627,False,92318.2,90606.01,-0.0005630973044724525,-0.00028154865223622625,0.0,0.0,-0.00028154865223622625,1.1380855414901532,2025
2025-03-06 00:00:00+00:00,BTCUSDT_250627,0.06332930772702772,113,91695.1,89931.89,0.019606059652477074,BTCUSDT_250627,False,91695.1,89931.89,0.001337234211357165,0.0006686171056785825,0.0,0.0,0.0006686171056785825,1.138846484950919,2025
2025-03-07 00:00:00+00:00,BTCUSDT_250627,0.06168374135807817,112,88444.7,86801.75,0.01892761378658837,BTCUSDT_250627,False,88444.7,86801.75,0.00039745742453349157,0.00019872871226674579,0.0,0.0,0.00019872871226674579,1.1390728064463427,2025
2025-03-08 00:00:00+00:00,BTCUSDT_250627,0.06134188134641602,111,87830.9,86222.45,0.01865465432726624,BTCUSDT_250627,False,87830.9,86222.45,0.0009524201643538933,0.00047621008217694664,0.0,0.0,0.00047621008217694664,1.139615244401106,2025
2025-03-09 00:00:00+00:00,BTCUSDT_250627,0.06273214808693572,110,82260.7,80734.37,0.018905578875514875,BTCUSDT_250627,False,82260.7,80734.37,-0.0010195162233878543,-0.0005097581116939271,0.0,0.0,-0.0005097581116939271,1.1390343162860626,2025
2025-03-10 00:00:00+00:00,BTCUSDT_250627,0.06853707402946359,109,80204.5,78595.86,0.020467235806058987,BTCUSDT_250627,False,80204.5,78595.86,-0.0003215182071929682,-0.0001607591035964841,0.0,0.0,-0.0001607591035964841,1.1388512061504108,2025
2025-03-11 00:00:00+00:00,BTCUSDT_250627,0.0665840053294607,108,84566.9,82932.99,0.019701568700223986,BTCUSDT_250627,False,84566.9,82932.99,-2.0136739312218282e-05,-1.0068369656109141e-05,0.0,0.0,-1.0068369656109141e-05,1.138839739775484,2025
2025-03-12 00:00:00+00:00,BTCUSDT_250627,0.06667431826425481,107,85315.7,83680.12,0.019545622066507576,BTCUSDT_250627,False,85315.7,83680.12,-0.00027772426712587456,-0.00013886213356293728,0.0,0.0,-0.00013886213356293728,1.1386815980594325,2025
2025-03-13 00:00:00+00:00,BTCUSDT_250627,0.07041755042362793,106,82774.6,81115.78,0.020450028342204277,BTCUSDT_250627,False,82774.6,81115.78,0.001916026696655056,0.000958013348327528,0.0,0.0,0.000958013348327528,1.1397724702298684,2025
2025-03-14 00:00:00+00:00,BTCUSDT_250627,0.062227978475514055,105,85486.6,83983.2,0.017901199287476646,BTCUSDT_250627,False,85486.6,83983.2,0.0016460434944132309,0.0008230217472066154,0.0,0.0,0.0008230217472066154,1.1407105277597351,2025
2025-03-15 00:00:00+00:00,BTCUSDT_250627,0.05680904861960395,104,85703.6,84338.44,0.016186687825859757,BTCUSDT_250627,False,85703.6,84338.44,0.00026903509242051817,0.00013451754621025908,0.0,0.0,0.00013451754621025908,1.1408639733408654,2025
2025-03-16 00:00:00+00:00,BTCUSDT_250627,0.05761215476420819,103,83917.0,82574.53,0.016257676549899843,BTCUSDT_250627,False,83917.0,82574.53,0.00041659334906289115,0.00020829667453144558,0.0,0.0,0.00020829667453144558,1.141101611512605,2025
2025-03-17 00:00:00+00:00,BTCUSDT_250627,0.055717617592687695,102,85318.1,84010.03,0.015570402724531904,BTCUSDT_250627,False,85318.1,84010.03,0.001465301226532187,0.0007326506132660935,0.0,0.0,0.0007326506132660935,1.1419376403080785,2025
2025-03-18 00:00:00+00:00,BTCUSDT_250627,0.0517719370558492,101,83900.0,82715.03,0.014325933267508955,BTCUSDT_250627,False,83900.0,82715.03,-0.001254790090748847,-0.0006273950453744235,0.0,0.0,-0.0006273950453744235,1.1412211942904227,2025
2025-03-19 00:00:00+00:00,BTCUSDT_250627,0.054164581556719646,100,88134.7,86845.94,0.014839611385402643,BTCUSDT_250627,False,88134.7,86845.94,0.0011601002879351643,0.0005800501439675821,0.0,0.0,0.0005800501439675821,1.1418831598084698,2025
2025-03-20 00:00:00+00:00,BTCUSDT_250627,0.0520049937278332,99,85411.4,84223.39,0.014105464052206813,BTCUSDT_250627,False,85411.4,84223.39,0.0006660857512383587,0.00033304287561917935,0.0,0.0,0.00033304287561917935,1.1422634558596336,2025
2025-03-21 00:00:00+00:00,BTCUSDT_250627,0.05013494955627227,98,85220.7,84088.79,0.013460890565793651,BTCUSDT_250627,False,85220.7,84088.79,-0.0004281188967043051,-0.00021405944835215256,0.0,0.0,-0.00021405944835215256,1.1420189435743995,2025
2025-03-22 00:00:00+00:00,BTCUSDT_250627,0.05241748521328334,97,85008.5,83840.59,0.01393012620736571,BTCUSDT_250627,False,85008.5,83840.59,-2.1350040594819255e-05,-1.0675020297409627e-05,0.0,0.0,-1.0675020297409627e-05,1.1420067524989967,2025
2025-03-23 00:00:00+00:00,BTCUSDT_250627,0.05166319373856462,96,87252.2,86082.5,0.013588127668225215,BTCUSDT_250627,False,87252.2,86082.5,-0.00023860831179384423,-0.00011930415589692212,0.0,0.0,-0.00011930415589692212,1.1418705063473613,2025
2025-03-24 00:00:00+00:00,BTCUSDT_250627,0.052264268967724764,95,88688.4,87498.16,0.013603028909407816,BTCUSDT_250627,False,88688.4,87498.16,-0.00091876217739909,-0.000459381088699545,0.0,0.0,-0.000459381088699545,1.1413459526310015,2025
2025-03-25 00:00:00+00:00,BTCUSDT_250627,0.05645574124432768,94,88663.5,87392.87,0.014539286786210416,BTCUSDT_250627,False,88663.5,87392.87,0.001609971156685861,0.0008049855783429305,0.0,0.0,0.0008049855783429305,1.1422647196627695,2025
2025-03-26 00:00:00+00:00,BTCUSDT_250627,0.05102650854192226,93,88039.1,86909.17,0.013001274779174713,BTCUSDT_250627,False,88039.1,86909.17,0.0009255640112545354,0.0004627820056272677,0.0,0.0,0.0004627820056272677,1.1427933392206924,2025
2025-03-27 00:00:00+00:00,BTCUSDT_250627,0.04773176154028803,92,88281.5,87232.01,0.012031019347141092,BTCUSDT_250627,False,88281.5,87232.01,0.0,0.0,0.0,0.0,0.0,1.1427933392206924,2025
2025-03-28 00:00:00+00:00,BTCUSDT_250926,0.057518266122226075,182,86845.7,84424.38,0.028680340915740125,BTCUSDT_250627,True,86845.7,84424.38,0.0025153871429080795,0.0012576935714540397,-0.001,-0.0005,0.0007576935714540397,1.1436592263873202,2025
2025-03-29 00:00:00+00:00,BTCUSDT_250926,0.05389729324541119,181,84857.5,82648.54,0.02672715089703952,BTCUSDT_250926,False,84857.5,82648.54,0.0006781728993641928,0.0003390864496820964,0.0,0.0,0.0003390864496820964,1.144047025734042,2025
2025-03-30 00:00:00+00:00,BTCUSDT_250926,0.05298729925268267,180,84542.9,82389.99,0.02613072291913118,BTCUSDT_250926,False,84542.9,82389.99,0.0004250516355201587,0.00021252581776007935,0.0,0.0,0.00021252581776007935,1.1442901652637423,2025
2025-03-31 00:00:00+00:00,BTCUSDT_250926,0.052314984746415896,179,84667.9,82550.01,0.025655841834543686,BTCUSDT_250926,False,84667.9,82550.01,-0.004421198737589507,-0.0022105993687947536,0.0,0.0,-0.0022105993687947536,1.1417605981466923,2025
2025-04-01 00:00:00+00:00,BTCUSDT_250926,0.05978578099536158,178,87641.2,85158.34,0.029155805526505103,BTCUSDT_250926,False,87641.2,85158.34,0.002262256403776708,0.001131128201888354,0.0,0.0,0.001131128201888354,1.143052075759061,2025
2025-04-02 00:00:00+00:00,BTCUSDT_250926,0.05723414655491979,177,84806.5,82516.29,0.027754640932111788,BTCUSDT_250926,False,84806.5,82516.29,-0.0017172366813873613,-0.0008586183406936806,0.0,0.0,-0.0008586183406936806,1.1420706302824464,2025
2025-04-03 00:00:00+00:00,BTCUSDT_250926,0.0606088503132031,176,85645.0,83213.09,0.029225089466092456,BTCUSDT_250926,False,85645.0,83213.09,0.0012519664874840366,0.0006259832437420183,0.0,0.0,0.0006259832437420183,1.1427855473601731,2025
2025-04-04 00:00:00+00:00,BTCUSDT_250926,0.05787325352018947,175,86217.6,83889.87,0.027747450317899058,BTCUSDT_250926,False,86217.6,83889.87,-0.0004932657542560276,-0.0002466328771280138,0.0,0.0,-0.0002466328771280138,1.1425036988726873,2025
2025-04-05 00:00:00+00:00,BTCUSDT_250926,0.05949011665369186,174,85907.1,83537.99,0.02835967204860927,BTCUSDT_250926,False,85907.1,83537.99,0.005355766879236661,0.0026778834396183307,0.0,0.0,0.0026778834396183307,1.1455631906076011,2025
2025-04-06 00:00:00+00:00,BTCUSDT_250926,0.051695190070450425,173,80351.7,78430.0,0.02450210378681623,BTCUSDT_250926,False,80351.7,78430.0,-0.004960601810531654,-0.002480300905265827,0.0,0.0,-0.002480300905265827,1.142721849188898,2025
2025-04-07 00:00:00+00:00,BTCUSDT_250926,0.06194349390472893,172,81474.0,79163.24,0.029189810826338015,BTCUSDT_250926,False,81474.0,79163.24,0.0005100852365313762,0.0002550426182656881,0.0,0.0,0.0002550426182656881,1.1430132919612646,2025
2025-04-08 00:00:00+00:00,BTCUSDT_250926,0.06349553314134984,171,78592.8,76322.42,0.029747222375810473,BTCUSDT_250926,False,78592.8,76322.42,-0.007020217650331166,-0.003510108825165583,0.0,0.0,-0.003510108825165583,1.1390011909178699,2025
2025-04-09 00:00:00+00:00,BTCUSDT_250926,0.07292885656434432,170,85421.4,82615.22,0.033966864701201464,BTCUSDT_250926,False,85421.4,82615.22,0.005429750111420169,0.0027148750557100844,0.0,0.0,0.0027148750557100844,1.1420934368395168,2025
2025-04-10 00:00:00+00:00,BTCUSDT_250926,0.06396219929787421,169,81964.9,79607.3,0.02961537446942669,BTCUSDT_250926,False,81964.9,79607.3,0.004334275876709719,0.0021671379383548595,0.0,0.0,0.0021671379383548595,1.1445685108556376,2025
2025-04-11 00:00:00+00:00,BTCUSDT_250926,0.05241338915202399,168,85436.4,83423.84,0.024124518842575427,BTCUSDT_250926,False,85436.4,83423.84,-0.003298098001722457,-0.0016490490008612285,0.0,0.0,-0.0016490490008612285,1.1426810612963938,2025
2025-04-12 00:00:00+00:00,BTCUSDT_250926,0.058633262633274924,167,87564.6,85276.9,0.026826725643169624,BTCUSDT_250926,False,87564.6,85276.9,-0.00032951479239971517,-0.00016475739619985758,0.0,0.0,-0.00016475739619985758,1.1424927961400477,2025
2025-04-13 00:00:00+00:00,BTCUSDT_250926,0.06079238156062653,166,86075.8,83760.0,0.02764804202483289,BTCUSDT_250926,False,86075.8,83760.0,0.0013798949379178814,0.0006899474689589407,0.0,0.0,0.0006899474689589407,1.1432810561530484,2025
2025-04-14 00:00:00+00:00,BTCUSDT_250926,0.057537089782852324,165,86791.8,84591.58,0.02600991729909763,BTCUSDT_250926,False,86791.8,84591.58,-0.0008522124778848735,-0.00042610623894243674,0.0,0.0,-0.00042610623894243674,1.142793896962157,2025
2025-04-15 00:00:00+00:00,BTCUSDT_250926,0.06046190891752107,164,85916.3,83643.99,0.027166446746502617,BTCUSDT_250926,False,85916.3,83643.99,7.759075099125756e-05,3.879537549562878e-05,0.0,0.0,3.879537549562878e-05,1.1428382320805037,2025
2025-04-16 00:00:00+00:00,BTCUSDT_250926,0.060380170976930304,163,86296.2,84030.38,0.026964295532163396,BTCUSDT_250926,False,86296.2,84030.38,0.0008690904408619695,0.00043454522043098477,0.0,0.0,0.00043454522043098477,1.1433348469719802,2025
2025-04-17 00:00:00+00:00,BTCUSDT_250926,0.05815970481640284,162,87140.7,84947.91,0.02581334843906099,BTCUSDT_250926,False,87140.7,84947.91,0.0002646327614180964,0.0001323163807090482,0.0,0.0,0.0001323163807090482,1.14348612890087,2025
2025-04-18 00:00:00+00:00,BTCUSDT_250926,0.05824546988479455,161,86645.0,84474.69,0.025691837401238142,BTCUSDT_250926,False,86645.0,84474.69,-0.0024928176711865027,-0.0012464088355932513,0.0,0.0,-0.0012464088355932513,1.1420608776864296,2025
2025-04-19 00:00:00+00:00,BTCUSDT_250926,0.06384104604169798,160,87457.9,85077.01,0.027985116073073083,BTCUSDT_250926,False,87457.9,85077.01,0.0025686140121755434,0.0012843070060877717,0.0,0.0,0.0012843070060877717,1.143527634473021,2025
2025-04-20 00:00:00+00:00,BTCUSDT_250926,0.058276032705863894,159,87341.6,85179.24,0.025385997808855778,BTCUSDT_250926,False,87341.6,85179.24,-0.000881787628065249,-0.0004408938140326245,0.0,0.0,-0.0004408938140326245,1.1430234602128064,2025
2025-04-21 00:00:00+00:00,BTCUSDT_250926,0.059061489783673676,158,89753.7,87516.23,0.02556634352279573,BTCUSDT_250926,False,89753.7,87516.23,-0.0018184055688870444,-0.0009092027844435222,0.0,0.0,-0.0009092027844435222,1.1419842201000967,2025
2025-04-22 00:00:00+00:00,BTCUSDT_250926,0.05962712263599252,157,95839.6,93442.99,0.025647830832468015,BTCUSDT_250926,False,95839.6,93442.99,-0.0006389992443520038,-0.0003194996221760019,0.0,0.0,-0.0003194996221760019,1.1416193565732438,2025
2025-04-23 00:00:00+00:00,BTCUSDT_250926,0.06134158101666622,156,96147.4,93691.08,0.02621722366739707,BTCUSDT_250926,False,96147.4,93691.08,0.0003809327419428592,0.0001904663709714296,0.0,0.0,0.0001904663709714296,1.1418367966691212,2025
2025-04-24 00:00:00+00:00,BTCUSDT_250926,0.06065295508531148,155,96401.1,93980.47,0.025756734351296655,BTCUSDT_250926,False,96401.1,93980.47,-0.0008617747921457004,-0.0004308873960728502,0.0,0.0,-0.0004308873960728502,1.1413447935850642,2025
2025-04-25 00:00:00+00:00,BTCUSDT_250926,0.06265053871962617,154,97140.3,94638.68,0.02643337798033542,BTCUSDT_250926,False,97140.3,94638.68,-0.0006644217776493724,-0.0003322108888246862,0.0,0.0,-0.0003322108888246862,1.1409656264167318,2025
2025-04-26 00:00:00+00:00,BTCUSDT_250926,0.06465237389146243,153,97192.5,94628.0,0.027100858096969185,BTCUSDT_250926,False,97192.5,94628.0,0.0015767003423933412,0.0007883501711966706,0.0,0.0,0.0007883501711966706,1.141865106863647,2025
2025-04-27 00:00:00+00:00,BTCUSDT_250926,0.06186604088047373,152,96164.6,93749.3,0.025763392366663036,BTCUSDT_250926,False,96164.6,93749.3,-0.00045568340243608394,-0.00022784170121804197,0.0,0.0,-0.00022784170121804197,1.1416049423751375,2025
2025-04-28 00:00:00+00:00,BTCUSDT_250926,0.06253549869793026,151,97469.2,95011.18,0.02587085014626704,BTCUSDT_250926,False,97469.2,95011.18,-0.000650028765035807,-0.0003250143825179035,0.0,0.0,-0.0003250143825179035,1.1412339043497122,2025
2025-04-29 00:00:00+00:00,BTCUSDT_250926,0.0650506209170505,150,96776.6,94256.82,0.026733131883719383,BTCUSDT_250926,False,96776.6,94256.82,0.00023425360626426548,0.00011712680313213274,0.0,0.0,0.00011712680313213274,1.1413675734285547,2025
2025-04-30 00:00:00+00:00,BTCUSDT_250926,0.06497182650509258,149,96669.7,94172.0,0.02652274561440765,BTCUSDT_250926,False,96669.7,94172.0,0.001063054835832313,0.0005315274179161565,0.0,0.0,0.0005315274179161565,1.1419742415877523,2025
2025-05-01 00:00:00+00:00,BTCUSDT_250926,0.06128076332372814,148,98887.5,96489.91,0.024848090334004834,BTCUSDT_250926,False,98887.5,96489.91,0.0007278481242235165,0.00036392406211175824,0.0,0.0,0.00036392406211175824,1.142389833492578,2025
2025-05-02 00:00:00+00:00,BTCUSDT_250926,0.05964485119097384,147,99214.5,96887.14,0.024021351027597684,BTCUSDT_250926,False,99214.5,96887.14,0.0012259624961578888,0.0006129812480789444,0.0,0.0,0.0006129812480789444,1.1430900970385047,2025
2025-05-03 00:00:00+00:00,BTCUSDT_250926,0.057601254042243644,146,98065.0,95856.42,0.023040501616897458,BTCUSDT_250926,False,98065.0,95856.42,0.003234003523186032,0.001617001761593016,0.0,0.0,0.001617001761593016,1.1449384757390755,2025
2025-05-04 00:00:00+00:00,BTCUSDT_250926,0.05069266850320403,145,96176.2,94277.62,0.020138183377985164,BTCUSDT_250926,False,96176.2,94277.62,-0.002994772248175241,-0.0014973861240876205,0.0,0.0,-0.0014973861240876205,1.1432240607525697,2025
2025-05-05 00:00:00+00:00,BTCUSDT_250926,0.058353337365221344,144,96914.6,94733.68,0.023021590631758557,BTCUSDT_250926,False,96914.6,94733.68,0.0022055513941822685,0.0011027756970911342,0.0,0.0,0.0011027756970911342,1.1444847804630975,2025
2025-05-06 00:00:00+00:00,BTCUSDT_250926,0.05197941306655981,143,98806.0,96834.02,0.020364537174022063,BTCUSDT_250926,False,98806.0,96834.02,0.0011130385787969852,0.0005565192893984926,0.0,0.0,0.0005565192893984926,1.1451217083198484,2025
2025-05-07 00:00:00+00:00,BTCUSDT_250926,0.04938428319075793,142,98894.7,97030.5,0.019212515652294867,BTCUSDT_250926,False,98894.7,97030.5,-0.005370476293536478,-0.002685238146768239,0.0,0.0,-0.002685238146768239,1.1420467838259756,2025
2025-05-08 00:00:00+00:00,BTCUSDT_250926,0.05979679538141396,141,105646.9,103261.6,0.023099583969258545,BTCUSDT_250926,False,105646.9,103261.6,0.0004792681887554588,0.0002396340943777294,0.0,0.0,0.0002396340943777294,1.1423204571727548,2025
2025-05-09 00:00:00+00:00,BTCUSDT_250926,0.059140260930597245,140,105307.8,102971.99,0.022683935699407163,BTCUSDT_250926,False,105307.8,102971.99,-0.002298294905245625,-0.0011491474526228126,0.0,0.0,-0.0011491474526228126,1.1410077625293158,2025
2025-05-10 00:00:00+00:00,BTCUSDT_250926,0.06445069567912538,139,107382.0,104809.53,0.02454423753259843,BTCUSDT_250926,False,107382.0,104809.53,-0.0007282734690252093,-0.00036413673451260464,0.0,0.0,-0.00036413673451260464,1.1405922796886148,2025
2025-05-11 00:00:00+00:00,BTCUSDT_250926,0.06728792387455601,138,106766.8,104118.0,0.02544036573887323,BTCUSDT_250926,False,106766.8,104118.0,0.0017635759426805153,0.0008817879713402577,0.0,0.0,0.0008817879713402577,1.1415980402410477,2025
2025-05-12 00:00:00+00:00,BTCUSDT_250926,0.06389464916363692,137,105256.5,102791.32,0.023982375165529472,BTCUSDT_250926,False,105256.5,102791.32,-0.002112046036572016,-0.001056023018286008,0.0,0.0,-0.001056023018286008,1.140392486432923,2025
2025-05-13 00:00:00+00:00,BTCUSDT_250926,0.06914994177413242,136,106786.0,104103.72,0.02576545775693701,BTCUSDT_250926,False,106786.0,104103.72,0.0010739289623848496,0.0005369644811924248,0.0,0.0,0.0005369644811924248,1.141004836692756,2025
2025-05-14 00:00:00+00:00,BTCUSDT_250926,0.06714291051918864,135,106078.3,103507.82,0.024833679233124566,BTCUSDT_250926,False,106078.3,103507.82,0.0023794337471314546,0.0011897168735657273,0.0,0.0,0.0011897168735657273,1.1423623093997897,2025
2025-05-15 00:00:00+00:00,BTCUSDT_250926,0.06101185129922673,134,106087.9,103763.71,0.0223988714358805,BTCUSDT_250926,False,106087.9,103763.71,-7.719461842703836e-05,-3.859730921351918e-05,0.0,0.0,-3.859730921351918e-05,1.1423182172884998,2025
2025-05-16 00:00:00+00:00,BTCUSDT_250926,0.06186117569742329,133,105796.1,103463.9,0.022541195528102187,BTCUSDT_250926,False,105796.1,103463.9,0.001878432960675229,0.0009392164803376145,0.0,0.0,0.0009392164803376145,1.143391101383967,2025
2025-05-17 00:00:00+00:00,BTCUSDT_250926,0.057322517183159574,132,105264.5,103126.65,0.020730334981307025,BTCUSDT_250926,False,105264.5,103126.65,-0.004651464970499889,-0.0023257324852499445,0.0,0.0,-0.0023257324852499445,1.1407318795561328,2025
2025-05-18 00:00:00+00:00,BTCUSDT_250926,0.0685096660436768,131,109071.8,106454.26,0.024588400689648383,BTCUSDT_250926,False,109071.8,106454.26,0.0026544733860346813,0.0013272366930173406,0.0,0.0,0.0013272366930173406,1.1422459007635741,2025
2025-05-19 00:00:00+00:00,BTCUSDT_250926,0.06209734760527767,130,107908.7,105573.74,0.022116863530646843,BTCUSDT_250926,False,107908.7,105573.74,-0.0004987035601846514,-0.0002493517800923257,0.0,0.0,-0.0002493517800923257,1.1419610797149156,2025
2025-05-20 00:00:00+00:00,BTCUSDT_250926,0.06322546869376797,129,109237.6,106849.99,0.022345439620537172,BTCUSDT_250926,False,109237.6,106849.99,-0.0038474500559147573,-0.0019237250279573786,0.0,0.0,-0.0019237250279573786,1.1397642606049148,2025
2025-05-21 00:00:00+00:00,BTCUSDT_250926,0.07278735920112882,128,112442.7,109643.99,0.0255254300760123,BTCUSDT_250926,False,112442.7,109643.99,-0.0007258035757363604,-0.0003629017878681802,0.0,0.0,-0.0003629017878681802,1.139350638116993,2025
2025-05-22 00:00:00+00:00,BTCUSDT_250926,0.07406026388363182,127,114574.5,111696.21,0.025768913734852718,BTCUSDT_250926,False,114574.5,111696.21,0.0020062453327646165,0.0010031226663823082,0.0,0.0,0.0010031226663823082,1.1404935465670454,2025
2025-05-23 00:00:00+00:00,BTCUSDT_250926,0.07164438840583535,126,109972.5,107318.3,0.02473203544968563,BTCUSDT_250926,False,109972.5,107318.3,-5.674707855041039e-05,-2.8373539275205194e-05,0.0,0.0,-2.8373539275205194e-05,1.1404611867286087,2025
2025-05-24 00:00:00+00:00,BTCUSDT_250926,0.07208527391543061,125,110422.2,107761.91,0.024686737642270758,BTCUSDT_250926,False,110422.2,107761.91,-0.00020712327760344062,-0.00010356163880172031,0.0,0.0,-0.00010356163880172031,1.1403430786991213,2025
2025-05-25 00:00:00+00:00,BTCUSDT_250926,0.07244118174457036,124,111686.8,109004.19,0.024610154894045822,BTCUSDT_250926,False,111686.8,109004.19,-0.001204540852970908,-0.000602270426485454,0.0,0.0,-0.000602270426485454,1.1396562837867734,2025
2025-05-26 00:00:00+00:00,BTCUSDT_250926,0.07630316402770387,123,112248.7,109434.79,0.02571312102851391,BTCUSDT_250926,False,112248.7,109434.79,0.0006851568865805465,0.00034257844329027326,0.0,0.0,0.00034257844329027326,1.140046705462359,2025
2025-05-27 00:00:00+00:00,BTCUSDT_250926,0.07522009736438921,122,111677.1,108938.17,0.02514205994097393,BTCUSDT_250926,False,111677.1,108938.17,0.0005545347420468279,0.00027726737102341396,0.0,0.0,0.00027726737102341396,1.1403628032152264,2025
2025-05-28 00:00:00+00:00,BTCUSDT_250926,0.07496473947499524,121,110460.3,107781.78,0.024851324593080613,BTCUSDT_250926,False,110460.3,107781.78,0.0004107373249913304,0.0002053686624956652,0.0,0.0,0.0002053686624956652,1.1405969979988826,2025
2025-05-29 00:00:00+00:00,BTCUSDT_250926,0.07588341118969091,120,108224.0,105589.75,0.024947970802090165,BTCUSDT_250926,False,108224.0,105589.75,4.072364978542094e-06,2.036182489271047e-06,0.0,0.0,2.036182489271047e-06,1.1405993204625173,2025
2025-05-30 00:00:00+00:00,BTCUSDT_250926,0.07768895743340115,119,106619.3,103985.48,0.02532872858787599,BTCUSDT_250926,False,106619.3,103985.48,0.0009472476349584053,0.00047362381747920266,0.0,0.0,0.00047362381747920266,1.141139535466889,2025
2025-05-31 00:00:00+00:00,BTCUSDT_250926,0.07498004041834305,118,107127.2,104591.88,0.024240122655793093,BTCUSDT_250926,False,107127.2,104591.88,-0.0002787023237368783,-0.00013935116186843916,0.0,0.0,-0.00013935116186843916,1.1409805163467677,2025
2025-06-01 00:00:00+00:00,BTCUSDT_250926,0.07572934277873268,117,108207.4,105642.93,0.024274885219484173,BTCUSDT_250926,False,108207.4,105642.93,0.0009698708659444263,0.00048493543297221313,0.0,0.0,0.00048493543297221313,1.141533818227475,2025
2025-06-02 00:00:00+00:00,BTCUSDT_250926,0.07318145574410406,116,108320.0,105857.99,0.023257668126893345,BTCUSDT_250926,False,108320.0,105857.99,0.001367870294911025,0.0006839351474555125,0.0,0.0,0.0006839351474555125,1.1423145533277699,2025
2025-06-03 00:00:00+00:00,BTCUSDT_250926,0.06979351016601724,115,107694.1,105376.89,0.021989736079704066,BTCUSDT_250926,False,107694.1,105376.89,0.0018416751528727692,0.0009208375764363846,0.0,0.0,0.0009208375764363846,1.1433664394925844,2025
2025-06-04 00:00:00+00:00,BTCUSDT_250926,0.06492814404383801,114,106820.0,104696.86,0.02027892718081516,BTCUSDT_250926,False,106820.0,104696.86,0.000903752032295862,0.000451876016147931,0.0,0.0,0.000451876016147931,1.1438830993642595,2025
2025-06-05 00:00:00+00:00,BTCUSDT_250926,0.0645491510188514,113,103537.2,101508.68,0.019983709767480023,BTCUSDT_250926,False,103537.2,101508.68,4.886281646068497e-05,2.4431408230342485e-05,0.0,0.0,2.4431408230342485e-05,1.1439110460392277,2025
2025-06-06 00:00:00+00:00,BTCUSDT_250926,0.06323459723819815,112,106312.0,104288.44,0.019403492851173126,BTCUSDT_250926,False,106312.0,104288.44,0.0009187020152952491,0.00045935100764762455,0.0,0.0,0.00045935100764762455,1.144436502730885,2025
2025-06-07 00:00:00+00:00,BTCUSDT_250926,0.06005560045671972,111,107479.9,105552.15,0.018263483974509283,BTCUSDT_250926,False,107479.9,105552.15,-0.0016754751087496166,-0.0008377375543748083,0.0,0.0,-0.0008377375543748083,1.1434777652939498,2025
2025-06-08 00:00:00+00:00,BTCUSDT_250926,0.06604730223528359,110,107838.6,105734.0,0.019904666427071765,BTCUSDT_250926,False,107838.6,105734.0,0.0005440066582178304,0.0002720033291089152,0.0,0.0,0.0002720033291089152,1.1437887950528718,2025
2025-06-09 00:00:00+00:00,BTCUSDT_250926,0.062168630221004266,109,112310.1,110263.02,0.01856542655914922,BTCUSDT_250926,False,112310.1,110263.02,-8.370893523500377e-05,-4.1854467617501886e-05,0.0,0.0,-4.1854467617501886e-05,1.143740922381788,2025
2025-06-10 00:00:00+00:00,BTCUSDT_250926,0.06302067237645746,108,112330.7,110274.39,0.018647212648376453,BTCUSDT_250926,False,112330.7,110274.39,0.0010730505967884946,0.0005365252983942473,0.0,0.0,0.0005365252983942473,1.1443545683214547,2025
2025-06-11 00:00:00+00:00,BTCUSDT_250926,0.06084825857931053,107,110583.1,108645.12,0.01783770867941432,BTCUSDT_250926,False,110583.1,108645.12,0.0029040420775457683,0.0014520210387728842,0.0,0.0,0.0014520210387728842,1.1460161952304733,2025
2025-06-12 00:00:00+00:00,BTCUSDT_250926,0.052869457852840133,106,107294.2,105671.73,0.01535386995178371,BTCUSDT_250926,False,107294.2,105671.73,0.00027594892219521243,0.00013797446109760621,0.0,0.0,0.00013797446109760621,1.1461743161974194,2025
2025-06-13 00:00:00+00:00,BTCUSDT_250926,0.05221860198974097,105,107659.9,106066.59,0.015021789613487128,BTCUSDT_250926,False,107659.9,106066.59,-0.0004520744939570235,-0.00022603724697851176,0.0,0.0,-0.00022603724697851176,1.1459152381104285,2025
2025-06-14 00:00:00+00:00,BTCUSDT_250926,0.05464318187828396,104,107055.9,105414.64,0.015569564151620635,BTCUSDT_250926,False,107055.9,105414.64,0.0006343521165560622,0.0003171760582780311,0.0,0.0,0.0003171760582780311,1.146278694988773,2025
2025-06-15 00:00:00+00:00,BTCUSDT_250926,0.052835847688010064,103,107168.4,105594.01,0.014909841950315169,BTCUSDT_250926,False,107168.4,105594.01,0.00011856733161288292,5.928366580644146e-05,0.0,0.0,5.928366580644146e-05,1.1463466505918478,2025
2025-06-16 00:00:00+00:00,BTCUSDT_250926,0.052334558781644724,102,108356.4,106794.53,0.014624999988295237,BTCUSDT_250926,False,108356.4,106794.53,4.9066183445825236e-05,2.4533091722912618e-05,0.0,0.0,2.4533091722912618e-05,1.146374774019373,2025
2025-06-17 00:00:00+00:00,BTCUSDT_250926,0.05380566328913361,101,106107.8,104551.17,0.014888690389595876,BTCUSDT_250926,False,106107.8,104551.17,0.0007939652899150657,0.00039698264495753284,0.0,0.0,0.00039698264495753284,1.1468298649092759,2025
2025-06-18 00:00:00+00:00,BTCUSDT_250926,0.05128113380923681,100,106360.4,104886.78,0.01404962570116077,BTCUSDT_250926,False,106360.4,104886.78,0.0005530725607173255,0.00027653628035866274,0.0,0.0,0.00027653628035866274,1.1471470049743222,2025
2025-06-19 00:00:00+00:00,BTCUSDT_250926,0.049868512291424756,99,106074.2,104658.59,0.013525980046167263,BTCUSDT_250926,False,106074.2,104658.59,0.00025989266623992966,0.00012994633311996483,0.0,0.0,0.00012994633311996483,1.147296072521168,2025
2025-06-20 00:00:00+00:00,BTCUSDT_250926,0.05006020811780538,98,104686.4,103297.99,0.013440823001492951,BTCUSDT_250926,False,104686.4,103297.99,0.0006865574054246719,0.00034327870271233594,0.0,0.0,0.00034327870271233594,1.1476899148285702,2025
2025-06-21 00:00:00+00:00,BTCUSDT_250926,0.04854646473220621,97,103437.5,102120.01,0.012901389257600007,BTCUSDT_250926,False,103437.5,102120.01,0.0014175478439533522,0.0007087739219766761,0.0,0.0,0.0007087739219766761,1.1485033675107164,2025
2025-06-22 00:00:00+00:00,BTCUSDT_250926,0.04416250275965095,96,102136.6,100963.87,0.011615343191579428,BTCUSDT_250926,False,102136.6,100963.87,-0.0010205630984627828,-0.0005102815492313914,0.0,0.0,-0.0005102815492313914,1.1479173074330455,2025
2025-06-23 00:00:00+00:00,BTCUSDT_250926,0.04653431834907293,95,106609.7,105333.93,0.012111671899073776,BTCUSDT_250926,False,106609.7,105333.93,-0.0004854086427800625,-0.00024270432139003126,0.0,0.0,-0.00024270432139003126,1.147638702941933,2025
2025-06-24 00:00:00+00:00,BTCUSDT_250926,0.04856880431440555,94,107409.9,106083.0,0.012508130426175676,BTCUSDT_250926,False,107409.9,106083.0,-0.00027073140842548914,-0.00013536570421274457,0.0,0.0,-0.00013536570421274457,1.1474833520207275,2025
2025-06-25 00:00:00+00:00,BTCUSDT_250926,0.04956600836348646,93,108696.2,107340.58,0.012629147336449974,BTCUSDT_250926,False,108696.2,107340.58,0.0013199108855196516,0.0006599554427598258,0.0,0.0,0.0006599554427598258,1.1482406399043699,2025
2025-06-26 00:00:00+00:00,BTCUSDT_250926,0.045033262251435516,92,108161.0,106947.06,0.011350849663375528,BTCUSDT_250926,False,108161.0,106947.06,0.0,0.0,0.0,0.0,0.0,1.1482406399043699,2025
2025-06-27 00:00:00+00:00,BTCUSDT_251226,0.058403450524889294,182,110165.0,107047.59,0.029121720535698222,BTCUSDT_250926,True,110165.0,107047.59,0.0010556052686473373,0.0005278026343236686,-0.001,-0.0005,2.7802634323668626e-05,1.1482725640189968,2025
2025-06-28 00:00:00+00:00,BTCUSDT_251226,0.056465965578548404,181,110301.2,107296.79,0.0280009308759377,BTCUSDT_251226,False,110301.2,107296.79,-0.0017629604762640476,-0.0008814802381320238,0.0,0.0,-0.0008814802381320238,1.147260384445825,2025
2025-06-29 00:00:00+00:00,BTCUSDT_251226,0.0597640619550387,180,111550.5,108356.93,0.02947268808741635,BTCUSDT_251226,False,111550.5,108356.93,0.000990891860816008,0.000495445930408004,0.0,0.0,0.000495445930408004,1.147828789934417,2025
2025-06-30 00:00:00+00:00,BTCUSDT_251226,0.05873350399196291,179,110232.7,107146.5,0.02880355401249688,BTCUSDT_251226,False,110232.7,107146.5,0.002413891261030453,0.0012069456305152265,0.0,0.0,0.0012069456305152265,1.149214156877008,2025
2025-07-01 00:00:00+00:00,BTCUSDT_251226,0.05486396642630773,178,108508.7,105681.14,0.026755578147624047,BTCUSDT_251226,False,108508.7,105681.14,-0.0017225400861496537,-0.0008612700430748268,0.0,0.0,-0.0008612700430748268,1.1482243731506123,2025
2025-07-02 00:00:00+00:00,BTCUSDT_251226,0.0570166292584959,177,111859.2,108849.6,0.027649159941791162,BTCUSDT_251226,False,111859.2,108849.6,-0.0006781834751804966,-0.0003390917375902483,0.0,0.0,-0.0003390917375902483,1.1478350197527771,2025
2025-07-03 00:00:00+00:00,BTCUSDT_251226,0.0583529265070967,176,112668.2,109584.78,0.02813730154862745,BTCUSDT_251226,False,112668.2,109584.78,0.0010682140348321882,0.0005341070174160941,0.0,0.0,0.0005341070174160941,1.148448086491663,2025
2025-07-04 00:00:00+00:00,BTCUSDT_251226,0.05729520741704002,175,110950.6,107984.24,0.02747030492597809,BTCUSDT_251226,False,110950.6,107984.24,0.0009490273765875086,0.0004745136882937543,0.0,0.0,0.0004745136882937543,1.1489930408289981,2025
2025-07-05 00:00:00+00:00,BTCUSDT_251226,0.055523740780487704,174,111062.0,108198.12,0.026468851769328384,BTCUSDT_251226,False,111062.0,108198.12,-0.0020211072059292067,-0.0010105536029646033,0.0,0.0,-0.0010105536029646033,1.1478319217718072,2025
2025-07-06 00:00:00+00:00,BTCUSDT_251226,0.05955529633411349,173,112286.4,109203.84,0.028227578810415436,BTCUSDT_251226,False,112286.4,109203.84,0.0008781742473524208,0.0004390871236762104,0.0,0.0,0.0004390871236762104,1.1483359199888015,2025
2025-07-07 00:00:00+00:00,BTCUSDT_251226,0.05854238162049929,172,111249.6,108262.94,0.02758709490061884,BTCUSDT_251226,False,111249.6,108262.94,-0.0013324966050247181,-0.0006662483025123591,0.0,0.0,-0.0006662483025123591,1.147570843131395,2025
2025-07-08 00:00:00+00:00,BTCUSDT_251226,0.061354894024537684,171,112053.9,108922.98,0.02874434761149574,BTCUSDT_251226,False,112053.9,108922.98,-0.0034968745805522344,-0.0017484372902761172,0.0,0.0,-0.0017484372902761172,1.1455643874760304,2025
2025-07-09 00:00:00+00:00,BTCUSDT_251226,0.06778559905168212,170,114745.8,111233.99,0.031571374900783454,BTCUSDT_251226,False,114745.8,111233.99,0.0003138429179786097,0.00015692145898930484,0.0,0.0,0.00015692145898930484,1.1457441511110793,2025
2025-07-10 00:00:00+00:00,BTCUSDT_251226,0.06472960145753595,169,119486.9,116010.0,0.029970692181708423,BTCUSDT_251226,False,119486.9,116010.0,-0.002619946556331371,-0.0013099732781656854,0.0,0.0,-0.0013099732781656854,1.1442432568895091,2025
2025-07-11 00:00:00+00:00,BTCUSDT_251226,0.06989269589813998,168,121308.5,117527.66,0.032169788796952106,BTCUSDT_251226,False,121308.5,117527.66,-0.0009432673125628518,-0.0004716336562814259,0.0,0.0,-0.0004716336562814259,1.1437035932585868,2025
2025-07-12 00:00:00+00:00,BTCUSDT_251226,0.07243920437102283,167,121311.7,117420.0,0.03314341679441319,BTCUSDT_251226,False,121311.7,117420.0,-0.0019345937659683485,-0.0009672968829841743,0.0,0.0,-0.0009672968829841743,1.14259729233777,2025
2025-07-13 00:00:00+00:00,BTCUSDT_251226,0.07604992061302837,166,123205.5,119086.64,0.034587087182911536,BTCUSDT_251226,False,123205.5,119086.64,-0.00016005153894687284,-8.002576947343642e-05,0.0,0.0,-8.002576947343642e-05,1.1425058551102525,2025
2025-07-14 00:00:00+00:00,BTCUSDT_251226,0.07638092854276496,165,123979.1,119841.18,0.034528364957688275,BTCUSDT_251226,False,123979.1,119841.18,-0.00013676434093843926,-6.838217046921963e-05,0.0,0.0,-6.838217046921963e-05,1.1424277280801063,2025
2025-07-15 00:00:00+00:00,BTCUSDT_251226,0.07851581887795271,164,121912.4,117758.09,0.035278340536943134,BTCUSDT_251226,False,121912.4,117758.09,-0.00041237081885424793,-0.00020618540942712396,0.0,0.0,-0.00020618540942712396,1.1421921761512512,2025
2025-07-16 00:00:00+00:00,BTCUSDT_251226,0.07933322556933081,163,122833.3,118630.43,0.035428262377536775,BTCUSDT_251226,False,122833.3,118630.43,0.0021548434073787362,0.0010774217036893681,0.0,0.0,0.0010774217036893681,1.1434227987916208,2025
2025-07-17 00:00:00+00:00,BTCUSDT_251226,0.0746237197632355,162,123124.8,119177.56,0.03312066466203877,BTCUSDT_251226,False,123124.8,119177.56,-0.0011161497181181096,-0.0005580748590590548,0.0,0.0,-0.0005580748590590548,1.1427846832743402,2025
2025-07-18 00:00:00+00:00,BTCUSDT_251226,0.07844215758094393,161,122005.1,117924.84,0.03460051334392321,BTCUSDT_251226,False,122005.1,117924.84,-0.0013410236554061458,-0.0006705118277030729,0.0,0.0,-0.0006705118277030729,1.142018432627687,2025
2025-07-19 00:00:00+00:00,BTCUSDT_251226,0.08205066191446017,160,122078.4,117840.0,0.03596741344195514,BTCUSDT_251226,False,122078.4,117840.0,-0.0005980991174474752,-0.0002990495587237376,0.0,0.0,-0.0002990495587237376,1.1416769125193553,2025
2025-07-20 00:00:00+00:00,BTCUSDT_251226,0.08435120424598828,159,121574.0,117265.12,0.036744771164690784,BTCUSDT_251226,False,121574.0,117265.12,0.0014449309393961506,0.0007224654696980753,0.0,0.0,0.0007224654696980753,1.142501734666202,2025
2025-07-21 00:00:00+00:00,BTCUSDT_251226,0.08146703911750518,158,121519.8,117380.36,0.03526518405634471,BTCUSDT_251226,False,121519.8,117380.36,-0.002256254794243232,-0.001128127397121616,0.0,0.0,-0.001128127397121616,1.141212847158066,2025
2025-07-22 00:00:00+00:00,BTCUSDT_251226,0.08535950306398597,157,124358.7,119954.42,0.03671627940012547,BTCUSDT_251226,False,124358.7,119954.42,0.0004841005441900931,0.00024205027209504656,0.0,0.0,0.00024205027209504656,1.141489078038239,2025
2025-07-23 00:00:00+00:00,BTCUSDT_251226,0.08562950792780614,156,123102.2,118755.99,0.03659781708695276,BTCUSDT_251226,False,123102.2,118755.99,0.0020487387625668643,0.0010243693812834321,0.0,0.0,0.0010243693812834321,1.142658384498851,2025
2025-07-24 00:00:00+00:00,BTCUSDT_251226,0.08164281277622026,155,122443.9,118340.99,0.034670235562504495,BTCUSDT_251226,False,122443.9,118340.99,0.0009001107731141131,0.00045005538655705653,0.0,0.0,0.00045005538655705653,1.1431726440597891,2025
2025-07-25 00:00:00+00:00,BTCUSDT_251226,0.08053410602577452,154,121610.7,117614.31,0.03397877350128568,BTCUSDT_251226,False,121610.7,117614.31,-0.001203254944062415,-0.0006016274720312075,0.0,0.0,-0.0006016274720312075,1.1424848799918483,2025
2025-07-26 00:00:00+00:00,BTCUSDT_251226,0.08371341144553056,153,122057.9,117919.99,0.035090827263468974,BTCUSDT_251226,False,122057.9,117919.99,0.0,0.0,0.0,0.0,0.0,1.1424848799918483,2025
2025-07-27 00:00:00+00:00,BTCUSDT_250926,0.08830182213068319,61,121177.8,119415.55,0.014757290821840205,BTCUSDT_251226,True,121177.8,119415.55,0.0,0.0,-0.001,-0.0005,-0.0005,1.1419136375518524,2025
2025-07-28 00:00:00+00:00,BTCUSDT_251226,0.08358915699204018,151,122145.0,118062.32,0.03458071974191251,BTCUSDT_250926,True,122145.0,118062.32,0.0006974282734743986,0.0003487141367371993,-0.001,-0.0005,-0.00015128586326280073,1.1417408821614237,2025
2025-07-29 00:00:00+00:00,BTCUSDT_251226,0.08252732467910077,150,121951.1,117950.76,0.0339153389092195,BTCUSDT_251226,False,121951.1,117950.76,0.004607346319769511,0.0023036731598847556,0.0,0.0,0.0023036731598847556,1.144371079987202,2025
2025-07-30 00:00:00+00:00,BTCUSDT_251226,0.07186204521240136,149,121297.2,117840.3,0.029335465031911784,BTCUSDT_251226,False,121297.2,117840.3,0.001803118288055919,0.0009015591440279595,0.0,0.0,0.0009015591440279595,1.1454027981985258,2025
2025-07-31 00:00:00+00:00,BTCUSDT_251226,0.06911851427676194,148,119008.5,115764.08,0.028026137295782926,BTCUSDT_251226,False,119008.5,115764.08,0.003082562397593375,0.0015412811987966875,0.0,0.0,0.0015412811987966875,1.1471681859964382,2025
2025-08-01 00:00:00+00:00,BTCUSDT_251226,0.06328285668296574,147,116185.5,113297.93,0.02548652036272867,BTCUSDT_251226,False,116185.5,113297.93,-0.0018268647979709902,-0.0009134323989854951,0.0,0.0,-0.0009134323989854951,1.1461203254082637,2025
2025-08-02 00:00:00+00:00,BTCUSDT_251226,0.06873945712144348,146,115640.9,112546.35,0.027495782848577392,BTCUSDT_251226,False,115640.9,112546.35,-6.441790426801537e-05,-3.2208952134007685e-05,0.0,0.0,-3.2208952134007685e-05,1.1460834100735628,2025
2025-08-03 00:00:00+00:00,BTCUSDT_251226,0.06836582916854773,145,117310.6,114208.8,0.02715902802586143,BTCUSDT_251226,False,117310.6,114208.8,-0.0014033069255609382,-0.0007016534627804691,0.0,0.0,-0.0007016534627804691,1.1452792566802494,2025
2025-08-04 00:00:00+00:00,BTCUSDT_251226,0.07186510072131973,144,118317.1,115055.03,0.02835225891471244,BTCUSDT_251226,False,118317.1,115055.03,-0.00012411452154676624,-6.205726077338312e-05,0.0,0.0,-6.205726077338312e-05,1.1452081837867594,2025
2025-08-05 00:00:00+00:00,BTCUSDT_251226,0.07327372169361235,143,117406.1,114129.75,0.02870723891010018,BTCUSDT_251226,False,117406.1,114129.75,-0.0005824949235409341,-0.00029124746177046704,0.0,0.0,-0.00029124746177046704,1.1448746448100326,2025
2025-08-06 00:00:00+00:00,BTCUSDT_251226,0.07472228840582315,142,118335.1,114992.27,0.02907004096884079,BTCUSDT_251226,False,118335.1,114992.27,-0.0023693766546221445,-0.0011846883273110723,0.0,0.0,-0.0011846883273110723,1.1435183251820917,2025
2025-08-07 00:00:00+00:00,BTCUSDT_251226,0.0796677390011811,141,121087.3,117472.01,0.030775756710045298,BTCUSDT_251226,False,121087.3,117472.01,-0.00036068166365741755,-0.00018034083182870878,0.0,0.0,-0.00018034083182870878,1.143312102136117,2025
2025-08-08 00:00:00+00:00,BTCUSDT_251226,0.08173184823773434,140,120332.4,116674.74,0.031349202063788516,BTCUSDT_251226,False,120332.4,116674.74,-0.0012641125234134245,-0.0006320562617067123,0.0,0.0,-0.0006320562617067123,1.142589464562877,2025
2025-08-09 00:00:00+00:00,BTCUSDT_251226,0.0857955315776743,139,120267.4,116462.25,0.032672818874785556,BTCUSDT_251226,False,120267.4,116462.25,-0.0010590556167342727,-0.0005295278083671364,0.0,0.0,-0.0005295278083671364,1.1419844316678436,2025
2025-08-10 00:00:00+00:00,BTCUSDT_251226,0.08710052899396717,138,123222.5,119294.01,0.03293115890730813,BTCUSDT_251226,False,123222.5,119294.01,0.0005221553035228521,0.00026107765176142605,0.0,0.0,0.00026107765176142605,1.1422825782816117,2025
2025-08-11 00:00:00+00:00,BTCUSDT_251226,0.08678748844863414,137,122552.2,118686.0,0.032575029910857194,BTCUSDT_251226,False,122552.2,118686.0,-0.0013929191311528486,-0.0006964595655764243,0.0,0.0,-0.0006964595655764243,1.1414870246533761,2025
2025-08-12 00:00:00+00:00,BTCUSDT_251226,0.09006510255286533,136,124165.6,120134.08,0.03355850396490325,BTCUSDT_251226,False,124165.6,120134.08,-0.001735977001696795,-0.0008679885008483975,0.0,0.0,-0.0008679885008483975,1.1404962270421095,2025
2025-08-13 00:00:00+00:00,BTCUSDT_251226,0.09297076367358119,135,127546.5,123306.43,0.034386446838173865,BTCUSDT_251226,False,127546.5,123306.43,0.0013864645988048345,0.0006932322994024173,0.0,0.0,0.0006932322994024173,1.1412868558640417,2025
2025-08-14 00:00:00+00:00,BTCUSDT_251226,0.093695941024428,134,122364.2,118295.09,0.034397961910337956,BTCUSDT_251226,False,122364.2,118295.09,0.0020132703732674236,0.0010066351866337118,0.0,0.0,0.0010066351866337118,1.142435715371197,2025
2025-08-15 00:00:00+00:00,BTCUSDT_251226,0.0895971171331695,133,121173.0,117342.05,0.032647716654004226,BTCUSDT_251226,False,121173.0,117342.05,0.00020035443389641446,0.00010017721694820723,0.0,0.0,0.00010017721694820723,1.142550161401705,2025
2025-08-16 00:00:00+00:00,BTCUSDT_251226,0.08969236060564399,132,121188.1,117380.66,0.032436689314917826,BTCUSDT_251226,False,121188.1,117380.66,0.001918970297151166,0.000959485148575583,0.0,0.0,0.000959485148575583,1.1436464213130728,2025
2025-08-17 00:00:00+00:00,BTCUSDT_251226,0.08501265038606357,131,120987.2,117405.01,0.030511389590614595,BTCUSDT_251226,False,120987.2,117405.01,0.0047761164536334975,0.0023880582268167487,0.0,0.0,0.0023880582268167487,1.1463775155580591,2025
2025-08-18 00:00:00+00:00,BTCUSDT_251226,0.0729890496496032,130,119248.5,116227.05,0.025996099875201142,BTCUSDT_251226,False,119248.5,116227.05,0.002452010956141494,0.001226005478070747,0.0,0.0,0.001226005478070747,1.1477829806720705,2025
2025-08-19 00:00:00+00:00,BTCUSDT_251226,0.06859657327278605,129,115609.4,112872.94,0.02424372041695726,BTCUSDT_251226,False,115609.4,112872.94,0.00022768964820086274,0.00011384482410043137,0.0,0.0,0.00011384482410043137,1.1479136498236107,2025
2025-08-20 00:00:00+00:00,BTCUSDT_251226,0.06764520593720681,128,116982.0,114271.24,0.023722154410856088,BTCUSDT_251226,False,116982.0,114271.24,-0.0005131649923462756,-0.0002565824961731378,0.0,0.0,-0.0002565824961731378,1.1476191152739477,2025
2025-08-21 00:00:00+00:00,BTCUSDT_251226,0.07074932633420807,127,115269.4,112500.0,0.024616888888888837,BTCUSDT_251226,False,115269.4,112500.0,-0.004421422222222253,-0.0022107111111111266,0.0,0.0,-0.0022107111111111266,1.145082060944488,2025
2025-08-22 00:00:00+00:00,BTCUSDT_251226,0.08092784928406702,126,120202.8,116935.99,0.027936737013129983,BTCUSDT_251226,False,120202.8,116935.99,0.0,0.0,0.0,0.0,0.0,1.145082060944488,2025
2025-08-23 00:00:00+00:00,BTCUSDT_250926,0.08403597019710313,34,116341.7,115438.05,0.007828008182743854,BTCUSDT_251226,True,116341.7,115438.05,-0.000401600685389394,-0.000200800342694697,-0.001,-0.0005,-0.000700800342694697,1.1442795870437645,2025
2025-08-24 00:00:00+00:00,BTCUSDT_250926,0.09258396323207739,33,114443.6,113493.59,0.008370604894954942,BTCUSDT_250926,False,114443.6,113493.59,0.0,0.0,0.0,0.0,0.0,1.1442795870437645,2025
2025-08-25 00:00:00+00:00,BTCUSDT_251226,0.07386684346466113,123,112852.9,110111.98,0.024892114373022793,BTCUSDT_250926,True,112852.9,110111.98,-0.0018286838543816993,-0.0009143419271908496,-0.001,-0.0005,-0.0014143419271908497,1.14266118444738,2025
2025-08-26 00:00:00+00:00,BTCUSDT_251226,0.07876225247285885,122,114705.5,111763.22,0.026326013155311728,BTCUSDT_251226,False,114705.5,111763.22,0.00022180821203964592,0.00011090410601982296,0.0,0.0,0.00011090410601982296,1.1427879102645246,2025
2025-08-27 00:00:00+00:00,BTCUSDT_251226,0.07909881346927516,121,114179.5,111262.01,0.02622179843775971,BTCUSDT_251226,False,114179.5,111262.01,0.0006371447001541624,0.0003185723500770812,0.0,0.0,0.0003185723500770812,1.1431519708947373,2025
2025-08-28 00:00:00+00:00,BTCUSDT_251226,0.07691788912489685,120,115413.5,112566.9,0.025288073136952388,BTCUSDT_251226,False,115413.5,112566.9,0.0010900184690170653,0.0005450092345085327,0.0,0.0,0.0005450092345085327,1.1437749992753214,2025
2025-08-29 00:00:00+00:00,BTCUSDT_251226,0.07709005131818183,119,111101.3,108377.4,0.025133468785927777,BTCUSDT_251226,False,111101.3,108377.4,0.0018613659305354298,0.0009306829652677149,0.0,0.0,0.0009306829652677149,1.1448394911832462,2025
2025-08-30 00:00:00+00:00,BTCUSDT_251226,0.07169537460391172,118,111338.5,108816.33,0.023178230693867347,BTCUSDT_251226,False,111338.5,108816.33,0.0002060352522456717,0.00010301762612283585,0.0,0.0,0.00010301762612283585,1.1449574298299194,2025
2025-08-31 00:00:00+00:00,BTCUSDT_251226,0.07204275603394834,117,110746.1,108246.35,0.023093157413621796,BTCUSDT_251226,False,110746.1,108246.35,0.0003378404906954593,0.00016892024534772966,0.0,0.0,0.00016892024534772966,1.145150836319879,2025
2025-09-01 00:00:00+00:00,BTCUSDT_251226,0.07095117475185786,116,111700.6,109237.42,0.022548866496480854,BTCUSDT_251226,False,111700.6,109237.42,-8.065001901360973e-05,-4.0325009506804867e-05,0.0,0.0,-4.0325009506804867e-05,1.1451046581015176,2025
2025-09-02 00:00:00+00:00,BTCUSDT_251226,0.07053110930453749,115,113712.0,111240.01,0.02222213032882688,BTCUSDT_251226,False,113712.0,111240.01,-0.0006445522613669536,-0.0003222761306834768,0.0,0.0,-0.0003222761306834768,1.144735618203077,2025
2025-09-03 00:00:00+00:00,BTCUSDT_251226,0.0729082749130286,114,114249.4,111705.71,0.02277135161667195,BTCUSDT_251226,False,114249.4,111705.71,0.003268946591897486,0.001634473295948743,0.0,0.0,0.001634473295948743,1.1466066580019514,2025
2025-09-04 00:00:00+00:00,BTCUSDT_251226,0.06354907796051348,113,112909.4,110730.87,0.01967409810832335,BTCUSDT_251226,False,112909.4,110730.87,-0.0006003745838897133,-0.0003001872919448566,0.0,0.0,-0.0003001872919448566,1.14626246125436,2025
2025-09-05 00:00:00+00:00,BTCUSDT_251226,0.06611537948035998,112,112905.0,110659.99,0.020287458909041964,BTCUSDT_251226,False,112905.0,110659.99,-0.0003742996904301026,-0.0001871498452150513,0.0,0.0,-0.0001871498452150513,1.1460479384121602,2025
2025-09-06 00:00:00+00:00,BTCUSDT_251226,0.06823286599245787,111,112474.4,110187.97,0.02075026883606253,BTCUSDT_251226,False,112474.4,110187.97,-0.0006164919818380134,-0.0003082459909190067,0.0,0.0,-0.0003082459909190067,1.1456946737297435,2025
2025-09-07 00:00:00+00:00,BTCUSDT_251226,0.07029315750632999,110,113491.7,111137.34,0.02118423924848301,BTCUSDT_251226,False,113491.7,111137.34,0.0003229337682546606,0.0001614668841273303,0.0,0.0,0.0001614668841273303,1.145879665478872,2025
2025-09-08 00:00:00+00:00,BTCUSDT_251226,0.06927825825150347,109,114383.7,112065.23,0.02068857575181884,BTCUSDT_251226,False,114383.7,112065.23,-0.0003831696950071162,-0.0001915848475035581,0.0,0.0,-0.0001915848475035581,1.1456601322979039,2025
2025-09-09 00:00:00+00:00,BTCUSDT_251226,0.07154593890222459,108,113907.8,111546.39,0.021169757264219876,BTCUSDT_251226,False,113907.8,111546.39,0.0006195628563147636,0.0003097814281573818,0.0,0.0,0.0003097814281573818,1.14601503652987,2025
2025-09-10 00:00:00+00:00,BTCUSDT_251226,0.06861642714446461,107,116252.3,113960.0,0.02011495261495264,BTCUSDT_251226,False,116252.3,113960.0,-0.0019095296595296647,-0.0009547648297648323,0.0,0.0,-0.0009547648297648323,1.1449208616786095,2025
2025-09-11 00:00:00+00:00,BTCUSDT_251226,0.07483904836856088,106,117992.6,115482.69,0.021734079800184804,BTCUSDT_251226,False,117992.6,115482.69,-0.00029415663940631414,-0.00014707831970315707,0.0,0.0,-0.00014707831970315707,1.1447524686420807,2025
2025-09-12 00:00:00+00:00,BTCUSDT_251226,0.07621352781537169,105,118573.3,116029.42,0.021924439508531582,BTCUSDT_251226,False,118573.3,116029.42,-0.0013223370417606807,-0.0006611685208803403,0.0,0.0,-0.0006611685208803403,1.1439955943456144,2025
2025-09-13 00:00:00+00:00,BTCUSDT_251226,0.08166546170649142,104,118615.6,115918.29,0.023269063061575637,BTCUSDT_251226,False,118615.6,115918.29,1.8288744597680793e-05,9.144372298840397e-06,0.0,0.0,9.144372298840397e-06,1.1440060554672373,2025
2025-09-14 00:00:00+00:00,BTCUSDT_251226,0.08285834048334387,103,117963.2,115268.01,0.02338194265694361,BTCUSDT_251226,False,117963.2,115268.01,0.0019970848807055112,0.0009985424403527556,0.0,0.0,0.0009985424403527556,1.1451483940656417,2025
2025-09-15 00:00:00+00:00,BTCUSDT_251226,0.07647004529980678,102,117814.7,115349.71,0.02136971128926107,BTCUSDT_251226,False,117814.7,115349.71,0.00146554334640289,0.000732771673201445,0.0,0.0,0.000732771673201445,1.1459875263704253,2025
2025-09-16 00:00:00+00:00,BTCUSDT_251226,0.07104446268629368,101,119084.9,116788.96,0.019658878715933317,BTCUSDT_251226,False,119084.9,116788.96,0.0021785449583588933,0.0010892724791794466,0.0,0.0,0.0010892724791794466,1.1472358190443834,2025
2025-09-17 00:00:00+00:00,BTCUSDT_251226,0.0639902594806817,100,118489.1,116447.59,0.017531577939912793,BTCUSDT_251226,False,118489.1,116447.59,-0.0015239473826808426,-0.0007619736913404213,0.0,0.0,-0.0007619736913404213,1.1463616555325082,2025
2025-09-18 00:00:00+00:00,BTCUSDT_251226,0.06987959626826845,99,119292.5,117073.53,0.018953643919338566,BTCUSDT_251226,False,119292.5,117073.53,0.0008152995813828424,0.0004076497906914212,0.0,0.0,0.0004076497906914212,1.1468289696214429,2025
2025-09-19 00:00:00+00:00,BTCUSDT_251226,0.06839804362263002,98,117755.9,115632.38,0.01836440623292532,BTCUSDT_251226,False,117755.9,115632.38,0.00044235014448370066,0.00022117507224185033,0.0,0.0,0.00022117507224185033,1.147082619601648,2025
2025-09-20 00:00:00+00:00,BTCUSDT_251226,0.06740762270101355,97,117758.0,115685.63,0.0179138065808173,BTCUSDT_251226,False,117758.0,115685.63,-0.00025707600848960444,-0.00012853800424480222,0.0,0.0,-0.00012853800424480222,1.1469351758910205,2025
2025-09-21 00:00:00+00:00,BTCUSDT_251226,0.06935900862365346,96,117334.4,115232.29,0.018242369391426663,BTCUSDT_251226,False,117334.4,115232.29,0.0011203456947701535,0.0005601728473850768,0.0,0.0,0.0005601728473850768,1.1475776578342656,2025
2025-09-22 00:00:00+00:00,BTCUSDT_251226,0.06729201496820522,95,114624.0,112650.99,0.0175143600602178,BTCUSDT_251226,False,114624.0,112650.99,0.00019626991294085014,9.813495647042507e-05,0.0,0.0,9.813495647042507e-05,1.1476902753177636,2025
2025-09-23 00:00:00+00:00,BTCUSDT_251226,0.06763736032430115,94,113949.7,111998.8,0.017418936631463856,BTCUSDT_251226,False,113949.7,111998.8,0.0007901870377182613,0.00039509351885913063,0.0,0.0,0.00039509351885913063,1.1481437203071991,2025
2025-09-24 00:00:00+00:00,BTCUSDT_251226,0.06450986571737569,93,115169.4,113307.0,0.016436760306071066,BTCUSDT_251226,False,115169.4,113307.0,0.0009645476448939042,0.0004822738224469521,0.0,0.0,0.0004822738224469521,1.1486974399679102,2025
2025-09-25 00:00:00+00:00,BTCUSDT_251226,0.06381307320732653,92,110747.6,108994.49,0.01608439105499737,BTCUSDT_251226,False,110747.6,108994.49,0.0,0.0,0.0,0.0,0.0,1.1486974399679102,2025
2025-09-26 00:00:00+00:00,BTCUSDT_260327,0.07381976950613321,182,113679.3,109643.46,0.0368087617811404,BTCUSDT_251226,True,113679.3,109643.46,4.733524461926254e-05,2.366762230963127e-05,-0.001,-0.0005,-0.0004763323776903687,1.1481502781850834,2025
2025-09-27 00:00:00+00:00,BTCUSDT_260327,0.07413730411714005,181,113666.5,109635.85,0.03676397820603383,BTCUSDT_260327,False,113666.5,109635.85,0.0007743817373604909,0.00038719086868024545,0.0,0.0,0.00038719086868024545,1.1485948314886694,2025
2025-09-28 00:00:00+00:00,BTCUSDT_260327,0.07133400853542218,180,116109.7,112163.95,0.035178415168153405,BTCUSDT_260327,False,116109.7,112163.95,-0.004809834175775646,-0.002404917087887823,0.0,0.0,-0.002404917087887823,1.1458325561513627,2025
2025-09-29 00:00:00+00:00,BTCUSDT_260327,0.08000808005502971,179,118797.2,114311.96,0.03923683925986389,BTCUSDT_260327,False,118797.2,114311.96,0.001931293978337783,0.0009656469891688915,0.0,0.0,0.0009656469891688915,1.1469390259093017,2025
2025-09-30 00:00:00+00:00,BTCUSDT_260327,0.0766737510791458,178,118313.4,114048.93,0.03739158271804919,BTCUSDT_260327,False,118313.4,114048.93,-0.0010621756819638678,-0.0005310878409819339,0.0,0.0,-0.0005310878409819339,1.1463299005382936,2025
2025-10-01 00:00:00+00:00,BTCUSDT_260327,0.07625762297292918,177,122980.6,118594.99,0.03697972401700949,BTCUSDT_260327,False,122980.6,118594.99,-0.0016951812213989274,-0.0008475906106994637,0.0,0.0,-0.0008475906106994637,1.1453582820778332,2025
2025-10-02 00:00:00+00:00,BTCUSDT_260327,0.07891925616231449,176,125116.0,120529.35,0.03805421667004753,BTCUSDT_260327,False,125116.0,120529.35,-6.015132413806264e-05,-3.007566206903132e-05,0.0,0.0,-3.007566206903132e-05,1.1453238346691934,2025
2025-10-03 00:00:00+00:00,BTCUSDT_260327,0.07838833412807485,175,126825.9,122232.0,0.03758344786962493,BTCUSDT_260327,False,126825.9,122232.0,0.0003730610642057012,0.0001865305321028506,0.0,0.0,0.0001865305321028506,1.1455374725335044,2025
2025-10-04 00:00:00+00:00,BTCUSDT_260327,0.07795486708933698,174,126939.3,122391.0,0.037162046228889405,BTCUSDT_260327,False,126939.3,122391.0,-0.0009591391523886513,-0.00047956957619432565,0.0,0.0,-0.00047956957619432565,1.1449881076132868,2025
2025-10-05 00:00:00+00:00,BTCUSDT_260327,0.07971827560408656,173,128148.0,123482.31,0.03778427857399171,BTCUSDT_260327,False,128148.0,123482.31,-0.0003220704245005141,-0.00016103521225025705,0.0,0.0,-0.00016103521225025705,1.1448037242103533,2025
2025-10-06 00:00:00+00:00,BTCUSDT_260327,0.08010220428708147,172,129364.0,124658.54,0.03774679215720003,BTCUSDT_260327,False,129364.0,124658.54,0.0003682860396087063,0.00018414301980435315,0.0,0.0,0.00018414301980435315,1.1450145318252127,2025
2025-10-07 00:00:00+00:00,BTCUSDT_260327,0.08197132847602577,171,125992.5,121332.95,0.03840300594356276,BTCUSDT_260327,False,125992.5,121332.95,0.0014847574381073626,0.0007423787190536813,0.0,0.0,0.0007423787190536813,1.145864566246647,2025
2025-10-08 00:00:00+00:00,BTCUSDT_260327,0.07799730178675518,170,127785.4,123306.0,0.03632751042122844,BTCUSDT_260327,False,127785.4,123306.0,0.001697403208278497,0.0008487016041392485,0.0,0.0,0.0008487016041392485,1.1468370633421467,2025
2025-10-09 00:00:00+00:00,BTCUSDT_260327,0.07580325002173062,169,125932.5,121662.4,0.035097943160746506,BTCUSDT_260327,False,125932.5,121662.4,0.0042543957705914555,0.0021271978852957277,0.0,0.0,0.0021271978852957277,1.149276612718067,2025
2025-10-10 00:00:00+00:00,BTCUSDT_260327,0.07229252159123274,168,116527.0,112774.5,0.03327436610226603,BTCUSDT_260327,False,116527.0,112774.5,-2.7488483655487905e-05,-1.3744241827743952e-05,0.0,0.0,-1.3744241827743952e-05,1.1492608167823748,2025
2025-10-11 00:00:00+00:00,BTCUSDT_260327,0.07418673973006527,167,114400.0,110644.4,0.03394297406827644,BTCUSDT_260327,False,114400.0,110644.4,-0.0016485244621507657,-0.0008242622310753829,0.0,0.0,-0.0008242622310753829,1.1483135244974463,2025
2025-10-12 00:00:00+00:00,BTCUSDT_260327,0.07532137967416802,166,118896.8,114958.8,0.03425575075592299,BTCUSDT_260327,False,118896.8,114958.8,0.0018528377122934477,0.0009264188561467239,0.0,0.0,0.0009264188561467239,1.149377343799309,2025
2025-10-13 00:00:00+00:00,BTCUSDT_260327,0.0715502102630248,165,118891.0,115166.0,0.03234461559835368,BTCUSDT_260327,False,118891.0,115166.0,0.0025670770887240976,0.0012835385443620488,0.0,0.0,0.0012835385443620488,1.1508526139220918,2025
2025-10-14 00:00:00+00:00,BTCUSDT_260327,0.06752669798132335,164,116457.5,113028.14,0.0303407629285946,BTCUSDT_260327,False,116457.5,113028.14,0.0010850395308637248,0.0005425197654318624,0.0,0.0,0.0005425197654318624,1.1514769742122435,2025
2025-10-15 00:00:00+00:00,BTCUSDT_260327,0.06685084086448125,163,114070.0,110763.28,0.029853937153179296,BTCUSDT_260327,False,114070.0,110763.28,0.0016305042609789618,0.0008152521304894809,0.0,0.0,0.0008152521304894809,1.1524157182686794,2025
2025-10-16 00:00:00+00:00,BTCUSDT_260327,0.06509973095175187,162,111320.4,108194.28,0.028893579216941925,BTCUSDT_260327,False,111320.4,108194.28,0.002587937181152141,0.0012939685905760704,0.0,0.0,0.0012939685905760704,1.1539069080114053,2025
2025-10-17 00:00:00+00:00,BTCUSDT_260327,0.060624654716825856,161,109277.8,106431.68,0.026741286053175238,BTCUSDT_260327,False,109277.8,106431.68,-0.003095600858691709,-0.0015478004293458544,0.0,0.0,-0.0015478004293458544,1.15212089040376,2025
2025-10-18 00:00:00+00:00,BTCUSDT_260327,0.06758701321668045,160,110360.6,107185.01,0.029627183875805128,BTCUSDT_260327,False,110360.6,107185.01,-0.0007335913855863811,-0.00036679569279319055,0.0,0.0,-0.00036679569279319055,1.151698297423583,2025
2025-10-19 00:00:00+00:00,BTCUSDT_260327,0.0687609360261494,159,111897.0,108642.78,0.029953394049747267,BTCUSDT_260327,False,111897.0,108642.78,0.0004023277018499697,0.00020116385092498485,0.0,0.0,0.00020116385092498485,1.1519299774881964,2025
2025-10-20 00:00:00+00:00,BTCUSDT_260327,0.06709983040826341,158,113742.6,110532.09,0.0290459539849469,BTCUSDT_260327,False,113742.6,110532.09,0.0023403158304525643,0.0011701579152262821,0.0,0.0,0.0011701579152262821,1.1532779174691408,2025
2025-10-21 00:00:00+00:00,BTCUSDT_260327,0.06336733480393254,157,111249.5,108297.67,0.027256634422513446,BTCUSDT_260327,False,111249.5,108297.67,0.00024995920964880397,0.00012497960482440198,0.0,0.0,0.00012497960482440198,1.1534220536875188,2025
2025-10-22 00:00:00+00:00,BTCUSDT_260327,0.06361765662117133,156,110492.2,107567.44,0.027190012144938977,BTCUSDT_260327,False,110492.2,107567.44,-0.0012527954555766067,-0.0006263977277883034,0.0,0.0,-0.0006263977277883034,1.1526995527339081,2025
2025-10-23 00:00:00+00:00,BTCUSDT_260327,0.0654505382359362,155,113137.7,110078.18,0.02779406418238387,BTCUSDT_260327,False,113137.7,110078.18,0.0002971524420189942,0.0001485762210094971,0.0,0.0,0.0001485762210094971,1.1528708164774126,2025
2025-10-24 00:00:00+00:00,BTCUSDT_260327,0.06462717806582924,154,114031.7,111004.89,0.02726735732092521,BTCUSDT_260327,False,114031.7,111004.89,0.0011880557694350642,0.0005940278847175321,0.0,0.0,0.0005940278847175321,1.1535556538898775,2025
2025-10-25 00:00:00+00:00,BTCUSDT_260327,0.061857915679185145,153,114541.2,111646.27,0.02592948246278172,BTCUSDT_260327,False,114541.2,111646.27,-0.0017525887788281042,-0.0008762943894140521,0.0,0.0,-0.0008762943894140521,1.152544799542497,2025
2025-10-26 00:00:00+00:00,BTCUSDT_260327,0.06478304337267289,152,117650.0,114559.4,0.026978144089441863,BTCUSDT_260327,False,117650.0,114559.4,0.00026056351552125644,0.00013028175776062822,0.0,0.0,0.00013028175776062822,1.152694955104879,2025
2025-10-27 00:00:00+00:00,BTCUSDT_260327,0.06483791100446937,151,117168.4,114107.65,0.026823354963492807,BTCUSDT_260327,False,117168.4,114107.65,0.0010402457679217572,0.0005201228839608786,0.0,0.0,0.0005201228839608786,1.1532944981292554,2025
2025-10-28 00:00:00+00:00,BTCUSDT_260327,0.06341086466052759,150,115840.5,112898.45,0.026059259449531885,BTCUSDT_260327,False,115840.5,112898.45,0.0031492017826639214,0.0015746008913319607,0.0,0.0,0.0015746008913319607,1.1551104766739781,2025
2025-10-29 00:00:00+00:00,BTCUSDT_260327,0.05758959510131344,149,112607.8,110021.29,0.023509177178344387,BTCUSDT_260327,False,112607.8,110021.29,0.00016714946716234622,8.357473358117311e-05,0.0,0.0,8.357473358117311e-05,1.155207014724323,2025
2025-10-30 00:00:00+00:00,BTCUSDT_260327,0.05846908048594329,148,110891.0,108322.88,0.023708010717587966,BTCUSDT_260327,False,110891.0,108322.88,-4.1265520266962215e-05,-2.0632760133481107e-05,0.0,0.0,-2.0632760133481107e-05,1.1551831796150835,2025
2025-10-31 00:00:00+00:00,BTCUSDT_260327,0.0582778892654632,147,112180.6,109608.01,0.023470821156227645,BTCUSDT_260327,False,112180.6,109608.01,0.0005162943839598133,0.00025814719197990666,0.0,0.0,0.00025814719197990666,1.1554813869091234,2025
2025-11-01 00:00:00+00:00,BTCUSDT_260327,0.05713086783513975,146,112614.1,110098.1,0.0228523471340559,BTCUSDT_260327,False,112614.1,110098.1,-0.0010973849684963407,-0.0005486924842481704,0.0,0.0,-0.0005486924842481704,1.1548473829564376,2025
2025-11-02 00:00:00+00:00,BTCUSDT_260327,0.06004588006689593,145,113177.5,110540.68,0.023853842766301123,BTCUSDT_260327,False,113177.5,110540.68,0.004085011961207382,0.002042505980603691,0.0,0.0,0.002042505980603691,1.1572061656428108,2025
2025-11-03 00:00:00+00:00,BTCUSDT_260327,0.05196912269844581,144,108768.3,106583.04,0.020502886763222455,BTCUSDT_260327,False,108768.3,106583.04,0.00321045449632519,0.001605227248162595,0.0,0.0,0.001605227248162595,1.1590637445116423,2025
2025-11-04 00:00:00+00:00,BTCUSDT_260327,0.04634969346909244,143,103340.3,101497.22,0.018158921002959506,BTCUSDT_260327,False,103340.3,101497.22,-0.002859782760552405,-0.0014298913802762024,0.0,0.0,-0.0014298913802762024,1.1574064092541745,2025
2025-11-05 00:00:00+00:00,BTCUSDT_260327,0.052785067773564544,142,106018.5,103885.16,0.020535560613277166,BTCUSDT_260327,False,106018.5,103885.16,0.0023629939059630453,0.0011814969529815227,0.0,0.0,0.0011814969529815227,1.1587738814000696,2025
2025-11-06 00:00:00+00:00,BTCUSDT_260327,0.048221059995805525,141,103233.9,101346.04,0.018627861532626244,BTCUSDT_260327,False,103233.9,101346.04,-0.0015152047381426811,-0.0007576023690713406,0.0,0.0,-0.0007576023690713406,1.157895991562303,2025
2025-11-07 00:00:00+00:00,BTCUSDT_260327,0.05150300904003177,140,105380.5,103339.08,0.0197545788098752,BTCUSDT_260327,False,105380.5,103339.08,0.0018430587924723773,0.0009215293962361886,0.0,0.0,0.0009215293962361886,1.1589630267563118,2025
2025-11-08 00:00:00+00:00,BTCUSDT_260327,0.047505569993141435,139,104163.9,102312.94,0.01809116227136071,BTCUSDT_260327,False,104163.9,102312.94,-0.0011619253634975659,-0.0005809626817487829,0.0,0.0,-0.0005809626817487829,1.1582897124882399,2025
2025-11-09 00:00:00+00:00,BTCUSDT_260327,0.049751115304332544,138,106692.8,104722.96,0.01881001071780244,BTCUSDT_260327,False,106692.8,104722.96,-0.0008940732767676224,-0.0004470366383838112,0.0,0.0,-0.0004470366383838112,1.1577719145488945,2025
2025-11-10 00:00:00+00:00,BTCUSDT_260327,0.05185838560907863,137,108074.6,106011.13,0.019464654324503484,BTCUSDT_260327,False,108074.6,106011.13,0.002001299297536056,0.001000649648768028,0.0,0.0,0.001000649648768028,1.1589304386085413,2025
2025-11-11 00:00:00+00:00,BTCUSDT_260327,0.04821112004139849,136,104910.3,103058.99,0.017963595412685468,BTCUSDT_260327,False,104910.3,103058.99,0.0009487770062563084,0.0004743885031281542,0.0,0.0,0.0004743885031281542,1.1594802218845426,2025
2025-11-12 00:00:00+00:00,BTCUSDT_260327,0.04663867923784834,135,103407.9,101654.37,0.017249922457834316,BTCUSDT_260327,False,103407.9,101654.37,0.0,0.0,0.0,0.0,0.0,1.1594802218845426,2025
2025-11-13 00:00:00+00:00,BTCUSDT_251226,0.0488124721867243,43,100265.3,99692.02,0.005750510421997657,BTCUSDT_260327,True,100265.3,99692.02,0.0,0.0,-0.001,-0.0005,-0.0005,1.1589004817736004,2025
2025-11-14 00:00:00+00:00,BTCUSDT_260327,0.045595255449446884,133,96165.6,94594.0,0.01661416157472996,BTCUSDT_251226,True,96165.6,94594.0,0.00015476668710503804,7.738334355251902e-05,-0.001,-0.0005,-0.000422616656447481,1.1584107111268378,2025
2025-11-15 00:00:00+00:00,BTCUSDT_260327,0.045035561053764044,132,97153.2,95596.24,0.016286833038621516,BTCUSDT_260327,False,97153.2,95596.24,0.00048642080483500186,0.00024321040241750093,0.0,0.0,0.00024321040241750093,1.1586924486620558,2025
2025-11-16 00:00:00+00:00,BTCUSDT_260327,0.0446474569854464,131,95771.9,94261.44,0.016024155794776652,BTCUSDT_260327,False,95771.9,94261.44,0.0005028567354794726,0.0002514283677397363,0.0,0.0,0.0002514283677397363,1.1589837768131352,2025
2025-11-17 00:00:00+00:00,BTCUSDT_260327,0.04454607245287814,130,93678.2,92215.14,0.015865724435271667,BTCUSDT_260327,False,93678.2,92215.14,-0.0010693471809509868,-0.0005346735904754934,0.0,0.0,-0.0005346735904754934,1.1583640987958836,2025
2025-11-18 00:00:00+00:00,BTCUSDT_260327,0.0475326939547607,129,94522.5,92960.83,0.016799226082641453,BTCUSDT_260327,False,94522.5,92960.83,0.0,0.0,0.0,0.0,0.0,1.1583640987958836,2025
2025-11-19 00:00:00+00:00,BTCUSDT_251226,0.05045192881220451,37,92023.2,91554.96,0.005114305112470047,BTCUSDT_260327,True,92023.2,91554.96,0.0,0.0,-0.001,-0.0005,-0.0005,1.1577849167464858,2025
2025-11-20 00:00:00+00:00,BTCUSDT_260327,0.04556873774240497,127,88010.9,86637.23,0.01585542381722036,BTCUSDT_251226,True,88010.9,86637.23,0.0011923280557329494,0.0005961640278664747,-0.001,-0.0005,9.616402786647468e-05,1.157896254007483,2025
2025-11-21 00:00:00+00:00,BTCUSDT_260327,0.04322876447504827,126,86399.8,85129.43,0.014922806366728991,BTCUSDT_260327,False,86399.8,85129.43,0.0005181521830936157,0.00025907609154680785,0.0,0.0,0.00025907609154680785,1.158196237243388,2025
2025-11-22 00:00:00+00:00,BTCUSDT_260327,0.04225501753958632,125,85966.0,84739.74,0.014470896417666548,BTCUSDT_260327,False,85966.0,84739.74,-0.0019417099934459102,-0.0009708549967229551,0.0,0.0,-0.0009708549967229551,1.1570717966392745,2025
2025-11-23 00:00:00+00:00,BTCUSDT_260327,0.047148302392884964,124,88220.8,86830.0,0.01601750547045955,BTCUSDT_260327,False,88220.8,86830.0,-0.0008855234366002467,-0.00044276171830012333,0.0,0.0,-0.00044276171830012333,1.1565594895423978,2025
2025-11-24 00:00:00+00:00,BTCUSDT_260327,0.04932434598707798,123,89767.7,88300.01,0.016621628921672855,BTCUSDT_260327,False,89767.7,88300.01,0.0,0.0,0.0,0.0,0.0,1.1565594895423978,2025
2025-11-25 00:00:00+00:00,BTCUSDT_251226,0.050608706300898094,31,87745.5,87369.96,0.004298273685829701,BTCUSDT_260327,True,87745.5,87369.96,0.0,0.0,-0.001,-0.0005,-0.0005,1.1559812097976268,2025
2025-11-26 00:00:00+00:00,BTCUSDT_260327,0.05358301511769973,121,92091.3,90484.02,0.01776313651847032,BTCUSDT_251226,True,92091.3,90484.02,0.0012602225232698418,0.0006301112616349209,-0.001,-0.0005,0.0001301112616349209,1.1561316159712598,2025
2025-11-27 00:00:00+00:00,BTCUSDT_260327,0.04972924909083643,120,92827.2,91333.95,0.016349342166850335,BTCUSDT_260327,False,92827.2,91333.95,0.0003246328446321897,0.00016231642231609485,0.0,0.0,0.00016231642231609485,1.1563192751188909,2025
2025-11-28 00:00:00+00:00,BTCUSDT_260327,0.04939111787356619,119,92354.3,90890.7,0.01610285760809418,BTCUSDT_260327,False,92354.3,90890.7,-0.0003395286866531563,-0.00016976434332657814,0.0,0.0,-0.00016976434332657814,1.1561229733364744,2025
2025-11-29 00:00:00+00:00,BTCUSDT_260327,0.05090935957003562,118,92296.9,90802.44,0.01645836829935398,BTCUSDT_260327,False,92296.9,90802.44,0.0,0.0,0.0,0.0,0.0,1.1561229733364744,2025
2025-11-30 00:00:00+00:00,BTCUSDT_251226,0.04997978172778924,26,90681.7,90360.0,0.003560203629924713,BTCUSDT_260327,True,90681.7,90360.0,0.0,0.0,-0.001,-0.0005,-0.0005,1.1555449118498062,2025
2025-12-01 00:00:00+00:00,BTCUSDT_260327,0.04749000266471485,116,87588.3,86286.01,0.015092713175635404,BTCUSDT_251226,True,87588.3,86286.01,-0.0012844492403807663,-0.0006422246201903831,-0.001,-0.0005,-0.0011422246201903833,1.1542250200017556,2025
2025-12-02 00:00:00+00:00,BTCUSDT_260327,0.04913698696770767,115,92691.0,91277.88,0.0154815164418805,BTCUSDT_260327,False,92691.0,91277.88,-0.00026107091882504005,-0.00013053545941252003,0.0,0.0,-0.00013053545941252003,1.1540743527085042,2025
2025-12-03 00:00:00+00:00,BTCUSDT_260327,0.04924289229430468,114,94866.9,93429.95,0.015379971839865024,BTCUSDT_260327,False,94866.9,93429.95,0.0012309757203123278,0.0006154878601561639,0.0,0.0,0.0006154878601561639,1.1547846714623138,2025
2025-12-04 00:00:00+00:00,BTCUSDT_260327,0.04637351379732279,113,93400.0,92078.06,0.014356731668760206,BTCUSDT_260327,False,93400.0,92078.06,0.0008240833918524142,0.0004120416959262071,0.0,0.0,0.0004120416959262071,1.1552604908967725,2025
2025-12-05 00:00:00+00:00,BTCUSDT_260327,0.04545862215794738,112,90576.1,89330.04,0.01394894707312358,BTCUSDT_260327,False,90576.1,89330.04,0.0014547178082536586,0.0007273589041268293,0.0,0.0,0.0007273589041268293,1.1561007799014122,2025
2025-12-06 00:00:00+00:00,BTCUSDT_260327,0.04112756007294126,111,90352.9,89236.79,0.01250728539204515,BTCUSDT_260327,False,90352.9,89236.79,-0.0012537429909794454,-0.0006268714954897227,0.0,0.0,-0.0006268714954897227,1.1553760532765787,2025
2025-12-07 00:00:00+00:00,BTCUSDT_260327,0.04507638826515567,110,91623.3,90395.31,0.013584664956622255,BTCUSDT_260327,False,91623.3,90395.31,0.0,0.0,0.0,0.0,0.0,1.1553760532765787,2025
2025-12-08 00:00:00+00:00,BTCUSDT_251226,0.04435705299142038,18,90832.6,90634.34,0.00218747110642621,BTCUSDT_260327,True,90832.6,90634.34,9.003210041600176e-05,4.501605020800088e-05,-0.001,-0.0005,-0.0004549839497919991,1.1548503757163637,2025
2025-12-09 00:00:00+00:00,BTCUSDT_251226,0.04403983244851275,17,92868.9,92678.8,0.0020511702784238818,BTCUSDT_251226,False,92868.9,92678.8,0.0,0.0,0.0,0.0,0.0,1.1548503757163637,2025
2025-12-10 00:00:00+00:00,BTCUSDT_260327,0.042152237591586636,107,93152.4,92015.37,0.012356957321369233,BTCUSDT_251226,True,93152.4,92015.37,0.0011466562597097563,0.0005733281298548782,-0.001,-0.0005,7.332812985487815e-05,1.1549350587346772,2025
2025-12-11 00:00:00+00:00,BTCUSDT_260327,0.038393712082205426,106,93544.9,92513.38,0.011149954741681576,BTCUSDT_260327,False,93544.9,92513.38,3.06982622403587e-05,1.534913112017935e-05,0.0,0.0,1.534913112017935e-05,1.154952785984329,2025
2025-12-12 00:00:00+00:00,BTCUSDT_260327,0.03961393828592154,105,91297.1,90268.42,0.011395790465813046,BTCUSDT_260327,False,91297.1,90268.42,-9.53821945703778e-05,-4.76910972851889e-05,0.0,0.0,-4.76910972851889e-05,1.1548977050186529,2025
2025-12-13 00:00:00+00:00,BTCUSDT_260327,0.04034229320572683,104,91277.3,90240.01,0.011494790392864631,BTCUSDT_260327,False,91277.3,90240.01,0.0015897604621276794,0.0007948802310638397,0.0,0.0,0.0007948802310638397,1.1558157103732731,2025
2025-12-14 00:00:00+00:00,BTCUSDT_260327,0.03592353262081136,103,89066.0,88172.17,0.010137325643681014,BTCUSDT_260327,False,89066.0,88172.17,0.0004583078765102809,0.00022915393825514044,0.0,0.0,0.00022915393825514044,1.1560805700952022,2025
2025-12-15 00:00:00+00:00,BTCUSDT_260327,0.03533300253749277,102,87285.5,86432.08,0.009873880161162363,BTCUSDT_260327,False,87285.5,86432.08,0.00025384093498620334,0.00012692046749310167,0.0,0.0,0.00012692046749310167,1.1562273003816184,2025
2025-12-16 00:00:00+00:00,BTCUSDT_260327,0.03419914072712535,101,88694.9,87863.42,0.009463323872437425,BTCUSDT_260327,False,88694.9,87863.42,-0.0005155729198795462,-0.0002577864599397731,0.0,0.0,-0.0002577864599397731,1.1559292406389672,2025
2025-12-17 00:00:00+00:00,BTCUSDT_260327,0.03710722999442734,100,87120.0,86243.22,0.010166364382034887,BTCUSDT_260327,False,87120.0,86243.22,-0.0001833187582745365,-9.165937913726825e-05,0.0,0.0,-9.165937913726825e-05,1.1558232888824436,2025
2025-12-18 00:00:00+00:00,BTCUSDT_260327,0.038482229565204015,99,86409.0,85516.41,0.010437645827274513,BTCUSDT_260327,False,86409.0,85516.41,-0.002271727730385362,-0.001135863865192681,0.0,0.0,-0.001135863865192681,1.1545104309740537,2025
2025-12-19 00:00:00+00:00,BTCUSDT_260327,0.04592851736844777,98,89223.8,88136.94,0.01233149233454214,BTCUSDT_260327,False,89223.8,88136.94,0.000459058369850279,0.0002295291849251395,0.0,0.0,0.0002295291849251395,1.1547754248122628,2025
2025-12-20 00:00:00+00:00,BTCUSDT_260327,0.04456139011805569,97,89407.3,88360.9,0.011842342031373704,BTCUSDT_260327,False,89407.3,88360.9,-0.00010004425034145768,-5.002212517072884e-05,0.0,0.0,-5.002212517072884e-05,1.1547176604914189,2025
2025-12-21 00:00:00+00:00,BTCUSDT_260327,0.04525334993780302,96,89714.1,88658.86,0.011902250942545451,BTCUSDT_260327,False,89714.1,88658.86,0.0005755769925306826,0.0002877884962653413,0.0,0.0,0.0002877884962653413,1.1550499749505427,2025
2025-12-22 00:00:00+00:00,BTCUSDT_260327,0.043536968315401096,95,89625.0,88620.79,0.011331539698529052,BTCUSDT_260327,False,89625.0,88620.79,-5.066531228158412e-05,-2.533265614079206e-05,0.0,0.0,-2.533265614079206e-05,1.155020714466702,2025
2025-12-23 00:00:00+00:00,BTCUSDT_260327,0.044770141946115505,94,88494.7,87486.0,0.011529844775163993,BTCUSDT_260327,False,88494.7,87486.0,0.0005103673730653382,0.0002551836865326691,0.0,0.0,0.0002551836865326691,1.1553154569106412,2025
2025-12-24 00:00:00+00:00,BTCUSDT_260327,0.043157988293233335,93,88633.5,87669.45,0.01099641893498822,BTCUSDT_260327,False,88633.5,87669.45,-0.0009408066321848253,-0.00047040331609241265,0.0,0.0,-0.00047040331609241265,1.1547719926885776,2025
2025-12-25 00:00:00+00:00,BTCUSDT_260327,0.04760081593028174,92,88271.8,87225.27,0.011998013878317589,BTCUSDT_260327,False,88271.8,87225.27,0.0,0.0,0.0,0.0,0.0,1.1547719926885776,2025
2025-12-26 00:00:00+00:00,BTCUSDT_260626,0.047334683150063235,182,89431.7,87369.56,0.0236024995433192,BTCUSDT_260327,True,89431.7,87369.56,-0.0025209008721115227,-0.0012604504360557614,-0.001,-0.0005,-0.0017604504360557614,1.152739073830504,2025
2025-12-27 00:00:00+00:00,BTCUSDT_260626,0.05237558342629416,181,90159.4,87877.01,0.025972549589477378,BTCUSDT_260626,False,90159.4,87877.01,0.00014679607328479578,7.339803664239789e-05,0.0,0.0,7.339803664239789e-05,1.152823682615284,2025
2025-12-28 00:00:00+00:00,BTCUSDT_260626,0.05232381570606374,180,90222.2,87952.71,0.02580352555367527,BTCUSDT_260626,False,90222.2,87952.71,0.0029768269789525806,0.0014884134894762903,0.0,0.0,0.0014884134894762903,1.1545395609354765,2025
2025-12-29 00:00:00+00:00,BTCUSDT_260626,0.046927864713532726,179,89244.8,87237.13,0.023013939133485914,BTCUSDT_260626,False,89244.8,87237.13,0.0,0.0,0.0,0.0,0.0,1.1545395609354765,2025
2025-12-30 00:00:00+00:00,BTCUSDT_260327,0.04428463583294169,87,89419.5,88485.49,0.010555515938262813,BTCUSDT_260626,True,89419.5,88485.49,0.0,0.0,-0.001,-0.0005,-0.0005,1.153962291155009,2025
2025-12-31 00:00:00+00:00,BTCUSDT_260626,0.04278671142488919,177,89466.8,87648.22,0.02074862444439832,BTCUSDT_260327,True,89466.8,87648.22,-6.617361995505969e-06,-3.3086809977529845e-06,-0.001,-0.0005,-0.000503308680997753,1.1533814919163266,2025
2026-01-01 00:00:00+00:00,BTCUSDT_260626,0.04246657519855324,176,90658.2,88839.04,0.02047703352039828,BTCUSDT_260626,False,90658.2,88839.04,-0.0006597324779734904,-0.0003298662389867452,0.0,0.0,-0.0003298662389867452,1.153001030301471,2026
2026-01-02 00:00:00+00:00,BTCUSDT_260626,0.04351892946080185,175,91872.9,89995.13,0.020865240152439242,BTCUSDT_260626,False,91872.9,89995.13,-0.0010980594172153707,-0.0005490297086076854,0.0,0.0,-0.0005490297086076854,1.1523679984817803,2026
2026-01-03 00:00:00+00:00,BTCUSDT_260626,0.04575070240362282,174,92604.6,90628.01,0.021809923885562656,BTCUSDT_260626,False,92604.6,90628.01,0.0,0.0,0.0,0.0,0.0,1.1523679984817803,2026
2026-01-04 00:00:00+00:00,BTCUSDT_260327,0.05082322405637805,82,92574.8,91529.73,0.011417820198967123,BTCUSDT_260626,True,92574.8,91529.73,0.0,0.0,-0.001,-0.0005,-0.0005,1.1517918144825394,2026
2026-01-05 00:00:00+00:00,BTCUSDT_260626,0.04914991536118725,172,96033.6,93859.71,0.023161056005819743,BTCUSDT_260327,True,96033.6,93859.71,-0.0005917341956414909,-0.00029586709782074543,-0.001,-0.0005,-0.0007958670978207454,1.1508751412738536,2026
2026-01-06 00:00:00+00:00,BTCUSDT_260626,0.05076083091507106,171,95977.4,93747.97,0.023781101606786717,BTCUSDT_260626,False,95977.4,93747.97,0.000621773463467994,0.000310886731733997,0.0,0.0,0.000310886731733997,1.1512329330851583,2026
2026-01-07 00:00:00+00:00,BTCUSDT_260626,0.05102181527327177,170,93535.3,91364.16,0.023763585195770414,BTCUSDT_260626,False,93535.3,91364.16,0.0005530615068315501,0.00027653075341577506,0.0,0.0,0.00027653075341577506,1.1515512843955014,2026
2026-01-08 00:00:00+00:00,BTCUSDT_260626,0.05027460135257286,169,93220.6,91099.99,0.023277829119410447,BTCUSDT_260626,False,93220.6,91099.99,0.0008451153507262211,0.00042255767536311054,0.0,0.0,0.00042255767536311054,1.152037881229297,2026
2026-01-09 00:00:00+00:00,BTCUSDT_260626,0.04898438921091171,168,92684.9,90641.28,0.022546239417625118,BTCUSDT_260626,False,92684.9,90641.28,0.000349950927436005,0.0001749754637180025,0.0,0.0,0.0001749754637180025,1.1522394595917858,2026
2026-01-10 00:00:00+00:00,BTCUSDT_260626,0.04858605649282177,167,92516.6,90504.7,0.02222978475151024,BTCUSDT_260626,False,92516.6,90504.7,-0.0007132226282171303,-0.00035661131410856517,0.0,0.0,-0.00035661131410856517,1.151828557963933,2026
2026-01-11 00:00:00+00:00,BTCUSDT_260626,0.05016487365370001,166,93090.1,91013.65,0.022814709661682746,BTCUSDT_260626,False,93090.1,91013.65,6.207860029796334e-05,3.103930014898167e-05,0.0,0.0,3.103930014898167e-05,1.1518643099162638,2026
2026-01-12 00:00:00+00:00,BTCUSDT_260626,0.05017580804086712,165,93367.0,91296.2,0.022682214593816644,BTCUSDT_260626,False,93367.0,91296.2,-0.0012344434927192708,-0.0006172217463596354,0.0,0.0,-0.0006172217463596354,1.151153354215328,2026
2026-01-13 00:00:00+00:00,BTCUSDT_260626,0.050931927206060164,164,97597.5,95414.0,0.022884482361079088,BTCUSDT_260626,False,97597.5,95414.0,0.0005489760412518567,0.00027448802062592835,0.0,0.0,0.00027448802062592835,1.1514693320209637,2026
2026-01-14 00:00:00+00:00,BTCUSDT_260626,0.049221787132743756,163,99082.9,96951.78,0.02198123644558146,BTCUSDT_260626,False,99082.9,96951.78,8.58158560883816e-05,4.29079280441908e-05,0.0,0.0,4.29079280441908e-05,1.1515187391842072,2026
2026-01-15 00:00:00+00:00,BTCUSDT_260626,0.050027319254387415,162,97727.6,95604.8,0.022203906080029485,BTCUSDT_260626,False,97727.6,95604.8,-0.0001585694442118904,-7.92847221059452e-05,0.0,0.0,-7.92847221059452e-05,1.1514274413409713,2026
2026-01-16 00:00:00+00:00,BTCUSDT_260626,0.050726114785584954,161,97688.9,95550.94,0.0223750807684361,BTCUSDT_260626,False,97688.9,95550.94,0.0002588148269393888,0.0001294074134696944,0.0,0.0,0.0001294074134696944,1.1515764445879533,2026
2026-01-17 00:00:00+00:00,BTCUSDT_260626,0.050666515226788715,160,97261.0,95147.77,0.022209979277496423,BTCUSDT_260626,False,97261.0,95147.77,0.0006502517084740434,0.0003251258542370217,0.0,0.0,0.0003251258542370217,1.151950851863219,2026
2026-01-18 00:00:00+00:00,BTCUSDT_260626,0.050271581110080364,159,95724.5,93673.14,0.02189912711370624,BTCUSDT_260626,False,95724.5,93673.14,0.0010521692771268015,0.0005260846385634007,0.0,0.0,0.0005260846385634007,1.1525568755107642,2026
2026-01-19 00:00:00+00:00,BTCUSDT_260626,0.04870092290781082,158,94583.8,92631.0,0.02108149539570989,BTCUSDT_260626,False,94583.8,92631.0,0.001985944230333327,0.0009929721151666635,0.0,0.0,0.0009929721151666635,1.1537013323492902,2026
2026-01-20 00:00:00+00:00,BTCUSDT_260626,0.04650435551025109,157,90196.5,88427.66,0.020003243329066906,BTCUSDT_260626,False,90196.5,88427.66,5.7335001287972935e-05,2.8667500643986468e-05,0.0,0.0,2.8667500643986468e-05,1.1537344060829784,2026
2026-01-21 00:00:00+00:00,BTCUSDT_260626,0.04613249127555425,156,91218.5,89454.73,0.01971690038078483,BTCUSDT_260626,False,91218.5,89454.73,-1.7438988413443e-05,-8.7194942067215e-06,0.0,0.0,-8.7194942067215e-06,1.1537243461025084,2026
2026-01-22 00:00:00+00:00,BTCUSDT_260626,0.046416734444810294,155,91325.0,89559.67,0.01971121599711122,BTCUSDT_260626,False,91325.0,89559.67,-0.00039649543148170726,-0.00019824771574085363,0.0,0.0,-0.00019824771574085363,1.153495622886299,2026
2026-01-23 00:00:00+00:00,BTCUSDT_260626,0.04763629787820595,154,91401.1,89600.26,0.02009860239244854,BTCUSDT_260626,False,91401.1,89600.26,0.000834595792467716,0.000417297896233858,0.0,0.0,0.000417297896233858,1.1539769741830443,2026
2026-01-24 00:00:00+00:00,BTCUSDT_260626,0.046149724244270766,153,90951.4,89225.34,0.01934495290239295,BTCUSDT_260626,False,90951.4,89225.34,0.0005706898959420973,0.00028534494797104865,0.0,0.0,0.00028534494797104865,1.1543062556827022,2026
2026-01-25 00:00:00+00:00,BTCUSDT_260626,0.04641194673218094,152,88345.5,86670.36,0.019327714803538367,BTCUSDT_260626,False,88345.5,86670.36,0.00016060854022065046,8.030427011032523e-05,0.0,0.0,8.030427011032523e-05,1.1543989514040485,2026
2026-01-26 00:00:00+00:00,BTCUSDT_260626,0.04545177710547392,151,90008.3,88347.08,0.018803337925826197,BTCUSDT_260626,False,90008.3,88347.08,0.00043261192107312614,0.00021630596053656307,0.0,0.0,0.00021630596053656307,1.154648654778074,2026
2026-01-27 00:00:00+00:00,BTCUSDT_260626,0.044249859943977586,150,90873.0,89250.0,0.018184873949579832,BTCUSDT_260626,False,90873.0,89250.0,0.00030913165266118836,0.00015456582633059418,0.0,0.0,0.00015456582633059418,1.1548271240015215,2026
2026-01-28 00:00:00+00:00,BTCUSDT_260626,0.04376505672079864,149,90895.4,89299.99,0.017865735483284923,BTCUSDT_260626,False,90895.4,89299.99,0.0,0.0,0.0,0.0,0.0,1.1548271240015215,2026
2026-01-29 00:00:00+00:00,BTCUSDT_260327,0.04322757396597471,57,85221.6,84650.16,0.006750607441261804,BTCUSDT_260626,True,85221.6,84650.16,0.0,0.0,-0.001,-0.0005,-0.0005,1.1542497104395208,2026
2026-01-30 00:00:00+00:00,BTCUSDT_260626,0.04683388285977616,147,85849.8,84260.49,0.01886186515174547,BTCUSDT_260327,True,85849.8,84260.49,0.004217872457185973,0.0021089362285929866,-0.001,-0.0005,0.0016089362285929866,1.15610682461549,2026
2026-01-31 00:00:00+00:00,BTCUSDT_260626,0.03917617853651771,146,79975.0,78741.09,0.015670471414607083,BTCUSDT_260626,False,79975.0,78741.09,0.00017805189133150273,8.902594566575136e-05,0.0,0.0,8.902594566575136e-05,1.156209748118842,2026
2026-02-01 00:00:00+00:00,BTCUSDT_260626,0.039896440182341446,145,78188.1,76968.21,0.01584927075736852,BTCUSDT_260626,False,78188.1,76968.21,0.0011017535681290094,0.0005508767840645047,0.0,0.0,0.0005508767840645047,1.1568466772265897,2026
2026-02-02 00:00:00+00:00,BTCUSDT_260626,0.03654036878758989,144,79873.7,78738.61,0.014415926316199848,BTCUSDT_260626,False,79873.7,78738.61,-0.0016408722480622541,-0.0008204361240311271,0.0,0.0,-0.0008204361240311271,1.1558975584226276,2026
2026-02-03 00:00:00+00:00,BTCUSDT_260626,0.04258974491536845,143,77034.5,75770.21,0.016685845268212842,BTCUSDT_260626,False,77034.5,75770.21,0.0,0.0,0.0,0.0,0.0,1.1558975584226276,2026
2026-02-04 00:00:00+00:00,BTCUSDT_260327,0.04334956444483833,51,73609.0,73165.83,0.00605706242927878,BTCUSDT_260626,True,73609.0,73165.83,0.0,0.0,-0.001,-0.0005,-0.0005,1.1553196096434164,2026
2026-02-05 00:00:00+00:00,BTCUSDT_260626,0.03489154141839783,141,63757.8,62909.86,0.013478650246559162,BTCUSDT_260327,True,63757.8,62909.86,0.0002781757899318167,0.00013908789496590835,-0.001,-0.0005,-0.0003609121050340917,1.154902640811113,2026
2026-02-06 00:00:00+00:00,BTCUSDT_260626,0.030675371758133514,140,71410.7,70580.26,0.011765896016818335,BTCUSDT_260626,False,71410.7,70580.26,-0.0026321807258856632,-0.0013160903629428316,0.0,0.0,-0.0013160903629428316,1.1533826845754043,2026
2026-02-07 00:00:00+00:00,BTCUSDT_260626,0.038512270811291396,139,70305.6,69289.38,0.014666316829505489,BTCUSDT_260626,False,70305.6,69289.38,-0.0003752378791670527,-0.00018761893958352634,0.0,0.0,-0.00018761893958352634,1.1531662881391902,2026
2026-02-08 00:00:00+00:00,BTCUSDT_260626,0.0391949592311544,138,71372.6,70330.38,0.014818916092874815,BTCUSDT_260626,False,71372.6,70330.38,0.000935868681500185,0.0004679343407500925,0.0,0.0,0.0004679343407500925,1.153705894246006,2026
2026-02-09 00:00:00+00:00,BTCUSDT_260626,0.03708913376819358,137,71114.4,70138.0,0.013921126921212383,BTCUSDT_260626,False,71114.4,70138.0,0.0012744874390485167,0.0006372437195242583,0.0,0.0,0.0006372437195242583,1.1544410860812924,2026
2026-02-10 00:00:00+00:00,BTCUSDT_260626,0.034580675475772676,136,69728.3,68841.29,0.012884854423849545,BTCUSDT_260626,False,69728.3,68841.29,0.000890889755261941,0.0004454448776309705,0.0,0.0,0.0004454448776309705,1.154955325949614,2026
2026-02-11 00:00:00+00:00,BTCUSDT_260626,0.033278327559460426,135,67908.2,67082.52,0.012308422521992211,BTCUSDT_260626,False,67908.2,67082.52,0.0005851002615880477,0.00029255013079402387,0.0,0.0,0.00029255013079402387,1.1552932082812817,2026
2026-02-12 00:00:00+00:00,BTCUSDT_260626,0.032323393332532625,134,67058.6,66272.17,0.011866670428929785,BTCUSDT_260626,False,67058.6,66272.17,-2.8820544128688415e-05,-1.4410272064344207e-05,0.0,0.0,-1.4410272064344207e-05,1.1552765601918362,2026
2026-02-13 00:00:00+00:00,BTCUSDT_260626,0.03142142403551227,133,69642.3,68853.96,0.011449450401981184,BTCUSDT_260626,False,69642.3,68853.96,0.000567723337916897,0.0002838616689584485,0.0,0.0,0.0002838616689584485,1.1556044989243208,2026
2026-02-14 00:00:00+00:00,BTCUSDT_260626,0.029672045834890574,132,70572.2,69822.95,0.010730712466316591,BTCUSDT_260626,False,70572.2,69822.95,-0.0013372394033766169,-0.0006686197016883084,0.0,0.0,-0.0006686197016883084,1.1548318389889805,2026
2026-02-15 00:00:00+00:00,BTCUSDT_260626,0.034108237919705506,131,69675.2,68832.58,0.01224158676022307,BTCUSDT_260626,False,69675.2,68832.58,0.0011745891262537487,0.0005872945631268744,0.0,0.0,0.0005872945631268744,1.1555100654493444,2026
2026-02-16 00:00:00+00:00,BTCUSDT_260626,0.031045729831721432,130,69654.2,68892.43,0.011057383227736401,BTCUSDT_260626,False,69654.2,68892.43,-0.0013428180715935665,-0.0006714090357967833,0.0,0.0,-0.0006714090357967833,1.1547342455504477,2026
2026-02-17 00:00:00+00:00,BTCUSDT_260626,0.035807745095504634,129,68357.8,67503.52,0.012655340047452323,BTCUSDT_260626,False,68357.8,67503.52,0.0009922445525803087,0.0004961222762901544,0.0,0.0,0.0004961222762901544,1.1553071349328605,2026
2026-02-18 00:00:00+00:00,BTCUSDT_260626,0.03377973783497101,128,67248.3,66461.0,0.011846045048976135,BTCUSDT_260626,False,67248.3,66461.0,-0.000974556506823612,-0.000487278253411806,0.0,0.0,-0.000487278253411806,1.1547441788899964,2026
2026-02-19 00:00:00+00:00,BTCUSDT_260626,0.036548153340496374,127,67855.8,67003.73,0.012716754723953533,BTCUSDT_260626,False,67855.8,67003.73,0.0,0.0,0.0,0.0,0.0,1.1547441788899964,2026
2026-02-20 00:00:00+00:00,BTCUSDT_260327,0.0420684400705867,35,68294.4,68020.01,0.004033960006768588,BTCUSDT_260626,True,68294.4,68020.01,0.00030167593330241387,0.00015083796665120693,-0.001,-0.0005,-0.0003491620333487931,1.1543409860644975,2026
2026-02-21 00:00:00+00:00,BTCUSDT_260327,0.04009314940813852,34,68229.8,67975.93,0.0037347043284293416,BTCUSDT_260327,False,68229.8,67975.93,0.0,0.0,0.0,0.0,0.0,1.1543409860644975,2026
2026-02-22 00:00:00+00:00,BTCUSDT_260626,0.041627097205297066,124,68600.0,67643.4,0.014141808365635168,BTCUSDT_260327,True,68600.0,67643.4,0.0,0.0,-0.001,-0.0005,-0.0005,1.1537638155714653,2026
2026-02-23 00:00:00+00:00,BTCUSDT_260327,0.03443255361217724,32,64851.2,64656.02,0.0030187444262730727,BTCUSDT_260626,True,64851.2,64656.02,0.0,0.0,-0.001,-0.0005,-0.0005,1.1531869336636797,2026
2026-02-24 00:00:00+00:00,BTCUSDT_260626,0.03153720742691486,122,64733.4,64058.15,0.010541203578311268,BTCUSDT_260327,True,64733.4,64058.15,0.0017560607042193801,0.0008780303521096901,-0.001,-0.0005,0.00037803035210969005,1.153622873326261,2026
2026-02-25 00:00:00+00:00,BTCUSDT_260626,0.02496883007925874,121,68550.8,67988.04,0.008277338190658377,BTCUSDT_260626,False,68550.8,67988.04,0.00022415707233221078,0.00011207853616610539,0.0,0.0,0.00011207853616610539,1.1537521696891913,2026
2026-02-26 00:00:00+00:00,BTCUSDT_260626,0.02467761563847567,120,68032.7,67485.18,0.008113188703060496,BTCUSDT_260626,False,68032.7,67485.18,-0.001499292140881791,-0.0007496460704408955,0.0,0.0,-0.0007496460704408955,1.1528872639089212,2026
2026-02-27 00:00:00+00:00,BTCUSDT_260626,0.030205657388083947,119,66520.8,65872.1,0.009847871860772574,BTCUSDT_260626,False,66520.8,65872.1,0.0002529143597970755,0.00012645717989853776,0.0,0.0,0.00012645717989853776,1.1530330547810559,2026
2026-02-28 00:00:00+00:00,BTCUSDT_260626,0.029191336707379525,118,67605.3,66973.26,0.009437199264303517,BTCUSDT_260626,False,67605.3,66973.26,0.00029131029309323325,0.00014565514654661663,0.0,0.0,0.00014565514654661663,1.153200999979623,2026
2026-03-01 00:00:00+00:00,BTCUSDT_260626,0.029051181798509167,117,66389.0,65776.47,0.009312296631302938,BTCUSDT_260626,False,66389.0,65776.47,0.00047874262635241274,0.00023937131317620637,0.0,0.0,0.00023937131317620637,1.1534770432173445,2026
2026-03-02 00:00:00+00:00,BTCUSDT_260626,0.02656212145962286,116,69411.1,68830.06,0.008441660518674662,BTCUSDT_260626,False,69411.1,68830.06,0.0,0.0,0.0,0.0,0.0,1.1534770432173445,2026
2026-03-03 00:00:00+00:00,BTCUSDT_260327,0.022121050269736382,24,68437.4,68338.0,0.0014545348122566389,BTCUSDT_260626,True,68437.4,68338.0,-0.0007540460651467534,-0.0003770230325733767,-0.001,-0.0005,-0.0008770230325733767,1.152465417282898,2026
2026-03-04 00:00:00+00:00,BTCUSDT_260327,0.03296133126958524,23,72817.7,72666.77,0.002077015395069755,BTCUSDT_260327,False,72817.7,72666.77,0.0,0.0,0.0,0.0,0.0,1.152465417282898,2026
2026-03-05 00:00:00+00:00,BTCUSDT_260626,0.027574624093988462,113,71495.9,70890.72,0.008536801431837524,BTCUSDT_260327,True,71495.9,70890.72,0.0,0.0,-0.001,-0.0005,-0.0005,1.1518891845742567,2026
2026-03-06 00:00:00+00:00,BTCUSDT_260327,0.02500198511680331,21,68212.0,68114.02,0.0014384703765832044,BTCUSDT_260626,True,68212.0,68114.02,9.821766502699926e-05,4.910883251349963e-05,-0.001,-0.0005,-0.0004508911674865004,1.151369807915009,2026
2026-03-07 00:00:00+00:00,BTCUSDT_260327,0.024769111238272076,20,67354.2,67262.91,0.0013572115746998397,BTCUSDT_260327,False,67354.2,67262.91,0.0,0.0,0.0,0.0,0.0,1.151369807915009,2026
2026-03-08 00:00:00+00:00,BTCUSDT_260626,0.01982221718788614,110,66365.3,65971.2,0.005973818878541028,BTCUSDT_260327,True,66365.3,65971.2,-0.0022258197516491517,-0.0011129098758245759,-0.001,-0.0005,-0.0016129098758245759,1.1495127521810966,2026
2026-03-09 00:00:00+00:00,BTCUSDT_260626,0.02647007762367827,109,68973.1,68432.16,0.007904762906797072,BTCUSDT_260626,False,68973.1,68432.16,-0.0002941599388356308,-0.0001470799694178154,0.0,0.0,-0.0001470799694178154,1.1493436818806604,2026
2026-03-10 00:00:00+00:00,BTCUSDT_260626,0.02710859092302838,108,70509.7,69948.63,0.008021172108731685,BTCUSDT_260626,False,70509.7,69948.63,0.0006437581407955929,0.00032187907039779644,0.0,0.0,0.00032187907039779644,1.1497136315565517,2026
2026-03-11 00:00:00+00:00,BTCUSDT_260626,0.025078739393513145,107,70707.9,70191.86,0.007351849630427141,BTCUSDT_260626,False,70707.9,70191.86,0.0004641563850849257,0.00023207819254246286,0.0,0.0,0.00023207819254246286,1.1499804550181048,2026
2026-03-12 00:00:00+00:00,BTCUSDT_260626,0.023599556510021834,106,71024.8,70541.34,0.006853569835787163,BTCUSDT_260626,False,71024.8,70541.34,0.0,0.0,0.0,0.0,0.0,1.1499804550181048,2026
2026-03-13 00:00:00+00:00,BTCUSDT_260327,0.03782250105737838,14,71032.9,70930.0,0.001450726067954239,BTCUSDT_260626,True,71032.9,70930.0,0.0,0.0,-0.001,-0.0005,-0.0005,1.1494054647905958,2026
2026-03-14 00:00:00+00:00,BTCUSDT_260626,0.023195551880959044,104,71682.6,71211.95,0.006609143549643125,BTCUSDT_260327,True,71682.6,71211.95,0.00014168970236050354,7.084485118025177e-05,-0.001,-0.0005,-0.00042915514881974827,1.1489121915172995,2026
2026-03-15 00:00:00+00:00,BTCUSDT_260626,0.022414010492831583,103,73275.8,72815.24,0.006325049536333296,BTCUSDT_260626,False,73275.8,72815.24,-0.00012593517510892297,-6.296758755446149e-05,0.0,0.0,-6.296758755446149e-05,1.1488398472882877,2026
2026-03-16 00:00:00+00:00,BTCUSDT_260626,0.02244647093493817,102,75354.4,74884.67,0.0062727124256539545,BTCUSDT_260626,False,75354.4,74884.67,-0.0005489775143564175,-0.00027448875717820873,0.0,0.0,-0.00027448875717820873,1.1485245036664087,2026
2026-03-17 00:00:00+00:00,BTCUSDT_260626,0.024977958820033577,101,74420.2,73909.36,0.006911709152940798,BTCUSDT_260626,False,74420.2,73909.36,0.0011173145052262284,0.0005586572526131142,0.0,0.0,0.0005586572526131142,1.1491661352101856,2026
2026-03-18 00:00:00+00:00,BTCUSDT_260626,0.021939998770467085,100,71674.8,71246.54,0.006010958567251257,BTCUSDT_260626,False,71674.8,71246.54,-3.1440123267609726e-05,-1.5720061633804863e-05,0.0,0.0,-1.5720061633804863e-05,1.1491480702477126,2026
2026-03-19 00:00:00+00:00,BTCUSDT_260626,0.02269693936360603,99,70360.5,69930.0,0.006156156156156156,BTCUSDT_260626,False,70360.5,69930.0,-0.00043143143143140647,-0.00021571571571570323,0.0,0.0,-0.00021571571571570323,1.1489001809492758,2026
2026-03-20 00:00:00+00:00,BTCUSDT_260626,0.02433332791031532,98,70971.4,70510.73,0.0065333318772901414,BTCUSDT_260626,False,70971.4,70510.73,0.0002650660403031961,0.00013253302015159805,0.0,0.0,0.00013253302015159805,1.1490524481601097,2026
2026-03-21 00:00:00+00:00,BTCUSDT_260626,0.024131833813179182,97,69360.1,68918.12,0.006413117479118852,BTCUSDT_260626,False,69360.1,68918.12,0.0011895275146798908,0.0005947637573399454,0.0,0.0,0.0005947637573399454,1.1497358629115582,2026
2026-03-22 00:00:00+00:00,BTCUSDT_260626,0.020170500596825774,96,68219.0,67859.0,0.005305117965192532,BTCUSDT_260626,False,68219.0,67859.0,-0.0014449078235753976,-0.0007224539117876988,0.0,0.0,-0.0007224539117876988,1.1489052317398751,2026
2026-03-23 00:00:00+00:00,BTCUSDT_260626,0.02481969293046662,95,71364.5,70906.45,0.006459920077792682,BTCUSDT_260626,False,71364.5,70906.45,0.0007938628996375951,0.00039693144981879755,0.0,0.0,0.00039693144981879755,1.1493612683592143,2026
2026-03-24 00:00:00+00:00,BTCUSDT_260626,0.022110226916873896,94,70958.5,70556.74,0.005694140630646976,BTCUSDT_260626,False,70958.5,70556.74,0.001023148178331195,0.0005115740891655975,0.0,0.0,0.0005115740891655975,1.1499492518031975,2026
2026-03-25 00:00:00+00:00,BTCUSDT_260626,0.01813199570982785,93,71666.1,71336.53,0.004619933153462987,BTCUSDT_260626,False,71666.1,71336.53,-0.0004600728406609129,-0.00023003642033045645,0.0,0.0,-0.00023003642033045645,1.149684721593751,2026
2026-03-26 00:00:00+00:00,BTCUSDT_260626,0.020891259205060346,92,69182.7,68820.31,0.005265742046206991,BTCUSDT_260626,False,69182.7,68820.31,0.0,0.0,0.0,0.0,0.0,1.149684721593751,2026
2026-03-27 00:00:00+00:00,BTCUSDT_260925,0.02955726514348404,182,67386.0,66407.28,0.014738143167435878,BTCUSDT_260626,True,67386.0,66407.28,0.0007401296966235355,0.00037006484831176775,-0.001,-0.0005,-0.00012993515168823226,1.149535337135057,2026
2026-03-28 00:00:00+00:00,BTCUSDT_260925,0.028240902576826276,181,67306.6,66377.03,0.014004392784672755,BTCUSDT_260925,False,67306.6,66377.03,0.0013905412761011289,0.0006952706380505644,0.0,0.0,0.0006952706380505644,1.1503345753023684,2026
2026-03-29 00:00:00+00:00,BTCUSDT_260925,0.02571994516665662,180,66848.2,66010.93,0.012683808575337512,BTCUSDT_260925,False,66848.2,66010.93,-0.0012037400472922652,-0.0006018700236461326,0.0,0.0,-0.0006018700236461326,1.1496422234043302,2026
2026-03-30 00:00:00+00:00,BTCUSDT_260925,0.027984781085487864,179,67714.1,66797.37,0.013724043326855692,BTCUSDT_260925,False,67714.1,66797.37,-0.0002274041627685009,-0.00011370208138425044,0.0,0.0,-0.00011370208138425044,1.1495115066906818,2026
2026-03-31 00:00:00+00:00,BTCUSDT_260925,0.027985269135267547,178,69216.4,68284.48,0.013647610701582531,BTCUSDT_260925,False,69216.4,68284.48,0.0002993359545244004,0.0001496679772622002,0.0,0.0,0.0001496679772622002,1.1496835517527277,2026
2026-04-01 00:00:00+00:00,BTCUSDT_260925,0.0275950297636299,177,69025.4,68113.92,0.013381699364828746,BTCUSDT_260925,False,69025.4,68113.92,-0.00019423342541430484,-9.711671270715242e-05,0.0,0.0,-9.711671270715242e-05,1.149571898265528,2026
2026-04-02 00:00:00+00:00,BTCUSDT_260925,0.028664654716276765,176,67826.7,66901.99,0.01382186090428688,BTCUSDT_260925,False,67826.7,66901.99,-0.00047965688315117466,-0.00023982844157558733,0.0,0.0,-0.00023982844157558733,1.149296198228688,2026
2026-04-03 00:00:00+00:00,BTCUSDT_260925,0.029801124309093575,175,67921.1,66964.3,0.01428821028518185,BTCUSDT_260925,False,67921.1,66964.3,7.765331676790089e-06,3.882665838395044e-06,0.0,0.0,3.882665838395044e-06,1.149300660561775,2026
2026-04-04 00:00:00+00:00,BTCUSDT_260925,0.029806495340926723,174,68256.7,67300.42,0.014209123806359587,BTCUSDT_260925,False,68256.7,67300.42,9.598751389652325e-05,4.7993756948261625e-05,0.0,0.0,4.7993756948261625e-05,1.1493558198183385,2026
2026-04-05 00:00:00+00:00,BTCUSDT_260925,0.029028453605583416,173,69984.0,69034.18,0.013758691708947756,BTCUSDT_260925,False,69984.0,69034.18,-0.0014256705881055402,-0.0007128352940527701,0.0,0.0,-0.0007128352940527701,1.148536518424547,2026
2026-04-06 00:00:00+00:00,BTCUSDT_260925,0.03230711033658421,172,69901.9,68853.66,0.015224172542171188,BTCUSDT_260925,False,69901.9,68853.66,0.0006311937520821965,0.00031559687604109824,0.0,0.0,0.00031559687604109824,1.148898992961781,2026
2026-04-07 00:00:00+00:00,BTCUSDT_260925,0.029818965682953724,171,72929.0,71924.22,0.013969981182972841,BTCUSDT_260925,False,72929.0,71924.22,0.0009455785547621478,0.0004727892773810739,0.0,0.0,0.0004727892773810739,1.1494421800864472,2026
2026-04-08 00:00:00+00:00,BTCUSDT_260925,0.02830029935470115,170,72006.7,71069.93,0.013180961343285467,BTCUSDT_260925,False,72006.7,71069.93,0.0009362609474922539,0.00046813047374612694,0.0,0.0,0.00046813047374612694,1.1499802689987548,2026
2026-04-09 00:00:00+00:00,BTCUSDT_260925,0.026181139101751426,169,72658.2,71787.97,0.012122226049852029,BTCUSDT_260925,False,72658.2,71787.97,-0.0005205607569069009,-0.00026028037845345043,0.0,0.0,-0.00026028037845345043,1.1496809516991258,2026
2026-04-10 00:00:00+00:00,BTCUSDT_260925,0.027025713791006364,168,73870.3,72962.7,0.01243923264901115,BTCUSDT_260925,False,73870.3,72962.7,0.0020881902670818807,0.0010440951335409403,0.0,0.0,0.0010440951335409403,1.1508813279859194,2026
2026-04-11 00:00:00+00:00,BTCUSDT_260925,0.02259861500374553,167,73798.4,73043.16,0.010339640289384942,BTCUSDT_260925,False,73798.4,73043.16,0.0013953394130262668,0.0006976697065131334,0.0,0.0,0.0006976697065131334,1.1516842630242468,2026
2026-04-12 00:00:00+00:00,BTCUSDT_260925,0.020306714261943994,166,71394.3,70740.98,0.009235382376664941,BTCUSDT_260925,False,71394.3,70740.98,0.0002008736661551254,0.0001004368330775627,0.0,0.0,0.0001004368330775627,1.1517999345443302,2026
2026-04-13 00:00:00+00:00,BTCUSDT_260925,0.01899794374826287,165,75057.1,74417.99,0.008588111557433902,BTCUSDT_260925,False,75057.1,74417.99,-0.0021613053510313365,-0.0010806526755156682,0.0,0.0,-0.0010806526755156682,1.150555238863406,2026
2026-04-14 00:00:00+00:00,BTCUSDT_260925,0.024016448116763206,164,74931.5,74131.55,0.01079095203054566,BTCUSDT_260925,False,74931.5,74131.55,0.0005954279925348845,0.00029771399626744226,0.0,0.0,0.00029771399626744226,1.1508977752614944,2026
2026-04-15 00:00:00+00:00,BTCUSDT_260925,0.02262342202505464,163,75565.8,74809.99,0.010103062438586045,BTCUSDT_260925,False,75565.8,74809.99,-4.9458635136986936e-05,-2.4729317568493468e-05,0.0,0.0,-2.4729317568493468e-05,1.1508693143449211,2026
2026-04-16 00:00:00+00:00,BTCUSDT_260925,0.022769713700531102,162,75913.8,75154.29,0.010106009916400106,BTCUSDT_260925,False,75913.8,75154.29,0.0007479280291252357,0.00037396401456261783,0.0,0.0,0.00037396401456261783,1.1512996980539505,2026
2026-04-17 00:00:00+00:00,BTCUSDT_260925,0.020687641273079257,161,77775.3,77072.0,0.009125233547851398,BTCUSDT_260925,False,77775.3,77072.0,-0.0012707598090097873,-0.0006353799045048937,0.0,0.0,-0.0006353799045048937,1.1505681853617444,2026
2026-04-18 00:00:00+00:00,BTCUSDT_260925,0.02414831878661577,160,76493.0,75691.76,0.010585564399612392,BTCUSDT_260925,False,76493.0,75691.76,0.0007613774603735553,0.00038068873018677764,0.0,0.0,0.00038068873018677764,1.151006193703223,2026
2026-04-19 00:00:00+00:00,BTCUSDT_260925,0.023129916568189204,159,74545.4,73801.79,0.010075771874909817,BTCUSDT_260925,False,74545.4,73801.79,0.002299131227034027,0.0011495656135170134,0.0,0.0,0.0011495656135170134,1.1523293508444492,2026
2026-04-20 00:00:00+00:00,BTCUSDT_260925,0.017481988289008862,158,76414.9,75840.97,0.007567545615516165,BTCUSDT_260925,False,76414.9,75840.97,-0.0002244169609120061,-0.00011220848045600305,0.0,0.0,-0.00011220848045600305,1.1522000497190061,2026
2026-04-21 00:00:00+00:00,BTCUSDT_260925,0.017997562749517183,157,76927.1,76336.15,0.007741417401847116,BTCUSDT_260925,False,76927.1,76336.15,0.0011341939565985676,0.0005670969782992838,0.0,0.0,0.0005670969782992838,1.152853458885598,2026
2026-04-22 00:00:00+00:00,BTCUSDT_260925,0.015094950018169991,156,78682.6,78178.23,0.0064515402817384064,BTCUSDT_260925,False,78682.6,78178.23,-0.0011275517493807953,-0.0005637758746903977,0.0,0.0,-0.0005637758746903977,1.152203507918425,2026
2026-04-23 00:00:00+00:00,BTCUSDT_260925,0.01782946540392144,155,78850.0,78257.48,0.0075714168153639,BTCUSDT_260925,False,78850.0,78257.48,6.197490642435484e-05,3.098745321217742e-05,0.0,0.0,3.098745321217742e-05,1.1522392117707176,2026
2026-04-24 00:00:00+00:00,BTCUSDT_260925,0.017986903966859525,154,78024.8,77437.13,0.00758899509834621,BTCUSDT_260925,False,78024.8,77437.13,0.00030825006040377973,0.00015412503020188986,0.0,0.0,0.00015412503020188986,1.1524168006740316,2026
2026-04-25 00:00:00+00:00,BTCUSDT_260925,0.017327060507509588,153,78188.8,77625.0,0.007263123993558814,BTCUSDT_260925,False,78188.8,77625.0,0.00045668276972639794,0.00022834138486319897,0.0,0.0,0.00022834138486319897,1.1526799451222371,2026
2026-04-26 00:00:00+00:00,BTCUSDT_260925,0.016129859083691266,152,79185.9,78657.55,0.006717092001975541,BTCUSDT_260925,False,79185.9,78657.55,-0.00046696089568001956,-0.00023348044784000978,0.0,0.0,-0.00023348044784000978,1.1524108168924339,2026
2026-04-27 00:00:00+00:00,BTCUSDT_260925,0.017654110777799898,151,77936.4,77371.32,0.007303481445062423,BTCUSDT_260925,False,77936.4,77371.32,0.0003651223735097895,0.00018256118675489475,0.0,0.0,0.00018256118675489475,1.152621202378795,2026
2026-04-28 00:00:00+00:00,BTCUSDT_260925,0.017110806083317876,150,76879.6,76342.77,0.007031838116432004,BTCUSDT_260925,False,76879.6,76342.77,-0.0009322428305915314,-0.0004661214152957657,0.0,0.0,-0.0004661214152957657,1.1520839409526422,2026
2026-04-29 00:00:00+00:00,BTCUSDT_260925,0.01965420919971447,149,76388.0,75780.0,0.008023225125362892,BTCUSDT_260925,False,76388.0,75780.0,0.0012915017154923449,0.0006457508577461724,0.0,0.0,0.0006457508577461724,1.152827900145708,2026
2026-04-30 00:00:00+00:00,BTCUSDT_260925,0.016478682387150514,148,76856.7,76346.57,0.006681767104926784,BTCUSDT_260925,False,76856.7,76346.57,-0.0005231407252480672,-0.0002615703626240336,0.0,0.0,-0.0002615703626240336,1.1525263545338238,2026
2026-05-01 00:00:00+00:00,BTCUSDT_260925,0.01745877974697786,147,78781.2,78231.13,0.007031344172070535,BTCUSDT_260925,False,78781.2,78231.13,0.0005588568131382119,0.00027942840656910593,0.0,0.0,0.00027942840656910593,1.1528484031366,2026
2026-05-02 00:00:00+00:00,BTCUSDT_260925,0.016087503820523735,146,79193.2,78686.85,0.0064350015282094945,BTCUSDT_260925,False,79193.2,78686.85,-0.00013318616770141293,-6.659308385070647e-05,0.0,0.0,-6.659308385070647e-05,1.1527716314062229,2026
2026-05-03 00:00:00+00:00,BTCUSDT_260925,0.01655860431300879,145,79085.4,78568.57,0.006578075685989794,BTCUSDT_260925,False,79085.4,78568.57,-9.240336180261222e-05,-4.620168090130611e-05,0.0,0.0,-4.620168090130611e-05,1.1527183714191565,2026
2026-05-04 00:00:00+00:00,BTCUSDT_260925,0.016634181929886343,144,80385.1,79861.01,0.0065625265695989955,BTCUSDT_260925,False,80385.1,79861.01,-0.0003479795710069162,-0.0001739897855034581,0.0,0.0,-0.0001739897855034581,1.1525178101969673,2026
2026-05-05 00:00:00+00:00,BTCUSDT_260925,0.01741098450692524,143,81457.4,80905.52,0.006821289820521394,BTCUSDT_260925,False,81457.4,80905.52,-0.0005612719626549343,-0.00028063598132746715,0.0,0.0,-0.00028063598132746715,1.1521943722303054,2026
2026-05-06 00:00:00+00:00,BTCUSDT_260925,0.01885014165721196,142,82044.3,81447.01,0.007333479768011228,BTCUSDT_260925,False,82044.3,81447.01,-0.00041511652791180025,-0.00020755826395590013,0.0,0.0,-0.00020755826395590013,1.1519552247666656,2026
2026-05-07 00:00:00+00:00,BTCUSDT_260925,0.02041970079194434,141,80637.1,80006.0,0.007888158388120963,BTCUSDT_260925,False,80637.1,80006.0,0.00037709671774614723,0.00018854835887307362,0.0,0.0,0.00018854835887307362,1.1521724240337905,2026
2026-05-08 00:00:00+00:00,BTCUSDT_260925,0.01953670564641449,140,80794.1,80193.17,0.0074935309328713106,BTCUSDT_260925,False,80794.1,80193.17,0.0005141335602520255,0.00025706678012601275,0.0,0.0,0.00025706678012601275,1.1524686092889869,2026
2026-05-09 00:00:00+00:00,BTCUSDT_260925,0.01821696795348148,139,81238.1,80678.4,0.006937420672695686,BTCUSDT_260925,False,81238.1,80678.4,5.044720767915002e-05,2.522360383957501e-05,0.0,0.0,2.522360383957501e-05,1.1524976787006251,2026
2026-05-10 00:00:00+00:00,BTCUSDT_260925,0.017876168782686788,138,82765.7,82210.07,0.006758661074002127,BTCUSDT_260925,False,82765.7,82210.07,-0.00041989989790811055,-0.00020994994895405527,0.0,0.0,-0.00020994994895405527,1.1522557118718122,2026
2026-05-11 00:00:00+00:00,BTCUSDT_260925,0.019234019733839022,137,82335.8,81745.65,0.007219344393249167,BTCUSDT_260925,False,82335.8,81745.65,-0.0002982421694608839,-0.00014912108473044195,0.0,0.0,-0.00014912108473044195,1.152083886250171,2026
2026-05-12 00:00:00+00:00,BTCUSDT_260925,0.020486937849903346,136,81119.0,80504.47,0.007633489171470837,BTCUSDT_260925,False,81119.0,80504.47,-0.001073977631304279,-0.0005369888156521395,0.0,0.0,-0.0005369888156521395,1.1514652300885617,2026
2026-05-13 00:00:00+00:00,BTCUSDT_260925,0.02389588948554067,135,80014.6,79313.61,0.00883820570013148,BTCUSDT_260925,False,80014.6,79313.61,0.0012025678821075557,0.0006012839410537779,0.0,0.0,0.0006012839410537779,1.1521575876400958,2026
2026-05-14 00:00:00+00:00,BTCUSDT_260925,0.020342946501266192,134,81695.6,81089.99,0.007468369400464849,BTCUSDT_260925,False,81695.6,81089.99,0.00037513878100136407,0.00018756939050068204,0.0,0.0,0.00018756939050068204,1.1523736971365701,2026
2026-05-15 00:00:00+00:00,BTCUSDT_260925,0.019952785980601562,133,79688.4,79113.21,0.007270467220328788,BTCUSDT_260925,False,79688.4,79113.21,8.519436893017849e-05,4.2597184465089246e-05,0.0,0.0,4.2597184465089246e-05,1.1524227850115198,2026
2026-05-16 00:00:00+00:00,BTCUSDT_260925,0.020113750487540903,132,78716.5,78148.05,0.007274013874946299,BTCUSDT_260925,False,78716.5,78148.05,0.00021139363042314583,0.00010569681521157291,0.0,0.0,0.00010569681521157291,1.1525445924296729,2026
2026-05-17 00:00:00+00:00,BTCUSDT_260925,0.019853685619612038,131,78009.6,77457.67,0.007125569359367608,BTCUSDT_260925,False,78009.6,77457.67,0.0007049011414880647,0.00035245057074403236,0.0,0.0,0.00035245057074403236,1.1529508074290826,2026
2026-05-18 00:00:00+00:00,BTCUSDT_260925,0.01813397019299168,130,77499.2,77001.87,0.006458674315312106,BTCUSDT_260925,False,77499.2,77001.87,-0.000845563880461612,-0.000422781940230806,0.0,0.0,-0.000422781940230806,1.152463360649727,2026
2026-05-19 00:00:00+00:00,BTCUSDT_260925,0.02071208766494582,129,77396.8,76834.36,0.007320162489802769,BTCUSDT_260925,False,77396.8,76834.36,0.000232578237132389,0.0001162891185661945,0.0,0.0,0.0001162891185661945,1.1525973795981168,2026
2026-05-20 00:00:00+00:00,BTCUSDT_260925,0.02002360719511251,128,78096.8,77552.23,0.0070219773177380845,BTCUSDT_260925,False,78096.8,77552.23,0.0002938664690880991,0.00014693323454404954,0.0,0.0,0.00014693323454404954,1.1527667344592283,2026
2026-05-21 00:00:00+00:00,BTCUSDT_260925,0.01932092881691536,127,78137.3,77615.52,0.006722624547255482,BTCUSDT_260925,False,78137.3,77615.52,0.0,0.0,0.0,0.0,0.0,1.1527667344592283,2026
2026-05-22 00:00:00+00:00,BTCUSDT_260626,0.02026640745192007,35,75686.3,75539.5,0.001943354139225212,BTCUSDT_260925,True,75686.3,75539.5,0.0,0.0,-0.001,-0.0005,-0.0005,1.1521903510919986,2026
2026-05-23 00:00:00+00:00,BTCUSDT_260925,0.01671641954393114,125,77191.4,76752.01,0.005724801213675048,BTCUSDT_260626,True,77191.4,76752.01,-0.0018494629652043913,-0.0009247314826021957,-0.001,-0.0005,-0.0014247314826021957,1.1505487892248474,2026
2026-05-24 00:00:00+00:00,BTCUSDT_260925,0.022204675371982653,124,77646.3,77064.96,0.00754350615376945,BTCUSDT_260925,False,77646.3,77064.96,0.0,0.0,0.0,0.0,0.0,1.1505487892248474,2026
2026-05-25 00:00:00+00:00,BTCUSDT_260626,0.02786433723722383,32,77510.9,77322.01,0.0024429007988798976,BTCUSDT_260925,True,77510.9,77322.01,0.0,0.0,-0.001,-0.0005,-0.0005,1.149973514830235,2026
2026-05-26 00:00:00+00:00,BTCUSDT_260925,0.022659764532376815,122,76505.1,75930.01,0.00757394869301362,BTCUSDT_260626,True,76505.1,75930.01,0.0,0.0,-0.001,-0.0005,-0.0005,1.14939852807282,2026
2026-05-27 00:00:00+00:00,BTCUSDT_260626,0.030053338312112123,30,74633.2,74449.3,0.002470137395516065,BTCUSDT_260925,True,74633.2,74449.3,3.640061088541935e-05,1.8200305442709674e-05,-0.001,-0.0005,-0.00048179969455729036,1.14884474821307,2026
2026-05-28 00:00:00+00:00,BTCUSDT_260626,0.030977614260333398,29,73798.7,73617.51,0.00246123510561553,BTCUSDT_260626,False,73798.7,73617.51,0.0,0.0,0.0,0.0,0.0,1.14884474821307,2026
2026-05-29 00:00:00+00:00,BTCUSDT_260925,0.024238601259363994,119,74041.3,73460.78,0.007902448081820041,BTCUSDT_260626,True,74041.3,73460.78,0.000408381179726305,0.0002041905898631525,-0.001,-0.0005,-0.0002958094101368475,1.1485049091257622,2026
2026-05-30 00:00:00+00:00,BTCUSDT_260925,0.023047898094521693,118,74434.9,73884.38,0.007451101301790574,BTCUSDT_260925,False,74434.9,73884.38,-0.0003382311660462636,-0.0001691155830231318,0.0,0.0,-0.0001691155830231318,1.1483106790484505,2026
2026-05-31 00:00:00+00:00,BTCUSDT_260925,0.024369315367856158,117,74249.9,73674.39,0.0078115339672306045,BTCUSDT_260925,False,74249.9,73674.39,0.0,0.0,0.0,0.0,0.0,1.1483106790484505,2026
2026-06-01 00:00:00+00:00,BTCUSDT_260626,0.03101602181240952,25,71560.6,71408.9,0.0021243850556444876,BTCUSDT_260925,True,71560.6,71408.9,0.0,0.0,-0.001,-0.0005,-0.0005,1.1477365237089263,2026
2026-06-02 00:00:00+00:00,BTCUSDT_260925,0.027853165318384956,115,67346.7,66760.83,0.008775654826340466,BTCUSDT_260626,True,67346.7,66760.83,0.001260020284349301,0.0006300101421746505,-0.001,-0.0005,0.00013001014217465048,1.1478857410975527,2026
2026-06-03 00:00:00+00:00,BTCUSDT_260925,0.0250453911495515,114,64644.5,64142.75,0.007822396139859921,BTCUSDT_260925,False,64644.5,64142.75,-0.0007087316960997015,-0.00035436584804985076,0.0,0.0,-0.00035436584804985076,1.1474789695934444,2026
2026-06-04 00:00:00+00:00,BTCUSDT_260925,0.02766704758999139,113,64433.2,63885.99,0.0085654147333398,BTCUSDT_260925,False,64433.2,63885.99,-0.0006076449625340346,-0.0003038224812670173,0.0,0.0,-0.0003038224812670173,1.1471303396857009,2026
2026-06-05 00:00:00+00:00,BTCUSDT_260925,0.03127973023521147,112,61642.5,61056.47,0.009598163798201874,BTCUSDT_260925,False,61642.5,61056.47,-0.000554404799360306,-0.000277202399680153,0.0,0.0,-0.000277202399680153,1.1468123524027942,2026
2026-06-06 00:00:00+00:00,BTCUSDT_260925,0.03347880210378476,111,61504.5,60884.62,0.010181224749370159,BTCUSDT_260925,False,61504.5,60884.62,0.000502425735760468,0.000251212867880234,0.0,0.0,0.000251212867880234,1.1471004464227619,2026
2026-06-07 00:00:00+00:00,BTCUSDT_260925,0.03087492981252871,110,63921.3,63332.01,0.009304773368159337,BTCUSDT_260925,False,63921.3,63332.01,0.0,0.0,0.0,0.0,0.0,1.1471004464227619,2026
2026-06-08 00:00:00+00:00,BTCUSDT_260626,0.03182485965232248,18,63185.0,63085.99,0.0015694451335391906,BTCUSDT_260925,True,63185.0,63085.99,0.0,0.0,-0.001,-0.0005,-0.0005,1.1465268961995505,2026
2026-06-09 00:00:00+00:00,BTCUSDT_260925,0.029810599924401965,108,62274.5,61730.0,0.008820670662562773,BTCUSDT_260626,True,62274.5,61730.0,0.0,0.0,-0.001,-0.0005,-0.0005,1.1459536327514508,2026
2026-06-10 00:00:00+00:00,BTCUSDT_260626,0.03620049238355639,16,61608.6,61510.99,0.0015868708990052116,BTCUSDT_260925,True,61608.6,61510.99,0.0,0.0,-0.001,-0.0005,-0.0005,1.1453806559350752,2026
2026-06-11 00:00:00+00:00,BTCUSDT_260925,0.031037979445370165,106,64199.5,63625.99,0.009013769373175993,BTCUSDT_260626,True,64199.5,63625.99,-3.740609772826137e-05,-1.8703048864130685e-05,-0.001,-0.0005,-0.0005187030488641306,1.1447865434967317,2026
2026-06-12 00:00:00+00:00,BTCUSDT_260925,0.031486363926858954,105,64155.9,63580.01,0.009057721129644355,BTCUSDT_260925,False,64155.9,63580.01,0.0007282163057225519,0.00036410815286127597,0.0,0.0,0.00036410815286127597,1.1452033696105048,2026
2026-06-13 00:00:00+00:00,BTCUSDT_260925,0.02883516279107048,104,64987.6,64458.01,0.008216046384305014,BTCUSDT_260925,False,64987.6,64458.01,-0.000309658954721165,-0.0001548294773605825,0.0,0.0,-0.0001548294773605825,1.1450260583713165,2026
2026-06-14 00:00:00+00:00,BTCUSDT_260925,0.029620374423553333,103,66296.0,65746.45,0.008358626207194502,BTCUSDT_260925,False,66296.0,65746.45,-9.901675299570945e-05,-4.9508376497854724e-05,0.0,0.0,-4.9508376497854724e-05,1.144969369990119,2026
2026-06-15 00:00:00+00:00,BTCUSDT_260925,0.029999402205131583,102,66884.8,66328.74,0.008383394588831292,BTCUSDT_260925,False,66884.8,66328.74,0.0005091307327711867,0.00025456536638559336,0.0,0.0,0.00025456536638559336,1.1452608395372907,2026
2026-06-16 00:00:00+00:00,BTCUSDT_260925,0.028739754487534394,101,66197.3,65675.01,0.007952644392441024,BTCUSDT_260925,False,66197.3,65675.01,4.552721042619582e-05,2.276360521309791e-05,0.0,0.0,2.276360521309791e-05,1.145286909802908,2026
2026-06-17 00:00:00+00:00,BTCUSDT_260925,0.029382462090795824,100,65028.7,64509.4,0.008049989613916664,BTCUSDT_260925,False,65028.7,64509.4,-0.00010215565483485792,-5.107782741742896e-05,0.0,0.0,-5.107782741742896e-05,1.1452284110357855,2026
2026-06-18 00:00:00+00:00,BTCUSDT_260925,0.030796516181775306,99,63483.9,62958.01,0.0083530276767007,BTCUSDT_260925,False,63483.9,62958.01,0.0,0.0,0.0,0.0,0.0,1.1452284110357855,2026
2026-06-19 00:00:00+00:00,BTCUSDT_260925,0.030823912767966404,98,64069.8,63543.91,0.008276009455508788,BTCUSDT_260925,False,64069.8,63543.91,0.0002344835248570863,0.00011724176242854315,0.0,0.0,0.00011724176242854315,1.1453626796330785,2026
2026-06-20 00:00:00+00:00,BTCUSDT_260925,0.029904462403741647,97,64809.0,64298.01,0.007947213296336821,BTCUSDT_260925,False,64809.0,64298.01,-0.00024759708737495185,-0.00012379854368747592,0.0,0.0,-0.00012379854368747592,1.145220885401346,2026
2026-06-21 00:00:00+00:00,BTCUSDT_260925,0.031642596120682355,96,63838.9,63311.99,0.00832243623996029,BTCUSDT_260925,False,63838.9,63311.99,-0.0003598054649678767,-0.00017990273248393834,0.0,0.0,-0.00017990273248393834,1.1450148570347645,2026
2026-06-22 00:00:00+00:00,BTCUSDT_260925,0.03298916763844998,95,64569.7,64020.01,0.008586221714117118,BTCUSDT_260925,False,64569.7,64020.01,0.001094345346087851,0.0005471726730439255,0.0,0.0,0.0005471726730439255,1.1456413778747632,2026
2026-06-23 00:00:00+00:00,BTCUSDT_260925,0.029686870972517588,94,63214.2,62734.57,0.007645385949086722,BTCUSDT_260925,False,63214.2,62734.57,0.001108160939016507,0.0005540804695082535,0.0,0.0,0.0005540804695082535,1.1462761553873042,2026
2026-06-24 00:00:00+00:00,BTCUSDT_260925,0.02635272551333707,93,61488.1,61077.99,0.006714530062302322,BTCUSDT_260925,False,61488.1,61077.99,-0.0007153149604301374,-0.0003576574802150687,0.0,0.0,-0.0003576574802150687,1.1458661811459376,2026
2026-06-25 00:00:00+00:00,BTCUSDT_260925,0.030110080842777786,92,60247.8,59794.0,0.007589390239823442,BTCUSDT_260925,False,60247.8,59794.0,0.0,0.0,0.0,0.0,0.0,1.1458661811459376,2026
2026-06-26 00:00:00+00:00,BTCUSDT_261225,0.03497694580875247,182,61145.4,60097.27,0.017440559279980682,BTCUSDT_260925,True,61145.4,60097.27,0.0004164914645874282,0.0002082457322937141,-0.001,-0.0005,-0.00029175426770628593,1.145531869797368,2026
2026-06-27 00:00:00+00:00,BTCUSDT_261225,0.03436934579225929,181,61052.1,60029.0,0.01704342900931214,BTCUSDT_261225,False,61052.1,60029.0,-0.0003346715754051626,-0.0001673357877025813,0.0,0.0,-0.0001673357877025813,1.1453401813195971,2026
2026-06-28 00:00:00+00:00,BTCUSDT_261225,0.03550627163061707,180,60620.2,59577.01,0.01750994217400294,BTCUSDT_261225,False,60620.2,59577.01,0.00018346002929641844,9.173001464820922e-05,0.0,0.0,9.173001464820922e-05,1.1454452433912066,2026
2026-06-29 00:00:00+00:00,BTCUSDT_261225,0.035059701436928326,179,61069.5,60037.24,0.01719366180057581,BTCUSDT_261225,False,61069.5,60037.24,0.0,0.0,-0.001,-0.0005,-0.0005,1.144872520769511,2026
