date,symbol,expiry,fut,volume,spot,days_to_expiry,basis_abs,basis_pct,ann_basis,year
2021-02-03 00:00:00+00:00,BTCUSDT_210326,2021-03-26 00:00:00+00:00,38664.1,688.738,37618.87,51,1045.229999999996,0.027784726122820697,0.19885147127116776,2021
2021-02-04 00:00:00+00:00,BTCUSDT_210326,2021-03-26 00:00:00+00:00,38328.3,757.761,36936.66,50,1391.6399999999994,0.037676389798103005,0.27503764552615195,2021
2021-02-05 00:00:00+00:00,BTCUSDT_210326,2021-03-26 00:00:00+00:00,39848.1,383.41,38290.24,49,1557.8600000000006,0.04068556373634641,0.3030659339544171,2021
2021-02-06 00:00:00+00:00,BTCUSDT_210326,2021-03-26 00:00:00+00:00,41245.1,453.336,39186.94,48,2058.159999999996,0.05252157989370938,0.3993828471084151,2021
2021-02-07 00:00:00+00:00,BTCUSDT_210326,2021-03-26 00:00:00+00:00,40592.0,428.693,38795.69,47,1796.3099999999977,0.04630179280224163,0.35957775261315306,2021
2021-02-08 00:00:00+00:00,BTCUSDT_210326,2021-03-26 00:00:00+00:00,48946.5,706.203,46374.87,46,2571.6299999999974,0.05545309345341555,0.4400082415325364,2021
2021-02-09 00:00:00+00:00,BTCUSDT_210326,2021-03-26 00:00:00+00:00,48922.2,558.101,46420.42,45,2501.779999999999,0.053893954427814285,0.4371398525811603,2021
2021-02-10 00:00:00+00:00,BTCUSDT_210326,2021-03-26 00:00:00+00:00,47261.5,632.816,44807.58,44,2453.9199999999983,0.05476573383342725,0.4543066556636578,2021
2021-02-11 00:00:00+00:00,BTCUSDT_210326,2021-03-26 00:00:00+00:00,50824.9,572.903,47969.51,43,2855.3899999999994,0.05952510250782214,0.5052712189617461,2021
2021-02-12 00:00:00+00:00,BTCUSDT_210326,2021-03-26 00:00:00+00:00,50232.5,538.779,47287.6,42,2944.9000000000015,0.06227636843485399,0.5412112971124216,2021
2021-02-13 00:00:00+00:00,BTCUSDT_210326,2021-03-26 00:00:00+00:00,50071.1,478.454,47153.69,41,2917.409999999996,0.06187023751481583,0.5507960169001898,2021
2021-02-14 00:00:00+00:00,BTCUSDT_210326,2021-03-26 00:00:00+00:00,51738.4,610.694,48577.79,40,3160.6100000000006,0.06506286103175958,0.5936986069148061,2021
2021-02-15 00:00:00+00:00,BTCUSDT_210326,2021-03-26 00:00:00+00:00,50815.0,607.902,47911.1,39,2903.9000000000015,0.06061017175560573,0.5672490433537459,2021
2021-02-16 00:00:00+00:00,BTCUSDT_210326,2021-03-26 00:00:00+00:00,52111.9,610.167,49133.45,38,2978.4500000000044,0.06061959825739907,0.5822671937881753,2021
2021-02-17 00:00:00+00:00,BTCUSDT_210326,2021-03-26 00:00:00+00:00,55612.5,683.835,52119.71,37,3492.790000000001,0.06701476274522634,0.6610915784326382,2021
2021-02-18 00:00:00+00:00,BTCUSDT_210326,2021-03-26 00:00:00+00:00,54481.4,541.554,51552.6,36,2928.800000000003,0.05681187757746463,0.5760093143270719,2021
2021-02-19 00:00:00+00:00,BTCUSDT_210326,2021-03-26 00:00:00+00:00,58598.0,552.769,55906.0,35,2692.0,0.04815225557185275,0.502159236677893,2021
2021-02-20 00:00:00+00:00,BTCUSDT_210326,2021-03-26 00:00:00+00:00,58277.5,569.654,55841.19,34,2436.3099999999977,0.043629263631380304,0.4683729772192297,2021
2021-02-21 00:00:00+00:00,BTCUSDT_210326,2021-03-26 00:00:00+00:00,59954.8,483.891,57408.57,33,2546.230000000003,0.044352785655521525,0.4905686898262229,2021
2021-02-22 00:00:00+00:00,BTCUSDT_210326,2021-03-26 00:00:00+00:00,56512.3,979.39,54087.67,32,2424.6300000000047,0.04482777682972856,0.5113168294640914,2021
2021-02-23 00:00:00+00:00,BTCUSDT_210326,2021-03-26 00:00:00+00:00,50848.8,1313.471,48891.0,31,1957.800000000003,0.04004417991041302,0.47148792475163714,2021
2021-02-24 00:00:00+00:00,BTCUSDT_210326,2021-03-26 00:00:00+00:00,51504.1,563.871,49676.2,30,1827.9000000000015,0.036796292792121814,0.4476882289708154,2021
2021-02-25 00:00:00+00:00,BTCUSDT_210326,2021-03-26 00:00:00+00:00,48682.0,520.231,47073.73,29,1608.2699999999968,0.03416491533600581,0.4300066930221421,2021
2021-02-26 00:00:00+00:00,BTCUSDT_210326,2021-03-26 00:00:00+00:00,47569.4,653.08,46276.87,28,1292.5299999999988,0.02793036780577422,0.36409229461098536,2021
2021-02-27 00:00:00+00:00,BTCUSDT_210326,2021-03-26 00:00:00+00:00,47432.4,480.403,46106.43,27,1325.9700000000012,0.02875889545124186,0.38877766072975106,2021
2021-02-28 00:00:00+00:00,BTCUSDT_210326,2021-03-26 00:00:00+00:00,46023.1,701.384,45135.66,26,887.439999999995,0.019661615671511062,0.2760188353885207,2021
2021-03-01 00:00:00+00:00,BTCUSDT_210326,2021-03-26 00:00:00+00:00,50698.0,574.841,49587.03,25,1110.9700000000012,0.022404447291963264,0.32710493046266365,2021
2021-03-02 00:00:00+00:00,BTCUSDT_210326,2021-03-26 00:00:00+00:00,49414.5,501.115,48440.65,24,973.8499999999985,0.02010398291517555,0.30574807350162814,2021
2021-03-03 00:00:00+00:00,BTCUSDT_210326,2021-03-26 00:00:00+00:00,51345.1,695.472,50349.37,23,995.7299999999959,0.01977641428284,0.31384309622767825,2021
2021-03-04 00:00:00+00:00,BTCUSDT_210326,2021-03-26 00:00:00+00:00,48981.7,803.821,48374.09,22,607.6100000000006,0.01256064971971567,0.20839259762255544,2021
2021-03-05 00:00:00+00:00,BTCUSDT_210326,2021-03-26 00:00:00+00:00,49418.6,904.695,48751.71,21,666.8899999999994,0.013679315043513334,0.2377595233753508,2021
2021-03-06 00:00:00+00:00,BTCUSDT_210326,2021-03-26 00:00:00+00:00,49497.5,560.461,48882.2,20,615.3000000000029,0.012587404003911505,0.22972012307138495,2021
2021-03-07 00:00:00+00:00,BTCUSDT_210326,2021-03-26 00:00:00+00:00,51799.6,713.065,50971.75,19,827.8499999999985,0.016241349374898812,0.3120048695704245,2021
2021-03-08 00:00:00+00:00,BTCUSDT_210326,2021-03-26 00:00:00+00:00,53194.0,831.439,52375.17,18,818.8300000000017,0.015633934935199288,0.3170214584082078,2021
2021-03-09 00:00:00+00:00,BTCUSDT_210326,2021-03-26 00:00:00+00:00,55873.7,766.062,54884.5,17,989.1999999999971,0.018023303482768305,0.38697092771826064,2021
2021-03-10 00:00:00+00:00,BTCUSDT_210326,2021-03-26 00:00:00+00:00,56935.2,927.978,55851.59,16,1083.6100000000006,0.01940159626610452,0.4425989148205094,2021
2021-03-11 00:00:00+00:00,BTCUSDT_210326,2021-03-26 00:00:00+00:00,59048.3,871.456,57773.16,15,1275.1399999999994,0.022071494791006747,0.5370730399144975,2021
2021-03-12 00:00:00+00:00,BTCUSDT_210326,2021-03-26 00:00:00+00:00,58231.5,928.462,57221.72,14,1009.7799999999988,0.01764679565731332,0.4600771724942402,2021
2021-03-13 00:00:00+00:00,BTCUSDT_210326,2021-03-26 00:00:00+00:00,62791.0,926.521,61188.39,13,1602.6100000000006,0.02619140657239062,0.735374107609429,2021
2021-03-14 00:00:00+00:00,BTCUSDT_210326,2021-03-26 00:00:00+00:00,60288.5,726.755,58968.31,12,1320.1900000000023,0.022388126775212014,0.6809721894126988,2021
2021-03-15 00:00:00+00:00,BTCUSDT_210326,2021-03-26 00:00:00+00:00,56251.5,1369.909,55605.2,11,646.3000000000029,0.01162301367498009,0.38567272648797574,2021
2021-03-16 00:00:00+00:00,BTCUSDT_210326,2021-03-26 00:00:00+00:00,57588.0,1258.78,56900.75,10,687.25,0.012078048180384266,0.4408487585840257,2021
2021-03-17 00:00:00+00:00,BTCUSDT_210326,2021-03-26 00:00:00+00:00,59544.9,1076.104,58912.97,9,631.9300000000003,0.010726500463310546,0.43501918545648327,2021
2021-03-18 00:00:00+00:00,BTCUSDT_210326,2021-03-26 00:00:00+00:00,58069.5,885.8,57648.16,8,421.3399999999965,0.007308819570303657,0.33346489289510434,2021
2021-03-19 00:00:00+00:00,BTCUSDT_210326,2021-03-26 00:00:00+00:00,58476.7,1002.129,58030.01,7,446.68999999999505,0.0076975688958177855,0.4013732352819274,2021
2021-03-20 00:00:00+00:00,BTCUSDT_210326,2021-03-26 00:00:00+00:00,58407.1,900.256,58102.28,6,304.8199999999997,0.005246265723135128,0.3191478314907203,2021
2021-03-21 00:00:00+00:00,BTCUSDT_210326,2021-03-26 00:00:00+00:00,57586.1,981.64,57351.56,5,234.54000000000087,0.0040895138684981,0.29853451240036133,2021
2021-03-22 00:00:00+00:00,BTCUSDT_210326,2021-03-26 00:00:00+00:00,54249.7,867.283,54083.25,4,166.4499999999971,0.0030776626774462906,0.280836719316974,2021
2021-03-23 00:00:00+00:00,BTCUSDT_210326,2021-03-26 00:00:00+00:00,54451.1,790.037,54340.89,3,110.20999999999913,0.0020281228371489524,0.24675494518645588,2021
2021-03-24 00:00:00+00:00,BTCUSDT_210326,2021-03-26 00:00:00+00:00,52322.6,1168.704,52303.65,2,18.94999999999709,0.00036230741066822466,0.066121102446951,2021
2021-03-25 00:00:00+00:00,BTCUSDT_210326,2021-03-26 00:00:00+00:00,51506.3,945.104,51293.78,1,212.52000000000407,0.004143192410463882,1.5122652298193169,2021
2021-03-16 00:00:00+00:00,BTCUSDT_210625,2021-06-25 00:00:00+00:00,60698.5,298.538,56900.75,101,3797.75,0.06674340847879862,0.24120142668080688,2021
2021-03-17 00:00:00+00:00,BTCUSDT_210625,2021-06-25 00:00:00+00:00,63086.2,474.918,58912.97,100,4173.229999999996,0.07083720274160335,0.25855579000685225,2021
2021-03-18 00:00:00+00:00,BTCUSDT_210625,2021-06-25 00:00:00+00:00,61569.0,521.438,57648.16,99,3920.8399999999965,0.06801327223626906,0.25075600369937584,2021
2021-03-19 00:00:00+00:00,BTCUSDT_210625,2021-06-25 00:00:00+00:00,62236.2,504.428,58030.01,98,4206.189999999995,0.07248301353041288,0.2699622442714357,2021
2021-03-20 00:00:00+00:00,BTCUSDT_210625,2021-06-25 00:00:00+00:00,62511.9,504.023,58102.28,97,4409.620000000003,0.07589409572223332,0.2855808756558264,2021
2021-03-21 00:00:00+00:00,BTCUSDT_210625,2021-06-25 00:00:00+00:00,61204.1,566.446,57351.56,96,3852.540000000001,0.06717410999805412,0.2554015640551016,2021
2021-03-22 00:00:00+00:00,BTCUSDT_210625,2021-06-25 00:00:00+00:00,57502.3,765.601,54083.25,95,3419.050000000003,0.0632182792269326,0.24289128334558313,2021
2021-03-23 00:00:00+00:00,BTCUSDT_210625,2021-06-25 00:00:00+00:00,57680.0,890.123,54340.89,94,3339.1100000000006,0.061447466171422674,0.23859920375073698,2021
2021-03-24 00:00:00+00:00,BTCUSDT_210625,2021-06-25 00:00:00+00:00,55150.0,995.148,52303.65,93,2846.3499999999985,0.05441972022985009,0.21358277294511058,2021
2021-03-25 00:00:00+00:00,BTCUSDT_210625,2021-06-25 00:00:00+00:00,53976.5,799.549,51293.78,92,2682.720000000001,0.052301078220400234,0.20749884293963136,2021
2021-03-26 00:00:00+00:00,BTCUSDT_210625,2021-06-25 00:00:00+00:00,58031.3,681.264,55025.59,91,3005.7100000000064,0.054623857736009855,0.21909569311696261,2021
2021-03-27 00:00:00+00:00,BTCUSDT_210625,2021-06-25 00:00:00+00:00,59332.3,590.108,55817.14,90,3515.1600000000035,0.06297635457495679,0.2554041046651025,2021
2021-03-28 00:00:00+00:00,BTCUSDT_210625,2021-06-25 00:00:00+00:00,59269.2,586.146,55777.63,89,3491.5699999999997,0.06259803437327832,0.2567222758005234,2021
2021-03-29 00:00:00+00:00,BTCUSDT_210625,2021-06-25 00:00:00+00:00,61740.9,601.097,57635.47,88,4105.43,0.07123096246113722,0.2954466056626714,2021
2021-03-30 00:00:00+00:00,BTCUSDT_210625,2021-06-25 00:00:00+00:00,63283.5,605.01,58746.57,87,4536.93,0.07722884927579603,0.3240060917892592,2021
2021-03-31 00:00:00+00:00,BTCUSDT_210625,2021-06-25 00:00:00+00:00,63605.2,823.712,58740.55,86,4864.649999999994,0.08281587421295841,0.3514859777643003,2021
2021-04-01 00:00:00+00:00,BTCUSDT_210625,2021-06-25 00:00:00+00:00,63553.3,532.345,58720.44,85,4832.860000000001,0.08230285740365706,0.3534181523804097,2021
2021-04-02 00:00:00+00:00,BTCUSDT_210625,2021-06-25 00:00:00+00:00,64000.4,556.77,58950.01,84,5050.389999999999,0.08567241973326212,0.37226706193619846,2021
2021-04-03 00:00:00+00:00,BTCUSDT_210625,2021-06-25 00:00:00+00:00,61546.8,610.029,57051.94,83,4494.860000000001,0.07878540151307739,0.3464659223165451,2021
2021-04-04 00:00:00+00:00,BTCUSDT_210625,2021-06-25 00:00:00+00:00,62840.0,541.517,58202.01,82,4637.989999999998,0.07968779772382428,0.35470788011214466,2021
2021-04-05 00:00:00+00:00,BTCUSDT_210625,2021-06-25 00:00:00+00:00,64650.7,586.183,59129.99,81,5520.709999999999,0.0933656508313294,0.42072175991895344,2021
2021-04-06 00:00:00+00:00,BTCUSDT_210625,2021-06-25 00:00:00+00:00,62870.3,599.678,57991.15,80,4879.1500000000015,0.08413611387254781,0.3838710195434994,2021
2021-04-07 00:00:00+00:00,BTCUSDT_210625,2021-06-25 00:00:00+00:00,59873.5,982.732,55953.45,79,3920.050000000003,0.0700591295085469,0.3236909148179698,2021
2021-04-08 00:00:00+00:00,BTCUSDT_210625,2021-06-25 00:00:00+00:00,62632.3,682.104,58077.52,78,4554.780000000006,0.07842586942417662,0.3669928505105701,2021
2021-04-09 00:00:00+00:00,BTCUSDT_210625,2021-06-25 00:00:00+00:00,62743.5,621.077,58142.54,77,4600.959999999999,0.07913242180338181,0.3751082332238229,2021
2021-04-10 00:00:00+00:00,BTCUSDT_210625,2021-06-25 00:00:00+00:00,65711.2,962.437,59769.13,76,5942.07,0.09941704020118747,0.4774634167557029,2021
2021-04-11 00:00:00+00:00,BTCUSDT_210625,2021-06-25 00:00:00+00:00,66158.2,588.187,60002.43,75,6155.769999999997,0.10259201169019316,0.49928112355894,2021
2021-04-12 00:00:00+00:00,BTCUSDT_210625,2021-06-25 00:00:00+00:00,65551.0,799.694,59860.0,74,5691.0,0.09507183427998664,0.4689353988134476,2021
2021-04-13 00:00:00+00:00,BTCUSDT_210625,2021-06-25 00:00:00+00:00,70340.5,900.054,63575.0,73,6765.5,0.10641761698780967,0.5320880849390484,2021
2021-04-14 00:00:00+00:00,BTCUSDT_210625,2021-06-25 00:00:00+00:00,68573.4,1018.516,62959.53,72,5613.869999999995,0.08916632636870059,0.4520237378413294,2021
2021-04-15 00:00:00+00:00,BTCUSDT_210625,2021-06-25 00:00:00+00:00,69033.1,672.617,63159.98,71,5873.120000000003,0.09298799651298183,0.4780368834822305,2021
2021-04-16 00:00:00+00:00,BTCUSDT_210625,2021-06-25 00:00:00+00:00,66314.8,984.27,61334.8,70,4980.0,0.08119371058518166,0.4233672051941615,2021
2021-04-17 00:00:00+00:00,BTCUSDT_210625,2021-06-25 00:00:00+00:00,64481.3,696.256,60006.66,69,4474.639999999999,0.07456905616809865,0.39445950001965235,2021
2021-04-18 00:00:00+00:00,BTCUSDT_210625,2021-06-25 00:00:00+00:00,58866.7,2552.043,56150.01,68,2716.689999999995,0.04838271622747699,0.25970134445631027,2021
2021-04-19 00:00:00+00:00,BTCUSDT_210625,2021-06-25 00:00:00+00:00,58539.9,1346.886,55633.14,67,2906.760000000002,0.05224871362644643,0.28463851453213357,2021
2021-04-20 00:00:00+00:00,BTCUSDT_210625,2021-06-25 00:00:00+00:00,59077.1,1372.131,56425.0,66,2652.0999999999985,0.047002215330084154,0.25993649387091994,2021
2021-04-21 00:00:00+00:00,BTCUSDT_210625,2021-06-25 00:00:00+00:00,56238.2,1188.976,53787.63,65,2450.5699999999997,0.04556010368926833,0.2558375053320452,2021
2021-04-22 00:00:00+00:00,BTCUSDT_210625,2021-06-25 00:00:00+00:00,53714.5,2919.488,51690.96,64,2023.5400000000009,0.03914688371042056,0.22325957116099227,2021
2021-04-23 00:00:00+00:00,BTCUSDT_210625,2021-06-25 00:00:00+00:00,52706.3,2221.169,51125.14,63,1581.1600000000035,0.03092725027256656,0.17918168808709198,2021
2021-04-24 00:00:00+00:00,BTCUSDT_210625,2021-06-25 00:00:00+00:00,51621.1,1605.934,50047.84,62,1573.260000000002,0.031435122874433785,0.18506161047045694,2021
2021-04-25 00:00:00+00:00,BTCUSDT_210625,2021-06-25 00:00:00+00:00,50739.6,1043.645,49066.77,61,1672.8300000000017,0.03409293091841998,0.20399868500366053,2021
2021-04-26 00:00:00+00:00,BTCUSDT_210625,2021-06-25 00:00:00+00:00,56074.7,1275.108,54001.39,60,2073.3099999999977,0.038393641348861536,0.23356131820557433,2021
2021-04-27 00:00:00+00:00,BTCUSDT_210625,2021-06-25 00:00:00+00:00,56994.8,805.472,55011.97,59,1982.8300000000017,0.03604361014521024,0.22298165598308034,2021
2021-04-28 00:00:00+00:00,BTCUSDT_210625,2021-06-25 00:00:00+00:00,56941.1,1145.044,54846.22,58,2094.8799999999974,0.03819552195210531,0.2403683709054903,2021
2021-04-29 00:00:00+00:00,BTCUSDT_210625,2021-06-25 00:00:00+00:00,55473.2,1029.382,53555.0,57,1918.199999999997,0.03581738399775926,0.22935693261723034,2021
2021-04-30 00:00:00+00:00,BTCUSDT_210625,2021-06-25 00:00:00+00:00,59952.5,1342.963,57694.27,56,2258.230000000003,0.039141322006500875,0.2551175452209432,2021
2021-05-01 00:00:00+00:00,BTCUSDT_210625,2021-06-25 00:00:00+00:00,60185.5,851.321,57800.37,55,2385.1299999999974,0.04126496076063176,0.27384928504782896,2021
2021-05-02 00:00:00+00:00,BTCUSDT_210625,2021-06-25 00:00:00+00:00,58668.0,923.953,56578.21,54,2089.790000000001,0.036936304630351524,0.2496620590755242,2021
2021-05-03 00:00:00+00:00,BTCUSDT_210625,2021-06-25 00:00:00+00:00,59287.8,1166.274,57169.39,53,2118.4100000000035,0.03705496945130958,0.255189883957132,2021
2021-05-04 00:00:00+00:00,BTCUSDT_210625,2021-06-25 00:00:00+00:00,54704.4,1166.187,53200.01,52,1504.3899999999994,0.028278002203383033,0.19848982315836167,2021
2021-05-05 00:00:00+00:00,BTCUSDT_210625,2021-06-25 00:00:00+00:00,59828.5,1114.069,57436.11,51,2392.3899999999994,0.041653064596470744,0.29810526622964356,2021
2021-05-06 00:00:00+00:00,BTCUSDT_210625,2021-06-25 00:00:00+00:00,58422.9,1276.476,56393.68,50,2029.2200000000012,0.035983110164117704,0.2626767041980592,2021
2021-05-07 00:00:00+00:00,BTCUSDT_210625,2021-06-25 00:00:00+00:00,59261.5,1794.367,57314.75,49,1946.75,0.03396595117312733,0.2530116771059485,2021
2021-05-08 00:00:00+00:00,BTCUSDT_210625,2021-06-25 00:00:00+00:00,61436.3,1412.381,58862.05,48,2574.25,0.0437336110448073,0.3325576673198889,2021
2021-05-09 00:00:00+00:00,BTCUSDT_210625,2021-06-25 00:00:00+00:00,60571.8,1735.883,58240.84,47,2330.9600000000064,0.04002277439679796,0.3108151628687501,2021
2021-05-10 00:00:00+00:00,BTCUSDT_210625,2021-06-25 00:00:00+00:00,57642.0,1643.353,55816.14,46,1825.8600000000006,0.032712043505695676,0.2595629539038896,2021
2021-05-11 00:00:00+00:00,BTCUSDT_210625,2021-06-25 00:00:00+00:00,58613.1,1720.918,56670.02,45,1943.0800000000017,0.03428761803860316,0.27811067964644787,2021
2021-05-12 00:00:00+00:00,BTCUSDT_210625,2021-06-25 00:00:00+00:00,50782.8,3560.105,49631.32,44,1151.4800000000032,0.02320067247858818,0.1924601239701065,2021
2021-05-13 00:00:00+00:00,BTCUSDT_210625,2021-06-25 00:00:00+00:00,50980.6,2740.483,49670.97,43,1309.6299999999974,0.026366104789175594,0.22380530809416496,2021
2021-05-14 00:00:00+00:00,BTCUSDT_210625,2021-06-25 00:00:00+00:00,50991.4,1332.585,49841.45,42,1149.9500000000044,0.02307216182514763,0.20050807300425916,2021
2021-05-15 00:00:00+00:00,BTCUSDT_210625,2021-06-25 00:00:00+00:00,47729.9,1778.314,46762.99,41,966.9100000000035,0.02067682156337744,0.18407414318616502,2021
2021-05-16 00:00:00+00:00,BTCUSDT_210625,2021-06-25 00:00:00+00:00,47333.1,2249.569,46431.5,40,901.5999999999985,0.019417852104713362,0.17718790045550942,2021
2021-05-17 00:00:00+00:00,BTCUSDT_210625,2021-06-25 00:00:00+00:00,44396.3,2127.862,43538.04,39,858.260000000002,0.019712876372018632,0.18449230450735388,2021
2021-05-18 00:00:00+00:00,BTCUSDT_210625,2021-06-25 00:00:00+00:00,43473.3,2925.033,42849.78,38,623.5200000000041,0.014551299913325206,0.13976906495693947,2021
2021-05-19 00:00:00+00:00,BTCUSDT_210625,2021-06-25 00:00:00+00:00,37082.5,7149.807,36690.09,37,392.4100000000035,0.010695258583448651,0.10550728062050696,2021
2021-05-20 00:00:00+00:00,BTCUSDT_210625,2021-06-25 00:00:00+00:00,40952.7,3073.664,40526.64,36,426.0599999999977,0.010513084726490962,0.1065909979213667,2021
2021-05-21 00:00:00+00:00,BTCUSDT_210625,2021-06-25 00:00:00+00:00,37547.4,2738.023,37252.01,35,295.3899999999994,0.007929505011944307,0.08269340941027634,2021
2021-05-22 00:00:00+00:00,BTCUSDT_210625,2021-06-25 00:00:00+00:00,37724.9,2330.093,37449.73,34,275.16999999999825,0.007347716525593061,0.07887989799533726,2021
2021-05-23 00:00:00+00:00,BTCUSDT_210625,2021-06-25 00:00:00+00:00,34935.9,2882.137,34655.25,33,280.65000000000146,0.00809834007834315,0.08957254935137121,2021
2021-05-24 00:00:00+00:00,BTCUSDT_210625,2021-06-25 00:00:00+00:00,39070.4,2124.486,38796.29,32,274.1100000000006,0.00706536630177784,0.08058933437965349,2021
2021-05-25 00:00:00+00:00,BTCUSDT_210625,2021-06-25 00:00:00+00:00,38698.4,1240.533,38324.72,31,373.6800000000003,0.009750364777616125,0.11480268205902856,2021
2021-05-26 00:00:00+00:00,BTCUSDT_210625,2021-06-25 00:00:00+00:00,39551.9,1216.034,39241.91,30,309.98999999999796,0.007899462589868789,0.09611012817673692,2021
2021-05-27 00:00:00+00:00,BTCUSDT_210625,2021-06-25 00:00:00+00:00,38774.3,1470.964,38529.98,29,244.3199999999997,0.006341036252808844,0.07980959421638717,2021
2021-05-28 00:00:00+00:00,BTCUSDT_210625,2021-06-25 00:00:00+00:00,35819.9,2027.236,35663.49,28,156.4100000000035,0.004385717718596904,0.05717096311742393,2021
2021-05-29 00:00:00+00:00,BTCUSDT_210625,2021-06-25 00:00:00+00:00,34685.9,2060.525,34605.15,27,80.75,0.0023334677063963022,0.031545026401283344,2021
2021-05-30 00:00:00+00:00,BTCUSDT_210625,2021-06-25 00:00:00+00:00,35760.3,1448.259,35641.27,26,119.03000000000611,0.003339667750335668,0.04688379726432765,2021
2021-05-31 00:00:00+00:00,BTCUSDT_210625,2021-06-25 00:00:00+00:00,37468.9,1474.595,37253.81,25,215.09000000000378,0.0057736376494109945,0.08429510968140051,2021
2021-06-01 00:00:00+00:00,BTCUSDT_210625,2021-06-25 00:00:00+00:00,36981.6,2123.307,36693.09,24,288.51000000000204,0.007862788334261357,0.11957990591689148,2021
2021-06-02 00:00:00+00:00,BTCUSDT_210625,2021-06-25 00:00:00+00:00,37840.5,1717.009,37568.68,23,271.8199999999997,0.007235282155242072,0.11482078202884158,2021
2021-06-03 00:00:00+00:00,BTCUSDT_210625,2021-06-25 00:00:00+00:00,39481.0,1575.135,39246.79,22,234.20999999999913,0.00596762181059901,0.09900827094857448,2021
2021-06-04 00:00:00+00:00,BTCUSDT_210625,2021-06-25 00:00:00+00:00,36989.0,2504.647,36829.0,21,160.0,0.004344402508892449,0.0755098531307497,2021
2021-06-05 00:00:00+00:00,BTCUSDT_210625,2021-06-25 00:00:00+00:00,35520.7,2583.771,35513.2,20,7.5,0.00021118907899034728,0.0038542006915738376,2021
2021-06-06 00:00:00+00:00,BTCUSDT_210625,2021-06-25 00:00:00+00:00,35812.1,1842.706,35796.31,19,15.790000000000873,0.0004411069185623008,0.008473896067117884,2021
2021-06-07 00:00:00+00:00,BTCUSDT_210625,2021-06-25 00:00:00+00:00,33548.9,2115.202,33552.79,18,-3.889999999999418,-0.00011593670749882253,-0.0023509387909483458,2021
2021-06-08 00:00:00+00:00,BTCUSDT_210625,2021-06-25 00:00:00+00:00,33358.4,3990.441,33380.81,17,-22.409999999996217,-0.0006713438050183989,-0.014414146401865622,2021
2021-06-09 00:00:00+00:00,BTCUSDT_210625,2021-06-25 00:00:00+00:00,37473.0,3739.586,37388.05,16,84.94999999999709,0.0022721163580341065,0.05183265441765306,2021
2021-06-10 00:00:00+00:00,BTCUSDT_210625,2021-06-25 00:00:00+00:00,36857.9,5497.357,36675.72,15,182.1800000000003,0.004967318978332267,0.12087142847275183,2021
2021-06-11 00:00:00+00:00,BTCUSDT_210625,2021-06-25 00:00:00+00:00,37492.6,1718.459,37331.98,14,160.61999999999534,0.004302477393376814,0.1121717320416098,2021
2021-06-12 00:00:00+00:00,BTCUSDT_210625,2021-06-25 00:00:00+00:00,35646.0,2469.617,35546.11,13,99.88999999999942,0.002810152784650681,0.07890044356903834,2021
2021-06-13 00:00:00+00:00,BTCUSDT_210625,2021-06-25 00:00:00+00:00,39149.0,3227.826,39020.57,12,128.4300000000003,0.0032913409517082988,0.10011162061446076,2021
2021-06-14 00:00:00+00:00,BTCUSDT_210625,2021-06-25 00:00:00+00:00,40619.8,3455.393,40516.29,11,103.51000000000204,0.002554774881905575,0.08477207562686681,2021
2021-06-15 00:00:00+00:00,BTCUSDT_210625,2021-06-25 00:00:00+00:00,40243.9,1889.406,40144.04,10,99.86000000000058,0.0024875423599617923,0.09079529613860542,2021
2021-06-16 00:00:00+00:00,BTCUSDT_210625,2021-06-25 00:00:00+00:00,38402.7,2770.061,38349.01,9,53.68999999999505,0.0014000361417412092,0.05677924352617126,2021
2021-06-17 00:00:00+00:00,BTCUSDT_210625,2021-06-25 00:00:00+00:00,38176.2,2418.217,38092.97,8,83.22999999999593,0.002184917584530582,0.09968686479420781,2021
2021-06-18 00:00:00+00:00,BTCUSDT_210625,2021-06-25 00:00:00+00:00,35861.6,3315.65,35819.84,7,41.76000000000204,0.001165834353252333,0.06078993413387165,2021
2021-06-19 00:00:00+00:00,BTCUSDT_210625,2021-06-25 00:00:00+00:00,35494.8,2040.694,35483.72,6,11.080000000001746,0.0003122558739614039,0.018995565665985405,2021
2021-06-20 00:00:00+00:00,BTCUSDT_210625,2021-06-25 00:00:00+00:00,35583.8,2929.773,35600.16,5,-16.360000000000582,-0.00045954849641126837,-0.03354704023802259,2021
2021-06-21 00:00:00+00:00,BTCUSDT_210625,2021-06-25 00:00:00+00:00,31618.9,2798.926,31608.93,4,9.970000000001164,0.0003154171938120387,0.028781818935348532,2021
2021-06-22 00:00:00+00:00,BTCUSDT_210625,2021-06-25 00:00:00+00:00,32492.3,3728.954,32509.56,3,-17.260000000002037,-0.0005309207506961655,-0.06459535800136681,2021
2021-06-23 00:00:00+00:00,BTCUSDT_210625,2021-06-25 00:00:00+00:00,33734.0,2478.153,33678.07,2,55.93000000000029,0.0016607246199084535,0.30308224313329274,2021
2021-06-24 00:00:00+00:00,BTCUSDT_210625,2021-06-25 00:00:00+00:00,34686.9,2933.507,34663.09,1,23.810000000004948,0.0006868977924358432,0.25071769423908274,2021
2021-06-18 00:00:00+00:00,BTCUSDT_210924,2021-09-24 00:00:00+00:00,36140.4,364.443,35819.84,98,320.56000000000495,0.008949230370655061,0.033331317196827526,2021
2021-06-19 00:00:00+00:00,BTCUSDT_210924,2021-09-24 00:00:00+00:00,35972.4,418.241,35483.72,97,488.6800000000003,0.013771949502476073,0.05182228421034811,2021
2021-06-20 00:00:00+00:00,BTCUSDT_210924,2021-09-24 00:00:00+00:00,36159.3,456.867,35600.16,96,559.1399999999994,0.015706109186026114,0.05971593596770346,2021
2021-06-21 00:00:00+00:00,BTCUSDT_210924,2021-09-24 00:00:00+00:00,31930.3,771.641,31608.93,95,321.369999999999,0.010167063548180814,0.03906292836932628,2021
2021-06-22 00:00:00+00:00,BTCUSDT_210924,2021-09-24 00:00:00+00:00,32747.7,851.28,32509.56,94,238.13999999999942,0.007325229870844128,0.028443711732533048,2021
2021-06-23 00:00:00+00:00,BTCUSDT_210924,2021-09-24 00:00:00+00:00,34042.2,609.458,33678.07,93,364.1299999999974,0.010812080383466077,0.04243450903188299,2021
2021-06-24 00:00:00+00:00,BTCUSDT_210924,2021-09-24 00:00:00+00:00,35082.9,467.406,34663.09,92,419.81000000000495,0.012111153391114439,0.04804968464953011,2021
2021-06-25 00:00:00+00:00,BTCUSDT_210924,2021-09-24 00:00:00+00:00,32022.5,1942.041,31584.45,91,438.0499999999993,0.01386916663104785,0.05562907494870841,2021
2021-06-26 00:00:00+00:00,BTCUSDT_210924,2021-09-24 00:00:00+00:00,32624.0,2272.052,32283.65,90,340.34999999999854,0.010542488225463928,0.04275564669215926,2021
2021-06-27 00:00:00+00:00,BTCUSDT_210924,2021-09-24 00:00:00+00:00,35049.6,1407.96,34700.34,89,349.26000000000204,0.010065031063096272,0.04127793638236111,2021
2021-06-28 00:00:00+00:00,BTCUSDT_210924,2021-09-24 00:00:00+00:00,34941.7,2037.736,34494.89,88,446.8099999999977,0.01295293302863113,0.05372523358466321,2021
2021-06-29 00:00:00+00:00,BTCUSDT_210924,2021-09-24 00:00:00+00:00,36345.2,3242.752,35911.73,87,433.4699999999939,0.012070429355533522,0.0506403070663188,2021
2021-06-30 00:00:00+00:00,BTCUSDT_210924,2021-09-24 00:00:00+00:00,35490.6,2799.76,35045.0,86,445.59999999999854,0.012715080610643416,0.05396516770796334,2021
2021-07-01 00:00:00+00:00,BTCUSDT_210924,2021-09-24 00:00:00+00:00,33863.6,1734.868,33504.69,85,358.9099999999962,0.010712231630855149,0.04599958288543681,2021
2021-07-02 00:00:00+00:00,BTCUSDT_210924,2021-09-24 00:00:00+00:00,34111.3,1333.246,33786.55,84,324.75,0.009611812984752808,0.041765615945652076,2021
2021-07-03 00:00:00+00:00,BTCUSDT_210924,2021-09-24 00:00:00+00:00,35001.7,1183.079,34669.13,83,332.5699999999997,0.009592683750645018,0.04218469360223411,2021
2021-07-04 00:00:00+00:00,BTCUSDT_210924,2021-09-24 00:00:00+00:00,35587.8,1004.986,35286.51,82,301.2900000000009,0.008538390450061535,0.038006250174054394,2021
2021-07-05 00:00:00+00:00,BTCUSDT_210924,2021-09-24 00:00:00+00:00,33954.1,2071.252,33690.14,81,263.9599999999991,0.007834933306896295,0.03530556366687836,2021
2021-07-06 00:00:00+00:00,BTCUSDT_210924,2021-09-24 00:00:00+00:00,34558.8,2183.908,34220.01,80,338.7900000000009,0.009900347778974958,0.045170336741573246,2021
2021-07-07 00:00:00+00:00,BTCUSDT_210924,2021-09-24 00:00:00+00:00,34147.7,1314.367,33862.12,79,285.57999999999447,0.008433612544046103,0.0389654250452763,2021
2021-07-08 00:00:00+00:00,BTCUSDT_210924,2021-09-24 00:00:00+00:00,33117.9,1853.628,32875.71,78,242.19000000000233,0.007366837096446049,0.03447301974618985,2021
2021-07-09 00:00:00+00:00,BTCUSDT_210924,2021-09-24 00:00:00+00:00,34183.5,1458.7,33815.81,77,367.6900000000023,0.010873316357053176,0.05154234377044688,2021
2021-07-10 00:00:00+00:00,BTCUSDT_210924,2021-09-24 00:00:00+00:00,33776.2,1368.891,33502.87,76,273.32999999999447,0.008158405533615312,0.03918181604959985,2021
2021-07-11 00:00:00+00:00,BTCUSDT_210924,2021-09-24 00:00:00+00:00,34703.4,1738.377,34258.99,75,444.4100000000035,0.012972069521022176,0.06313073833564126,2021
2021-07-12 00:00:00+00:00,BTCUSDT_210924,2021-09-24 00:00:00+00:00,33472.9,1570.751,33086.63,74,386.2700000000041,0.011674504172833682,0.05758370301465262,2021
2021-07-13 00:00:00+00:00,BTCUSDT_210924,2021-09-24 00:00:00+00:00,33024.6,1419.547,32729.77,73,294.8299999999981,0.009008007083459434,0.04504003541729717,2021
2021-07-14 00:00:00+00:00,BTCUSDT_210924,2021-09-24 00:00:00+00:00,33038.0,2265.602,32820.02,72,217.9800000000032,0.006641677853944124,0.033669616898466745,2021
2021-07-15 00:00:00+00:00,BTCUSDT_210924,2021-09-24 00:00:00+00:00,32083.6,2268.108,31880.0,71,203.59999999999854,0.00638644918444161,0.03283174580734067,2021
2021-07-16 00:00:00+00:00,BTCUSDT_210924,2021-09-24 00:00:00+00:00,31538.6,2105.461,31383.87,70,154.72999999999956,0.004930239642211096,0.02570767813438643,2021
2021-07-17 00:00:00+00:00,BTCUSDT_210924,2021-09-24 00:00:00+00:00,31675.4,1487.295,31520.07,69,155.33000000000175,0.004927971289403918,0.026068253922209135,2021
2021-07-18 00:00:00+00:00,BTCUSDT_210924,2021-09-24 00:00:00+00:00,32018.7,1894.382,31778.56,68,240.13999999999942,0.007556667136585151,0.0405615221301997,2021
2021-07-19 00:00:00+00:00,BTCUSDT_210924,2021-09-24 00:00:00+00:00,30907.3,2154.706,30839.65,67,67.64999999999782,0.0021936046615314317,0.011950234350133919,2021
2021-07-20 00:00:00+00:00,BTCUSDT_210924,2021-09-24 00:00:00+00:00,29863.8,2150.703,29790.35,66,73.45000000000073,0.0024655635130168235,0.013635313367441525,2021
2021-07-21 00:00:00+00:00,BTCUSDT_210924,2021-09-24 00:00:00+00:00,32314.8,4120.113,32144.51,65,170.29000000000087,0.005297638694756923,0.02974827882440426,2021
2021-07-22 00:00:00+00:00,BTCUSDT_210924,2021-09-24 00:00:00+00:00,32447.3,2296.239,32287.83,64,159.46999999999753,0.004939012624880567,0.028167806376271982,2021
2021-07-23 00:00:00+00:00,BTCUSDT_210924,2021-09-24 00:00:00+00:00,33848.9,2901.073,33634.09,63,214.81000000000495,0.006386674947947305,0.03700216438096454,2021
2021-07-24 00:00:00+00:00,BTCUSDT_210924,2021-09-24 00:00:00+00:00,34546.7,3014.301,34258.14,62,288.5599999999977,0.008423107617634748,0.04958764968446263,2021
2021-07-25 00:00:00+00:00,BTCUSDT_210924,2021-09-24 00:00:00+00:00,35702.4,2286.096,35381.02,61,321.38000000000466,0.009083401213419079,0.05435149906390105,2021
2021-07-26 00:00:00+00:00,BTCUSDT_210924,2021-09-24 00:00:00+00:00,37525.5,5932.735,37237.6,60,287.90000000000146,0.007731432745397165,0.047032882534499415,2021
2021-07-27 00:00:00+00:00,BTCUSDT_210924,2021-09-24 00:00:00+00:00,39828.8,3557.897,39457.87,59,370.9300000000003,0.00940065948820857,0.05815662225756149,2021
2021-07-28 00:00:00+00:00,BTCUSDT_210924,2021-09-24 00:00:00+00:00,40426.3,3913.805,40019.56,58,406.74000000000524,0.010163530033813597,0.06396014590244763,2021
2021-07-29 00:00:00+00:00,BTCUSDT_210924,2021-09-24 00:00:00+00:00,40469.5,2533.781,40016.48,57,453.0199999999968,0.011320835815643873,0.07249307145105287,2021
2021-07-30 00:00:00+00:00,BTCUSDT_210924,2021-09-24 00:00:00+00:00,42694.0,3620.818,42206.37,56,487.6299999999974,0.011553469298591596,0.07530386239260595,2021
2021-07-31 00:00:00+00:00,BTCUSDT_210924,2021-09-24 00:00:00+00:00,41912.7,2300.476,41461.83,55,450.86999999999534,0.010874339121066178,0.07216606871253009,2021
2021-08-01 00:00:00+00:00,BTCUSDT_210924,2021-09-24 00:00:00+00:00,40207.3,2720.388,39845.44,54,361.8600000000006,0.009081591268662124,0.0613848298715125,2021
2021-08-02 00:00:00+00:00,BTCUSDT_210924,2021-09-24 00:00:00+00:00,39532.3,2846.498,39147.82,53,384.4800000000032,0.009821236533732994,0.0676368176379725,2021
2021-08-03 00:00:00+00:00,BTCUSDT_210924,2021-09-24 00:00:00+00:00,38553.1,2743.983,38207.05,52,346.04999999999563,0.009057228966905207,0.06357478024846924,2021
2021-08-04 00:00:00+00:00,BTCUSDT_210924,2021-09-24 00:00:00+00:00,40116.8,2075.612,39723.18,51,393.6200000000026,0.009909075758788763,0.07091789513642938,2021
2021-08-05 00:00:00+00:00,BTCUSDT_210924,2021-09-24 00:00:00+00:00,41281.6,3378.284,40862.46,50,419.1399999999994,0.01025733644034156,0.07487855601449339,2021
2021-08-06 00:00:00+00:00,BTCUSDT_210924,2021-09-24 00:00:00+00:00,43267.9,4386.079,42836.87,49,431.02999999999884,0.010062126387852305,0.0749525741135937,2021
2021-08-07 00:00:00+00:00,BTCUSDT_210924,2021-09-24 00:00:00+00:00,45023.5,4156.284,44572.54,48,450.9599999999991,0.01011744002024563,0.07693470015395115,2021
2021-08-08 00:00:00+00:00,BTCUSDT_210924,2021-09-24 00:00:00+00:00,44229.5,5404.546,43794.37,47,435.1299999999974,0.009935752015612906,0.07716062735529171,2021
2021-08-09 00:00:00+00:00,BTCUSDT_210924,2021-09-24 00:00:00+00:00,46777.0,3820.451,46253.4,46,523.5999999999985,0.011320248889811311,0.08982371401698105,2021
2021-08-10 00:00:00+00:00,BTCUSDT_210924,2021-09-24 00:00:00+00:00,46027.5,8424.814,45584.99,45,442.51000000000204,0.00970736200666057,0.0787374918318024,2021
2021-08-11 00:00:00+00:00,BTCUSDT_210924,2021-09-24 00:00:00+00:00,45923.8,2921.267,45511.0,44,412.8000000000029,0.009070334644371755,0.07524254875444751,2021
2021-08-12 00:00:00+00:00,BTCUSDT_210924,2021-09-24 00:00:00+00:00,44803.5,3335.802,44399.0,43,404.5,0.009110565553278226,0.07733387039410589,2021
2021-08-13 00:00:00+00:00,BTCUSDT_210924,2021-09-24 00:00:00+00:00,48403.6,2129.513,47800.0,42,603.5999999999985,0.012627615062761477,0.1097399880454271,2021
2021-08-14 00:00:00+00:00,BTCUSDT_210924,2021-09-24 00:00:00+00:00,47600.5,2151.709,47068.51,41,531.989999999998,0.01130246102967776,0.10061947014225323,2021
2021-08-15 00:00:00+00:00,BTCUSDT_210924,2021-09-24 00:00:00+00:00,47469.3,2340.21,46973.82,40,495.4800000000032,0.010548003121738944,0.09625052848586786,2021
2021-08-16 00:00:00+00:00,BTCUSDT_210924,2021-09-24 00:00:00+00:00,46294.1,2223.877,45901.29,39,392.8099999999977,0.008557711558868992,0.08009140305095339,2021
2021-08-17 00:00:00+00:00,BTCUSDT_210924,2021-09-24 00:00:00+00:00,45059.2,3704.239,44695.95,38,363.25,0.008127134561408808,0.07806326618195301,2021
2021-08-18 00:00:00+00:00,BTCUSDT_210924,2021-09-24 00:00:00+00:00,45047.8,3278.736,44705.29,37,342.51000000000204,0.007661509409736566,0.0755797549879418,2021
2021-08-19 00:00:00+00:00,BTCUSDT_210924,2021-09-24 00:00:00+00:00,47253.8,2695.079,46760.62,36,493.1800000000003,0.010546908916092222,0.10693393762149059,2021
2021-08-20 00:00:00+00:00,BTCUSDT_210924,2021-09-24 00:00:00+00:00,49786.3,2321.404,49322.47,35,463.83000000000175,0.009404030252337357,0.09807060120294672,2021
2021-08-21 00:00:00+00:00,BTCUSDT_210924,2021-09-24 00:00:00+00:00,49253.3,2297.894,48821.87,34,431.4300000000003,0.00883681841764767,0.09486584477768821,2021
2021-08-22 00:00:00+00:00,BTCUSDT_210924,2021-09-24 00:00:00+00:00,49769.5,2987.047,49239.22,33,530.2799999999988,0.01076946385422025,0.1191167971754664,2021
2021-08-23 00:00:00+00:00,BTCUSDT_210924,2021-09-24 00:00:00+00:00,49958.2,2371.771,49488.85,32,469.34999999999854,0.009483954466511114,0.10817635563364239,2021
2021-08-24 00:00:00+00:00,BTCUSDT_210924,2021-09-24 00:00:00+00:00,47981.2,4285.871,47674.01,31,307.18999999999505,0.006443552786937684,0.07586763765265338,2021
2021-08-25 00:00:00+00:00,BTCUSDT_210924,2021-09-24 00:00:00+00:00,49368.1,2608.474,48973.32,30,394.77999999999884,0.008061123893581216,0.09807700737190479,2021
2021-08-26 00:00:00+00:00,BTCUSDT_210924,2021-09-24 00:00:00+00:00,47098.4,2855.673,46843.87,29,254.52999999999884,0.00543358181123803,0.0683881848655821,2021
2021-08-27 00:00:00+00:00,BTCUSDT_210924,2021-09-24 00:00:00+00:00,49438.0,2583.185,49069.9,28,368.09999999999854,0.0075015437162088885,0.09778798058629444,2021
2021-08-28 00:00:00+00:00,BTCUSDT_210924,2021-09-24 00:00:00+00:00,49273.0,1554.918,48895.35,27,377.65000000000146,0.007723638341887346,0.10441214795514375,2021
2021-08-29 00:00:00+00:00,BTCUSDT_210924,2021-09-24 00:00:00+00:00,49062.6,1788.425,48767.83,26,294.7699999999968,0.006044353419046876,0.08485342299815807,2021
2021-08-30 00:00:00+00:00,BTCUSDT_210924,2021-09-24 00:00:00+00:00,47261.3,2680.732,46982.91,25,278.3899999999994,0.005925346046040984,0.08651005227219837,2021
2021-08-31 00:00:00+00:00,BTCUSDT_210924,2021-09-24 00:00:00+00:00,47416.7,1939.077,47100.89,24,315.8099999999977,0.0067049688445377075,0.10197140117734431,2021
2021-09-01 00:00:00+00:00,BTCUSDT_210924,2021-09-24 00:00:00+00:00,49181.7,2186.375,48810.52,23,371.1800000000003,0.007604508208476376,0.12068023896060337,2021
2021-09-02 00:00:00+00:00,BTCUSDT_210924,2021-09-24 00:00:00+00:00,49666.0,2295.598,49246.64,22,419.3600000000006,0.008515504814135554,0.1412799662345217,2021
2021-09-03 00:00:00+00:00,BTCUSDT_210924,2021-09-24 00:00:00+00:00,50448.5,2513.553,49999.14,21,449.3600000000006,0.00898735458249883,0.15620878202914631,2021
2021-09-04 00:00:00+00:00,BTCUSDT_210924,2021-09-24 00:00:00+00:00,50307.8,1640.925,49915.64,20,392.1600000000035,0.007856455411570472,0.14338031126116113,2021
2021-09-05 00:00:00+00:00,BTCUSDT_210924,2021-09-24 00:00:00+00:00,52268.9,1813.122,51756.88,19,512.0200000000041,0.009892791064685586,0.1900457230847494,2021
2021-09-06 00:00:00+00:00,BTCUSDT_210924,2021-09-24 00:00:00+00:00,53199.9,2199.556,52663.9,18,536.0,0.010177749843820909,0.2063821496108129,2021
2021-09-07 00:00:00+00:00,BTCUSDT_210924,2021-09-24 00:00:00+00:00,47056.4,5940.654,46863.73,17,192.66999999999825,0.004111281795111022,0.08827163854208958,2021
2021-09-08 00:00:00+00:00,BTCUSDT_210924,2021-09-24 00:00:00+00:00,46177.0,2986.951,46048.31,16,128.69000000000233,0.0027946736807496807,0.06375349334210209,2021
2021-09-09 00:00:00+00:00,BTCUSDT_210924,2021-09-24 00:00:00+00:00,46517.0,3069.005,46395.14,15,121.86000000000058,0.0026265682138258573,0.06391315986976252,2021
2021-09-10 00:00:00+00:00,BTCUSDT_210924,2021-09-24 00:00:00+00:00,44925.9,2908.687,44850.91,14,74.98999999999796,0.0016719839129239063,0.04359100915837327,2021
2021-09-11 00:00:00+00:00,BTCUSDT_210924,2021-09-24 00:00:00+00:00,45283.2,2281.518,45173.69,13,109.50999999999476,0.0024241986873331524,0.06806404006743082,2021
2021-09-12 00:00:00+00:00,BTCUSDT_210924,2021-09-24 00:00:00+00:00,46113.4,2219.247,46025.24,12,88.16000000000349,0.0019154707286698233,0.05826223466370713,2021
2021-09-13 00:00:00+00:00,BTCUSDT_210924,2021-09-24 00:00:00+00:00,45003.9,4124.108,44940.73,11,63.169999999998254,0.0014056291475460735,0.04664133080493789,2021
2021-09-14 00:00:00+00:00,BTCUSDT_210924,2021-09-24 00:00:00+00:00,47176.2,2209.766,47111.52,10,64.68000000000029,0.0013729126124565774,0.050111310354665074,2021
2021-09-15 00:00:00+00:00,BTCUSDT_210924,2021-09-24 00:00:00+00:00,48162.4,2073.551,48121.41,9,40.98999999999796,0.000851803802091376,0.03454537641815025,2021
2021-09-16 00:00:00+00:00,BTCUSDT_210924,2021-09-24 00:00:00+00:00,47831.8,2184.123,47737.82,8,93.9800000000032,0.001968669704649337,0.089820555274626,2021
2021-09-17 00:00:00+00:00,BTCUSDT_210924,2021-09-24 00:00:00+00:00,47372.9,1907.335,47299.98,7,72.91999999999825,0.0015416497004860942,0.08038602009677492,2021
2021-09-18 00:00:00+00:00,BTCUSDT_210924,2021-09-24 00:00:00+00:00,48337.3,1784.66,48292.74,6,44.56000000000495,0.0009227059802364693,0.056131280464385216,2021
2021-09-19 00:00:00+00:00,BTCUSDT_210924,2021-09-24 00:00:00+00:00,47283.4,1709.982,47241.75,5,41.650000000001455,0.000881635417824307,0.06435938550117441,2021
2021-09-20 00:00:00+00:00,BTCUSDT_210924,2021-09-24 00:00:00+00:00,43052.2,6936.751,43015.62,4,36.57999999999447,0.0008503887657551947,0.07759797487516151,2021
2021-09-21 00:00:00+00:00,BTCUSDT_210924,2021-09-24 00:00:00+00:00,40796.4,6454.287,40734.38,3,62.020000000004075,0.0015225468019889853,0.1852431942419932,2021
2021-09-22 00:00:00+00:00,BTCUSDT_210924,2021-09-24 00:00:00+00:00,43561.6,3459.982,43543.61,2,17.989999999997963,0.0004131490246214763,0.07539969699341943,2021
2021-09-23 00:00:00+00:00,BTCUSDT_210924,2021-09-24 00:00:00+00:00,44809.9,2081.248,44865.26,1,-55.36000000000058,-0.0012339168434552833,-0.4503796478611784,2021
2021-09-22 00:00:00+00:00,BTCUSDT_211231,2021-12-31 00:00:00+00:00,44509.7,485.981,43543.61,100,966.0899999999965,0.022186722690194876,0.08098153781921129,2021
2021-09-23 00:00:00+00:00,BTCUSDT_211231,2021-12-31 00:00:00+00:00,45774.7,624.834,44865.26,99,909.439999999995,0.02027047207572173,0.07473456876402455,2021
2021-09-24 00:00:00+00:00,BTCUSDT_211231,2021-12-31 00:00:00+00:00,43542.6,3329.266,42810.57,98,732.0299999999988,0.017099281789520644,0.0636861005426024,2021
2021-09-25 00:00:00+00:00,BTCUSDT_211231,2021-12-31 00:00:00+00:00,43407.4,1501.463,42670.64,97,736.760000000002,0.0172662045846981,0.06497076982901862,2021
2021-09-26 00:00:00+00:00,BTCUSDT_211231,2021-12-31 00:00:00+00:00,44073.8,2146.73,43160.9,96,912.9000000000015,0.02115108813764313,0.08041819968999732,2021
2021-09-27 00:00:00+00:00,BTCUSDT_211231,2021-12-31 00:00:00+00:00,42922.1,1803.738,42147.35,95,774.75,0.018381938603494644,0.07062534305553204,2021
2021-09-28 00:00:00+00:00,BTCUSDT_211231,2021-12-31 00:00:00+00:00,41705.3,2283.004,41026.54,94,678.760000000002,0.01654441247056179,0.06424160161441546,2021
2021-09-29 00:00:00+00:00,BTCUSDT_211231,2021-12-31 00:00:00+00:00,42214.9,2322.972,41524.28,93,690.6200000000026,0.016631715227813766,0.06527501137797877,2021
2021-09-30 00:00:00+00:00,BTCUSDT_211231,2021-12-31 00:00:00+00:00,44668.9,2449.459,43824.1,92,844.8000000000029,0.019277064446275062,0.07647965785750432,2021
2021-10-01 00:00:00+00:00,BTCUSDT_211231,2021-12-31 00:00:00+00:00,49161.9,3471.959,48141.61,91,1020.2900000000009,0.021193516378035567,0.08500696129651629,2021
2021-10-02 00:00:00+00:00,BTCUSDT_211231,2021-12-31 00:00:00+00:00,48643.6,1483.556,47634.9,90,1008.6999999999971,0.021175650625906574,0.08587902753839888,2021
2021-10-03 00:00:00+00:00,BTCUSDT_211231,2021-12-31 00:00:00+00:00,49325.1,2222.058,48200.01,89,1125.0899999999965,0.023342111339810852,0.09572888358461752,2021
2021-10-04 00:00:00+00:00,BTCUSDT_211231,2021-12-31 00:00:00+00:00,50461.2,1808.321,49224.94,88,1236.2599999999948,0.02511450496435333,0.10416811718169278,2021
2021-10-05 00:00:00+00:00,BTCUSDT_211231,2021-12-31 00:00:00+00:00,52764.5,1860.87,51471.99,87,1292.510000000002,0.0251109389786562,0.10535049111735073,2021
2021-10-06 00:00:00+00:00,BTCUSDT_211231,2021-12-31 00:00:00+00:00,56710.1,2431.58,55315.0,86,1395.0999999999985,0.02522100696013737,0.10704264581918768,2021
2021-10-07 00:00:00+00:00,BTCUSDT_211231,2021-12-31 00:00:00+00:00,55176.4,1284.378,53785.22,85,1391.1800000000003,0.025865470104984238,0.11106937162728525,2021
2021-10-08 00:00:00+00:00,BTCUSDT_211231,2021-12-31 00:00:00+00:00,55367.1,1536.003,53951.43,84,1415.6699999999983,0.026239712274540236,0.11401779738341887,2021
2021-10-09 00:00:00+00:00,BTCUSDT_211231,2021-12-31 00:00:00+00:00,56531.6,1528.864,54949.72,83,1581.8799999999974,0.028787771803022787,0.1265968278084737,2021
2021-10-10 00:00:00+00:00,BTCUSDT_211231,2021-12-31 00:00:00+00:00,56221.0,2157.046,54659.0,82,1562.0,0.0285771785067418,0.12720329457269217,2021
2021-10-11 00:00:00+00:00,BTCUSDT_211231,2021-12-31 00:00:00+00:00,59422.9,2176.548,57471.35,81,1951.550000000003,0.03395691940419014,0.15301574793246173,2021
2021-10-12 00:00:00+00:00,BTCUSDT_211231,2021-12-31 00:00:00+00:00,57771.7,2199.897,55996.93,80,1774.7699999999968,0.031694058942159806,0.1446041439236041,2021
2021-10-13 00:00:00+00:00,BTCUSDT_211231,2021-12-31 00:00:00+00:00,59275.1,1687.071,57367.0,79,1908.0999999999985,0.03326128261892723,0.15367554627732202,2021
2021-10-14 00:00:00+00:00,BTCUSDT_211231,2021-12-31 00:00:00+00:00,59246.0,1722.938,57347.94,78,1898.0599999999977,0.03309726556873704,0.15487822990498742,2021
2021-10-15 00:00:00+00:00,BTCUSDT_211231,2021-12-31 00:00:00+00:00,63806.6,2829.443,61672.42,77,2134.1800000000003,0.03460509576241698,0.16403714225041816,2021
2021-10-16 00:00:00+00:00,BTCUSDT_211231,2021-12-31 00:00:00+00:00,62823.8,1345.694,60875.57,76,1948.2300000000032,0.032003478571124726,0.153700916821849,2021
2021-10-17 00:00:00+00:00,BTCUSDT_211231,2021-12-31 00:00:00+00:00,63691.6,1690.448,61528.33,75,2163.269999999997,0.035158925977675594,0.17110677309135455,2021
2021-10-18 00:00:00+00:00,BTCUSDT_211231,2021-12-31 00:00:00+00:00,64146.9,3353.064,62009.84,74,2137.060000000005,0.03446324002771181,0.16998760283938935,2021
2021-10-19 00:00:00+00:00,BTCUSDT_211231,2021-12-31 00:00:00+00:00,66514.4,3373.243,64280.59,73,2233.8099999999977,0.03475092559044648,0.1737546279522324,2021
2021-10-20 00:00:00+00:00,BTCUSDT_211231,2021-12-31 00:00:00+00:00,68726.2,2203.667,66001.41,72,2724.7899999999936,0.04128381499728556,0.20928600658346153,2021
2021-10-21 00:00:00+00:00,BTCUSDT_211231,2021-12-31 00:00:00+00:00,64596.8,3498.471,62193.15,71,2403.6500000000015,0.03864814694222758,0.19868413568891644,2021
2021-10-22 00:00:00+00:00,BTCUSDT_211231,2021-12-31 00:00:00+00:00,62900.6,2436.328,60688.22,70,2212.3799999999974,0.03645485071073097,0.19008600727738292,2021
2021-10-23 00:00:00+00:00,BTCUSDT_211231,2021-12-31 00:00:00+00:00,63577.1,1484.732,61286.75,69,2290.3499999999985,0.03737104675969926,0.1976874212650758,2021
2021-10-24 00:00:00+00:00,BTCUSDT_211231,2021-12-31 00:00:00+00:00,63073.5,1798.143,60852.22,68,2221.279999999999,0.03650285889323346,0.19593446317691487,2021
2021-10-25 00:00:00+00:00,BTCUSDT_211231,2021-12-31 00:00:00+00:00,65532.4,1553.491,63078.78,67,2453.6200000000026,0.03889770854794596,0.21190542716418323,2021
2021-10-26 00:00:00+00:00,BTCUSDT_211231,2021-12-31 00:00:00+00:00,62306.9,2030.937,60328.81,66,1978.0900000000038,0.03278848032971318,0.1813302321264441,2021
2021-10-27 00:00:00+00:00,BTCUSDT_211231,2021-12-31 00:00:00+00:00,60091.9,3256.099,58413.44,65,1678.4599999999991,0.02873414063612756,0.16135325126440858,2021
2021-10-28 00:00:00+00:00,BTCUSDT_211231,2021-12-31 00:00:00+00:00,62592.5,2771.813,60575.89,64,2016.6100000000006,0.03329063757874627,0.18986066744128732,2021
2021-10-29 00:00:00+00:00,BTCUSDT_211231,2021-12-31 00:00:00+00:00,64460.0,2222.554,62253.71,63,2206.290000000001,0.03544029745375819,0.20532870747018636,2021
2021-10-30 00:00:00+00:00,BTCUSDT_211231,2021-12-31 00:00:00+00:00,64011.7,1304.398,61859.19,62,2152.5099999999948,0.03479693154727688,0.2048529034638074,2021
2021-10-31 00:00:00+00:00,BTCUSDT_211231,2021-12-31 00:00:00+00:00,63327.2,1436.86,61299.8,61,2027.3999999999942,0.0330735173687352,0.19789891540308768,2021
2021-11-01 00:00:00+00:00,BTCUSDT_211231,2021-12-31 00:00:00+00:00,62809.6,2238.38,60911.11,60,1898.489999999998,0.031168205603214223,0.18960658408621983,2021
2021-11-02 00:00:00+00:00,BTCUSDT_211231,2021-12-31 00:00:00+00:00,65454.3,1771.211,63219.99,59,2234.310000000005,0.03534182779845434,0.21864012112603107,2021
2021-11-03 00:00:00+00:00,BTCUSDT_211231,2021-12-31 00:00:00+00:00,65149.7,1799.844,62896.48,58,2253.219999999994,0.03582426234345696,0.22544578888554812,2021
2021-11-04 00:00:00+00:00,BTCUSDT_211231,2021-12-31 00:00:00+00:00,63522.7,1596.862,61395.01,57,2127.689999999995,0.03465574808115505,0.22191838683546652,2021
2021-11-05 00:00:00+00:00,BTCUSDT_211231,2021-12-31 00:00:00+00:00,62906.0,1275.704,60937.12,56,1968.8799999999974,0.03231002712304089,0.21059214106982008,2021
2021-11-06 00:00:00+00:00,BTCUSDT_211231,2021-12-31 00:00:00+00:00,63294.1,1534.482,61470.61,55,1823.489999999998,0.029664420118817723,0.1968638789703358,2021
2021-11-07 00:00:00+00:00,BTCUSDT_211231,2021-12-31 00:00:00+00:00,65269.3,1248.108,63273.59,54,1995.7100000000064,0.03154096361530943,0.21319355036273965,2021
2021-11-08 00:00:00+00:00,BTCUSDT_211231,2021-12-31 00:00:00+00:00,70217.5,3010.949,67525.83,53,2691.6699999999983,0.039861338986873586,0.27451676849450674,2021
2021-11-09 00:00:00+00:00,BTCUSDT_211231,2021-12-31 00:00:00+00:00,69339.9,1680.624,66947.66,52,2392.2399999999907,0.03573298902456024,0.2508180960377786,2021
2021-11-10 00:00:00+00:00,BTCUSDT_211231,2021-12-31 00:00:00+00:00,66479.6,3726.629,64882.43,51,1597.1700000000055,0.024616371489169033,0.1761759920303274,2021
2021-11-11 00:00:00+00:00,BTCUSDT_211231,2021-12-31 00:00:00+00:00,66450.0,1718.131,64774.26,50,1675.739999999998,0.025870461507395037,0.18885436900398375,2021
2021-11-12 00:00:00+00:00,BTCUSDT_211231,2021-12-31 00:00:00+00:00,65689.5,2006.593,64122.23,49,1567.2699999999968,0.024441913514236743,0.18206731495298797,2021
2021-11-13 00:00:00+00:00,BTCUSDT_211231,2021-12-31 00:00:00+00:00,65899.3,1056.136,64380.0,48,1519.300000000003,0.02359894377135761,0.1794503015946985,2021
2021-11-14 00:00:00+00:00,BTCUSDT_211231,2021-12-31 00:00:00+00:00,67079.0,1097.598,65519.1,47,1559.9000000000015,0.02380832459542334,0.18489443568786212,2021
2021-11-15 00:00:00+00:00,BTCUSDT_211231,2021-12-31 00:00:00+00:00,65039.2,1574.069,63606.74,46,1432.4599999999991,0.022520569361045687,0.17869582210394946,2021
2021-11-16 00:00:00+00:00,BTCUSDT_211231,2021-12-31 00:00:00+00:00,61113.7,3917.408,60058.87,45,1054.8299999999945,0.017563267507363933,0.14245761422639633,2021
2021-11-17 00:00:00+00:00,BTCUSDT_211231,2021-12-31 00:00:00+00:00,61425.5,1969.888,60344.87,44,1080.6299999999974,0.017907570270679136,0.14855143519995193,2021
2021-11-18 00:00:00+00:00,BTCUSDT_211231,2021-12-31 00:00:00+00:00,57745.5,3225.287,56891.62,43,853.8799999999974,0.015008888831079117,0.1274010331010204,2021
2021-11-19 00:00:00+00:00,BTCUSDT_211231,2021-12-31 00:00:00+00:00,58962.3,2214.123,58052.24,42,910.060000000005,0.015676569930807235,0.13623685773201524,2021
2021-11-20 00:00:00+00:00,BTCUSDT_211231,2021-12-31 00:00:00+00:00,60663.9,1678.02,59707.51,41,956.3899999999994,0.016017918013998565,0.1425985384173043,2021
2021-11-21 00:00:00+00:00,BTCUSDT_211231,2021-12-31 00:00:00+00:00,59570.3,1389.837,58622.02,40,948.2800000000061,0.016176174072473213,0.14760758841131807,2021
2021-11-22 00:00:00+00:00,BTCUSDT_211231,2021-12-31 00:00:00+00:00,57037.7,2523.691,56247.18,39,790.5199999999968,0.014054393482482087,0.1315347082334862,2021
2021-11-23 00:00:00+00:00,BTCUSDT_211231,2021-12-31 00:00:00+00:00,58374.0,2248.031,57541.27,38,832.7300000000032,0.014471873839420007,0.13900615661548163,2021
2021-11-24 00:00:00+00:00,BTCUSDT_211231,2021-12-31 00:00:00+00:00,57950.7,1751.842,57138.29,37,812.4099999999962,0.014218311398538462,0.1402617205531497,2021
2021-11-25 00:00:00+00:00,BTCUSDT_211231,2021-12-31 00:00:00+00:00,59846.7,1593.602,58960.36,36,886.3399999999965,0.015032811875639778,0.15241600929468108,2021
2021-11-26 00:00:00+00:00,BTCUSDT_211231,2021-12-31 00:00:00+00:00,54230.2,2828.53,53726.53,35,503.66999999999825,0.009374698123999414,0.09776470900742246,2021
2021-11-27 00:00:00+00:00,BTCUSDT_211231,2021-12-31 00:00:00+00:00,55298.7,1266.394,54721.03,34,577.6699999999983,0.010556636086711056,0.11332859328380986,2021
2021-11-28 00:00:00+00:00,BTCUSDT_211231,2021-12-31 00:00:00+00:00,58029.7,1696.413,57274.88,33,754.8199999999997,0.013178901466052826,0.145766637427554,2021
2021-11-29 00:00:00+00:00,BTCUSDT_211231,2021-12-31 00:00:00+00:00,58431.6,1896.183,57776.25,32,655.3499999999985,0.011342896086194562,0.12937990848315672,2021
2021-11-30 00:00:00+00:00,BTCUSDT_211231,2021-12-31 00:00:00+00:00,57584.6,4720.393,56950.56,31,634.0400000000009,0.011133165327961672,0.13108404337761323,2021
2021-12-01 00:00:00+00:00,BTCUSDT_211231,2021-12-31 00:00:00+00:00,57826.1,3801.356,57184.07,30,642.0299999999988,0.0112274274986023,0.13660036789966132,2021
2021-12-02 00:00:00+00:00,BTCUSDT_211231,2021-12-31 00:00:00+00:00,56985.1,2075.251,56480.34,29,504.76000000000204,0.00893691503981743,0.11248186170804697,2021
2021-12-03 00:00:00+00:00,BTCUSDT_211231,2021-12-31 00:00:00+00:00,53986.2,3220.153,53601.05,28,385.1499999999942,0.007185493567756493,0.09366804115111144,2021
2021-12-04 00:00:00+00:00,BTCUSDT_211231,2021-12-31 00:00:00+00:00,49367.7,5393.981,49152.47,27,215.22999999999593,0.004378823688819624,0.059195209126635666,2021
2021-12-05 00:00:00+00:00,BTCUSDT_211231,2021-12-31 00:00:00+00:00,49554.4,1953.692,49396.33,26,158.0699999999997,0.0032000353062666743,0.04492357256874369,2021
2021-12-06 00:00:00+00:00,BTCUSDT_211231,2021-12-31 00:00:00+00:00,50715.7,2278.975,50441.92,25,273.77999999999884,0.00542762844871882,0.07924337535129478,2021
2021-12-07 00:00:00+00:00,BTCUSDT_211231,2021-12-31 00:00:00+00:00,50809.1,2076.624,50588.95,24,220.15000000000146,0.004351740844591585,0.06618272534483036,2021
2021-12-08 00:00:00+00:00,BTCUSDT_211231,2021-12-31 00:00:00+00:00,50701.7,1625.641,50471.19,23,230.50999999999476,0.004567159997614377,0.07247884344040206,2021
2021-12-09 00:00:00+00:00,BTCUSDT_211231,2021-12-31 00:00:00+00:00,47731.8,1927.986,47545.59,22,186.2100000000064,0.003916451557336998,0.06497749174672747,2021
2021-12-10 00:00:00+00:00,BTCUSDT_211231,2021-12-31 00:00:00+00:00,47320.2,2275.886,47140.54,21,179.65999999999622,0.003811157021111685,0.06624153870027452,2021
2021-12-11 00:00:00+00:00,BTCUSDT_211231,2021-12-31 00:00:00+00:00,49612.5,1682.853,49389.99,20,222.51000000000204,0.004505163900620389,0.08221924118632211,2021
2021-12-12 00:00:00+00:00,BTCUSDT_211231,2021-12-31 00:00:00+00:00,50239.6,1508.396,50053.9,19,185.6999999999971,0.0037100006193323013,0.07127106452927842,2021
2021-12-13 00:00:00+00:00,BTCUSDT_211231,2021-12-31 00:00:00+00:00,46783.3,2696.588,46702.75,18,80.55000000000291,0.0017247378366370913,0.03497385057625213,2021
2021-12-14 00:00:00+00:00,BTCUSDT_211231,2021-12-31 00:00:00+00:00,48529.5,2517.454,48343.28,17,186.22000000000116,0.0038520348639976675,0.0827054544328911,2021
2021-12-15 00:00:00+00:00,BTCUSDT_211231,2021-12-31 00:00:00+00:00,49057.7,2540.294,48864.98,16,192.7199999999939,0.003943928760433216,0.08997087484738274,2021
2021-12-16 00:00:00+00:00,BTCUSDT_211231,2021-12-31 00:00:00+00:00,47764.2,1452.045,47632.38,15,131.8199999999997,0.002767445170701101,0.06734116582039346,2021
2021-12-17 00:00:00+00:00,BTCUSDT_211231,2021-12-31 00:00:00+00:00,46271.4,2831.242,46131.2,14,140.20000000000437,0.0030391578801332803,0.0792351875891891,2021
2021-12-18 00:00:00+00:00,BTCUSDT_211231,2021-12-31 00:00:00+00:00,46980.1,1491.652,46834.48,13,145.61999999999534,0.003109247716639436,0.08729810896718417,2021
2021-12-19 00:00:00+00:00,BTCUSDT_211231,2021-12-31 00:00:00+00:00,46827.3,1511.818,46681.23,12,146.0699999999997,0.003129094927447278,0.09517663737652138,2021
2021-12-20 00:00:00+00:00,BTCUSDT_211231,2021-12-31 00:00:00+00:00,47028.3,1755.577,46914.16,11,114.13999999999942,0.002432954144335088,0.0807298420620279,2021
2021-12-21 00:00:00+00:00,BTCUSDT_211231,2021-12-31 00:00:00+00:00,49072.5,1716.241,48889.88,10,182.62000000000262,0.003735333365514553,0.13633966784128118,2021
2021-12-22 00:00:00+00:00,BTCUSDT_211231,2021-12-31 00:00:00+00:00,48746.4,1228.961,48588.16,9,158.23999999999796,0.0032567604947377703,0.13207973117547625,2021
2021-12-23 00:00:00+00:00,BTCUSDT_211231,2021-12-31 00:00:00+00:00,50934.4,1737.675,50838.81,8,95.59000000000378,0.0018802564418798117,0.08578670016076641,2021
2021-12-24 00:00:00+00:00,BTCUSDT_211231,2021-12-31 00:00:00+00:00,50891.7,1446.289,50820.0,7,71.69999999999709,0.0014108618654072626,0.07356636869623584,2021
2021-12-25 00:00:00+00:00,BTCUSDT_211231,2021-12-31 00:00:00+00:00,50455.7,1025.711,50399.66,6,56.0399999999936,0.0011119122629000592,0.06764132932642027,2021
2021-12-26 00:00:00+00:00,BTCUSDT_211231,2021-12-31 00:00:00+00:00,50838.9,1390.436,50775.49,5,63.41000000000349,0.0012488308827744152,0.09116465444253231,2021
2021-12-27 00:00:00+00:00,BTCUSDT_211231,2021-12-31 00:00:00+00:00,50760.0,1389.238,50701.44,4,58.55999999999767,0.0011549967811564656,0.10539345628052749,2021
2021-12-28 00:00:00+00:00,BTCUSDT_211231,2021-12-31 00:00:00+00:00,47568.4,1869.429,47543.74,3,24.660000000003492,0.0005186802721031937,0.06310609977255524,2021
2021-12-29 00:00:00+00:00,BTCUSDT_211231,2021-12-31 00:00:00+00:00,46451.0,1776.068,46464.66,2,-13.660000000003492,-0.0002939868708821606,-0.05365260393599431,2021
2021-12-30 00:00:00+00:00,BTCUSDT_211231,2021-12-31 00:00:00+00:00,47133.1,1386.261,47120.87,1,12.229999999995925,0.0002595452927757048,0.09473403186313226,2021
2021-12-24 00:00:00+00:00,BTCUSDT_220325,2022-03-25 00:00:00+00:00,52197.1,427.936,50820.0,91,1377.0999999999985,0.027097599370326613,0.10868817329856278,2021
2021-12-25 00:00:00+00:00,BTCUSDT_220325,2022-03-25 00:00:00+00:00,51710.0,412.897,50399.66,90,1310.3399999999965,0.025998984913787045,0.10544032770591412,2021
2021-12-26 00:00:00+00:00,BTCUSDT_220325,2022-03-25 00:00:00+00:00,52073.2,510.498,50775.49,89,1297.7099999999991,0.025557803578064912,0.1048157113032999,2021
2021-12-27 00:00:00+00:00,BTCUSDT_220325,2022-03-25 00:00:00+00:00,51928.7,485.183,50701.44,88,1227.2599999999948,0.024205624140063768,0.10039832739912813,2021
2021-12-28 00:00:00+00:00,BTCUSDT_220325,2022-03-25 00:00:00+00:00,48965.6,740.659,47543.74,87,1421.8600000000006,0.029906355705293708,0.12546919347623223,2021
2021-12-29 00:00:00+00:00,BTCUSDT_220325,2022-03-25 00:00:00+00:00,47462.3,675.889,46464.66,86,997.6399999999994,0.02147094157150831,0.09112667062326202,2021
2021-12-30 00:00:00+00:00,BTCUSDT_220325,2022-03-25 00:00:00+00:00,48178.1,585.251,47120.87,85,1057.229999999996,0.022436555182448793,0.09634520754816246,2021
2021-12-31 00:00:00+00:00,BTCUSDT_220325,2022-03-25 00:00:00+00:00,47205.9,1882.778,46216.93,84,988.9700000000012,0.021398435594921626,0.0929812975255523,2021
2022-01-01 00:00:00+00:00,BTCUSDT_220325,2022-03-25 00:00:00+00:00,48797.5,1174.275,47722.65,83,1074.8499999999985,0.02252284816538894,0.09904626000442124,2022
2022-01-02 00:00:00+00:00,BTCUSDT_220325,2022-03-25 00:00:00+00:00,48345.9,1048.591,47286.18,82,1059.7200000000012,0.02241077625640306,0.09975528455594045,2022
2022-01-03 00:00:00+00:00,BTCUSDT_220325,2022-03-25 00:00:00+00:00,47461.6,1687.234,46446.1,81,1015.5,0.0218640531713104,0.09852320256207772,2022
2022-01-04 00:00:00+00:00,BTCUSDT_220325,2022-03-25 00:00:00+00:00,46841.8,1936.723,45832.01,80,1009.7900000000009,0.022032417954176587,0.10052290691593067,2022
2022-01-05 00:00:00+00:00,BTCUSDT_220325,2022-03-25 00:00:00+00:00,44294.7,2775.746,43451.13,79,843.5699999999997,0.01941422467033653,0.08969863297054219,2022
2022-01-06 00:00:00+00:00,BTCUSDT_220325,2022-03-25 00:00:00+00:00,43892.6,2015.862,43082.31,78,810.2900000000009,0.01880795156991352,0.08801156824382608,2022
2022-01-07 00:00:00+00:00,BTCUSDT_220325,2022-03-25 00:00:00+00:00,42280.0,3254.642,41566.48,77,713.5199999999968,0.017165754713894386,0.08137013598144742,2022
2022-01-08 00:00:00+00:00,BTCUSDT_220325,2022-03-25 00:00:00+00:00,42417.8,2040.673,41679.74,76,738.060000000005,0.017707883974324337,0.08504444277142609,2022
2022-01-09 00:00:00+00:00,BTCUSDT_220325,2022-03-25 00:00:00+00:00,42589.8,1453.005,41864.62,75,725.1800000000003,0.017322025137216108,0.08430052233445172,2022
2022-01-10 00:00:00+00:00,BTCUSDT_220325,2022-03-25 00:00:00+00:00,42516.2,2877.097,41822.49,74,693.7099999999991,0.016587008568834594,0.08181429902195442,2022
2022-01-11 00:00:00+00:00,BTCUSDT_220325,2022-03-25 00:00:00+00:00,43403.8,1957.386,42729.29,73,674.510000000002,0.01578565897069673,0.07892829485348364,2022
2022-01-12 00:00:00+00:00,BTCUSDT_220325,2022-03-25 00:00:00+00:00,44539.8,1656.404,43902.66,72,637.1399999999994,0.014512560286779875,0.07357061812048131,2022
2022-01-13 00:00:00+00:00,BTCUSDT_220325,2022-03-25 00:00:00+00:00,43125.2,1892.41,42560.11,71,565.0899999999965,0.013277456284769859,0.06825734568930983,2022
2022-01-14 00:00:00+00:00,BTCUSDT_220325,2022-03-25 00:00:00+00:00,43670.1,1564.263,43059.96,70,610.1399999999994,0.014169544049739002,0.07388405111649622,2022
2022-01-15 00:00:00+00:00,BTCUSDT_220325,2022-03-25 00:00:00+00:00,43700.0,1154.497,43084.29,69,615.7099999999991,0.014290823871067601,0.07559638714405326,2022
2022-01-16 00:00:00+00:00,BTCUSDT_220325,2022-03-25 00:00:00+00:00,43662.9,1004.046,43071.66,68,591.239999999998,0.013726891417697807,0.07368110834499557,2022
2022-01-17 00:00:00+00:00,BTCUSDT_220325,2022-03-25 00:00:00+00:00,42743.8,1111.38,42201.62,67,542.1800000000003,0.012847374105543822,0.0699894260973656,2022
2022-01-18 00:00:00+00:00,BTCUSDT_220325,2022-03-25 00:00:00+00:00,42872.4,1340.6,42352.12,66,520.2799999999988,0.012284627074158243,0.06793771033435998,2022
2022-01-19 00:00:00+00:00,BTCUSDT_220325,2022-03-25 00:00:00+00:00,42068.5,1954.225,41660.01,65,408.48999999999796,0.009805326498961424,0.05506067957109107,2022
2022-01-20 00:00:00+00:00,BTCUSDT_220325,2022-03-25 00:00:00+00:00,41084.5,2224.749,40680.91,64,403.5899999999965,0.009920869518405475,0.05657995897215622,2022
2022-01-21 00:00:00+00:00,BTCUSDT_220325,2022-03-25 00:00:00+00:00,36727.4,4216.509,36445.31,63,282.0900000000038,0.007740090563093134,0.04484338183379355,2022
2022-01-22 00:00:00+00:00,BTCUSDT_220325,2022-03-25 00:00:00+00:00,35408.5,4666.878,35071.42,62,337.08000000000175,0.009611244711505887,0.056582327737091105,2022
2022-01-23 00:00:00+00:00,BTCUSDT_220325,2022-03-25 00:00:00+00:00,36702.3,2316.189,36244.55,61,457.75,0.012629484984639068,0.07556986917038132,2022
2022-01-24 00:00:00+00:00,BTCUSDT_220325,2022-03-25 00:00:00+00:00,37033.3,5051.531,36660.35,60,372.95000000000437,0.010173116186834124,0.06188645680324092,2022
2022-01-25 00:00:00+00:00,BTCUSDT_220325,2022-03-25 00:00:00+00:00,37253.5,2460.336,36958.32,59,295.1800000000003,0.007986834899421843,0.04941008030998259,2022
2022-01-26 00:00:00+00:00,BTCUSDT_220325,2022-03-25 00:00:00+00:00,37081.3,2967.019,36809.34,58,271.9600000000064,0.00738834219793146,0.046495601762844535,2022
2022-01-27 00:00:00+00:00,BTCUSDT_220325,2022-03-25 00:00:00+00:00,37449.3,2481.02,37160.1,57,289.20000000000437,0.007782540951181627,0.04983556924879463,2022
2022-01-28 00:00:00+00:00,BTCUSDT_220325,2022-03-25 00:00:00+00:00,37961.0,2171.932,37716.56,56,244.44000000000233,0.006480972814063699,0.04224205494880804,2022
2022-01-29 00:00:00+00:00,BTCUSDT_220325,2022-03-25 00:00:00+00:00,38422.3,1672.717,38166.84,55,255.4600000000064,0.006693244711901913,0.044418805815349065,2022
2022-01-30 00:00:00+00:00,BTCUSDT_220325,2022-03-25 00:00:00+00:00,38174.9,1241.994,37881.76,54,293.1399999999994,0.007738288822905784,0.05230510037704836,2022
2022-01-31 00:00:00+00:00,BTCUSDT_220325,2022-03-25 00:00:00+00:00,38682.9,1882.336,38466.9,53,216.0,0.005615217238716923,0.03867083570059767,2022
2022-02-01 00:00:00+00:00,BTCUSDT_220325,2022-03-25 00:00:00+00:00,38937.3,2158.538,38694.59,52,242.7100000000064,0.006272453074189607,0.04402779561690782,2022
2022-02-02 00:00:00+00:00,BTCUSDT_220325,2022-03-25 00:00:00+00:00,37106.9,2169.356,36896.36,51,210.54000000000087,0.005706253950254195,0.04083887631064277,2022
2022-02-03 00:00:00+00:00,BTCUSDT_220325,2022-03-25 00:00:00+00:00,37530.5,1762.695,37311.61,50,218.88999999999942,0.005866538592143288,0.042825731722646,2022
2022-02-04 00:00:00+00:00,BTCUSDT_220325,2022-03-25 00:00:00+00:00,41813.2,3888.132,41574.25,49,238.9499999999971,0.0057475480616005605,0.04281336821396336,2022
2022-02-05 00:00:00+00:00,BTCUSDT_220325,2022-03-25 00:00:00+00:00,41615.0,1757.954,41382.59,48,232.4100000000035,0.0056161298749064165,0.04270598759043421,2022
2022-02-06 00:00:00+00:00,BTCUSDT_220325,2022-03-25 00:00:00+00:00,42602.3,1410.331,42380.87,47,221.4300000000003,0.005224762964988691,0.04057528685576324,2022
2022-02-07 00:00:00+00:00,BTCUSDT_220325,2022-03-25 00:00:00+00:00,44059.7,3533.354,43839.99,46,219.70999999999913,0.005011634354843583,0.03976622911995452,2022
2022-02-08 00:00:00+00:00,BTCUSDT_220325,2022-03-25 00:00:00+00:00,44206.2,4337.897,44042.99,45,163.20999999999913,0.0037056975468740686,0.030057324546867444,2022
2022-02-09 00:00:00+00:00,BTCUSDT_220325,2022-03-25 00:00:00+00:00,44504.8,3032.35,44372.72,44,132.08000000000175,0.0029766036429590467,0.02469228022000118,2022
2022-02-10 00:00:00+00:00,BTCUSDT_220325,2022-03-25 00:00:00+00:00,43599.8,4939.188,43495.44,43,104.36000000000058,0.002399331975949676,0.020366422586549575,2022
2022-02-11 00:00:00+00:00,BTCUSDT_220325,2022-03-25 00:00:00+00:00,42488.3,3584.474,42373.73,42,114.56999999999971,0.0027037978483366865,0.023497290824830725,2022
2022-02-12 00:00:00+00:00,BTCUSDT_220325,2022-03-25 00:00:00+00:00,42315.0,2090.656,42217.87,41,97.12999999999738,0.0023006845205595966,0.020481703658640313,2022
2022-02-13 00:00:00+00:00,BTCUSDT_220325,2022-03-25 00:00:00+00:00,42159.8,1538.505,42053.66,40,106.13999999999942,0.0025239182511105906,0.02303075404138414,2022
2022-02-14 00:00:00+00:00,BTCUSDT_220325,2022-03-25 00:00:00+00:00,42603.3,2475.54,42535.94,39,67.36000000000058,0.0015836020080901134,0.014820890588535677,2022
2022-02-15 00:00:00+00:00,BTCUSDT_220325,2022-03-25 00:00:00+00:00,44642.1,2561.27,44544.86,38,97.23999999999796,0.0021829679114492213,0.020967981254709625,2022
2022-02-16 00:00:00+00:00,BTCUSDT_220325,2022-03-25 00:00:00+00:00,43951.6,1990.223,43873.56,37,78.04000000000087,0.0017787478381057038,0.017547107051583292,2022
2022-02-17 00:00:00+00:00,BTCUSDT_220325,2022-03-25 00:00:00+00:00,40598.0,3304.669,40515.7,36,82.30000000000291,0.0020313113188221584,0.02059523976028022,2022
2022-02-18 00:00:00+00:00,BTCUSDT_220325,2022-03-25 00:00:00+00:00,40067.4,3184.734,39974.44,35,92.95999999999913,0.0023254859855447413,0.02425149670639516,2022
2022-02-19 00:00:00+00:00,BTCUSDT_220325,2022-03-25 00:00:00+00:00,40201.3,1361.227,40079.17,34,122.13000000000466,0.0030472187922056435,0.032712789975148815,2022
2022-02-20 00:00:00+00:00,BTCUSDT_220325,2022-03-25 00:00:00+00:00,38444.9,2217.595,38386.89,33,58.01000000000204,0.0015111930140733474,0.016714710610205206,2022
2022-02-21 00:00:00+00:00,BTCUSDT_220325,2022-03-25 00:00:00+00:00,37087.0,4743.245,37008.16,32,78.83999999999651,0.002130340984258512,0.024299201851698652,2022
2022-02-22 00:00:00+00:00,BTCUSDT_220325,2022-03-25 00:00:00+00:00,38293.1,3323.825,38230.33,31,62.7699999999968,0.001641890090930337,0.01933193171579268,2022
2022-02-23 00:00:00+00:00,BTCUSDT_220325,2022-03-25 00:00:00+00:00,37321.9,3073.253,37250.01,30,71.88999999999942,0.0019299323678033755,0.0234808438082744,2022
2022-02-24 00:00:00+00:00,BTCUSDT_220325,2022-03-25 00:00:00+00:00,38403.0,7693.528,38327.21,29,75.79000000000087,0.0019774463103367263,0.024888548388720864,2022
2022-02-25 00:00:00+00:00,BTCUSDT_220325,2022-03-25 00:00:00+00:00,39291.7,3388.46,39219.17,28,72.52999999999884,0.0018493507129293872,0.024107607507829514,2022
2022-02-26 00:00:00+00:00,BTCUSDT_220325,2022-03-25 00:00:00+00:00,39150.0,2083.139,39116.72,27,33.279999999998836,0.0008507870803073171,0.011501380900450768,2022
2022-02-27 00:00:00+00:00,BTCUSDT_220325,2022-03-25 00:00:00+00:00,37747.0,3296.035,37699.07,26,47.93000000000029,0.0012713841482031331,0.01784827746515937,2022
2022-02-28 00:00:00+00:00,BTCUSDT_220325,2022-03-25 00:00:00+00:00,43243.6,5086.891,43160.0,25,83.59999999999854,0.0019369786839666021,0.02827988878591239,2022
2022-03-01 00:00:00+00:00,BTCUSDT_220325,2022-03-25 00:00:00+00:00,44487.5,4312.523,44421.2,24,66.30000000000291,0.0014925305935004664,0.022698902776152927,2022
2022-03-02 00:00:00+00:00,BTCUSDT_220325,2022-03-25 00:00:00+00:00,43989.8,3269.31,43892.98,23,96.81999999999971,0.002205819700553476,0.03500539959573994,2022
2022-03-03 00:00:00+00:00,BTCUSDT_220325,2022-03-25 00:00:00+00:00,42520.8,3383.657,42454.0,22,66.80000000000291,0.0015734677533330878,0.02610526045302623,2022
2022-03-04 00:00:00+00:00,BTCUSDT_220325,2022-03-25 00:00:00+00:00,39181.2,3950.886,39148.66,21,32.5399999999936,0.0008311906461164595,0.014446885039643222,2022
2022-03-05 00:00:00+00:00,BTCUSDT_220325,2022-03-25 00:00:00+00:00,39425.6,1791.13,39397.96,20,27.639999999999418,0.0007015591670228463,0.012803454798166946,2022
2022-03-06 00:00:00+00:00,BTCUSDT_220325,2022-03-25 00:00:00+00:00,38450.0,2642.439,38420.81,19,29.19000000000233,0.0007597445238661635,0.014595092169007876,2022
2022-03-07 00:00:00+00:00,BTCUSDT_220325,2022-03-25 00:00:00+00:00,38008.1,4279.229,37988.0,18,20.099999999998545,0.0005291144571969713,0.010729265382049696,2022
2022-03-08 00:00:00+00:00,BTCUSDT_220325,2022-03-25 00:00:00+00:00,38779.7,3745.818,38730.63,17,49.06999999999971,0.001266955895114531,0.027202288336282576,2022
2022-03-09 00:00:00+00:00,BTCUSDT_220325,2022-03-25 00:00:00+00:00,41978.0,4235.705,41941.71,16,36.29000000000087,0.0008652484603036183,0.019738480500676295,2022
2022-03-10 00:00:00+00:00,BTCUSDT_220325,2022-03-25 00:00:00+00:00,39430.7,4330.28,39422.0,15,8.69999999999709,0.00022068895540553726,0.005370097914868073,2022
2022-03-11 00:00:00+00:00,BTCUSDT_220325,2022-03-25 00:00:00+00:00,38750.2,3964.667,38729.57,14,20.62999999999738,0.0005326679330547017,0.01388741396892615,2022
2022-03-12 00:00:00+00:00,BTCUSDT_220325,2022-03-25 00:00:00+00:00,38834.3,1298.62,38807.36,13,26.94000000000233,0.0006941982139471051,0.019490949853130258,2022
2022-03-13 00:00:00+00:00,BTCUSDT_220325,2022-03-25 00:00:00+00:00,37773.3,1821.599,37777.34,12,-4.039999999993597,-0.00010694241574429532,-0.003252831812222316,2022
2022-03-14 00:00:00+00:00,BTCUSDT_220325,2022-03-25 00:00:00+00:00,39716.3,2655.494,39671.37,11,44.93000000000029,0.0011325547869912305,0.03758022702289083,2022
2022-03-15 00:00:00+00:00,BTCUSDT_220325,2022-03-25 00:00:00+00:00,39327.7,2309.576,39280.33,10,47.36999999999534,0.0012059470987131559,0.04401706910303019,2022
2022-03-16 00:00:00+00:00,BTCUSDT_220325,2022-03-25 00:00:00+00:00,41151.5,5652.295,41114.0,9,37.5,0.0009120980687843557,0.03699064390069887,2022
2022-03-17 00:00:00+00:00,BTCUSDT_220325,2022-03-25 00:00:00+00:00,40922.6,1941.222,40917.9,8,4.69999999999709,0.00011486415480748254,0.005240677063091391,2022
2022-03-18 00:00:00+00:00,BTCUSDT_220325,2022-03-25 00:00:00+00:00,41784.7,2295.392,41757.51,7,27.189999999995052,0.0006511403577463084,0.033952318653914654,2022
2022-03-19 00:00:00+00:00,BTCUSDT_220325,2022-03-25 00:00:00+00:00,42214.6,1441.559,42201.13,6,13.470000000001164,0.0003191857658788086,0.019417134090960856,2022
2022-03-20 00:00:00+00:00,BTCUSDT_220325,2022-03-25 00:00:00+00:00,41284.5,1755.553,41262.11,5,22.389999999999418,0.0005426285761925267,0.03961188606205445,2022
2022-03-21 00:00:00+00:00,BTCUSDT_220325,2022-03-25 00:00:00+00:00,41001.5,2349.663,41002.25,4,-0.75,-1.829167911517051e-05,-0.001669115719259309,2022
2022-03-22 00:00:00+00:00,BTCUSDT_220325,2022-03-25 00:00:00+00:00,42367.6,3499.038,42364.13,3,3.470000000001164,8.190891681243458e-05,0.009965584878846207,2022
2022-03-23 00:00:00+00:00,BTCUSDT_220325,2022-03-25 00:00:00+00:00,42845.1,2141.763,42882.76,2,-37.66000000000349,-0.0008782083988997791,-0.16027303279920968,2022
2022-03-24 00:00:00+00:00,BTCUSDT_220325,2022-03-25 00:00:00+00:00,43956.8,3000.939,43991.46,1,-34.65999999999622,-0.0007878801931101222,-0.28757627048519463,2022
2022-03-22 00:00:00+00:00,BTCUSDT_220624,2022-06-24 00:00:00+00:00,42865.6,340.424,42364.13,94,501.47000000000116,0.011837136747526768,0.04596335013667309,2022
2022-03-23 00:00:00+00:00,BTCUSDT_220624,2022-06-24 00:00:00+00:00,43766.0,499.85,42882.76,93,883.239999999998,0.020596622045782453,0.08083620480333974,2022
2022-03-24 00:00:00+00:00,BTCUSDT_220624,2022-06-24 00:00:00+00:00,44640.1,638.69,43991.46,92,648.6399999999994,0.014744679990161713,0.05849791517835897,2022
2022-03-25 00:00:00+00:00,BTCUSDT_220624,2022-06-24 00:00:00+00:00,44941.8,2130.711,44313.16,91,628.6399999999994,0.014186304926121255,0.056901113165211625,2022
2022-03-26 00:00:00+00:00,BTCUSDT_220624,2022-06-24 00:00:00+00:00,45065.3,686.732,44511.27,90,554.0300000000061,0.01244696006202488,0.05047933802932312,2022
2022-03-27 00:00:00+00:00,BTCUSDT_220624,2022-06-24 00:00:00+00:00,47409.4,1413.129,46827.76,89,581.6399999999994,0.01242083755447622,0.05093938997060472,2022
2022-03-28 00:00:00+00:00,BTCUSDT_220624,2022-06-24 00:00:00+00:00,47714.6,1616.845,47122.21,88,592.3899999999994,0.012571354357106754,0.05214254932209051,2022
2022-03-29 00:00:00+00:00,BTCUSDT_220624,2022-06-24 00:00:00+00:00,48009.8,1327.633,47434.8,87,575.0,0.012121902063463953,0.0508562557834982,2022
2022-03-30 00:00:00+00:00,BTCUSDT_220624,2022-06-24 00:00:00+00:00,47659.3,1067.561,47067.99,86,591.310000000005,0.01256289040598515,0.05331924416493698,2022
2022-03-31 00:00:00+00:00,BTCUSDT_220624,2022-06-24 00:00:00+00:00,46105.9,1408.749,45510.34,85,595.560000000005,0.013086256881403325,0.05619392660837898,2022
2022-04-01 00:00:00+00:00,BTCUSDT_220624,2022-06-24 00:00:00+00:00,46866.8,2067.451,46283.49,84,583.310000000005,0.012602982186520614,0.05476295831047647,2022
2022-04-02 00:00:00+00:00,BTCUSDT_220624,2022-06-24 00:00:00+00:00,46388.2,1010.851,45811.0,83,577.1999999999971,0.012599593983977584,0.05540785306207009,2022
2022-04-03 00:00:00+00:00,BTCUSDT_220624,2022-06-24 00:00:00+00:00,47053.1,1057.507,46407.35,82,645.75,0.013914821682341268,0.0619379257811532,2022
2022-04-04 00:00:00+00:00,BTCUSDT_220624,2022-06-24 00:00:00+00:00,47246.4,1235.263,46580.51,81,665.8899999999994,0.014295463918278253,0.06441783123668596,2022
2022-04-05 00:00:00+00:00,BTCUSDT_220624,2022-06-24 00:00:00+00:00,46053.9,1135.954,45497.55,80,556.3499999999985,0.012228130965293703,0.05579084752915252,2022
2022-04-06 00:00:00+00:00,BTCUSDT_220624,2022-06-24 00:00:00+00:00,43604.8,1964.268,43170.47,79,434.33000000000175,0.010060812402552062,0.04648350034090509,2022
2022-04-07 00:00:00+00:00,BTCUSDT_220624,2022-06-24 00:00:00+00:00,43867.5,1157.786,43444.19,78,423.3099999999977,0.009743765506964168,0.04559582576976823,2022
2022-04-08 00:00:00+00:00,BTCUSDT_220624,2022-06-24 00:00:00+00:00,42621.6,1461.33,42252.01,77,369.5899999999965,0.008747276165086502,0.04146436104229316,2022
2022-04-09 00:00:00+00:00,BTCUSDT_220624,2022-06-24 00:00:00+00:00,43097.1,602.847,42753.97,76,343.1299999999974,0.008025687439084543,0.03854441993770866,2022
2022-04-10 00:00:00+00:00,BTCUSDT_220624,2022-06-24 00:00:00+00:00,42498.1,885.533,42158.85,75,339.25,0.008046946252091791,0.03916180509351338,2022
2022-04-11 00:00:00+00:00,BTCUSDT_220624,2022-06-24 00:00:00+00:00,39785.8,2340.942,39530.45,74,255.35000000000582,0.006459577363779209,0.03186142888891096,2022
2022-04-12 00:00:00+00:00,BTCUSDT_220624,2022-06-24 00:00:00+00:00,40254.2,1731.978,40074.94,73,179.25999999999476,0.004473119610409766,0.02236559805204883,2022
2022-04-13 00:00:00+00:00,BTCUSDT_220624,2022-06-24 00:00:00+00:00,41325.4,1663.857,41147.79,72,177.61000000000058,0.004316392204781851,0.021881710482574663,2022
2022-04-14 00:00:00+00:00,BTCUSDT_220624,2022-06-24 00:00:00+00:00,40112.8,1403.222,39942.38,71,170.42000000000553,0.004266646103712537,0.02193416658950811,2022
2022-04-15 00:00:00+00:00,BTCUSDT_220624,2022-06-24 00:00:00+00:00,40700.6,1170.575,40551.9,70,148.6999999999971,0.0036669058663095213,0.01912029487432822,2022
2022-04-16 00:00:00+00:00,BTCUSDT_220624,2022-06-24 00:00:00+00:00,40569.6,775.641,40378.71,69,190.88999999999942,0.0047274912942983915,0.025007743803172652,2022
2022-04-17 00:00:00+00:00,BTCUSDT_220624,2022-06-24 00:00:00+00:00,39822.0,751.049,39678.12,68,143.87999999999738,0.0036261798694090693,0.01946405371079868,2022
2022-04-18 00:00:00+00:00,BTCUSDT_220624,2022-06-24 00:00:00+00:00,40966.2,1863.226,40801.13,67,165.0699999999997,0.004045721282719369,0.02204012340585925,2022
2022-04-19 00:00:00+00:00,BTCUSDT_220624,2022-06-24 00:00:00+00:00,41668.1,1174.754,41493.18,66,174.91999999999825,0.004215632544914568,0.02331372543778511,2022
2022-04-20 00:00:00+00:00,BTCUSDT_220624,2022-06-24 00:00:00+00:00,41501.2,1279.517,41358.19,65,143.00999999999476,0.0034578399103054255,0.019417101034792005,2022
2022-04-21 00:00:00+00:00,BTCUSDT_220624,2022-06-24 00:00:00+00:00,40619.2,1642.601,40480.01,64,139.18999999999505,0.0034384872928636886,0.019610122842113224,2022
2022-04-22 00:00:00+00:00,BTCUSDT_220624,2022-06-24 00:00:00+00:00,39800.8,1424.084,39709.18,63,91.62000000000262,0.0023072750432016633,0.013367545885215985,2022
2022-04-23 00:00:00+00:00,BTCUSDT_220624,2022-06-24 00:00:00+00:00,39545.5,609.833,39441.6,62,103.90000000000146,0.0026342744716239064,0.015508228744237513,2022
2022-04-24 00:00:00+00:00,BTCUSDT_220624,2022-06-24 00:00:00+00:00,39570.5,836.376,39450.13,61,120.37000000000262,0.0030511940011351706,0.018257144433021923,2022
2022-04-25 00:00:00+00:00,BTCUSDT_220624,2022-06-24 00:00:00+00:00,40579.6,2177.758,40426.08,60,153.5199999999968,0.00379754851323692,0.023101753455524596,2022
2022-04-26 00:00:00+00:00,BTCUSDT_220624,2022-06-24 00:00:00+00:00,38263.0,1938.126,38112.65,59,150.34999999999854,0.003944884441255031,0.0244047935772557,2022
2022-04-27 00:00:00+00:00,BTCUSDT_220624,2022-06-24 00:00:00+00:00,39364.1,1858.492,39235.72,58,128.37999999999738,0.0032720184566511685,0.020591150632373732,2022
2022-04-28 00:00:00+00:00,BTCUSDT_220624,2022-06-24 00:00:00+00:00,39898.4,1956.822,39742.07,57,156.33000000000175,0.0039336149324884625,0.025188937725584015,2022
2022-04-29 00:00:00+00:00,BTCUSDT_220624,2022-06-24 00:00:00+00:00,38725.4,1426.924,38596.11,56,129.29000000000087,0.003349819450716688,0.021833644634135556,2022
2022-04-30 00:00:00+00:00,BTCUSDT_220624,2022-06-24 00:00:00+00:00,37729.4,898.47,37630.8,55,98.59999999999854,0.0026201940963253116,0.01738856082106798,2022
2022-05-01 00:00:00+00:00,BTCUSDT_220624,2022-06-24 00:00:00+00:00,38603.5,1093.82,38468.35,54,135.15000000000146,0.0035132777985019234,0.023747155489874112,2022
2022-05-02 00:00:00+00:00,BTCUSDT_220624,2022-06-24 00:00:00+00:00,38672.7,1485.079,38525.16,53,147.5399999999936,0.0038297050550859125,0.02637438386993128,2022
2022-05-03 00:00:00+00:00,BTCUSDT_220624,2022-06-24 00:00:00+00:00,37845.7,953.598,37728.95,52,116.75,0.003094440741128497,0.02172059366369041,2022
2022-05-04 00:00:00+00:00,BTCUSDT_220624,2022-06-24 00:00:00+00:00,39868.5,2059.044,39690.0,51,178.5,0.004497354497354497,0.03218694885361552,2022
2022-05-05 00:00:00+00:00,BTCUSDT_220624,2022-06-24 00:00:00+00:00,36621.5,3070.703,36552.97,50,68.52999999999884,0.0018748134556507675,0.013686138226250602,2022
2022-05-06 00:00:00+00:00,BTCUSDT_220624,2022-06-24 00:00:00+00:00,36134.5,2437.758,36013.77,49,120.7300000000032,0.0033523288453278623,0.02497142915397285,2022
2022-05-07 00:00:00+00:00,BTCUSDT_220624,2022-06-24 00:00:00+00:00,35600.1,1116.911,35472.39,48,127.70999999999913,0.003600264882067409,0.027377014207387588,2022
2022-05-08 00:00:00+00:00,BTCUSDT_220624,2022-06-24 00:00:00+00:00,34100.0,2563.335,34038.4,47,61.599999999998545,0.0018097207859358413,0.014054214614182596,2022
2022-05-09 00:00:00+00:00,BTCUSDT_220624,2022-06-24 00:00:00+00:00,30135.5,5090.121,30076.31,46,59.18999999999869,0.001967994079060852,0.015615605192548064,2022
2022-05-10 00:00:00+00:00,BTCUSDT_220624,2022-06-24 00:00:00+00:00,31072.7,5591.795,31017.1,45,55.60000000000218,0.0017925595880982485,0.014539649992352459,2022
2022-05-11 00:00:00+00:00,BTCUSDT_220624,2022-06-24 00:00:00+00:00,29159.6,6860.777,29103.94,44,55.659999999999854,0.001912455839312473,0.01586469048520574,2022
2022-05-12 00:00:00+00:00,BTCUSDT_220624,2022-06-24 00:00:00+00:00,29106.6,6259.354,29029.75,43,76.84999999999854,0.0026472842515005658,0.022471133762737364,2022
2022-05-13 00:00:00+00:00,BTCUSDT_220624,2022-06-24 00:00:00+00:00,29373.6,2863.757,29287.05,42,86.54999999999927,0.0029552310662903664,0.02568236521895199,2022
2022-05-14 00:00:00+00:00,BTCUSDT_220624,2022-06-24 00:00:00+00:00,30151.1,1427.979,30086.74,41,64.35999999999694,0.0021391483424258308,0.019043637682571418,2022
2022-05-15 00:00:00+00:00,BTCUSDT_220624,2022-06-24 00:00:00+00:00,31361.7,1647.658,31328.89,40,32.81000000000131,0.0010472761722487235,0.009556395071769601,2022
2022-05-16 00:00:00+00:00,BTCUSDT_220624,2022-06-24 00:00:00+00:00,29933.8,2336.678,29874.01,39,59.79000000000087,0.0020014052348513267,0.01873110027489062,2022
2022-05-17 00:00:00+00:00,BTCUSDT_220624,2022-06-24 00:00:00+00:00,30518.0,1839.973,30444.93,38,73.06999999999971,0.0024000712105430922,0.023053315574953385,2022
2022-05-18 00:00:00+00:00,BTCUSDT_220624,2022-06-24 00:00:00+00:00,28739.5,1992.676,28715.32,37,24.18000000000029,0.0008420592213494501,0.008306800426825656,2022
2022-05-19 00:00:00+00:00,BTCUSDT_220624,2022-06-24 00:00:00+00:00,30393.1,2097.391,30319.23,36,73.86999999999898,0.0024364075209033667,0.02470246514249247,2022
2022-05-20 00:00:00+00:00,BTCUSDT_220624,2022-06-24 00:00:00+00:00,29250.9,2062.514,29201.01,35,49.890000000003056,0.0017085025483708632,0.01781724086158186,2022
2022-05-21 00:00:00+00:00,BTCUSDT_220624,2022-06-24 00:00:00+00:00,29506.7,704.513,29445.06,34,61.63999999999942,0.002093390198559603,0.02247315948453691,2022
2022-05-22 00:00:00+00:00,BTCUSDT_220624,2022-06-24 00:00:00+00:00,30348.8,1342.284,30293.94,33,54.86000000000058,0.0018109232407537805,0.020029908571973634,2022
2022-05-23 00:00:00+00:00,BTCUSDT_220624,2022-06-24 00:00:00+00:00,29172.2,2563.197,29109.15,32,63.04999999999927,0.002165985609335871,0.024705773356487278,2022
2022-05-24 00:00:00+00:00,BTCUSDT_220624,2022-06-24 00:00:00+00:00,29743.8,1936.102,29654.58,31,89.21999999999753,0.003008641498210311,0.03542432731763753,2022
2022-05-25 00:00:00+00:00,BTCUSDT_220624,2022-06-24 00:00:00+00:00,29590.6,1895.742,29542.15,30,48.44999999999709,0.0016400295848473143,0.01995369328230899,2022
2022-05-26 00:00:00+00:00,BTCUSDT_220624,2022-06-24 00:00:00+00:00,29264.7,2476.532,29201.35,29,63.35000000000218,0.0021694202494063524,0.027304772104597193,2022
2022-05-27 00:00:00+00:00,BTCUSDT_220624,2022-06-24 00:00:00+00:00,28674.6,2478.571,28629.8,28,44.79999999999927,0.0015648031072518591,0.020398326219533164,2022
2022-05-28 00:00:00+00:00,BTCUSDT_220624,2022-06-24 00:00:00+00:00,29093.0,1236.369,29031.33,27,61.669999999998254,0.0021242567942976864,0.028716804811802058,2022
2022-05-29 00:00:00+00:00,BTCUSDT_220624,2022-06-24 00:00:00+00:00,29539.2,989.964,29468.1,26,71.10000000000218,0.002412778563938706,0.03387169907067799,2022
2022-05-30 00:00:00+00:00,BTCUSDT_220624,2022-06-24 00:00:00+00:00,31819.5,2858.583,31734.22,25,85.27999999999884,0.002687319871104405,0.03923487011812431,2022
2022-05-31 00:00:00+00:00,BTCUSDT_220624,2022-06-24 00:00:00+00:00,31877.3,1952.605,31801.04,24,76.2599999999984,0.0023980347812523864,0.03647011229821338,2022
2022-06-01 00:00:00+00:00,BTCUSDT_220624,2022-06-24 00:00:00+00:00,29862.4,2929.314,29805.83,23,56.56999999999971,0.0018979508371348727,0.030119654589314284,2022
2022-06-02 00:00:00+00:00,BTCUSDT_220624,2022-06-24 00:00:00+00:00,30514.8,1618.728,30452.62,22,62.18000000000029,0.0020418604376240958,0.03387632089694522,2022
2022-06-03 00:00:00+00:00,BTCUSDT_220624,2022-06-24 00:00:00+00:00,29774.7,1344.045,29700.21,21,74.4900000000016,0.002508063074301549,0.04359252486286025,2022
2022-06-04 00:00:00+00:00,BTCUSDT_220624,2022-06-24 00:00:00+00:00,29953.4,949.639,29864.04,20,89.36000000000058,0.0029922274414312523,0.05460815080612035,2022
2022-06-05 00:00:00+00:00,BTCUSDT_220624,2022-06-24 00:00:00+00:00,29991.7,873.732,29919.21,19,72.4900000000016,0.002422858090170215,0.046544379100638335,2022
2022-06-06 00:00:00+00:00,BTCUSDT_220624,2022-06-24 00:00:00+00:00,31456.9,2574.398,31373.1,18,83.80000000000291,0.0026710780891911513,0.05416352791970946,2022
2022-06-07 00:00:00+00:00,BTCUSDT_220624,2022-06-24 00:00:00+00:00,31182.5,3825.745,31125.33,17,57.169999999998254,0.0018367676744310262,0.03943648242160733,2022
2022-06-08 00:00:00+00:00,BTCUSDT_220624,2022-06-24 00:00:00+00:00,30238.3,2724.198,30204.77,16,33.529999999998836,0.0011100895653235843,0.025323918208944265,2022
2022-06-09 00:00:00+00:00,BTCUSDT_220624,2022-06-24 00:00:00+00:00,30148.4,1418.028,30109.93,15,38.470000000001164,0.00127765159201636,0.031089522072398092,2022
2022-06-10 00:00:00+00:00,BTCUSDT_220624,2022-06-24 00:00:00+00:00,29099.3,3249.748,29091.88,14,7.419999999998254,0.0002550539875731047,0.006649621818870231,2022
2022-06-11 00:00:00+00:00,BTCUSDT_220624,2022-06-24 00:00:00+00:00,28430.4,2107.893,28424.7,13,5.700000000000728,0.00020052982089523294,0.005630260355904617,2022
2022-06-12 00:00:00+00:00,BTCUSDT_220624,2022-06-24 00:00:00+00:00,26598.1,2731.696,26574.53,12,23.56999999999971,0.0008869394867942993,0.026977742723326606,2022
2022-06-13 00:00:00+00:00,BTCUSDT_220624,2022-06-24 00:00:00+00:00,22475.0,10224.331,22487.41,11,-12.409999999999854,-0.0005518643543209224,-0.018311862666103334,2022
2022-06-14 00:00:00+00:00,BTCUSDT_220624,2022-06-24 00:00:00+00:00,22120.1,11580.59,22136.41,10,-16.31000000000131,-0.0007367951713941561,-0.026893023755886696,2022
2022-06-15 00:00:00+00:00,BTCUSDT_220624,2022-06-24 00:00:00+00:00,22584.2,11176.087,22583.72,9,0.47999999999956344,2.1254248635723586e-05,0.0008619778613376788,2022
2022-06-16 00:00:00+00:00,BTCUSDT_220624,2022-06-24 00:00:00+00:00,20368.6,5310.777,20401.31,8,-32.710000000002765,-0.001603328413714745,-0.07315185887573523,2022
2022-06-17 00:00:00+00:00,BTCUSDT_220624,2022-06-24 00:00:00+00:00,20459.3,4544.632,20468.81,7,-9.510000000002037,-0.00046460932511474957,-0.024226057666697658,2022
2022-06-18 00:00:00+00:00,BTCUSDT_220624,2022-06-24 00:00:00+00:00,18950.0,10216.107,18970.79,6,-20.790000000000873,-0.0010958953211753898,-0.06666696537150288,2022
2022-06-19 00:00:00+00:00,BTCUSDT_220624,2022-06-24 00:00:00+00:00,20571.1,7731.135,20574.0,5,-2.900000000001455,-0.00014095460289693083,-0.010289686011475951,2022
2022-06-20 00:00:00+00:00,BTCUSDT_220624,2022-06-24 00:00:00+00:00,20565.3,4732.398,20573.89,4,-8.590000000000146,-0.0004175194870780463,-0.038098653195871725,2022
2022-06-21 00:00:00+00:00,BTCUSDT_220624,2022-06-24 00:00:00+00:00,20662.4,4946.317,20723.52,3,-61.11999999999898,-0.002949305909420744,-0.3588322189795239,2022
2022-06-22 00:00:00+00:00,BTCUSDT_220624,2022-06-24 00:00:00+00:00,19981.0,3425.675,19987.99,2,-6.990000000001601,-0.0003497100008555938,-0.06382207515614587,2022
2022-06-23 00:00:00+00:00,BTCUSDT_220624,2022-06-24 00:00:00+00:00,21084.8,3087.685,21110.13,1,-25.330000000001746,-0.0011998978689378864,-0.4379627221623285,2022
2022-06-20 00:00:00+00:00,BTCUSDT_220930,2022-09-30 00:00:00+00:00,20723.2,461.658,20573.89,102,149.3100000000013,0.007257256649082955,0.02596959487171842,2022
2022-06-21 00:00:00+00:00,BTCUSDT_220930,2022-09-30 00:00:00+00:00,20836.2,668.03,20723.52,101,112.68000000000029,0.005437300226988479,0.019649649335156387,2022
2022-06-22 00:00:00+00:00,BTCUSDT_220930,2022-09-30 00:00:00+00:00,20044.4,765.606,19987.99,100,56.409999999999854,0.0028221947279341167,0.010301010756959526,2022
2022-06-23 00:00:00+00:00,BTCUSDT_220930,2022-09-30 00:00:00+00:00,21177.2,1763.822,21110.13,99,67.06999999999971,0.003177147653756737,0.011713726198194031,2022
2022-06-24 00:00:00+00:00,BTCUSDT_220930,2022-09-30 00:00:00+00:00,21312.3,2338.723,21237.69,98,74.61000000000058,0.00351309393818257,0.013084482524863654,2022
2022-06-25 00:00:00+00:00,BTCUSDT_220930,2022-09-30 00:00:00+00:00,21564.7,1502.318,21491.19,97,73.51000000000204,0.003420471365243248,0.012870845858905005,2022
2022-06-26 00:00:00+00:00,BTCUSDT_220930,2022-09-30 00:00:00+00:00,21110.1,1873.909,21038.07,96,72.02999999999884,0.003423793152128443,0.013017546880488352,2022
2022-06-27 00:00:00+00:00,BTCUSDT_220930,2022-09-30 00:00:00+00:00,20785.5,2072.795,20742.56,95,42.93999999999869,0.0020701398477332928,0.007953695204448967,2022
2022-06-28 00:00:00+00:00,BTCUSDT_220930,2022-09-30 00:00:00+00:00,20326.0,2053.547,20281.29,94,44.70999999999913,0.0022044948817357833,0.008560006721633626,2022
2022-06-29 00:00:00+00:00,BTCUSDT_220930,2022-09-30 00:00:00+00:00,20154.4,2453.335,20123.01,93,31.390000000003056,0.0015599057993810597,0.006122210933054697,2022
2022-06-30 00:00:00+00:00,BTCUSDT_220930,2022-09-30 00:00:00+00:00,19970.9,3469.813,19942.21,92,28.69000000000233,0.0014386569993998825,0.00570771526935823,2022
2022-07-01 00:00:00+00:00,BTCUSDT_220930,2022-09-30 00:00:00+00:00,19335.5,4263.854,19279.8,91,55.70000000000073,0.0028890341186112267,0.011587884102121953,2022
2022-07-02 00:00:00+00:00,BTCUSDT_220930,2022-09-30 00:00:00+00:00,19336.0,1788.299,19252.81,90,83.18999999999869,0.004320927698346303,0.017523762332182228,2022
2022-07-03 00:00:00+00:00,BTCUSDT_220930,2022-09-30 00:00:00+00:00,19407.4,1877.078,19315.83,89,91.56999999999971,0.0047406712525425885,0.01944207873233758,2022
2022-07-04 00:00:00+00:00,BTCUSDT_220930,2022-09-30 00:00:00+00:00,20344.5,2620.597,20236.71,88,107.79000000000087,0.005326458698078931,0.022092698009077382,2022
2022-07-05 00:00:00+00:00,BTCUSDT_220930,2022-09-30 00:00:00+00:00,20315.9,3652.986,20175.83,87,140.0699999999997,0.006942465316172851,0.029126434947161963,2022
2022-07-06 00:00:00+00:00,BTCUSDT_220930,2022-09-30 00:00:00+00:00,20682.6,2239.436,20564.51,86,118.09000000000015,0.005742417397740095,0.024371887792734127,2022
2022-07-07 00:00:00+00:00,BTCUSDT_220930,2022-09-30 00:00:00+00:00,21703.0,2623.64,21624.98,85,78.02000000000044,0.003607864608429716,0.015492595083257015,2022
2022-07-08 00:00:00+00:00,BTCUSDT_220930,2022-09-30 00:00:00+00:00,21660.0,3768.618,21594.75,84,65.25,0.0030215677421595527,0.013129431260574247,2022
2022-07-09 00:00:00+00:00,BTCUSDT_220930,2022-09-30 00:00:00+00:00,21693.6,1791.016,21591.83,83,101.7699999999968,0.004713356857663144,0.020727412687313825,2022
2022-07-10 00:00:00+00:00,BTCUSDT_220930,2022-09-30 00:00:00+00:00,20972.8,2032.117,20862.47,82,110.32999999999811,0.0052884437940473065,0.02354002420521057,2022
2022-07-11 00:00:00+00:00,BTCUSDT_220930,2022-09-30 00:00:00+00:00,20058.4,2463.254,19963.61,81,94.79000000000087,0.004748139239346034,0.021395936078534593,2022
2022-07-12 00:00:00+00:00,BTCUSDT_220930,2022-09-30 00:00:00+00:00,19413.0,2587.84,19328.75,80,84.25,0.00435879195498933,0.019886988294638818,2022
2022-07-13 00:00:00+00:00,BTCUSDT_220930,2022-09-30 00:00:00+00:00,20306.4,3807.033,20234.87,79,71.53000000000247,0.0035349868815565642,0.016332534326179062,2022
2022-07-14 00:00:00+00:00,BTCUSDT_220930,2022-09-30 00:00:00+00:00,20692.0,3912.285,20588.84,78,103.15999999999985,0.005010481406431827,0.02344648350445663,2022
2022-07-15 00:00:00+00:00,BTCUSDT_220930,2022-09-30 00:00:00+00:00,20924.9,2625.712,20830.04,77,94.86000000000058,0.004553999896303635,0.021587142365595155,2022
2022-07-16 00:00:00+00:00,BTCUSDT_220930,2022-09-30 00:00:00+00:00,21306.3,2674.759,21195.6,76,110.70000000000073,0.005222782086848249,0.025083098180258036,2022
2022-07-17 00:00:00+00:00,BTCUSDT_220930,2022-09-30 00:00:00+00:00,20899.7,2594.639,20798.16,75,101.54000000000087,0.004882162652850102,0.023759858243870495,2022
2022-07-18 00:00:00+00:00,BTCUSDT_220930,2022-09-30 00:00:00+00:00,22578.5,5272.505,22432.58,74,145.91999999999825,0.006504824679105045,0.032084608214504616,2022
2022-07-19 00:00:00+00:00,BTCUSDT_220930,2022-09-30 00:00:00+00:00,23513.1,6360.636,23396.62,73,116.47999999999956,0.004978496893995781,0.024892484469978902,2022
2022-07-20 00:00:00+00:00,BTCUSDT_220930,2022-09-30 00:00:00+00:00,23345.0,4627.46,23223.3,72,121.70000000000073,0.005240426640486095,0.0265660517191309,2022
2022-07-21 00:00:00+00:00,BTCUSDT_220930,2022-09-30 00:00:00+00:00,23274.5,3720.294,23152.19,71,122.31000000000131,0.005282869568710403,0.027158413979990102,2022
2022-07-22 00:00:00+00:00,BTCUSDT_220930,2022-09-30 00:00:00+00:00,22808.8,2971.444,22684.83,70,123.96999999999753,0.005464885564493872,0.028495474729146618,2022
2022-07-23 00:00:00+00:00,BTCUSDT_220930,2022-09-30 00:00:00+00:00,22571.8,2770.762,22451.07,69,120.72999999999956,0.005377471986858513,0.028446047466715325,2022
2022-07-24 00:00:00+00:00,BTCUSDT_220930,2022-09-30 00:00:00+00:00,22716.7,2264.192,22579.68,68,137.02000000000044,0.006068287947393428,0.032572427952920605,2022
2022-07-25 00:00:00+00:00,BTCUSDT_220930,2022-09-30 00:00:00+00:00,21416.8,3297.833,21310.9,67,105.89999999999782,0.004969288016930201,0.0270714944205899,2022
2022-07-26 00:00:00+00:00,BTCUSDT_220930,2022-09-30 00:00:00+00:00,21384.1,3372.32,21254.67,66,129.4300000000003,0.00608948527547124,0.03367669887192428,2022
2022-07-27 00:00:00+00:00,BTCUSDT_220930,2022-09-30 00:00:00+00:00,23092.2,3742.501,22952.45,65,139.75,0.006088674629505782,0.03419024984260939,2022
2022-07-28 00:00:00+00:00,BTCUSDT_220930,2022-09-30 00:00:00+00:00,24029.5,4015.546,23842.93,64,186.5699999999997,0.0078249611100649,0.04462673133083888,2022
2022-07-29 00:00:00+00:00,BTCUSDT_220930,2022-09-30 00:00:00+00:00,23983.4,2977.157,23773.75,63,209.65000000000146,0.00881854987118151,0.051091598460019864,2022
2022-07-30 00:00:00+00:00,BTCUSDT_220930,2022-09-30 00:00:00+00:00,23858.6,2386.087,23643.51,62,215.09000000000015,0.009097211031695385,0.05355616171885186,2022
2022-07-31 00:00:00+00:00,BTCUSDT_220930,2022-09-30 00:00:00+00:00,23484.9,1946.953,23293.32,61,191.58000000000175,0.008224675572224215,0.04921322268625965,2022
2022-08-01 00:00:00+00:00,BTCUSDT_220930,2022-09-30 00:00:00+00:00,23433.5,1713.651,23268.01,60,165.4900000000016,0.0071123400754942775,0.043266735459256855,2022
2022-08-02 00:00:00+00:00,BTCUSDT_220930,2022-09-30 00:00:00+00:00,23132.2,2419.12,22987.79,59,144.40999999999985,0.006282030591022445,0.038863409588528686,2022
2022-08-03 00:00:00+00:00,BTCUSDT_220930,2022-09-30 00:00:00+00:00,22963.6,2515.358,22818.37,58,145.22999999999956,0.006364608865576269,0.04005314199888514,2022
2022-08-04 00:00:00+00:00,BTCUSDT_220930,2022-09-30 00:00:00+00:00,22736.7,2248.492,22622.98,57,113.72000000000116,0.005026747139413161,0.03218881940150533,2022
2022-08-05 00:00:00+00:00,BTCUSDT_220930,2022-09-30 00:00:00+00:00,23487.3,2480.441,23312.42,56,174.88000000000102,0.007501580702475377,0.048894231364348444,2022
2022-08-06 00:00:00+00:00,BTCUSDT_220930,2022-09-30 00:00:00+00:00,23143.3,1742.034,22954.21,55,189.09000000000015,0.00823770454308818,0.05466840287685793,2022
2022-08-07 00:00:00+00:00,BTCUSDT_220930,2022-09-30 00:00:00+00:00,23347.3,1416.622,23174.39,54,172.90999999999985,0.007461253564818744,0.050432547243682256,2022
2022-08-08 00:00:00+00:00,BTCUSDT_220930,2022-09-30 00:00:00+00:00,23975.3,3064.988,23810.0,53,165.29999999999927,0.006942461150776954,0.047811289057237506,2022
2022-08-09 00:00:00+00:00,BTCUSDT_220930,2022-09-30 00:00:00+00:00,23287.4,2089.186,23149.95,52,137.45000000000073,0.005937377834509393,0.04167582518453709,2022
2022-08-10 00:00:00+00:00,BTCUSDT_220930,2022-09-30 00:00:00+00:00,24086.7,3618.987,23954.05,51,132.65000000000146,0.005537685694068496,0.0396324564379412,2022
2022-08-11 00:00:00+00:00,BTCUSDT_220930,2022-09-30 00:00:00+00:00,24076.7,3209.908,23934.39,50,142.3100000000013,0.005945837767329826,0.04340461570150773,2022
2022-08-12 00:00:00+00:00,BTCUSDT_220930,2022-09-30 00:00:00+00:00,24539.8,1944.251,24403.68,49,136.11999999999898,0.005577847275492835,0.04154927052152826,2022
2022-08-13 00:00:00+00:00,BTCUSDT_220930,2022-09-30 00:00:00+00:00,24576.3,1868.044,24441.38,48,134.91999999999825,0.005520146571101887,0.04197611455108727,2022
2022-08-14 00:00:00+00:00,BTCUSDT_220930,2022-09-30 00:00:00+00:00,24419.9,2450.894,24305.24,47,114.65999999999985,0.0047175012466447504,0.03663591393670923,2022
2022-08-15 00:00:00+00:00,BTCUSDT_220930,2022-09-30 00:00:00+00:00,24207.5,3242.533,24094.82,46,112.68000000000029,0.004676523833753491,0.037107199985217915,2022
2022-08-16 00:00:00+00:00,BTCUSDT_220930,2022-09-30 00:00:00+00:00,23963.6,2101.439,23854.74,45,108.85999999999694,0.004563453636467928,0.03701467949579541,2022
2022-08-17 00:00:00+00:00,BTCUSDT_220930,2022-09-30 00:00:00+00:00,23409.0,3229.303,23342.66,44,66.34000000000015,0.002842006866398266,0.023575738778076522,2022
2022-08-18 00:00:00+00:00,BTCUSDT_220930,2022-09-30 00:00:00+00:00,23239.0,1923.466,23191.2,43,47.79999999999927,0.0020611266342405424,0.017495609802274374,2022
2022-08-19 00:00:00+00:00,BTCUSDT_220930,2022-09-30 00:00:00+00:00,20853.9,5175.643,20834.39,42,19.510000000002037,0.0009364325041434877,0.008138044381246975,2022
2022-08-20 00:00:00+00:00,BTCUSDT_220930,2022-09-30 00:00:00+00:00,21174.8,2166.061,21140.07,41,34.72999999999956,0.0016428517029508211,0.014625387111635359,2022
2022-08-21 00:00:00+00:00,BTCUSDT_220930,2022-09-30 00:00:00+00:00,21526.1,1989.576,21515.61,40,10.489999999997963,0.00048755299059603525,0.004448921039188821,2022
2022-08-22 00:00:00+00:00,BTCUSDT_220930,2022-09-30 00:00:00+00:00,21404.8,2342.121,21399.83,39,4.969999999997526,0.0002322448355896998,0.002173573461288216,2022
2022-08-23 00:00:00+00:00,BTCUSDT_220930,2022-09-30 00:00:00+00:00,21536.2,1982.232,21529.12,38,7.080000000001746,0.00032885691565664305,0.00315875721617565,2022
2022-08-24 00:00:00+00:00,BTCUSDT_220930,2022-09-30 00:00:00+00:00,21381.1,1757.434,21368.08,37,13.019999999996799,0.0006093200699359417,0.006010860149368073,2022
2022-08-25 00:00:00+00:00,BTCUSDT_220930,2022-09-30 00:00:00+00:00,21567.4,1416.864,21559.04,36,8.360000000000582,0.00038777236834295877,0.003931580956810554,2022
2022-08-26 00:00:00+00:00,BTCUSDT_220930,2022-09-30 00:00:00+00:00,20228.9,5131.235,20241.05,35,-12.149999999997817,-0.0006002653024422062,-0.006259909582611579,2022
2022-08-27 00:00:00+00:00,BTCUSDT_220930,2022-09-30 00:00:00+00:00,20030.4,2541.359,20037.6,34,-7.19999999999709,-0.00035932446999626153,-0.0038574538690775134,2022
2022-08-28 00:00:00+00:00,BTCUSDT_220930,2022-09-30 00:00:00+00:00,19519.5,1836.31,19555.61,33,-36.11000000000058,-0.0018465289500046575,-0.02042372929550606,2022
2022-08-29 00:00:00+00:00,BTCUSDT_220930,2022-09-30 00:00:00+00:00,20280.7,2470.874,20285.73,32,-5.029999999998836,-0.0002479575543990202,-0.002828265854863824,2022
2022-08-30 00:00:00+00:00,BTCUSDT_220930,2022-09-30 00:00:00+00:00,19780.4,3052.778,19811.66,31,-31.2599999999984,-0.0015778586953338791,-0.01857801367086664,2022
2022-08-31 00:00:00+00:00,BTCUSDT_220930,2022-09-30 00:00:00+00:00,20035.8,2477.802,20050.02,30,-14.220000000001164,-0.0007092262252108059,-0.008628919073398139,2022
2022-09-01 00:00:00+00:00,BTCUSDT_220930,2022-09-30 00:00:00+00:00,20089.4,3543.675,20131.46,29,-42.05999999999767,-0.0020892672463893665,-0.026295949825245475,2022
2022-09-02 00:00:00+00:00,BTCUSDT_220930,2022-09-30 00:00:00+00:00,19940.1,3147.096,19951.86,28,-11.760000000002037,-0.0005894187308853429,-0.007683494170469649,2022
2022-09-03 00:00:00+00:00,BTCUSDT_220930,2022-09-30 00:00:00+00:00,19820.9,1102.935,19831.9,27,-11.0,-0.0005546619335515003,-0.007498207620233246,2022
2022-09-04 00:00:00+00:00,BTCUSDT_220930,2022-09-30 00:00:00+00:00,20003.4,1689.943,20000.3,26,3.100000000002183,0.00015499767503498362,0.0021759288995295777,2022
2022-09-05 00:00:00+00:00,BTCUSDT_220930,2022-09-30 00:00:00+00:00,19776.3,1991.049,19796.84,25,-20.540000000000873,-0.0010375393244578869,-0.015148074137085148,2022
2022-09-06 00:00:00+00:00,BTCUSDT_220930,2022-09-30 00:00:00+00:00,18765.5,4851.452,18790.61,24,-25.110000000000582,-0.0013363057399414166,-0.020322983128275712,2022
2022-09-07 00:00:00+00:00,BTCUSDT_220930,2022-09-30 00:00:00+00:00,19280.2,3547.806,19292.84,23,-12.639999999999418,-0.0006551653359484357,-0.010397189027007784,2022
2022-09-08 00:00:00+00:00,BTCUSDT_220930,2022-09-30 00:00:00+00:00,19310.6,3800.848,19319.77,22,-9.170000000001892,-0.0004746433316753715,-0.007874764366432299,2022
2022-09-09 00:00:00+00:00,BTCUSDT_220930,2022-09-30 00:00:00+00:00,21370.5,7511.683,21360.11,21,10.389999999999418,0.00048642071599815816,0.008454455301872749,2022
2022-09-10 00:00:00+00:00,BTCUSDT_220930,2022-09-30 00:00:00+00:00,21647.8,3618.585,21648.34,20,-0.5400000000008731,-2.494417585832785e-05,-0.00045523120941448326,2022
2022-09-11 00:00:00+00:00,BTCUSDT_220930,2022-09-30 00:00:00+00:00,21846.2,3282.896,21826.87,19,19.330000000001746,0.0008856056777724771,0.01701295117826074,2022
2022-09-12 00:00:00+00:00,BTCUSDT_220930,2022-09-30 00:00:00+00:00,22400.0,6886.793,22395.74,18,4.259999999998399,0.0001902147461971964,0.0038571323534431494,2022
2022-09-13 00:00:00+00:00,BTCUSDT_220930,2022-09-30 00:00:00+00:00,20173.6,8634.492,20173.57,17,0.029999999998835847,1.4870942524717165e-06,3.192878836189273e-05,2022
2022-09-14 00:00:00+00:00,BTCUSDT_220930,2022-09-30 00:00:00+00:00,20231.5,4187.776,20226.71,16,4.790000000000873,0.00023681557702665798,0.005402355350920636,2022
2022-09-15 00:00:00+00:00,BTCUSDT_220930,2022-09-30 00:00:00+00:00,19707.6,4118.411,19701.88,15,5.719999999997526,0.00029032762355661113,0.007064638839877537,2022
2022-09-16 00:00:00+00:00,BTCUSDT_220930,2022-09-30 00:00:00+00:00,19797.4,3710.975,19803.3,14,-5.899999999997817,-0.0002979301429558618,-0.007767464441349254,2022
2022-09-17 00:00:00+00:00,BTCUSDT_220930,2022-09-30 00:00:00+00:00,20119.7,2052.96,20113.62,13,6.080000000001746,0.0003022827318007274,0.008487169008251192,2022
2022-09-18 00:00:00+00:00,BTCUSDT_220930,2022-09-30 00:00:00+00:00,19404.6,3343.343,19416.18,12,-11.580000000001746,-0.0005964097984259389,-0.01814079803545564,2022
2022-09-19 00:00:00+00:00,BTCUSDT_220930,2022-09-30 00:00:00+00:00,19517.6,6165.17,19537.02,11,-19.42000000000189,-0.0009940103454877914,-0.03298307055482217,2022
2022-09-20 00:00:00+00:00,BTCUSDT_220930,2022-09-30 00:00:00+00:00,18878.0,4259.467,18875.0,10,3.0,0.00015894039735099338,0.005801324503311258,2022
2022-09-21 00:00:00+00:00,BTCUSDT_220930,2022-09-30 00:00:00+00:00,18449.6,8662.541,18461.36,9,-11.760000000002037,-0.0006370061577263017,-0.025834138618900014,2022
2022-09-22 00:00:00+00:00,BTCUSDT_220930,2022-09-30 00:00:00+00:00,19398.9,6397.762,19401.63,8,-2.7299999999995634,-0.00014070982695781558,-0.0064198858549503355,2022
2022-09-23 00:00:00+00:00,BTCUSDT_220930,2022-09-30 00:00:00+00:00,19299.6,4385.057,19289.91,7,9.68999999999869,0.0005023351586398635,0.026193190414792886,2022
2022-09-24 00:00:00+00:00,BTCUSDT_220930,2022-09-30 00:00:00+00:00,18915.6,2006.435,18920.5,6,-4.900000000001455,-0.0002589783568088293,-0.015754516705870452,2022
2022-09-25 00:00:00+00:00,BTCUSDT_220930,2022-09-30 00:00:00+00:00,18816.0,2312.126,18807.38,5,8.619999999998981,0.0004583307191112734,0.03345814249512296,2022
2022-09-26 00:00:00+00:00,BTCUSDT_220930,2022-09-30 00:00:00+00:00,19231.3,3876.872,19227.82,4,3.4799999999995634,0.00018098775628228074,0.016515132760758118,2022
2022-09-27 00:00:00+00:00,BTCUSDT_220930,2022-09-30 00:00:00+00:00,19074.5,6147.92,19079.13,3,-4.630000000001019,-0.00024267353909748602,-0.029525280590194134,2022
2022-09-28 00:00:00+00:00,BTCUSDT_220930,2022-09-30 00:00:00+00:00,19406.3,4345.714,19412.82,2,-6.520000000000437,-0.00033586052927912774,-0.061294546593440816,2022
2022-09-29 00:00:00+00:00,BTCUSDT_220930,2022-09-30 00:00:00+00:00,19576.3,3903.43,19591.51,1,-15.209999999999127,-0.0007763566973652938,-0.28337019453833223,2022
2022-09-23 00:00:00+00:00,BTCUSDT_221230,2022-12-30 00:00:00+00:00,19341.8,562.548,19289.91,98,51.88999999999942,0.0026900073665454853,0.0100189049876439,2022
2022-09-24 00:00:00+00:00,BTCUSDT_221230,2022-12-30 00:00:00+00:00,18983.3,623.013,18920.5,97,62.79999999999927,0.0033191511852223394,0.012489589511403647,2022
2022-09-25 00:00:00+00:00,BTCUSDT_221230,2022-12-30 00:00:00+00:00,18875.9,634.1,18807.38,96,68.52000000000044,0.0036432506813814805,0.013851942694835837,2022
2022-09-26 00:00:00+00:00,BTCUSDT_221230,2022-12-30 00:00:00+00:00,19299.7,1109.02,19227.82,95,71.88000000000102,0.0037383333107965967,0.014363070088850082,2022
2022-09-27 00:00:00+00:00,BTCUSDT_221230,2022-12-30 00:00:00+00:00,19161.2,1295.479,19079.13,94,82.06999999999971,0.004301558823698969,0.01670286138989493,2022
2022-09-28 00:00:00+00:00,BTCUSDT_221230,2022-12-30 00:00:00+00:00,19489.9,1215.734,19412.82,93,77.08000000000175,0.003970572024054297,0.015583427836342135,2022
2022-09-29 00:00:00+00:00,BTCUSDT_221230,2022-12-30 00:00:00+00:00,19700.0,1295.973,19591.51,92,108.4900000000016,0.0055376027677295735,0.021969837067622764,2022
2022-09-30 00:00:00+00:00,BTCUSDT_221230,2022-12-30 00:00:00+00:00,19516.2,4159.951,19422.61,91,93.59000000000015,0.004818610887002321,0.01932739531599832,2022
2022-10-01 00:00:00+00:00,BTCUSDT_221230,2022-12-30 00:00:00+00:00,19396.9,1648.653,19310.95,90,85.95000000000073,0.0044508426566274946,0.018050639662989282,2022
2022-10-02 00:00:00+00:00,BTCUSDT_221230,2022-12-30 00:00:00+00:00,19153.5,2545.025,19056.8,89,96.70000000000073,0.005074304185382684,0.020810348625445837,2022
2022-10-03 00:00:00+00:00,BTCUSDT_221230,2022-12-30 00:00:00+00:00,19731.5,3279.313,19629.08,88,102.41999999999825,0.005217768739034037,0.021641881701675268,2022
2022-10-04 00:00:00+00:00,BTCUSDT_221230,2022-12-30 00:00:00+00:00,20447.9,4306.237,20337.82,87,110.08000000000175,0.005412576175814406,0.022707934530715613,2022
2022-10-05 00:00:00+00:00,BTCUSDT_221230,2022-12-30 00:00:00+00:00,20259.3,4042.445,20158.26,86,101.04000000000087,0.005012337374356759,0.021273292344653687,2022
2022-10-06 00:00:00+00:00,BTCUSDT_221230,2022-12-30 00:00:00+00:00,20071.9,4533.957,19960.67,85,111.2300000000032,0.005572458239127404,0.02392879126213532,2022
2022-10-07 00:00:00+00:00,BTCUSDT_221230,2022-12-30 00:00:00+00:00,19619.8,3388.637,19530.09,84,89.70999999999913,0.00459342481268643,0.019959524483696985,2022
2022-10-08 00:00:00+00:00,BTCUSDT_221230,2022-12-30 00:00:00+00:00,19506.7,1410.985,19417.96,83,88.7400000000016,0.004569996024299237,0.02009697046830387,2022
2022-10-09 00:00:00+00:00,BTCUSDT_221230,2022-12-30 00:00:00+00:00,19519.3,1512.818,19439.02,82,80.27999999999884,0.004129837821042359,0.018382814691225133,2022
2022-10-10 00:00:00+00:00,BTCUSDT_221230,2022-12-30 00:00:00+00:00,19210.6,2559.295,19131.87,81,78.72999999999956,0.004115123090424489,0.018543455901295535,2022
2022-10-11 00:00:00+00:00,BTCUSDT_221230,2022-12-30 00:00:00+00:00,19157.2,2526.807,19060.0,80,97.20000000000073,0.005099685204617037,0.02326731374606523,2022
2022-10-12 00:00:00+00:00,BTCUSDT_221230,2022-12-30 00:00:00+00:00,19244.3,1808.579,19155.53,79,88.77000000000044,0.004634170915657277,0.02141104283816337,2022
2022-10-13 00:00:00+00:00,BTCUSDT_221230,2022-12-30 00:00:00+00:00,19472.4,6621.603,19375.13,78,97.27000000000044,0.0050203534118222915,0.023492679427117136,2022
2022-10-14 00:00:00+00:00,BTCUSDT_221230,2022-12-30 00:00:00+00:00,19257.3,3662.052,19176.93,77,80.36999999999898,0.004190973216255103,0.019866301609520944,2022
2022-10-15 00:00:00+00:00,BTCUSDT_221230,2022-12-30 00:00:00+00:00,19147.1,1023.398,19069.39,76,77.70999999999913,0.004075117242869286,0.019571286758516965,2022
2022-10-16 00:00:00+00:00,BTCUSDT_221230,2022-12-30 00:00:00+00:00,19334.6,1252.199,19262.98,75,71.61999999999898,0.0037180124778200974,0.018094327392057807,2022
2022-10-17 00:00:00+00:00,BTCUSDT_221230,2022-12-30 00:00:00+00:00,19633.4,3006.165,19549.86,74,83.54000000000087,0.004273176380802771,0.02107715377017583,2022
2022-10-18 00:00:00+00:00,BTCUSDT_221230,2022-12-30 00:00:00+00:00,19409.8,4336.601,19327.44,73,82.36000000000058,0.0042612989614765635,0.021306494807382816,2022
2022-10-19 00:00:00+00:00,BTCUSDT_221230,2022-12-30 00:00:00+00:00,19214.3,2583.994,19123.97,72,90.32999999999811,0.004723391638869864,0.023944971502604172,2022
2022-10-20 00:00:00+00:00,BTCUSDT_221230,2022-12-30 00:00:00+00:00,19117.9,3048.436,19041.92,71,75.9800000000032,0.003990143851040399,0.020512711346897826,2022
2022-10-21 00:00:00+00:00,BTCUSDT_221230,2022-12-30 00:00:00+00:00,19250.5,2992.871,19164.37,70,86.13000000000102,0.004494277662140786,0.0234344478097341,2022
2022-10-22 00:00:00+00:00,BTCUSDT_221230,2022-12-30 00:00:00+00:00,19292.5,631.253,19204.35,69,88.15000000000146,0.00459010588746828,0.02428099491196989,2022
2022-10-23 00:00:00+00:00,BTCUSDT_221230,2022-12-30 00:00:00+00:00,19667.9,1642.353,19570.4,68,97.5,0.004982013653272288,0.026741690933005664,2022
2022-10-24 00:00:00+00:00,BTCUSDT_221230,2022-12-30 00:00:00+00:00,19413.5,2407.712,19329.72,67,83.77999999999884,0.004334258333798877,0.023612004355770003,2022
2022-10-25 00:00:00+00:00,BTCUSDT_221230,2022-12-30 00:00:00+00:00,20198.0,4382.065,20080.07,66,117.93000000000029,0.005872987494565522,0.032479400538127506,2022
2022-10-26 00:00:00+00:00,BTCUSDT_221230,2022-12-30 00:00:00+00:00,20873.1,4284.888,20771.59,65,101.5099999999984,0.0048869633956764216,0.027442179068029135,2022
2022-10-27 00:00:00+00:00,BTCUSDT_221230,2022-12-30 00:00:00+00:00,20401.4,3382.247,20295.11,64,106.29000000000087,0.0052372221682957555,0.02986853267856173,2022
2022-10-28 00:00:00+00:00,BTCUSDT_221230,2022-12-30 00:00:00+00:00,20699.5,3081.815,20591.84,63,107.65999999999985,0.0052282846020559525,0.030290855234133694,2022
2022-10-29 00:00:00+00:00,BTCUSDT_221230,2022-12-30 00:00:00+00:00,20921.5,2328.314,20809.67,62,111.83000000000175,0.0053739439404854455,0.03163692803672883,2022
2022-10-30 00:00:00+00:00,BTCUSDT_221230,2022-12-30 00:00:00+00:00,20720.5,1595.705,20627.48,61,93.02000000000044,0.004509518370639576,0.026983183693171233,2022
2022-10-31 00:00:00+00:00,BTCUSDT_221230,2022-12-30 00:00:00+00:00,20589.2,2623.032,20490.74,60,98.45999999999913,0.0048050973268900544,0.029231008738581164,2022
2022-11-01 00:00:00+00:00,BTCUSDT_221230,2022-12-30 00:00:00+00:00,20584.1,2021.438,20483.62,59,100.47999999999956,0.004905382935242871,0.030346860531587253,2022
2022-11-02 00:00:00+00:00,BTCUSDT_221230,2022-12-30 00:00:00+00:00,20241.9,3396.381,20151.84,58,90.06000000000131,0.004469070814377313,0.028124324952546884,2022
2022-11-03 00:00:00+00:00,BTCUSDT_221230,2022-12-30 00:00:00+00:00,20302.6,2297.751,20207.82,57,94.77999999999884,0.0046902634722596915,0.030034143287276972,2022
2022-11-04 00:00:00+00:00,BTCUSDT_221230,2022-12-30 00:00:00+00:00,21249.6,3768.981,21148.52,56,101.07999999999811,0.004779530671649747,0.031152298127717103,2022
2022-11-05 00:00:00+00:00,BTCUSDT_221230,2022-12-30 00:00:00+00:00,21412.9,1810.502,21299.37,55,113.53000000000247,0.005330204602295865,0.035373175997054376,2022
2022-11-06 00:00:00+00:00,BTCUSDT_221230,2022-12-30 00:00:00+00:00,21018.0,1544.32,20905.58,54,112.41999999999825,0.005377511649999581,0.036347995412034206,2022
2022-11-07 00:00:00+00:00,BTCUSDT_221230,2022-12-30 00:00:00+00:00,20701.3,3400.269,20591.13,53,110.16999999999825,0.0053503620248135115,0.03684683281239493,2022
2022-11-08 00:00:00+00:00,BTCUSDT_221230,2022-12-30 00:00:00+00:00,18615.3,12658.213,18547.23,52,68.06999999999971,0.00367008981934228,0.025761207385767926,2022
2022-11-09 00:00:00+00:00,BTCUSDT_221230,2022-12-30 00:00:00+00:00,15877.7,13706.363,15922.81,51,-45.10999999999876,-0.002833042660183646,-0.020275697469941782,2022
2022-11-10 00:00:00+00:00,BTCUSDT_221230,2022-12-30 00:00:00+00:00,17509.6,12109.338,17601.15,50,-91.55000000000291,-0.005201364683557774,-0.03796996218997175,2022
2022-11-11 00:00:00+00:00,BTCUSDT_221230,2022-12-30 00:00:00+00:00,16980.4,6616.383,17070.31,49,-89.90999999999985,-0.005267039672976053,-0.03923407103339305,2022
2022-11-12 00:00:00+00:00,BTCUSDT_221230,2022-12-30 00:00:00+00:00,16747.4,2183.517,16812.08,48,-64.68000000000029,-0.0038472336557998942,-0.029255005924311697,2022
2022-11-13 00:00:00+00:00,BTCUSDT_221230,2022-12-30 00:00:00+00:00,16287.1,2115.293,16329.85,47,-42.75,-0.002617905247139441,-0.020330540749061616,2022
2022-11-14 00:00:00+00:00,BTCUSDT_221230,2022-12-30 00:00:00+00:00,16548.8,6612.102,16619.46,46,-70.65999999999985,-0.004251642351797222,-0.03373585779143448,2022
2022-11-15 00:00:00+00:00,BTCUSDT_221230,2022-12-30 00:00:00+00:00,16830.1,3791.894,16900.57,45,-70.47000000000116,-0.004169681850967226,-0.03382075279117861,2022
2022-11-16 00:00:00+00:00,BTCUSDT_221230,2022-12-30 00:00:00+00:00,16617.7,4185.81,16662.76,44,-45.05999999999767,-0.0027042338724195558,-0.02243284916893495,2022
2022-11-17 00:00:00+00:00,BTCUSDT_221230,2022-12-30 00:00:00+00:00,16635.2,2464.423,16692.56,43,-57.36000000000058,-0.003436261424251318,-0.029168265577947237,2022
2022-11-18 00:00:00+00:00,BTCUSDT_221230,2022-12-30 00:00:00+00:00,16657.2,3615.679,16700.45,42,-43.25,-0.0025897505755832924,-0.02250616571637861,2022
2022-11-19 00:00:00+00:00,BTCUSDT_221230,2022-12-30 00:00:00+00:00,16667.8,1359.857,16700.68,41,-32.88000000000102,-0.0019687821094710525,-0.017526962681876444,2022
2022-11-20 00:00:00+00:00,BTCUSDT_221230,2022-12-30 00:00:00+00:00,16253.5,2053.611,16280.23,40,-26.729999999999563,-0.0016418686959581998,-0.014982051850618574,2022
2022-11-21 00:00:00+00:00,BTCUSDT_221230,2022-12-30 00:00:00+00:00,15733.0,4410.097,15781.29,39,-48.29000000000087,-0.003059952640120096,-0.028638018298559876,2022
2022-11-22 00:00:00+00:00,BTCUSDT_221230,2022-12-30 00:00:00+00:00,16189.5,4020.291,16226.94,38,-37.44000000000051,-0.0023072741995718545,-0.0221619758643086,2022
2022-11-23 00:00:00+00:00,BTCUSDT_221230,2022-12-30 00:00:00+00:00,16566.1,3796.313,16603.11,37,-37.01000000000204,-0.002229100451662492,-0.02198977472585972,2022
2022-11-24 00:00:00+00:00,BTCUSDT_221230,2022-12-30 00:00:00+00:00,16545.1,2805.307,16598.95,36,-53.85000000000218,-0.0032441811078412898,-0.0328923917878353,2022
2022-11-25 00:00:00+00:00,BTCUSDT_221230,2022-12-30 00:00:00+00:00,16470.6,2310.866,16522.14,35,-51.54000000000087,-0.003119450628066393,-0.032531413692692385,2022
2022-11-26 00:00:00+00:00,BTCUSDT_221230,2022-12-30 00:00:00+00:00,16402.5,2109.622,16458.57,34,-56.06999999999971,-0.003406735822127907,-0.036572311031667235,2022
2022-11-27 00:00:00+00:00,BTCUSDT_221230,2022-12-30 00:00:00+00:00,16400.4,1263.589,16428.78,33,-28.37999999999738,-0.0017274563296846986,-0.01910671394954288,2022
2022-11-28 00:00:00+00:00,BTCUSDT_221230,2022-12-30 00:00:00+00:00,16167.8,3431.235,16212.91,32,-45.11000000000058,-0.0027823506082498813,-0.03173618662535021,2022
2022-11-29 00:00:00+00:00,BTCUSDT_221230,2022-12-30 00:00:00+00:00,16416.0,4100.386,16442.53,31,-26.529999999998836,-0.0016134986525795506,-0.018997645425533418,2022
2022-11-30 00:00:00+00:00,BTCUSDT_221230,2022-12-30 00:00:00+00:00,17155.0,4707.506,17163.64,30,-8.639999999999418,-0.0005033897238580755,-0.006124574973606585,2022
2022-12-01 00:00:00+00:00,BTCUSDT_221230,2022-12-30 00:00:00+00:00,16955.8,4417.83,16977.37,29,-21.56999999999971,-0.0012705148088307972,-0.015990962249077274,2022
2022-12-02 00:00:00+00:00,BTCUSDT_221230,2022-12-30 00:00:00+00:00,17073.9,2852.565,17092.74,28,-18.840000000000146,-0.0011022223470315551,-0.014368255595232773,2022
2022-12-03 00:00:00+00:00,BTCUSDT_221230,2022-12-30 00:00:00+00:00,16869.4,1783.245,16885.2,27,-15.799999999999272,-0.0009357306990737019,-0.012649692783774119,2022
2022-12-04 00:00:00+00:00,BTCUSDT_221230,2022-12-30 00:00:00+00:00,17096.4,2224.029,17105.7,26,-9.299999999999272,-0.0005436784229817705,-0.007632408630321009,2022
2022-12-05 00:00:00+00:00,BTCUSDT_221230,2022-12-30 00:00:00+00:00,16950.6,4470.748,16966.35,25,-15.75,-0.0009283080921942551,-0.013553298146036124,2022
2022-12-06 00:00:00+00:00,BTCUSDT_221230,2022-12-30 00:00:00+00:00,17080.9,3040.824,17088.96,24,-8.059999999997672,-0.0004716495327976467,-0.007173003311297544,2022
2022-12-07 00:00:00+00:00,BTCUSDT_221230,2022-12-30 00:00:00+00:00,16824.5,2894.466,16836.64,23,-12.139999999999418,-0.00072104647958259,-0.01144269413250632,2022
2022-12-08 00:00:00+00:00,BTCUSDT_221230,2022-12-30 00:00:00+00:00,17219.4,3091.971,17224.1,22,-4.69999999999709,-0.00027287347379526883,-0.004527218997057869,2022
2022-12-09 00:00:00+00:00,BTCUSDT_221230,2022-12-30 00:00:00+00:00,17126.5,2137.984,17128.56,21,-2.0600000000013097,-0.00012026696931915523,-0.002090354466737698,2022
2022-12-10 00:00:00+00:00,BTCUSDT_221230,2022-12-30 00:00:00+00:00,17125.9,984.909,17127.49,20,-1.5900000000001455,-9.283321724316554e-05,-0.001694206214687771,2022
2022-12-11 00:00:00+00:00,BTCUSDT_221230,2022-12-30 00:00:00+00:00,17087.1,1120.33,17085.05,19,2.0499999999992724,0.00011998794267498617,0.0023050315303352604,2022
2022-12-12 00:00:00+00:00,BTCUSDT_221230,2022-12-30 00:00:00+00:00,17213.0,2749.61,17209.83,18,3.1699999999982538,0.00018419705482263646,0.003735106945014573,2022
2022-12-13 00:00:00+00:00,BTCUSDT_221230,2022-12-30 00:00:00+00:00,17810.4,5403.971,17774.7,17,35.70000000000073,0.0020084727168391435,0.04312309068507572,2022
2022-12-14 00:00:00+00:00,BTCUSDT_221230,2022-12-30 00:00:00+00:00,17829.0,5744.814,17803.15,16,25.849999999998545,0.0014519902376825755,0.033123527297133755,2022
2022-12-15 00:00:00+00:00,BTCUSDT_221230,2022-12-30 00:00:00+00:00,17382.8,3133.415,17356.34,15,26.459999999999127,0.0015245149611035004,0.03709653072018518,2022
2022-12-16 00:00:00+00:00,BTCUSDT_221230,2022-12-30 00:00:00+00:00,16634.9,4871.915,16632.12,14,2.780000000002474,0.00016714646118489248,0.004357747023748983,2022
2022-12-17 00:00:00+00:00,BTCUSDT_221230,2022-12-30 00:00:00+00:00,16764.7,2379.425,16776.52,13,-11.819999999999709,-0.0007045561296383105,-0.019781768255229485,2022
2022-12-18 00:00:00+00:00,BTCUSDT_221230,2022-12-30 00:00:00+00:00,16731.2,1084.77,16738.21,12,-7.009999999998399,-0.0004188022494638554,-0.012738568421192269,2022
2022-12-19 00:00:00+00:00,BTCUSDT_221230,2022-12-30 00:00:00+00:00,16441.7,2696.852,16438.88,11,2.819999999999709,0.00017154453344751642,0.005692159518940317,2022
2022-12-20 00:00:00+00:00,BTCUSDT_221230,2022-12-30 00:00:00+00:00,16901.9,3900.673,16895.56,10,6.3400000000001455,0.0003752465144688986,0.0136964977781148,2022
2022-12-21 00:00:00+00:00,BTCUSDT_221230,2022-12-30 00:00:00+00:00,16847.9,1980.233,16824.67,9,23.2300000000032,0.001380710587488682,0.055995484937041,2022
2022-12-22 00:00:00+00:00,BTCUSDT_221230,2022-12-30 00:00:00+00:00,16827.7,2424.319,16821.43,8,6.270000000000437,0.000372738821848109,0.017006208746819972,2022
2022-12-23 00:00:00+00:00,BTCUSDT_221230,2022-12-30 00:00:00+00:00,16821.4,2149.679,16778.5,7,42.900000000001455,0.002556843579581098,0.1333211295067287,2022
2022-12-24 00:00:00+00:00,BTCUSDT_221230,2022-12-30 00:00:00+00:00,16852.6,580.509,16836.12,6,16.479999999999563,0.0009788478580575314,0.059546578031833164,2022
2022-12-25 00:00:00+00:00,BTCUSDT_221230,2022-12-30 00:00:00+00:00,16859.9,991.469,16832.11,5,27.790000000000873,0.001651011073478065,0.12052380836389874,2022
2022-12-26 00:00:00+00:00,BTCUSDT_221230,2022-12-30 00:00:00+00:00,16946.1,919.685,16919.39,4,26.709999999999127,0.001578662114887069,0.14405291798344505,2022
2022-12-27 00:00:00+00:00,BTCUSDT_221230,2022-12-30 00:00:00+00:00,16711.6,1810.095,16706.36,3,5.239999999997963,0.00031365300400553814,0.038161115487340476,2022
2022-12-28 00:00:00+00:00,BTCUSDT_221230,2022-12-30 00:00:00+00:00,16561.8,2236.482,16547.31,2,14.489999999997963,0.000875671030517828,0.15980996306950362,2022
2022-12-29 00:00:00+00:00,BTCUSDT_221230,2022-12-30 00:00:00+00:00,16664.9,1792.013,16633.47,1,31.43000000000029,0.0018895636328439159,0.6896907259880293,2022
2022-12-23 00:00:00+00:00,BTCUSDT_230331,2023-03-31 00:00:00+00:00,16820.0,98.967,16778.5,98,41.5,0.002473403462764848,0.009212165958256833,2022
2022-12-24 00:00:00+00:00,BTCUSDT_230331,2023-03-31 00:00:00+00:00,16882.7,115.903,16836.12,97,46.580000000001746,0.0027666707056021073,0.01041066811901824,2022
2022-12-25 00:00:00+00:00,BTCUSDT_230331,2023-03-31 00:00:00+00:00,16950.1,263.962,16832.11,96,117.98999999999796,0.007009816356950968,0.02665190594049066,2022
2022-12-26 00:00:00+00:00,BTCUSDT_230331,2023-03-31 00:00:00+00:00,17000.0,124.956,16919.39,95,80.61000000000058,0.004764356161776552,0.018305157884720438,2022
2022-12-27 00:00:00+00:00,BTCUSDT_230331,2023-03-31 00:00:00+00:00,16793.7,204.0,16706.36,94,87.34000000000015,0.005227949116384427,0.020300015185960807,2022
2022-12-28 00:00:00+00:00,BTCUSDT_230331,2023-03-31 00:00:00+00:00,16618.9,225.202,16547.31,93,71.59000000000015,0.004326382958922033,0.016979890107597227,2022
2022-12-29 00:00:00+00:00,BTCUSDT_230331,2023-03-31 00:00:00+00:00,16710.0,377.39,16633.47,92,76.52999999999884,0.004600964200494475,0.01825382536065743,2022
2022-12-30 00:00:00+00:00,BTCUSDT_230331,2023-03-31 00:00:00+00:00,16676.3,1571.399,16607.48,91,68.81999999999971,0.004143915874051916,0.016621201033285155,2022
2022-12-31 00:00:00+00:00,BTCUSDT_230331,2023-03-31 00:00:00+00:00,16621.2,857.478,16542.4,90,78.79999999999927,0.004763516781119986,0.019318706945653276,2022
2023-01-01 00:00:00+00:00,BTCUSDT_230331,2023-03-31 00:00:00+00:00,16700.3,455.608,16616.75,89,83.54999999999927,0.005028059036815218,0.02062069155547814,2023
2023-01-02 00:00:00+00:00,BTCUSDT_230331,2023-03-31 00:00:00+00:00,16755.3,2102.449,16672.87,88,82.43000000000029,0.0049439598581408175,0.020506197138879526,2023
2023-01-03 00:00:00+00:00,BTCUSDT_230331,2023-03-31 00:00:00+00:00,16743.2,1286.465,16675.18,87,68.02000000000044,0.004079116387349368,0.01711353426876459,2023
2023-01-04 00:00:00+00:00,BTCUSDT_230331,2023-03-31 00:00:00+00:00,16945.5,2293.956,16850.36,86,95.13999999999942,0.0056461701708449795,0.023963396655330437,2023
2023-01-05 00:00:00+00:00,BTCUSDT_230331,2023-03-31 00:00:00+00:00,16917.8,846.072,16831.85,85,85.95000000000073,0.005106390563128874,0.02192744182990634,2023
2023-01-06 00:00:00+00:00,BTCUSDT_230331,2023-03-31 00:00:00+00:00,17044.8,1450.996,16950.65,84,94.14999999999782,0.005554359272358158,0.024135013504889613,2023
2023-01-07 00:00:00+00:00,BTCUSDT_230331,2023-03-31 00:00:00+00:00,17035.0,457.93,16943.57,83,91.43000000000029,0.005396147329045785,0.023730045483153148,2023
2023-01-08 00:00:00+00:00,BTCUSDT_230331,2023-03-31 00:00:00+00:00,17219.2,751.943,17127.83,82,91.36999999999898,0.0053345928818769785,0.023745443925428013,2023
2023-01-09 00:00:00+00:00,BTCUSDT_230331,2023-03-31 00:00:00+00:00,17278.9,1921.75,17178.26,81,100.64000000000306,0.005858567747839599,0.026399718863721645,2023
2023-01-10 00:00:00+00:00,BTCUSDT_230331,2023-03-31 00:00:00+00:00,17539.8,1467.504,17440.66,80,99.13999999999942,0.005684417906203058,0.025935156697051452,2023
2023-01-11 00:00:00+00:00,BTCUSDT_230331,2023-03-31 00:00:00+00:00,18057.8,2102.361,17943.26,79,114.54000000000087,0.006383455403310262,0.029493180027952474,2023
2023-01-12 00:00:00+00:00,BTCUSDT_230331,2023-03-31 00:00:00+00:00,18969.3,5951.503,18846.62,78,122.68000000000029,0.006509390012638887,0.03046060711042556,2023
2023-01-13 00:00:00+00:00,BTCUSDT_230331,2023-03-31 00:00:00+00:00,20058.0,4502.027,19930.01,77,127.9900000000016,0.006421973696952566,0.030441823368671257,2023
2023-01-14 00:00:00+00:00,BTCUSDT_230331,2023-03-31 00:00:00+00:00,21133.6,7690.609,20954.92,76,178.6800000000003,0.008526875788597633,0.04095144293208074,2023
2023-01-15 00:00:00+00:00,BTCUSDT_230331,2023-03-31 00:00:00+00:00,21063.5,2318.335,20871.5,75,192.0,0.009199147162398487,0.044769182857005964,2023
2023-01-16 00:00:00+00:00,BTCUSDT_230331,2023-03-31 00:00:00+00:00,21371.5,4558.06,21185.65,74,185.84999999999854,0.008772447387736441,0.043269504007078394,2023
2023-01-17 00:00:00+00:00,BTCUSDT_230331,2023-03-31 00:00:00+00:00,21307.4,3368.085,21134.81,73,172.59000000000015,0.008166148642926061,0.0408307432146303,2023
2023-01-18 00:00:00+00:00,BTCUSDT_230331,2023-03-31 00:00:00+00:00,20859.6,4509.35,20677.47,72,182.12999999999738,0.008808137552611483,0.04465236398198877,2023
2023-01-19 00:00:00+00:00,BTCUSDT_230331,2023-03-31 00:00:00+00:00,21248.0,1631.213,21071.59,71,176.40999999999985,0.008371935862457453,0.04303882520840803,2023
2023-01-20 00:00:00+00:00,BTCUSDT_230331,2023-03-31 00:00:00+00:00,22868.6,3622.629,22667.21,70,201.38999999999942,0.008884639971130079,0.046327051278035415,2023
2023-01-21 00:00:00+00:00,BTCUSDT_230331,2023-03-31 00:00:00+00:00,22982.3,4039.261,22783.55,69,198.75,0.008723399119101282,0.04614551707930389,2023
2023-01-22 00:00:00+00:00,BTCUSDT_230331,2023-03-31 00:00:00+00:00,22907.1,2857.205,22707.88,68,199.21999999999753,0.008773165967056261,0.04709125849964022,2023
2023-01-23 00:00:00+00:00,BTCUSDT_230331,2023-03-31 00:00:00+00:00,23111.1,3180.49,22916.45,67,194.64999999999782,0.008493898487767425,0.046272730567688214,2023
2023-01-24 00:00:00+00:00,BTCUSDT_230331,2023-03-31 00:00:00+00:00,22856.1,2922.628,22632.89,66,223.20999999999913,0.009862196122545514,0.05454093310195625,2023
2023-01-25 00:00:00+00:00,BTCUSDT_230331,2023-03-31 00:00:00+00:00,23298.0,4101.045,23060.94,65,237.0600000000013,0.010279719733887749,0.05772458004413889,2023
2023-01-26 00:00:00+00:00,BTCUSDT_230331,2023-03-31 00:00:00+00:00,23240.9,2775.426,23009.65,64,231.25,0.010050131140630126,0.05731715416140619,2023
2023-01-27 00:00:00+00:00,BTCUSDT_230331,2023-03-31 00:00:00+00:00,23313.4,2589.459,23074.16,63,239.2400000000016,0.010368308098756426,0.06007035644517612,2023
2023-01-28 00:00:00+00:00,BTCUSDT_230331,2023-03-31 00:00:00+00:00,23258.7,742.803,23022.6,62,236.10000000000218,0.01025514060097479,0.060373005150899973,2023
2023-01-29 00:00:00+00:00,BTCUSDT_230331,2023-03-31 00:00:00+00:00,24009.0,2570.669,23742.3,61,266.7000000000007,0.011233115578524437,0.0672145440354331,2023
2023-01-30 00:00:00+00:00,BTCUSDT_230331,2023-03-31 00:00:00+00:00,23046.8,3183.687,22826.15,60,220.64999999999782,0.00966654473049541,0.05880481377718041,2023
2023-01-31 00:00:00+00:00,BTCUSDT_230331,2023-03-31 00:00:00+00:00,23357.9,1911.444,23125.13,59,232.77000000000044,0.010065673144323963,0.06227068979115673,2023
2023-02-01 00:00:00+00:00,BTCUSDT_230331,2023-03-31 00:00:00+00:00,23970.6,2427.577,23732.66,58,237.9399999999987,0.010025846238896048,0.0630936875378803,2023
2023-02-02 00:00:00+00:00,BTCUSDT_230331,2023-03-31 00:00:00+00:00,23725.1,3519.664,23488.94,57,236.15999999999985,0.010054093543599664,0.06438147620024345,2023
2023-02-03 00:00:00+00:00,BTCUSDT_230331,2023-03-31 00:00:00+00:00,23659.7,2254.368,23431.9,56,227.79999999999927,0.009721789526244105,0.0633652353049839,2023
2023-02-04 00:00:00+00:00,BTCUSDT_230331,2023-03-31 00:00:00+00:00,23518.3,1157.976,23326.84,55,191.45999999999913,0.008207712660608943,0.05446936583858662,2023
2023-02-05 00:00:00+00:00,BTCUSDT_230331,2023-03-31 00:00:00+00:00,23121.4,1453.523,22932.91,54,188.4900000000016,0.00821919241823221,0.055555652456569564,2023
2023-02-06 00:00:00+00:00,BTCUSDT_230331,2023-03-31 00:00:00+00:00,22949.0,1888.367,22762.52,53,186.47999999999956,0.008192414548125583,0.056419458680487505,2023
2023-02-07 00:00:00+00:00,BTCUSDT_230331,2023-03-31 00:00:00+00:00,23430.3,2135.191,23240.46,52,189.84000000000015,0.008168513015663207,0.05733667789840521,2023
2023-02-08 00:00:00+00:00,BTCUSDT_230331,2023-03-31 00:00:00+00:00,23148.8,1677.002,22963.0,51,185.79999999999927,0.0080912772721334,0.057908160869190026,2023
2023-02-09 00:00:00+00:00,BTCUSDT_230331,2023-03-31 00:00:00+00:00,21972.4,3942.552,21796.35,50,176.0500000000029,0.008077040421905636,0.05896239507991114,2023
2023-02-10 00:00:00+00:00,BTCUSDT_230331,2023-03-31 00:00:00+00:00,21769.0,2327.921,21625.19,49,143.8100000000013,0.006650114981648777,0.04953657078166947,2023
2023-02-11 00:00:00+00:00,BTCUSDT_230331,2023-03-31 00:00:00+00:00,21985.5,1224.412,21862.55,48,122.95000000000073,0.005623772158325572,0.042764100787267376,2023
2023-02-12 00:00:00+00:00,BTCUSDT_230331,2023-03-31 00:00:00+00:00,21893.0,1560.871,21783.54,47,109.45999999999913,0.005024894943613348,0.03902312030678451,2023
2023-02-13 00:00:00+00:00,BTCUSDT_230331,2023-03-31 00:00:00+00:00,21891.2,2784.593,21773.97,46,117.22999999999956,0.0053839515715324105,0.042720485295854996,2023
2023-02-14 00:00:00+00:00,BTCUSDT_230331,2023-03-31 00:00:00+00:00,22340.1,3483.84,22199.84,45,140.2599999999984,0.006318063553611125,0.051246515490401344,2023
2023-02-15 00:00:00+00:00,BTCUSDT_230331,2023-03-31 00:00:00+00:00,24521.8,5328.661,24324.05,44,197.75,0.008129813908456856,0.067440501740608,2023
2023-02-16 00:00:00+00:00,BTCUSDT_230331,2023-03-31 00:00:00+00:00,23677.7,5355.938,23517.72,43,159.97999999999956,0.006802530177245054,0.057742407318475464,2023
2023-02-17 00:00:00+00:00,BTCUSDT_230331,2023-03-31 00:00:00+00:00,24758.0,5652.631,24569.97,42,188.02999999999884,0.007652837996953143,0.06650680640209279,2023
2023-02-18 00:00:00+00:00,BTCUSDT_230331,2023-03-31 00:00:00+00:00,24825.8,1898.559,24631.95,41,193.84999999999854,0.007869860080099161,0.0700609494935657,2023
2023-02-19 00:00:00+00:00,BTCUSDT_230331,2023-03-31 00:00:00+00:00,24460.4,3255.838,24271.76,40,188.64000000000306,0.007771995108719065,0.07091945536706147,2023
2023-02-20 00:00:00+00:00,BTCUSDT_230331,2023-03-31 00:00:00+00:00,25071.5,3641.917,24842.2,39,229.29999999999927,0.009230261410020016,0.08638577986300786,2023
2023-02-21 00:00:00+00:00,BTCUSDT_230331,2023-03-31 00:00:00+00:00,24664.5,4850.329,24452.16,38,212.34000000000015,0.008683895410466812,0.08341110065316806,2023
2023-02-22 00:00:00+00:00,BTCUSDT_230331,2023-03-31 00:00:00+00:00,24366.1,4013.073,24182.21,37,183.88999999999942,0.007604350470862648,0.07501588978013153,2023
2023-02-23 00:00:00+00:00,BTCUSDT_230331,2023-03-31 00:00:00+00:00,24118.0,4228.784,23940.2,36,177.79999999999927,0.007426838539360543,0.0752998907462944,2023
2023-02-24 00:00:00+00:00,BTCUSDT_230331,2023-03-31 00:00:00+00:00,23329.1,4146.961,23185.29,35,143.80999999999767,0.006202639690941872,0.06468467106267951,2023
2023-02-25 00:00:00+00:00,BTCUSDT_230331,2023-03-31 00:00:00+00:00,23301.1,1722.542,23157.07,34,144.02999999999884,0.006219698778817823,0.06677029571377956,2023
2023-02-26 00:00:00+00:00,BTCUSDT_230331,2023-03-31 00:00:00+00:00,23707.6,1887.775,23554.85,33,152.75,0.006484864051352482,0.07172652662859563,2023
2023-02-27 00:00:00+00:00,BTCUSDT_230331,2023-03-31 00:00:00+00:00,23629.1,3051.665,23492.09,32,137.0099999999984,0.005832175851531235,0.06652325580652814,2023
2023-02-28 00:00:00+00:00,BTCUSDT_230331,2023-03-31 00:00:00+00:00,23273.4,1889.234,23141.57,31,131.83000000000175,0.0056966748582746,0.06707375236355577,2023
2023-03-01 00:00:00+00:00,BTCUSDT_230331,2023-03-31 00:00:00+00:00,23778.0,2749.29,23628.97,30,149.02999999999884,0.00630708829034862,0.0767362408659082,2023
2023-03-02 00:00:00+00:00,BTCUSDT_230331,2023-03-31 00:00:00+00:00,23593.4,1915.798,23465.32,29,128.08000000000175,0.0054582677755940145,0.06869888752040743,2023
2023-03-03 00:00:00+00:00,BTCUSDT_230331,2023-03-31 00:00:00+00:00,22463.1,4200.688,22354.34,28,108.7599999999984,0.004865274483612506,0.06342232808994874,2023
2023-03-04 00:00:00+00:00,BTCUSDT_230331,2023-03-31 00:00:00+00:00,22441.5,753.148,22346.57,27,94.93000000000029,0.0042480792354263,0.05742773781224443,2023
2023-03-05 00:00:00+00:00,BTCUSDT_230331,2023-03-31 00:00:00+00:00,22513.1,1323.308,22430.24,26,82.85999999999694,0.0036941200807479964,0.05185976267203918,2023
2023-03-06 00:00:00+00:00,BTCUSDT_230331,2023-03-31 00:00:00+00:00,22483.0,1410.381,22410.0,25,73.0,0.003257474341811691,0.047559125390450686,2023
2023-03-07 00:00:00+00:00,BTCUSDT_230331,2023-03-31 00:00:00+00:00,22263.7,3138.913,22197.96,24,65.7400000000016,0.00296153340216856,0.04503998715798018,2023
2023-03-08 00:00:00+00:00,BTCUSDT_230331,2023-03-31 00:00:00+00:00,21763.1,2665.87,21705.44,23,57.659999999999854,0.002656476901643084,0.04215713343911851,2023
2023-03-09 00:00:00+00:00,BTCUSDT_230331,2023-03-31 00:00:00+00:00,20413.9,4936.293,20362.22,22,51.68000000000029,0.002538033672163462,0.04210828592453016,2023
2023-03-10 00:00:00+00:00,BTCUSDT_230331,2023-03-31 00:00:00+00:00,20184.0,7556.618,20150.69,21,33.31000000000131,0.001653045131457102,0.028731498713421056,2023
2023-03-11 00:00:00+00:00,BTCUSDT_230331,2023-03-31 00:00:00+00:00,20479.7,4367.572,20455.73,20,23.970000000001164,0.0011717988064958408,0.021385328218549094,2023
2023-03-12 00:00:00+00:00,BTCUSDT_230331,2023-03-31 00:00:00+00:00,22058.2,4125.785,21997.11,19,61.090000000000146,0.002777183002676267,0.05335114715667565,2023
2023-03-13 00:00:00+00:00,BTCUSDT_230331,2023-03-31 00:00:00+00:00,24192.6,10125.498,24113.48,18,79.11999999999898,0.0032811522849459716,0.06653447688918221,2023
2023-03-14 00:00:00+00:00,BTCUSDT_230331,2023-03-31 00:00:00+00:00,24753.2,10984.594,24670.41,17,82.79000000000087,0.0033558420796411925,0.07205190347464913,2023
2023-03-15 00:00:00+00:00,BTCUSDT_230331,2023-03-31 00:00:00+00:00,24365.7,8882.853,24285.66,16,80.04000000000087,0.0032957720729023168,0.0751848004130841,2023
2023-03-16 00:00:00+00:00,BTCUSDT_230331,2023-03-31 00:00:00+00:00,25045.9,5794.129,24998.78,15,47.12000000000262,0.0018848919827288621,0.045865704913068975,2023
2023-03-17 00:00:00+00:00,BTCUSDT_230331,2023-03-31 00:00:00+00:00,27443.7,8083.335,27395.13,14,48.56999999999971,0.0017729428551716932,0.046223153009833436,2023
2023-03-18 00:00:00+00:00,BTCUSDT_230331,2023-03-31 00:00:00+00:00,26978.5,4974.53,26907.49,13,71.0099999999984,0.002639042140311058,0.07409618317027201,2023
2023-03-19 00:00:00+00:00,BTCUSDT_230331,2023-03-31 00:00:00+00:00,28017.8,5514.791,27972.87,12,44.93000000000029,0.001606199149390116,0.048855224127282694,2023
2023-03-20 00:00:00+00:00,BTCUSDT_230331,2023-03-31 00:00:00+00:00,27792.2,7959.508,27717.01,11,75.19000000000233,0.0027127745741695204,0.09001479268835226,2023
2023-03-21 00:00:00+00:00,BTCUSDT_230331,2023-03-31 00:00:00+00:00,28155.7,4719.425,28105.47,10,50.22999999999956,0.0017871965848640695,0.06523267534753854,2023
2023-03-22 00:00:00+00:00,BTCUSDT_230331,2023-03-31 00:00:00+00:00,27275.7,8081.505,27250.97,9,24.729999999999563,0.0009074906324435263,0.03680378676020968,2023
2023-03-23 00:00:00+00:00,BTCUSDT_230331,2023-03-31 00:00:00+00:00,28346.1,6651.639,28295.41,8,50.68999999999869,0.001791456635546143,0.08173520899679278,2023
2023-03-24 00:00:00+00:00,BTCUSDT_230331,2023-03-31 00:00:00+00:00,27472.2,5685.394,27454.47,7,17.729999999999563,0.000645796476857851,0.033673673436159374,2023
2023-03-25 00:00:00+00:00,BTCUSDT_230331,2023-03-31 00:00:00+00:00,27490.6,2130.355,27462.95,6,27.649999999997817,0.0010068109944488053,0.061247668828968996,2023
2023-03-26 00:00:00+00:00,BTCUSDT_230331,2023-03-31 00:00:00+00:00,27997.7,2193.778,27968.05,5,29.650000000001455,0.001060138264913051,0.07739009333865272,2023
2023-03-27 00:00:00+00:00,BTCUSDT_230331,2023-03-31 00:00:00+00:00,27133.1,3859.251,27124.91,4,8.18999999999869,0.0003019364856878305,0.027551704319014533,2023
2023-03-28 00:00:00+00:00,BTCUSDT_230331,2023-03-31 00:00:00+00:00,27245.3,3294.472,27261.07,3,-15.770000000000437,-0.0005784805952224339,-0.07038180575206279,2023
2023-03-29 00:00:00+00:00,BTCUSDT_230331,2023-03-31 00:00:00+00:00,28334.6,4282.667,28348.6,2,-14.0,-0.0004938515482246037,-0.09012790755099018,2023
2023-03-30 00:00:00+00:00,BTCUSDT_230331,2023-03-31 00:00:00+00:00,28017.9,4866.556,28028.53,1,-10.62999999999738,-0.00037925642193855264,-0.1384285940075717,2023
2023-03-27 00:00:00+00:00,BTCUSDT_230630,2023-06-30 00:00:00+00:00,27340.4,141.18,27124.91,95,215.4900000000016,0.007944358156395786,0.030523060285099598,2023
2023-03-28 00:00:00+00:00,BTCUSDT_230630,2023-06-30 00:00:00+00:00,27543.9,281.282,27261.07,94,282.83000000000175,0.010374867897701805,0.040285391304905944,2023
2023-03-29 00:00:00+00:00,BTCUSDT_230630,2023-06-30 00:00:00+00:00,28642.3,316.783,28348.6,93,293.7000000000007,0.010360299979540463,0.040661392392820093,2023
2023-03-30 00:00:00+00:00,BTCUSDT_230630,2023-06-30 00:00:00+00:00,28367.4,514.619,28028.53,92,338.8700000000026,0.012090180969176858,0.04796647884510384,2023
2023-03-31 00:00:00+00:00,BTCUSDT_230630,2023-06-30 00:00:00+00:00,28819.3,2348.646,28465.36,91,353.9399999999987,0.012434060205105388,0.049872878844653475,2023
2023-04-01 00:00:00+00:00,BTCUSDT_230630,2023-06-30 00:00:00+00:00,28822.1,862.809,28452.73,90,369.369999999999,0.012981882582093141,0.052648746027377735,2023
2023-04-02 00:00:00+00:00,BTCUSDT_230630,2023-06-30 00:00:00+00:00,28545.9,1046.339,28171.87,89,374.0300000000025,0.013276718939850371,0.054449465315116685,2023
2023-04-03 00:00:00+00:00,BTCUSDT_230630,2023-06-30 00:00:00+00:00,28140.5,2660.916,27800.0,88,340.5,0.012248201438848921,0.05080219914977109,2023
2023-04-04 00:00:00+00:00,BTCUSDT_230630,2023-06-30 00:00:00+00:00,28534.3,2012.282,28165.47,87,368.8299999999981,0.013095112561586868,0.05493926534458859,2023
2023-04-05 00:00:00+00:00,BTCUSDT_230630,2023-06-30 00:00:00+00:00,28518.4,2246.426,28170.01,86,348.39000000000306,0.012367407750299098,0.0524895794053392,2023
2023-04-06 00:00:00+00:00,BTCUSDT_230630,2023-06-30 00:00:00+00:00,28380.0,1417.765,28033.82,85,346.1800000000003,0.01234865601619759,0.053026581716613175,2023
2023-04-07 00:00:00+00:00,BTCUSDT_230630,2023-06-30 00:00:00+00:00,28226.0,1145.35,27906.33,84,319.66999999999825,0.011455107138774545,0.04977516792443701,2023
2023-04-08 00:00:00+00:00,BTCUSDT_230630,2023-06-30 00:00:00+00:00,28267.4,687.527,27938.38,83,329.02000000000044,0.011776631286423924,0.051788800235478695,2023
2023-04-09 00:00:00+00:00,BTCUSDT_230630,2023-06-30 00:00:00+00:00,28656.6,1198.767,28323.76,82,332.84000000000015,0.0117512646626013,0.05230745855913993,2023
2023-04-10 00:00:00+00:00,BTCUSDT_230630,2023-06-30 00:00:00+00:00,29982.8,2438.483,29637.34,81,345.4599999999991,0.011656241754489408,0.05252504000479794,2023
2023-04-11 00:00:00+00:00,BTCUSDT_230630,2023-06-30 00:00:00+00:00,30535.2,3289.797,30200.42,80,334.7800000000025,0.011085276297482039,0.0505765731072618,2023
2023-04-12 00:00:00+00:00,BTCUSDT_230630,2023-06-30 00:00:00+00:00,30219.9,2795.356,29888.07,79,331.83000000000175,0.011102423140738152,0.05129600565024589,2023
2023-04-13 00:00:00+00:00,BTCUSDT_230630,2023-06-30 00:00:00+00:00,30713.2,1806.396,30373.84,78,339.3600000000006,0.011172772359372427,0.052282845015012,2023
2023-04-14 00:00:00+00:00,BTCUSDT_230630,2023-06-30 00:00:00+00:00,30758.4,2673.88,30466.93,77,291.47000000000116,0.009566766326636821,0.04534895726262909,2023
2023-04-15 00:00:00+00:00,BTCUSDT_230630,2023-06-30 00:00:00+00:00,30613.7,574.285,30295.09,76,318.6100000000006,0.010516885739570358,0.05050872756504185,2023
2023-04-16 00:00:00+00:00,BTCUSDT_230630,2023-06-30 00:00:00+00:00,30639.6,992.458,30304.65,75,334.9499999999971,0.011052759230019058,0.05379009491942608,2023
2023-04-17 00:00:00+00:00,BTCUSDT_230630,2023-06-30 00:00:00+00:00,29718.1,2500.311,29430.27,74,287.8299999999981,0.00978006657771057,0.04823951757924808,2023
2023-04-18 00:00:00+00:00,BTCUSDT_230630,2023-06-30 00:00:00+00:00,30692.4,2159.058,30380.01,73,312.39000000000306,0.010282748425691863,0.05141374212845932,2023
2023-04-19 00:00:00+00:00,BTCUSDT_230630,2023-06-30 00:00:00+00:00,29070.8,2923.825,28797.1,72,273.7000000000007,0.009504429265446894,0.04818217613733495,2023
2023-04-20 00:00:00+00:00,BTCUSDT_230630,2023-06-30 00:00:00+00:00,28502.2,2490.034,28243.65,71,258.5499999999993,0.00915427007486636,0.04706068418769326,2023
2023-04-21 00:00:00+00:00,BTCUSDT_230630,2023-06-30 00:00:00+00:00,27484.9,2255.738,27262.84,70,222.0600000000013,0.008145152889427562,0.04247115435201514,2023
2023-04-22 00:00:00+00:00,BTCUSDT_230630,2023-06-30 00:00:00+00:00,28034.0,1013.065,27816.85,69,217.15000000000146,0.007806419490344933,0.041294827738781174,2023
2023-04-23 00:00:00+00:00,BTCUSDT_230630,2023-06-30 00:00:00+00:00,27788.5,1112.337,27590.6,68,197.90000000000146,0.00717273274231084,0.03850069780799201,2023
2023-04-24 00:00:00+00:00,BTCUSDT_230630,2023-06-30 00:00:00+00:00,27717.3,2029.752,27510.93,67,206.36999999999898,0.0075013821779197935,0.040865738730458574,2023
2023-04-25 00:00:00+00:00,BTCUSDT_230630,2023-06-30 00:00:00+00:00,28540.4,2076.578,28300.79,66,239.61000000000058,0.008466548106960991,0.046822576652132755,2023
2023-04-26 00:00:00+00:00,BTCUSDT_230630,2023-06-30 00:00:00+00:00,28638.3,5150.186,28415.29,65,223.0099999999984,0.00784823945136574,0.04407088307305377,2023
2023-04-27 00:00:00+00:00,BTCUSDT_230630,2023-06-30 00:00:00+00:00,29692.9,3465.107,29472.77,64,220.13000000000102,0.007468928098716239,0.04259623056299105,2023
2023-04-28 00:00:00+00:00,BTCUSDT_230630,2023-06-30 00:00:00+00:00,29523.5,1665.361,29311.7,63,211.79999999999927,0.007225783560830633,0.041863666661955255,2023
2023-04-29 00:00:00+00:00,BTCUSDT_230630,2023-06-30 00:00:00+00:00,29468.7,671.707,29230.45,62,238.25,0.008150746909472827,0.04798423583802551,2023
2023-04-30 00:00:00+00:00,BTCUSDT_230630,2023-06-30 00:00:00+00:00,29469.7,1479.914,29233.21,61,236.4900000000016,0.008089771872469757,0.04840601202379445,2023
2023-05-01 00:00:00+00:00,BTCUSDT_230630,2023-06-30 00:00:00+00:00,28290.0,3366.791,28068.26,60,221.7400000000016,0.007900026578063678,0.048058495016554036,2023
2023-05-02 00:00:00+00:00,BTCUSDT_230630,2023-06-30 00:00:00+00:00,28883.4,2480.659,28669.86,59,213.54000000000087,0.0074482400681412765,0.04607809533680621,2023
2023-05-03 00:00:00+00:00,BTCUSDT_230630,2023-06-30 00:00:00+00:00,29263.2,3397.392,29026.16,58,237.04000000000087,0.008166426423612386,0.05139216628652622,2023
2023-05-04 00:00:00+00:00,BTCUSDT_230630,2023-06-30 00:00:00+00:00,29074.2,2058.691,28838.16,57,236.04000000000087,0.008184988223936648,0.05241264389012064,2023
2023-05-05 00:00:00+00:00,BTCUSDT_230630,2023-06-30 00:00:00+00:00,29762.9,2700.648,29505.61,56,257.2900000000009,0.008720036630322196,0.05683595303692146,2023
2023-05-06 00:00:00+00:00,BTCUSDT_230630,2023-06-30 00:00:00+00:00,29044.1,2262.14,28848.2,55,195.89999999999782,0.0067907183117143465,0.04506567606864976,2023
2023-05-07 00:00:00+00:00,BTCUSDT_230630,2023-06-30 00:00:00+00:00,28627.0,1635.916,28430.1,54,196.90000000000146,0.006925758263249214,0.04681299566825858,2023
2023-05-08 00:00:00+00:00,BTCUSDT_230630,2023-06-30 00:00:00+00:00,27854.0,3073.785,27668.79,53,185.20999999999913,0.00669382361859695,0.04609897397712994,2023
2023-05-09 00:00:00+00:00,BTCUSDT_230630,2023-06-30 00:00:00+00:00,27795.3,1333.676,27628.27,52,167.02999999999884,0.00604561921539057,0.042435596415722275,2023
2023-05-10 00:00:00+00:00,BTCUSDT_230630,2023-06-30 00:00:00+00:00,27745.6,3637.361,27598.75,51,146.84999999999854,0.0053208931563929,0.03808090200163546,2023
2023-05-11 00:00:00+00:00,BTCUSDT_230630,2023-06-30 00:00:00+00:00,27087.8,2435.249,26968.62,50,119.18000000000029,0.0044192101783480315,0.03226023430194063,2023
2023-05-12 00:00:00+00:00,BTCUSDT_230630,2023-06-30 00:00:00+00:00,26910.0,3249.163,26795.01,49,114.9900000000016,0.004291470688012492,0.031967077573970604,2023
2023-05-13 00:00:00+00:00,BTCUSDT_230630,2023-06-30 00:00:00+00:00,26891.6,1302.135,26775.28,48,116.31999999999971,0.00434430564311558,0.03303482416119139,2023
2023-05-14 00:00:00+00:00,BTCUSDT_230630,2023-06-30 00:00:00+00:00,27047.1,1293.968,26917.62,47,129.47999999999956,0.004810232108187855,0.03735605786145887,2023
2023-05-15 00:00:00+00:00,BTCUSDT_230630,2023-06-30 00:00:00+00:00,27303.4,2225.496,27162.14,46,141.26000000000204,0.005200621158715847,0.04126579832459313,2023
2023-05-16 00:00:00+00:00,BTCUSDT_230630,2023-06-30 00:00:00+00:00,27157.8,1770.067,27033.84,45,123.95999999999913,0.004585364121412242,0.03719239787367707,2023
2023-05-17 00:00:00+00:00,BTCUSDT_230630,2023-06-30 00:00:00+00:00,27523.8,2677.159,27405.61,44,118.18999999999869,0.004312620664163239,0.03577514869135414,2023
2023-05-18 00:00:00+00:00,BTCUSDT_230630,2023-06-30 00:00:00+00:00,26922.7,2858.737,26821.28,43,101.42000000000189,0.00378132587259079,0.032097301011526476,2023
2023-05-19 00:00:00+00:00,BTCUSDT_230630,2023-06-30 00:00:00+00:00,26995.6,1510.442,26880.26,42,115.34000000000015,0.004290881114989221,0.03728980016597775,2023
2023-05-20 00:00:00+00:00,BTCUSDT_230630,2023-06-30 00:00:00+00:00,27221.8,635.272,27102.43,41,119.36999999999898,0.004404402114496706,0.039209921263202385,2023
2023-05-21 00:00:00+00:00,BTCUSDT_230630,2023-06-30 00:00:00+00:00,26866.0,1033.772,26747.78,40,118.22000000000116,0.004419806054932453,0.040330730251258634,2023
2023-05-22 00:00:00+00:00,BTCUSDT_230630,2023-06-30 00:00:00+00:00,26967.4,1437.631,26849.27,39,118.13000000000102,0.0043997471812083164,0.04117712105489835,2023
2023-05-23 00:00:00+00:00,BTCUSDT_230630,2023-06-30 00:00:00+00:00,27335.4,1660.612,27219.61,38,115.79000000000087,0.004253918406619378,0.04086000574779139,2023
2023-05-24 00:00:00+00:00,BTCUSDT_230630,2023-06-30 00:00:00+00:00,26413.9,2663.646,26329.01,37,84.89000000000306,0.0032242002262904326,0.031806299529621836,2023
2023-05-25 00:00:00+00:00,BTCUSDT_230630,2023-06-30 00:00:00+00:00,26558.4,2132.657,26473.79,36,84.61000000000058,0.003195991204886062,0.03240379971620591,2023
2023-05-26 00:00:00+00:00,BTCUSDT_230630,2023-06-30 00:00:00+00:00,26808.4,1528.985,26705.92,35,102.4800000000032,0.0038373514187117768,0.04001809336656567,2023
2023-05-27 00:00:00+00:00,BTCUSDT_230630,2023-06-30 00:00:00+00:00,26946.9,792.43,26854.27,34,92.63000000000102,0.003449358332957888,0.03702987622145967,2023
2023-05-28 00:00:00+00:00,BTCUSDT_230630,2023-06-30 00:00:00+00:00,28200.5,2298.77,28065.0,33,135.5,0.004828077676821664,0.05340146521333052,2023
2023-05-29 00:00:00+00:00,BTCUSDT_230630,2023-06-30 00:00:00+00:00,27864.0,1898.697,27736.4,32,127.59999999999854,0.004600452834542281,0.05247391514399789,2023
2023-05-30 00:00:00+00:00,BTCUSDT_230630,2023-06-30 00:00:00+00:00,27826.5,1302.429,27694.4,31,132.09999999999854,0.004769917384019821,0.056161930489265634,2023
2023-05-31 00:00:00+00:00,BTCUSDT_230630,2023-06-30 00:00:00+00:00,27307.2,2048.272,27210.35,30,96.85000000000218,0.0035593073958990673,0.043304906650105314,2023
2023-06-01 00:00:00+00:00,BTCUSDT_230630,2023-06-30 00:00:00+00:00,26904.6,1947.965,26817.93,29,86.66999999999825,0.0032317930578533932,0.040676016072982366,2023
2023-06-02 00:00:00+00:00,BTCUSDT_230630,2023-06-30 00:00:00+00:00,27348.3,1972.87,27242.59,28,105.70999999999913,0.003880321217622815,0.050582758729725986,2023
2023-06-03 00:00:00+00:00,BTCUSDT_230630,2023-06-30 00:00:00+00:00,27175.3,753.252,27069.22,27,106.07999999999811,0.00391884213878339,0.05297694002429398,2023
2023-06-04 00:00:00+00:00,BTCUSDT_230630,2023-06-30 00:00:00+00:00,27210.6,837.949,27115.21,26,95.38999999999942,0.0035179517326253207,0.04938663009262469,2023
2023-06-05 00:00:00+00:00,BTCUSDT_230630,2023-06-30 00:00:00+00:00,25788.9,3129.142,25728.2,25,60.70000000000073,0.002359278923515859,0.034445472283331544,2023
2023-06-06 00:00:00+00:00,BTCUSDT_230630,2023-06-30 00:00:00+00:00,27317.7,4045.722,27230.08,24,87.61999999999898,0.0032177650598161655,0.04893684361803752,2023
2023-06-07 00:00:00+00:00,BTCUSDT_230630,2023-06-30 00:00:00+00:00,26420.3,2907.681,26339.34,23,80.95999999999913,0.0030737292582122076,0.04877874692380243,2023
2023-06-08 00:00:00+00:00,BTCUSDT_230630,2023-06-30 00:00:00+00:00,26582.9,1382.309,26498.61,22,84.29000000000087,0.003180921565319874,0.05277438051553427,2023
2023-06-09 00:00:00+00:00,BTCUSDT_230630,2023-06-30 00:00:00+00:00,26554.3,1496.862,26477.81,21,76.48999999999796,0.002888834084087693,0.050210687652000374,2023
2023-06-10 00:00:00+00:00,BTCUSDT_230630,2023-06-30 00:00:00+00:00,25918.6,2996.974,25841.21,20,77.38999999999942,0.002994828802521222,0.0546556256460123,2023
2023-06-11 00:00:00+00:00,BTCUSDT_230630,2023-06-30 00:00:00+00:00,25993.0,1419.585,25925.55,19,67.45000000000073,0.0026016805815113173,0.049979653276401616,2023
2023-06-12 00:00:00+00:00,BTCUSDT_230630,2023-06-30 00:00:00+00:00,25981.1,1328.466,25905.19,18,75.90999999999985,0.002930300839329874,0.05941998924196689,2023
2023-06-13 00:00:00+00:00,BTCUSDT_230630,2023-06-30 00:00:00+00:00,25991.0,1943.371,25934.25,17,56.75,0.0021882259945824535,0.046982499295446796,2023
2023-06-14 00:00:00+00:00,BTCUSDT_230630,2023-06-30 00:00:00+00:00,25175.1,2461.649,25128.6,16,46.5,0.0018504811250925242,0.04221410066617321,2023
2023-06-15 00:00:00+00:00,BTCUSDT_230630,2023-06-30 00:00:00+00:00,25633.2,2235.94,25598.49,15,34.70999999999913,0.0013559393542353132,0.03299452428639262,2023
2023-06-16 00:00:00+00:00,BTCUSDT_230630,2023-06-30 00:00:00+00:00,26367.1,2166.458,26345.0,14,22.099999999998545,0.0008388688555702618,0.02187050944879611,2023
2023-06-17 00:00:00+00:00,BTCUSDT_230630,2023-06-30 00:00:00+00:00,26532.4,1181.874,26516.99,13,15.409999999999854,0.0005811368484884542,0.01631653459217583,2023
2023-06-18 00:00:00+00:00,BTCUSDT_230630,2023-06-30 00:00:00+00:00,26366.7,1417.717,26339.97,12,26.729999999999563,0.0010148075339493387,0.030867062490959052,2023
2023-06-19 00:00:00+00:00,BTCUSDT_230630,2023-06-30 00:00:00+00:00,26851.9,2273.637,26844.35,11,7.55000000000291,0.00028125098950069235,0.009332419197068427,2023
2023-06-20 00:00:00+00:00,BTCUSDT_230630,2023-06-30 00:00:00+00:00,28318.7,4342.108,28307.99,10,10.709999999999127,0.0003783384125824238,0.013809352059258468,2023
2023-06-21 00:00:00+00:00,BTCUSDT_230630,2023-06-30 00:00:00+00:00,30033.7,6628.085,29993.89,9,39.81000000000131,0.0013272703207220307,0.05382818522928236,2023
2023-06-22 00:00:00+00:00,BTCUSDT_230630,2023-06-30 00:00:00+00:00,29901.7,2969.074,29884.92,8,16.780000000002474,0.0005614871982258101,0.025617853419052584,2023
2023-06-23 00:00:00+00:00,BTCUSDT_230630,2023-06-30 00:00:00+00:00,30714.9,3435.305,30688.5,7,26.400000000001455,0.000860257099565031,0.04485626304874805,2023
2023-06-24 00:00:00+00:00,BTCUSDT_230630,2023-06-30 00:00:00+00:00,30554.8,1172.776,30527.43,6,27.36999999999898,0.0008965707234444229,0.0545413856762024,2023
2023-06-25 00:00:00+00:00,BTCUSDT_230630,2023-06-30 00:00:00+00:00,30472.3,1050.349,30462.66,5,9.639999999999418,0.0003164529952407117,0.023101068652571954,2023
2023-06-26 00:00:00+00:00,BTCUSDT_230630,2023-06-30 00:00:00+00:00,30259.4,2060.838,30267.99,4,-8.590000000000146,-0.0002837981643313661,-0.025896582495237155,2023
2023-06-27 00:00:00+00:00,BTCUSDT_230630,2023-06-30 00:00:00+00:00,30687.0,1703.484,30692.44,3,-5.43999999999869,-0.00017724234371717238,-0.021564485152255973,2023
2023-06-28 00:00:00+00:00,BTCUSDT_230630,2023-06-30 00:00:00+00:00,30058.0,1446.565,30077.41,2,-19.409999999999854,-0.000645334821050079,-0.11777360484163941,2023
2023-06-29 00:00:00+00:00,BTCUSDT_230630,2023-06-30 00:00:00+00:00,30440.2,1545.859,30447.31,1,-7.110000000000582,-0.0002335181663010815,-0.08523413069989474,2023
2023-06-25 00:00:00+00:00,BTCUSDT_230929,2023-09-29 00:00:00+00:00,30880.3,328.481,30462.66,96,417.6399999999994,0.013709899266840107,0.052126179504131655,2023
2023-06-26 00:00:00+00:00,BTCUSDT_230929,2023-09-29 00:00:00+00:00,30688.1,450.728,30267.99,95,420.10999999999694,0.013879679489784321,0.05332718961864502,2023
2023-06-27 00:00:00+00:00,BTCUSDT_230929,2023-09-29 00:00:00+00:00,31201.8,435.758,30692.44,94,509.3600000000006,0.016595617683051612,0.06444043036504084,2023
2023-06-28 00:00:00+00:00,BTCUSDT_230929,2023-09-29 00:00:00+00:00,30574.8,557.232,30077.41,93,497.3899999999994,0.016536995705414774,0.06490326271479992,2023
2023-06-29 00:00:00+00:00,BTCUSDT_230929,2023-09-29 00:00:00+00:00,30998.1,531.893,30447.31,92,550.7899999999972,0.018089939636703446,0.07176986921083432,2023
2023-06-30 00:00:00+00:00,BTCUSDT_230929,2023-09-29 00:00:00+00:00,30994.5,1801.655,30472.0,91,522.5,0.017146888947230245,0.06877598313998944,2023
2023-07-01 00:00:00+00:00,BTCUSDT_230929,2023-09-29 00:00:00+00:00,31133.1,353.017,30585.9,90,547.1999999999971,0.01789059664747472,0.0725563086258697,2023
2023-07-02 00:00:00+00:00,BTCUSDT_230929,2023-09-29 00:00:00+00:00,31178.1,788.505,30617.03,89,561.0699999999997,0.01832542215884427,0.07515482121323773,2023
2023-07-03 00:00:00+00:00,BTCUSDT_230929,2023-09-29 00:00:00+00:00,31730.8,1296.294,31156.2,88,574.5999999999985,0.01844255717963033,0.07649469739278489,2023
2023-07-04 00:00:00+00:00,BTCUSDT_230929,2023-09-29 00:00:00+00:00,31314.1,984.461,30766.51,87,547.5900000000001,0.017798248810151043,0.0746708139736222,2023
2023-07-05 00:00:00+00:00,BTCUSDT_230929,2023-09-29 00:00:00+00:00,31053.2,1041.139,30504.81,86,548.3899999999994,0.017977164912680962,0.07629843247823898,2023
2023-07-06 00:00:00+00:00,BTCUSDT_230929,2023-09-29 00:00:00+00:00,30441.5,2201.69,29895.43,85,546.0699999999997,0.018266002529483592,0.0784363638030766,2023
2023-07-07 00:00:00+00:00,BTCUSDT_230929,2023-09-29 00:00:00+00:00,30910.8,1252.492,30344.7,84,566.0999999999985,0.018655646620332332,0.08106322638596787,2023
2023-07-08 00:00:00+00:00,BTCUSDT_230929,2023-09-29 00:00:00+00:00,30826.0,505.493,30284.63,83,541.369999999999,0.017876064525140276,0.07861160905633977,2023
2023-07-09 00:00:00+00:00,BTCUSDT_230929,2023-09-29 00:00:00+00:00,30696.4,494.329,30160.71,82,535.6900000000023,0.017761186656414997,0.07905894060477407,2023
2023-07-10 00:00:00+00:00,BTCUSDT_230929,2023-09-29 00:00:00+00:00,30941.0,1424.154,30411.57,81,529.4300000000003,0.017408834861205796,0.07844721881901376,2023
2023-07-11 00:00:00+00:00,BTCUSDT_230929,2023-09-29 00:00:00+00:00,31184.4,1051.591,30622.1,80,562.3000000000029,0.018362555148079423,0.08377915786311237,2023
2023-07-12 00:00:00+00:00,BTCUSDT_230929,2023-09-29 00:00:00+00:00,30910.5,1405.357,30380.0,79,530.5,0.017462146148782092,0.08067953600386663,2023
2023-07-13 00:00:00+00:00,BTCUSDT_230929,2023-09-29 00:00:00+00:00,31984.4,1900.377,31454.23,78,530.1700000000019,0.0168552846469299,0.07887408841191557,2023
2023-07-14 00:00:00+00:00,BTCUSDT_230929,2023-09-29 00:00:00+00:00,30824.2,1662.149,30312.01,77,512.1900000000023,0.01689726283410445,0.08009741473309252,2023
2023-07-15 00:00:00+00:00,BTCUSDT_230929,2023-09-29 00:00:00+00:00,30794.7,332.727,30289.52,76,505.1800000000003,0.016678375887105516,0.08010009472096728,2023
2023-07-16 00:00:00+00:00,BTCUSDT_230929,2023-09-29 00:00:00+00:00,30736.8,473.859,30231.99,75,504.8099999999977,0.01669787533007247,0.08126299327301935,2023
2023-07-17 00:00:00+00:00,BTCUSDT_230929,2023-09-29 00:00:00+00:00,30590.0,856.283,30138.0,74,452.0,0.014997677350852744,0.07397503017650339,2023
2023-07-18 00:00:00+00:00,BTCUSDT_230929,2023-09-29 00:00:00+00:00,30308.3,924.655,29859.13,73,449.16999999999825,0.015042970106630643,0.07521485053315322,2023
2023-07-19 00:00:00+00:00,BTCUSDT_230929,2023-09-29 00:00:00+00:00,30352.1,699.882,29909.21,72,442.8899999999994,0.014807813379223303,0.0750673872696737,2023
2023-07-20 00:00:00+00:00,BTCUSDT_230929,2023-09-29 00:00:00+00:00,30260.1,1145.918,29800.0,71,460.09999999999854,0.015439597315436192,0.07937257774836916,2023
2023-07-21 00:00:00+00:00,BTCUSDT_230929,2023-09-29 00:00:00+00:00,30344.7,492.269,29901.72,70,442.97999999999956,0.014814532408169148,0.07724720469973913,2023
2023-07-22 00:00:00+00:00,BTCUSDT_230929,2023-09-29 00:00:00+00:00,30208.1,377.489,29794.0,69,414.09999999999854,0.013898771564744531,0.07352248726277905,2023
2023-07-23 00:00:00+00:00,BTCUSDT_230929,2023-09-29 00:00:00+00:00,30501.5,567.126,30083.75,68,417.75,0.013886234262683343,0.07453640449822677,2023
2023-07-24 00:00:00+00:00,BTCUSDT_230929,2023-09-29 00:00:00+00:00,29579.5,1247.823,29176.5,67,403.0,0.013812486076122907,0.07524712563858002,2023
2023-07-25 00:00:00+00:00,BTCUSDT_230929,2023-09-29 00:00:00+00:00,29632.4,505.767,29228.91,66,403.4900000000016,0.013804483300951065,0.07634297583101726,2023
2023-07-26 00:00:00+00:00,BTCUSDT_230929,2023-09-29 00:00:00+00:00,29763.3,1014.011,29351.96,65,411.34000000000015,0.014014055620135765,0.07869431232845467,2023
2023-07-27 00:00:00+00:00,BTCUSDT_230929,2023-09-29 00:00:00+00:00,29613.9,665.553,29222.78,64,391.1200000000026,0.013384079132786225,0.07633107630417144,2023
2023-07-28 00:00:00+00:00,BTCUSDT_230929,2023-09-29 00:00:00+00:00,29703.6,705.451,29314.14,63,389.4599999999991,0.01328573855484074,0.07697292972249,2023
2023-07-29 00:00:00+00:00,BTCUSDT_230929,2023-09-29 00:00:00+00:00,29736.4,257.515,29352.9,62,383.5,0.013065148588384793,0.0769157941090395,2023
2023-07-30 00:00:00+00:00,BTCUSDT_230929,2023-09-29 00:00:00+00:00,29645.5,473.97,29281.09,61,364.40999999999985,0.01244523342539502,0.07446738033228167,2023
2023-07-31 00:00:00+00:00,BTCUSDT_230929,2023-09-29 00:00:00+00:00,29593.3,640.14,29232.25,60,361.0499999999993,0.012351084846359732,0.07513576614868837,2023
2023-08-01 00:00:00+00:00,BTCUSDT_230929,2023-09-29 00:00:00+00:00,30086.0,1311.612,29705.99,59,380.0099999999984,0.01279236948507686,0.07913923495005176,2023
2023-08-02 00:00:00+00:00,BTCUSDT_230929,2023-09-29 00:00:00+00:00,29571.3,1487.746,29186.01,58,385.2900000000009,0.013201187829374447,0.08307644065037367,2023
2023-08-03 00:00:00+00:00,BTCUSDT_230929,2023-09-29 00:00:00+00:00,29577.1,796.46,29193.64,57,383.4599999999991,0.013135052703259995,0.08411042520508594,2023
2023-08-04 00:00:00+00:00,BTCUSDT_230929,2023-09-29 00:00:00+00:00,29494.0,788.771,29113.99,56,380.0099999999984,0.013052487824581871,0.08507425099950684,2023
2023-08-05 00:00:00+00:00,BTCUSDT_230929,2023-09-29 00:00:00+00:00,29473.0,236.816,29072.13,55,400.869999999999,0.013788807356048524,0.09150753972650384,2023
2023-08-06 00:00:00+00:00,BTCUSDT_230929,2023-09-29 00:00:00+00:00,29471.0,333.326,29088.42,54,382.58000000000175,0.013152312844767842,0.08889989237667152,2023
2023-08-07 00:00:00+00:00,BTCUSDT_230929,2023-09-29 00:00:00+00:00,29581.7,980.904,29211.06,53,370.6399999999994,0.012688344757088561,0.08738199691202499,2023
2023-08-08 00:00:00+00:00,BTCUSDT_230929,2023-09-29 00:00:00+00:00,30074.9,2765.207,29770.42,52,304.4800000000032,0.010227601760405235,0.0717898969720752,2023
2023-08-09 00:00:00+00:00,BTCUSDT_230929,2023-09-29 00:00:00+00:00,29925.9,1187.299,29581.99,51,343.90999999999985,0.011625654663530069,0.08320321474879364,2023
2023-08-10 00:00:00+00:00,BTCUSDT_230929,2023-09-29 00:00:00+00:00,29795.5,609.387,29455.75,50,339.75,0.011534250528334875,0.08420002885684459,2023
2023-08-11 00:00:00+00:00,BTCUSDT_230929,2023-09-29 00:00:00+00:00,29760.8,628.7,29426.03,49,334.77000000000044,0.011376662091352468,0.08474452374170716,2023
2023-08-12 00:00:00+00:00,BTCUSDT_230929,2023-09-29 00:00:00+00:00,29756.4,224.795,29430.17,48,326.2300000000032,0.011084883301727555,0.08429130010688661,2023
2023-08-13 00:00:00+00:00,BTCUSDT_230929,2023-09-29 00:00:00+00:00,29615.4,280.408,29303.84,47,311.5600000000013,0.010632053683066836,0.08256807647488075,2023
2023-08-14 00:00:00+00:00,BTCUSDT_230929,2023-09-29 00:00:00+00:00,29743.0,916.536,29430.93,46,312.0699999999997,0.01060347056650944,0.08413623384295535,2023
2023-08-15 00:00:00+00:00,BTCUSDT_230929,2023-09-29 00:00:00+00:00,29504.7,588.08,29200.0,45,304.7000000000007,0.01043493150684934,0.08463888888888908,2023
2023-08-16 00:00:00+00:00,BTCUSDT_230929,2023-09-29 00:00:00+00:00,29023.5,974.76,28730.51,44,292.9900000000016,0.010197869790685985,0.08459596530909964,2023
2023-08-17 00:00:00+00:00,BTCUSDT_230929,2023-09-29 00:00:00+00:00,26861.0,3860.923,26623.41,43,237.59000000000015,0.008924101007346547,0.07575108994608117,2023
2023-08-18 00:00:00+00:00,BTCUSDT_230929,2023-09-29 00:00:00+00:00,26259.1,2237.216,26054.0,42,205.09999999999854,0.007872111767866683,0.06841239988741284,2023
2023-08-19 00:00:00+00:00,BTCUSDT_230929,2023-09-29 00:00:00+00:00,26303.7,986.625,26100.01,41,203.69000000000233,0.007804211569267688,0.06947651762884649,2023
2023-08-20 00:00:00+00:00,BTCUSDT_230929,2023-09-29 00:00:00+00:00,26368.6,495.504,26189.99,40,178.60999999999694,0.006819781145391691,0.062230502951699185,2023
2023-08-21 00:00:00+00:00,BTCUSDT_230929,2023-09-29 00:00:00+00:00,26286.4,976.095,26126.92,39,159.4800000000032,0.006104049003862805,0.057127638113074974,2023
2023-08-22 00:00:00+00:00,BTCUSDT_230929,2023-09-29 00:00:00+00:00,26232.3,1299.483,26056.0,38,176.29999999999927,0.006766195885784436,0.0649910920608242,2023
2023-08-23 00:00:00+00:00,BTCUSDT_230929,2023-09-29 00:00:00+00:00,26572.3,2092.886,26432.72,37,139.5799999999981,0.005280576497613492,0.0520921735575385,2023
2023-08-24 00:00:00+00:00,BTCUSDT_230929,2023-09-29 00:00:00+00:00,26306.9,1163.158,26180.05,36,126.85000000000218,0.004845292503261154,0.04912588232473115,2023
2023-08-25 00:00:00+00:00,BTCUSDT_230929,2023-09-29 00:00:00+00:00,26176.0,1005.14,26060.01,35,115.9900000000016,0.0044508808707288145,0.04641632908045764,2023
2023-08-26 00:00:00+00:00,BTCUSDT_230929,2023-09-29 00:00:00+00:00,26121.7,234.049,26017.37,34,104.33000000000175,0.004010013310338506,0.043048672302163374,2023
2023-08-27 00:00:00+00:00,BTCUSDT_230929,2023-09-29 00:00:00+00:00,26194.9,339.483,26101.77,33,93.13000000000102,0.0035679572687982854,0.03946376979125376,2023
2023-08-28 00:00:00+00:00,BTCUSDT_230929,2023-09-29 00:00:00+00:00,26208.5,768.764,26120.0,32,88.5,0.003388208269525268,0.03864675057427259,2023
2023-08-29 00:00:00+00:00,BTCUSDT_230929,2023-09-29 00:00:00+00:00,27800.8,4036.933,27716.34,31,84.45999999999913,0.0030472998960179853,0.03587949877569563,2023
2023-08-30 00:00:00+00:00,BTCUSDT_230929,2023-09-29 00:00:00+00:00,27384.0,1821.292,27299.99,30,84.0099999999984,0.0030772905045019575,0.03744036780477381,2023
2023-08-31 00:00:00+00:00,BTCUSDT_230929,2023-09-29 00:00:00+00:00,26009.7,2650.601,25940.78,29,68.92000000000189,0.002656820650728386,0.033439294397098654,2023
2023-09-01 00:00:00+00:00,BTCUSDT_230929,2023-09-29 00:00:00+00:00,25877.7,1303.526,25805.05,28,72.65000000000146,0.0028153404081759756,0.03669997317800826,2023
2023-09-02 00:00:00+00:00,BTCUSDT_230929,2023-09-29 00:00:00+00:00,25935.7,564.626,25869.51,27,66.19000000000233,0.002558610503252761,0.03458862346989844,2023
2023-09-03 00:00:00+00:00,BTCUSDT_230929,2023-09-29 00:00:00+00:00,26033.0,672.595,25971.21,26,61.79000000000087,0.0023791729380341106,0.0333999277839404,2023
2023-09-04 00:00:00+00:00,BTCUSDT_230929,2023-09-29 00:00:00+00:00,25855.7,804.094,25826.02,25,29.68000000000029,0.0011492285687070749,0.016778737103123293,2023
2023-09-05 00:00:00+00:00,BTCUSDT_230929,2023-09-29 00:00:00+00:00,25829.3,834.825,25792.1,24,37.20000000000073,0.001442302100255533,0.021935011108052897,2023
2023-09-06 00:00:00+00:00,BTCUSDT_230929,2023-09-29 00:00:00+00:00,25799.8,940.113,25759.95,23,39.849999999998545,0.0015469750523583526,0.024549821483078205,2023
2023-09-07 00:00:00+00:00,BTCUSDT_230929,2023-09-29 00:00:00+00:00,26301.7,1102.829,26255.0,22,46.70000000000073,0.0017787088173681481,0.029510396288153367,2023
2023-09-08 00:00:00+00:00,BTCUSDT_230929,2023-09-29 00:00:00+00:00,25955.1,1100.214,25910.5,21,44.599999999998545,0.0017213098936723933,0.02991800529478207,2023
2023-09-09 00:00:00+00:00,BTCUSDT_230929,2023-09-29 00:00:00+00:00,25942.9,289.83,25901.61,20,41.29000000000087,0.0015941094009214436,0.029092496566816346,2023
2023-09-10 00:00:00+00:00,BTCUSDT_230929,2023-09-29 00:00:00+00:00,25866.2,628.493,25841.61,19,24.590000000000146,0.0009515660982423365,0.018280085571497517,2023
2023-09-11 00:00:00+00:00,BTCUSDT_230929,2023-09-29 00:00:00+00:00,25186.6,1515.963,25162.52,18,24.07999999999811,0.000956978871750449,0.019405404899384106,2023
2023-09-12 00:00:00+00:00,BTCUSDT_230929,2023-09-29 00:00:00+00:00,25876.5,2378.102,25840.1,17,36.400000000001455,0.0014086632791669327,0.030244829229172376,2023
2023-09-13 00:00:00+00:00,BTCUSDT_230929,2023-09-29 00:00:00+00:00,26253.6,1231.434,26222.0,16,31.599999999998545,0.0012050949584317956,0.027491228739225337,2023
2023-09-14 00:00:00+00:00,BTCUSDT_230929,2023-09-29 00:00:00+00:00,26552.7,1438.287,26522.73,15,29.970000000001164,0.0011299741768664524,0.02749603830375034,2023
2023-09-15 00:00:00+00:00,BTCUSDT_230929,2023-09-29 00:00:00+00:00,26630.1,935.738,26600.0,14,30.099999999998545,0.0011315789473683663,0.029501879699246693,2023
2023-09-16 00:00:00+00:00,BTCUSDT_230929,2023-09-29 00:00:00+00:00,26580.3,460.543,26559.67,13,20.63000000000102,0.0007767415784910362,0.02180851354994063,2023
2023-09-17 00:00:00+00:00,BTCUSDT_230929,2023-09-29 00:00:00+00:00,26535.8,428.467,26527.51,12,8.290000000000873,0.00031250577230960893,0.009505383907750605,2023
2023-09-18 00:00:00+00:00,BTCUSDT_230929,2023-09-29 00:00:00+00:00,26775.5,2251.993,26762.51,11,12.9900000000016,0.0004853804818756388,0.01610580689860074,2023
2023-09-19 00:00:00+00:00,BTCUSDT_230929,2023-09-29 00:00:00+00:00,27204.0,1589.795,27210.26,10,-6.259999999998399,-0.0002300602787330367,-0.00839720017375584,2023
2023-09-20 00:00:00+00:00,BTCUSDT_230929,2023-09-29 00:00:00+00:00,27129.6,1315.663,27125.0,9,4.599999999998545,0.00016958525345616755,0.006877624167944573,2023
2023-09-21 00:00:00+00:00,BTCUSDT_230929,2023-09-29 00:00:00+00:00,26579.4,1158.738,26568.08,8,11.319999999999709,0.00042607520001444244,0.019439681000658935,2023
2023-09-22 00:00:00+00:00,BTCUSDT_230929,2023-09-29 00:00:00+00:00,26588.6,642.684,26580.14,7,8.459999999999127,0.0003182827479463662,0.01659617185720338,2023
2023-09-23 00:00:00+00:00,BTCUSDT_230929,2023-09-29 00:00:00+00:00,26577.3,198.462,26575.96,6,1.3400000000001455,5.0421508762059605e-05,0.0030673084496919594,2023
2023-09-24 00:00:00+00:00,BTCUSDT_230929,2023-09-29 00:00:00+00:00,26254.5,599.73,26248.38,5,6.119999999998981,0.00023315724627573134,0.01702047897812839,2023
2023-09-25 00:00:00+00:00,BTCUSDT_230929,2023-09-29 00:00:00+00:00,26308.1,1015.059,26304.81,4,3.289999999997235,0.00012507218261592593,0.01141283666370324,2023
2023-09-26 00:00:00+00:00,BTCUSDT_230929,2023-09-29 00:00:00+00:00,26221.8,609.699,26221.67,3,0.13000000000101863,4.95773152514766e-06,0.0006031906688929653,2023
2023-09-27 00:00:00+00:00,BTCUSDT_230929,2023-09-29 00:00:00+00:00,26365.7,1235.618,26372.99,2,-7.290000000000873,-0.0002764191697642502,-0.05044649848197566,2023
2023-09-28 00:00:00+00:00,BTCUSDT_230929,2023-09-29 00:00:00+00:00,27017.9,1187.771,27021.39,1,-3.4899999999979627,-0.00012915693826253804,-0.047142282465826385,2023
2023-08-18 00:00:00+00:00,BTCUSDT_231229,2023-12-29 00:00:00+00:00,26547.8,181.246,26054.0,133,493.7999999999993,0.018952943885775668,0.05201371818276781,2023
2023-08-19 00:00:00+00:00,BTCUSDT_231229,2023-12-29 00:00:00+00:00,26676.0,412.012,26100.01,132,575.9900000000016,0.022068573920086685,0.06102295061236091,2023
2023-08-20 00:00:00+00:00,BTCUSDT_231229,2023-12-29 00:00:00+00:00,26773.5,260.57,26189.99,131,583.5099999999984,0.02227988632298059,0.06207754586173981,2023
2023-08-21 00:00:00+00:00,BTCUSDT_231229,2023-12-29 00:00:00+00:00,26735.8,295.376,26126.92,130,608.880000000001,0.02330469875515373,0.06543242342793162,2023
2023-08-22 00:00:00+00:00,BTCUSDT_231229,2023-12-29 00:00:00+00:00,26620.4,362.323,26056.0,129,564.4000000000015,0.021661037764814303,0.06128898282292419,2023
2023-08-23 00:00:00+00:00,BTCUSDT_231229,2023-12-29 00:00:00+00:00,27025.3,416.997,26432.72,128,592.5799999999981,0.022418426858832465,0.06392754533963946,2023
2023-08-24 00:00:00+00:00,BTCUSDT_231229,2023-12-29 00:00:00+00:00,26770.1,366.757,26180.05,127,590.0499999999993,0.02253815405241775,0.06477500967820848,2023
2023-08-25 00:00:00+00:00,BTCUSDT_231229,2023-12-29 00:00:00+00:00,26632.2,290.369,26060.01,126,572.1900000000023,0.021956630101062982,0.06360452370546023,2023
2023-08-26 00:00:00+00:00,BTCUSDT_231229,2023-12-29 00:00:00+00:00,26580.0,254.766,26017.37,125,562.630000000001,0.021625168108844246,0.0631454908778252,2023
2023-08-27 00:00:00+00:00,BTCUSDT_231229,2023-12-29 00:00:00+00:00,26640.4,263.892,26101.77,124,538.630000000001,0.020635765313999816,0.06074237370653171,2023
2023-08-28 00:00:00+00:00,BTCUSDT_231229,2023-12-29 00:00:00+00:00,26636.6,353.682,26120.0,123,516.5999999999985,0.01977794793261863,0.05869065849923414,2023
2023-08-29 00:00:00+00:00,BTCUSDT_231229,2023-12-29 00:00:00+00:00,28222.0,729.132,27716.34,122,505.65999999999985,0.01824411159626415,0.05458279289046242,2023
2023-08-30 00:00:00+00:00,BTCUSDT_231229,2023-12-29 00:00:00+00:00,27808.7,545.882,27299.99,121,508.7099999999991,0.01863407275973358,0.05621021948184096,2023
2023-08-31 00:00:00+00:00,BTCUSDT_231229,2023-12-29 00:00:00+00:00,26428.6,458.505,25940.78,120,487.8199999999997,0.018805140015065072,0.057198967545822925,2023
2023-09-01 00:00:00+00:00,BTCUSDT_231229,2023-12-29 00:00:00+00:00,26306.5,397.715,25805.05,119,501.4500000000007,0.01943224291369328,0.05960309801258863,2023
2023-09-02 00:00:00+00:00,BTCUSDT_231229,2023-12-29 00:00:00+00:00,26342.7,269.689,25869.51,118,473.1900000000023,0.018291417193445195,0.05657938369158895,2023
2023-09-03 00:00:00+00:00,BTCUSDT_231229,2023-12-29 00:00:00+00:00,26425.5,288.618,25971.21,117,454.2900000000009,0.017492061401836914,0.05456925138179892,2023
2023-09-04 00:00:00+00:00,BTCUSDT_231229,2023-12-29 00:00:00+00:00,26240.0,324.31,25826.02,116,413.97999999999956,0.016029570177673508,0.05043787167974854,2023
2023-09-05 00:00:00+00:00,BTCUSDT_231229,2023-12-29 00:00:00+00:00,26189.7,353.256,25792.1,115,397.6000000000022,0.015415572985526661,0.04892768817145418,2023
2023-09-06 00:00:00+00:00,BTCUSDT_231229,2023-12-29 00:00:00+00:00,26141.1,464.391,25759.95,114,381.1499999999978,0.01479622437155343,0.047373876277342124,2023
2023-09-07 00:00:00+00:00,BTCUSDT_231229,2023-12-29 00:00:00+00:00,26644.0,529.473,26255.0,113,389.0,0.01481622548086079,0.047857719473576886,2023
2023-09-08 00:00:00+00:00,BTCUSDT_231229,2023-12-29 00:00:00+00:00,26245.1,535.519,25910.5,112,334.59999999999854,0.012913683641766795,0.042084772582543575,2023
2023-09-09 00:00:00+00:00,BTCUSDT_231229,2023-12-29 00:00:00+00:00,26224.1,355.36,25901.61,111,322.48999999999796,0.012450577396540137,0.04094108783546982,2023
2023-09-10 00:00:00+00:00,BTCUSDT_231229,2023-12-29 00:00:00+00:00,26160.6,417.911,25841.61,110,318.98999999999796,0.012344045127219162,0.040959786103954496,2023
2023-09-11 00:00:00+00:00,BTCUSDT_231229,2023-12-29 00:00:00+00:00,25488.9,708.08,25162.52,109,326.380000000001,0.012970878910379445,0.043434594516408236,2023
2023-09-12 00:00:00+00:00,BTCUSDT_231229,2023-12-29 00:00:00+00:00,26179.1,1040.146,25840.1,108,339.0,0.013119144275757447,0.04433784870973582,2023
2023-09-13 00:00:00+00:00,BTCUSDT_231229,2023-12-29 00:00:00+00:00,26557.2,618.509,26222.0,107,335.2000000000007,0.012783159179315107,0.043606103742523494,2023
2023-09-14 00:00:00+00:00,BTCUSDT_231229,2023-12-29 00:00:00+00:00,26850.1,591.473,26522.73,106,327.369999999999,0.012342997873899066,0.042501832301633576,2023
2023-09-15 00:00:00+00:00,BTCUSDT_231229,2023-12-29 00:00:00+00:00,26938.3,534.376,26600.0,105,338.2999999999993,0.012718045112781927,0.04421034729681336,2023
2023-09-16 00:00:00+00:00,BTCUSDT_231229,2023-12-29 00:00:00+00:00,26890.7,384.896,26559.67,104,331.0300000000025,0.012463633772558262,0.04374256083638236,2023
2023-09-17 00:00:00+00:00,BTCUSDT_231229,2023-12-29 00:00:00+00:00,26852.8,323.707,26527.51,103,325.2900000000009,0.012262364616958052,0.04345401053582223,2023
2023-09-18 00:00:00+00:00,BTCUSDT_231229,2023-12-29 00:00:00+00:00,27080.6,937.053,26762.51,102,318.09000000000015,0.01188565646495789,0.04253200597754539,2023
2023-09-19 00:00:00+00:00,BTCUSDT_231229,2023-12-29 00:00:00+00:00,27517.6,844.55,27210.26,101,307.34000000000015,0.011295004163870546,0.04081857940408663,2023
2023-09-20 00:00:00+00:00,BTCUSDT_231229,2023-12-29 00:00:00+00:00,27443.2,606.524,27125.0,100,318.2000000000007,0.011730875576036894,0.04281769585253466,2023
2023-09-21 00:00:00+00:00,BTCUSDT_231229,2023-12-29 00:00:00+00:00,26874.8,566.209,26568.08,99,306.7199999999975,0.011544680684490468,0.04256372171554566,2023
2023-09-22 00:00:00+00:00,BTCUSDT_231229,2023-12-29 00:00:00+00:00,26888.3,391.767,26580.14,98,308.15999999999985,0.011593618393281595,0.043180313403548796,2023
2023-09-23 00:00:00+00:00,BTCUSDT_231229,2023-12-29 00:00:00+00:00,26887.9,333.436,26575.96,97,311.9400000000023,0.011737675703906927,0.04416754259717555,2023
2023-09-24 00:00:00+00:00,BTCUSDT_231229,2023-12-29 00:00:00+00:00,26539.1,419.257,26248.38,96,290.7199999999975,0.011075731149884202,0.04211085280945556,2023
2023-09-25 00:00:00+00:00,BTCUSDT_231229,2023-12-29 00:00:00+00:00,26585.7,623.695,26304.81,95,280.8899999999994,0.010678275189974738,0.04102705730885031,2023
2023-09-26 00:00:00+00:00,BTCUSDT_231229,2023-12-29 00:00:00+00:00,26518.6,433.526,26221.67,94,296.9300000000003,0.01132384016731201,0.04397023043690301,2023
2023-09-27 00:00:00+00:00,BTCUSDT_231229,2023-12-29 00:00:00+00:00,26665.8,565.359,26372.99,93,292.8099999999977,0.011102647064288033,0.04357490514478637,2023
2023-09-28 00:00:00+00:00,BTCUSDT_231229,2023-12-29 00:00:00+00:00,27348.7,593.764,27021.39,92,327.3100000000013,0.012112996407660795,0.04805699661734989,2023
2023-09-29 00:00:00+00:00,BTCUSDT_231229,2023-12-29 00:00:00+00:00,27236.3,640.688,26906.96,91,329.34000000000015,0.012239955758658732,0.049094328042971834,2023
2023-09-30 00:00:00+00:00,BTCUSDT_231229,2023-12-29 00:00:00+00:00,27281.8,252.992,26962.56,90,319.23999999999796,0.011840122006218918,0.04801827258077672,2023
2023-10-01 00:00:00+00:00,BTCUSDT_231229,2023-12-29 00:00:00+00:00,28340.7,623.529,27992.57,89,348.130000000001,0.012436514403643574,0.051003682666628136,2023
2023-10-02 00:00:00+00:00,BTCUSDT_231229,2023-12-29 00:00:00+00:00,27837.6,1993.783,27494.51,88,343.09000000000015,0.012478491160598976,0.05175737810930257,2023
2023-10-03 00:00:00+00:00,BTCUSDT_231229,2023-12-29 00:00:00+00:00,27776.5,784.894,27426.46,87,350.0400000000009,0.012762857474132677,0.053545321586878476,2023
2023-10-04 00:00:00+00:00,BTCUSDT_231229,2023-12-29 00:00:00+00:00,28157.7,782.016,27778.57,86,379.130000000001,0.013648290750747825,0.05792588516305764,2023
2023-10-05 00:00:00+00:00,BTCUSDT_231229,2023-12-29 00:00:00+00:00,27765.9,1058.401,27410.39,85,355.51000000000204,0.01296989937027536,0.055694273766476544,2023
2023-10-06 00:00:00+00:00,BTCUSDT_231229,2023-12-29 00:00:00+00:00,28296.7,1189.031,27931.09,84,365.6100000000006,0.013089714722912732,0.05687792706979937,2023
2023-10-07 00:00:00+00:00,BTCUSDT_231229,2023-12-29 00:00:00+00:00,28313.8,184.836,27956.67,83,357.130000000001,0.012774411258565524,0.05617662782381224,2023
2023-10-08 00:00:00+00:00,BTCUSDT_231229,2023-12-29 00:00:00+00:00,28262.7,323.12,27917.05,82,345.65000000000146,0.012381322525123589,0.055111984410611096,2023
2023-10-09 00:00:00+00:00,BTCUSDT_231229,2023-12-29 00:00:00+00:00,27923.6,720.658,27590.12,81,333.47999999999956,0.01208693546820382,0.054465820319683875,2023
2023-10-10 00:00:00+00:00,BTCUSDT_231229,2023-12-29 00:00:00+00:00,27718.1,581.947,27390.12,80,327.97999999999956,0.011974390765721347,0.05463315786860365,2023
2023-10-11 00:00:00+00:00,BTCUSDT_231229,2023-12-29 00:00:00+00:00,27167.6,1135.597,26875.52,79,292.0799999999981,0.01086788274236175,0.05021236963243087,2023
2023-10-12 00:00:00+00:00,BTCUSDT_231229,2023-12-29 00:00:00+00:00,27067.6,525.599,26759.63,78,307.9699999999975,0.01150875404480546,0.05385506700453837,2023
2023-10-13 00:00:00+00:00,BTCUSDT_231229,2023-12-29 00:00:00+00:00,27137.6,595.148,26862.0,77,275.59999999999854,0.010259846623482933,0.048634337890535985,2023
2023-10-14 00:00:00+00:00,BTCUSDT_231229,2023-12-29 00:00:00+00:00,27122.2,206.105,26852.48,76,269.72000000000116,0.010044509855328117,0.04824008022624688,2023
2023-10-15 00:00:00+00:00,BTCUSDT_231229,2023-12-29 00:00:00+00:00,27411.9,376.835,27154.15,75,257.75,0.009492103416973095,0.04619490329593572,2023
2023-10-16 00:00:00+00:00,BTCUSDT_231229,2023-12-29 00:00:00+00:00,28761.5,2746.068,28500.78,74,260.72000000000116,0.009147819814054253,0.04512100313688922,2023
2023-10-17 00:00:00+00:00,BTCUSDT_231229,2023-12-29 00:00:00+00:00,28653.6,835.469,28395.91,73,257.6899999999987,0.009074898462489798,0.045374492312448986,2023
2023-10-18 00:00:00+00:00,BTCUSDT_231229,2023-12-29 00:00:00+00:00,28610.4,1227.17,28320.0,72,290.40000000000146,0.010254237288135645,0.051983286252354315,2023
2023-10-19 00:00:00+00:00,BTCUSDT_231229,2023-12-29 00:00:00+00:00,28984.9,875.155,28713.71,71,271.1900000000023,0.009444617222922511,0.048553313892488965,2023
2023-10-20 00:00:00+00:00,BTCUSDT_231229,2023-12-29 00:00:00+00:00,29930.1,1492.407,29669.04,70,261.0599999999977,0.008799071355190383,0.04588087206634985,2023
2023-10-21 00:00:00+00:00,BTCUSDT_231229,2023-12-29 00:00:00+00:00,30171.2,617.015,29909.8,69,261.40000000000146,0.008739610428688973,0.046231272557557615,2023
2023-10-22 00:00:00+00:00,BTCUSDT_231229,2023-12-29 00:00:00+00:00,30279.9,499.534,29992.46,68,287.4400000000023,0.009583742047167932,0.051442144812004334,2023
2023-10-23 00:00:00+00:00,BTCUSDT_231229,2023-12-29 00:00:00+00:00,33414.4,3154.082,33069.99,67,344.4100000000035,0.010414578292887404,0.05673613547617765,2023
2023-10-24 00:00:00+00:00,BTCUSDT_231229,2023-12-29 00:00:00+00:00,34299.9,2318.81,33922.73,66,377.16999999999825,0.011118503728915633,0.06148869486445767,2023
2023-10-25 00:00:00+00:00,BTCUSDT_231229,2023-12-29 00:00:00+00:00,34908.9,1352.752,34496.05,65,412.84999999999854,0.011968036920169078,0.06720513039787251,2023
2023-10-26 00:00:00+00:00,BTCUSDT_231229,2023-12-29 00:00:00+00:00,34628.9,879.33,34151.66,64,477.23999999999796,0.013974137713950008,0.07969625414987114,2023
2023-10-27 00:00:00+00:00,BTCUSDT_231229,2023-12-29 00:00:00+00:00,34344.0,748.192,33892.02,63,451.9800000000032,0.013335882605994073,0.07726344684425138,2023
2023-10-28 00:00:00+00:00,BTCUSDT_231229,2023-12-29 00:00:00+00:00,34551.8,559.355,34081.0,62,470.8000000000029,0.013814148645873152,0.08132522993135,2023
2023-10-29 00:00:00+00:00,BTCUSDT_231229,2023-12-29 00:00:00+00:00,35005.4,602.558,34525.89,61,479.51000000000204,0.013888418227596799,0.08310283037824315,2023
2023-10-30 00:00:00+00:00,BTCUSDT_231229,2023-12-29 00:00:00+00:00,34959.2,1001.688,34474.73,60,484.4699999999939,0.01405290193715785,0.08548848678437691,2023
2023-10-31 00:00:00+00:00,BTCUSDT_231229,2023-12-29 00:00:00+00:00,35135.1,935.47,34639.77,59,495.33000000000175,0.014299459840524397,0.0884627600303628,2023
2023-11-01 00:00:00+00:00,BTCUSDT_231229,2023-12-29 00:00:00+00:00,35948.0,1302.491,35421.43,58,526.5699999999997,0.014865859452879224,0.09355239138449857,2023
2023-11-02 00:00:00+00:00,BTCUSDT_231229,2023-12-29 00:00:00+00:00,35442.0,1156.729,34941.59,57,500.4100000000035,0.014321328823330695,0.09170675474588953,2023
2023-11-03 00:00:00+00:00,BTCUSDT_231229,2023-12-29 00:00:00+00:00,35199.7,1518.796,34716.78,56,482.91999999999825,0.013910276241056868,0.09066519335688852,2023
2023-11-04 00:00:00+00:00,BTCUSDT_231229,2023-12-29 00:00:00+00:00,35548.8,767.97,35062.07,55,486.7300000000032,0.013881952776889762,0.09212568661026843,2023
2023-11-05 00:00:00+00:00,BTCUSDT_231229,2023-12-29 00:00:00+00:00,35557.1,941.997,35011.88,54,545.2200000000012,0.015572428558535023,0.10525808192343118,2023
2023-11-06 00:00:00+00:00,BTCUSDT_231229,2023-12-29 00:00:00+00:00,35589.1,466.296,35046.09,53,543.010000000002,0.015494167823001143,0.10670511802632862,2023
2023-11-07 00:00:00+00:00,BTCUSDT_231229,2023-12-29 00:00:00+00:00,35935.8,861.968,35399.12,52,536.6800000000003,0.015160828856762548,0.10641735639842942,2023
2023-11-08 00:00:00+00:00,BTCUSDT_231229,2023-12-29 00:00:00+00:00,36141.5,824.45,35624.72,51,516.7799999999988,0.014506219276951476,0.10381902031543704,2023
2023-11-09 00:00:00+00:00,BTCUSDT_231229,2023-12-29 00:00:00+00:00,37212.8,3237.893,36701.09,50,511.7100000000064,0.01394263767097943,0.10178125499814984,2023
2023-11-10 00:00:00+00:00,BTCUSDT_231229,2023-12-29 00:00:00+00:00,37861.1,1239.891,37301.63,49,559.4700000000012,0.014998540278266692,0.11172382044014985,2023
2023-11-11 00:00:00+00:00,BTCUSDT_231229,2023-12-29 00:00:00+00:00,37658.8,490.746,37130.0,48,528.8000000000029,0.014241852949097843,0.10829742346709818,2023
2023-11-12 00:00:00+00:00,BTCUSDT_231229,2023-12-29 00:00:00+00:00,37604.6,359.9,37064.13,47,540.4700000000012,0.01458202310427902,0.11324337091620941,2023
2023-11-13 00:00:00+00:00,BTCUSDT_231229,2023-12-29 00:00:00+00:00,36992.0,785.739,36462.93,46,529.0699999999997,0.014509804889513808,0.1151321474928813,2023
2023-11-14 00:00:00+00:00,BTCUSDT_231229,2023-12-29 00:00:00+00:00,36057.0,1407.118,35551.19,45,505.8099999999977,0.01422765313903691,0.11540207546107716,2023
2023-11-15 00:00:00+00:00,BTCUSDT_231229,2023-12-29 00:00:00+00:00,38444.8,1849.222,37858.2,44,586.6000000000058,0.015494661658504785,0.1285352614853238,2023
2023-11-16 00:00:00+00:00,BTCUSDT_231229,2023-12-29 00:00:00+00:00,36656.7,1543.137,36163.51,43,493.18999999999505,0.013637780182288584,0.11576255271012403,2023
2023-11-17 00:00:00+00:00,BTCUSDT_231229,2023-12-29 00:00:00+00:00,37065.5,1130.845,36613.92,42,451.58000000000175,0.012333560569313578,0.10718451447141561,2023
2023-11-18 00:00:00+00:00,BTCUSDT_231229,2023-12-29 00:00:00+00:00,36979.4,512.45,36568.1,41,411.3000000000029,0.011247508073977126,0.10013025480491831,2023
2023-11-19 00:00:00+00:00,BTCUSDT_231229,2023-12-29 00:00:00+00:00,37792.8,588.983,37359.86,40,432.9400000000023,0.011588373189835357,0.10574390535724763,2023
2023-11-20 00:00:00+00:00,BTCUSDT_231229,2023-12-29 00:00:00+00:00,37846.8,1099.935,37448.78,39,398.0200000000041,0.010628383621576032,0.09947076979167313,2023
2023-11-21 00:00:00+00:00,BTCUSDT_231229,2023-12-29 00:00:00+00:00,36045.1,1428.449,35741.65,38,303.4499999999971,0.00849009488929574,0.08154959564718275,2023
2023-11-22 00:00:00+00:00,BTCUSDT_231229,2023-12-29 00:00:00+00:00,37771.4,809.246,37408.34,37,363.06000000000495,0.009705322396021983,0.09574169390670335,2023
2023-11-23 00:00:00+00:00,BTCUSDT_231229,2023-12-29 00:00:00+00:00,37636.1,444.133,37294.28,36,341.8199999999997,0.009165480604532376,0.09292778946261993,2023
2023-11-24 00:00:00+00:00,BTCUSDT_231229,2023-12-29 00:00:00+00:00,38054.0,1191.258,37713.57,35,340.4300000000003,0.009026724332912538,0.09413583947180218,2023
2023-11-25 00:00:00+00:00,BTCUSDT_231229,2023-12-29 00:00:00+00:00,38136.1,250.791,37780.67,34,355.4300000000003,0.009407720932423917,0.10099465118631558,2023
2023-11-26 00:00:00+00:00,BTCUSDT_231229,2023-12-29 00:00:00+00:00,37806.7,539.413,37447.43,33,359.2699999999968,0.00959398281804644,0.10611526450263487,2023
2023-11-27 00:00:00+00:00,BTCUSDT_231229,2023-12-29 00:00:00+00:00,37547.1,655.123,37242.7,32,304.40000000000146,0.008173413850231091,0.09322800172919839,2023
2023-11-28 00:00:00+00:00,BTCUSDT_231229,2023-12-29 00:00:00+00:00,38130.9,755.393,37818.87,31,312.02999999999884,0.00825064313132568,0.09714466912689913,2023
2023-11-29 00:00:00+00:00,BTCUSDT_231229,2023-12-29 00:00:00+00:00,38141.3,577.095,37854.64,30,286.6600000000035,0.007572651595682946,0.09213392774747584,2023
2023-11-30 00:00:00+00:00,BTCUSDT_231229,2023-12-29 00:00:00+00:00,38007.6,405.998,37723.96,29,283.6399999999994,0.007518828882227619,0.09463353593148555,2023
2023-12-01 00:00:00+00:00,BTCUSDT_231229,2023-12-29 00:00:00+00:00,38983.7,710.039,38682.52,28,301.1800000000003,0.007785945693300238,0.10149536350194954,2023
2023-12-02 00:00:00+00:00,BTCUSDT_231229,2023-12-29 00:00:00+00:00,39773.5,565.428,39450.35,27,323.15000000000146,0.008191308822355225,0.11073436000591323,2023
2023-12-03 00:00:00+00:00,BTCUSDT_231229,2023-12-29 00:00:00+00:00,40283.1,668.764,39972.26,26,310.8399999999965,0.0077763929284958245,0.10916859303465291,2023
2023-12-04 00:00:00+00:00,BTCUSDT_231229,2023-12-29 00:00:00+00:00,42303.7,1385.132,41991.1,25,312.59999999999854,0.007444434654009982,0.10868874594854573,2023
2023-12-05 00:00:00+00:00,BTCUSDT_231229,2023-12-29 00:00:00+00:00,44284.6,1662.923,44073.32,24,211.27999999999884,0.004793829917963948,0.07290616333570171,2023
2023-12-06 00:00:00+00:00,BTCUSDT_231229,2023-12-29 00:00:00+00:00,43997.7,837.607,43762.69,23,235.00999999999476,0.005370099507137124,0.08522114435239349,2023
2023-12-07 00:00:00+00:00,BTCUSDT_231229,2023-12-29 00:00:00+00:00,43561.3,1015.545,43273.14,22,288.1600000000035,0.006659096150637636,0.11048045886285168,2023
2023-12-08 00:00:00+00:00,BTCUSDT_231229,2023-12-29 00:00:00+00:00,44464.3,817.75,44170.99,21,293.31000000000495,0.006640331131360311,0.11541527918792921,2023
2023-12-09 00:00:00+00:00,BTCUSDT_231229,2023-12-29 00:00:00+00:00,43997.9,524.889,43713.6,20,284.3000000000029,0.006503696790015074,0.1186924664177751,2023
2023-12-10 00:00:00+00:00,BTCUSDT_231229,2023-12-29 00:00:00+00:00,44075.8,382.239,43789.51,19,286.2900000000009,0.006537867174124599,0.12559586939765677,2023
2023-12-11 00:00:00+00:00,BTCUSDT_231229,2023-12-29 00:00:00+00:00,41521.3,1663.044,41253.4,18,267.90000000000146,0.006494010190675228,0.13168409553313656,2023
2023-12-12 00:00:00+00:00,BTCUSDT_231229,2023-12-29 00:00:00+00:00,41714.9,990.948,41492.39,17,222.51000000000204,0.005362670118544678,0.11513968195698868,2023
2023-12-13 00:00:00+00:00,BTCUSDT_231229,2023-12-29 00:00:00+00:00,43081.1,934.887,42869.03,16,212.0699999999997,0.0049469278871017075,0.1128517924245077,2023
2023-12-14 00:00:00+00:00,BTCUSDT_231229,2023-12-29 00:00:00+00:00,43159.3,840.043,43022.26,15,137.04000000000087,0.0031853277814787246,0.07750964268264895,2023
2023-12-15 00:00:00+00:00,BTCUSDT_231229,2023-12-29 00:00:00+00:00,42093.5,515.028,41940.3,14,153.1999999999971,0.003652811257907003,0.09523400779543259,2023
2023-12-16 00:00:00+00:00,BTCUSDT_231229,2023-12-29 00:00:00+00:00,42443.2,330.149,42278.03,13,165.16999999999825,0.003906757244838472,0.10968972264354171,2023
2023-12-17 00:00:00+00:00,BTCUSDT_231229,2023-12-29 00:00:00+00:00,41498.4,462.58,41374.65,12,123.75,0.0029909618570791536,0.09097508981949093,2023
2023-12-18 00:00:00+00:00,BTCUSDT_231229,2023-12-29 00:00:00+00:00,42780.6,961.786,42657.8,11,122.79999999999563,0.0028787232346721026,0.09552127096866522,2023
2023-12-19 00:00:00+00:00,BTCUSDT_231229,2023-12-29 00:00:00+00:00,42358.7,925.629,42275.99,10,82.70999999999913,0.0019564296424518773,0.07140968194949351,2023
2023-12-20 00:00:00+00:00,BTCUSDT_231229,2023-12-29 00:00:00+00:00,43817.2,1335.143,43668.93,9,148.2699999999968,0.003395320196762247,0.13769909686869114,2023
2023-12-21 00:00:00+00:00,BTCUSDT_231229,2023-12-29 00:00:00+00:00,44025.9,783.598,43861.8,8,164.09999999999854,0.0037412965268182915,0.17069665403608456,2023
2023-12-22 00:00:00+00:00,BTCUSDT_231229,2023-12-29 00:00:00+00:00,44128.5,517.787,43969.04,7,159.45999999999913,0.0036266427468054597,0.18910351465485611,2023
2023-12-23 00:00:00+00:00,BTCUSDT_231229,2023-12-29 00:00:00+00:00,43859.8,270.554,43702.16,6,157.63999999999942,0.003607144360827918,0.21943461528369834,2023
2023-12-24 00:00:00+00:00,BTCUSDT_231229,2023-12-29 00:00:00+00:00,43125.6,463.523,42991.5,5,134.09999999999854,0.0031192212414081514,0.22770315062279506,2023
2023-12-25 00:00:00+00:00,BTCUSDT_231229,2023-12-29 00:00:00+00:00,43752.7,643.06,43576.13,4,176.5699999999997,0.004051989013251055,0.3697439974591588,2023
2023-12-26 00:00:00+00:00,BTCUSDT_231229,2023-12-29 00:00:00+00:00,42601.3,1146.512,42508.93,3,92.37000000000262,0.0021729551884745774,0.26437621459774024,2023
2023-12-27 00:00:00+00:00,BTCUSDT_231229,2023-12-29 00:00:00+00:00,43483.1,767.328,43428.85,2,54.25,0.0012491696188133004,0.2279734554334273,2023
2023-12-28 00:00:00+00:00,BTCUSDT_231229,2023-12-29 00:00:00+00:00,42655.9,965.91,42563.76,1,92.13999999999942,0.002164752362103334,0.790134612167717,2023
2023-09-29 00:00:00+00:00,BTCUSDT_240329,2024-03-29 00:00:00+00:00,27535.7,243.522,26906.96,182,628.7400000000016,0.023367188266530357,0.04686276767738231,2023
2023-09-30 00:00:00+00:00,BTCUSDT_240329,2024-03-29 00:00:00+00:00,27613.8,240.82,26962.56,181,651.239999999998,0.024153492843409452,0.04870731982234503,2023
2023-10-01 00:00:00+00:00,BTCUSDT_240329,2024-03-29 00:00:00+00:00,28659.3,325.2,27992.57,180,666.7299999999996,0.023818106018847127,0.04829782609377334,2023
2023-10-02 00:00:00+00:00,BTCUSDT_240329,2024-03-29 00:00:00+00:00,28181.8,458.215,27494.51,179,687.2900000000009,0.024997354017220197,0.05097225819153839,2023
2023-10-03 00:00:00+00:00,BTCUSDT_240329,2024-03-29 00:00:00+00:00,28104.4,308.139,27426.46,178,677.9400000000023,0.024718465306860688,0.05068674065732669,2023
2023-10-04 00:00:00+00:00,BTCUSDT_240329,2024-03-29 00:00:00+00:00,28487.0,323.744,27778.57,177,708.4300000000003,0.025502752661494106,0.052590422155058464,2023
2023-10-05 00:00:00+00:00,BTCUSDT_240329,2024-03-29 00:00:00+00:00,28081.9,325.17,27410.39,176,671.510000000002,0.02449837452148627,0.05080628807012778,2023
2023-10-06 00:00:00+00:00,BTCUSDT_240329,2024-03-29 00:00:00+00:00,28600.5,381.453,27931.09,175,669.4099999999999,0.02396648322711358,0.04998723644512262,2023
2023-10-07 00:00:00+00:00,BTCUSDT_240329,2024-03-29 00:00:00+00:00,28617.3,263.931,27956.67,174,660.630000000001,0.023630496765172714,0.04956972022579334,2023
2023-10-08 00:00:00+00:00,BTCUSDT_240329,2024-03-29 00:00:00+00:00,28573.8,296.799,27917.05,173,656.75,0.02352505010378962,0.049633776230538794,2023
2023-10-09 00:00:00+00:00,BTCUSDT_240329,2024-03-29 00:00:00+00:00,28244.1,358.604,27590.12,172,653.9799999999996,0.023703412670912617,0.05030084665629713,2023
2023-10-10 00:00:00+00:00,BTCUSDT_240329,2024-03-29 00:00:00+00:00,28041.6,326.623,27390.12,171,651.4799999999996,0.02378521890375068,0.050769619297479515,2023
2023-10-11 00:00:00+00:00,BTCUSDT_240329,2024-03-29 00:00:00+00:00,27452.8,434.568,26875.52,170,577.2799999999988,0.021479770437930087,0.046118330646144005,2023
2023-10-12 00:00:00+00:00,BTCUSDT_240329,2024-03-29 00:00:00+00:00,27320.5,299.625,26759.63,169,560.869999999999,0.020959557363087567,0.04526768306228972,2023
2023-10-13 00:00:00+00:00,BTCUSDT_240329,2024-03-29 00:00:00+00:00,27371.8,284.839,26862.0,168,509.7999999999993,0.018978482614846224,0.041233012823921854,2023
2023-10-14 00:00:00+00:00,BTCUSDT_240329,2024-03-29 00:00:00+00:00,27357.8,235.486,26852.48,167,505.3199999999997,0.018818373572943716,0.041129978168409916,2023
2023-10-15 00:00:00+00:00,BTCUSDT_240329,2024-03-29 00:00:00+00:00,27668.9,336.046,27154.15,166,514.75,0.01895658674640893,0.041681651580959385,2023
2023-10-16 00:00:00+00:00,BTCUSDT_240329,2024-03-29 00:00:00+00:00,29038.0,776.603,28500.78,165,537.2200000000012,0.01884930868558689,0.04169695557720736,2023
2023-10-17 00:00:00+00:00,BTCUSDT_240329,2024-03-29 00:00:00+00:00,28932.3,434.294,28395.91,164,536.3899999999994,0.018889692212716528,0.04204108327830203,2023
2023-10-18 00:00:00+00:00,BTCUSDT_240329,2024-03-29 00:00:00+00:00,28856.8,359.794,28320.0,163,536.7999999999993,0.01895480225988698,0.042444802606495385,2023
2023-10-19 00:00:00+00:00,BTCUSDT_240329,2024-03-29 00:00:00+00:00,29250.2,404.087,28713.71,162,536.4900000000016,0.01868410595496025,0.042096905392348706,2023
2023-10-20 00:00:00+00:00,BTCUSDT_240329,2024-03-29 00:00:00+00:00,30188.6,482.577,29669.04,161,519.5599999999977,0.017511857478367945,0.03970079490437454,2023
2023-10-21 00:00:00+00:00,BTCUSDT_240329,2024-03-29 00:00:00+00:00,30426.8,446.315,29909.8,160,517.0,0.017285304482142976,0.039432100849888664,2023
2023-10-22 00:00:00+00:00,BTCUSDT_240329,2024-03-29 00:00:00+00:00,30530.0,369.879,29992.46,159,537.5400000000009,0.017922504522803428,0.04114285629448586,2023
2023-10-23 00:00:00+00:00,BTCUSDT_240329,2024-03-29 00:00:00+00:00,33759.7,783.287,33069.99,158,689.7099999999991,0.020856069203528612,0.048180159868911034,2023
2023-10-24 00:00:00+00:00,BTCUSDT_240329,2024-03-29 00:00:00+00:00,34632.4,727.363,33922.73,157,709.6699999999983,0.020920191269983228,0.048636113462062924,2023
2023-10-25 00:00:00+00:00,BTCUSDT_240329,2024-03-29 00:00:00+00:00,35301.7,480.088,34496.05,156,805.6499999999942,0.02335484787388684,0.05464435560236344,2023
2023-10-26 00:00:00+00:00,BTCUSDT_240329,2024-03-29 00:00:00+00:00,35014.2,444.067,34151.66,155,862.5399999999936,0.025256166171717376,0.05947419775920544,2023
2023-10-27 00:00:00+00:00,BTCUSDT_240329,2024-03-29 00:00:00+00:00,34752.0,400.818,33892.02,154,859.9800000000032,0.025374114614590788,0.06013994697614051,2023
2023-10-28 00:00:00+00:00,BTCUSDT_240329,2024-03-29 00:00:00+00:00,34994.8,363.313,34081.0,153,913.8000000000029,0.02681259352718532,0.06396468390472315,2023
2023-10-29 00:00:00+00:00,BTCUSDT_240329,2024-03-29 00:00:00+00:00,35472.7,423.031,34525.89,152,946.8099999999977,0.027423188801215484,0.06585173626607665,2023
2023-10-30 00:00:00+00:00,BTCUSDT_240329,2024-03-29 00:00:00+00:00,35474.9,405.105,34474.73,151,1000.1699999999983,0.029011684790569734,0.07012758244078116,2023
2023-10-31 00:00:00+00:00,BTCUSDT_240329,2024-03-29 00:00:00+00:00,35650.8,375.758,34639.77,150,1011.0300000000061,0.02918697208439912,0.07102163207203786,2023
2023-11-01 00:00:00+00:00,BTCUSDT_240329,2024-03-29 00:00:00+00:00,36574.6,525.536,35421.43,149,1153.1699999999983,0.03255571556540767,0.07975057839848189,2023
2023-11-02 00:00:00+00:00,BTCUSDT_240329,2024-03-29 00:00:00+00:00,36085.0,541.578,34941.59,148,1143.4100000000035,0.0327234679360614,0.08070314727474602,2023
2023-11-03 00:00:00+00:00,BTCUSDT_240329,2024-03-29 00:00:00+00:00,35853.6,477.122,34716.78,147,1136.8199999999997,0.032745548406275,0.08130697393394812,2023
2023-11-04 00:00:00+00:00,BTCUSDT_240329,2024-03-29 00:00:00+00:00,36214.2,406.839,35062.07,146,1152.1299999999974,0.0328597256237295,0.08214931405932374,2023
2023-11-05 00:00:00+00:00,BTCUSDT_240329,2024-03-29 00:00:00+00:00,36274.9,436.695,35011.88,145,1263.020000000004,0.03607404115403127,0.09080706911187181,2023
2023-11-06 00:00:00+00:00,BTCUSDT_240329,2024-03-29 00:00:00+00:00,36269.2,391.699,35046.09,144,1223.1100000000006,0.034900041630892366,0.08846191107830358,2023
2023-11-07 00:00:00+00:00,BTCUSDT_240329,2024-03-29 00:00:00+00:00,36697.5,473.201,35399.12,143,1298.3799999999974,0.036678312907213434,0.09361947000792241,2023
2023-11-08 00:00:00+00:00,BTCUSDT_240329,2024-03-29 00:00:00+00:00,36942.7,444.138,35624.72,142,1317.979999999996,0.03699622060187409,0.09509591915270452,2023
2023-11-09 00:00:00+00:00,BTCUSDT_240329,2024-03-29 00:00:00+00:00,38069.7,767.895,36701.09,141,1368.6100000000006,0.037290718068591445,0.09653270989387147,2023
2023-11-10 00:00:00+00:00,BTCUSDT_240329,2024-03-29 00:00:00+00:00,38763.7,525.477,37301.63,140,1462.0699999999997,0.03919587428216943,0.10218924366422745,2023
2023-11-11 00:00:00+00:00,BTCUSDT_240329,2024-03-29 00:00:00+00:00,38595.1,525.907,37130.0,139,1465.0999999999985,0.039458658766496055,0.10361446366741771,2023
2023-11-12 00:00:00+00:00,BTCUSDT_240329,2024-03-29 00:00:00+00:00,38537.6,372.698,37064.13,138,1473.4700000000012,0.039754609105892985,0.10514806031631116,2023
2023-11-13 00:00:00+00:00,BTCUSDT_240329,2024-03-29 00:00:00+00:00,37916.7,456.348,36462.93,137,1453.7699999999968,0.039869807500384546,0.10622247983679095,2023
2023-11-14 00:00:00+00:00,BTCUSDT_240329,2024-03-29 00:00:00+00:00,36919.0,634.561,35551.19,136,1367.8099999999977,0.03847438018249171,0.10325844681330495,2023
2023-11-15 00:00:00+00:00,BTCUSDT_240329,2024-03-29 00:00:00+00:00,39368.4,581.766,37858.2,135,1510.2000000000044,0.03989096153541385,0.10785334044760041,2023
2023-11-16 00:00:00+00:00,BTCUSDT_240329,2024-03-29 00:00:00+00:00,37521.7,595.068,36163.51,134,1358.189999999995,0.03755691856238498,0.10230056175575013,2023
2023-11-17 00:00:00+00:00,BTCUSDT_240329,2024-03-29 00:00:00+00:00,37935.3,451.408,36613.92,133,1321.3800000000047,0.03608955282581064,0.09904275775504423,2023
2023-11-18 00:00:00+00:00,BTCUSDT_240329,2024-03-29 00:00:00+00:00,37788.3,389.729,36568.1,132,1220.2000000000044,0.03336788074852137,0.09226724600916894,2023
2023-11-19 00:00:00+00:00,BTCUSDT_240329,2024-03-29 00:00:00+00:00,38630.0,410.186,37359.86,131,1270.1399999999994,0.03399745073991175,0.09472572152723503,2023
2023-11-20 00:00:00+00:00,BTCUSDT_240329,2024-03-29 00:00:00+00:00,38738.1,522.66,37448.78,130,1289.3199999999997,0.03442889194254124,0.09666573506944272,2023
2023-11-21 00:00:00+00:00,BTCUSDT_240329,2024-03-29 00:00:00+00:00,36815.9,624.663,35741.65,129,1074.25,0.03005597111493174,0.08504208881356655,2023
2023-11-22 00:00:00+00:00,BTCUSDT_240329,2024-03-29 00:00:00+00:00,38679.9,473.767,37408.34,128,1271.560000000005,0.0339913505918735,0.09692846067213927,2023
2023-11-23 00:00:00+00:00,BTCUSDT_240329,2024-03-29 00:00:00+00:00,38531.9,136.924,37294.28,127,1237.6200000000026,0.03318524985601016,0.09537493068853313,2023
2023-11-24 00:00:00+00:00,BTCUSDT_240329,2024-03-29 00:00:00+00:00,38970.4,265.655,37713.57,126,1256.8300000000017,0.0333256703091222,0.09653864811769526,2023
2023-11-25 00:00:00+00:00,BTCUSDT_240329,2024-03-29 00:00:00+00:00,38995.5,96.945,37780.67,125,1214.8300000000017,0.03215480297199604,0.09389202467822844,2023
2023-11-26 00:00:00+00:00,BTCUSDT_240329,2024-03-29 00:00:00+00:00,38684.4,139.167,37447.43,124,1236.9700000000012,0.03303217336944087,0.09723180064391869,2023
2023-11-27 00:00:00+00:00,BTCUSDT_240329,2024-03-29 00:00:00+00:00,38343.3,118.125,37242.7,123,1100.6000000000058,0.029552100143115455,0.08769525652225317,2023
2023-11-28 00:00:00+00:00,BTCUSDT_240329,2024-03-29 00:00:00+00:00,38955.1,206.854,37818.87,122,1136.229999999996,0.03004399655515873,0.08988572739863063,2023
2023-11-29 00:00:00+00:00,BTCUSDT_240329,2024-03-29 00:00:00+00:00,38958.7,149.943,37854.64,121,1104.0599999999977,0.029165777299691602,0.08797941086270607,2023
2023-11-30 00:00:00+00:00,BTCUSDT_240329,2024-03-29 00:00:00+00:00,38841.3,87.195,37723.96,120,1117.3400000000038,0.02961884171226997,0.09009064354148781,2023
2023-12-01 00:00:00+00:00,BTCUSDT_240329,2024-03-29 00:00:00+00:00,39872.0,241.35,38682.52,119,1189.4800000000032,0.030749806372490814,0.09431663299125334,2023
2023-12-02 00:00:00+00:00,BTCUSDT_240329,2024-03-29 00:00:00+00:00,40678.3,132.356,39450.35,118,1227.9500000000044,0.03112646655859845,0.0962810194397325,2023
2023-12-03 00:00:00+00:00,BTCUSDT_240329,2024-03-29 00:00:00+00:00,41217.7,134.339,39972.26,117,1245.439999999995,0.031157607801009873,0.09720108416554363,2023
2023-12-04 00:00:00+00:00,BTCUSDT_240329,2024-03-29 00:00:00+00:00,43306.5,502.73,41991.1,116,1315.4000000000015,0.03132568568101339,0.09856789028939558,2023
2023-12-05 00:00:00+00:00,BTCUSDT_240329,2024-03-29 00:00:00+00:00,45389.9,342.813,44073.32,115,1316.5800000000017,0.029872494289061993,0.09481269926528371,2023
2023-12-06 00:00:00+00:00,BTCUSDT_240329,2024-03-29 00:00:00+00:00,45120.0,201.707,43762.69,114,1357.3099999999977,0.031015232381738818,0.09930315630995323,2023
2023-12-07 00:00:00+00:00,BTCUSDT_240329,2024-03-29 00:00:00+00:00,44601.5,145.727,43273.14,113,1328.3600000000006,0.03069710217469776,0.09915435658198833,2023
2023-12-08 00:00:00+00:00,BTCUSDT_240329,2024-03-29 00:00:00+00:00,45601.6,172.578,44170.99,112,1430.6100000000006,0.03238799945394026,0.1055501767918589,2023
2023-12-09 00:00:00+00:00,BTCUSDT_240329,2024-03-29 00:00:00+00:00,45145.6,109.789,43713.6,111,1432.0,0.03275868379634713,0.1077199962672676,2023
2023-12-10 00:00:00+00:00,BTCUSDT_240329,2024-03-29 00:00:00+00:00,45221.8,57.417,43789.51,110,1432.2900000000009,0.0327085185470219,0.10853281154239085,2023
2023-12-11 00:00:00+00:00,BTCUSDT_240329,2024-03-29 00:00:00+00:00,42632.0,531.812,41253.4,109,1378.5999999999985,0.03341785161950284,0.11190381505613338,2023
2023-12-12 00:00:00+00:00,BTCUSDT_240329,2024-03-29 00:00:00+00:00,42854.5,213.877,41492.39,108,1362.1100000000006,0.032827947486274,0.11094630400453714,2023
2023-12-13 00:00:00+00:00,BTCUSDT_240329,2024-03-29 00:00:00+00:00,44249.1,224.095,42869.03,107,1380.0699999999997,0.03219270415029218,0.10981623378370696,2023
2023-12-14 00:00:00+00:00,BTCUSDT_240329,2024-03-29 00:00:00+00:00,44265.4,265.551,43022.26,106,1243.1399999999994,0.02889527421386044,0.0994978781892364,2023
2023-12-15 00:00:00+00:00,BTCUSDT_240329,2024-03-29 00:00:00+00:00,43212.8,143.878,41940.3,105,1272.5,0.030340746251218992,0.10547021315899935,2023
2023-12-16 00:00:00+00:00,BTCUSDT_240329,2024-03-29 00:00:00+00:00,43584.1,107.669,42278.03,104,1306.0699999999997,0.030892404400110405,0.10842045775038747,2023
2023-12-17 00:00:00+00:00,BTCUSDT_240329,2024-03-29 00:00:00+00:00,42676.6,196.165,41374.65,103,1301.949999999997,0.031467335675347034,0.1115104613738026,2023
2023-12-18 00:00:00+00:00,BTCUSDT_240329,2024-03-29 00:00:00+00:00,44005.2,339.515,42657.8,102,1347.3999999999942,0.031586251517893425,0.11302923337285394,2023
2023-12-19 00:00:00+00:00,BTCUSDT_240329,2024-03-29 00:00:00+00:00,43598.1,340.919,42275.99,101,1322.1100000000006,0.03127330666886809,0.11301739538749359,2023
2023-12-20 00:00:00+00:00,BTCUSDT_240329,2024-03-29 00:00:00+00:00,45145.8,354.302,43668.93,100,1476.8700000000026,0.03381969743705657,0.12344189564525647,2023
2023-12-21 00:00:00+00:00,BTCUSDT_240329,2024-03-29 00:00:00+00:00,45437.4,300.386,43861.8,99,1575.5999999999985,0.03592191838912216,0.13243939608110697,2023
2023-12-22 00:00:00+00:00,BTCUSDT_240329,2024-03-29 00:00:00+00:00,45598.3,221.552,43969.04,98,1629.260000000002,0.03705470940461748,0.13800988706821815,2023
2023-12-23 00:00:00+00:00,BTCUSDT_240329,2024-03-29 00:00:00+00:00,45312.0,134.513,43702.16,97,1609.8399999999965,0.036836623178350826,0.13861203567111394,2023
2023-12-24 00:00:00+00:00,BTCUSDT_240329,2024-03-29 00:00:00+00:00,44539.9,236.535,42991.5,96,1548.4000000000015,0.03601642185083101,0.13693743724534707,2023
2023-12-25 00:00:00+00:00,BTCUSDT_240329,2024-03-29 00:00:00+00:00,45213.0,241.045,43576.13,95,1636.8700000000026,0.0375634550383433,0.14432274830521374,2023
2023-12-26 00:00:00+00:00,BTCUSDT_240329,2024-03-29 00:00:00+00:00,44131.7,413.529,42508.93,94,1622.7699999999968,0.03817480232976922,0.14823194521665709,2023
2023-12-27 00:00:00+00:00,BTCUSDT_240329,2024-03-29 00:00:00+00:00,45173.7,478.571,43428.85,93,1744.8499999999985,0.04017720938961079,0.15768474652911763,2023
2023-12-28 00:00:00+00:00,BTCUSDT_240329,2024-03-29 00:00:00+00:00,44324.8,464.254,42563.76,92,1761.0400000000009,0.04137416431255135,0.1641474997182744,2023
2023-12-29 00:00:00+00:00,BTCUSDT_240329,2024-03-29 00:00:00+00:00,43880.1,883.516,42066.95,91,1813.1500000000015,0.04310153220045669,0.1728797720128208,2023
2023-12-30 00:00:00+00:00,BTCUSDT_240329,2024-03-29 00:00:00+00:00,44153.4,465.342,42140.28,90,2013.1200000000026,0.04777187052387888,0.19374147490239765,2023
2023-12-31 00:00:00+00:00,BTCUSDT_240329,2024-03-29 00:00:00+00:00,44400.4,568.384,42283.58,89,2116.8199999999997,0.05006245923358428,0.20531233281189057,2023
2024-01-01 00:00:00+00:00,BTCUSDT_240329,2024-03-29 00:00:00+00:00,46488.7,668.487,44179.55,88,2309.149999999994,0.052267395208869125,0.21679090058224124,2024
2024-01-02 00:00:00+00:00,BTCUSDT_240329,2024-03-29 00:00:00+00:00,47241.5,1953.645,44946.91,87,2294.5899999999965,0.05105111786327461,0.21417997724247395,2024
2024-01-03 00:00:00+00:00,BTCUSDT_240329,2024-03-29 00:00:00+00:00,44427.0,2508.769,42845.23,86,1581.7699999999968,0.036918228703638575,0.15668783112590792,2024
2024-01-04 00:00:00+00:00,BTCUSDT_240329,2024-03-29 00:00:00+00:00,45786.1,710.0,44151.1,85,1635.0,0.03703191992951478,0.15901942087379875,2024
2024-01-05 00:00:00+00:00,BTCUSDT_240329,2024-03-29 00:00:00+00:00,45446.1,819.096,44145.11,84,1300.989999999998,0.02947076131422026,0.12805747475821896,2024
2024-01-06 00:00:00+00:00,BTCUSDT_240329,2024-03-29 00:00:00+00:00,45251.0,234.34,43968.32,83,1282.6800000000003,0.02917282261410034,0.12829012354393524,2024
2024-01-07 00:00:00+00:00,BTCUSDT_240329,2024-03-29 00:00:00+00:00,45285.2,302.119,43929.02,82,1356.1800000000003,0.030872074997348002,0.1374183826101466,2024
2024-01-08 00:00:00+00:00,BTCUSDT_240329,2024-03-29 00:00:00+00:00,48395.3,1128.26,46951.04,81,1444.260000000002,0.03076097994847403,0.13861429236040765,2024
2024-01-09 00:00:00+00:00,BTCUSDT_240329,2024-03-29 00:00:00+00:00,47494.8,1197.844,46110.0,80,1384.800000000003,0.030032530904359204,0.13702342225113887,2024
2024-01-10 00:00:00+00:00,BTCUSDT_240329,2024-03-29 00:00:00+00:00,47953.1,1744.096,46653.99,79,1299.1100000000006,0.027845635496556685,0.1286538855220657,2024
2024-01-11 00:00:00+00:00,BTCUSDT_240329,2024-03-29 00:00:00+00:00,47449.5,1331.26,46339.16,78,1110.3399999999965,0.023961159416786934,0.11212593829650297,2024
2024-01-12 00:00:00+00:00,BTCUSDT_240329,2024-03-29 00:00:00+00:00,43678.4,1355.161,42782.73,77,895.6699999999983,0.020935316656978134,0.0992388386986626,2024
2024-01-13 00:00:00+00:00,BTCUSDT_240329,2024-03-29 00:00:00+00:00,43715.4,503.103,42847.99,76,867.4100000000035,0.020243890086792952,0.09722394581157141,2024
2024-01-14 00:00:00+00:00,BTCUSDT_240329,2024-03-29 00:00:00+00:00,42502.9,410.015,41732.35,75,770.5500000000029,0.018464093203474113,0.08985858692357401,2024
2024-01-15 00:00:00+00:00,BTCUSDT_240329,2024-03-29 00:00:00+00:00,43306.3,506.223,42511.1,74,795.2000000000044,0.018705702745871182,0.09226461489517543,2024
2024-01-16 00:00:00+00:00,BTCUSDT_240329,2024-03-29 00:00:00+00:00,43965.1,762.023,43137.95,73,827.1500000000015,0.019174531937655857,0.0958726596882793,2024
2024-01-17 00:00:00+00:00,BTCUSDT_240329,2024-03-29 00:00:00+00:00,43640.7,415.02,42776.1,72,864.5999999999985,0.02021222131049812,0.1024647330323863,2024
2024-01-18 00:00:00+00:00,BTCUSDT_240329,2024-03-29 00:00:00+00:00,42088.2,738.491,41327.5,71,760.6999999999971,0.018406629967938952,0.09462563293377066,2024
2024-01-19 00:00:00+00:00,BTCUSDT_240329,2024-03-29 00:00:00+00:00,42468.5,1205.024,41659.03,70,809.4700000000012,0.019430841284590668,0.1013179581267942,2024
2024-01-20 00:00:00+00:00,BTCUSDT_240329,2024-03-29 00:00:00+00:00,42465.8,272.263,41696.04,69,769.760000000002,0.018461225574419107,0.09765720774873876,2024
2024-01-21 00:00:00+00:00,BTCUSDT_240329,2024-03-29 00:00:00+00:00,42354.8,148.519,41580.33,68,774.4700000000012,0.018625874301622936,0.09997711941312311,2024
2024-01-22 00:00:00+00:00,BTCUSDT_240329,2024-03-29 00:00:00+00:00,40222.0,954.937,39568.02,67,653.9800000000032,0.016527994071980433,0.09004056472049042,2024
2024-01-23 00:00:00+00:00,BTCUSDT_240329,2024-03-29 00:00:00+00:00,40570.7,1262.503,39897.6,66,673.0999999999985,0.016870688963747157,0.09330002229951079,2024
2024-01-24 00:00:00+00:00,BTCUSDT_240329,2024-03-29 00:00:00+00:00,40756.2,530.663,40084.88,65,671.3199999999997,0.01674746188587816,0.09404343982070043,2024
2024-01-25 00:00:00+00:00,BTCUSDT_240329,2024-03-29 00:00:00+00:00,40624.3,520.991,39961.09,64,663.2100000000064,0.016596394142402184,0.09465131034338746,2024
2024-01-26 00:00:00+00:00,BTCUSDT_240329,2024-03-29 00:00:00+00:00,42452.3,971.978,41823.51,63,628.7900000000009,0.015034367034235071,0.08710387249993334,2024
2024-01-27 00:00:00+00:00,BTCUSDT_240329,2024-03-29 00:00:00+00:00,42772.8,380.147,42120.63,62,652.1700000000055,0.015483386644501888,0.09115219556843852,2024
2024-01-28 00:00:00+00:00,BTCUSDT_240329,2024-03-29 00:00:00+00:00,42672.0,585.169,42031.06,61,640.9400000000023,0.015249199044706518,0.09124520739865376,2024
2024-01-29 00:00:00+00:00,BTCUSDT_240329,2024-03-29 00:00:00+00:00,43961.1,1152.54,43302.7,60,658.4000000000015,0.015204594632667282,0.09249461734872595,2024
2024-01-30 00:00:00+00:00,BTCUSDT_240329,2024-03-29 00:00:00+00:00,43587.2,883.947,42941.1,59,646.0999999999985,0.01504619117814864,0.09308236915295345,2024
2024-01-31 00:00:00+00:00,BTCUSDT_240329,2024-03-29 00:00:00+00:00,43160.0,809.605,42580.0,58,580.0,0.013621418506341005,0.08572099577266322,2024
2024-02-01 00:00:00+00:00,BTCUSDT_240329,2024-03-29 00:00:00+00:00,43613.2,633.771,43082.94,57,530.2599999999948,0.012307887994644625,0.07881366873763664,2024
2024-02-02 00:00:00+00:00,BTCUSDT_240329,2024-03-29 00:00:00+00:00,43757.8,706.647,43200.0,56,557.8000000000029,0.012912037037037104,0.08415881283068827,2024
2024-02-03 00:00:00+00:00,BTCUSDT_240329,2024-03-29 00:00:00+00:00,43539.9,207.949,43011.09,55,528.810000000005,0.01229473607853242,0.08159233943026062,2024
2024-02-04 00:00:00+00:00,BTCUSDT_240329,2024-03-29 00:00:00+00:00,43073.2,344.789,42582.88,54,490.3199999999997,0.011514486573007738,0.07782939998421896,2024
2024-02-05 00:00:00+00:00,BTCUSDT_240329,2024-03-29 00:00:00+00:00,43162.9,649.26,42708.7,53,454.20000000000437,0.010634835525314617,0.07323990503282707,2024
2024-02-06 00:00:00+00:00,BTCUSDT_240329,2024-03-29 00:00:00+00:00,43585.2,418.795,43098.95,52,486.25,0.011282177408034303,0.07919220680639463,2024
2024-02-07 00:00:00+00:00,BTCUSDT_240329,2024-03-29 00:00:00+00:00,44889.1,665.783,44349.6,51,539.5,0.012164709490051771,0.0870611561542921,2024
2024-02-08 00:00:00+00:00,BTCUSDT_240329,2024-03-29 00:00:00+00:00,45821.8,929.979,45288.65,50,533.1500000000015,0.011772265236433443,0.08593753622596413,2024
2024-02-09 00:00:00+00:00,BTCUSDT_240329,2024-03-29 00:00:00+00:00,47725.2,1762.989,47132.77,49,592.4300000000003,0.012569386437504104,0.09362910305487751,2024
2024-02-10 00:00:00+00:00,BTCUSDT_240329,2024-03-29 00:00:00+00:00,48355.7,523.076,47751.09,48,604.6100000000006,0.012661700497308033,0.0962816808649465,2024
2024-02-11 00:00:00+00:00,BTCUSDT_240329,2024-03-29 00:00:00+00:00,48993.5,708.634,48299.99,47,693.510000000002,0.014358388065918897,0.1115066307246893,2024
2024-02-12 00:00:00+00:00,BTCUSDT_240329,2024-03-29 00:00:00+00:00,50678.0,1062.365,49917.27,46,760.7300000000032,0.015239815799221457,0.12092462536338765,2024
2024-02-13 00:00:00+00:00,BTCUSDT_240329,2024-03-29 00:00:00+00:00,50361.2,873.706,49699.59,45,661.6100000000006,0.01331218225341498,0.1079765893888104,2024
2024-02-14 00:00:00+00:00,BTCUSDT_240329,2024-03-29 00:00:00+00:00,52540.0,1010.796,51795.17,44,744.8300000000017,0.014380298394618683,0.11929111168263225,2024
2024-02-15 00:00:00+00:00,BTCUSDT_240329,2024-03-29 00:00:00+00:00,52652.7,962.719,51880.0,43,772.6999999999971,0.014893986121819528,0.12642569615032856,2024
2024-02-16 00:00:00+00:00,BTCUSDT_240329,2024-03-29 00:00:00+00:00,52899.3,654.538,52124.11,42,775.1900000000023,0.014872004529190087,0.1292448012655805,2024
2024-02-17 00:00:00+00:00,BTCUSDT_240329,2024-03-29 00:00:00+00:00,52445.2,502.099,51642.64,41,802.5599999999977,0.015540646256659182,0.13834965569952687,2024
2024-02-18 00:00:00+00:00,BTCUSDT_240329,2024-03-29 00:00:00+00:00,52922.2,380.086,52137.67,40,784.5299999999988,0.015047277716859975,0.1373064091663473,2024
2024-02-19 00:00:00+00:00,BTCUSDT_240329,2024-03-29 00:00:00+00:00,52552.1,515.453,51774.73,39,777.3699999999953,0.015014467482495714,0.14052001618233168,2024
2024-02-20 00:00:00+00:00,BTCUSDT_240329,2024-03-29 00:00:00+00:00,52998.7,1045.265,52258.82,38,739.8799999999974,0.01415799285173292,0.13599124712848726,2024
2024-02-21 00:00:00+00:00,BTCUSDT_240329,2024-03-29 00:00:00+00:00,52496.9,792.447,51849.39,37,647.510000000002,0.01248828578311147,0.12319525164420775,2024
2024-02-22 00:00:00+00:00,BTCUSDT_240329,2024-03-29 00:00:00+00:00,51937.5,684.502,51288.42,36,649.0800000000017,0.012655488314906206,0.1283125898594657,2024
2024-02-23 00:00:00+00:00,BTCUSDT_240329,2024-03-29 00:00:00+00:00,51364.4,490.938,50744.15,35,620.25,0.012223083843162216,0.12746930293583456,2024
2024-02-24 00:00:00+00:00,BTCUSDT_240329,2024-03-29 00:00:00+00:00,52241.5,230.66,51568.22,34,673.2799999999988,0.01305610315810782,0.14016110743262805,2024
2024-02-25 00:00:00+00:00,BTCUSDT_240329,2024-03-29 00:00:00+00:00,52469.4,309.034,51728.85,33,740.5500000000029,0.014315995812781512,0.15834359005046217,2024
2024-02-26 00:00:00+00:00,BTCUSDT_240329,2024-03-29 00:00:00+00:00,55310.6,1083.572,54476.47,32,834.1299999999974,0.01531174835667578,0.1746496296933331,2024
2024-02-27 00:00:00+00:00,BTCUSDT_240329,2024-03-29 00:00:00+00:00,57947.6,1481.119,57037.34,31,910.260000000002,0.015959019126768573,0.1879045800409848,2024
2024-02-28 00:00:00+00:00,BTCUSDT_240329,2024-03-29 00:00:00+00:00,63328.3,2801.814,62432.1,30,896.2000000000044,0.014354795049341675,0.17465000643365702,2024
2024-02-29 00:00:00+00:00,BTCUSDT_240329,2024-03-29 00:00:00+00:00,62117.3,1653.447,61130.98,29,986.3199999999997,0.01613453604048225,0.20307260878538005,2024
2024-03-01 00:00:00+00:00,BTCUSDT_240329,2024-03-29 00:00:00+00:00,63330.4,622.653,62387.9,28,942.5,0.015107096087542616,0.19693178828403768,2024
2024-03-02 00:00:00+00:00,BTCUSDT_240329,2024-03-29 00:00:00+00:00,62994.9,332.938,61987.28,27,1007.6200000000026,0.01625527043612823,0.21974717441432606,2024
2024-03-03 00:00:00+00:00,BTCUSDT_240329,2024-03-29 00:00:00+00:00,64268.7,425.413,63113.97,26,1154.729999999996,0.018295949375391786,0.256846981616077,2024
2024-03-04 00:00:00+00:00,BTCUSDT_240329,2024-03-29 00:00:00+00:00,69669.5,1936.202,68245.71,25,1423.7899999999936,0.020862703311314273,0.30459546834518836,2024
2024-03-05 00:00:00+00:00,BTCUSDT_240329,2024-03-29 00:00:00+00:00,65054.8,3285.866,63724.01,24,1330.7900000000009,0.020883651232871264,0.3176055291665838,2024
2024-03-06 00:00:00+00:00,BTCUSDT_240329,2024-03-29 00:00:00+00:00,67215.0,1616.756,66074.04,23,1140.9600000000064,0.017267901281653227,0.2740340855566708,2024
2024-03-07 00:00:00+00:00,BTCUSDT_240329,2024-03-29 00:00:00+00:00,68115.5,1237.792,66823.17,22,1292.3300000000017,0.019339549440710486,0.3208607066299694,2024
2024-03-08 00:00:00+00:00,BTCUSDT_240329,2024-03-29 00:00:00+00:00,69276.2,1500.347,68124.19,21,1152.0099999999948,0.01691043959568539,0.29391954535357934,2024
2024-03-09 00:00:00+00:00,BTCUSDT_240329,2024-03-29 00:00:00+00:00,69557.4,267.977,68313.27,20,1244.12999999999,0.01821212774619031,0.33237133136797314,2024
2024-03-10 00:00:00+00:00,BTCUSDT_240329,2024-03-29 00:00:00+00:00,70319.6,845.985,68955.88,19,1363.7200000000012,0.0197767035965606,0.3799208848812957,2024
2024-03-11 00:00:00+00:00,BTCUSDT_240329,2024-03-29 00:00:00+00:00,73582.4,1469.658,72078.1,18,1504.2999999999884,0.020870416950502138,0.4232056770518489,2024
2024-03-12 00:00:00+00:00,BTCUSDT_240329,2024-03-29 00:00:00+00:00,72622.8,1760.348,71452.01,17,1170.7900000000081,0.01638568320191424,0.3518102569822763,2024
2024-03-13 00:00:00+00:00,BTCUSDT_240329,2024-03-29 00:00:00+00:00,73950.0,1294.61,73072.41,16,877.5899999999965,0.012009868019954404,0.27397511420520987,2024
2024-03-14 00:00:00+00:00,BTCUSDT_240329,2024-03-29 00:00:00+00:00,72319.0,1535.308,71388.94,15,930.0599999999977,0.013028068493522914,0.3170163333423909,2024
2024-03-15 00:00:00+00:00,BTCUSDT_240329,2024-03-29 00:00:00+00:00,70256.1,1674.904,69499.85,14,756.25,0.010881318448888738,0.28369151670317067,2024
2024-03-16 00:00:00+00:00,BTCUSDT_240329,2024-03-29 00:00:00+00:00,65869.6,877.564,65300.63,13,568.9700000000084,0.008713085922754627,0.24463664321580297,2024
2024-03-17 00:00:00+00:00,BTCUSDT_240329,2024-03-29 00:00:00+00:00,68992.6,837.587,68393.48,12,599.1200000000099,0.008759899335433873,0.266446938119447,2024
2024-03-18 00:00:00+00:00,BTCUSDT_240329,2024-03-29 00:00:00+00:00,68001.1,869.863,67609.99,11,391.1100000000006,0.005784796004259142,0.19195004923223513,2024
2024-03-19 00:00:00+00:00,BTCUSDT_240329,2024-03-29 00:00:00+00:00,62262.7,2196.297,61937.4,10,325.29999999999563,0.005252077097198068,0.19170081404772948,2024
2024-03-20 00:00:00+00:00,BTCUSDT_240329,2024-03-29 00:00:00+00:00,68219.9,2057.624,67840.51,9,379.3899999999994,0.005592381307274952,0.22680213079503972,2024
2024-03-21 00:00:00+00:00,BTCUSDT_240329,2024-03-29 00:00:00+00:00,65811.7,866.588,65501.27,8,310.4300000000003,0.0047392974212561115,0.21623044484481008,2024
2024-03-22 00:00:00+00:00,BTCUSDT_240329,2024-03-29 00:00:00+00:00,63989.4,887.46,63796.64,7,192.76000000000204,0.0030214757391612166,0.15754837782769202,2024
2024-03-23 00:00:00+00:00,BTCUSDT_240329,2024-03-29 00:00:00+00:00,64144.8,693.49,63990.01,6,154.79000000000087,0.00241897133630704,0.14715408962534496,2024
2024-03-24 00:00:00+00:00,BTCUSDT_240329,2024-03-29 00:00:00+00:00,67397.9,630.749,67209.99,5,187.90999999998894,0.002795864126746469,0.20409808125249224,2024
2024-03-25 00:00:00+00:00,BTCUSDT_240329,2024-03-29 00:00:00+00:00,69979.1,1458.129,69880.01,4,99.09000000001106,0.0014180020867199513,0.12939269041319557,2024
2024-03-26 00:00:00+00:00,BTCUSDT_240329,2024-03-29 00:00:00+00:00,70043.2,924.574,69988.0,3,55.19999999999709,0.0007887066354231738,0.09595930730981948,2024
2024-03-27 00:00:00+00:00,BTCUSDT_240329,2024-03-29 00:00:00+00:00,69550.3,1262.955,69469.99,2,80.30999999999767,0.0011560387442116756,0.21097707081863082,2024
2024-03-28 00:00:00+00:00,BTCUSDT_240329,2024-03-29 00:00:00+00:00,70776.9,750.196,70780.6,1,-3.7000000000116415,-5.227421073022327e-05,-0.019080086916531493,2024
2023-12-29 00:00:00+00:00,BTCUSDT_240628,2024-06-28 00:00:00+00:00,45187.0,238.761,42066.95,182,3120.050000000003,0.07416867635994535,0.14874487291967062,2023
2023-12-30 00:00:00+00:00,BTCUSDT_240628,2024-06-28 00:00:00+00:00,45516.3,168.413,42140.28,181,3376.020000000004,0.0801138483180464,0.16155555047561843,2023
2023-12-31 00:00:00+00:00,BTCUSDT_240628,2024-06-28 00:00:00+00:00,45724.9,91.482,42283.58,180,3441.3199999999997,0.08138667539503514,0.1650340917732657,2023
2024-01-01 00:00:00+00:00,BTCUSDT_240628,2024-06-28 00:00:00+00:00,48032.4,107.51,44179.55,179,3852.8499999999985,0.08720890095077923,0.17782820584935427,2024
2024-01-02 00:00:00+00:00,BTCUSDT_240628,2024-06-28 00:00:00+00:00,48709.0,443.875,44946.91,178,3762.0899999999965,0.08370074828280734,0.17163355687204873,2024
2024-01-03 00:00:00+00:00,BTCUSDT_240628,2024-06-28 00:00:00+00:00,45973.5,615.28,42845.23,177,3128.269999999997,0.07301326191970486,0.15056407119035184,2024
2024-01-04 00:00:00+00:00,BTCUSDT_240628,2024-06-28 00:00:00+00:00,47289.8,360.73,44151.1,176,3138.7000000000044,0.07108996151851267,0.14743088610373364,2024
2024-01-05 00:00:00+00:00,BTCUSDT_240628,2024-06-28 00:00:00+00:00,46870.5,328.237,44145.11,175,2725.3899999999994,0.061737075748593655,0.12876590084706677,2024
2024-01-06 00:00:00+00:00,BTCUSDT_240628,2024-06-28 00:00:00+00:00,46552.0,123.997,43968.32,174,2583.6800000000003,0.05876230886238092,0.12326576284350022,2024
2024-01-07 00:00:00+00:00,BTCUSDT_240628,2024-06-28 00:00:00+00:00,46525.7,144.026,43929.02,173,2596.6800000000003,0.059110811031067856,0.1247135608458946,2024
2024-01-08 00:00:00+00:00,BTCUSDT_240628,2024-06-28 00:00:00+00:00,49660.0,438.847,46951.04,172,2708.959999999999,0.05769755046959554,0.12243956931047893,2024
2024-01-09 00:00:00+00:00,BTCUSDT_240628,2024-06-28 00:00:00+00:00,48863.3,886.963,46110.0,171,2753.300000000003,0.05971155931468235,0.12745449795239214,2024
2024-01-10 00:00:00+00:00,BTCUSDT_240628,2024-06-28 00:00:00+00:00,49396.7,646.532,46653.99,170,2742.709999999999,0.058788326571853754,0.12622199528662717,2024
2024-01-11 00:00:00+00:00,BTCUSDT_240628,2024-06-28 00:00:00+00:00,48920.2,591.513,46339.16,169,2581.0399999999936,0.055698894844015155,0.12029642969269547,2024
2024-01-12 00:00:00+00:00,BTCUSDT_240628,2024-06-28 00:00:00+00:00,45081.9,657.561,42782.73,168,2299.1699999999983,0.05374060982083186,0.11675787252740255,2024
2024-01-13 00:00:00+00:00,BTCUSDT_240628,2024-06-28 00:00:00+00:00,45001.1,219.274,42847.99,167,2153.1100000000006,0.05024996505086938,0.10982776792555282,2024
2024-01-14 00:00:00+00:00,BTCUSDT_240628,2024-06-28 00:00:00+00:00,43707.7,222.109,41732.35,166,1975.3499999999985,0.04733378302444024,0.1040772939995222,2024
2024-01-15 00:00:00+00:00,BTCUSDT_240628,2024-06-28 00:00:00+00:00,44611.2,363.124,42511.1,165,2100.0999999999985,0.04940121521202694,0.1092814760750899,2024
2024-01-16 00:00:00+00:00,BTCUSDT_240628,2024-06-28 00:00:00+00:00,45268.8,216.762,43137.95,164,2130.850000000006,0.04939618132062386,0.10993662306114456,2024
2024-01-17 00:00:00+00:00,BTCUSDT_240628,2024-06-28 00:00:00+00:00,44941.5,189.607,42776.1,163,2165.4000000000015,0.050621725683267095,0.1133553980024079,2024
2024-01-18 00:00:00+00:00,BTCUSDT_240628,2024-06-28 00:00:00+00:00,43210.5,327.055,41327.5,162,1883.0,0.04556288185832678,0.10265711035981032,2024
2024-01-19 00:00:00+00:00,BTCUSDT_240628,2024-06-28 00:00:00+00:00,43582.6,317.741,41659.03,161,1923.5699999999997,0.04617414279689181,0.10468051006748766,2024
2024-01-20 00:00:00+00:00,BTCUSDT_240628,2024-06-28 00:00:00+00:00,43646.4,87.975,41696.04,160,1950.3600000000006,0.04677566502718245,0.10670698584325997,2024
2024-01-21 00:00:00+00:00,BTCUSDT_240628,2024-06-28 00:00:00+00:00,43559.6,102.181,41580.33,159,1979.2699999999968,0.04760111331487741,0.10927299597440412,2024
2024-01-22 00:00:00+00:00,BTCUSDT_240628,2024-06-28 00:00:00+00:00,41226.3,442.872,39568.02,158,1658.280000000006,0.041909602754952265,0.09681648737694669,2024
2024-01-23 00:00:00+00:00,BTCUSDT_240628,2024-06-28 00:00:00+00:00,41653.9,374.127,39897.6,157,1756.300000000003,0.044020191690728336,0.10233993609627925,2024
2024-01-24 00:00:00+00:00,BTCUSDT_240628,2024-06-28 00:00:00+00:00,41952.0,282.6,40084.88,156,1867.1200000000026,0.046579159024549975,0.10898328874333808,2024
2024-01-25 00:00:00+00:00,BTCUSDT_240628,2024-06-28 00:00:00+00:00,41856.4,171.782,39961.09,155,1895.310000000005,0.047428886449293675,0.11168737776769157,2024
2024-01-26 00:00:00+00:00,BTCUSDT_240628,2024-06-28 00:00:00+00:00,43398.5,575.977,41823.51,154,1574.989999999998,0.03765800622664138,0.08925436540729938,2024
2024-01-27 00:00:00+00:00,BTCUSDT_240628,2024-06-28 00:00:00+00:00,43742.5,107.952,42120.63,153,1621.8700000000026,0.03850535948773802,0.09185919093479986,2024
2024-01-28 00:00:00+00:00,BTCUSDT_240628,2024-06-28 00:00:00+00:00,43685.1,137.936,42031.06,152,1654.0400000000009,0.039352802427538136,0.09449850582928565,2024
2024-01-29 00:00:00+00:00,BTCUSDT_240628,2024-06-28 00:00:00+00:00,44990.5,186.058,43302.7,151,1687.800000000003,0.03897678435755745,0.09421540589740708,2024
2024-01-30 00:00:00+00:00,BTCUSDT_240628,2024-06-28 00:00:00+00:00,44623.8,190.0,42941.1,150,1682.7000000000044,0.03918623416726643,0.09535316980701497,2024
2024-01-31 00:00:00+00:00,BTCUSDT_240628,2024-06-28 00:00:00+00:00,44226.7,232.978,42580.0,149,1646.699999999997,0.038673085955847744,0.0947360830462042,2024
2024-02-01 00:00:00+00:00,BTCUSDT_240628,2024-06-28 00:00:00+00:00,44628.7,200.747,43082.94,148,1545.7599999999948,0.03587870279976238,0.08848463866157615,2024
2024-02-02 00:00:00+00:00,BTCUSDT_240628,2024-06-28 00:00:00+00:00,44759.7,168.148,43200.0,147,1559.699999999997,0.0361041666666666,0.0896464002267572,2024
2024-02-03 00:00:00+00:00,BTCUSDT_240628,2024-06-28 00:00:00+00:00,44557.6,44.888,43011.09,146,1546.510000000002,0.035956075514477825,0.08989018878619456,2024
2024-02-04 00:00:00+00:00,BTCUSDT_240628,2024-06-28 00:00:00+00:00,44112.8,103.618,42582.88,145,1529.9200000000055,0.03592805371548392,0.09043958349070089,2024
2024-02-05 00:00:00+00:00,BTCUSDT_240628,2024-06-28 00:00:00+00:00,44251.1,206.449,42708.7,144,1542.4000000000015,0.03611442165179463,0.09154002710350723,2024
2024-02-06 00:00:00+00:00,BTCUSDT_240628,2024-06-28 00:00:00+00:00,44662.9,102.902,43098.95,143,1563.9500000000044,0.03628742695587722,0.09262175411814816,2024
2024-02-07 00:00:00+00:00,BTCUSDT_240628,2024-06-28 00:00:00+00:00,45978.0,148.381,44349.6,142,1628.4000000000015,0.03671735483521839,0.09437911630179374,2024
2024-02-08 00:00:00+00:00,BTCUSDT_240628,2024-06-28 00:00:00+00:00,46952.4,378.479,45288.65,141,1663.75,0.03673657748685377,0.09509823250142999,2024
2024-02-09 00:00:00+00:00,BTCUSDT_240628,2024-06-28 00:00:00+00:00,48873.6,701.377,47132.77,140,1740.8300000000017,0.036934599854835645,0.09629377819296436,2024
2024-02-10 00:00:00+00:00,BTCUSDT_240628,2024-06-28 00:00:00+00:00,49488.5,273.078,47751.09,139,1737.4100000000035,0.036384719176044016,0.09554260790831702,2024
2024-02-11 00:00:00+00:00,BTCUSDT_240628,2024-06-28 00:00:00+00:00,50171.1,264.403,48299.99,138,1871.1100000000006,0.03873934549468852,0.10246276163450226,2024
2024-02-12 00:00:00+00:00,BTCUSDT_240628,2024-06-28 00:00:00+00:00,51926.1,595.336,49917.27,137,2008.8300000000017,0.04024318637617806,0.107217248374489,2024
2024-02-13 00:00:00+00:00,BTCUSDT_240628,2024-06-28 00:00:00+00:00,51711.4,512.76,49699.59,136,2011.810000000005,0.04047940838143745,0.10863958867076963,2024
2024-02-14 00:00:00+00:00,BTCUSDT_240628,2024-06-28 00:00:00+00:00,54012.4,558.508,51795.17,135,2217.230000000003,0.04280765947867346,0.11573922747937639,2024
2024-02-15 00:00:00+00:00,BTCUSDT_240628,2024-06-28 00:00:00+00:00,54322.5,582.89,51880.0,134,2442.5,0.04707979953739399,0.12823975247125974,2024
2024-02-16 00:00:00+00:00,BTCUSDT_240628,2024-06-28 00:00:00+00:00,54610.3,361.719,52124.11,133,2486.1900000000023,0.04769750505092561,0.1308991679969011,2024
2024-02-17 00:00:00+00:00,BTCUSDT_240628,2024-06-28 00:00:00+00:00,54080.4,340.996,51642.64,132,2437.760000000002,0.04720440318310609,0.13052732698358882,2024
2024-02-18 00:00:00+00:00,BTCUSDT_240628,2024-06-28 00:00:00+00:00,54652.6,249.462,52137.67,131,2514.9300000000003,0.048236332770528495,0.13439894245223588,2024
2024-02-19 00:00:00+00:00,BTCUSDT_240628,2024-06-28 00:00:00+00:00,54283.6,292.347,51774.73,130,2508.8699999999953,0.04845742314831956,0.13605353422412797,2024
2024-02-20 00:00:00+00:00,BTCUSDT_240628,2024-06-28 00:00:00+00:00,54817.1,531.548,52258.82,129,2558.279999999999,0.048954033022559615,0.138513349249878,2024
2024-02-21 00:00:00+00:00,BTCUSDT_240628,2024-06-28 00:00:00+00:00,54332.3,452.982,51849.39,128,2482.9100000000035,0.04788696646190058,0.1365526778015134,2024
2024-02-22 00:00:00+00:00,BTCUSDT_240628,2024-06-28 00:00:00+00:00,53745.2,358.363,51288.42,127,2456.779999999999,0.04790126114237871,0.13766897887376556,2024
2024-02-23 00:00:00+00:00,BTCUSDT_240628,2024-06-28 00:00:00+00:00,53178.7,259.647,50744.15,126,2434.5499999999956,0.04797695892038778,0.1389808730630281,2024
2024-02-24 00:00:00+00:00,BTCUSDT_240628,2024-06-28 00:00:00+00:00,54080.0,140.016,51568.22,125,2511.779999999999,0.048707905760563365,0.14222708482084503,2024
2024-02-25 00:00:00+00:00,BTCUSDT_240628,2024-06-28 00:00:00+00:00,54278.7,133.4,51728.85,124,2549.8499999999985,0.04929260944327969,0.14509518102255714,2024
2024-02-26 00:00:00+00:00,BTCUSDT_240628,2024-06-28 00:00:00+00:00,57284.2,614.359,54476.47,123,2807.729999999996,0.051540233792681425,0.15294459621405462,2024
2024-02-27 00:00:00+00:00,BTCUSDT_240628,2024-06-28 00:00:00+00:00,60087.5,1114.715,57037.34,122,3050.1600000000035,0.053476547118080954,0.15999130900081598,2024
2024-02-28 00:00:00+00:00,BTCUSDT_240628,2024-06-28 00:00:00+00:00,65722.3,1656.902,62432.1,121,3290.2000000000044,0.052700453772979036,0.15897244319948223,2024
2024-02-29 00:00:00+00:00,BTCUSDT_240628,2024-06-28 00:00:00+00:00,64518.0,845.983,61130.98,120,3387.019999999997,0.05540594965106067,0.16852643018864286,2024
2024-03-01 00:00:00+00:00,BTCUSDT_240628,2024-06-28 00:00:00+00:00,65640.0,490.619,62387.9,119,3252.0999999999985,0.05212709515787514,0.1598856280052473,2024
2024-03-02 00:00:00+00:00,BTCUSDT_240628,2024-06-28 00:00:00+00:00,65508.9,304.855,61987.28,118,3521.6200000000026,0.05681197819939837,0.17573196646424075,2024
2024-03-03 00:00:00+00:00,BTCUSDT_240628,2024-06-28 00:00:00+00:00,67009.5,368.6,63113.97,117,3895.529999999999,0.061722151213114924,0.19255201019476023,2024
2024-03-04 00:00:00+00:00,BTCUSDT_240628,2024-06-28 00:00:00+00:00,72676.2,1385.423,68245.71,116,4430.489999999991,0.0649196850615224,0.2042731469608248,2024
2024-03-05 00:00:00+00:00,BTCUSDT_240628,2024-06-28 00:00:00+00:00,68113.3,1866.547,63724.01,115,4389.290000000001,0.068879689146995,0.21861814381437542,2024
2024-03-06 00:00:00+00:00,BTCUSDT_240628,2024-06-28 00:00:00+00:00,70467.7,1003.098,66074.04,114,4393.6600000000035,0.06649600962798709,0.21290389047557268,2024
2024-03-07 00:00:00+00:00,BTCUSDT_240628,2024-06-28 00:00:00+00:00,70897.3,642.464,66823.17,113,4074.1300000000047,0.06096882264041058,0.1969346925995563,2024
2024-03-08 00:00:00+00:00,BTCUSDT_240628,2024-06-28 00:00:00+00:00,72245.8,868.906,68124.19,112,4121.610000000001,0.06050141660399926,0.1971697951826762,2024
2024-03-09 00:00:00+00:00,BTCUSDT_240628,2024-06-28 00:00:00+00:00,72616.6,214.522,68313.27,111,4303.330000000002,0.06299405664521697,0.207142618698236,2024
2024-03-10 00:00:00+00:00,BTCUSDT_240628,2024-06-28 00:00:00+00:00,73729.3,601.427,68955.88,110,4773.419999999998,0.06922426339856728,0.2296986921861551,2024
2024-03-11 00:00:00+00:00,BTCUSDT_240628,2024-06-28 00:00:00+00:00,77209.7,1450.542,72078.1,109,5131.599999999991,0.07119499542856972,0.23840525992135733,2024
2024-03-12 00:00:00+00:00,BTCUSDT_240628,2024-06-28 00:00:00+00:00,76411.7,1071.003,71452.01,108,4959.690000000002,0.06941288285661946,0.2345898355802417,2024
2024-03-13 00:00:00+00:00,BTCUSDT_240628,2024-06-28 00:00:00+00:00,77980.9,731.246,73072.41,107,4908.489999999991,0.06717295898684593,0.2291414021513903,2024
2024-03-14 00:00:00+00:00,BTCUSDT_240628,2024-06-28 00:00:00+00:00,76243.0,873.114,71388.94,106,4854.059999999998,0.06799456610505769,0.23413223234288733,2024
2024-03-15 00:00:00+00:00,BTCUSDT_240628,2024-06-28 00:00:00+00:00,74204.6,1613.442,69499.85,105,4704.75,0.06769439070731807,0.23531859626829615,2024
2024-03-16 00:00:00+00:00,BTCUSDT_240628,2024-06-28 00:00:00+00:00,69362.6,759.432,65300.63,104,4061.9700000000084,0.062204147188166616,0.21831263195846937,2024
2024-03-17 00:00:00+00:00,BTCUSDT_240628,2024-06-28 00:00:00+00:00,73250.0,651.758,68393.48,103,4856.520000000004,0.07100852303465191,0.2516321447344461,2024
2024-03-18 00:00:00+00:00,BTCUSDT_240628,2024-06-28 00:00:00+00:00,71792.3,524.793,67609.99,102,4182.309999999998,0.061859349483707915,0.2213594368779744,2024
2024-03-19 00:00:00+00:00,BTCUSDT_240628,2024-06-28 00:00:00+00:00,65513.0,1710.7,61937.4,101,3575.5999999999985,0.05772925566781942,0.20862552790845632,2024
2024-03-20 00:00:00+00:00,BTCUSDT_240628,2024-06-28 00:00:00+00:00,72296.2,1442.111,67840.51,100,4455.690000000002,0.06567889893516429,0.23972798111334967,2024
2024-03-21 00:00:00+00:00,BTCUSDT_240628,2024-06-28 00:00:00+00:00,69550.0,689.816,65501.27,99,4048.730000000003,0.06181147327372436,0.22789078530211507,2024
2024-03-22 00:00:00+00:00,BTCUSDT_240628,2024-06-28 00:00:00+00:00,67423.0,746.492,63796.64,98,3626.3600000000006,0.05684249201838844,0.21170928149705898,2024
2024-03-23 00:00:00+00:00,BTCUSDT_240628,2024-06-28 00:00:00+00:00,67605.0,448.929,63990.01,97,3614.989999999998,0.05649303695998794,0.21257689165356286,2024
2024-03-24 00:00:00+00:00,BTCUSDT_240628,2024-06-28 00:00:00+00:00,71172.0,457.959,67209.99,96,3962.0099999999948,0.058949718635577755,0.2241317427290196,2024
2024-03-25 00:00:00+00:00,BTCUSDT_240628,2024-06-28 00:00:00+00:00,74227.8,1318.4,69880.01,95,4347.790000000008,0.06221793614511516,0.23904785992596875,2024
2024-03-26 00:00:00+00:00,BTCUSDT_240628,2024-06-28 00:00:00+00:00,74354.9,1237.403,69988.0,94,4366.899999999994,0.06239498199691367,0.24227838754120734,2024
2024-03-27 00:00:00+00:00,BTCUSDT_240628,2024-06-28 00:00:00+00:00,73702.5,1169.418,69469.99,93,4232.509999999995,0.060925732103891114,0.23911712062279847,2024
2024-03-28 00:00:00+00:00,BTCUSDT_240628,2024-06-28 00:00:00+00:00,75163.8,906.377,70780.6,92,4383.199999999997,0.061926573100538805,0.24568694762713766,2024
2024-03-29 00:00:00+00:00,BTCUSDT_240628,2024-06-28 00:00:00+00:00,74258.9,744.073,69850.54,91,4408.360000000001,0.06311132311933453,0.2531388235006275,2024
2024-03-30 00:00:00+00:00,BTCUSDT_240628,2024-06-28 00:00:00+00:00,74146.5,319.167,69582.18,90,4564.320000000007,0.06559610520969604,0.2660286489059895,2024
2024-03-31 00:00:00+00:00,BTCUSDT_240628,2024-06-28 00:00:00+00:00,77179.4,470.265,71280.01,89,5899.389999999999,0.08276359669422044,0.33942373925157815,2024
2024-04-01 00:00:00+00:00,BTCUSDT_240628,2024-06-28 00:00:00+00:00,74225.5,833.39,69649.8,88,4575.699999999997,0.06569580960749344,0.2724883012128989,2024
2024-04-02 00:00:00+00:00,BTCUSDT_240628,2024-06-28 00:00:00+00:00,68897.1,1293.744,65463.99,87,3433.110000000008,0.05244272461852704,0.22001832742255598,2024
2024-04-03 00:00:00+00:00,BTCUSDT_240628,2024-06-28 00:00:00+00:00,69142.1,1322.2,65963.28,86,3178.820000000007,0.048190750975391265,0.20453051286067225,2024
2024-04-04 00:00:00+00:00,BTCUSDT_240628,2024-06-28 00:00:00+00:00,71800.1,1166.548,68487.79,85,3312.310000000012,0.048363511218569216,0.20767860699738544,2024
2024-04-05 00:00:00+00:00,BTCUSDT_240628,2024-06-28 00:00:00+00:00,70971.3,1121.122,67820.62,84,3150.6800000000076,0.04645607781232327,0.20186271906545228,2024
2024-04-06 00:00:00+00:00,BTCUSDT_240628,2024-06-28 00:00:00+00:00,71728.5,438.632,68896.0,83,2832.5,0.04111269159312587,0.18079677628302337,2024
2024-04-07 00:00:00+00:00,BTCUSDT_240628,2024-06-28 00:00:00+00:00,72301.3,512.27,69360.39,82,2940.9100000000035,0.04240042479576605,0.18873359817627572,2024
2024-04-08 00:00:00+00:00,BTCUSDT_240628,2024-06-28 00:00:00+00:00,75572.5,1428.562,71620.0,81,3952.5,0.05518709857581681,0.24868260469349546,2024
2024-04-09 00:00:00+00:00,BTCUSDT_240628,2024-06-28 00:00:00+00:00,72238.0,1190.268,69146.0,80,3092.0,0.04471697567465942,0.2040212015156336,2024
2024-04-10 00:00:00+00:00,BTCUSDT_240628,2024-06-28 00:00:00+00:00,73738.6,1048.072,70631.08,79,3107.520000000004,0.04399649559372452,0.20327494799632212,2024
2024-04-11 00:00:00+00:00,BTCUSDT_240628,2024-06-28 00:00:00+00:00,72927.8,638.066,70006.23,78,2921.570000000007,0.041733000048710056,0.19528903868947656,2024
2024-04-12 00:00:00+00:00,BTCUSDT_240628,2024-06-28 00:00:00+00:00,69231.8,1355.333,67116.52,77,2115.279999999999,0.031516532740374484,0.14939655130177515,2024
2024-04-13 00:00:00+00:00,BTCUSDT_240628,2024-06-28 00:00:00+00:00,65425.9,1564.225,63924.51,76,1501.3899999999994,0.023486922308829577,0.11279903477266835,2024
2024-04-14 00:00:00+00:00,BTCUSDT_240628,2024-06-28 00:00:00+00:00,67379.8,895.547,65661.84,75,1717.9600000000064,0.026163750513235794,0.12733025249774751,2024
2024-04-15 00:00:00+00:00,BTCUSDT_240628,2024-06-28 00:00:00+00:00,65038.9,871.852,63419.99,74,1618.9100000000035,0.02552680944919738,0.12590926282374384,2024
2024-04-16 00:00:00+00:00,BTCUSDT_240628,2024-06-28 00:00:00+00:00,65407.4,889.383,63793.39,73,1614.010000000002,0.025300583649810773,0.12650291824905385,2024
2024-04-17 00:00:00+00:00,BTCUSDT_240628,2024-06-28 00:00:00+00:00,62593.6,998.054,61277.37,72,1316.229999999996,0.021479870953991592,0.10889101247509626,2024
2024-04-18 00:00:00+00:00,BTCUSDT_240628,2024-06-28 00:00:00+00:00,64918.2,837.624,63470.08,71,1448.1199999999953,0.02281578973903917,0.11729244020773658,2024
2024-04-19 00:00:00+00:00,BTCUSDT_240628,2024-06-28 00:00:00+00:00,65010.8,1456.654,63818.01,70,1192.7900000000009,0.018690491915996768,0.09745756499055458,2024
2024-04-20 00:00:00+00:00,BTCUSDT_240628,2024-06-28 00:00:00+00:00,66264.4,379.54,64940.59,69,1323.8099999999977,0.020384939527035368,0.10783337575895521,2024
2024-04-21 00:00:00+00:00,BTCUSDT_240628,2024-06-28 00:00:00+00:00,66314.4,326.365,64941.15,68,1373.2499999999927,0.02114606840192994,0.11350463186330041,2024
2024-04-22 00:00:00+00:00,BTCUSDT_240628,2024-06-28 00:00:00+00:00,68338.5,871.074,66819.32,67,1519.179999999993,0.022735639931684322,0.12385833694126533,2024
2024-04-23 00:00:00+00:00,BTCUSDT_240628,2024-06-28 00:00:00+00:00,67892.2,568.704,66414.0,66,1478.199999999997,0.022257355376878327,0.12308991988728166,2024
2024-04-24 00:00:00+00:00,BTCUSDT_240628,2024-06-28 00:00:00+00:00,65656.9,606.576,64289.59,65,1367.3099999999977,0.021267984443515627,0.11942791264435698,2024
2024-04-25 00:00:00+00:00,BTCUSDT_240628,2024-06-28 00:00:00+00:00,65734.2,643.917,64498.34,64,1235.8600000000006,0.0191611132937685,0.10927822425352347,2024
2024-04-26 00:00:00+00:00,BTCUSDT_240628,2024-06-28 00:00:00+00:00,64961.8,719.139,63770.01,63,1191.7900000000009,0.018688878988728414,0.10827683858549002,2024
2024-04-27 00:00:00+00:00,BTCUSDT_240628,2024-06-28 00:00:00+00:00,64606.5,442.093,63461.98,62,1144.5199999999968,0.018034735128024632,0.10617223099562888,2024
2024-04-28 00:00:00+00:00,BTCUSDT_240628,2024-06-28 00:00:00+00:00,64182.2,318.746,63118.62,61,1063.5799999999945,0.016850495147073787,0.10082673325708086,2024
2024-04-29 00:00:00+00:00,BTCUSDT_240628,2024-06-28 00:00:00+00:00,64944.2,967.417,63866.0,60,1078.199999999997,0.016882222152632027,0.10270018476184482,2024
2024-04-30 00:00:00+00:00,BTCUSDT_240628,2024-06-28 00:00:00+00:00,61563.1,1281.416,60672.0,59,891.0999999999985,0.014687170358649766,0.09086130815096889,2024
2024-05-01 00:00:00+00:00,BTCUSDT_240628,2024-06-28 00:00:00+00:00,59073.8,1907.077,58364.97,58,708.8300000000017,0.012144784791288365,0.07642838704862506,2024
2024-05-02 00:00:00+00:00,BTCUSDT_240628,2024-06-28 00:00:00+00:00,59851.6,1033.563,59060.61,57,790.989999999998,0.0133928518516825,0.08576124431340548,2024
2024-05-03 00:00:00+00:00,BTCUSDT_240628,2024-06-28 00:00:00+00:00,63749.9,994.727,62882.01,56,867.8899999999994,0.013801880696879749,0.0899586866850198,2024
2024-05-04 00:00:00+00:00,BTCUSDT_240628,2024-06-28 00:00:00+00:00,64819.0,704.493,63892.04,55,926.9599999999991,0.014508223559617115,0.09628184725927723,2024
2024-05-05 00:00:00+00:00,BTCUSDT_240628,2024-06-28 00:00:00+00:00,65000.3,616.188,64012.0,54,988.3000000000029,0.015439292632631427,0.10435818168352724,2024
2024-05-06 00:00:00+00:00,BTCUSDT_240628,2024-06-28 00:00:00+00:00,64134.5,1074.705,63165.19,53,969.3099999999977,0.015345635784519886,0.10568220870471241,2024
2024-05-07 00:00:00+00:00,BTCUSDT_240628,2024-06-28 00:00:00+00:00,63190.5,889.838,62312.08,52,878.4199999999983,0.014097106050704746,0.098950840548216,2024
2024-05-08 00:00:00+00:00,BTCUSDT_240628,2024-06-28 00:00:00+00:00,62040.9,779.115,61193.03,51,847.8700000000026,0.013855662973381162,0.09916307814282596,2024
2024-05-09 00:00:00+00:00,BTCUSDT_240628,2024-06-28 00:00:00+00:00,63897.2,756.006,63074.01,50,823.189999999995,0.01305117591223382,0.09527358415930688,2024
2024-05-10 00:00:00+00:00,BTCUSDT_240628,2024-06-28 00:00:00+00:00,61510.4,953.499,60799.99,49,710.4100000000035,0.011684376921772578,0.08703668523361206,2024
2024-05-11 00:00:00+00:00,BTCUSDT_240628,2024-06-28 00:00:00+00:00,61560.2,324.965,60825.99,48,734.2099999999991,0.012070662557239088,0.0917873298623389,2024
2024-05-12 00:00:00+00:00,BTCUSDT_240628,2024-06-28 00:00:00+00:00,62218.0,267.784,61483.99,47,734.010000000002,0.011938229773311753,0.09271178440976148,2024
2024-05-13 00:00:00+00:00,BTCUSDT_240628,2024-06-28 00:00:00+00:00,63693.9,606.285,62940.08,46,753.8199999999997,0.011976788081616669,0.0950332097780453,2024
2024-05-14 00:00:00+00:00,BTCUSDT_240628,2024-06-28 00:00:00+00:00,62259.4,736.439,61577.49,45,681.9100000000035,0.011074014221755442,0.08982255979868303,2024
2024-05-15 00:00:00+00:00,BTCUSDT_240628,2024-06-28 00:00:00+00:00,66971.3,871.668,66206.5,44,764.8000000000029,0.01155173585675127,0.09582689972077757,2024
2024-05-16 00:00:00+00:00,BTCUSDT_240628,2024-06-28 00:00:00+00:00,65987.7,790.536,65235.21,43,752.489999999998,0.011535028399540646,0.09791361315889155,2024
2024-05-17 00:00:00+00:00,BTCUSDT_240628,2024-06-28 00:00:00+00:00,67790.5,490.518,67024.0,42,766.5,0.011436201957507759,0.09938604082119837,2024
2024-05-18 00:00:00+00:00,BTCUSDT_240628,2024-06-28 00:00:00+00:00,67710.4,226.073,66915.2,41,795.1999999999971,0.011883697575438721,0.10579389304963739,2024
2024-05-19 00:00:00+00:00,BTCUSDT_240628,2024-06-28 00:00:00+00:00,67040.5,387.438,66274.01,40,766.4900000000052,0.01156546887686448,0.10553490350138837,2024
2024-05-20 00:00:00+00:00,BTCUSDT_240628,2024-06-28 00:00:00+00:00,72340.8,1154.178,71446.62,39,894.1800000000076,0.012515357619436828,0.11713091105370366,2024
2024-05-21 00:00:00+00:00,BTCUSDT_240628,2024-06-28 00:00:00+00:00,71131.4,849.883,70148.34,38,983.0599999999977,0.01401401658257341,0.13460831717471827,2024
2024-05-22 00:00:00+00:00,BTCUSDT_240628,2024-06-28 00:00:00+00:00,70150.0,539.773,69166.62,37,983.3800000000047,0.014217551761239811,0.1402542268338522,2024
2024-05-23 00:00:00+00:00,BTCUSDT_240628,2024-06-28 00:00:00+00:00,68845.3,776.418,67969.65,36,875.6500000000087,0.012882955848676709,0.13061885791019442,2024
2024-05-24 00:00:00+00:00,BTCUSDT_240628,2024-06-28 00:00:00+00:00,69367.1,489.456,68549.99,35,817.1100000000006,0.011919914211511928,0.12430767677719583,2024
2024-05-25 00:00:00+00:00,BTCUSDT_240628,2024-06-28 00:00:00+00:00,70052.4,270.925,69290.57,34,761.8299999999872,0.0109947139993218,0.11803148852213108,2024
2024-05-26 00:00:00+00:00,BTCUSDT_240628,2024-06-28 00:00:00+00:00,69229.3,315.46,68507.67,33,721.6300000000047,0.010533565073808593,0.11650761369515565,2024
2024-05-27 00:00:00+00:00,BTCUSDT_240628,2024-06-28 00:00:00+00:00,70188.1,533.011,69436.43,32,751.6700000000128,0.010825297325913974,0.12347604762370626,2024
2024-05-28 00:00:00+00:00,BTCUSDT_240628,2024-06-28 00:00:00+00:00,69181.9,670.667,68398.39,31,783.5099999999948,0.011455094191544491,0.13487449612624963,2024
2024-05-29 00:00:00+00:00,BTCUSDT_240628,2024-06-28 00:00:00+00:00,68280.7,527.399,67652.42,30,628.2799999999988,0.009286881385765637,0.11299039019348191,2024
2024-05-30 00:00:00+00:00,BTCUSDT_240628,2024-06-28 00:00:00+00:00,68939.7,567.272,68352.17,29,587.5299999999988,0.008595630541064004,0.1081863843961504,2024
2024-05-31 00:00:00+00:00,BTCUSDT_240628,2024-06-28 00:00:00+00:00,68116.7,521.749,67540.01,28,576.6900000000023,0.008538494442035208,0.1113053739765304,2024
2024-06-01 00:00:00+00:00,BTCUSDT_240628,2024-06-28 00:00:00+00:00,68336.0,193.381,67766.85,27,569.1499999999942,0.008398649192045877,0.11353729463321278,2024
2024-06-02 00:00:00+00:00,BTCUSDT_240628,2024-06-28 00:00:00+00:00,68355.4,426.726,67765.63,26,589.7699999999895,0.008703084439707702,0.12217791617281967,2024
2024-06-03 00:00:00+00:00,BTCUSDT_240628,2024-06-28 00:00:00+00:00,69420.9,817.477,68809.9,25,611.0,0.008879536229525113,0.12964122895106664,2024
2024-06-04 00:00:00+00:00,BTCUSDT_240628,2024-06-28 00:00:00+00:00,71119.9,491.236,70537.84,24,582.0599999999977,0.008251741193095758,0.12549523064499798,2024
2024-06-05 00:00:00+00:00,BTCUSDT_240628,2024-06-28 00:00:00+00:00,71617.0,681.548,71108.0,23,509.0,0.007158125667997975,0.11359634212257656,2024
2024-06-06 00:00:00+00:00,BTCUSDT_240628,2024-06-28 00:00:00+00:00,71345.9,341.003,70799.06,22,546.8399999999965,0.007723831361602774,0.1281453839538642,2024
2024-06-07 00:00:00+00:00,BTCUSDT_240628,2024-06-28 00:00:00+00:00,69861.2,689.351,69355.6,21,505.59999999999127,0.007289966491530478,0.12670656044802972,2024
2024-06-08 00:00:00+00:00,BTCUSDT_240628,2024-06-28 00:00:00+00:00,69793.9,181.35,69310.46,20,483.4399999999878,0.006974993384836686,0.1272936292732695,2024
2024-06-09 00:00:00+00:00,BTCUSDT_240628,2024-06-28 00:00:00+00:00,70135.7,177.435,69648.14,19,487.5599999999977,0.007000330518517762,0.13448003364520963,2024
2024-06-10 00:00:00+00:00,BTCUSDT_240628,2024-06-28 00:00:00+00:00,69958.9,257.219,69540.0,18,418.8999999999942,0.006023871153292985,0.1221507206084411,2024
2024-06-11 00:00:00+00:00,BTCUSDT_240628,2024-06-28 00:00:00+00:00,67620.3,942.547,67314.24,17,306.0599999999977,0.004546734836492214,0.09762107148939166,2024
2024-06-12 00:00:00+00:00,BTCUSDT_240628,2024-06-28 00:00:00+00:00,68622.6,726.718,68263.99,16,358.6100000000006,0.005253282147732656,0.11984049899515122,2024
2024-06-13 00:00:00+00:00,BTCUSDT_240628,2024-06-28 00:00:00+00:00,67110.9,570.072,66773.01,15,337.8899999999994,0.005060278097392935,0.12313343370322809,2024
2024-06-14 00:00:00+00:00,BTCUSDT_240628,2024-06-28 00:00:00+00:00,66295.7,508.066,66043.99,14,251.70999999999185,0.0038112476244998496,0.09936467021017466,2024
2024-06-15 00:00:00+00:00,BTCUSDT_240628,2024-06-28 00:00:00+00:00,66441.6,155.396,66228.25,13,213.35000000000582,0.0032214349616667484,0.09044798161602793,2024
2024-06-16 00:00:00+00:00,BTCUSDT_240628,2024-06-28 00:00:00+00:00,66928.7,132.616,66676.87,12,251.83000000000175,0.0037768719497481176,0.11487985513817192,2024
2024-06-17 00:00:00+00:00,BTCUSDT_240628,2024-06-28 00:00:00+00:00,66669.7,1016.162,66504.33,11,165.36999999999534,0.0024866050075235003,0.08251007524964342,2024
2024-06-18 00:00:00+00:00,BTCUSDT_240628,2024-06-28 00:00:00+00:00,65333.6,831.052,65175.32,10,158.27999999999884,0.0024285266263364544,0.08864122186128058,2024
2024-06-19 00:00:00+00:00,BTCUSDT_240628,2024-06-28 00:00:00+00:00,65098.7,402.406,64974.37,9,124.32999999999447,0.0019135237479023569,0.07760401866492893,2024
2024-06-20 00:00:00+00:00,BTCUSDT_240628,2024-06-28 00:00:00+00:00,64987.0,503.818,64869.99,8,117.01000000000204,0.0018037616469495684,0.08229662514207406,2024
2024-06-21 00:00:00+00:00,BTCUSDT_240628,2024-06-28 00:00:00+00:00,64238.9,624.016,64143.56,7,95.34000000000378,0.0014863534234770223,0.07750271422415903,2024
2024-06-22 00:00:00+00:00,BTCUSDT_240628,2024-06-28 00:00:00+00:00,64350.8,177.8,64262.01,6,88.79000000000087,0.0013816872519238175,0.0840526411586989,2024
2024-06-23 00:00:00+00:00,BTCUSDT_240628,2024-06-28 00:00:00+00:00,63281.2,221.944,63210.01,5,71.18999999999505,0.001126245669000765,0.08221593383705585,2024
2024-06-24 00:00:00+00:00,BTCUSDT_240628,2024-06-28 00:00:00+00:00,60339.8,1681.025,60293.3,4,46.5,0.0007712299708259458,0.07037473483786755,2024
2024-06-25 00:00:00+00:00,BTCUSDT_240628,2024-06-28 00:00:00+00:00,61857.7,831.382,61806.01,3,51.68999999999505,0.0008363264349210547,0.10175304958206165,2024
2024-06-26 00:00:00+00:00,BTCUSDT_240628,2024-06-28 00:00:00+00:00,60893.5,494.956,60864.99,2,28.510000000002037,0.00046841377941575344,0.085485514743375,2024
2024-06-27 00:00:00+00:00,BTCUSDT_240628,2024-06-28 00:00:00+00:00,61719.6,876.821,61706.47,1,13.12999999999738,0.0002127815770371791,0.07766527561857037,2024
2024-03-29 00:00:00+00:00,BTCUSDT_240927,2024-09-27 00:00:00+00:00,77521.9,380.271,69850.54,182,7671.360000000001,0.1098253499543454,0.22025413589745094,2024
2024-03-30 00:00:00+00:00,BTCUSDT_240927,2024-09-27 00:00:00+00:00,78028.5,182.64,69582.18,181,8446.320000000007,0.12138625147990488,0.24478442977991868,2024
2024-03-31 00:00:00+00:00,BTCUSDT_240927,2024-09-27 00:00:00+00:00,81330.4,160.112,71280.01,180,10050.39,0.1409987175927725,0.28591406622978865,2024
2024-04-01 00:00:00+00:00,BTCUSDT_240927,2024-09-27 00:00:00+00:00,77353.4,386.983,69649.8,179,7703.599999999991,0.11060476842718846,0.22553486299398762,2024
2024-04-02 00:00:00+00:00,BTCUSDT_240927,2024-09-27 00:00:00+00:00,71899.2,433.787,65463.99,178,6435.209999999999,0.09830152424256448,0.20157335027267434,2024
2024-04-03 00:00:00+00:00,BTCUSDT_240927,2024-09-27 00:00:00+00:00,72164.6,336.824,65963.28,177,6201.320000000007,0.09401169862990451,0.19386593220291043,2024
2024-04-04 00:00:00+00:00,BTCUSDT_240927,2024-09-27 00:00:00+00:00,75082.0,419.616,68487.79,176,6594.210000000006,0.09628300168541001,0.19967781599531054,2024
2024-04-05 00:00:00+00:00,BTCUSDT_240927,2024-09-27 00:00:00+00:00,74317.9,360.876,67820.62,175,6497.279999999999,0.0958009525716515,0.1998134153637303,2024
2024-04-06 00:00:00+00:00,BTCUSDT_240927,2024-09-27 00:00:00+00:00,75021.9,152.223,68896.0,174,6125.899999999994,0.08891517649790981,0.18651746794101773,2024
2024-04-07 00:00:00+00:00,BTCUSDT_240927,2024-09-27 00:00:00+00:00,75635.4,196.55,69360.39,173,6275.009999999995,0.09046964701323039,0.19087526681982134,2024
2024-04-08 00:00:00+00:00,BTCUSDT_240927,2024-09-27 00:00:00+00:00,78799.4,460.042,71620.0,172,7179.399999999994,0.10024294889695608,0.21272486248481962,2024
2024-04-09 00:00:00+00:00,BTCUSDT_240927,2024-09-27 00:00:00+00:00,75919.0,375.455,69146.0,171,6773.0,0.09795215919937524,0.20907917022088865,2024
2024-04-10 00:00:00+00:00,BTCUSDT_240927,2024-09-27 00:00:00+00:00,77321.4,471.642,70631.08,170,6690.319999999992,0.09472204021232568,0.2033737922205816,2024
2024-04-11 00:00:00+00:00,BTCUSDT_240927,2024-09-27 00:00:00+00:00,76235.2,371.81,70006.23,169,6228.970000000001,0.08897736672864688,0.1921700524021072,2024
2024-04-12 00:00:00+00:00,BTCUSDT_240927,2024-09-27 00:00:00+00:00,72636.2,734.526,67116.52,168,5519.679999999993,0.08224025917911108,0.17867675357366394,2024
2024-04-13 00:00:00+00:00,BTCUSDT_240927,2024-09-27 00:00:00+00:00,68084.7,852.336,63924.51,167,4160.189999999995,0.06507973232802246,0.14224013353130655,2024
2024-04-14 00:00:00+00:00,BTCUSDT_240927,2024-09-27 00:00:00+00:00,70027.8,408.503,65661.84,166,4365.960000000006,0.06649158780807858,0.14620138283101614,2024
2024-04-15 00:00:00+00:00,BTCUSDT_240927,2024-09-27 00:00:00+00:00,67474.4,630.953,63419.99,165,4054.409999999996,0.06392952758270691,0.14141986404659407,2024
2024-04-16 00:00:00+00:00,BTCUSDT_240927,2024-09-27 00:00:00+00:00,67655.1,621.917,63793.39,164,3861.7100000000064,0.06053464159844784,0.13472648892337477,2024
2024-04-17 00:00:00+00:00,BTCUSDT_240927,2024-09-27 00:00:00+00:00,64348.7,809.728,61277.37,163,3071.3299999999945,0.05012176599615803,0.1122358563717649,2024
2024-04-18 00:00:00+00:00,BTCUSDT_240927,2024-09-27 00:00:00+00:00,66744.7,431.921,63470.08,162,3274.6199999999953,0.05159312860484807,0.11624377741215768,2024
2024-04-19 00:00:00+00:00,BTCUSDT_240927,2024-09-27 00:00:00+00:00,66538.9,698.892,63818.01,161,2720.889999999992,0.04263514327695257,0.09665731239806019,2024
2024-04-20 00:00:00+00:00,BTCUSDT_240927,2024-09-27 00:00:00+00:00,67965.8,257.004,64940.59,160,3025.2100000000064,0.04658427033077474,0.10627036669207987,2024
2024-04-21 00:00:00+00:00,BTCUSDT_240927,2024-09-27 00:00:00+00:00,68083.8,210.847,64941.15,159,3142.6500000000015,0.04839227515989479,0.11108918511548176,2024
2024-04-22 00:00:00+00:00,BTCUSDT_240927,2024-09-27 00:00:00+00:00,70475.8,442.134,66819.32,158,3656.479999999996,0.054721897798421106,0.1264145107368589,2024
2024-04-23 00:00:00+00:00,BTCUSDT_240927,2024-09-27 00:00:00+00:00,70023.6,210.051,66414.0,157,3609.600000000006,0.05434998644864043,0.12635506403664815,2024
2024-04-24 00:00:00+00:00,BTCUSDT_240927,2024-09-27 00:00:00+00:00,67826.1,351.097,64289.59,156,3536.5100000000093,0.05500906134259076,0.12870709865413865,2024
2024-04-25 00:00:00+00:00,BTCUSDT_240927,2024-09-27 00:00:00+00:00,67835.5,352.061,64498.34,155,3337.1600000000035,0.05174024633812287,0.12183993492525708,2024
2024-04-26 00:00:00+00:00,BTCUSDT_240927,2024-09-27 00:00:00+00:00,67001.4,266.758,63770.01,154,3231.389999999992,0.05067256536418909,0.12010056076577286,2024
2024-04-27 00:00:00+00:00,BTCUSDT_240927,2024-09-27 00:00:00+00:00,66531.0,225.672,63461.98,153,3069.019999999997,0.048359978683299776,0.1153685765974145,2024
2024-04-28 00:00:00+00:00,BTCUSDT_240927,2024-09-27 00:00:00+00:00,66099.1,181.652,63118.62,152,2980.480000000003,0.04722029727519396,0.11339084543056444,2024
2024-04-29 00:00:00+00:00,BTCUSDT_240927,2024-09-27 00:00:00+00:00,66623.3,319.418,63866.0,151,2757.300000000003,0.043173206400901935,0.10435907507502787,2024
2024-04-30 00:00:00+00:00,BTCUSDT_240927,2024-09-27 00:00:00+00:00,62941.2,620.192,60672.0,150,2269.199999999997,0.03740110759493666,0.09100936181434587,2024
2024-05-01 00:00:00+00:00,BTCUSDT_240927,2024-09-27 00:00:00+00:00,60082.8,1082.255,58364.97,149,1717.8300000000017,0.029432551751504398,0.07209987509596716,2024
2024-05-02 00:00:00+00:00,BTCUSDT_240927,2024-09-27 00:00:00+00:00,60970.6,553.703,59060.61,148,1909.989999999998,0.032339489890131475,0.07975617439120262,2024
2024-05-03 00:00:00+00:00,BTCUSDT_240927,2024-09-27 00:00:00+00:00,65296.8,562.488,62882.01,147,2414.790000000001,0.03840192131262981,0.09535170938169986,2024
2024-05-04 00:00:00+00:00,BTCUSDT_240927,2024-09-27 00:00:00+00:00,66483.2,405.001,63892.04,146,2591.159999999996,0.04055528669925074,0.10138821674812684,2024
2024-05-05 00:00:00+00:00,BTCUSDT_240927,2024-09-27 00:00:00+00:00,66518.2,443.274,64012.0,145,2506.199999999997,0.03915203399362615,0.098555120052921,2024
2024-05-06 00:00:00+00:00,BTCUSDT_240927,2024-09-27 00:00:00+00:00,65774.5,700.949,63165.19,144,2609.3099999999977,0.04130930343120946,0.10470760939160732,2024
2024-05-07 00:00:00+00:00,BTCUSDT_240927,2024-09-27 00:00:00+00:00,64920.9,327.22,62312.08,143,2608.8199999999997,0.04186700235331576,0.10686332768503673,2024
2024-05-08 00:00:00+00:00,BTCUSDT_240927,2024-09-27 00:00:00+00:00,63656.8,759.362,61193.03,142,2463.770000000004,0.040262265163205746,0.1034910336941556,2024
2024-05-09 00:00:00+00:00,BTCUSDT_240927,2024-09-27 00:00:00+00:00,65526.6,386.313,63074.01,141,2452.5899999999965,0.038884320181957616,0.10065799196038674,2024
2024-05-10 00:00:00+00:00,BTCUSDT_240927,2024-09-27 00:00:00+00:00,63006.1,358.562,60799.99,140,2206.1100000000006,0.036284709915248355,0.09459942227904035,2024
2024-05-11 00:00:00+00:00,BTCUSDT_240927,2024-09-27 00:00:00+00:00,63034.6,107.819,60825.99,139,2208.6100000000006,0.03631030090920017,0.0953471930349501,2024
2024-05-12 00:00:00+00:00,BTCUSDT_240927,2024-09-27 00:00:00+00:00,63708.0,100.129,61483.99,138,2224.010000000002,0.036172180757950194,0.09567279693225958,2024
2024-05-13 00:00:00+00:00,BTCUSDT_240927,2024-09-27 00:00:00+00:00,65218.9,312.676,62940.08,137,2278.8199999999997,0.03620618213386446,0.09646172612306955,2024
2024-05-14 00:00:00+00:00,BTCUSDT_240927,2024-09-27 00:00:00+00:00,63782.8,363.825,61577.49,136,2205.310000000005,0.035813574083646556,0.09611731279802199,2024
2024-05-15 00:00:00+00:00,BTCUSDT_240927,2024-09-27 00:00:00+00:00,68666.0,480.39,66206.5,135,2459.5,0.037148920423221286,0.10043967373685755,2024
2024-05-16 00:00:00+00:00,BTCUSDT_240927,2024-09-27 00:00:00+00:00,67694.9,300.533,65235.21,134,2459.689999999995,0.03770494492161511,0.10270376788350384,2024
2024-05-17 00:00:00+00:00,BTCUSDT_240927,2024-09-27 00:00:00+00:00,69557.2,265.275,67024.0,133,2533.199999999997,0.037795416567199765,0.10372426351148807,2024
2024-05-18 00:00:00+00:00,BTCUSDT_240927,2024-09-27 00:00:00+00:00,69606.2,143.7,66915.2,132,2691.0,0.04021507818851323,0.111200784384904,2024
2024-05-19 00:00:00+00:00,BTCUSDT_240927,2024-09-27 00:00:00+00:00,68970.0,173.512,66274.01,131,2695.9900000000052,0.04067944583404574,0.11334349411776103,2024
2024-05-20 00:00:00+00:00,BTCUSDT_240927,2024-09-27 00:00:00+00:00,74781.1,565.862,71446.62,130,3334.4800000000105,0.04667092719011775,0.13103760326456138,2024
2024-05-21 00:00:00+00:00,BTCUSDT_240927,2024-09-27 00:00:00+00:00,73572.2,532.552,70148.34,129,3423.8600000000006,0.04880885278254626,0.13810256795061537,2024
2024-05-22 00:00:00+00:00,BTCUSDT_240927,2024-09-27 00:00:00+00:00,72667.4,284.747,69166.62,128,3500.779999999999,0.050613720896004445,0.14432818849251267,2024
2024-05-23 00:00:00+00:00,BTCUSDT_240927,2024-09-27 00:00:00+00:00,71427.9,463.324,67969.65,127,3458.25,0.050879326287541576,0.14622798499962736,2024
2024-05-24 00:00:00+00:00,BTCUSDT_240927,2024-09-27 00:00:00+00:00,71961.7,216.952,68549.99,126,3411.709999999992,0.04976966444488164,0.1441740279554111,2024
2024-05-25 00:00:00+00:00,BTCUSDT_240927,2024-09-27 00:00:00+00:00,72592.6,170.763,69290.57,125,3302.029999999999,0.0476548251803961,0.13915208952675662,2024
2024-05-26 00:00:00+00:00,BTCUSDT_240927,2024-09-27 00:00:00+00:00,71705.8,102.359,68507.67,124,3198.1300000000047,0.04668280208624822,0.13741308678613387,2024
2024-05-27 00:00:00+00:00,BTCUSDT_240927,2024-09-27 00:00:00+00:00,72747.7,248.855,69436.43,123,3311.270000000004,0.047687791552647574,0.14151255216842573,2024
2024-05-28 00:00:00+00:00,BTCUSDT_240927,2024-09-27 00:00:00+00:00,71688.7,229.38,68398.39,122,3290.3099999999977,0.04810507966634884,0.14392093506735515,2024
2024-05-29 00:00:00+00:00,BTCUSDT_240927,2024-09-27 00:00:00+00:00,70883.2,178.216,67652.42,121,3230.779999999999,0.047755571788858385,0.14405606366060586,2024
2024-05-30 00:00:00+00:00,BTCUSDT_240927,2024-09-27 00:00:00+00:00,71589.9,201.481,68352.17,120,3237.729999999996,0.04736835714213603,0.14407875297399708,2024
2024-05-31 00:00:00+00:00,BTCUSDT_240927,2024-09-27 00:00:00+00:00,70684.9,263.787,67540.01,119,3144.8899999999994,0.046563362960710244,0.14282039899713647,2024
2024-06-01 00:00:00+00:00,BTCUSDT_240927,2024-09-27 00:00:00+00:00,70897.4,81.521,67766.85,118,3130.5499999999884,0.046195890763699184,0.14289406888771358,2024
2024-06-02 00:00:00+00:00,BTCUSDT_240927,2024-09-27 00:00:00+00:00,70935.2,124.341,67765.63,117,3169.5699999999924,0.04677253055863263,0.1459143047341958,2024
2024-06-03 00:00:00+00:00,BTCUSDT_240927,2024-09-27 00:00:00+00:00,72032.7,268.357,68809.9,116,3222.800000000003,0.04683628373242808,0.14737278933048492,2024
2024-06-04 00:00:00+00:00,BTCUSDT_240927,2024-09-27 00:00:00+00:00,73611.9,229.161,70537.84,115,3074.0599999999977,0.04358029675986673,0.1383200723247944,2024
2024-06-05 00:00:00+00:00,BTCUSDT_240927,2024-09-27 00:00:00+00:00,74276.8,286.368,71108.0,114,3168.800000000003,0.04456319963998429,0.1426804198999497,2024
2024-06-06 00:00:00+00:00,BTCUSDT_240927,2024-09-27 00:00:00+00:00,73963.3,145.415,70799.06,113,3164.2400000000052,0.04469324875217277,0.14436314862427488,2024
2024-06-07 00:00:00+00:00,BTCUSDT_240927,2024-09-27 00:00:00+00:00,72460.0,398.526,69355.6,112,3104.399999999994,0.04476062495313996,0.1458716795347865,2024
2024-06-08 00:00:00+00:00,BTCUSDT_240927,2024-09-27 00:00:00+00:00,72360.0,145.873,69310.46,111,3049.5399999999936,0.04399826519691246,0.14467898015200945,2024
2024-06-09 00:00:00+00:00,BTCUSDT_240927,2024-09-27 00:00:00+00:00,72724.2,94.623,69648.14,110,3076.0599999999977,0.044165716413963066,0.14654987719178655,2024
2024-06-10 00:00:00+00:00,BTCUSDT_240927,2024-09-27 00:00:00+00:00,72544.1,183.803,69540.0,109,3004.100000000006,0.04319959735404092,0.14465920214885264,2024
2024-06-11 00:00:00+00:00,BTCUSDT_240927,2024-09-27 00:00:00+00:00,69775.2,832.92,67314.24,108,2460.959999999992,0.036559277799169856,0.12355681848793516,2024
2024-06-12 00:00:00+00:00,BTCUSDT_240927,2024-09-27 00:00:00+00:00,70745.0,664.458,68263.99,107,2481.0099999999948,0.03634434494672806,0.12397837294911908,2024
2024-06-13 00:00:00+00:00,BTCUSDT_240927,2024-09-27 00:00:00+00:00,69222.5,435.981,66773.01,106,2449.4900000000052,0.03668383378254186,0.1263169748172432,2024
2024-06-14 00:00:00+00:00,BTCUSDT_240927,2024-09-27 00:00:00+00:00,68353.9,326.897,66043.99,105,2309.909999999989,0.03497532477974133,0.12158089090100557,2024
2024-06-15 00:00:00+00:00,BTCUSDT_240927,2024-09-27 00:00:00+00:00,68534.2,117.489,66228.25,104,2305.949999999997,0.03481822334124784,0.1221985723034179,2024
2024-06-16 00:00:00+00:00,BTCUSDT_240927,2024-09-27 00:00:00+00:00,69074.3,115.078,66676.87,103,2397.4300000000076,0.03595594694232059,0.12741670518395162,2024
2024-06-17 00:00:00+00:00,BTCUSDT_240927,2024-09-27 00:00:00+00:00,68957.6,839.112,66504.33,102,2453.270000000004,0.036888876258132426,0.13200431210017977,2024
2024-06-18 00:00:00+00:00,BTCUSDT_240927,2024-09-27 00:00:00+00:00,67299.3,650.6,65175.32,101,2123.980000000003,0.03258871609682934,0.11777110272616544,2024
2024-06-19 00:00:00+00:00,BTCUSDT_240927,2024-09-27 00:00:00+00:00,67121.5,248.974,64974.37,100,2147.1299999999974,0.033045799443688295,0.12061716796946227,2024
2024-06-20 00:00:00+00:00,BTCUSDT_240927,2024-09-27 00:00:00+00:00,66883.1,345.682,64869.99,99,2013.1100000000079,0.031032993838907758,0.11441457324445789,2024
2024-06-21 00:00:00+00:00,BTCUSDT_240927,2024-09-27 00:00:00+00:00,66166.0,371.454,64143.56,98,2022.4400000000023,0.031529899494197114,0.11743278893246885,2024
2024-06-22 00:00:00+00:00,BTCUSDT_240927,2024-09-27 00:00:00+00:00,66219.3,145.237,64262.01,97,1957.2900000000009,0.030457964199999358,0.11460986528865738,2024
2024-06-23 00:00:00+00:00,BTCUSDT_240927,2024-09-27 00:00:00+00:00,65133.4,123.752,63210.01,96,1923.3899999999994,0.030428566614686493,0.11569194598292261,2024
2024-06-24 00:00:00+00:00,BTCUSDT_240927,2024-09-27 00:00:00+00:00,62082.2,716.985,60293.3,95,1788.8999999999942,0.029669963329258708,0.11399512226504661,2024
2024-06-25 00:00:00+00:00,BTCUSDT_240927,2024-09-27 00:00:00+00:00,63675.7,463.305,61806.01,94,1869.689999999995,0.03025094161554831,0.11746376265611844,2024
2024-06-26 00:00:00+00:00,BTCUSDT_240927,2024-09-27 00:00:00+00:00,62645.0,317.2,60864.99,93,1780.010000000002,0.029245219624615106,0.11477962540843563,2024
2024-06-27 00:00:00+00:00,BTCUSDT_240927,2024-09-27 00:00:00+00:00,63459.9,477.171,61706.47,92,1753.4300000000003,0.028415658844202243,0.11273603780580238,2024
2024-06-28 00:00:00+00:00,BTCUSDT_240927,2024-09-27 00:00:00+00:00,62138.3,668.815,60427.84,91,1710.4600000000064,0.02830582724783819,0.1135343620380323,2024
2024-06-29 00:00:00+00:00,BTCUSDT_240927,2024-09-27 00:00:00+00:00,62705.2,213.397,60986.68,90,1718.5199999999968,0.02817861211661295,0.11427992691737474,2024
2024-06-30 00:00:00+00:00,BTCUSDT_240927,2024-09-27 00:00:00+00:00,64620.3,323.157,62772.01,89,1848.2900000000009,0.029444492855971966,0.12075550440932321,2024
2024-07-01 00:00:00+00:00,BTCUSDT_240927,2024-09-27 00:00:00+00:00,64704.8,453.33,62899.99,88,1804.810000000005,0.028693327296236533,0.11901209617189015,2024
2024-07-02 00:00:00+00:00,BTCUSDT_240927,2024-09-27 00:00:00+00:00,63695.1,322.257,62135.47,87,1559.6299999999974,0.025100478036136162,0.10530660325505402,2024
2024-07-03 00:00:00+00:00,BTCUSDT_240927,2024-09-27 00:00:00+00:00,61569.3,828.538,60208.58,86,1360.7200000000012,0.02260010118159241,0.09591903408466547,2024
2024-07-04 00:00:00+00:00,BTCUSDT_240927,2024-09-27 00:00:00+00:00,58274.3,953.429,57050.01,85,1224.2900000000009,0.02145994365294591,0.09215152274500303,2024
2024-07-05 00:00:00+00:00,BTCUSDT_240927,2024-09-27 00:00:00+00:00,57892.8,1355.309,56628.79,84,1264.010000000002,0.022320978428110542,0.09698996578881365,2024
2024-07-06 00:00:00+00:00,BTCUSDT_240927,2024-09-27 00:00:00+00:00,59539.0,323.569,58230.13,83,1308.8700000000026,0.02247753869002186,0.0988470074922648,2024
2024-07-07 00:00:00+00:00,BTCUSDT_240927,2024-09-27 00:00:00+00:00,57033.2,399.867,55857.81,82,1175.3899999999994,0.021042536397327418,0.09366494859785984,2024
2024-07-08 00:00:00+00:00,BTCUSDT_240927,2024-09-27 00:00:00+00:00,57945.4,725.512,56714.62,81,1230.7799999999988,0.021701282667502642,0.09778973053874647,2024
2024-07-09 00:00:00+00:00,BTCUSDT_240927,2024-09-27 00:00:00+00:00,59269.1,477.992,58050.0,80,1219.0999999999985,0.0210008613264427,0.09581642980189481,2024
2024-07-10 00:00:00+00:00,BTCUSDT_240927,2024-09-27 00:00:00+00:00,58962.0,601.743,57725.85,79,1236.1500000000015,0.021414149813298575,0.09893879344118961,2024
2024-07-11 00:00:00+00:00,BTCUSDT_240927,2024-09-27 00:00:00+00:00,58438.5,594.244,57339.89,78,1098.6100000000006,0.019159611223530437,0.08965715508446936,2024
2024-07-12 00:00:00+00:00,BTCUSDT_240927,2024-09-27 00:00:00+00:00,59079.8,369.967,57889.1,77,1190.7000000000044,0.020568639001124638,0.09750069136896745,2024
2024-07-13 00:00:00+00:00,BTCUSDT_240927,2024-09-27 00:00:00+00:00,60466.9,288.622,59204.02,76,1262.8800000000047,0.021330983943320145,0.10244485709620858,2024
2024-07-14 00:00:00+00:00,BTCUSDT_240927,2024-09-27 00:00:00+00:00,62204.1,704.894,60797.91,75,1406.189999999995,0.023128920056626864,0.11256074427558406,2024
2024-07-15 00:00:00+00:00,BTCUSDT_240927,2024-09-27 00:00:00+00:00,66204.1,709.233,64724.14,74,1479.9600000000064,0.022865657233916224,0.11278330932945164,2024
2024-07-16 00:00:00+00:00,BTCUSDT_240927,2024-09-27 00:00:00+00:00,66523.5,761.87,65043.99,73,1479.510000000002,0.022746298312880286,0.11373149156440143,2024
2024-07-17 00:00:00+00:00,BTCUSDT_240927,2024-09-27 00:00:00+00:00,65512.7,587.326,64087.99,72,1424.7099999999991,0.022230530244434242,0.11269643804470136,2024
2024-07-18 00:00:00+00:00,BTCUSDT_240927,2024-09-27 00:00:00+00:00,65389.4,402.842,63987.92,71,1401.4800000000032,0.021902259051396002,0.11259612047548649,2024
2024-07-19 00:00:00+00:00,BTCUSDT_240927,2024-09-27 00:00:00+00:00,68145.7,568.178,66660.0,70,1485.699999999997,0.022287728772877245,0.11621458574428849,2024
2024-07-20 00:00:00+00:00,BTCUSDT_240927,2024-09-27 00:00:00+00:00,68671.4,271.153,67139.96,69,1531.4399999999878,0.02280966506384555,0.120659822439183,2024
2024-07-21 00:00:00+00:00,BTCUSDT_240927,2024-09-27 00:00:00+00:00,69797.4,474.867,68165.34,68,1632.0599999999977,0.0239426664636309,0.12851578322390114,2024
2024-07-22 00:00:00+00:00,BTCUSDT_240927,2024-09-27 00:00:00+00:00,69003.8,354.743,67532.01,67,1471.7900000000081,0.021793961115625142,0.11872829562989816,2024
2024-07-23 00:00:00+00:00,BTCUSDT_240927,2024-09-27 00:00:00+00:00,67266.4,530.617,65936.01,66,1330.3899999999994,0.02017698674821239,0.11158485095602307,2024
2024-07-24 00:00:00+00:00,BTCUSDT_240927,2024-09-27 00:00:00+00:00,66647.8,416.627,65376.0,65,1271.800000000003,0.019453622124327014,0.10923957039045169,2024
2024-07-25 00:00:00+00:00,BTCUSDT_240927,2024-09-27 00:00:00+00:00,66997.7,450.821,65799.95,64,1197.75,0.018202901369985845,0.10381342187570052,2024
2024-07-26 00:00:00+00:00,BTCUSDT_240927,2024-09-27 00:00:00+00:00,69178.3,332.177,67907.99,63,1270.3099999999977,0.01870634074134719,0.10837800588240833,2024
2024-07-27 00:00:00+00:00,BTCUSDT_240927,2024-09-27 00:00:00+00:00,69191.9,438.351,67896.5,62,1295.3999999999942,0.019079039420294038,0.11232015142592457,2024
2024-07-28 00:00:00+00:00,BTCUSDT_240927,2024-09-27 00:00:00+00:00,69506.9,163.17,68249.88,61,1257.0199999999895,0.018417907841009967,0.11020551413063341,2024
2024-07-29 00:00:00+00:00,BTCUSDT_240927,2024-09-27 00:00:00+00:00,67945.4,622.166,66784.69,60,1160.7099999999919,0.017379881526739013,0.10572761262099566,2024
2024-07-30 00:00:00+00:00,BTCUSDT_240927,2024-09-27 00:00:00+00:00,67385.5,425.727,66188.0,59,1197.5,0.018092403456819967,0.11192758070744557,2024
2024-07-31 00:00:00+00:00,BTCUSDT_240927,2024-09-27 00:00:00+00:00,65704.1,391.695,64628.0,58,1076.1000000000058,0.016650677724825244,0.10478443740622782,2024
2024-08-01 00:00:00+00:00,BTCUSDT_240927,2024-09-27 00:00:00+00:00,66268.5,1022.752,65354.02,57,914.4800000000032,0.013992712307521454,0.08960245600430404,2024
2024-08-02 00:00:00+00:00,BTCUSDT_240927,2024-09-27 00:00:00+00:00,62222.4,665.523,61498.33,56,724.0699999999997,0.011773815646701295,0.07674004841153523,2024
2024-08-03 00:00:00+00:00,BTCUSDT_240927,2024-09-27 00:00:00+00:00,61427.5,483.86,60697.99,55,729.510000000002,0.012018684638486415,0.07976036169177349,2024
2024-08-04 00:00:00+00:00,BTCUSDT_240927,2024-09-27 00:00:00+00:00,58828.6,574.751,58161.0,54,667.5999999999985,0.011478482144392265,0.0775860367167255,2024
2024-08-05 00:00:00+00:00,BTCUSDT_240927,2024-09-27 00:00:00+00:00,54578.1,4063.824,54018.81,53,559.2900000000009,0.010353615712748964,0.07130320255006362,2024
2024-08-06 00:00:00+00:00,BTCUSDT_240927,2024-09-27 00:00:00+00:00,56615.0,808.758,56022.01,52,592.989999999998,0.010584946880699175,0.07429818483567689,2024
2024-08-07 00:00:00+00:00,BTCUSDT_240927,2024-09-27 00:00:00+00:00,55577.9,667.901,55134.16,51,443.73999999999796,0.008048367835838942,0.05760106392316106,2024
2024-08-08 00:00:00+00:00,BTCUSDT_240927,2024-09-27 00:00:00+00:00,62323.5,884.122,61685.99,50,637.510000000002,0.010334761588490386,0.07544375959597982,2024
2024-08-09 00:00:00+00:00,BTCUSDT_240927,2024-09-27 00:00:00+00:00,61477.3,435.475,60837.99,49,639.310000000005,0.010508401082941841,0.07827686520966882,2024
2024-08-10 00:00:00+00:00,BTCUSDT_240927,2024-09-27 00:00:00+00:00,61600.5,172.836,60923.51,48,676.989999999998,0.01111213060442509,0.08449849313781578,2024
2024-08-11 00:00:00+00:00,BTCUSDT_240927,2024-09-27 00:00:00+00:00,59319.8,342.881,58712.59,47,607.2100000000064,0.010342074842891558,0.08031611314160465,2024
2024-08-12 00:00:00+00:00,BTCUSDT_240927,2024-09-27 00:00:00+00:00,59925.0,538.578,59346.64,46,578.3600000000006,0.009745454839566327,0.07732806557481976,2024
2024-08-13 00:00:00+00:00,BTCUSDT_240927,2024-09-27 00:00:00+00:00,61184.4,470.993,60587.15,45,597.25,0.009857700849107443,0.0799569068872048,2024
2024-08-14 00:00:00+00:00,BTCUSDT_240927,2024-09-27 00:00:00+00:00,59197.5,515.724,58683.39,44,514.1100000000006,0.008760741327315968,0.07267433146523473,2024
2024-08-15 00:00:00+00:00,BTCUSDT_240927,2024-09-27 00:00:00+00:00,58013.8,659.901,57541.06,43,472.74000000000524,0.00821569849425793,0.06973790582335221,2024
2024-08-16 00:00:00+00:00,BTCUSDT_240927,2024-09-27 00:00:00+00:00,59357.0,518.31,58874.6,42,482.40000000000146,0.008193686241605063,0.07120703519490114,2024
2024-08-17 00:00:00+00:00,BTCUSDT_240927,2024-09-27 00:00:00+00:00,59948.7,174.66,59491.99,41,456.7099999999991,0.007676831788615562,0.06834252689865074,2024
2024-08-18 00:00:00+00:00,BTCUSDT_240927,2024-09-27 00:00:00+00:00,58849.3,301.468,58427.35,40,421.95000000000437,0.007221789110750434,0.06589882563559771,2024
2024-08-19 00:00:00+00:00,BTCUSDT_240927,2024-09-27 00:00:00+00:00,59838.1,309.523,59438.5,39,399.59999999999854,0.006722915282182399,0.06291959174350195,2024
2024-08-20 00:00:00+00:00,BTCUSDT_240927,2024-09-27 00:00:00+00:00,59392.6,628.153,59013.8,38,378.79999999999563,0.006418837627809014,0.06165462458290237,2024
2024-08-21 00:00:00+00:00,BTCUSDT_240927,2024-09-27 00:00:00+00:00,61560.1,510.545,61156.03,37,404.0699999999997,0.006607198014652026,0.06517911554994567,2024
2024-08-22 00:00:00+00:00,BTCUSDT_240927,2024-09-27 00:00:00+00:00,60736.6,496.796,60375.84,36,360.76000000000204,0.005975237777230131,0.06058227190802772,2024
2024-08-23 00:00:00+00:00,BTCUSDT_240927,2024-09-27 00:00:00+00:00,64402.4,823.958,64037.24,35,365.1600000000035,0.005702306970131809,0.0594669155456603,2024
2024-08-24 00:00:00+00:00,BTCUSDT_240927,2024-09-27 00:00:00+00:00,64519.5,359.257,64157.01,34,362.48999999999796,0.005650045100293763,0.06065489592962422,2024
2024-08-25 00:00:00+00:00,BTCUSDT_240927,2024-09-27 00:00:00+00:00,64534.4,213.814,64220.0,33,314.40000000000146,0.004895671130488967,0.05414908977662039,2024
2024-08-26 00:00:00+00:00,BTCUSDT_240927,2024-09-27 00:00:00+00:00,63161.0,385.469,62834.0,32,327.0,0.005204188814972786,0.059360278670783334,2024
2024-08-27 00:00:00+00:00,BTCUSDT_240927,2024-09-27 00:00:00+00:00,59702.0,600.574,59415.0,31,287.0,0.004830430026087689,0.05687441804909697,2024
2024-08-28 00:00:00+00:00,BTCUSDT_240927,2024-09-27 00:00:00+00:00,59270.3,448.786,59034.9,30,235.40000000000146,0.003987471817518137,0.04851424044647066,2024
2024-08-29 00:00:00+00:00,BTCUSDT_240927,2024-09-27 00:00:00+00:00,59621.8,367.899,59359.01,29,262.7900000000009,0.004427129091270236,0.05572076270047022,2024
2024-08-30 00:00:00+00:00,BTCUSDT_240927,2024-09-27 00:00:00+00:00,59360.8,418.756,59123.99,28,236.81000000000495,0.00400531154950816,0.05221209698465994,2024
2024-08-31 00:00:00+00:00,BTCUSDT_240927,2024-09-27 00:00:00+00:00,59207.0,150.665,58973.99,27,233.01000000000204,0.0039510638503516896,0.053412529828828395,2024
2024-09-01 00:00:00+00:00,BTCUSDT_240927,2024-09-27 00:00:00+00:00,57523.8,304.471,57301.86,26,221.94000000000233,0.0038731727032944884,0.05437338602701878,2024
2024-09-02 00:00:00+00:00,BTCUSDT_240927,2024-09-27 00:00:00+00:00,59377.9,355.02,59132.13,25,245.77000000000407,0.004156285254733832,0.06068176471911395,2024
2024-09-03 00:00:00+00:00,BTCUSDT_240927,2024-09-27 00:00:00+00:00,57685.1,476.373,57487.73,24,197.36999999999534,0.0034332543657576205,0.05221407681256381,2024
2024-09-04 00:00:00+00:00,BTCUSDT_240927,2024-09-27 00:00:00+00:00,58168.4,601.773,57970.9,23,197.5,0.003406881728591414,0.05406573177982026,2024
2024-09-05 00:00:00+00:00,BTCUSDT_240927,2024-09-27 00:00:00+00:00,56357.4,486.137,56180.0,22,177.40000000000146,0.003157707369170549,0.05238923589760229,2024
2024-09-06 00:00:00+00:00,BTCUSDT_240927,2024-09-27 00:00:00+00:00,54146.2,992.987,53962.97,21,183.22999999999593,0.003395476564762761,0.059016616482781316,2024
2024-09-07 00:00:00+00:00,BTCUSDT_240927,2024-09-27 00:00:00+00:00,54335.8,243.197,54160.86,20,174.94000000000233,0.0032300077952972374,0.05894764226417458,2024
2024-09-08 00:00:00+00:00,BTCUSDT_240927,2024-09-27 00:00:00+00:00,55047.3,334.745,54869.95,19,177.35000000000582,0.0032321881102498878,0.06209203474953731,2024
2024-09-09 00:00:00+00:00,BTCUSDT_240927,2024-09-27 00:00:00+00:00,57264.0,608.546,57042.0,18,222.0,0.00389186914904807,0.07891845774458586,2024
2024-09-10 00:00:00+00:00,BTCUSDT_240927,2024-09-27 00:00:00+00:00,57836.6,410.909,57635.99,17,200.61000000000058,0.00348063770571132,0.07473133897556657,2024
2024-09-11 00:00:00+00:00,BTCUSDT_240927,2024-09-27 00:00:00+00:00,57500.2,579.787,57338.0,16,162.1999999999971,0.0028288395130628393,0.06453290139174601,2024
2024-09-12 00:00:00+00:00,BTCUSDT_240927,2024-09-27 00:00:00+00:00,58270.2,477.355,58132.32,15,137.87999999999738,0.0023718303346571645,0.057714538143324334,2024
2024-09-13 00:00:00+00:00,BTCUSDT_240927,2024-09-27 00:00:00+00:00,60637.1,619.583,60498.0,14,139.09999999999854,0.0022992495619689668,0.05994472072276235,2024
2024-09-14 00:00:00+00:00,BTCUSDT_240927,2024-09-27 00:00:00+00:00,60134.1,290.275,59993.03,13,141.0699999999997,0.002351439825593068,0.06602119510318999,2024
2024-09-15 00:00:00+00:00,BTCUSDT_240927,2024-09-27 00:00:00+00:00,59263.8,302.221,59132.0,12,131.8000000000029,0.002228911587634494,0.0677960607905492,2024
2024-09-16 00:00:00+00:00,BTCUSDT_240927,2024-09-27 00:00:00+00:00,58318.0,462.816,58213.99,11,104.01000000000204,0.0017866839225416783,0.05928542106615568,2024
2024-09-17 00:00:00+00:00,BTCUSDT_240927,2024-09-27 00:00:00+00:00,60410.0,664.739,60313.99,10,96.01000000000204,0.001591836321888206,0.058102025748919525,2024
2024-09-18 00:00:00+00:00,BTCUSDT_240927,2024-09-27 00:00:00+00:00,61861.4,698.887,61759.99,9,101.41000000000349,0.0016420015612049726,0.06659228553775723,2024
2024-09-19 00:00:00+00:00,BTCUSDT_240927,2024-09-27 00:00:00+00:00,63060.7,625.755,62947.99,8,112.70999999999913,0.0017905257975671524,0.08169273951400133,2024
2024-09-20 00:00:00+00:00,BTCUSDT_240927,2024-09-27 00:00:00+00:00,63307.5,542.818,63201.05,7,106.44999999999709,0.0016843074600817087,0.0878246032756891,2024
2024-09-21 00:00:00+00:00,BTCUSDT_240927,2024-09-27 00:00:00+00:00,63429.2,146.109,63348.96,6,80.23999999999796,0.001266634842939773,0.07705361961216953,2024
2024-09-22 00:00:00+00:00,BTCUSDT_240927,2024-09-27 00:00:00+00:00,63656.7,285.922,63578.76,5,77.93999999999505,0.0012258810961395764,0.08948932001818907,2024
2024-09-23 00:00:00+00:00,BTCUSDT_240927,2024-09-27 00:00:00+00:00,63377.3,473.809,63339.99,4,37.31000000000495,0.0005890433516014914,0.05375020583363609,2024
2024-09-24 00:00:00+00:00,BTCUSDT_240927,2024-09-27 00:00:00+00:00,64316.2,556.502,64262.7,3,53.5,0.000832520264476905,0.10128996551135679,2024
2024-09-25 00:00:00+00:00,BTCUSDT_240927,2024-09-27 00:00:00+00:00,63164.9,793.492,63152.01,2,12.889999999999418,0.00020411068467970247,0.0372501999540457,2024
2024-09-26 00:00:00+00:00,BTCUSDT_240927,2024-09-27 00:00:00+00:00,65190.7,688.364,65173.99,1,16.709999999999127,0.0002563906245420777,0.09358257795785838,2024
2024-06-28 00:00:00+00:00,BTCUSDT_241227,2024-12-27 00:00:00+00:00,63949.3,157.547,60427.84,182,3521.4600000000064,0.05827545714028512,0.11687110910002235,2024
2024-06-29 00:00:00+00:00,BTCUSDT_241227,2024-12-27 00:00:00+00:00,64457.5,73.795,60986.68,181,3470.8199999999997,0.05691111567312731,0.1147655095065827,2024
2024-06-30 00:00:00+00:00,BTCUSDT_241227,2024-12-27 00:00:00+00:00,66514.6,119.235,62772.01,180,3742.590000000004,0.05962195570924053,0.12090007685484885,2024
2024-07-01 00:00:00+00:00,BTCUSDT_241227,2024-12-27 00:00:00+00:00,66587.0,239.83,62899.99,179,3687.010000000002,0.05861702044785702,0.11952632661155202,2024
2024-07-02 00:00:00+00:00,BTCUSDT_241227,2024-12-27 00:00:00+00:00,65594.1,222.782,62135.47,178,3458.6300000000047,0.05566273176979276,0.11413987132569862,2024
2024-07-03 00:00:00+00:00,BTCUSDT_241227,2024-12-27 00:00:00+00:00,63175.3,402.962,60208.58,177,2966.720000000001,0.04927404034441605,0.10161030918481276,2024
2024-07-04 00:00:00+00:00,BTCUSDT_241227,2024-12-27 00:00:00+00:00,59757.3,446.162,57050.01,176,2707.290000000001,0.047454680551326824,0.09841453637064937,2024
2024-07-05 00:00:00+00:00,BTCUSDT_241227,2024-12-27 00:00:00+00:00,59450.1,646.88,56628.79,175,2821.3099999999977,0.049821124555195294,0.10391263121512162,2024
2024-07-06 00:00:00+00:00,BTCUSDT_241227,2024-12-27 00:00:00+00:00,61146.5,249.099,58230.13,174,2916.3700000000026,0.05008352205293038,0.1050602617776988,2024
2024-07-07 00:00:00+00:00,BTCUSDT_241227,2024-12-27 00:00:00+00:00,58599.6,246.354,55857.81,173,2741.790000000001,0.04908516821551008,0.10356119305584496,2024
2024-07-08 00:00:00+00:00,BTCUSDT_241227,2024-12-27 00:00:00+00:00,59512.8,407.55,56714.62,172,2798.1800000000003,0.04933789559023758,0.10469960401416697,2024
2024-07-09 00:00:00+00:00,BTCUSDT_241227,2024-12-27 00:00:00+00:00,60899.6,317.167,58050.0,171,2849.5999999999985,0.04908871662360032,0.10478000916733402,2024
2024-07-10 00:00:00+00:00,BTCUSDT_241227,2024-12-27 00:00:00+00:00,60585.0,252.42,57725.85,170,2859.1500000000015,0.04952980337231936,0.10634340135821509,2024
2024-07-11 00:00:00+00:00,BTCUSDT_241227,2024-12-27 00:00:00+00:00,60106.9,202.031,57339.89,169,2767.010000000002,0.048256283714531056,0.10422215121777419,2024
2024-07-12 00:00:00+00:00,BTCUSDT_241227,2024-12-27 00:00:00+00:00,60713.3,172.629,57889.1,168,2824.2000000000044,0.04878638638361979,0.10599423232155489,2024
2024-07-13 00:00:00+00:00,BTCUSDT_241227,2024-12-27 00:00:00+00:00,62153.1,160.632,59204.02,167,2949.0800000000017,0.04981215802575571,0.10887088430778942,2024
2024-07-14 00:00:00+00:00,BTCUSDT_241227,2024-12-27 00:00:00+00:00,64106.8,406.383,60797.91,166,3308.8899999999994,0.05442440373361517,0.11966811664318998,2024
2024-07-15 00:00:00+00:00,BTCUSDT_241227,2024-12-27 00:00:00+00:00,68155.8,439.215,64724.14,165,3431.6600000000035,0.0530197851991545,0.11728619150115994,2024
2024-07-16 00:00:00+00:00,BTCUSDT_241227,2024-12-27 00:00:00+00:00,68439.0,471.761,65043.99,164,3395.010000000002,0.052195598701740197,0.11616703369594616,2024
2024-07-17 00:00:00+00:00,BTCUSDT_241227,2024-12-27 00:00:00+00:00,67478.7,368.764,64087.99,163,3390.709999999999,0.05290710474770701,0.11847296461909852,2024
2024-07-18 00:00:00+00:00,BTCUSDT_241227,2024-12-27 00:00:00+00:00,67393.1,238.933,63987.92,162,3405.1800000000076,0.05321598201660575,0.11990020639543887,2024
2024-07-19 00:00:00+00:00,BTCUSDT_241227,2024-12-27 00:00:00+00:00,70234.9,369.337,66660.0,161,3574.899999999994,0.05362886288628854,0.12158096244407031,2024
2024-07-20 00:00:00+00:00,BTCUSDT_241227,2024-12-27 00:00:00+00:00,70815.2,174.36,67139.96,160,3675.2399999999907,0.054739978993135985,0.12487557707809147,2024
2024-07-21 00:00:00+00:00,BTCUSDT_241227,2024-12-27 00:00:00+00:00,71986.1,213.73,68165.34,159,3820.7600000000093,0.05605135982597621,0.12867136060680076,2024
2024-07-22 00:00:00+00:00,BTCUSDT_241227,2024-12-27 00:00:00+00:00,71139.0,248.264,67532.01,158,3606.9900000000052,0.05341155994024176,0.1233874644189129,2024
2024-07-23 00:00:00+00:00,BTCUSDT_241227,2024-12-27 00:00:00+00:00,69286.5,253.749,65936.01,157,3350.4900000000052,0.05081426674134522,0.11813507872987902,2024
2024-07-24 00:00:00+00:00,BTCUSDT_241227,2024-12-27 00:00:00+00:00,68664.2,249.59,65376.0,156,3288.199999999997,0.050296744982868284,0.11768148665863414,2024
2024-07-25 00:00:00+00:00,BTCUSDT_241227,2024-12-27 00:00:00+00:00,69004.9,401.372,65799.95,155,3204.949999999997,0.04870748382027642,0.1146982683509735,2024
2024-07-26 00:00:00+00:00,BTCUSDT_241227,2024-12-27 00:00:00+00:00,71189.9,250.076,67907.99,154,3281.909999999989,0.04832877545042916,0.11454547428186132,2024
2024-07-27 00:00:00+00:00,BTCUSDT_241227,2024-12-27 00:00:00+00:00,71167.9,311.734,67896.5,153,3271.399999999994,0.04818215961058367,0.11494436769845123,2024
2024-07-28 00:00:00+00:00,BTCUSDT_241227,2024-12-27 00:00:00+00:00,71514.4,120.978,68249.88,152,3264.5199999999895,0.047831878971801696,0.1148594462151817,2024
2024-07-29 00:00:00+00:00,BTCUSDT_241227,2024-12-27 00:00:00+00:00,70124.9,449.816,66784.69,151,3340.209999999992,0.05001460664113275,0.12089623459611559,2024
2024-07-30 00:00:00+00:00,BTCUSDT_241227,2024-12-27 00:00:00+00:00,69416.9,196.901,66188.0,150,3228.899999999994,0.04878376745029302,0.11870716746237966,2024
2024-07-31 00:00:00+00:00,BTCUSDT_241227,2024-12-27 00:00:00+00:00,67547.2,334.095,64628.0,149,2919.199999999997,0.04516927647459301,0.11064956988742584,2024
2024-08-01 00:00:00+00:00,BTCUSDT_241227,2024-12-27 00:00:00+00:00,67906.4,669.078,65354.02,148,2552.3799999999974,0.039054674831020306,0.0963172723873136,2024
2024-08-02 00:00:00+00:00,BTCUSDT_241227,2024-12-27 00:00:00+00:00,63496.6,729.04,61498.33,147,1998.2699999999968,0.0324930774542983,0.08068009027767946,2024
2024-08-03 00:00:00+00:00,BTCUSDT_241227,2024-12-27 00:00:00+00:00,62858.8,365.239,60697.99,146,2160.810000000005,0.03559936663471072,0.0889984165867768,2024
2024-08-04 00:00:00+00:00,BTCUSDT_241227,2024-12-27 00:00:00+00:00,60093.0,468.309,58161.0,145,1932.0,0.033218135864238926,0.08361806614101523,2024
2024-08-05 00:00:00+00:00,BTCUSDT_241227,2024-12-27 00:00:00+00:00,55920.6,1957.958,54018.81,144,1901.7900000000009,0.03520606988565651,0.08923760769628214,2024
2024-08-06 00:00:00+00:00,BTCUSDT_241227,2024-12-27 00:00:00+00:00,58040.1,581.548,56022.01,143,2018.0899999999965,0.036023163038955516,0.09194723433020115,2024
2024-08-07 00:00:00+00:00,BTCUSDT_241227,2024-12-27 00:00:00+00:00,57109.0,544.18,55134.16,142,1974.8399999999965,0.03581880997189395,0.09206947633620627,2024
2024-08-08 00:00:00+00:00,BTCUSDT_241227,2024-12-27 00:00:00+00:00,63902.7,713.994,61685.99,141,2216.709999999999,0.03593538824618036,0.09302423198479313,2024
2024-08-09 00:00:00+00:00,BTCUSDT_241227,2024-12-27 00:00:00+00:00,63033.0,441.394,60837.99,140,2195.010000000002,0.0360795943455726,0.09406465668667142,2024
2024-08-10 00:00:00+00:00,BTCUSDT_241227,2024-12-27 00:00:00+00:00,63152.9,244.486,60923.51,139,2229.3899999999994,0.03659326260092367,0.09609022193767727,2024
2024-08-11 00:00:00+00:00,BTCUSDT_241227,2024-12-27 00:00:00+00:00,60820.9,283.461,58712.59,138,2108.310000000005,0.03590899328406403,0.09497668513538675,2024
2024-08-12 00:00:00+00:00,BTCUSDT_241227,2024-12-27 00:00:00+00:00,61410.6,488.899,59346.64,137,2063.959999999999,0.03477804303664031,0.0926568299881293,2024
2024-08-13 00:00:00+00:00,BTCUSDT_241227,2024-12-27 00:00:00+00:00,62700.8,362.149,60587.15,136,2113.6500000000015,0.03488611033857842,0.09362816377633178,2024
2024-08-14 00:00:00+00:00,BTCUSDT_241227,2024-12-27 00:00:00+00:00,60663.3,424.777,58683.39,135,1979.9100000000035,0.033738848420311156,0.09121984943269312,2024
2024-08-15 00:00:00+00:00,BTCUSDT_241227,2024-12-27 00:00:00+00:00,59414.0,408.529,57541.06,134,1872.9400000000023,0.03254962630163578,0.08866129552311237,2024
2024-08-16 00:00:00+00:00,BTCUSDT_241227,2024-12-27 00:00:00+00:00,60732.8,299.457,58874.6,133,1858.2000000000044,0.03156199787344635,0.08661751296096179,2024
2024-08-17 00:00:00+00:00,BTCUSDT_241227,2024-12-27 00:00:00+00:00,61404.0,101.261,59491.99,132,1912.010000000002,0.03213894845339687,0.0888690620112868,2024
2024-08-18 00:00:00+00:00,BTCUSDT_241227,2024-12-27 00:00:00+00:00,60236.8,222.22,58427.35,131,1809.4500000000044,0.03096922930784991,0.08628831066691006,2024
2024-08-19 00:00:00+00:00,BTCUSDT_241227,2024-12-27 00:00:00+00:00,61172.1,290.336,59438.5,130,1733.5999999999985,0.029166281114092692,0.08188994312802948,2024
2024-08-20 00:00:00+00:00,BTCUSDT_241227,2024-12-27 00:00:00+00:00,60790.4,311.075,59013.8,129,1776.5999999999985,0.030104822939719156,0.08518031296897281,2024
2024-08-21 00:00:00+00:00,BTCUSDT_241227,2024-12-27 00:00:00+00:00,62924.0,313.465,61156.03,128,1767.9700000000012,0.028909168891440486,0.08243630191699826,2024
2024-08-22 00:00:00+00:00,BTCUSDT_241227,2024-12-27 00:00:00+00:00,62066.2,324.518,60375.84,127,1690.3600000000006,0.027997291631884552,0.08046465705226662,2024
2024-08-23 00:00:00+00:00,BTCUSDT_241227,2024-12-27 00:00:00+00:00,65851.0,537.105,64037.24,126,1813.760000000002,0.028323519252235137,0.08204828989734782,2024
2024-08-24 00:00:00+00:00,BTCUSDT_241227,2024-12-27 00:00:00+00:00,65951.0,245.157,64157.01,125,1793.989999999998,0.027962493888041198,0.0816504821530803,2024
2024-08-25 00:00:00+00:00,BTCUSDT_241227,2024-12-27 00:00:00+00:00,66069.9,156.242,64220.0,124,1849.8999999999942,0.02880566801619424,0.08479087762831368,2024
2024-08-26 00:00:00+00:00,BTCUSDT_241227,2024-12-27 00:00:00+00:00,64569.3,247.98,62834.0,123,1735.300000000003,0.027617213610465718,0.08195352006357713,2024
2024-08-27 00:00:00+00:00,BTCUSDT_241227,2024-12-27 00:00:00+00:00,60835.0,482.453,59415.0,122,1420.0,0.023899688630817133,0.07150316680531356,2024
2024-08-28 00:00:00+00:00,BTCUSDT_241227,2024-12-27 00:00:00+00:00,60455.1,359.545,59034.9,121,1420.199999999997,0.02405695613950387,0.0725685040571811,2024
2024-08-29 00:00:00+00:00,BTCUSDT_241227,2024-12-27 00:00:00+00:00,60789.9,285.868,59359.01,120,1430.8899999999994,0.02410569178967101,0.07332147919358266,2024
2024-08-30 00:00:00+00:00,BTCUSDT_241227,2024-12-27 00:00:00+00:00,60519.8,284.376,59123.99,119,1395.810000000005,0.023608183412520113,0.07241165500478859,2024
2024-08-31 00:00:00+00:00,BTCUSDT_241227,2024-12-27 00:00:00+00:00,60342.1,73.422,58973.99,118,1368.1100000000006,0.02319853209864214,0.07175817132207103,2024
2024-09-01 00:00:00+00:00,BTCUSDT_241227,2024-12-27 00:00:00+00:00,58572.1,226.904,57301.86,117,1270.239999999998,0.022167517773419534,0.06915507681451394,2024
2024-09-02 00:00:00+00:00,BTCUSDT_241227,2024-12-27 00:00:00+00:00,60500.2,228.724,59132.13,116,1368.0699999999997,0.023135814657784182,0.07279803750078644,2024
2024-09-03 00:00:00+00:00,BTCUSDT_241227,2024-12-27 00:00:00+00:00,58786.1,230.26,57487.73,115,1298.3699999999953,0.022585167304396872,0.07168335709656398,2024
2024-09-04 00:00:00+00:00,BTCUSDT_241227,2024-12-27 00:00:00+00:00,59256.9,400.098,57970.9,114,1286.0,0.02218354381249903,0.07102625869791356,2024
2024-09-05 00:00:00+00:00,BTCUSDT_241227,2024-12-27 00:00:00+00:00,57377.4,412.703,56180.0,113,1197.4000000000015,0.021313634745461045,0.06884492639020603,2024
2024-09-06 00:00:00+00:00,BTCUSDT_241227,2024-12-27 00:00:00+00:00,55135.2,703.015,53962.97,112,1172.229999999996,0.021722859212530296,0.07079324654083534,2024
2024-09-07 00:00:00+00:00,BTCUSDT_241227,2024-12-27 00:00:00+00:00,55297.5,255.084,54160.86,111,1136.6399999999994,0.02098637281608895,0.069009243944797,2024
2024-09-08 00:00:00+00:00,BTCUSDT_241227,2024-12-27 00:00:00+00:00,56017.2,304.358,54869.95,110,1147.25,0.02090853007885008,0.06937830435254799,2024
2024-09-09 00:00:00+00:00,BTCUSDT_241227,2024-12-27 00:00:00+00:00,58243.1,582.071,57042.0,109,1201.0999999999985,0.02105641457171906,0.07051001209795832,2024
2024-09-10 00:00:00+00:00,BTCUSDT_241227,2024-12-27 00:00:00+00:00,58853.7,371.14,57635.99,108,1217.7099999999991,0.02112759753064013,0.07140345461744119,2024
2024-09-11 00:00:00+00:00,BTCUSDT_241227,2024-12-27 00:00:00+00:00,58498.9,540.793,57338.0,107,1160.9000000000015,0.020246607834246075,0.06906553139719455,2024
2024-09-12 00:00:00+00:00,BTCUSDT_241227,2024-12-27 00:00:00+00:00,59329.9,494.582,58132.32,106,1197.5800000000017,0.02060093249331872,0.07093717320812579,2024
2024-09-13 00:00:00+00:00,BTCUSDT_241227,2024-12-27 00:00:00+00:00,61800.0,449.448,60498.0,105,1302.0,0.02152137260735892,0.07481239049224768,2024
2024-09-14 00:00:00+00:00,BTCUSDT_241227,2024-12-27 00:00:00+00:00,61269.5,248.298,59993.03,104,1276.4700000000012,0.02127697167487625,0.07467398712817146,2024
2024-09-15 00:00:00+00:00,BTCUSDT_241227,2024-12-27 00:00:00+00:00,60294.7,276.633,59132.0,103,1162.699999999997,0.01966278833795571,0.06967881304227024,2024
2024-09-16 00:00:00+00:00,BTCUSDT_241227,2024-12-27 00:00:00+00:00,59311.0,433.987,58213.99,102,1097.010000000002,0.0188444392834094,0.06743353272984737,2024
2024-09-17 00:00:00+00:00,BTCUSDT_241227,2024-12-27 00:00:00+00:00,61396.5,653.866,60313.99,101,1082.510000000002,0.017947908934560657,0.06486125506054098,2024
2024-09-18 00:00:00+00:00,BTCUSDT_241227,2024-12-27 00:00:00+00:00,62977.4,530.526,61759.99,100,1217.4100000000035,0.019711952673567523,0.07194862725852146,2024
2024-09-19 00:00:00+00:00,BTCUSDT_241227,2024-12-27 00:00:00+00:00,64211.8,657.988,62947.99,99,1263.810000000005,0.020077050911395344,0.07402145032989192,2024
2024-09-20 00:00:00+00:00,BTCUSDT_241227,2024-12-27 00:00:00+00:00,64456.5,378.998,63201.05,98,1255.449999999997,0.019864385164486936,0.0739846998473238,2024
2024-09-21 00:00:00+00:00,BTCUSDT_241227,2024-12-27 00:00:00+00:00,64599.6,113.505,63348.96,97,1250.6399999999994,0.01974207627086537,0.07428719421511196,2024
2024-09-22 00:00:00+00:00,BTCUSDT_241227,2024-12-27 00:00:00+00:00,64760.6,252.089,63578.76,96,1181.8399999999965,0.01858859782732467,0.07067539798930733,2024
2024-09-23 00:00:00+00:00,BTCUSDT_241227,2024-12-27 00:00:00+00:00,64485.2,361.508,63339.99,95,1145.2099999999991,0.018080362816602896,0.06946665713747428,2024
2024-09-24 00:00:00+00:00,BTCUSDT_241227,2024-12-27 00:00:00+00:00,65427.0,379.362,64262.7,94,1164.300000000003,0.018117819512718934,0.07035110768236608,2024
2024-09-25 00:00:00+00:00,BTCUSDT_241227,2024-12-27 00:00:00+00:00,64321.4,300.901,63152.01,93,1169.3899999999994,0.01851706699438386,0.07267451024677536,2024
2024-09-26 00:00:00+00:00,BTCUSDT_241227,2024-12-27 00:00:00+00:00,66304.2,564.197,65173.99,92,1130.2099999999991,0.017341427155219424,0.0688002273005988,2024
2024-09-27 00:00:00+00:00,BTCUSDT_241227,2024-12-27 00:00:00+00:00,67079.0,818.968,65769.95,91,1309.050000000003,0.019903466552734235,0.07983258562360435,2024
2024-09-28 00:00:00+00:00,BTCUSDT_241227,2024-12-27 00:00:00+00:00,67156.2,184.625,65858.0,90,1298.199999999997,0.019712107868444184,0.07994354857757918,2024
2024-09-29 00:00:00+00:00,BTCUSDT_241227,2024-12-27 00:00:00+00:00,66903.1,210.513,65602.01,89,1301.090000000011,0.019833081333941006,0.08133791783020748,2024
2024-09-30 00:00:00+00:00,BTCUSDT_241227,2024-12-27 00:00:00+00:00,64459.0,693.107,63327.59,88,1131.4100000000035,0.01786598858412271,0.07410324810459988,2024
2024-10-01 00:00:00+00:00,BTCUSDT_241227,2024-12-27 00:00:00+00:00,61866.9,829.463,60805.78,87,1061.1200000000026,0.017450972588461205,0.07321385051480851,2024
2024-10-02 00:00:00+00:00,BTCUSDT_241227,2024-12-27 00:00:00+00:00,61711.6,562.108,60649.28,86,1062.3199999999997,0.01751578914044816,0.07434026786352999,2024
2024-10-03 00:00:00+00:00,BTCUSDT_241227,2024-12-27 00:00:00+00:00,61788.3,454.474,60752.71,85,1035.5900000000038,0.01704598856577762,0.07319748031186861,2024
2024-10-04 00:00:00+00:00,BTCUSDT_241227,2024-12-27 00:00:00+00:00,63153.5,389.933,62086.0,84,1067.5,0.01719389234287923,0.07471155601370141,2024
2024-10-05 00:00:00+00:00,BTCUSDT_241227,2024-12-27 00:00:00+00:00,63139.6,148.468,62058.0,83,1081.5999999999985,0.017428856875825818,0.07664497300814967,2024
2024-10-06 00:00:00+00:00,BTCUSDT_241227,2024-12-27 00:00:00+00:00,63992.3,180.883,62819.91,82,1172.3899999999994,0.018662713779755483,0.08307183572696038,2024
2024-10-07 00:00:00+00:00,BTCUSDT_241227,2024-12-27 00:00:00+00:00,63340.0,442.786,62224.0,81,1116.0,0.017935201851375676,0.0808191194537299,2024
2024-10-08 00:00:00+00:00,BTCUSDT_241227,2024-12-27 00:00:00+00:00,63216.8,287.856,62160.49,80,1056.310000000005,0.01699327016244571,0.07753179511615856,2024
2024-10-09 00:00:00+00:00,BTCUSDT_241227,2024-12-27 00:00:00+00:00,61639.8,341.866,60636.02,79,1003.7800000000061,0.016554186768854652,0.07648453380546769,2024
2024-10-10 00:00:00+00:00,BTCUSDT_241227,2024-12-27 00:00:00+00:00,61283.0,415.15,60326.39,78,956.6100000000006,0.015857239261291792,0.0742037478252757,2024
2024-10-11 00:00:00+00:00,BTCUSDT_241227,2024-12-27 00:00:00+00:00,63657.1,407.54,62540.0,77,1117.0999999999985,0.017862168212344078,0.08467131685072193,2024
2024-10-12 00:00:00+00:00,BTCUSDT_241227,2024-12-27 00:00:00+00:00,64257.7,167.944,63206.22,76,1051.479999999996,0.016635704524016717,0.07989515988508028,2024
2024-10-13 00:00:00+00:00,BTCUSDT_241227,2024-12-27 00:00:00+00:00,63955.0,206.211,62870.02,75,1084.9800000000032,0.01725751001828858,0.08398654875567108,2024
2024-10-14 00:00:00+00:00,BTCUSDT_241227,2024-12-27 00:00:00+00:00,67361.9,656.984,66083.99,74,1277.909999999989,0.019337664084750163,0.09538172149910554,2024
2024-10-15 00:00:00+00:00,BTCUSDT_241227,2024-12-27 00:00:00+00:00,68237.7,635.139,67074.14,73,1163.5599999999977,0.017347371132898574,0.08673685566449288,2024
2024-10-16 00:00:00+00:00,BTCUSDT_241227,2024-12-27 00:00:00+00:00,68774.5,470.674,67620.01,72,1154.4900000000052,0.01707320066944689,0.08655164228261271,2024
2024-10-17 00:00:00+00:00,BTCUSDT_241227,2024-12-27 00:00:00+00:00,68517.6,461.045,67421.78,71,1095.820000000007,0.0162532048249098,0.0835552079027053,2024
2024-10-18 00:00:00+00:00,BTCUSDT_241227,2024-12-27 00:00:00+00:00,69620.3,488.834,68428.0,70,1192.300000000003,0.01742415385514706,0.09085451653040967,2024
2024-10-19 00:00:00+00:00,BTCUSDT_241227,2024-12-27 00:00:00+00:00,69513.4,132.084,68378.0,69,1135.3999999999942,0.016604755915645298,0.08783675230739904,2024
2024-10-20 00:00:00+00:00,BTCUSDT_241227,2024-12-27 00:00:00+00:00,70345.2,232.444,69031.99,68,1313.2099999999919,0.019023209384518566,0.10210987390219524,2024
2024-10-21 00:00:00+00:00,BTCUSDT_241227,2024-12-27 00:00:00+00:00,68549.2,446.602,67377.5,67,1171.699999999997,0.017390078290230374,0.094736993670658,2024
2024-10-22 00:00:00+00:00,BTCUSDT_241227,2024-12-27 00:00:00+00:00,68610.0,298.911,67426.0,66,1184.0,0.01755999169459852,0.09711207528073425,2024
2024-10-23 00:00:00+00:00,BTCUSDT_241227,2024-12-27 00:00:00+00:00,67807.7,406.323,66668.65,65,1139.050000000003,0.017085241714059052,0.09594020347125468,2024
2024-10-24 00:00:00+00:00,BTCUSDT_241227,2024-12-27 00:00:00+00:00,69467.6,374.77,68198.28,64,1269.320000000007,0.01861219960386108,0.10614770086577022,2024
2024-10-25 00:00:00+00:00,BTCUSDT_241227,2024-12-27 00:00:00+00:00,67817.7,623.864,66698.33,63,1119.3699999999953,0.016782579114049713,0.09723240280362135,2024
2024-10-26 00:00:00+00:00,BTCUSDT_241227,2024-12-27 00:00:00+00:00,68196.3,192.652,67092.76,62,1103.5400000000081,0.016447974416315684,0.09683081712831007,2024
2024-10-27 00:00:00+00:00,BTCUSDT_241227,2024-12-27 00:00:00+00:00,69239.1,190.732,68021.7,61,1217.4000000000087,0.01789722985459065,0.1070899819168129,2024
2024-10-28 00:00:00+00:00,BTCUSDT_241227,2024-12-27 00:00:00+00:00,71234.9,528.371,69962.21,60,1272.6899999999878,0.018191106312965066,0.11066256340387082,2024
2024-10-29 00:00:00+00:00,BTCUSDT_241227,2024-12-27 00:00:00+00:00,74185.7,675.658,72736.42,59,1449.2799999999988,0.01992509392131203,0.12326541154709986,2024
2024-10-30 00:00:00+00:00,BTCUSDT_241227,2024-12-27 00:00:00+00:00,73736.6,306.288,72344.74,58,1391.8600000000006,0.019239270194350004,0.12107471760237502,2024
2024-10-31 00:00:00+00:00,BTCUSDT_241227,2024-12-27 00:00:00+00:00,71546.8,454.173,70292.01,57,1254.7900000000081,0.01785110427202193,0.11430970279452639,2024
2024-11-01 00:00:00+00:00,BTCUSDT_241227,2024-12-27 00:00:00+00:00,70656.7,609.966,69496.01,56,1160.6900000000023,0.01670153437585845,0.1088582151283631,2024
2024-11-02 00:00:00+00:00,BTCUSDT_241227,2024-12-27 00:00:00+00:00,70445.5,172.34,69374.74,55,1070.7599999999948,0.015434436222751893,0.10242853129644439,2024
2024-11-03 00:00:00+00:00,BTCUSDT_241227,2024-12-27 00:00:00+00:00,69791.1,353.458,68775.99,54,1015.1100000000006,0.014759656676697791,0.0997643460554573,2024
2024-11-04 00:00:00+00:00,BTCUSDT_241227,2024-12-27 00:00:00+00:00,68810.5,334.715,67850.01,53,960.4900000000052,0.014156077500946652,0.09748996769519863,2024
2024-11-05 00:00:00+00:00,BTCUSDT_241227,2024-12-27 00:00:00+00:00,70367.4,437.013,69372.01,52,995.3899999999994,0.014348582374937666,0.10071601090100477,2024
2024-11-06 00:00:00+00:00,BTCUSDT_241227,2024-12-27 00:00:00+00:00,76832.6,1451.496,75571.99,51,1260.6100000000006,0.01668091577315882,0.11938302465103862,2024
2024-11-07 00:00:00+00:00,BTCUSDT_241227,2024-12-27 00:00:00+00:00,77189.3,533.644,75857.89,50,1331.4100000000035,0.017551371386681114,0.12812501112277214,2024
2024-11-08 00:00:00+00:00,BTCUSDT_241227,2024-12-27 00:00:00+00:00,77784.8,418.025,76509.78,49,1275.020000000004,0.016664797624565176,0.12413573740747529,2024
2024-11-09 00:00:00+00:00,BTCUSDT_241227,2024-12-27 00:00:00+00:00,78003.1,208.698,76677.46,48,1325.6399999999994,0.01728852259842722,0.13146480725887366,2024
2024-11-10 00:00:00+00:00,BTCUSDT_241227,2024-12-27 00:00:00+00:00,81963.2,828.115,80370.01,47,1593.1900000000023,0.019823190267115837,0.15394605207441023,2024
2024-11-11 00:00:00+00:00,BTCUSDT_241227,2024-12-27 00:00:00+00:00,90474.4,1346.578,88647.99,46,1826.409999999989,0.020602948809104286,0.1634799198983275,2024
2024-11-12 00:00:00+00:00,BTCUSDT_241227,2024-12-27 00:00:00+00:00,89596.0,1511.95,87952.01,45,1643.9900000000052,0.018691898002103708,0.15161206157261894,2024
2024-11-13 00:00:00+00:00,BTCUSDT_241227,2024-12-27 00:00:00+00:00,92018.2,1428.992,90375.2,44,1643.0,0.018179766130531384,0.15080942358281715,2024
2024-11-14 00:00:00+00:00,BTCUSDT_241227,2024-12-27 00:00:00+00:00,88747.6,826.965,87325.59,43,1422.0100000000093,0.016284001058567248,0.1382246601483034,2024
2024-11-15 00:00:00+00:00,BTCUSDT_241227,2024-12-27 00:00:00+00:00,92557.0,649.24,91032.07,42,1524.929999999993,0.016751568980030804,0.14557911137407722,2024
2024-11-16 00:00:00+00:00,BTCUSDT_241227,2024-12-27 00:00:00+00:00,92108.8,289.093,90586.92,41,1521.8800000000047,0.016800217956411418,0.14956291595341872,2024
2024-11-17 00:00:00+00:00,BTCUSDT_241227,2024-12-27 00:00:00+00:00,91485.1,483.888,89855.99,40,1629.1100000000006,0.018130232608866703,0.16543837255590865,2024
2024-11-18 00:00:00+00:00,BTCUSDT_241227,2024-12-27 00:00:00+00:00,92056.7,711.143,90464.08,39,1592.6199999999953,0.01760499858065207,0.1647647303061027,2024
2024-11-19 00:00:00+00:00,BTCUSDT_241227,2024-12-27 00:00:00+00:00,93939.3,631.298,92310.79,38,1628.5100000000093,0.017641599643985383,0.1694522071067017,2024
2024-11-20 00:00:00+00:00,BTCUSDT_241227,2024-12-27 00:00:00+00:00,95852.9,489.318,94286.56,37,1566.3399999999965,0.016612547960175836,0.16388054068822108,2024
2024-11-21 00:00:00+00:00,BTCUSDT_241227,2024-12-27 00:00:00+00:00,99962.2,877.306,98317.12,36,1645.0800000000017,0.01673238597713198,0.1696478022681437,2024
2024-11-22 00:00:00+00:00,BTCUSDT_241227,2024-12-27 00:00:00+00:00,100462.7,558.397,98892.0,35,1570.699999999997,0.01588298345670021,0.16563682747701647,2024
2024-11-23 00:00:00+00:00,BTCUSDT_241227,2024-12-27 00:00:00+00:00,99265.1,263.688,97672.4,34,1592.7000000000116,0.016306551287774352,0.17505562411875406,2024
2024-11-24 00:00:00+00:00,BTCUSDT_241227,2024-12-27 00:00:00+00:00,99424.9,377.883,97900.04,33,1524.8600000000006,0.015575683115144802,0.17227649506145007,2024
2024-11-25 00:00:00+00:00,BTCUSDT_241227,2024-12-27 00:00:00+00:00,94442.4,646.075,93010.01,32,1432.3899999999994,0.015400385399377976,0.17566064596165504,2024
2024-11-26 00:00:00+00:00,BTCUSDT_241227,2024-12-27 00:00:00+00:00,93262.8,778.547,91965.16,31,1297.6399999999994,0.014110126052083194,0.16613535512936664,2024
2024-11-27 00:00:00+00:00,BTCUSDT_241227,2024-12-27 00:00:00+00:00,97255.8,466.249,95863.11,30,1392.6900000000023,0.014527903382229122,0.17675615781712098,2024
2024-11-28 00:00:00+00:00,BTCUSDT_241227,2024-12-27 00:00:00+00:00,97172.3,283.499,95643.98,29,1528.320000000007,0.015979259750587615,0.20111826927463722,2024
2024-11-29 00:00:00+00:00,BTCUSDT_241227,2024-12-27 00:00:00+00:00,98923.0,397.98,97460.0,28,1463.0,0.015011286681715575,0.19568284424379234,2024
2024-11-30 00:00:00+00:00,BTCUSDT_241227,2024-12-27 00:00:00+00:00,97848.9,163.007,96407.99,27,1440.909999999989,0.014945960391871968,0.2020472423345655,2024
2024-12-01 00:00:00+00:00,BTCUSDT_241227,2024-12-27 00:00:00+00:00,98690.0,211.114,97185.18,26,1504.820000000007,0.015484048082228249,0.2173722134620504,2024
2024-12-02 00:00:00+00:00,BTCUSDT_241227,2024-12-27 00:00:00+00:00,97062.6,508.573,95840.62,25,1221.9800000000105,0.01275012619910024,0.1861518425068635,2024
2024-12-03 00:00:00+00:00,BTCUSDT_241227,2024-12-27 00:00:00+00:00,97116.9,527.996,95849.69,24,1267.2099999999919,0.013220804365668703,0.2010663997278782,2024
2024-12-04 00:00:00+00:00,BTCUSDT_241227,2024-12-27 00:00:00+00:00,99920.4,554.929,98587.32,23,1333.0799999999872,0.013521820047446132,0.2145854051007756,2024
2024-12-05 00:00:00+00:00,BTCUSDT_241227,2024-12-27 00:00:00+00:00,98217.3,1773.238,96945.63,22,1271.6699999999983,0.013117352478910067,0.2176288024910079,2024
2024-12-06 00:00:00+00:00,BTCUSDT_241227,2024-12-27 00:00:00+00:00,101031.0,633.494,99740.84,21,1290.1600000000035,0.012935122663895788,0.22482475106295058,2024
2024-12-07 00:00:00+00:00,BTCUSDT_241227,2024-12-27 00:00:00+00:00,100971.5,183.01,99831.99,20,1139.5099999999948,0.011414277127001021,0.20831055756776864,2024
2024-12-08 00:00:00+00:00,BTCUSDT_241227,2024-12-27 00:00:00+00:00,102360.0,164.95,101109.59,19,1250.4100000000035,0.012366878354466709,0.23757424207264993,2024
2024-12-09 00:00:00+00:00,BTCUSDT_241227,2024-12-27 00:00:00+00:00,98200.0,759.146,97276.47,18,923.5299999999988,0.009493868352747575,0.1925145527084925,2024
2024-12-10 00:00:00+00:00,BTCUSDT_241227,2024-12-27 00:00:00+00:00,97369.8,722.333,96593.0,17,776.8000000000029,0.008041990620438364,0.17266626920352957,2024
2024-12-11 00:00:00+00:00,BTCUSDT_241227,2024-12-27 00:00:00+00:00,101924.3,490.808,101125.0,16,799.3000000000029,0.00790407911001239,0.18031180469715763,2024
2024-12-12 00:00:00+00:00,BTCUSDT_241227,2024-12-27 00:00:00+00:00,100710.6,383.453,100004.29,15,706.3100000000122,0.007062797006008565,0.17186139381287507,2024
2024-12-13 00:00:00+00:00,BTCUSDT_241227,2024-12-27 00:00:00+00:00,102030.0,317.556,101424.25,14,605.75,0.005972437558079059,0.1557099791927755,2024
2024-12-14 00:00:00+00:00,BTCUSDT_241227,2024-12-27 00:00:00+00:00,101955.3,247.951,101420.0,13,535.3000000000029,0.005278051666338029,0.1481914506317985,2024
2024-12-15 00:00:00+00:00,BTCUSDT_241227,2024-12-27 00:00:00+00:00,105115.2,348.648,104463.99,12,651.2099999999919,0.006233822774718751,0.18961210939769535,2024
2024-12-16 00:00:00+00:00,BTCUSDT_241227,2024-12-27 00:00:00+00:00,106534.9,647.286,106058.66,11,476.2399999999907,0.004490345248563302,0.14899781961141864,2024
2024-12-17 00:00:00+00:00,BTCUSDT_241227,2024-12-27 00:00:00+00:00,106557.8,467.675,106133.74,10,424.0599999999977,0.003995524891518924,0.14583665854044073,2024
2024-12-18 00:00:00+00:00,BTCUSDT_241227,2024-12-27 00:00:00+00:00,100548.2,701.056,100204.01,9,344.1900000000023,0.0034348924758600212,0.13930397263210087,2024
2024-12-19 00:00:00+00:00,BTCUSDT_241227,2024-12-27 00:00:00+00:00,97732.4,833.909,97461.86,8,270.5399999999936,0.0027758550883391062,0.1266483884054717,2024
2024-12-20 00:00:00+00:00,BTCUSDT_241227,2024-12-27 00:00:00+00:00,97980.0,1005.257,97805.44,7,174.55999999999767,0.0017847678002368547,0.09306289244092171,2024
2024-12-21 00:00:00+00:00,BTCUSDT_241227,2024-12-27 00:00:00+00:00,97480.1,728.662,97291.99,6,188.11000000000058,0.0019334582425541977,0.11761870975538037,2024
2024-12-22 00:00:00+00:00,BTCUSDT_241227,2024-12-27 00:00:00+00:00,95382.8,400.457,95186.27,5,196.52999999999884,0.002064688531234587,0.15072226278012485,2024
2024-12-23 00:00:00+00:00,BTCUSDT_241227,2024-12-27 00:00:00+00:00,95113.4,926.157,94881.47,4,231.92999999999302,0.002444418283148364,0.22305316833728822,2024
2024-12-24 00:00:00+00:00,BTCUSDT_241227,2024-12-27 00:00:00+00:00,98874.1,1204.438,98663.58,3,210.52000000000407,0.002133715399339899,0.259602040253021,2024
2024-12-25 00:00:00+00:00,BTCUSDT_241227,2024-12-27 00:00:00+00:00,99622.2,395.431,99429.6,2,192.59999999999127,0.0019370489270799768,0.35351142919209577,2024
2024-12-26 00:00:00+00:00,BTCUSDT_241227,2024-12-27 00:00:00+00:00,95799.1,1202.775,95791.6,1,7.5,7.829496532055002e-05,0.028577662342000758,2024
2024-09-27 00:00:00+00:00,BTCUSDT_250328,2025-03-28 00:00:00+00:00,68761.0,354.552,65769.95,182,2991.050000000003,0.045477455889809906,0.0912047879108825,2024
2024-09-28 00:00:00+00:00,BTCUSDT_250328,2025-03-28 00:00:00+00:00,68879.6,168.168,65858.0,181,3021.600000000006,0.0458805308390781,0.09252151246554424,2024
2024-09-29 00:00:00+00:00,BTCUSDT_250328,2025-03-28 00:00:00+00:00,68624.0,126.64,65602.01,180,3021.9900000000052,0.04606550927326778,0.09341061602634855,2024
2024-09-30 00:00:00+00:00,BTCUSDT_250328,2025-03-28 00:00:00+00:00,65698.9,820.038,63327.59,179,2371.3099999999977,0.037445132524386256,0.07635459984022895,2024
2024-10-01 00:00:00+00:00,BTCUSDT_250328,2025-03-28 00:00:00+00:00,63051.2,566.308,60805.78,178,2245.4199999999983,0.03692773943529708,0.07572261176339007,2024
2024-10-02 00:00:00+00:00,BTCUSDT_250328,2025-03-28 00:00:00+00:00,62824.0,552.2,60649.28,177,2174.720000000001,0.03585730943549538,0.07394303923138877,2024
2024-10-03 00:00:00+00:00,BTCUSDT_250328,2025-03-28 00:00:00+00:00,62962.4,248.712,60752.71,176,2209.6900000000023,0.03637187542745011,0.07543030983533687,2024
2024-10-04 00:00:00+00:00,BTCUSDT_250328,2025-03-28 00:00:00+00:00,64341.2,195.992,62086.0,175,2255.199999999997,0.03632380891022126,0.07576108715560434,2024
2024-10-05 00:00:00+00:00,BTCUSDT_250328,2025-03-28 00:00:00+00:00,64327.6,73.373,62058.0,174,2269.5999999999985,0.03657223887331204,0.07671762752160285,2024
2024-10-06 00:00:00+00:00,BTCUSDT_250328,2025-03-28 00:00:00+00:00,65232.2,104.557,62819.91,173,2412.2899999999936,0.03840008685144556,0.08101752428195161,2024
2024-10-07 00:00:00+00:00,BTCUSDT_250328,2025-03-28 00:00:00+00:00,64541.8,268.159,62224.0,172,2317.800000000003,0.03724929287734641,0.07904646453622931,2024
2024-10-08 00:00:00+00:00,BTCUSDT_250328,2025-03-28 00:00:00+00:00,64472.7,232.343,62160.49,171,2312.209999999999,0.037197422349791634,0.07939800677002307,2024
2024-10-09 00:00:00+00:00,BTCUSDT_250328,2025-03-28 00:00:00+00:00,62841.6,159.2,60636.02,170,2205.5800000000017,0.03637408919648753,0.07809730915716441,2024
2024-10-10 00:00:00+00:00,BTCUSDT_250328,2025-03-28 00:00:00+00:00,62426.1,234.446,60326.39,169,2099.709999999999,0.034805828759188126,0.07517235205386785,2024
2024-10-11 00:00:00+00:00,BTCUSDT_250328,2025-03-28 00:00:00+00:00,64911.2,273.026,62540.0,168,2371.199999999997,0.0379149344419571,0.08237470875782346,2024
2024-10-12 00:00:00+00:00,BTCUSDT_250328,2025-03-28 00:00:00+00:00,65548.4,112.477,63206.22,167,2342.179999999993,0.037056163143437355,0.08099101525362055,2024
2024-10-13 00:00:00+00:00,BTCUSDT_250328,2025-03-28 00:00:00+00:00,65246.6,110.471,62870.02,166,2376.5800000000017,0.0378014831234347,0.08311771891598592,2024
2024-10-14 00:00:00+00:00,BTCUSDT_250328,2025-03-28 00:00:00+00:00,68768.7,394.994,66083.99,165,2684.709999999992,0.04062572492974458,0.08986902787488953,2024
2024-10-15 00:00:00+00:00,BTCUSDT_250328,2025-03-28 00:00:00+00:00,69543.7,506.253,67074.14,164,2469.5599999999977,0.03681836248664534,0.08194330675381432,2024
2024-10-16 00:00:00+00:00,BTCUSDT_250328,2025-03-28 00:00:00+00:00,70048.5,365.919,67620.01,163,2428.4900000000052,0.03591377759334856,0.0804204222182345,2024
2024-10-17 00:00:00+00:00,BTCUSDT_250328,2025-03-28 00:00:00+00:00,69786.1,263.438,67421.78,162,2364.320000000007,0.03506759981715118,0.07901033292135913,2024
2024-10-18 00:00:00+00:00,BTCUSDT_250328,2025-03-28 00:00:00+00:00,71011.4,323.803,68428.0,161,2583.399999999994,0.03775355117788032,0.08559034894364172,2024
2024-10-19 00:00:00+00:00,BTCUSDT_250328,2025-03-28 00:00:00+00:00,70921.6,63.415,68378.0,160,2543.600000000006,0.03719909912544979,0.08486044487993233,2024
2024-10-20 00:00:00+00:00,BTCUSDT_250328,2025-03-28 00:00:00+00:00,71764.1,133.195,69031.99,159,2732.1100000000006,0.03957744807878203,0.09085389024374492,2024
2024-10-21 00:00:00+00:00,BTCUSDT_250328,2025-03-28 00:00:00+00:00,69984.5,299.041,67377.5,158,2607.0,0.038692441838892803,0.08938443842529033,2024
2024-10-22 00:00:00+00:00,BTCUSDT_250328,2025-03-28 00:00:00+00:00,70031.0,199.075,67426.0,157,2605.0,0.03863494794293003,0.08982010190553796,2024
2024-10-23 00:00:00+00:00,BTCUSDT_250328,2025-03-28 00:00:00+00:00,69329.3,309.351,66668.65,156,2660.6500000000087,0.03990856272025921,0.09337580380060649,2024
2024-10-24 00:00:00+00:00,BTCUSDT_250328,2025-03-28 00:00:00+00:00,70984.8,301.411,68198.28,155,2786.520000000004,0.04085909498010806,0.0962165785015448,2024
2024-10-25 00:00:00+00:00,BTCUSDT_250328,2025-03-28 00:00:00+00:00,69386.6,408.968,66698.33,154,2688.270000000004,0.04030490718433286,0.09552786443039932,2024
2024-10-26 00:00:00+00:00,BTCUSDT_250328,2025-03-28 00:00:00+00:00,69778.1,147.212,67092.76,153,2685.340000000011,0.0400242887608143,0.095482780377106,2024
2024-10-27 00:00:00+00:00,BTCUSDT_250328,2025-03-28 00:00:00+00:00,70835.0,129.73,68021.7,152,2813.300000000003,0.04135886048128763,0.09931568470835517,2024
2024-10-28 00:00:00+00:00,BTCUSDT_250328,2025-03-28 00:00:00+00:00,72914.4,345.286,69962.21,151,2952.189999999988,0.04219692316752126,0.10199918514003484,2024
2024-10-29 00:00:00+00:00,BTCUSDT_250328,2025-03-28 00:00:00+00:00,76204.4,571.535,72736.42,150,3467.979999999996,0.04767872820795959,0.11601823863936833,2024
2024-10-30 00:00:00+00:00,BTCUSDT_250328,2025-03-28 00:00:00+00:00,75797.4,228.428,72344.74,149,3452.659999999989,0.04772510067767178,0.11691048152584027,2024
2024-10-31 00:00:00+00:00,BTCUSDT_250328,2025-03-28 00:00:00+00:00,73553.9,319.096,70292.01,148,3261.8899999999994,0.04640484743571851,0.11444438725700848,2024
2024-11-01 00:00:00+00:00,BTCUSDT_250328,2025-03-28 00:00:00+00:00,72666.3,353.674,69496.01,147,3170.290000000008,0.0456183024032604,0.11326993453870778,2024
2024-11-02 00:00:00+00:00,BTCUSDT_250328,2025-03-28 00:00:00+00:00,72227.3,202.506,69374.74,146,2852.5599999999977,0.04111813608238384,0.10279534020595961,2024
2024-11-03 00:00:00+00:00,BTCUSDT_250328,2025-03-28 00:00:00+00:00,71558.0,294.724,68775.99,145,2782.0099999999948,0.04045030831253748,0.10182318989018055,2024
2024-11-04 00:00:00+00:00,BTCUSDT_250328,2025-03-28 00:00:00+00:00,70590.9,285.106,67850.01,144,2740.8899999999994,0.04039630944785417,0.10239342325324147,2024
2024-11-05 00:00:00+00:00,BTCUSDT_250328,2025-03-28 00:00:00+00:00,72178.7,242.384,69372.01,143,2806.6900000000023,0.04045853651926768,0.10326829251421471,2024
2024-11-06 00:00:00+00:00,BTCUSDT_250328,2025-03-28 00:00:00+00:00,78687.1,944.535,75571.99,142,3115.1100000000006,0.04122043100889629,0.10595392477638835,2024
2024-11-07 00:00:00+00:00,BTCUSDT_250328,2025-03-28 00:00:00+00:00,79354.4,566.912,75857.89,141,3496.5099999999948,0.04609289818105928,0.11931849529139459,2024
2024-11-08 00:00:00+00:00,BTCUSDT_250328,2025-03-28 00:00:00+00:00,79904.6,303.479,76509.78,140,3394.820000000007,0.04437105949069527,0.11568169081502695,2024
2024-11-09 00:00:00+00:00,BTCUSDT_250328,2025-03-28 00:00:00+00:00,80172.1,155.775,76677.46,139,3494.6399999999994,0.04557584458327127,0.11967757750283463,2024
2024-11-10 00:00:00+00:00,BTCUSDT_250328,2025-03-28 00:00:00+00:00,84465.6,769.186,80370.01,138,4095.590000000011,0.05095918241144939,0.134783344783906,2024
2024-11-11 00:00:00+00:00,BTCUSDT_250328,2025-03-28 00:00:00+00:00,93279.9,1021.922,88647.99,137,4631.909999999989,0.05225059248382269,0.13920778289485608,2024
2024-11-12 00:00:00+00:00,BTCUSDT_250328,2025-03-28 00:00:00+00:00,92207.4,1223.612,87952.01,136,4255.389999999999,0.048383089823643595,0.12985167489433758,2024
2024-11-13 00:00:00+00:00,BTCUSDT_250328,2025-03-28 00:00:00+00:00,94997.8,1048.794,90375.2,135,4622.600000000006,0.05114898777540748,0.13829170768906468,2024
2024-11-14 00:00:00+00:00,BTCUSDT_250328,2025-03-28 00:00:00+00:00,91574.9,531.873,87325.59,134,4249.309999999998,0.04866053581773679,0.13254548935428306,2024
2024-11-15 00:00:00+00:00,BTCUSDT_250328,2025-03-28 00:00:00+00:00,95573.4,394.384,91032.07,133,4541.329999999987,0.04988714416798373,0.13690832797980498,2024
2024-11-16 00:00:00+00:00,BTCUSDT_250328,2025-03-28 00:00:00+00:00,95264.2,288.636,90586.92,132,4677.279999999999,0.05163306137354045,0.14277323788895654,2024
2024-11-17 00:00:00+00:00,BTCUSDT_250328,2025-03-28 00:00:00+00:00,94527.3,373.721,89855.99,131,4671.309999999998,0.051986628826859484,0.1448482406244558,2024
2024-11-18 00:00:00+00:00,BTCUSDT_250328,2025-03-28 00:00:00+00:00,95324.3,483.013,90464.08,130,4860.220000000001,0.053725412340456025,0.15084442695589576,2024
2024-11-19 00:00:00+00:00,BTCUSDT_250328,2025-03-28 00:00:00+00:00,97279.9,515.187,92310.79,129,4969.110000000001,0.05383021854758258,0.15231030829354764,2024
2024-11-20 00:00:00+00:00,BTCUSDT_250328,2025-03-28 00:00:00+00:00,99175.0,491.698,94286.56,128,4888.440000000002,0.05184662586056806,0.14784389405552611,2024
2024-11-21 00:00:00+00:00,BTCUSDT_250328,2025-03-28 00:00:00+00:00,103479.3,675.162,98317.12,127,5162.180000000008,0.052505402924739944,0.15090135486244155,2024
2024-11-22 00:00:00+00:00,BTCUSDT_250328,2025-03-28 00:00:00+00:00,104032.4,399.701,98892.0,126,5140.399999999994,0.0519799377098248,0.15057680368322263,2024
2024-11-23 00:00:00+00:00,BTCUSDT_250328,2025-03-28 00:00:00+00:00,102927.9,231.358,97672.4,125,5255.5,0.05380742154385477,0.15711767090805592,2024
2024-11-24 00:00:00+00:00,BTCUSDT_250328,2025-03-28 00:00:00+00:00,103077.3,356.888,97900.04,124,5177.260000000009,0.052883124460419116,0.15566403571010465,2024
2024-11-25 00:00:00+00:00,BTCUSDT_250328,2025-03-28 00:00:00+00:00,97600.0,521.292,93010.01,123,4589.990000000005,0.04934941948721439,0.14644339929132724,2024
2024-11-26 00:00:00+00:00,BTCUSDT_250328,2025-03-28 00:00:00+00:00,96398.0,578.961,91965.16,122,4432.8399999999965,0.04820129709990171,0.1442087987005256,2024
2024-11-27 00:00:00+00:00,BTCUSDT_250328,2025-03-28 00:00:00+00:00,100635.6,341.212,95863.11,121,4772.490000000005,0.04978442698134877,0.15017616403464712,2024
2024-11-28 00:00:00+00:00,BTCUSDT_250328,2025-03-28 00:00:00+00:00,100391.3,272.916,95643.98,120,4747.320000000007,0.049635324669676094,0.15097411253693144,2024
2024-11-29 00:00:00+00:00,BTCUSDT_250328,2025-03-28 00:00:00+00:00,102232.8,310.042,97460.0,119,4772.800000000003,0.048971885901908506,0.15020788532938326,2024
2024-11-30 00:00:00+00:00,BTCUSDT_250328,2025-03-28 00:00:00+00:00,101356.3,188.386,96407.99,118,4948.309999999998,0.051326762439503175,0.15876498551202253,2024
2024-12-01 00:00:00+00:00,BTCUSDT_250328,2025-03-28 00:00:00+00:00,102270.8,156.893,97185.18,117,5085.62000000001,0.05232917199926995,0.16324912632250882,2024
2024-12-02 00:00:00+00:00,BTCUSDT_250328,2025-03-28 00:00:00+00:00,100588.1,302.044,95840.62,116,4747.4800000000105,0.04953515534436245,0.15586492845424393,2024
2024-12-03 00:00:00+00:00,BTCUSDT_250328,2025-03-28 00:00:00+00:00,100730.0,318.098,95849.69,115,4880.309999999998,0.0509162836103069,0.16160385667619145,2024
2024-12-04 00:00:00+00:00,BTCUSDT_250328,2025-03-28 00:00:00+00:00,103554.9,497.345,98587.32,114,4967.579999999987,0.05038761577046609,0.1613287697914046,2024
2024-12-05 00:00:00+00:00,BTCUSDT_250328,2025-03-28 00:00:00+00:00,101745.3,1493.226,96945.63,113,4799.669999999998,0.04950888451599106,0.15991807830386492,2024
2024-12-06 00:00:00+00:00,BTCUSDT_250328,2025-03-28 00:00:00+00:00,104756.2,604.61,99740.84,112,5015.360000000001,0.05028391579617738,0.16387168987147094,2024
2024-12-07 00:00:00+00:00,BTCUSDT_250328,2025-03-28 00:00:00+00:00,104729.2,178.002,99831.99,111,4897.209999999992,0.049054516493160075,0.16130539207210295,2024
2024-12-08 00:00:00+00:00,BTCUSDT_250328,2025-03-28 00:00:00+00:00,106203.7,156.45,101109.59,110,5094.110000000001,0.05038206563788856,0.16717685416208478,2024
2024-12-09 00:00:00+00:00,BTCUSDT_250328,2025-03-28 00:00:00+00:00,101712.1,679.981,97276.47,109,4435.630000000005,0.04559818011488292,0.15269115359570887,2024
2024-12-10 00:00:00+00:00,BTCUSDT_250328,2025-03-28 00:00:00+00:00,100812.2,556.199,96593.0,108,4219.199999999997,0.043680183864255144,0.14762284361530675,2024
2024-12-11 00:00:00+00:00,BTCUSDT_250328,2025-03-28 00:00:00+00:00,105419.5,441.548,101125.0,107,4294.5,0.0424672435105068,0.14486489608724282,2024
2024-12-12 00:00:00+00:00,BTCUSDT_250328,2025-03-28 00:00:00+00:00,104316.2,352.355,100004.29,106,4311.9100000000035,0.04311725026996346,0.14846977687298737,2024
2024-12-13 00:00:00+00:00,BTCUSDT_250328,2025-03-28 00:00:00+00:00,105817.5,301.21,101424.25,105,4393.25,0.0433155778820154,0.15057319930414878,2024
2024-12-14 00:00:00+00:00,BTCUSDT_250328,2025-03-28 00:00:00+00:00,105652.3,235.232,101420.0,104,4232.300000000003,0.041730427923486524,0.14645775184685175,2024
2024-12-15 00:00:00+00:00,BTCUSDT_250328,2025-03-28 00:00:00+00:00,109180.9,270.218,104463.99,103,4716.909999999989,0.045153454314735525,0.16000981383377152,2024
2024-12-16 00:00:00+00:00,BTCUSDT_250328,2025-03-28 00:00:00+00:00,110500.3,464.775,106058.66,102,4441.639999999999,0.041879088421445256,0.1498614438610541,2024
2024-12-17 00:00:00+00:00,BTCUSDT_250328,2025-03-28 00:00:00+00:00,110420.5,338.065,106133.74,101,4286.759999999995,0.040390171871828834,0.1459644825071042,2024
2024-12-18 00:00:00+00:00,BTCUSDT_250328,2025-03-28 00:00:00+00:00,104035.9,646.867,100204.01,100,3831.8899999999994,0.03824088477097872,0.13957922941407233,2024
2024-12-19 00:00:00+00:00,BTCUSDT_250328,2025-03-28 00:00:00+00:00,101322.2,789.921,97461.86,99,3860.3399999999965,0.039608724889921,0.1460321675234461,2024
2024-12-20 00:00:00+00:00,BTCUSDT_250328,2025-03-28 00:00:00+00:00,101222.4,945.993,97805.44,98,3416.959999999992,0.034936298021868636,0.13011988548961279,2024
2024-12-21 00:00:00+00:00,BTCUSDT_250328,2025-03-28 00:00:00+00:00,100575.4,372.879,97291.99,97,3283.409999999989,0.03374799919294475,0.1269898938703591,2024
2024-12-22 00:00:00+00:00,BTCUSDT_250328,2025-03-28 00:00:00+00:00,98348.9,337.803,95186.27,96,3162.62999999999,0.033225695260461305,0.12632686218821226,2024
2024-12-23 00:00:00+00:00,BTCUSDT_250328,2025-03-28 00:00:00+00:00,98184.1,585.876,94881.47,95,3302.6300000000047,0.03480795565245779,0.13373582961207467,2024
2024-12-24 00:00:00+00:00,BTCUSDT_250328,2025-03-28 00:00:00+00:00,101907.9,586.623,98663.58,94,3244.3199999999924,0.03288265031534425,0.12768263154362394,2024
2024-12-25 00:00:00+00:00,BTCUSDT_250328,2025-03-28 00:00:00+00:00,102647.7,343.468,99429.6,93,3218.0999999999913,0.03236561345917102,0.12702633239352068,2024
2024-12-26 00:00:00+00:00,BTCUSDT_250328,2025-03-28 00:00:00+00:00,98732.1,489.937,95791.6,92,2940.5,0.030696846070010313,0.12178640016906266,2024
2024-12-27 00:00:00+00:00,BTCUSDT_250328,2025-03-28 00:00:00+00:00,97314.4,675.805,94299.03,91,3015.3699999999953,0.0319766809902498,0.12825811605979315,2024
2024-12-28 00:00:00+00:00,BTCUSDT_250328,2025-03-28 00:00:00+00:00,98302.4,204.662,95300.0,90,3002.399999999994,0.03150472193074495,0.12776915005246564,2024
2024-12-29 00:00:00+00:00,BTCUSDT_250328,2025-03-28 00:00:00+00:00,96832.4,183.222,93738.2,89,3094.199999999997,0.03300895472710162,0.13537380309429314,2024
2024-12-30 00:00:00+00:00,BTCUSDT_250328,2025-03-28 00:00:00+00:00,95750.6,511.755,92792.05,88,2958.550000000003,0.031883658136661525,0.13224471840774382,2024
2024-12-31 00:00:00+00:00,BTCUSDT_250328,2025-03-28 00:00:00+00:00,96660.2,432.554,93576.0,87,3084.199999999997,0.03295930580490721,0.1382775473424268,2024
2025-01-01 00:00:00+00:00,BTCUSDT_250328,2025-03-28 00:00:00+00:00,97700.9,186.51,94591.79,86,3109.1100000000006,0.032868708795974796,0.13950091523873026,2025
2025-01-02 00:00:00+00:00,BTCUSDT_250328,2025-03-28 00:00:00+00:00,100330.6,372.403,96984.79,85,3345.810000000012,0.034498296073023536,0.14813974196063048,2025
2025-01-03 00:00:00+00:00,BTCUSDT_250328,2025-03-28 00:00:00+00:00,101371.0,312.709,98174.18,84,3196.820000000007,0.03256273696403685,0.1414928451413506,2025
2025-01-04 00:00:00+00:00,BTCUSDT_250328,2025-03-28 00:00:00+00:00,101239.6,133.772,98220.5,83,3019.100000000006,0.030737982396750227,0.13517305511823893,2025
2025-01-05 00:00:00+00:00,BTCUSDT_250328,2025-03-28 00:00:00+00:00,101193.3,201.846,98363.61,82,2829.6900000000023,0.02876765096360333,0.12805112928920995,2025
2025-01-06 00:00:00+00:00,BTCUSDT_250328,2025-03-28 00:00:00+00:00,105088.5,430.597,102235.6,81,2852.899999999994,0.02790515241266246,0.1257454398842197,2025
2025-01-07 00:00:00+00:00,BTCUSDT_250328,2025-03-28 00:00:00+00:00,99541.8,632.825,96954.61,80,2587.1900000000023,0.02668454857381204,0.12174825286801742,2025
2025-01-08 00:00:00+00:00,BTCUSDT_250328,2025-03-28 00:00:00+00:00,97487.8,637.035,95060.61,79,2427.1900000000023,0.025533078317086354,0.11796928589539897,2025
2025-01-09 00:00:00+00:00,BTCUSDT_250328,2025-03-28 00:00:00+00:00,94953.7,539.505,92552.49,78,2401.209999999992,0.025944304685913817,0.12140604115844286,2025
2025-01-10 00:00:00+00:00,BTCUSDT_250328,2025-03-28 00:00:00+00:00,96968.8,498.082,94726.11,77,2242.6900000000023,0.02367552093081836,0.11222811869803509,2025
2025-01-11 00:00:00+00:00,BTCUSDT_250328,2025-03-28 00:00:00+00:00,96707.1,129.595,94599.99,76,2107.1100000000006,0.022273892417959035,0.10697329911256641,2025
2025-01-12 00:00:00+00:00,BTCUSDT_250328,2025-03-28 00:00:00+00:00,96590.9,160.397,94545.06,75,2045.8399999999965,0.021638782607996617,0.10530874202558353,2025
2025-01-13 00:00:00+00:00,BTCUSDT_250328,2025-03-28 00:00:00+00:00,96646.7,855.561,94536.1,74,2110.5999999999913,0.02232586281854224,0.1101208098482151,2025
2025-01-14 00:00:00+00:00,BTCUSDT_250328,2025-03-28 00:00:00+00:00,98701.1,490.47,96560.86,73,2140.2400000000052,0.02216467417543718,0.11082337087718591,2025
2025-01-15 00:00:00+00:00,BTCUSDT_250328,2025-03-28 00:00:00+00:00,102866.3,437.966,100497.35,72,2368.949999999997,0.02357226334823751,0.11949827947370406,2025
2025-01-16 00:00:00+00:00,BTCUSDT_250328,2025-03-28 00:00:00+00:00,102444.4,394.146,99987.3,71,2457.0999999999913,0.02457412091335591,0.12633174835739305,2025
2025-01-17 00:00:00+00:00,BTCUSDT_250328,2025-03-28 00:00:00+00:00,106640.8,557.996,104077.48,70,2563.320000000007,0.024628959117765026,0.12842242968548906,2025
2025-01-18 00:00:00+00:00,BTCUSDT_250328,2025-03-28 00:00:00+00:00,106967.8,436.551,104556.23,69,2411.570000000007,0.02306481402399462,0.12200952346026141,2025
2025-01-19 00:00:00+00:00,BTCUSDT_250328,2025-03-28 00:00:00+00:00,103761.0,724.548,101331.57,68,2429.429999999993,0.023975055355403976,0.12868963536356545,2025
2025-01-20 00:00:00+00:00,BTCUSDT_250328,2025-03-28 00:00:00+00:00,104642.0,1514.798,102260.01,67,2381.9900000000052,0.023293465353660784,0.12689723662815203,2025
2025-01-21 00:00:00+00:00,BTCUSDT_250328,2025-03-28 00:00:00+00:00,108529.8,563.849,106143.82,66,2385.979999999996,0.022478746289703873,0.12431427872336233,2025
2025-01-22 00:00:00+00:00,BTCUSDT_250328,2025-03-28 00:00:00+00:00,105891.3,372.594,103706.66,65,2184.6399999999994,0.021065570909332143,0.11829128279855741,2025
2025-01-23 00:00:00+00:00,BTCUSDT_250328,2025-03-28 00:00:00+00:00,106171.9,953.916,103910.34,64,2261.5599999999977,0.021764532769308596,0.12412585094996309,2025
2025-01-24 00:00:00+00:00,BTCUSDT_250328,2025-03-28 00:00:00+00:00,106938.7,461.876,104870.5,63,2068.199999999997,0.01972146599854103,0.11425928713440439,2025
2025-01-25 00:00:00+00:00,BTCUSDT_250328,2025-03-28 00:00:00+00:00,106742.0,215.961,104746.85,62,1995.1499999999942,0.019047350827256324,0.1121335976120735,2025
2025-01-26 00:00:00+00:00,BTCUSDT_250328,2025-03-28 00:00:00+00:00,104624.2,311.273,102620.0,61,2004.199999999997,0.019530305983239106,0.11686166694888973,2025
2025-01-27 00:00:00+00:00,BTCUSDT_250328,2025-03-28 00:00:00+00:00,103934.5,869.837,102082.83,60,1851.6699999999983,0.0181388975991359,0.1103449603947434,2025
2025-01-28 00:00:00+00:00,BTCUSDT_250328,2025-03-28 00:00:00+00:00,103079.7,307.529,101335.52,59,1744.179999999993,0.017211931216221055,0.1064805914223845,2025
2025-01-29 00:00:00+00:00,BTCUSDT_250328,2025-03-28 00:00:00+00:00,105575.1,336.178,103733.24,58,1841.8600000000006,0.017755735769942216,0.11173868200049843,2025
2025-01-30 00:00:00+00:00,BTCUSDT_250328,2025-03-28 00:00:00+00:00,106372.0,375.714,104722.94,57,1649.0599999999977,0.0157468841115423,0.1008353105388235,2025
2025-01-31 00:00:00+00:00,BTCUSDT_250328,2025-03-28 00:00:00+00:00,104123.7,337.454,102429.56,56,1694.1399999999994,0.016539561431289946,0.1078024986146577,2025
2025-02-01 00:00:00+00:00,BTCUSDT_250328,2025-03-28 00:00:00+00:00,102337.0,211.03,100635.65,55,1701.3500000000058,0.016906036777225623,0.11219460770340642,2025
2025-02-02 00:00:00+00:00,BTCUSDT_250328,2025-03-28 00:00:00+00:00,99229.9,614.404,97700.59,54,1529.3099999999977,0.01565302727445144,0.10580286954027363,2025
2025-02-03 00:00:00+00:00,BTCUSDT_250328,2025-03-28 00:00:00+00:00,102703.8,1428.064,101328.52,53,1375.2799999999988,0.013572486798386069,0.09347089964926254,2025
2025-02-04 00:00:00+00:00,BTCUSDT_250328,2025-03-28 00:00:00+00:00,98969.6,608.494,97763.13,52,1206.4700000000012,0.012340746455233186,0.08662254723384832,2025
2025-02-05 00:00:00+00:00,BTCUSDT_250328,2025-03-28 00:00:00+00:00,97743.7,330.342,96612.43,51,1131.270000000004,0.011709362863557041,0.08380230284702589,2025
2025-02-06 00:00:00+00:00,BTCUSDT_250328,2025-03-28 00:00:00+00:00,97685.2,363.868,96554.35,50,1130.8499999999913,0.011712056473892592,0.08549801225941592,2025
2025-02-07 00:00:00+00:00,BTCUSDT_250328,2025-03-28 00:00:00+00:00,97532.3,361.958,96506.8,49,1025.5,0.0106261942163661,0.07915430385660463,2025
2025-02-08 00:00:00+00:00,BTCUSDT_250328,2025-03-28 00:00:00+00:00,97424.1,105.488,96444.74,48,979.3600000000006,0.01015462325887343,0.07721744769768338,2025
2025-02-09 00:00:00+00:00,BTCUSDT_250328,2025-03-28 00:00:00+00:00,97435.6,143.185,96462.75,47,972.8500000000058,0.010085240157470171,0.07832154590375771,2025
2025-02-10 00:00:00+00:00,BTCUSDT_250328,2025-03-28 00:00:00+00:00,98372.0,221.365,97430.82,46,941.179999999993,0.009659982334131982,0.07664985982517768,2025
2025-02-11 00:00:00+00:00,BTCUSDT_250328,2025-03-28 00:00:00+00:00,96676.6,254.888,95778.2,45,898.4000000000087,0.009380005053342085,0.07608226321044134,2025
2025-02-12 00:00:00+00:00,BTCUSDT_250328,2025-03-28 00:00:00+00:00,98765.1,312.509,97869.99,44,895.1100000000006,0.009145908771422176,0.07586947049020668,2025
2025-02-13 00:00:00+00:00,BTCUSDT_250328,2025-03-28 00:00:00+00:00,97446.9,217.71,96608.14,43,838.7599999999948,0.008682084139079737,0.07369676071544429,2025
2025-02-14 00:00:00+00:00,BTCUSDT_250328,2025-03-28 00:00:00+00:00,98351.5,255.556,97500.48,42,851.0200000000041,0.008728367285986737,0.07585366808059901,2025
2025-02-15 00:00:00+00:00,BTCUSDT_250328,2025-03-28 00:00:00+00:00,98415.5,84.411,97569.66,41,845.8399999999965,0.008669088321103061,0.0771760301756736,2025
2025-02-16 00:00:00+00:00,BTCUSDT_250328,2025-03-28 00:00:00+00:00,96968.7,99.133,96118.12,40,850.5800000000017,0.00884931998253817,0.0807500448406608,2025
2025-02-17 00:00:00+00:00,BTCUSDT_250328,2025-03-28 00:00:00+00:00,96449.9,192.312,95780.0,39,669.8999999999942,0.006994153267905557,0.06545810109706483,2025
2025-02-18 00:00:00+00:00,BTCUSDT_250328,2025-03-28 00:00:00+00:00,96274.5,296.592,95671.74,38,602.7599999999948,0.006300293064597704,0.06051597285732005,2025
2025-02-19 00:00:00+00:00,BTCUSDT_250328,2025-03-28 00:00:00+00:00,97202.3,197.963,96644.37,37,557.9300000000076,0.0057730212323801955,0.05695007431942625,2025
2025-02-20 00:00:00+00:00,BTCUSDT_250328,2025-03-28 00:00:00+00:00,98929.5,226.158,98305.0,36,624.5,0.00635267789023956,0.06440909527603998,2025
2025-02-21 00:00:00+00:00,BTCUSDT_250328,2025-03-28 00:00:00+00:00,96723.9,429.023,96181.98,35,541.9199999999983,0.0056343194432054555,0.058757902764856894,2025
2025-02-22 00:00:00+00:00,BTCUSDT_250328,2025-03-28 00:00:00+00:00,97104.1,119.124,96551.01,34,553.0900000000111,0.0057284745131098175,0.06149685874367892,2025
2025-02-23 00:00:00+00:00,BTCUSDT_250328,2025-03-28 00:00:00+00:00,96818.1,136.544,96258.0,33,560.1000000000058,0.00581873714392576,0.06435875931917887,2025
2025-02-24 00:00:00+00:00,BTCUSDT_250328,2025-03-28 00:00:00+00:00,92029.4,404.129,91552.88,32,476.5199999999895,0.005204860841078834,0.059367943968555444,2025
2025-02-25 00:00:00+00:00,BTCUSDT_250328,2025-03-28 00:00:00+00:00,89200.1,910.843,88680.4,31,519.7000000000116,0.005860370499005549,0.0690011365205492,2025
2025-02-26 00:00:00+00:00,BTCUSDT_250328,2025-03-28 00:00:00+00:00,84650.2,759.632,84250.09,30,400.1100000000006,0.004749075045498475,0.05778041305356477,2025
2025-02-27 00:00:00+00:00,BTCUSDT_250328,2025-03-28 00:00:00+00:00,85209.5,573.979,84708.58,29,500.91999999999825,0.005913450561914723,0.07442791224478876,2025
2025-02-28 00:00:00+00:00,BTCUSDT_250328,2025-03-28 00:00:00+00:00,84811.3,1244.654,84349.94,28,461.3600000000006,0.005469594880565423,0.07130007612165641,2025
2025-03-01 00:00:00+00:00,BTCUSDT_250328,2025-03-28 00:00:00+00:00,86521.3,314.251,86064.53,27,456.7700000000041,0.0053072967458255346,0.07174678934171556,2025
2025-03-02 00:00:00+00:00,BTCUSDT_250328,2025-03-28 00:00:00+00:00,94602.1,1122.59,94270.0,26,332.1000000000058,0.003522859870584553,0.049455532798590836,2025
2025-03-03 00:00:00+00:00,BTCUSDT_250328,2025-03-28 00:00:00+00:00,86578.4,985.486,86220.61,25,357.7899999999936,0.0041497038817052394,0.060585676672896493,2025
2025-03-04 00:00:00+00:00,BTCUSDT_250328,2025-03-28 00:00:00+00:00,87552.5,877.701,87281.98,24,270.5200000000041,0.003099379734511111,0.04713640012902315,2025
2025-03-05 00:00:00+00:00,BTCUSDT_250328,2025-03-28 00:00:00+00:00,90908.3,531.144,90606.01,23,302.29000000000815,0.0033363129002149878,0.05294583515558567,2025
2025-03-06 00:00:00+00:00,BTCUSDT_250328,2025-03-28 00:00:00+00:00,90210.2,494.865,89931.89,22,278.3099999999977,0.003094675314841017,0.051343476814407776,2025
2025-03-07 00:00:00+00:00,BTCUSDT_250328,2025-03-28 00:00:00+00:00,87091.7,1094.568,86801.75,21,289.9499999999971,0.0033403704418401366,0.05805881958436428,2025
2025-03-08 00:00:00+00:00,BTCUSDT_250328,2025-03-28 00:00:00+00:00,86424.9,168.497,86222.45,20,202.4499999999971,0.00234799637449408,0.04285093383451696,2025
2025-03-09 00:00:00+00:00,BTCUSDT_250328,2025-03-28 00:00:00+00:00,80906.5,375.128,80734.37,19,172.13000000000466,0.002132053547949958,0.04095787078956498,2025
2025-03-10 00:00:00+00:00,BTCUSDT_250328,2025-03-28 00:00:00+00:00,78774.5,916.19,78595.86,18,178.63999999999942,0.0022728932541739404,0.04608922432074935,2025
2025-03-11 00:00:00+00:00,BTCUSDT_250328,2025-03-28 00:00:00+00:00,83124.9,716.084,82932.99,17,191.90999999998894,0.002314036911004763,0.049683733677455204,2025
2025-03-12 00:00:00+00:00,BTCUSDT_250328,2025-03-28 00:00:00+00:00,83849.8,511.906,83680.12,16,169.68000000000757,0.0020277217575692718,0.04625740259454901,2025
2025-03-13 00:00:00+00:00,BTCUSDT_250328,2025-03-28 00:00:00+00:00,81284.9,413.785,81115.78,15,169.11999999999534,0.002084921084405468,0.05073307972053305,2025
2025-03-14 00:00:00+00:00,BTCUSDT_250328,2025-03-28 00:00:00+00:00,84178.6,538.481,83983.2,14,195.40000000000873,0.0023266558073520506,0.06065924069167847,2025
2025-03-15 00:00:00+00:00,BTCUSDT_250328,2025-03-28 00:00:00+00:00,84481.9,187.422,84338.44,13,143.45999999999185,0.0017010037178775402,0.04775895054040786,2025
2025-03-16 00:00:00+00:00,BTCUSDT_250328,2025-03-28 00:00:00+00:00,82717.9,303.882,82574.53,12,143.36999999999534,0.001736249664394037,0.0528109272919853,2025
2025-03-17 00:00:00+00:00,BTCUSDT_250328,2025-03-28 00:00:00+00:00,84242.7,365.31,84010.03,11,232.66999999999825,0.002769550254892163,0.09189871300323994,2025
2025-03-18 00:00:00+00:00,BTCUSDT_250328,2025-03-28 00:00:00+00:00,82763.5,507.133,82715.03,10,48.470000000001164,0.0005859878186588479,0.02138855538104795,2025
2025-03-19 00:00:00+00:00,BTCUSDT_250328,2025-03-28 00:00:00+00:00,86878.2,531.197,86845.94,9,32.25999999999476,0.0003714623850003208,0.015064863391679678,2025
2025-03-20 00:00:00+00:00,BTCUSDT_250328,2025-03-28 00:00:00+00:00,84240.6,561.915,84223.39,8,17.210000000006403,0.00020433753616431734,0.009322900087496979,2025
2025-03-21 00:00:00+00:00,BTCUSDT_250328,2025-03-28 00:00:00+00:00,84135.0,430.95,84088.79,7,46.2100000000064,0.0005495381726863522,0.028654490432931223,2025
2025-03-22 00:00:00+00:00,BTCUSDT_250328,2025-03-28 00:00:00+00:00,83911.1,85.765,83840.59,6,70.51000000000931,0.0008410007610873125,0.05116087963281151,2025
2025-03-23 00:00:00+00:00,BTCUSDT_250328,2025-03-28 00:00:00+00:00,86163.6,210.17,86082.5,5,81.10000000000582,0.0009421194784074094,0.06877472192374089,2025
2025-03-24 00:00:00+00:00,BTCUSDT_250328,2025-03-28 00:00:00+00:00,87557.0,440.974,87498.16,4,58.83999999999651,0.0006724712839675315,0.06136300466203724,2025
2025-03-25 00:00:00+00:00,BTCUSDT_250328,2025-03-28 00:00:00+00:00,87453.0,339.101,87392.87,3,60.13000000000466,0.0006880423997976569,0.08371182530871493,2025
2025-03-26 00:00:00+00:00,BTCUSDT_250328,2025-03-28 00:00:00+00:00,86909.7,314.659,86909.17,2,0.5299999999988358,6.098320810092144e-06,0.0011129435478418163,2025
2025-03-27 00:00:00+00:00,BTCUSDT_250328,2025-03-28 00:00:00+00:00,87266.2,378.396,87232.01,1,34.19000000000233,0.00039194327861988195,0.14305929669625692,2025
2024-12-27 00:00:00+00:00,BTCUSDT_250627,2025-06-27 00:00:00+00:00,100176.7,238.432,94299.03,182,5877.669999999998,0.06233012152935188,0.12500271625391998,2024
2024-12-28 00:00:00+00:00,BTCUSDT_250627,2025-06-27 00:00:00+00:00,101297.3,70.519,95300.0,181,5997.300000000003,0.0629307450157398,0.12690454105383991,2024
2024-12-29 00:00:00+00:00,BTCUSDT_250627,2025-06-27 00:00:00+00:00,99841.9,88.516,93738.2,180,6103.699999999997,0.06511432905688393,0.13203738947645907,2024
2024-12-30 00:00:00+00:00,BTCUSDT_250627,2025-06-27 00:00:00+00:00,98697.2,178.96,92792.05,179,5905.149999999994,0.06363853368903903,0.1297657251201075,2024
2024-12-31 00:00:00+00:00,BTCUSDT_250627,2025-06-27 00:00:00+00:00,99591.4,162.601,93576.0,178,6015.399999999994,0.06428357698555179,0.13181744718947416,2024
2025-01-01 00:00:00+00:00,BTCUSDT_250627,2025-06-27 00:00:00+00:00,100650.3,85.154,94591.79,177,6058.510000000009,0.06404900467577587,0.1320784559698203,2025
2025-01-02 00:00:00+00:00,BTCUSDT_250627,2025-06-27 00:00:00+00:00,103374.3,191.084,96984.79,176,6389.510000000009,0.06588156761488075,0.13662938738313335,2025
2025-01-03 00:00:00+00:00,BTCUSDT_250627,2025-06-27 00:00:00+00:00,104663.2,190.28,98174.18,175,6489.020000000004,0.06609701247313708,0.13785948315825736,2025
2025-01-04 00:00:00+00:00,BTCUSDT_250627,2025-06-27 00:00:00+00:00,104578.2,77.448,98220.5,174,6357.699999999997,0.06472884988368005,0.13578178280197253,2025
2025-01-05 00:00:00+00:00,BTCUSDT_250627,2025-06-27 00:00:00+00:00,104473.0,95.062,98363.61,173,6109.389999999999,0.0621102661848218,0.13104189108358355,2025
2025-01-06 00:00:00+00:00,BTCUSDT_250627,2025-06-27 00:00:00+00:00,108500.0,257.518,102235.6,172,6264.399999999994,0.06127415499102068,0.1300294568123404,2025
2025-01-07 00:00:00+00:00,BTCUSDT_250627,2025-06-27 00:00:00+00:00,102661.3,272.331,96954.61,171,5706.690000000002,0.058859398227686155,0.1256355576204997,2025
2025-01-08 00:00:00+00:00,BTCUSDT_250627,2025-06-27 00:00:00+00:00,100630.6,284.335,95060.61,170,5569.990000000005,0.05859409065437309,0.125804959346154,2025
2025-01-09 00:00:00+00:00,BTCUSDT_250627,2025-06-27 00:00:00+00:00,97939.3,287.178,92552.49,169,5386.809999999998,0.05820275607927996,0.12570417733098926,2025
2025-01-10 00:00:00+00:00,BTCUSDT_250627,2025-06-27 00:00:00+00:00,100035.4,359.597,94726.11,168,5309.289999999994,0.0560488549566745,0.12177280987610828,2025
2025-01-11 00:00:00+00:00,BTCUSDT_250627,2025-06-27 00:00:00+00:00,99678.9,88.395,94599.99,167,5078.909999999989,0.05368827206007092,0.11734263055045441,2025
2025-01-12 00:00:00+00:00,BTCUSDT_250627,2025-06-27 00:00:00+00:00,99551.7,95.243,94545.06,166,5006.639999999999,0.05295506713941479,0.11643734642100238,2025
2025-01-13 00:00:00+00:00,BTCUSDT_250627,2025-06-27 00:00:00+00:00,99572.5,467.153,94536.1,165,5036.399999999994,0.05327488652483013,0.11785050655492725,2025
2025-01-14 00:00:00+00:00,BTCUSDT_250627,2025-06-27 00:00:00+00:00,101718.4,370.389,96560.86,164,5157.539999999994,0.05341232462096955,0.1188749907722798,2025
2025-01-15 00:00:00+00:00,BTCUSDT_250627,2025-06-27 00:00:00+00:00,106082.9,295.292,100497.35,163,5585.549999999988,0.05557907745826122,0.12445621639426592,2025
2025-01-16 00:00:00+00:00,BTCUSDT_250627,2025-06-27 00:00:00+00:00,105576.0,184.255,99987.3,162,5588.699999999997,0.055894098550515886,0.125934234388508,2025
2025-01-17 00:00:00+00:00,BTCUSDT_250627,2025-06-27 00:00:00+00:00,109861.1,299.363,104077.48,161,5783.62000000001,0.05557033087273068,0.12598242713383043,2025
2025-01-18 00:00:00+00:00,BTCUSDT_250627,2025-06-27 00:00:00+00:00,110158.4,312.219,104556.23,160,5602.169999999998,0.053580451399213594,0.12223040475445601,2025
2025-01-19 00:00:00+00:00,BTCUSDT_250627,2025-06-27 00:00:00+00:00,107140.6,528.787,101331.57,159,5809.029999999999,0.05732695151175491,0.13159960567163864,2025
2025-01-20 00:00:00+00:00,BTCUSDT_250627,2025-06-27 00:00:00+00:00,107708.0,960.456,102260.01,158,5447.990000000005,0.05327586023118916,0.12307398091382304,2025
2025-01-21 00:00:00+00:00,BTCUSDT_250627,2025-06-27 00:00:00+00:00,112084.9,403.802,106143.82,157,5941.079999999987,0.0559719821653299,0.13012594579837844,2025
2025-01-22 00:00:00+00:00,BTCUSDT_250627,2025-06-27 00:00:00+00:00,109186.0,245.633,103706.66,156,5479.3399999999965,0.052834986682629606,0.12362032140487056,2025
2025-01-23 00:00:00+00:00,BTCUSDT_250627,2025-06-27 00:00:00+00:00,109276.6,602.314,103910.34,155,5366.260000000009,0.05164317622288609,0.12161135046034467,2025
2025-01-24 00:00:00+00:00,BTCUSDT_250627,2025-06-27 00:00:00+00:00,110170.9,198.802,104870.5,154,5300.399999999994,0.05054233554717479,0.11979189918648572,2025
2025-01-25 00:00:00+00:00,BTCUSDT_250627,2025-06-27 00:00:00+00:00,110004.8,108.978,104746.85,153,5257.949999999997,0.05019673622643542,0.11975038380816293,2025
2025-01-26 00:00:00+00:00,BTCUSDT_250627,2025-06-27 00:00:00+00:00,107735.5,196.627,102620.0,152,5115.5,0.04984895731826155,0.11970308829714121,2025
2025-01-27 00:00:00+00:00,BTCUSDT_250627,2025-06-27 00:00:00+00:00,107348.9,528.503,102082.83,151,5266.069999999992,0.05158624618851174,0.12469523085302509,2025
2025-01-28 00:00:00+00:00,BTCUSDT_250627,2025-06-27 00:00:00+00:00,106241.7,279.512,101335.52,150,4906.179999999993,0.04841520525083399,0.11781033277702936,2025
2025-01-29 00:00:00+00:00,BTCUSDT_250627,2025-06-27 00:00:00+00:00,108551.1,258.125,103733.24,149,4817.860000000001,0.04644470759806597,0.11377394814291328,2025
2025-01-30 00:00:00+00:00,BTCUSDT_250627,2025-06-27 00:00:00+00:00,109436.1,208.238,104722.94,148,4713.1600000000035,0.045005993911171736,0.11099451201066003,2025
2025-01-31 00:00:00+00:00,BTCUSDT_250627,2025-06-27 00:00:00+00:00,106993.1,210.632,102429.56,147,4563.540000000008,0.04455295912625231,0.11062469442912988,2025
2025-02-01 00:00:00+00:00,BTCUSDT_250627,2025-06-27 00:00:00+00:00,105092.7,107.431,100635.65,146,4457.050000000003,0.0442889771169561,0.11072244279239024,2025
2025-02-02 00:00:00+00:00,BTCUSDT_250627,2025-06-27 00:00:00+00:00,101708.0,424.351,97700.59,145,4007.4100000000035,0.04101725485997581,0.10325033119924945,2025
2025-02-03 00:00:00+00:00,BTCUSDT_250627,2025-06-27 00:00:00+00:00,105387.7,903.644,101328.52,144,4059.179999999993,0.04005960019943045,0.10153995883883414,2025
2025-02-04 00:00:00+00:00,BTCUSDT_250627,2025-06-27 00:00:00+00:00,101370.7,555.008,97763.13,143,3607.5699999999924,0.03690113031364679,0.09418819975161594,2025
2025-02-05 00:00:00+00:00,BTCUSDT_250627,2025-06-27 00:00:00+00:00,100067.8,183.963,96612.43,142,3455.37000000001,0.035765273681657835,0.09193186544933175,2025
2025-02-06 00:00:00+00:00,BTCUSDT_250627,2025-06-27 00:00:00+00:00,100060.7,163.203,96554.35,141,3506.3499999999913,0.036314780224816295,0.09400634597204219,2025
2025-02-07 00:00:00+00:00,BTCUSDT_250627,2025-06-27 00:00:00+00:00,99766.4,227.44,96506.8,140,3259.5999999999913,0.03377585828148888,0.08805848766245315,2025
2025-02-08 00:00:00+00:00,BTCUSDT_250627,2025-06-27 00:00:00+00:00,99606.1,70.508,96444.74,139,3161.3600000000006,0.03277897788930739,0.0860742944575338,2025
2025-02-09 00:00:00+00:00,BTCUSDT_250627,2025-06-27 00:00:00+00:00,99641.0,146.945,96462.75,138,3178.25,0.03294795141129607,0.08714494395016714,2025
2025-02-10 00:00:00+00:00,BTCUSDT_250627,2025-06-27 00:00:00+00:00,100472.8,141.519,97430.82,137,3041.979999999996,0.03122194804477675,0.08318256230907675,2025
2025-02-11 00:00:00+00:00,BTCUSDT_250627,2025-06-27 00:00:00+00:00,98709.4,203.723,95778.2,136,2931.199999999997,0.030604041420699044,0.08213584645996434,2025
2025-02-12 00:00:00+00:00,BTCUSDT_250627,2025-06-27 00:00:00+00:00,100966.5,306.451,97869.99,135,3096.5099999999948,0.03163901416562927,0.0855425197811458,2025
2025-02-13 00:00:00+00:00,BTCUSDT_250627,2025-06-27 00:00:00+00:00,99526.8,155.133,96608.14,134,2918.6600000000035,0.030211325877922954,0.08229204436896924,2025
2025-02-14 00:00:00+00:00,BTCUSDT_250627,2025-06-27 00:00:00+00:00,100427.7,141.569,97500.48,133,2927.220000000001,0.030022621427094526,0.08239290842774061,2025
2025-02-15 00:00:00+00:00,BTCUSDT_250627,2025-06-27 00:00:00+00:00,100457.0,58.702,97569.66,132,2887.3399999999965,0.029592600814638447,0.08182802497987146,2025
2025-02-16 00:00:00+00:00,BTCUSDT_250627,2025-06-27 00:00:00+00:00,98909.8,67.52,96118.12,131,2791.6800000000076,0.029044263454175007,0.08092485618911358,2025
2025-02-17 00:00:00+00:00,BTCUSDT_250627,2025-06-27 00:00:00+00:00,98286.7,184.052,95780.0,130,2506.699999999997,0.0261714345374817,0.07348133543216015,2025
2025-02-18 00:00:00+00:00,BTCUSDT_250627,2025-06-27 00:00:00+00:00,98137.9,190.528,95671.74,129,2466.159999999989,0.02577730895246589,0.07293579664845,2025
2025-02-19 00:00:00+00:00,BTCUSDT_250627,2025-06-27 00:00:00+00:00,99083.2,117.739,96644.37,128,2438.8300000000017,0.025235096467595596,0.07195945477087806,2025
2025-02-20 00:00:00+00:00,BTCUSDT_250627,2025-06-27 00:00:00+00:00,100778.9,117.697,98305.0,127,2473.899999999994,0.025165556177203542,0.07232620476125427,2025
2025-02-21 00:00:00+00:00,BTCUSDT_250627,2025-06-27 00:00:00+00:00,98657.8,200.806,96181.98,126,2475.820000000007,0.02574099639038422,0.07456717208325588,2025
2025-02-22 00:00:00+00:00,BTCUSDT_250627,2025-06-27 00:00:00+00:00,99019.2,65.002,96551.01,125,2468.1900000000023,0.025563585507805693,0.07464566968279263,2025
2025-02-23 00:00:00+00:00,BTCUSDT_250627,2025-06-27 00:00:00+00:00,98713.7,64.536,96258.0,124,2455.699999999997,0.02551164578528535,0.0750947638034609,2025
2025-02-24 00:00:00+00:00,BTCUSDT_250627,2025-06-27 00:00:00+00:00,93671.2,284.55,91552.88,123,2118.3199999999924,0.023137666450252493,0.0686605549133509,2025
2025-02-25 00:00:00+00:00,BTCUSDT_250627,2025-06-27 00:00:00+00:00,90842.5,801.809,88680.4,122,2162.100000000006,0.02438081019030142,0.07294258786442638,2025
2025-02-26 00:00:00+00:00,BTCUSDT_250627,2025-06-27 00:00:00+00:00,86236.1,599.17,84250.09,121,1986.0100000000093,0.023572793809478534,0.07110801438396418,2025
2025-02-27 00:00:00+00:00,BTCUSDT_250627,2025-06-27 00:00:00+00:00,86845.6,425.336,84708.58,120,2137.020000000004,0.02522790489464,0.07673487738786333,2025
2025-02-28 00:00:00+00:00,BTCUSDT_250627,2025-06-27 00:00:00+00:00,86309.7,908.897,84349.94,119,1959.7599999999948,0.0232336857619578,0.0712629857404588,2025
2025-03-01 00:00:00+00:00,BTCUSDT_250627,2025-06-27 00:00:00+00:00,88030.9,200.407,86064.53,118,1966.3699999999953,0.022847623753943645,0.07067273449313077,2025
2025-03-02 00:00:00+00:00,BTCUSDT_250627,2025-06-27 00:00:00+00:00,96243.0,562.46,94270.0,117,1973.0,0.02092924578338814,0.06529209154646728,2025
2025-03-03 00:00:00+00:00,BTCUSDT_250627,2025-06-27 00:00:00+00:00,87920.9,656.661,86220.61,116,1700.2899999999936,0.01972022698517203,0.06205071422058441,2025
2025-03-04 00:00:00+00:00,BTCUSDT_250627,2025-06-27 00:00:00+00:00,88912.4,594.77,87281.98,115,1630.4199999999983,0.01867991537313886,0.059288427053875506,2025
2025-03-05 00:00:00+00:00,BTCUSDT_250627,2025-06-27 00:00:00+00:00,92318.2,322.73,90606.01,114,1712.1900000000023,0.018897090822120988,0.06050384342170316,2025
2025-03-06 00:00:00+00:00,BTCUSDT_250627,2025-06-27 00:00:00+00:00,91695.1,491.38,89931.89,113,1763.2100000000064,0.019606059652477074,0.06332930772702772,2025
2025-03-07 00:00:00+00:00,BTCUSDT_250627,2025-06-27 00:00:00+00:00,88444.7,644.857,86801.75,112,1642.949999999997,0.01892761378658837,0.06168374135807817,2025
2025-03-08 00:00:00+00:00,BTCUSDT_250627,2025-06-27 00:00:00+00:00,87830.9,128.038,86222.45,111,1608.449999999997,0.01865465432726624,0.06134188134641602,2025
2025-03-09 00:00:00+00:00,BTCUSDT_250627,2025-06-27 00:00:00+00:00,82260.7,416.531,80734.37,110,1526.3300000000017,0.018905578875514875,0.06273214808693572,2025
2025-03-10 00:00:00+00:00,BTCUSDT_250627,2025-06-27 00:00:00+00:00,80204.5,901.817,78595.86,109,1608.6399999999994,0.020467235806058987,0.06853707402946359,2025
2025-03-11 00:00:00+00:00,BTCUSDT_250627,2025-06-27 00:00:00+00:00,84566.9,667.975,82932.99,108,1633.909999999989,0.019701568700223986,0.0665840053294607,2025
2025-03-12 00:00:00+00:00,BTCUSDT_250627,2025-06-27 00:00:00+00:00,85315.7,330.919,83680.12,107,1635.5800000000017,0.019545622066507576,0.06667431826425481,2025
2025-03-13 00:00:00+00:00,BTCUSDT_250627,2025-06-27 00:00:00+00:00,82774.6,251.767,81115.78,106,1658.820000000007,0.020450028342204277,0.07041755042362793,2025
2025-03-14 00:00:00+00:00,BTCUSDT_250627,2025-06-27 00:00:00+00:00,85486.6,282.619,83983.2,105,1503.4000000000087,0.017901199287476646,0.062227978475514055,2025
2025-03-15 00:00:00+00:00,BTCUSDT_250627,2025-06-27 00:00:00+00:00,85703.6,290.7,84338.44,104,1365.1600000000035,0.016186687825859757,0.05680904861960395,2025
2025-03-16 00:00:00+00:00,BTCUSDT_250627,2025-06-27 00:00:00+00:00,83917.0,179.816,82574.53,103,1342.4700000000012,0.016257676549899843,0.05761215476420819,2025
2025-03-17 00:00:00+00:00,BTCUSDT_250627,2025-06-27 00:00:00+00:00,85318.1,235.196,84010.03,102,1308.070000000007,0.015570402724531904,0.055717617592687695,2025
2025-03-18 00:00:00+00:00,BTCUSDT_250627,2025-06-27 00:00:00+00:00,83900.0,359.872,82715.03,101,1184.9700000000012,0.014325933267508955,0.0517719370558492,2025
2025-03-19 00:00:00+00:00,BTCUSDT_250627,2025-06-27 00:00:00+00:00,88134.7,355.343,86845.94,100,1288.7599999999948,0.014839611385402643,0.054164581556719646,2025
2025-03-20 00:00:00+00:00,BTCUSDT_250627,2025-06-27 00:00:00+00:00,85411.4,371.039,84223.39,99,1188.0099999999948,0.014105464052206813,0.0520049937278332,2025
2025-03-21 00:00:00+00:00,BTCUSDT_250627,2025-06-27 00:00:00+00:00,85220.7,253.551,84088.79,98,1131.9100000000035,0.013460890565793651,0.05013494955627227,2025
2025-03-22 00:00:00+00:00,BTCUSDT_250627,2025-06-27 00:00:00+00:00,85008.5,91.176,83840.59,97,1167.9100000000035,0.01393012620736571,0.05241748521328334,2025
2025-03-23 00:00:00+00:00,BTCUSDT_250627,2025-06-27 00:00:00+00:00,87252.2,193.938,86082.5,96,1169.699999999997,0.013588127668225215,0.05166319373856462,2025
2025-03-24 00:00:00+00:00,BTCUSDT_250627,2025-06-27 00:00:00+00:00,88688.4,342.953,87498.16,95,1190.2399999999907,0.013603028909407816,0.052264268967724764,2025
2025-03-25 00:00:00+00:00,BTCUSDT_250627,2025-06-27 00:00:00+00:00,88663.5,242.637,87392.87,94,1270.6300000000047,0.014539286786210416,0.05645574124432768,2025
2025-03-26 00:00:00+00:00,BTCUSDT_250627,2025-06-27 00:00:00+00:00,88039.1,303.75,86909.17,93,1129.9300000000076,0.013001274779174713,0.05102650854192226,2025
2025-03-27 00:00:00+00:00,BTCUSDT_250627,2025-06-27 00:00:00+00:00,88281.5,266.983,87232.01,92,1049.4900000000052,0.012031019347141092,0.04773176154028803,2025
2025-03-28 00:00:00+00:00,BTCUSDT_250627,2025-06-27 00:00:00+00:00,85389.2,468.504,84424.38,91,964.8199999999924,0.011428215404128432,0.04583844640117448,2025
2025-03-29 00:00:00+00:00,BTCUSDT_250627,2025-06-27 00:00:00+00:00,83490.0,336.556,82648.54,90,841.4600000000064,0.010181184083832654,0.041290357673321315,2025
2025-03-30 00:00:00+00:00,BTCUSDT_250627,2025-06-27 00:00:00+00:00,83165.1,231.587,82389.99,89,775.1100000000006,0.00940781762444686,0.03858262284183262,2025
2025-03-31 00:00:00+00:00,BTCUSDT_250627,2025-06-27 00:00:00+00:00,83392.8,403.878,82550.01,88,842.7900000000081,0.01020944758213849,0.042346004175915324,2025
2025-04-01 00:00:00+00:00,BTCUSDT_250627,2025-06-27 00:00:00+00:00,86156.0,309.676,85158.34,87,997.6600000000035,0.011715352835670628,0.04915061821861816,2025
2025-04-02 00:00:00+00:00,BTCUSDT_250627,2025-06-27 00:00:00+00:00,83368.9,690.457,82516.29,86,852.6100000000006,0.010332626442609098,0.04385358897153862,2025
2025-04-03 00:00:00+00:00,BTCUSDT_250627,2025-06-27 00:00:00+00:00,84140.6,506.626,83213.09,85,927.5100000000093,0.011146203079347364,0.047863107340726914,2025
2025-04-04 00:00:00+00:00,BTCUSDT_250627,2025-06-27 00:00:00+00:00,84884.6,631.384,83889.87,84,994.7300000000105,0.011857569930672327,0.051523964579707135,2025
2025-04-05 00:00:00+00:00,BTCUSDT_250627,2025-06-27 00:00:00+00:00,84478.8,142.967,83537.99,83,940.8099999999977,0.011262061727843794,0.04952593410437331,2025
2025-04-06 00:00:00+00:00,BTCUSDT_250627,2025-06-27 00:00:00+00:00,79200.8,656.966,78430.0,82,770.8000000000029,0.009827871987759824,0.04374601555527238,2025
2025-04-07 00:00:00+00:00,BTCUSDT_250627,2025-06-27 00:00:00+00:00,80076.1,1142.311,79163.24,81,912.8600000000006,0.011531362283807491,0.051962311525799186,2025
2025-04-08 00:00:00+00:00,BTCUSDT_250627,2025-06-27 00:00:00+00:00,77316.3,525.638,76322.42,80,993.8800000000047,0.013022123774377236,0.05941343972059614,2025
2025-04-09 00:00:00+00:00,BTCUSDT_250627,2025-06-27 00:00:00+00:00,83705.4,1127.023,82615.22,79,1090.179999999993,0.013195873593267597,0.06096827672838826,2025
2025-04-10 00:00:00+00:00,BTCUSDT_250627,2025-06-27 00:00:00+00:00,80502.8,517.343,79607.3,78,895.5,0.011248968373503435,0.052639403286266075,2025
2025-04-11 00:00:00+00:00,BTCUSDT_250627,2025-06-27 00:00:00+00:00,84186.7,550.25,83423.84,77,762.8600000000006,0.00914438846257857,0.04334677647845687,2025
2025-04-12 00:00:00+00:00,BTCUSDT_250627,2025-06-27 00:00:00+00:00,86153.1,255.765,85276.9,76,876.2000000000116,0.010274763740239288,0.049345904805096576,2025
2025-04-13 00:00:00+00:00,BTCUSDT_250627,2025-06-27 00:00:00+00:00,84657.9,342.988,83760.0,75,897.8999999999942,0.010719914040114544,0.05217024832855744,2025
2025-04-14 00:00:00+00:00,BTCUSDT_250627,2025-06-27 00:00:00+00:00,85377.9,429.838,84591.58,74,786.3199999999924,0.009295487801504505,0.04584936550742087,2025
2025-04-15 00:00:00+00:00,BTCUSDT_250627,2025-06-27 00:00:00+00:00,84501.9,323.816,83643.99,73,857.9099999999889,0.01025668431168801,0.051283421558440054,2025
2025-04-16 00:00:00+00:00,BTCUSDT_250627,2025-06-27 00:00:00+00:00,84915.2,375.411,84030.38,72,884.8199999999924,0.010529763164226942,0.053380049374206026,2025
2025-04-17 00:00:00+00:00,BTCUSDT_250627,2025-06-27 00:00:00+00:00,85806.6,236.318,84947.91,71,858.6900000000023,0.010108429977853514,0.05196587242135961,2025
2025-04-18 00:00:00+00:00,BTCUSDT_250627,2025-06-27 00:00:00+00:00,85301.9,82.447,84474.69,70,827.2099999999919,0.009792400540327427,0.05106037424599301,2025
2025-04-19 00:00:00+00:00,BTCUSDT_250627,2025-06-27 00:00:00+00:00,85983.5,124.549,85077.01,69,906.4900000000052,0.010654934864307119,0.056363061238726066,2025
2025-04-20 00:00:00+00:00,BTCUSDT_250627,2025-06-27 00:00:00+00:00,85941.3,174.796,85179.24,68,762.0599999999977,0.008946546130254245,0.04802190202268822,2025
2025-04-21 00:00:00+00:00,BTCUSDT_250627,2025-06-27 00:00:00+00:00,88240.8,632.991,87516.23,67,724.570000000007,0.0082792643147449,0.04510345484898341,2025
2025-04-22 00:00:00+00:00,BTCUSDT_250627,2025-06-27 00:00:00+00:00,94229.9,597.322,93442.99,66,786.9099999999889,0.008421284464463186,0.04657225499286459,2025
2025-04-23 00:00:00+00:00,BTCUSDT_250627,2025-06-27 00:00:00+00:00,94477.3,565.081,93691.08,65,786.2200000000012,0.00839162063240173,0.04712217739733279,2025
2025-04-24 00:00:00+00:00,BTCUSDT_250627,2025-06-27 00:00:00+00:00,94808.5,383.238,93980.47,64,828.0299999999988,0.008810660342515831,0.0502482972659106,2025
2025-04-25 00:00:00+00:00,BTCUSDT_250627,2025-06-27 00:00:00+00:00,95490.0,394.464,94638.68,63,851.320000000007,0.008995476268265861,0.052116648220905386,2025
2025-04-26 00:00:00+00:00,BTCUSDT_250627,2025-06-27 00:00:00+00:00,95565.2,203.371,94628.0,62,937.1999999999971,0.009904045314283268,0.05830607322118375,2025
2025-04-27 00:00:00+00:00,BTCUSDT_250627,2025-06-27 00:00:00+00:00,94583.3,145.457,93749.3,61,834.0,0.008896066423962632,0.0532305613892846,2025
2025-04-28 00:00:00+00:00,BTCUSDT_250627,2025-06-27 00:00:00+00:00,95829.4,329.958,95011.18,60,818.2200000000012,0.008611828629009778,0.05238862415980948,2025
2025-04-29 00:00:00+00:00,BTCUSDT_250627,2025-06-27 00:00:00+00:00,95186.8,233.434,94256.82,59,929.9799999999959,0.009866447860218452,0.06103819438948704,2025
2025-04-30 00:00:00+00:00,BTCUSDT_250627,2025-06-27 00:00:00+00:00,95100.5,397.226,94172.0,58,928.5,0.009859618570275666,0.062047599623286515,2025
2025-05-01 00:00:00+00:00,BTCUSDT_250627,2025-06-27 00:00:00+00:00,97349.6,425.126,96489.91,57,859.6900000000023,0.008909636251085758,0.05705293388853161,2025
2025-05-02 00:00:00+00:00,BTCUSDT_250627,2025-06-27 00:00:00+00:00,97635.6,321.921,96887.14,56,748.4600000000064,0.007725070633729166,0.050350906809127606,2025
2025-05-03 00:00:00+00:00,BTCUSDT_250627,2025-06-27 00:00:00+00:00,96554.9,165.08,95856.42,55,698.4799999999959,0.007286731551209569,0.04835740029439078,2025
2025-05-04 00:00:00+00:00,BTCUSDT_250627,2025-06-27 00:00:00+00:00,94800.0,247.611,94277.62,54,522.3800000000047,0.00554086961465515,0.03745217424720611,2025
2025-05-05 00:00:00+00:00,BTCUSDT_250627,2025-06-27 00:00:00+00:00,95384.4,278.144,94733.68,53,650.7200000000012,0.006868940381076732,0.047304966775339755,2025
2025-05-06 00:00:00+00:00,BTCUSDT_250627,2025-06-27 00:00:00+00:00,97370.3,331.881,96834.02,52,536.2799999999988,0.005538136287226316,0.03887345663149241,2025
2025-05-07 00:00:00+00:00,BTCUSDT_250627,2025-06-27 00:00:00+00:00,97570.2,545.597,97030.5,51,539.6999999999971,0.005562168596472213,0.03980767721004623,2025
2025-05-08 00:00:00+00:00,BTCUSDT_250627,2025-06-27 00:00:00+00:00,103921.6,727.954,103261.6,50,660.0,0.006391533735677153,0.046658196270443215,2025
2025-05-09 00:00:00+00:00,BTCUSDT_250627,2025-06-27 00:00:00+00:00,103646.2,320.399,102971.99,49,674.2099999999919,0.006547508696296845,0.048772258656088745,2025
2025-05-10 00:00:00+00:00,BTCUSDT_250627,2025-06-27 00:00:00+00:00,105589.5,219.798,104809.53,48,779.9700000000012,0.007441785112479764,0.05658857429281487,2025
2025-05-11 00:00:00+00:00,BTCUSDT_250627,2025-06-27 00:00:00+00:00,104851.3,270.478,104118.0,47,733.3000000000029,0.007042970475806325,0.05469540901424061,2025
2025-05-12 00:00:00+00:00,BTCUSDT_250627,2025-06-27 00:00:00+00:00,103417.7,413.587,102791.32,46,626.3799999999901,0.006093705188336817,0.04835222595093344,2025
2025-05-13 00:00:00+00:00,BTCUSDT_250627,2025-06-27 00:00:00+00:00,104838.7,227.356,104103.72,45,734.9799999999959,0.007060074318189551,0.05726504724753746,2025
2025-05-14 00:00:00+00:00,BTCUSDT_250627,2025-06-27 00:00:00+00:00,104205.3,148.862,103507.82,44,697.4799999999959,0.006738428072391013,0.05589832378233454,2025
2025-05-15 00:00:00+00:00,BTCUSDT_250627,2025-06-27 00:00:00+00:00,104337.8,328.489,103763.71,43,574.0899999999965,0.005532666478482664,0.04696333173595751,2025
2025-05-16 00:00:00+00:00,BTCUSDT_250627,2025-06-27 00:00:00+00:00,104045.0,180.975,103463.9,42,581.1000000000058,0.005616451728573984,0.04880964002213105,2025
2025-05-17 00:00:00+00:00,BTCUSDT_250627,2025-06-27 00:00:00+00:00,103606.0,129.446,103126.65,41,479.3500000000058,0.0046481680535536245,0.04138003267187983,2025
2025-05-18 00:00:00+00:00,BTCUSDT_250627,2025-06-27 00:00:00+00:00,107142.7,258.99,106454.26,40,688.4400000000023,0.006467002823560113,0.05901140076498603,2025
2025-05-19 00:00:00+00:00,BTCUSDT_250627,2025-06-27 00:00:00+00:00,106155.5,383.896,105573.74,39,581.7599999999948,0.005510461218859867,0.051572265253432094,2025
2025-05-20 00:00:00+00:00,BTCUSDT_250627,2025-06-27 00:00:00+00:00,107386.8,296.51,106849.99,38,536.8099999999977,0.005023959290964815,0.0482564510842673,2025
2025-05-21 00:00:00+00:00,BTCUSDT_250627,2025-06-27 00:00:00+00:00,110294.0,512.409,109643.99,37,650.0099999999948,0.005928368714053499,0.05848255623323047,2025
2025-05-22 00:00:00+00:00,BTCUSDT_250627,2025-06-27 00:00:00+00:00,112417.5,337.994,111696.21,36,721.2899999999936,0.0064576049626034185,0.06547293920417355,2025
2025-05-23 00:00:00+00:00,BTCUSDT_250627,2025-06-27 00:00:00+00:00,107967.4,394.098,107318.3,35,649.0999999999913,0.006048362674399345,0.06307578217587889,2025
2025-05-24 00:00:00+00:00,BTCUSDT_250627,2025-06-27 00:00:00+00:00,108373.9,274.973,107761.91,34,611.9899999999907,0.005679093846796059,0.06096674276707534,2025
2025-05-25 00:00:00+00:00,BTCUSDT_250627,2025-06-27 00:00:00+00:00,109596.2,251.644,109004.19,33,592.0099999999948,0.005431075631129361,0.0600709880412793,2025
2025-05-26 00:00:00+00:00,BTCUSDT_250627,2025-06-27 00:00:00+00:00,110033.5,245.916,109434.79,32,598.7100000000064,0.005470929308677857,0.0624027874271068,2025
2025-05-27 00:00:00+00:00,BTCUSDT_250627,2025-06-27 00:00:00+00:00,109500.8,316.86,108938.17,31,562.6300000000047,0.005164672768048193,0.06080985678508356,2025
2025-05-28 00:00:00+00:00,BTCUSDT_250627,2025-06-27 00:00:00+00:00,108347.6,412.371,107781.78,30,565.820000000007,0.005249681346884483,0.0638711230537612,2025
2025-05-29 00:00:00+00:00,BTCUSDT_250627,2025-06-27 00:00:00+00:00,106104.5,338.771,105589.75,29,514.75,0.004874999704043243,0.061357754895716675,2025
2025-05-30 00:00:00+00:00,BTCUSDT_250627,2025-06-27 00:00:00+00:00,104449.4,418.081,103985.48,28,463.91999999999825,0.004461392109744536,0.05815743285916985,2025
2025-05-31 00:00:00+00:00,BTCUSDT_250627,2025-06-27 00:00:00+00:00,105025.5,198.098,104591.88,27,433.61999999999534,0.004145828528945032,0.0560454597431458,2025
2025-06-01 00:00:00+00:00,BTCUSDT_250627,2025-06-27 00:00:00+00:00,106079.4,142.035,105642.93,26,436.47000000000116,0.004131559016774726,0.05800073235087595,2025
2025-06-02 00:00:00+00:00,BTCUSDT_250627,2025-06-27 00:00:00+00:00,106290.6,279.103,105857.99,25,432.6100000000006,0.004086701438408198,0.05966584100075968,2025
2025-06-03 00:00:00+00:00,BTCUSDT_250627,2025-06-27 00:00:00+00:00,105777.5,230.794,105376.89,24,400.6100000000006,0.003801687447788605,0.05781732993511837,2025
2025-06-04 00:00:00+00:00,BTCUSDT_250627,2025-06-27 00:00:00+00:00,105008.0,194.775,104696.86,23,311.1399999999994,0.002971817874958231,0.047161457580858886,2025
2025-06-05 00:00:00+00:00,BTCUSDT_250627,2025-06-27 00:00:00+00:00,101773.4,386.502,101508.68,22,264.72000000000116,0.002607855801099977,0.04326669851824961,2025
2025-06-06 00:00:00+00:00,BTCUSDT_250627,2025-06-27 00:00:00+00:00,104580.1,287.556,104288.44,21,291.6600000000035,0.0027966666295900435,0.04860872951430313,2025
2025-06-07 00:00:00+00:00,BTCUSDT_250627,2025-06-27 00:00:00+00:00,105788.3,116.062,105552.15,20,236.15000000000873,0.0022372827081211396,0.0408304094232108,2025
2025-06-08 00:00:00+00:00,BTCUSDT_250627,2025-06-27 00:00:00+00:00,106009.5,137.216,105734.0,19,275.5,0.002605595172792101,0.050054854635216674,2025
2025-06-09 00:00:00+00:00,BTCUSDT_250627,2025-06-27 00:00:00+00:00,110499.9,395.525,110263.02,18,236.8799999999901,0.0021483177224783986,0.04356310937247864,2025
2025-06-10 00:00:00+00:00,BTCUSDT_250627,2025-06-27 00:00:00+00:00,110527.2,262.687,110274.39,17,252.80999999999767,0.002292554055388542,0.04922248413040104,2025
2025-06-11 00:00:00+00:00,BTCUSDT_250627,2025-06-27 00:00:00+00:00,108831.6,223.255,108645.12,16,186.48000000001048,0.0017164139539816467,0.03915569332520631,2025
2025-06-12 00:00:00+00:00,BTCUSDT_250627,2025-06-27 00:00:00+00:00,105796.6,466.49,105671.73,15,124.8700000000099,0.0011816783921301363,0.02875417420849998,2025
2025-06-13 00:00:00+00:00,BTCUSDT_250627,2025-06-27 00:00:00+00:00,106180.2,503.166,106066.59,14,113.61000000000058,0.001071119567434011,0.027925617293815288,2025
2025-06-14 00:00:00+00:00,BTCUSDT_250627,2025-06-27 00:00:00+00:00,105506.2,125.243,105414.64,13,91.55999999999767,0.0008685700582006225,0.024386774711017477,2025
2025-06-15 00:00:00+00:00,BTCUSDT_250627,2025-06-27 00:00:00+00:00,105666.1,153.073,105594.01,12,72.09000000001106,0.0006827091801893977,0.02076573756409418,2025
2025-06-16 00:00:00+00:00,BTCUSDT_250627,2025-06-27 00:00:00+00:00,106868.3,301.062,106794.53,11,73.77000000000407,0.000690765716184191,0.022920862400657247,2025
2025-06-17 00:00:00+00:00,BTCUSDT_250627,2025-06-27 00:00:00+00:00,104649.9,345.106,104551.17,10,98.72999999999593,0.0009443222873545646,0.034467763488441605,2025
2025-06-18 00:00:00+00:00,BTCUSDT_250627,2025-06-27 00:00:00+00:00,104905.9,281.628,104886.78,9,19.119999999995343,0.00018229180073976286,0.0073929452522237165,2025
2025-06-19 00:00:00+00:00,BTCUSDT_250627,2025-06-27 00:00:00+00:00,104688.3,142.336,104658.59,8,29.710000000006403,0.00028387540860245114,0.012951815517486833,2025
2025-06-20 00:00:00+00:00,BTCUSDT_250627,2025-06-27 00:00:00+00:00,103303.2,511.368,103297.99,7,5.209999999991851,5.0436605784796495e-05,0.002629908730207246,2025
2025-06-21 00:00:00+00:00,BTCUSDT_250627,2025-06-27 00:00:00+00:00,102134.1,223.46,102120.01,6,14.09000000001106,0.00013797491794224326,0.008393474174819799,2025
2025-06-22 00:00:00+00:00,BTCUSDT_250627,2025-06-27 00:00:00+00:00,100984.0,489.632,100963.87,5,20.130000000004657,0.00019937825283445116,0.014554612456914934,2025
2025-06-23 00:00:00+00:00,BTCUSDT_250627,2025-06-27 00:00:00+00:00,105354.3,578.288,105333.93,4,20.370000000009895,0.00019338498050922335,0.01764637947146663,2025
2025-06-24 00:00:00+00:00,BTCUSDT_250627,2025-06-27 00:00:00+00:00,106087.4,312.328,106083.0,3,4.399999999994179,4.147695672251142e-05,0.005046363067905557,2025
2025-06-25 00:00:00+00:00,BTCUSDT_250627,2025-06-27 00:00:00+00:00,107330.3,295.361,107340.58,2,-10.279999999998836,-9.576993155802619e-05,-0.01747801250933978,2025
2025-06-26 00:00:00+00:00,BTCUSDT_250627,2025-06-27 00:00:00+00:00,106926.4,409.458,106947.06,1,-20.660000000003492,-0.0001931796909611493,-0.0705105872008195,2025
2025-03-28 00:00:00+00:00,BTCUSDT_250926,2025-09-26 00:00:00+00:00,86845.7,212.726,84424.38,182,2421.3199999999924,0.028680340915740125,0.057518266122226075,2025
2025-03-29 00:00:00+00:00,BTCUSDT_250926,2025-09-26 00:00:00+00:00,84857.5,109.189,82648.54,181,2208.9600000000064,0.02672715089703952,0.05389729324541119,2025
2025-03-30 00:00:00+00:00,BTCUSDT_250926,2025-09-26 00:00:00+00:00,84542.9,87.954,82389.99,180,2152.909999999989,0.02613072291913118,0.05298729925268267,2025
2025-03-31 00:00:00+00:00,BTCUSDT_250926,2025-09-26 00:00:00+00:00,84667.9,311.615,82550.01,179,2117.8899999999994,0.025655841834543686,0.052314984746415896,2025
2025-04-01 00:00:00+00:00,BTCUSDT_250926,2025-09-26 00:00:00+00:00,87641.2,225.933,85158.34,178,2482.8600000000006,0.029155805526505103,0.05978578099536158,2025
2025-04-02 00:00:00+00:00,BTCUSDT_250926,2025-09-26 00:00:00+00:00,84806.5,363.021,82516.29,177,2290.2100000000064,0.027754640932111788,0.05723414655491979,2025
2025-04-03 00:00:00+00:00,BTCUSDT_250926,2025-09-26 00:00:00+00:00,85645.0,233.472,83213.09,176,2431.9100000000035,0.029225089466092456,0.0606088503132031,2025
2025-04-04 00:00:00+00:00,BTCUSDT_250926,2025-09-26 00:00:00+00:00,86217.6,315.285,83889.87,175,2327.7300000000105,0.027747450317899058,0.05787325352018947,2025
2025-04-05 00:00:00+00:00,BTCUSDT_250926,2025-09-26 00:00:00+00:00,85907.1,63.185,83537.99,174,2369.1100000000006,0.02835967204860927,0.05949011665369186,2025
2025-04-06 00:00:00+00:00,BTCUSDT_250926,2025-09-26 00:00:00+00:00,80351.7,327.101,78430.0,173,1921.699999999997,0.02450210378681623,0.051695190070450425,2025
2025-04-07 00:00:00+00:00,BTCUSDT_250926,2025-09-26 00:00:00+00:00,81474.0,582.736,79163.24,172,2310.7599999999948,0.029189810826338015,0.06194349390472893,2025
2025-04-08 00:00:00+00:00,BTCUSDT_250926,2025-09-26 00:00:00+00:00,78592.8,248.939,76322.42,171,2270.3800000000047,0.029747222375810473,0.06349553314134984,2025
2025-04-09 00:00:00+00:00,BTCUSDT_250926,2025-09-26 00:00:00+00:00,85421.4,501.646,82615.22,170,2806.179999999993,0.033966864701201464,0.07292885656434432,2025
2025-04-10 00:00:00+00:00,BTCUSDT_250926,2025-09-26 00:00:00+00:00,81964.9,263.822,79607.3,169,2357.5999999999913,0.02961537446942669,0.06396219929787421,2025
2025-04-11 00:00:00+00:00,BTCUSDT_250926,2025-09-26 00:00:00+00:00,85436.4,371.6,83423.84,168,2012.5599999999977,0.024124518842575427,0.05241338915202399,2025
2025-04-12 00:00:00+00:00,BTCUSDT_250926,2025-09-26 00:00:00+00:00,87564.6,172.659,85276.9,167,2287.7000000000116,0.026826725643169624,0.058633262633274924,2025
2025-04-13 00:00:00+00:00,BTCUSDT_250926,2025-09-26 00:00:00+00:00,86075.8,137.658,83760.0,166,2315.800000000003,0.02764804202483289,0.06079238156062653,2025
2025-04-14 00:00:00+00:00,BTCUSDT_250926,2025-09-26 00:00:00+00:00,86791.8,157.272,84591.58,165,2200.220000000001,0.02600991729909763,0.057537089782852324,2025
2025-04-15 00:00:00+00:00,BTCUSDT_250926,2025-09-26 00:00:00+00:00,85916.3,180.204,83643.99,164,2272.3099999999977,0.027166446746502617,0.06046190891752107,2025
2025-04-16 00:00:00+00:00,BTCUSDT_250926,2025-09-26 00:00:00+00:00,86296.2,151.858,84030.38,163,2265.8199999999924,0.026964295532163396,0.060380170976930304,2025
2025-04-17 00:00:00+00:00,BTCUSDT_250926,2025-09-26 00:00:00+00:00,87140.7,125.928,84947.91,162,2192.7899999999936,0.02581334843906099,0.05815970481640284,2025
2025-04-18 00:00:00+00:00,BTCUSDT_250926,2025-09-26 00:00:00+00:00,86645.0,40.225,84474.69,161,2170.3099999999977,0.025691837401238142,0.05824546988479455,2025
2025-04-19 00:00:00+00:00,BTCUSDT_250926,2025-09-26 00:00:00+00:00,87457.9,94.11,85077.01,160,2380.8899999999994,0.027985116073073083,0.06384104604169798,2025
2025-04-20 00:00:00+00:00,BTCUSDT_250926,2025-09-26 00:00:00+00:00,87341.6,75.977,85179.24,159,2162.3600000000006,0.025385997808855778,0.058276032705863894,2025
2025-04-21 00:00:00+00:00,BTCUSDT_250926,2025-09-26 00:00:00+00:00,89753.7,362.344,87516.23,158,2237.470000000001,0.02556634352279573,0.059061489783673676,2025
2025-04-22 00:00:00+00:00,BTCUSDT_250926,2025-09-26 00:00:00+00:00,95839.6,330.557,93442.99,157,2396.6100000000006,0.025647830832468015,0.05962712263599252,2025
2025-04-23 00:00:00+00:00,BTCUSDT_250926,2025-09-26 00:00:00+00:00,96147.4,333.869,93691.08,156,2456.3199999999924,0.02621722366739707,0.06134158101666622,2025
2025-04-24 00:00:00+00:00,BTCUSDT_250926,2025-09-26 00:00:00+00:00,96401.1,183.531,93980.47,155,2420.6300000000047,0.025756734351296655,0.06065295508531148,2025
2025-04-25 00:00:00+00:00,BTCUSDT_250926,2025-09-26 00:00:00+00:00,97140.3,169.698,94638.68,154,2501.62000000001,0.02643337798033542,0.06265053871962617,2025
2025-04-26 00:00:00+00:00,BTCUSDT_250926,2025-09-26 00:00:00+00:00,97192.5,111.802,94628.0,153,2564.5,0.027100858096969185,0.06465237389146243,2025
2025-04-27 00:00:00+00:00,BTCUSDT_250926,2025-09-26 00:00:00+00:00,96164.6,86.796,93749.3,152,2415.300000000003,0.025763392366663036,0.06186604088047373,2025
2025-04-28 00:00:00+00:00,BTCUSDT_250926,2025-09-26 00:00:00+00:00,97469.2,143.109,95011.18,151,2458.020000000004,0.02587085014626704,0.06253549869793026,2025
2025-04-29 00:00:00+00:00,BTCUSDT_250926,2025-09-26 00:00:00+00:00,96776.6,81.793,94256.82,150,2519.779999999999,0.026733131883719383,0.0650506209170505,2025
2025-04-30 00:00:00+00:00,BTCUSDT_250926,2025-09-26 00:00:00+00:00,96669.7,164.019,94172.0,149,2497.699999999997,0.02652274561440765,0.06497182650509258,2025
2025-05-01 00:00:00+00:00,BTCUSDT_250926,2025-09-26 00:00:00+00:00,98887.5,212.891,96489.91,148,2397.5899999999965,0.024848090334004834,0.06128076332372814,2025
2025-05-02 00:00:00+00:00,BTCUSDT_250926,2025-09-26 00:00:00+00:00,99214.5,194.125,96887.14,147,2327.3600000000006,0.024021351027597684,0.05964485119097384,2025
2025-05-03 00:00:00+00:00,BTCUSDT_250926,2025-09-26 00:00:00+00:00,98065.0,57.402,95856.42,146,2208.5800000000017,0.023040501616897458,0.057601254042243644,2025
2025-05-04 00:00:00+00:00,BTCUSDT_250926,2025-09-26 00:00:00+00:00,96176.2,162.851,94277.62,145,1898.5800000000017,0.020138183377985164,0.05069266850320403,2025
2025-05-05 00:00:00+00:00,BTCUSDT_250926,2025-09-26 00:00:00+00:00,96914.6,163.142,94733.68,144,2180.920000000013,0.023021590631758557,0.058353337365221344,2025
2025-05-06 00:00:00+00:00,BTCUSDT_250926,2025-09-26 00:00:00+00:00,98806.0,119.951,96834.02,143,1971.979999999996,0.020364537174022063,0.05197941306655981,2025
2025-05-07 00:00:00+00:00,BTCUSDT_250926,2025-09-26 00:00:00+00:00,98894.7,269.604,97030.5,142,1864.199999999997,0.019212515652294867,0.04938428319075793,2025
2025-05-08 00:00:00+00:00,BTCUSDT_250926,2025-09-26 00:00:00+00:00,105646.9,315.546,103261.6,141,2385.2999999999884,0.023099583969258545,0.05979679538141396,2025
2025-05-09 00:00:00+00:00,BTCUSDT_250926,2025-09-26 00:00:00+00:00,105307.8,156.372,102971.99,140,2335.8099999999977,0.022683935699407163,0.059140260930597245,2025
2025-05-10 00:00:00+00:00,BTCUSDT_250926,2025-09-26 00:00:00+00:00,107382.0,135.636,104809.53,139,2572.470000000001,0.02454423753259843,0.06445069567912538,2025
2025-05-11 00:00:00+00:00,BTCUSDT_250926,2025-09-26 00:00:00+00:00,106766.8,145.455,104118.0,138,2648.800000000003,0.02544036573887323,0.06728792387455601,2025
2025-05-12 00:00:00+00:00,BTCUSDT_250926,2025-09-26 00:00:00+00:00,105256.5,245.06,102791.32,137,2465.179999999993,0.023982375165529472,0.06389464916363692,2025
2025-05-13 00:00:00+00:00,BTCUSDT_250926,2025-09-26 00:00:00+00:00,106786.0,176.682,104103.72,136,2682.279999999999,0.02576545775693701,0.06914994177413242,2025
2025-05-14 00:00:00+00:00,BTCUSDT_250926,2025-09-26 00:00:00+00:00,106078.3,104.616,103507.82,135,2570.479999999996,0.024833679233124566,0.06714291051918864,2025
2025-05-15 00:00:00+00:00,BTCUSDT_250926,2025-09-26 00:00:00+00:00,106087.9,238.025,103763.71,134,2324.189999999988,0.0223988714358805,0.06101185129922673,2025
2025-05-16 00:00:00+00:00,BTCUSDT_250926,2025-09-26 00:00:00+00:00,105796.1,89.044,103463.9,133,2332.2000000000116,0.022541195528102187,0.06186117569742329,2025
2025-05-17 00:00:00+00:00,BTCUSDT_250926,2025-09-26 00:00:00+00:00,105264.5,96.367,103126.65,132,2137.850000000006,0.020730334981307025,0.057322517183159574,2025
2025-05-18 00:00:00+00:00,BTCUSDT_250926,2025-09-26 00:00:00+00:00,109071.8,276.19,106454.26,131,2617.540000000008,0.024588400689648383,0.0685096660436768,2025
2025-05-19 00:00:00+00:00,BTCUSDT_250926,2025-09-26 00:00:00+00:00,107908.7,257.826,105573.74,130,2334.959999999992,0.022116863530646843,0.06209734760527767,2025
2025-05-20 00:00:00+00:00,BTCUSDT_250926,2025-09-26 00:00:00+00:00,109237.6,124.125,106849.99,129,2387.6100000000006,0.022345439620537172,0.06322546869376797,2025
2025-05-21 00:00:00+00:00,BTCUSDT_250926,2025-09-26 00:00:00+00:00,112442.7,445.261,109643.99,128,2798.709999999992,0.0255254300760123,0.07278735920112882,2025
2025-05-22 00:00:00+00:00,BTCUSDT_250926,2025-09-26 00:00:00+00:00,114574.5,255.172,111696.21,127,2878.2899999999936,0.025768913734852718,0.07406026388363182,2025
2025-05-23 00:00:00+00:00,BTCUSDT_250926,2025-09-26 00:00:00+00:00,109972.5,213.825,107318.3,126,2654.199999999997,0.02473203544968563,0.07164438840583535,2025
2025-05-24 00:00:00+00:00,BTCUSDT_250926,2025-09-26 00:00:00+00:00,110422.2,98.974,107761.91,125,2660.2899999999936,0.024686737642270758,0.07208527391543061,2025
2025-05-25 00:00:00+00:00,BTCUSDT_250926,2025-09-26 00:00:00+00:00,111686.8,187.677,109004.19,124,2682.6100000000006,0.024610154894045822,0.07244118174457036,2025
2025-05-26 00:00:00+00:00,BTCUSDT_250926,2025-09-26 00:00:00+00:00,112248.7,185.921,109434.79,123,2813.9100000000035,0.02571312102851391,0.07630316402770387,2025
2025-05-27 00:00:00+00:00,BTCUSDT_250926,2025-09-26 00:00:00+00:00,111677.1,138.627,108938.17,122,2738.9300000000076,0.02514205994097393,0.07522009736438921,2025
2025-05-28 00:00:00+00:00,BTCUSDT_250926,2025-09-26 00:00:00+00:00,110460.3,140.133,107781.78,121,2678.520000000004,0.024851324593080613,0.07496473947499524,2025
2025-05-29 00:00:00+00:00,BTCUSDT_250926,2025-09-26 00:00:00+00:00,108224.0,256.871,105589.75,120,2634.25,0.024947970802090165,0.07588341118969091,2025
2025-05-30 00:00:00+00:00,BTCUSDT_250926,2025-09-26 00:00:00+00:00,106619.3,267.09,103985.48,119,2633.820000000007,0.02532872858787599,0.07768895743340115,2025
2025-05-31 00:00:00+00:00,BTCUSDT_250926,2025-09-26 00:00:00+00:00,107127.2,128.893,104591.88,118,2535.3199999999924,0.024240122655793093,0.07498004041834305,2025
2025-06-01 00:00:00+00:00,BTCUSDT_250926,2025-09-26 00:00:00+00:00,108207.4,85.863,105642.93,117,2564.470000000001,0.024274885219484173,0.07572934277873268,2025
2025-06-02 00:00:00+00:00,BTCUSDT_250926,2025-09-26 00:00:00+00:00,108320.0,151.968,105857.99,116,2462.0099999999948,0.023257668126893345,0.07318145574410406,2025
2025-06-03 00:00:00+00:00,BTCUSDT_250926,2025-09-26 00:00:00+00:00,107694.1,124.937,105376.89,115,2317.2100000000064,0.021989736079704066,0.06979351016601724,2025
2025-06-04 00:00:00+00:00,BTCUSDT_250926,2025-09-26 00:00:00+00:00,106820.0,99.386,104696.86,114,2123.1399999999994,0.02027892718081516,0.06492814404383801,2025
2025-06-05 00:00:00+00:00,BTCUSDT_250926,2025-09-26 00:00:00+00:00,103537.2,196.996,101508.68,113,2028.520000000004,0.019983709767480023,0.0645491510188514,2025
2025-06-06 00:00:00+00:00,BTCUSDT_250926,2025-09-26 00:00:00+00:00,106312.0,166.902,104288.44,112,2023.5599999999977,0.019403492851173126,0.06323459723819815,2025
2025-06-07 00:00:00+00:00,BTCUSDT_250926,2025-09-26 00:00:00+00:00,107479.9,70.84,105552.15,111,1927.75,0.018263483974509283,0.06005560045671972,2025
2025-06-08 00:00:00+00:00,BTCUSDT_250926,2025-09-26 00:00:00+00:00,107838.6,108.927,105734.0,110,2104.600000000006,0.019904666427071765,0.06604730223528359,2025
2025-06-09 00:00:00+00:00,BTCUSDT_250926,2025-09-26 00:00:00+00:00,112310.1,203.137,110263.02,109,2047.0800000000017,0.01856542655914922,0.062168630221004266,2025
2025-06-10 00:00:00+00:00,BTCUSDT_250926,2025-09-26 00:00:00+00:00,112330.7,171.905,110274.39,108,2056.3099999999977,0.018647212648376453,0.06302067237645746,2025
2025-06-11 00:00:00+00:00,BTCUSDT_250926,2025-09-26 00:00:00+00:00,110583.1,186.246,108645.12,107,1937.9800000000105,0.01783770867941432,0.06084825857931053,2025
2025-06-12 00:00:00+00:00,BTCUSDT_250926,2025-09-26 00:00:00+00:00,107294.2,276.39,105671.73,106,1622.4700000000012,0.01535386995178371,0.052869457852840133,2025
2025-06-13 00:00:00+00:00,BTCUSDT_250926,2025-09-26 00:00:00+00:00,107659.9,287.184,106066.59,105,1593.3099999999977,0.015021789613487128,0.05221860198974097,2025
2025-06-14 00:00:00+00:00,BTCUSDT_250926,2025-09-26 00:00:00+00:00,107055.9,100.876,105414.64,104,1641.2599999999948,0.015569564151620635,0.05464318187828396,2025
2025-06-15 00:00:00+00:00,BTCUSDT_250926,2025-09-26 00:00:00+00:00,107168.4,128.71,105594.01,103,1574.3899999999994,0.014909841950315169,0.052835847688010064,2025
2025-06-16 00:00:00+00:00,BTCUSDT_250926,2025-09-26 00:00:00+00:00,108356.4,199.588,106794.53,102,1561.8699999999953,0.014624999988295237,0.052334558781644724,2025
2025-06-17 00:00:00+00:00,BTCUSDT_250926,2025-09-26 00:00:00+00:00,106107.8,273.412,104551.17,101,1556.6300000000047,0.014888690389595876,0.05380566328913361,2025
2025-06-18 00:00:00+00:00,BTCUSDT_250926,2025-09-26 00:00:00+00:00,106360.4,168.758,104886.78,100,1473.6199999999953,0.01404962570116077,0.05128113380923681,2025
2025-06-19 00:00:00+00:00,BTCUSDT_250926,2025-09-26 00:00:00+00:00,106074.2,92.47,104658.59,99,1415.6100000000006,0.013525980046167263,0.049868512291424756,2025
2025-06-20 00:00:00+00:00,BTCUSDT_250926,2025-09-26 00:00:00+00:00,104686.4,236.343,103297.99,98,1388.409999999989,0.013440823001492951,0.05006020811780538,2025
2025-06-21 00:00:00+00:00,BTCUSDT_250926,2025-09-26 00:00:00+00:00,103437.5,128.553,102120.01,97,1317.4900000000052,0.012901389257600007,0.04854646473220621,2025
2025-06-22 00:00:00+00:00,BTCUSDT_250926,2025-09-26 00:00:00+00:00,102136.6,369.999,100963.87,96,1172.7300000000105,0.011615343191579428,0.04416250275965095,2025
2025-06-23 00:00:00+00:00,BTCUSDT_250926,2025-09-26 00:00:00+00:00,106609.7,367.007,105333.93,95,1275.770000000004,0.012111671899073776,0.04653431834907293,2025
2025-06-24 00:00:00+00:00,BTCUSDT_250926,2025-09-26 00:00:00+00:00,107409.9,159.52,106083.0,94,1326.8999999999942,0.012508130426175676,0.04856880431440555,2025
2025-06-25 00:00:00+00:00,BTCUSDT_250926,2025-09-26 00:00:00+00:00,108696.2,158.918,107340.58,93,1355.6199999999953,0.012629147336449974,0.04956600836348646,2025
2025-06-26 00:00:00+00:00,BTCUSDT_250926,2025-09-26 00:00:00+00:00,108161.0,146.223,106947.06,92,1213.9400000000023,0.011350849663375528,0.045033262251435516,2025
2025-06-27 00:00:00+00:00,BTCUSDT_250926,2025-09-26 00:00:00+00:00,108190.6,297.445,107047.59,91,1143.0100000000093,0.010677587416961086,0.04282768579330545,2025
2025-06-28 00:00:00+00:00,BTCUSDT_250926,2025-09-26 00:00:00+00:00,108381.2,58.477,107296.79,90,1084.4100000000035,0.010106639723331924,0.040988038877957246,2025
2025-06-29 00:00:00+00:00,BTCUSDT_250926,2025-09-26 00:00:00+00:00,109520.5,136.733,108356.93,89,1163.570000000007,0.010738307185336526,0.044039124973571146,2025
2025-06-30 00:00:00+00:00,BTCUSDT_250926,2025-09-26 00:00:00+00:00,108219.7,191.94,107146.5,88,1073.199999999997,0.010016192782778691,0.04154443597402525,2025
2025-07-01 00:00:00+00:00,BTCUSDT_250926,2025-09-26 00:00:00+00:00,106625.9,228.398,105681.14,87,944.7599999999948,0.008939721884150709,0.03750572974385068,2025
2025-07-02 00:00:00+00:00,BTCUSDT_250926,2025-09-26 00:00:00+00:00,109887.4,252.749,108849.6,86,1037.7999999999884,0.009534256441916078,0.04046515815464383,2025
2025-07-03 00:00:00+00:00,BTCUSDT_250926,2025-09-26 00:00:00+00:00,110722.6,215.776,109584.78,85,1137.820000000007,0.010383011217433727,0.044585871698391885,2025
2025-07-04 00:00:00+00:00,BTCUSDT_250926,2025-09-26 00:00:00+00:00,109085.3,167.685,107984.24,84,1101.0599999999977,0.01019648793194264,0.04430616779951266,2025
2025-07-05 00:00:00+00:00,BTCUSDT_250926,2025-09-26 00:00:00+00:00,109210.0,55.655,108198.12,83,1011.8800000000047,0.00935210334523377,0.04112671953024488,2025
2025-07-06 00:00:00+00:00,BTCUSDT_250926,2025-09-26 00:00:00+00:00,110321.8,105.9,109203.84,82,1117.9600000000064,0.010237368942337618,0.04556877638967354,2025
2025-07-07 00:00:00+00:00,BTCUSDT_250926,2025-09-26 00:00:00+00:00,109323.9,140.644,108262.94,81,1060.9599999999919,0.009799844711403476,0.04415979406990455,2025
2025-07-08 00:00:00+00:00,BTCUSDT_250926,2025-09-26 00:00:00+00:00,110049.2,118.019,108922.98,80,1126.2200000000012,0.010339599595971404,0.04717442315661953,2025
2025-07-09 00:00:00+00:00,BTCUSDT_250926,2025-09-26 00:00:00+00:00,112618.9,226.95,111233.99,79,1384.909999999989,0.012450420954961598,0.05752409681722763,2025
2025-07-10 00:00:00+00:00,BTCUSDT_250926,2025-09-26 00:00:00+00:00,117429.4,316.597,116010.0,78,1419.3999999999942,0.01223515214205667,0.05725423758782929,2025
2025-07-11 00:00:00+00:00,BTCUSDT_250926,2025-09-26 00:00:00+00:00,119067.9,321.349,117527.66,77,1540.2399999999907,0.013105340478998652,0.06212271785499361,2025
2025-07-12 00:00:00+00:00,BTCUSDT_250926,2025-09-26 00:00:00+00:00,119013.8,109.987,117420.0,76,1593.800000000003,0.013573496848918438,0.06518850460335829,2025
2025-07-13 00:00:00+00:00,BTCUSDT_250926,2025-09-26 00:00:00+00:00,120791.4,110.687,119086.64,75,1704.7599999999948,0.014315291790917896,0.06966775338246708,2025
2025-07-14 00:00:00+00:00,BTCUSDT_250926,2025-09-26 00:00:00+00:00,121517.0,343.999,119841.18,74,1675.820000000007,0.013983674059284188,0.06897352745457741,2025
2025-07-15 00:00:00+00:00,BTCUSDT_250926,2025-09-26 00:00:00+00:00,119451.5,429.02,117758.09,73,1693.4100000000035,0.014380413269270956,0.07190206634635478,2025
2025-07-16 00:00:00+00:00,BTCUSDT_250926,2025-09-26 00:00:00+00:00,120395.7,261.593,118630.43,72,1765.270000000004,0.014880414746874003,0.0754354358695696,2025
2025-07-17 00:00:00+00:00,BTCUSDT_250926,2025-09-26 00:00:00+00:00,120732.8,200.077,119177.56,71,1555.2400000000052,0.013049772121530306,0.0670868566811065,2025
2025-07-18 00:00:00+00:00,BTCUSDT_250926,2025-09-26 00:00:00+00:00,119526.1,191.465,117924.84,70,1601.2600000000093,0.013578648908915284,0.07080295502505826,2025
2025-07-19 00:00:00+00:00,BTCUSDT_250926,2025-09-26 00:00:00+00:00,119577.1,47.556,117840.0,69,1737.1000000000058,0.014741174473862913,0.07797867656463715,2025
2025-07-20 00:00:00+00:00,BTCUSDT_250926,2025-09-26 00:00:00+00:00,118995.0,105.489,117265.12,68,1729.8800000000047,0.014751871656294768,0.0791828405080528,2025
2025-07-21 00:00:00+00:00,BTCUSDT_250926,2025-09-26 00:00:00+00:00,119046.9,229.763,117380.36,67,1666.5399999999936,0.014197775505203711,0.07734609043879634,2025
2025-07-22 00:00:00+00:00,BTCUSDT_250926,2025-09-26 00:00:00+00:00,121738.7,216.913,119954.42,66,1784.2799999999988,0.014874649887849058,0.08226132134946827,2025
2025-07-23 00:00:00+00:00,BTCUSDT_250926,2025-09-26 00:00:00+00:00,120519.9,238.515,118755.99,65,1763.909999999989,0.014853229719191334,0.08340659765392056,2025
2025-07-24 00:00:00+00:00,BTCUSDT_250926,2025-09-26 00:00:00+00:00,119899.6,229.806,118340.99,64,1558.6100000000006,0.01317049992568087,0.0751130073886487,2025
2025-07-25 00:00:00+00:00,BTCUSDT_250926,2025-09-26 00:00:00+00:00,119190.9,383.992,117614.31,63,1576.5899999999965,0.013404746412235012,0.07766241968993301,2025
2025-07-26 00:00:00+00:00,BTCUSDT_250926,2025-09-26 00:00:00+00:00,119524.8,81.774,117919.99,62,1604.8099999999977,0.013609312551671669,0.08011934002193805,2025
2025-07-27 00:00:00+00:00,BTCUSDT_250926,2025-09-26 00:00:00+00:00,121177.8,99.897,119415.55,61,1762.25,0.014757290821840205,0.08830182213068319,2025
2025-07-28 00:00:00+00:00,BTCUSDT_250926,2025-09-26 00:00:00+00:00,119684.3,145.822,118062.32,60,1621.979999999996,0.01373833751530544,0.08357488655144142,2025
2025-07-29 00:00:00+00:00,BTCUSDT_250926,2025-09-26 00:00:00+00:00,119490.8,119.429,117950.76,59,1540.0400000000081,0.013056634819478977,0.08077409676457334,2025
2025-07-30 00:00:00+00:00,BTCUSDT_250926,2025-09-26 00:00:00+00:00,119040.5,155.365,117840.3,58,1200.199999999997,0.010184970676415429,0.06409507408433847,2025
2025-07-31 00:00:00+00:00,BTCUSDT_250926,2025-09-26 00:00:00+00:00,116912.2,120.841,115764.08,57,1148.1199999999953,0.009917756872425326,0.06350844313044288,2025
2025-08-01 00:00:00+00:00,BTCUSDT_250926,2025-09-26 00:00:00+00:00,114172.1,343.886,113297.93,56,874.1700000000128,0.007715674946576807,0.05028966706250955,2025
2025-08-02 00:00:00+00:00,BTCUSDT_250926,2025-09-26 00:00:00+00:00,113594.2,119.234,112546.35,55,1047.8499999999913,0.009310386343048808,0.061787109367505734,2025
2025-08-03 00:00:00+00:00,BTCUSDT_250926,2025-09-26 00:00:00+00:00,115233.0,112.677,114208.8,54,1024.199999999997,0.008967785319520012,0.0606155859560149,2025
2025-08-04 00:00:00+00:00,BTCUSDT_250926,2025-09-26 00:00:00+00:00,116120.8,102.864,115055.03,53,1065.770000000004,0.009263132607066411,0.06379327172791019,2025
2025-08-05 00:00:00+00:00,BTCUSDT_250926,2025-09-26 00:00:00+00:00,115191.0,174.255,114129.75,52,1061.25,0.00929862722033475,0.06526921029658046,2025
2025-08-06 00:00:00+00:00,BTCUSDT_250926,2025-09-26 00:00:00+00:00,116016.7,119.243,114992.27,51,1024.429999999993,0.008908685775139433,0.06375824133188025,2025
2025-08-07 00:00:00+00:00,BTCUSDT_250926,2025-09-26 00:00:00+00:00,118583.1,147.518,117472.01,50,1111.090000000011,0.00945833820328784,0.06904586888400123,2025
2025-08-08 00:00:00+00:00,BTCUSDT_250926,2025-09-26 00:00:00+00:00,117828.8,100.445,116674.74,49,1154.0599999999977,0.009891258382062798,0.07367978182556982,2025
2025-08-09 00:00:00+00:00,BTCUSDT_250926,2025-09-26 00:00:00+00:00,117685.8,66.175,116462.25,48,1223.550000000003,0.010505979405343816,0.07988921839480194,2025
2025-08-10 00:00:00+00:00,BTCUSDT_250926,2025-09-26 00:00:00+00:00,120530.9,99.35,119294.01,47,1236.8899999999994,0.01036841665394599,0.08052068252532524,2025
2025-08-11 00:00:00+00:00,BTCUSDT_250926,2025-09-26 00:00:00+00:00,119919.2,242.263,118686.0,46,1233.199999999997,0.010390442006639343,0.08244589853094261,2025
2025-08-12 00:00:00+00:00,BTCUSDT_250926,2025-09-26 00:00:00+00:00,121338.2,136.046,120134.08,45,1204.1199999999953,0.010023134151441418,0.08129875478391371,2025
2025-08-13 00:00:00+00:00,BTCUSDT_250926,2025-09-26 00:00:00+00:00,124626.3,236.437,123306.43,44,1319.87000000001,0.01070398356354985,0.08879440910672033,2025
2025-08-14 00:00:00+00:00,BTCUSDT_250926,2025-09-26 00:00:00+00:00,119443.2,304.964,118295.09,43,1148.1100000000006,0.009705474673547317,0.08238368036848305,2025
2025-08-15 00:00:00+00:00,BTCUSDT_250926,2025-09-26 00:00:00+00:00,118424.1,152.097,117342.05,42,1082.050000000003,0.009221331994796434,0.08013776614525471,2025
2025-08-16 00:00:00+00:00,BTCUSDT_250926,2025-09-26 00:00:00+00:00,118400.8,48.051,117380.66,41,1020.1399999999994,0.008690869518027921,0.0773699359531754,2025
2025-08-17 00:00:00+00:00,BTCUSDT_250926,2025-09-26 00:00:00+00:00,118269.2,118.371,117405.01,40,864.1900000000023,0.0073607591362583455,0.06716692711835741,2025
2025-08-18 00:00:00+00:00,BTCUSDT_250926,2025-09-26 00:00:00+00:00,116960.8,285.946,116227.05,39,733.75,0.006313074280040662,0.05908390031320107,2025
2025-08-19 00:00:00+00:00,BTCUSDT_250926,2025-09-26 00:00:00+00:00,113520.0,277.894,112872.94,38,647.0599999999977,0.0057326406134189265,0.0550635216815239,2025
2025-08-20 00:00:00+00:00,BTCUSDT_250926,2025-09-26 00:00:00+00:00,114936.5,186.579,114271.24,37,665.2599999999948,0.005821762326198567,0.05743089862331018,2025
2025-08-21 00:00:00+00:00,BTCUSDT_250926,2025-09-26 00:00:00+00:00,113219.3,126.166,112500.0,36,719.3000000000029,0.006393777777777804,0.06482580246913607,2025
2025-08-22 00:00:00+00:00,BTCUSDT_250926,2025-09-26 00:00:00+00:00,117830.6,272.533,116935.99,35,894.6100000000006,0.007650424817885413,0.0797830016722336,2025
2025-08-23 00:00:00+00:00,BTCUSDT_250926,2025-09-26 00:00:00+00:00,116341.7,83.575,115438.05,34,903.6499999999942,0.007828008182743854,0.08403597019710313,2025
2025-08-24 00:00:00+00:00,BTCUSDT_250926,2025-09-26 00:00:00+00:00,114443.6,254.148,113493.59,33,950.0100000000093,0.008370604894954942,0.09258396323207739,2025
2025-08-25 00:00:00+00:00,BTCUSDT_250926,2025-09-26 00:00:00+00:00,110774.1,295.006,110111.98,32,662.1200000000099,0.006013151339209502,0.06858750746285838,2025
2025-08-26 00:00:00+00:00,BTCUSDT_250926,2025-09-26 00:00:00+00:00,112474.2,203.483,111763.22,31,710.9799999999959,0.006361484574263303,0.07490135063245502,2025
2025-08-27 00:00:00+00:00,BTCUSDT_250926,2025-09-26 00:00:00+00:00,111956.3,131.299,111262.01,30,694.2900000000081,0.006240135334603502,0.07592164657100928,2025
2025-08-28 00:00:00+00:00,BTCUSDT_250926,2025-09-26 00:00:00+00:00,113210.5,102.82,112566.9,29,643.6000000000058,0.005717488888829717,0.07196149808354643,2025
2025-08-29 00:00:00+00:00,BTCUSDT_250926,2025-09-26 00:00:00+00:00,108944.8,190.895,108377.4,28,567.4000000000087,0.005235408858304488,0.06824729404575493,2025
2025-08-30 00:00:00+00:00,BTCUSDT_250926,2025-09-26 00:00:00+00:00,109295.3,81.355,108816.33,27,478.97000000000116,0.004401637143983823,0.05950361324274428,2025
2025-08-31 00:00:00+00:00,BTCUSDT_250926,2025-09-26 00:00:00+00:00,108700.0,78.264,108246.35,26,453.6499999999942,0.004190903434619219,0.05883383667830827,2025
2025-09-01 00:00:00+00:00,BTCUSDT_250926,2025-09-26 00:00:00+00:00,109700.3,143.825,109237.42,25,462.88000000000466,0.004237375800343918,0.061865686685021196,2025
2025-09-02 00:00:00+00:00,BTCUSDT_250926,2025-09-26 00:00:00+00:00,111681.3,172.789,111240.01,24,441.29000000000815,0.003967007913789366,0.06033157868887994,2025
2025-09-03 00:00:00+00:00,BTCUSDT_250926,2025-09-26 00:00:00+00:00,112157.8,203.853,111705.71,23,452.0899999999965,0.004047152110666469,0.0642265443649244,2025
2025-09-04 00:00:00+00:00,BTCUSDT_250926,2025-09-26 00:00:00+00:00,111046.5,135.087,110730.87,22,315.63000000000466,0.0028504246376823794,0.04729113603427584,2025
2025-09-05 00:00:00+00:00,BTCUSDT_250926,2025-09-26 00:00:00+00:00,110942.7,208.626,110659.99,21,282.70999999999185,0.0025547625659462993,0.04440420650335234,2025
2025-09-06 00:00:00+00:00,BTCUSDT_250926,2025-09-26 00:00:00+00:00,110509.0,38.408,110187.97,20,321.02999999999884,0.0029134759447877914,0.05317093599237719,2025
2025-09-07 00:00:00+00:00,BTCUSDT_250926,2025-09-26 00:00:00+00:00,111470.9,52.306,111137.34,19,333.5599999999977,0.003001331505684747,0.057657157872364875,2025
2025-09-08 00:00:00+00:00,BTCUSDT_250926,2025-09-26 00:00:00+00:00,112335.3,110.779,112065.23,18,270.070000000007,0.0024099357133341628,0.04886814085372052,2025
2025-09-09 00:00:00+00:00,BTCUSDT_250926,2025-09-26 00:00:00+00:00,111877.7,150.574,111546.39,17,331.3099999999977,0.002970154390473754,0.06377096191311295,2025
2025-09-10 00:00:00+00:00,BTCUSDT_250926,2025-09-26 00:00:00+00:00,114276.7,121.79,113960.0,16,316.6999999999971,0.0027790452790452534,0.06339697042821985,2025
2025-09-11 00:00:00+00:00,BTCUSDT_250926,2025-09-26 00:00:00+00:00,115833.6,109.393,115482.69,15,350.9100000000035,0.0030386372191365087,0.07394017233232171,2025
2025-09-12 00:00:00+00:00,BTCUSDT_250926,2025-09-26 00:00:00+00:00,116300.0,153.916,116029.42,14,270.58000000000175,0.002331994764776052,0.06079843493880421,2025
2025-09-13 00:00:00+00:00,BTCUSDT_250926,2025-09-26 00:00:00+00:00,116209.0,66.317,115918.29,13,290.7100000000064,0.0025078872367769265,0.07041375703258293,2025
2025-09-14 00:00:00+00:00,BTCUSDT_250926,2025-09-26 00:00:00+00:00,115674.4,56.055,115268.01,12,406.3899999999994,0.0035256095771931816,0.10723729130629261,2025
2025-09-15 00:00:00+00:00,BTCUSDT_250926,2025-09-26 00:00:00+00:00,115539.9,176.413,115349.71,11,190.18999999998778,0.0016488121209839867,0.05471058401446865,2025
2025-09-16 00:00:00+00:00,BTCUSDT_250926,2025-09-26 00:00:00+00:00,116944.3,154.12,116788.96,10,155.3399999999965,0.0013300914743996051,0.04854833881558559,2025
2025-09-17 00:00:00+00:00,BTCUSDT_250926,2025-09-26 00:00:00+00:00,116580.5,154.483,116447.59,9,132.9100000000035,0.0011413718394687558,0.04628896904512176,2025
2025-09-18 00:00:00+00:00,BTCUSDT_250926,2025-09-26 00:00:00+00:00,117209.7,101.066,117073.53,8,136.16999999999825,0.0011631151806902743,0.05306713011899376,2025
2025-09-19 00:00:00+00:00,BTCUSDT_250926,2025-09-26 00:00:00+00:00,115751.0,121.975,115632.38,7,118.61999999999534,0.0010258372265622773,0.053490083956461605,2025
2025-09-20 00:00:00+00:00,BTCUSDT_250926,2025-09-26 00:00:00+00:00,115781.9,77.849,115685.63,6,96.26999999998952,0.0008321690429484588,0.05062361677936458,2025
2025-09-21 00:00:00+00:00,BTCUSDT_250926,2025-09-26 00:00:00+00:00,115330.2,68.554,115232.29,5,97.91000000000349,0.0008496750346626236,0.06202627753037152,2025
2025-09-22 00:00:00+00:00,BTCUSDT_250926,2025-09-26 00:00:00+00:00,112659.7,285.693,112650.99,4,8.709999999991851,7.731845055238175e-05,0.007055308612904834,2025
2025-09-23 00:00:00+00:00,BTCUSDT_250926,2025-09-26 00:00:00+00:00,112017.9,158.857,111998.8,3,19.09999999999127,0.0001705375414735807,0.020748734212618986,2025
2025-09-24 00:00:00+00:00,BTCUSDT_250926,2025-09-26 00:00:00+00:00,113302.1,157.463,113307.0,2,-4.899999999994179,-4.324534230007131e-05,-0.007892274969763014,2025
2025-09-25 00:00:00+00:00,BTCUSDT_250926,2025-09-26 00:00:00+00:00,109010.8,223.825,108994.49,1,16.30999999999767,0.0001496405919234786,0.054618816052069696,2025
2025-06-27 00:00:00+00:00,BTCUSDT_251226,2025-12-26 00:00:00+00:00,110165.0,123.649,107047.59,182,3117.4100000000035,0.029121720535698222,0.058403450524889294,2025
2025-06-28 00:00:00+00:00,BTCUSDT_251226,2025-12-26 00:00:00+00:00,110301.2,73.564,107296.79,181,3004.4100000000035,0.0280009308759377,0.056465965578548404,2025
2025-06-29 00:00:00+00:00,BTCUSDT_251226,2025-12-26 00:00:00+00:00,111550.5,98.202,108356.93,180,3193.570000000007,0.02947268808741635,0.0597640619550387,2025
2025-06-30 00:00:00+00:00,BTCUSDT_251226,2025-12-26 00:00:00+00:00,110232.7,93.486,107146.5,179,3086.199999999997,0.02880355401249688,0.05873350399196291,2025
2025-07-01 00:00:00+00:00,BTCUSDT_251226,2025-12-26 00:00:00+00:00,108508.7,85.127,105681.14,178,2827.5599999999977,0.026755578147624047,0.05486396642630773,2025
2025-07-02 00:00:00+00:00,BTCUSDT_251226,2025-12-26 00:00:00+00:00,111859.2,179.515,108849.6,177,3009.5999999999913,0.027649159941791162,0.0570166292584959,2025
2025-07-03 00:00:00+00:00,BTCUSDT_251226,2025-12-26 00:00:00+00:00,112668.2,140.905,109584.78,176,3083.4199999999983,0.02813730154862745,0.0583529265070967,2025
2025-07-04 00:00:00+00:00,BTCUSDT_251226,2025-12-26 00:00:00+00:00,110950.6,99.368,107984.24,175,2966.3600000000006,0.02747030492597809,0.05729520741704002,2025
2025-07-05 00:00:00+00:00,BTCUSDT_251226,2025-12-26 00:00:00+00:00,111062.0,31.209,108198.12,174,2863.8800000000047,0.026468851769328384,0.055523740780487704,2025
2025-07-06 00:00:00+00:00,BTCUSDT_251226,2025-12-26 00:00:00+00:00,112286.4,70.348,109203.84,173,3082.5599999999977,0.028227578810415436,0.05955529633411349,2025
2025-07-07 00:00:00+00:00,BTCUSDT_251226,2025-12-26 00:00:00+00:00,111249.6,79.556,108262.94,172,2986.6600000000035,0.02758709490061884,0.05854238162049929,2025
2025-07-08 00:00:00+00:00,BTCUSDT_251226,2025-12-26 00:00:00+00:00,112053.9,55.297,108922.98,171,3130.9199999999983,0.02874434761149574,0.061354894024537684,2025
2025-07-09 00:00:00+00:00,BTCUSDT_251226,2025-12-26 00:00:00+00:00,114745.8,155.642,111233.99,170,3511.8099999999977,0.031571374900783454,0.06778559905168212,2025
2025-07-10 00:00:00+00:00,BTCUSDT_251226,2025-12-26 00:00:00+00:00,119486.9,236.108,116010.0,169,3476.899999999994,0.029970692181708423,0.06472960145753595,2025
2025-07-11 00:00:00+00:00,BTCUSDT_251226,2025-12-26 00:00:00+00:00,121308.5,218.934,117527.66,168,3780.8399999999965,0.032169788796952106,0.06989269589813998,2025
2025-07-12 00:00:00+00:00,BTCUSDT_251226,2025-12-26 00:00:00+00:00,121311.7,58.242,117420.0,167,3891.699999999997,0.03314341679441319,0.07243920437102283,2025
2025-07-13 00:00:00+00:00,BTCUSDT_251226,2025-12-26 00:00:00+00:00,123205.5,102.91,119086.64,166,4118.860000000001,0.034587087182911536,0.07604992061302837,2025
2025-07-14 00:00:00+00:00,BTCUSDT_251226,2025-12-26 00:00:00+00:00,123979.1,246.14,119841.18,165,4137.920000000013,0.034528364957688275,0.07638092854276496,2025
2025-07-15 00:00:00+00:00,BTCUSDT_251226,2025-12-26 00:00:00+00:00,121912.4,195.069,117758.09,164,4154.309999999998,0.035278340536943134,0.07851581887795271,2025
2025-07-16 00:00:00+00:00,BTCUSDT_251226,2025-12-26 00:00:00+00:00,122833.3,103.407,118630.43,163,4202.87000000001,0.035428262377536775,0.07933322556933081,2025
2025-07-17 00:00:00+00:00,BTCUSDT_251226,2025-12-26 00:00:00+00:00,123124.8,88.272,119177.56,162,3947.2400000000052,0.03312066466203877,0.0746237197632355,2025
2025-07-18 00:00:00+00:00,BTCUSDT_251226,2025-12-26 00:00:00+00:00,122005.1,121.615,117924.84,161,4080.2600000000093,0.03460051334392321,0.07844215758094393,2025
2025-07-19 00:00:00+00:00,BTCUSDT_251226,2025-12-26 00:00:00+00:00,122078.4,55.788,117840.0,160,4238.399999999994,0.03596741344195514,0.08205066191446017,2025
2025-07-20 00:00:00+00:00,BTCUSDT_251226,2025-12-26 00:00:00+00:00,121574.0,86.816,117265.12,159,4308.880000000005,0.036744771164690784,0.08435120424598828,2025
2025-07-21 00:00:00+00:00,BTCUSDT_251226,2025-12-26 00:00:00+00:00,121519.8,196.239,117380.36,158,4139.440000000002,0.03526518405634471,0.08146703911750518,2025
2025-07-22 00:00:00+00:00,BTCUSDT_251226,2025-12-26 00:00:00+00:00,124358.7,173.841,119954.42,157,4404.279999999999,0.03671627940012547,0.08535950306398597,2025
2025-07-23 00:00:00+00:00,BTCUSDT_251226,2025-12-26 00:00:00+00:00,123102.2,128.688,118755.99,156,4346.209999999992,0.03659781708695276,0.08562950792780614,2025
2025-07-24 00:00:00+00:00,BTCUSDT_251226,2025-12-26 00:00:00+00:00,122443.9,249.589,118340.99,155,4102.909999999989,0.034670235562504495,0.08164281277622026,2025
2025-07-25 00:00:00+00:00,BTCUSDT_251226,2025-12-26 00:00:00+00:00,121610.7,212.303,117614.31,154,3996.3899999999994,0.03397877350128568,0.08053410602577452,2025
2025-07-26 00:00:00+00:00,BTCUSDT_251226,2025-12-26 00:00:00+00:00,122057.9,75.183,117919.99,153,4137.909999999989,0.035090827263468974,0.08371341144553056,2025
2025-07-27 00:00:00+00:00,BTCUSDT_251226,2025-12-26 00:00:00+00:00,123606.5,90.989,119415.55,152,4190.949999999997,0.03509551310528652,0.08427540975940512,2025
2025-07-28 00:00:00+00:00,BTCUSDT_251226,2025-12-26 00:00:00+00:00,122145.0,69.691,118062.32,151,4082.679999999993,0.03458071974191251,0.08358915699204018,2025
2025-07-29 00:00:00+00:00,BTCUSDT_251226,2025-12-26 00:00:00+00:00,121951.1,93.801,117950.76,150,4000.340000000011,0.0339153389092195,0.08252732467910077,2025
2025-07-30 00:00:00+00:00,BTCUSDT_251226,2025-12-26 00:00:00+00:00,121297.2,131.523,117840.3,149,3456.899999999994,0.029335465031911784,0.07186204521240136,2025
2025-07-31 00:00:00+00:00,BTCUSDT_251226,2025-12-26 00:00:00+00:00,119008.5,69.282,115764.08,148,3244.4199999999983,0.028026137295782926,0.06911851427676194,2025
2025-08-01 00:00:00+00:00,BTCUSDT_251226,2025-12-26 00:00:00+00:00,116185.5,177.287,113297.93,147,2887.570000000007,0.02548652036272867,0.06328285668296574,2025
2025-08-02 00:00:00+00:00,BTCUSDT_251226,2025-12-26 00:00:00+00:00,115640.9,101.341,112546.35,146,3094.5499999999884,0.027495782848577392,0.06873945712144348,2025
2025-08-03 00:00:00+00:00,BTCUSDT_251226,2025-12-26 00:00:00+00:00,117310.6,33.446,114208.8,145,3101.800000000003,0.02715902802586143,0.06836582916854773,2025
2025-08-04 00:00:00+00:00,BTCUSDT_251226,2025-12-26 00:00:00+00:00,118317.1,56.328,115055.03,144,3262.070000000007,0.02835225891471244,0.07186510072131973,2025
2025-08-05 00:00:00+00:00,BTCUSDT_251226,2025-12-26 00:00:00+00:00,117406.1,126.153,114129.75,143,3276.350000000006,0.02870723891010018,0.07327372169361235,2025
2025-08-06 00:00:00+00:00,BTCUSDT_251226,2025-12-26 00:00:00+00:00,118335.1,161.959,114992.27,142,3342.8300000000017,0.02907004096884079,0.07472228840582315,2025
2025-08-07 00:00:00+00:00,BTCUSDT_251226,2025-12-26 00:00:00+00:00,121087.3,114.279,117472.01,141,3615.290000000008,0.030775756710045298,0.0796677390011811,2025
2025-08-08 00:00:00+00:00,BTCUSDT_251226,2025-12-26 00:00:00+00:00,120332.4,102.681,116674.74,140,3657.659999999989,0.031349202063788516,0.08173184823773434,2025
2025-08-09 00:00:00+00:00,BTCUSDT_251226,2025-12-26 00:00:00+00:00,120267.4,63.611,116462.25,139,3805.149999999994,0.032672818874785556,0.0857955315776743,2025
2025-08-10 00:00:00+00:00,BTCUSDT_251226,2025-12-26 00:00:00+00:00,123222.5,112.003,119294.01,138,3928.4900000000052,0.03293115890730813,0.08710052899396717,2025
2025-08-11 00:00:00+00:00,BTCUSDT_251226,2025-12-26 00:00:00+00:00,122552.2,185.384,118686.0,137,3866.199999999997,0.032575029910857194,0.08678748844863414,2025
2025-08-12 00:00:00+00:00,BTCUSDT_251226,2025-12-26 00:00:00+00:00,124165.6,142.324,120134.08,136,4031.520000000004,0.03355850396490325,0.09006510255286533,2025
2025-08-13 00:00:00+00:00,BTCUSDT_251226,2025-12-26 00:00:00+00:00,127546.5,138.652,123306.43,135,4240.070000000007,0.034386446838173865,0.09297076367358119,2025
2025-08-14 00:00:00+00:00,BTCUSDT_251226,2025-12-26 00:00:00+00:00,122364.2,179.275,118295.09,134,4069.1100000000006,0.034397961910337956,0.093695941024428,2025
2025-08-15 00:00:00+00:00,BTCUSDT_251226,2025-12-26 00:00:00+00:00,121173.0,145.963,117342.05,133,3830.949999999997,0.032647716654004226,0.0895971171331695,2025
2025-08-16 00:00:00+00:00,BTCUSDT_251226,2025-12-26 00:00:00+00:00,121188.1,104.055,117380.66,132,3807.4400000000023,0.032436689314917826,0.08969236060564399,2025
2025-08-17 00:00:00+00:00,BTCUSDT_251226,2025-12-26 00:00:00+00:00,120987.2,74.939,117405.01,131,3582.1900000000023,0.030511389590614595,0.08501265038606357,2025
2025-08-18 00:00:00+00:00,BTCUSDT_251226,2025-12-26 00:00:00+00:00,119248.5,199.268,116227.05,130,3021.449999999997,0.025996099875201142,0.0729890496496032,2025
2025-08-19 00:00:00+00:00,BTCUSDT_251226,2025-12-26 00:00:00+00:00,115609.4,234.783,112872.94,129,2736.459999999992,0.02424372041695726,0.06859657327278605,2025
2025-08-20 00:00:00+00:00,BTCUSDT_251226,2025-12-26 00:00:00+00:00,116982.0,136.269,114271.24,128,2710.7599999999948,0.023722154410856088,0.06764520593720681,2025
2025-08-21 00:00:00+00:00,BTCUSDT_251226,2025-12-26 00:00:00+00:00,115269.4,67.415,112500.0,127,2769.399999999994,0.024616888888888837,0.07074932633420807,2025
2025-08-22 00:00:00+00:00,BTCUSDT_251226,2025-12-26 00:00:00+00:00,120202.8,220.586,116935.99,126,3266.8099999999977,0.027936737013129983,0.08092784928406702,2025
2025-08-23 00:00:00+00:00,BTCUSDT_251226,2025-12-26 00:00:00+00:00,118624.8,94.755,115438.05,125,3186.75,0.027605715793016253,0.08060869011560745,2025
2025-08-24 00:00:00+00:00,BTCUSDT_251226,2025-12-26 00:00:00+00:00,116779.7,117.967,113493.59,124,3286.1100000000006,0.028954146220945172,0.08522793040842731,2025
2025-08-25 00:00:00+00:00,BTCUSDT_251226,2025-12-26 00:00:00+00:00,112852.9,271.506,110111.98,123,2740.9199999999983,0.024892114373022793,0.07386684346466113,2025
2025-08-26 00:00:00+00:00,BTCUSDT_251226,2025-12-26 00:00:00+00:00,114705.5,146.005,111763.22,122,2942.279999999999,0.026326013155311728,0.07876225247285885,2025
2025-08-27 00:00:00+00:00,BTCUSDT_251226,2025-12-26 00:00:00+00:00,114179.5,99.866,111262.01,121,2917.4900000000052,0.02622179843775971,0.07909881346927516,2025
2025-08-28 00:00:00+00:00,BTCUSDT_251226,2025-12-26 00:00:00+00:00,115413.5,84.277,112566.9,120,2846.600000000006,0.025288073136952388,0.07691788912489685,2025
2025-08-29 00:00:00+00:00,BTCUSDT_251226,2025-12-26 00:00:00+00:00,111101.3,129.794,108377.4,119,2723.9000000000087,0.025133468785927777,0.07709005131818183,2025
2025-08-30 00:00:00+00:00,BTCUSDT_251226,2025-12-26 00:00:00+00:00,111338.5,153.805,108816.33,118,2522.1699999999983,0.023178230693867347,0.07169537460391172,2025
2025-08-31 00:00:00+00:00,BTCUSDT_251226,2025-12-26 00:00:00+00:00,110746.1,61.118,108246.35,117,2499.75,0.023093157413621796,0.07204275603394834,2025
2025-09-01 00:00:00+00:00,BTCUSDT_251226,2025-12-26 00:00:00+00:00,111700.6,192.749,109237.42,116,2463.1800000000076,0.022548866496480854,0.07095117475185786,2025
2025-09-02 00:00:00+00:00,BTCUSDT_251226,2025-12-26 00:00:00+00:00,113712.0,204.375,111240.01,115,2471.9900000000052,0.02222213032882688,0.07053110930453749,2025
2025-09-03 00:00:00+00:00,BTCUSDT_251226,2025-12-26 00:00:00+00:00,114249.4,118.155,111705.71,114,2543.689999999988,0.02277135161667195,0.0729082749130286,2025
2025-09-04 00:00:00+00:00,BTCUSDT_251226,2025-12-26 00:00:00+00:00,112909.4,114.749,110730.87,113,2178.529999999999,0.01967409810832335,0.06354907796051348,2025
2025-09-05 00:00:00+00:00,BTCUSDT_251226,2025-12-26 00:00:00+00:00,112905.0,205.018,110659.99,112,2245.0099999999948,0.020287458909041964,0.06611537948035998,2025
2025-09-06 00:00:00+00:00,BTCUSDT_251226,2025-12-26 00:00:00+00:00,112474.4,58.501,110187.97,111,2286.429999999993,0.02075026883606253,0.06823286599245787,2025
2025-09-07 00:00:00+00:00,BTCUSDT_251226,2025-12-26 00:00:00+00:00,113491.7,61.747,111137.34,110,2354.3600000000006,0.02118423924848301,0.07029315750632999,2025
2025-09-08 00:00:00+00:00,BTCUSDT_251226,2025-12-26 00:00:00+00:00,114383.7,100.282,112065.23,109,2318.470000000001,0.02068857575181884,0.06927825825150347,2025
2025-09-09 00:00:00+00:00,BTCUSDT_251226,2025-12-26 00:00:00+00:00,113907.8,135.056,111546.39,108,2361.4100000000035,0.021169757264219876,0.07154593890222459,2025
2025-09-10 00:00:00+00:00,BTCUSDT_251226,2025-12-26 00:00:00+00:00,116252.3,104.172,113960.0,107,2292.300000000003,0.02011495261495264,0.06861642714446461,2025
2025-09-11 00:00:00+00:00,BTCUSDT_251226,2025-12-26 00:00:00+00:00,117992.6,108.169,115482.69,106,2509.9100000000035,0.021734079800184804,0.07483904836856088,2025
2025-09-12 00:00:00+00:00,BTCUSDT_251226,2025-12-26 00:00:00+00:00,118573.3,147.959,116029.42,105,2543.8800000000047,0.021924439508531582,0.07621352781537169,2025
2025-09-13 00:00:00+00:00,BTCUSDT_251226,2025-12-26 00:00:00+00:00,118615.6,53.714,115918.29,104,2697.310000000012,0.023269063061575637,0.08166546170649142,2025
2025-09-14 00:00:00+00:00,BTCUSDT_251226,2025-12-26 00:00:00+00:00,117963.2,72.509,115268.01,103,2695.1900000000023,0.02338194265694361,0.08285834048334387,2025
2025-09-15 00:00:00+00:00,BTCUSDT_251226,2025-12-26 00:00:00+00:00,117814.7,151.378,115349.71,102,2464.9899999999907,0.02136971128926107,0.07647004529980678,2025
2025-09-16 00:00:00+00:00,BTCUSDT_251226,2025-12-26 00:00:00+00:00,119084.9,121.093,116788.96,101,2295.939999999988,0.019658878715933317,0.07104446268629368,2025
2025-09-17 00:00:00+00:00,BTCUSDT_251226,2025-12-26 00:00:00+00:00,118489.1,134.327,116447.59,100,2041.5100000000093,0.017531577939912793,0.0639902594806817,2025
2025-09-18 00:00:00+00:00,BTCUSDT_251226,2025-12-26 00:00:00+00:00,119292.5,92.891,117073.53,99,2218.970000000001,0.018953643919338566,0.06987959626826845,2025
2025-09-19 00:00:00+00:00,BTCUSDT_251226,2025-12-26 00:00:00+00:00,117755.9,85.944,115632.38,98,2123.5199999999895,0.01836440623292532,0.06839804362263002,2025
2025-09-20 00:00:00+00:00,BTCUSDT_251226,2025-12-26 00:00:00+00:00,117758.0,28.756,115685.63,97,2072.3699999999953,0.0179138065808173,0.06740762270101355,2025
2025-09-21 00:00:00+00:00,BTCUSDT_251226,2025-12-26 00:00:00+00:00,117334.4,41.515,115232.29,96,2102.1100000000006,0.018242369391426663,0.06935900862365346,2025
2025-09-22 00:00:00+00:00,BTCUSDT_251226,2025-12-26 00:00:00+00:00,114624.0,251.352,112650.99,95,1973.0099999999948,0.0175143600602178,0.06729201496820522,2025
2025-09-23 00:00:00+00:00,BTCUSDT_251226,2025-12-26 00:00:00+00:00,113949.7,116.717,111998.8,94,1950.8999999999942,0.017418936631463856,0.06763736032430115,2025
2025-09-24 00:00:00+00:00,BTCUSDT_251226,2025-12-26 00:00:00+00:00,115169.4,95.032,113307.0,93,1862.3999999999942,0.016436760306071066,0.06450986571737569,2025
2025-09-25 00:00:00+00:00,BTCUSDT_251226,2025-12-26 00:00:00+00:00,110747.6,262.431,108994.49,92,1753.1100000000006,0.01608439105499737,0.06381307320732653,2025
2025-09-26 00:00:00+00:00,BTCUSDT_251226,2025-12-26 00:00:00+00:00,111447.1,332.306,109643.46,91,1803.6399999999994,0.016450046359354212,0.06598095517762953,2025
2025-09-27 00:00:00+00:00,BTCUSDT_251226,2025-12-26 00:00:00+00:00,111399.3,41.198,109635.85,90,1763.449999999997,0.01608461100999351,0.06523203354052924,2025
2025-09-28 00:00:00+00:00,BTCUSDT_251226,2025-12-26 00:00:00+00:00,113939.4,65.248,112163.95,89,1775.449999999997,0.015829060941594846,0.064916935322271,2025
2025-09-29 00:00:00+00:00,BTCUSDT_251226,2025-12-26 00:00:00+00:00,116316.7,118.431,114311.96,88,2004.7399999999907,0.01753744752517576,0.07274054939419491,2025
2025-09-30 00:00:00+00:00,BTCUSDT_251226,2025-12-26 00:00:00+00:00,115977.5,106.083,114048.93,87,1928.570000000007,0.016910022741993345,0.07094434828537438,2025
2025-10-01 00:00:00+00:00,BTCUSDT_251226,2025-12-26 00:00:00+00:00,120593.0,155.983,118594.99,86,1998.0099999999948,0.016847338998047006,0.0715032410963623,2025
2025-10-02 00:00:00+00:00,BTCUSDT_251226,2025-12-26 00:00:00+00:00,122659.4,200.256,120529.35,85,2130.0499999999884,0.017672459031762705,0.07588761819521632,2025
2025-10-03 00:00:00+00:00,BTCUSDT_251226,2025-12-26 00:00:00+00:00,124311.0,192.998,122232.0,84,2079.0,0.01700863930885529,0.07390658747300215,2025
2025-10-04 00:00:00+00:00,BTCUSDT_251226,2025-12-26 00:00:00+00:00,124494.7,62.194,122391.0,83,2103.699999999997,0.017188355352926253,0.07558734582913351,2025
2025-10-05 00:00:00+00:00,BTCUSDT_251226,2025-12-26 00:00:00+00:00,125681.7,212.892,123482.31,82,2199.3899999999994,0.017811377192409175,0.07928234969791889,2025
2025-10-06 00:00:00+00:00,BTCUSDT_251226,2025-12-26 00:00:00+00:00,126860.0,145.584,124658.54,81,2201.4600000000064,0.017659921253690335,0.07957865750119718,2025
2025-10-07 00:00:00+00:00,BTCUSDT_251226,2025-12-26 00:00:00+00:00,123498.3,230.607,121332.95,80,2165.350000000006,0.017846347591482823,0.08142396088614039,2025
2025-10-08 00:00:00+00:00,BTCUSDT_251226,2025-12-26 00:00:00+00:00,125318.9,136.591,123306.0,79,2012.8999999999942,0.01632442865716181,0.07542299316283621,2025
2025-10-09 00:00:00+00:00,BTCUSDT_251226,2025-12-26 00:00:00+00:00,123527.4,191.769,121662.4,78,1865.0,0.01532930469890451,0.07173328480897624,2025
2025-10-10 00:00:00+00:00,BTCUSDT_251226,2025-12-26 00:00:00+00:00,114400.2,674.205,112774.5,77,1625.699999999997,0.01441549286407829,0.0683331804595919,2025
2025-10-11 00:00:00+00:00,BTCUSDT_251226,2025-12-26 00:00:00+00:00,112297.2,251.854,110644.4,76,1652.800000000003,0.01493794534562981,0.07174144804151159,2025
2025-10-12 00:00:00+00:00,BTCUSDT_251226,2025-12-26 00:00:00+00:00,116679.8,305.707,114958.8,75,1721.0,0.014970580764586964,0.07285682638765655,2025
2025-10-13 00:00:00+00:00,BTCUSDT_251226,2025-12-26 00:00:00+00:00,116719.8,171.603,115166.0,74,1553.800000000003,0.013491829185697192,0.06654753584837128,2025
2025-10-14 00:00:00+00:00,BTCUSDT_251226,2025-12-26 00:00:00+00:00,114253.7,539.36,113028.14,73,1225.5599999999977,0.010842963531028624,0.05421481765514312,2025
2025-10-15 00:00:00+00:00,BTCUSDT_251226,2025-12-26 00:00:00+00:00,112036.5,243.137,110763.28,72,1273.2200000000012,0.01149496475727336,0.05827308522784412,2025
2025-10-16 00:00:00+00:00,BTCUSDT_251226,2025-12-26 00:00:00+00:00,109414.0,202.482,108194.28,71,1219.7200000000012,0.011273424066410916,0.05795492653859132,2025
2025-10-17 00:00:00+00:00,BTCUSDT_251226,2025-12-26 00:00:00+00:00,107542.0,304.579,106431.68,70,1110.320000000007,0.010432232207553306,0.05439663936795652,2025
2025-10-18 00:00:00+00:00,BTCUSDT_251226,2025-12-26 00:00:00+00:00,108421.4,59.549,107185.01,69,1236.3899999999994,0.01153510178335571,0.06101901668007006,2025
2025-10-19 00:00:00+00:00,BTCUSDT_251226,2025-12-26 00:00:00+00:00,109849.9,117.923,108642.78,68,1207.1199999999953,0.011110908612610939,0.059639435935338124,2025
2025-10-20 00:00:00+00:00,BTCUSDT_251226,2025-12-26 00:00:00+00:00,111701.5,194.735,110532.09,67,1169.4100000000035,0.010579823470270068,0.0576363517410235,2025
2025-10-21 00:00:00+00:00,BTCUSDT_251226,2025-12-26 00:00:00+00:00,109360.0,302.238,108297.67,66,1062.3300000000017,0.009809352315705424,0.054248690836855754,2025
2025-10-22 00:00:00+00:00,BTCUSDT_251226,2025-12-26 00:00:00+00:00,108674.0,195.785,107567.44,65,1106.5599999999977,0.010287127777699252,0.057766179059388106,2025
2025-10-23 00:00:00+00:00,BTCUSDT_251226,2025-12-26 00:00:00+00:00,111102.3,141.529,110078.18,64,1024.12000000001,0.009303569517592042,0.05305941990501711,2025
2025-10-24 00:00:00+00:00,BTCUSDT_251226,2025-12-26 00:00:00+00:00,112069.7,138.64,111004.89,63,1064.8099999999977,0.009592460296118465,0.05557536520767047,2025
2025-10-25 00:00:00+00:00,BTCUSDT_251226,2025-12-26 00:00:00+00:00,112669.6,72.134,111646.27,62,1023.3300000000017,0.00916582345294654,0.05396008968266914,2025
2025-10-26 00:00:00+00:00,BTCUSDT_251226,2025-12-26 00:00:00+00:00,115677.9,117.402,114559.4,61,1118.5,0.00976349387304752,0.05842090596167778,2025
2025-10-27 00:00:00+00:00,BTCUSDT_251226,2025-12-26 00:00:00+00:00,115220.5,155.895,114107.65,60,1112.8500000000058,0.009752632711303806,0.059328515660431486,2025
2025-10-28 00:00:00+00:00,BTCUSDT_251226,2025-12-26 00:00:00+00:00,113911.2,157.516,112898.45,59,1012.75,0.008970450878643595,0.0554951622153375,2025
2025-10-29 00:00:00+00:00,BTCUSDT_251226,2025-12-26 00:00:00+00:00,110831.2,278.295,110021.29,58,809.9100000000035,0.00736139341758312,0.046326010300307564,2025
2025-10-30 00:00:00+00:00,BTCUSDT_251226,2025-12-26 00:00:00+00:00,109136.1,202.288,108322.88,57,813.2200000000012,0.007507370557355945,0.048073513218156484,2025
2025-10-31 00:00:00+00:00,BTCUSDT_251226,2025-12-26 00:00:00+00:00,110433.5,163.839,109608.01,56,825.4900000000052,0.007531292649141292,0.04908788958815307,2025
2025-11-01 00:00:00+00:00,BTCUSDT_251226,2025-12-26 00:00:00+00:00,110898.0,39.693,110098.1,55,799.8999999999942,0.007265338820560883,0.048215430354631314,2025
2025-11-02 00:00:00+00:00,BTCUSDT_251226,2025-12-26 00:00:00+00:00,111316.5,83.808,110540.68,54,775.820000000007,0.007018411683373099,0.04743926415613298,2025
2025-11-03 00:00:00+00:00,BTCUSDT_251226,2025-12-26 00:00:00+00:00,107275.4,234.556,106583.04,53,692.3600000000006,0.006495967838785614,0.044736382285976393,2025
2025-11-04 00:00:00+00:00,BTCUSDT_251226,2025-12-26 00:00:00+00:00,101955.5,510.723,101497.22,52,458.27999999999884,0.004515197559105549,0.03169321363602933,2025
2025-11-05 00:00:00+00:00,BTCUSDT_251226,2025-12-26 00:00:00+00:00,104558.7,247.553,103885.16,51,673.5399999999936,0.006483505440045465,0.04640155854150186,2025
2025-11-06 00:00:00+00:00,BTCUSDT_251226,2025-12-26 00:00:00+00:00,101903.2,221.281,101346.04,50,557.1600000000035,0.005497600103565995,0.04013248075603176,2025
2025-11-07 00:00:00+00:00,BTCUSDT_251226,2025-12-26 00:00:00+00:00,103974.4,223.512,103339.08,49,635.3199999999924,0.006147916161049551,0.04579570201598135,2025
2025-11-08 00:00:00+00:00,BTCUSDT_251226,2025-12-26 00:00:00+00:00,102869.1,100.23,102312.94,48,556.1600000000035,0.005435871552513333,0.041335273263903474,2025
2025-11-09 00:00:00+00:00,BTCUSDT_251226,2025-12-26 00:00:00+00:00,105330.2,182.756,104722.96,47,607.2399999999907,0.005798537398102485,0.04503119468739164,2025
2025-11-10 00:00:00+00:00,BTCUSDT_251226,2025-12-26 00:00:00+00:00,106636.1,164.397,106011.13,46,624.9700000000012,0.005895324387165774,0.046778117419902336,2025
2025-11-11 00:00:00+00:00,BTCUSDT_251226,2025-12-26 00:00:00+00:00,103582.6,158.799,103058.99,45,523.6100000000006,0.005080682432459318,0.0412099797299478,2025
2025-11-12 00:00:00+00:00,BTCUSDT_251226,2025-12-26 00:00:00+00:00,102137.1,166.953,101654.37,44,482.7300000000105,0.00474873829821591,0.039392942701109254,2025
2025-11-13 00:00:00+00:00,BTCUSDT_251226,2025-12-26 00:00:00+00:00,100265.3,271.288,99692.02,43,573.2799999999988,0.005750510421997657,0.0488124721867243,2025
2025-11-14 00:00:00+00:00,BTCUSDT_251226,2025-12-26 00:00:00+00:00,95016.7,507.236,94594.0,42,422.6999999999971,0.004468570945303054,0.038834009405609875,2025
2025-11-15 00:00:00+00:00,BTCUSDT_251226,2025-12-26 00:00:00+00:00,96068.7,132.201,95596.24,41,472.45999999999185,0.004942244590372925,0.0439980311094175,2025
2025-11-16 00:00:00+00:00,BTCUSDT_251226,2025-12-26 00:00:00+00:00,94713.0,216.454,94261.44,40,451.5599999999977,0.0047905060648341215,0.04371336784161136,2025
2025-11-17 00:00:00+00:00,BTCUSDT_251226,2025-12-26 00:00:00+00:00,92632.8,204.967,92215.14,39,417.6600000000035,0.004529191193550251,0.04238858424732927,2025
2025-11-18 00:00:00+00:00,BTCUSDT_251226,2025-12-26 00:00:00+00:00,93400.0,221.681,92960.83,38,439.16999999999825,0.004724247836427432,0.04537764369200033,2025
2025-11-19 00:00:00+00:00,BTCUSDT_251226,2025-12-26 00:00:00+00:00,92023.2,240.769,91554.96,37,468.2399999999907,0.005114305112470047,0.05045192881220451,2025
2025-11-20 00:00:00+00:00,BTCUSDT_251226,2025-12-26 00:00:00+00:00,87020.7,346.17,86637.23,36,383.47000000000116,0.00442615720747306,0.044876316131324076,2025
2025-11-21 00:00:00+00:00,BTCUSDT_251226,2025-12-26 00:00:00+00:00,85460.0,752.218,85129.43,35,330.570000000007,0.0038831459343731892,0.04049566474417755,2025
2025-11-22 00:00:00+00:00,BTCUSDT_251226,2025-12-26 00:00:00+00:00,85024.3,182.025,84739.74,34,284.5599999999977,0.0033580466496592703,0.036049618444871576,2025
2025-11-23 00:00:00+00:00,BTCUSDT_251226,2025-12-26 00:00:00+00:00,87192.1,306.399,86830.0,33,362.1000000000058,0.004170217666705123,0.046125134798405146,2025
2025-11-24 00:00:00+00:00,BTCUSDT_251226,2025-12-26 00:00:00+00:00,88658.7,244.47,88300.01,32,358.6900000000023,0.004062173945393691,0.04633417156464679,2025
2025-11-25 00:00:00+00:00,BTCUSDT_251226,2025-12-26 00:00:00+00:00,87745.5,213.727,87369.96,31,375.5399999999936,0.004298273685829701,0.050608706300898094,2025
2025-11-26 00:00:00+00:00,BTCUSDT_251226,2025-12-26 00:00:00+00:00,90877.6,149.143,90484.02,30,393.58000000000175,0.004349718325954149,0.052921572965775474,2025
2025-11-27 00:00:00+00:00,BTCUSDT_251226,2025-12-26 00:00:00+00:00,91655.0,164.133,91333.95,29,321.0500000000029,0.0035151222519118346,0.044242055929235156,2025
2025-11-28 00:00:00+00:00,BTCUSDT_251226,2025-12-26 00:00:00+00:00,91211.0,195.673,90890.7,28,320.3000000000029,0.0035240129078112823,0.04593802540539708,2025
2025-11-29 00:00:00+00:00,BTCUSDT_251226,2025-12-26 00:00:00+00:00,91139.3,74.237,90802.44,27,336.8600000000006,0.0037098122032844113,0.050151164970326303,2025
2025-11-30 00:00:00+00:00,BTCUSDT_251226,2025-12-26 00:00:00+00:00,90681.7,73.744,90360.0,26,321.6999999999971,0.003560203629924713,0.04997978172778924,2025
2025-12-01 00:00:00+00:00,BTCUSDT_251226,2025-12-26 00:00:00+00:00,86563.4,353.03,86286.01,25,277.3899999999994,0.003214773750692603,0.046935696760112,2025
2025-12-02 00:00:00+00:00,BTCUSDT_251226,2025-12-26 00:00:00+00:00,91567.8,335.704,91277.88,24,289.91999999999825,0.003176235030874931,0.048305241094556244,2025
2025-12-03 00:00:00+00:00,BTCUSDT_251226,2025-12-26 00:00:00+00:00,93717.9,280.366,93429.95,23,287.9499999999971,0.00308198816332447,0.04890981215710572,2025
2025-12-04 00:00:00+00:00,BTCUSDT_251226,2025-12-26 00:00:00+00:00,92311.7,215.221,92078.06,22,233.63999999999942,0.002537412278234353,0.04209797643434267,2025
2025-12-05 00:00:00+00:00,BTCUSDT_251226,2025-12-26 00:00:00+00:00,89519.8,321.937,89330.04,21,189.7600000000093,0.0021242574166541214,0.036921617003750205,2025
2025-12-06 00:00:00+00:00,BTCUSDT_251226,2025-12-26 00:00:00+00:00,89406.1,121.014,89236.79,20,169.31000000001222,0.0018973116357055451,0.034625937351626196,2025
2025-12-07 00:00:00+00:00,BTCUSDT_251226,2025-12-26 00:00:00+00:00,90580.1,167.904,90395.31,19,184.79000000000815,0.0020442432245656125,0.039270988261392026,2025
2025-12-08 00:00:00+00:00,BTCUSDT_251226,2025-12-26 00:00:00+00:00,90832.6,189.24,90634.34,18,198.2600000000093,0.00218747110642621,0.04435705299142038,2025
2025-12-09 00:00:00+00:00,BTCUSDT_251226,2025-12-26 00:00:00+00:00,92868.9,184.31,92678.8,17,190.09999999999127,0.0020511702784238818,0.04403983244851275,2025
2025-12-10 00:00:00+00:00,BTCUSDT_251226,2025-12-26 00:00:00+00:00,92154.6,199.14,92015.37,16,139.23000000001048,0.0015131167760343786,0.03451797645328426,2025
2025-12-11 00:00:00+00:00,BTCUSDT_251226,2025-12-26 00:00:00+00:00,92646.2,226.848,92513.38,15,132.81999999999243,0.0014356842221091958,0.03493498273799043,2025
2025-12-12 00:00:00+00:00,BTCUSDT_251226,2025-12-26 00:00:00+00:00,90368.4,169.708,90268.42,14,99.97999999999593,0.0011075855764396444,0.02887633824289073,2025
2025-12-13 00:00:00+00:00,BTCUSDT_251226,2025-12-26 00:00:00+00:00,90402.1,38.053,90240.01,13,162.09000000001106,0.0017962099073350177,0.05043204739825242,2025
2025-12-14 00:00:00+00:00,BTCUSDT_251226,2025-12-26 00:00:00+00:00,88236.8,94.982,88172.17,12,64.63000000000466,0.000732997724792354,0.022295347462434105,2025
2025-12-15 00:00:00+00:00,BTCUSDT_251226,2025-12-26 00:00:00+00:00,86511.1,207.434,86432.08,11,79.02000000000407,0.0009142438779675795,0.03033627413256059,2025
2025-12-16 00:00:00+00:00,BTCUSDT_251226,2025-12-26 00:00:00+00:00,87953.4,162.651,87863.42,10,89.97999999999593,0.0010240894333500327,0.037379264317276194,2025
2025-12-17 00:00:00+00:00,BTCUSDT_251226,2025-12-26 00:00:00+00:00,86337.0,200.338,86243.22,9,93.77999999999884,0.0010873898261219703,0.044099698503835466,2025
2025-12-18 00:00:00+00:00,BTCUSDT_251226,2025-12-26 00:00:00+00:00,85617.0,201.841,85516.41,8,100.58999999999651,0.0011762654676452918,0.05366711196131644,2025
2025-12-19 00:00:00+00:00,BTCUSDT_251226,2025-12-26 00:00:00+00:00,88265.6,167.359,88136.94,7,128.6600000000035,0.0014597738473789024,0.07611677918475707,2025
2025-12-20 00:00:00+00:00,BTCUSDT_251226,2025-12-26 00:00:00+00:00,88462.7,41.785,88360.9,6,101.80000000000291,0.0011520932901317542,0.07008567514968171,2025
2025-12-21 00:00:00+00:00,BTCUSDT_251226,2025-12-26 00:00:00+00:00,88717.0,126.2,88658.86,5,58.13999999999942,0.0006557720232360242,0.047871357696229765,2025
2025-12-22 00:00:00+00:00,BTCUSDT_251226,2025-12-26 00:00:00+00:00,88629.1,168.772,88620.79,4,8.310000000012224,9.377032183996808e-05,0.008556541867897087,2025
2025-12-23 00:00:00+00:00,BTCUSDT_251226,2025-12-26 00:00:00+00:00,87538.7,120.66,87486.0,3,52.69999999999709,0.0006023820954209484,0.07328982160954872,2025
2025-12-24 00:00:00+00:00,BTCUSDT_251226,2025-12-26 00:00:00+00:00,87674.4,85.088,87669.45,2,4.94999999999709,5.646208570941291e-05,0.010304330641967856,2025
2025-12-25 00:00:00+00:00,BTCUSDT_251226,2025-12-26 00:00:00+00:00,87233.8,121.119,87225.27,1,8.529999999998836,9.779276120324805e-05,0.035694357839185537,2025
2025-09-26 00:00:00+00:00,BTCUSDT_260327,2026-03-27 00:00:00+00:00,113679.3,154.457,109643.46,182,4035.8399999999965,0.0368087617811404,0.07381976950613321,2025
2025-09-27 00:00:00+00:00,BTCUSDT_260327,2026-03-27 00:00:00+00:00,113666.5,42.081,109635.85,181,4030.649999999994,0.03676397820603383,0.07413730411714005,2025
2025-09-28 00:00:00+00:00,BTCUSDT_260327,2026-03-27 00:00:00+00:00,116109.7,41.356,112163.95,180,3945.75,0.035178415168153405,0.07133400853542218,2025
2025-09-29 00:00:00+00:00,BTCUSDT_260327,2026-03-27 00:00:00+00:00,118797.2,77.967,114311.96,179,4485.239999999991,0.03923683925986389,0.08000808005502971,2025
2025-09-30 00:00:00+00:00,BTCUSDT_260327,2026-03-27 00:00:00+00:00,118313.4,104.675,114048.93,178,4264.470000000001,0.03739158271804919,0.0766737510791458,2025
2025-10-01 00:00:00+00:00,BTCUSDT_260327,2026-03-27 00:00:00+00:00,122980.6,92.706,118594.99,177,4385.610000000001,0.03697972401700949,0.07625762297292918,2025
2025-10-02 00:00:00+00:00,BTCUSDT_260327,2026-03-27 00:00:00+00:00,125116.0,82.684,120529.35,176,4586.649999999994,0.03805421667004753,0.07891925616231449,2025
2025-10-03 00:00:00+00:00,BTCUSDT_260327,2026-03-27 00:00:00+00:00,126825.9,99.186,122232.0,175,4593.899999999994,0.03758344786962493,0.07838833412807485,2025
2025-10-04 00:00:00+00:00,BTCUSDT_260327,2026-03-27 00:00:00+00:00,126939.3,53.85,122391.0,174,4548.300000000003,0.037162046228889405,0.07795486708933698,2025
2025-10-05 00:00:00+00:00,BTCUSDT_260327,2026-03-27 00:00:00+00:00,128148.0,103.185,123482.31,173,4665.690000000002,0.03778427857399171,0.07971827560408656,2025
2025-10-06 00:00:00+00:00,BTCUSDT_260327,2026-03-27 00:00:00+00:00,129364.0,116.997,124658.54,172,4705.460000000006,0.03774679215720003,0.08010220428708147,2025
2025-10-07 00:00:00+00:00,BTCUSDT_260327,2026-03-27 00:00:00+00:00,125992.5,132.641,121332.95,171,4659.550000000003,0.03840300594356276,0.08197132847602577,2025
2025-10-08 00:00:00+00:00,BTCUSDT_260327,2026-03-27 00:00:00+00:00,127785.4,71.548,123306.0,170,4479.399999999994,0.03632751042122844,0.07799730178675518,2025
2025-10-09 00:00:00+00:00,BTCUSDT_260327,2026-03-27 00:00:00+00:00,125932.5,123.55,121662.4,169,4270.100000000006,0.035097943160746506,0.07580325002173062,2025
2025-10-10 00:00:00+00:00,BTCUSDT_260327,2026-03-27 00:00:00+00:00,116527.0,493.344,112774.5,168,3752.5,0.03327436610226603,0.07229252159123274,2025
2025-10-11 00:00:00+00:00,BTCUSDT_260327,2026-03-27 00:00:00+00:00,114400.0,122.8,110644.4,167,3755.600000000006,0.03394297406827644,0.07418673973006527,2025
2025-10-12 00:00:00+00:00,BTCUSDT_260327,2026-03-27 00:00:00+00:00,118896.8,181.434,114958.8,166,3938.0,0.03425575075592299,0.07532137967416802,2025
2025-10-13 00:00:00+00:00,BTCUSDT_260327,2026-03-27 00:00:00+00:00,118891.0,69.793,115166.0,165,3725.0,0.03234461559835368,0.0715502102630248,2025
2025-10-14 00:00:00+00:00,BTCUSDT_260327,2026-03-27 00:00:00+00:00,116457.5,176.748,113028.14,164,3429.3600000000006,0.0303407629285946,0.06752669798132335,2025
2025-10-15 00:00:00+00:00,BTCUSDT_260327,2026-03-27 00:00:00+00:00,114070.0,102.595,110763.28,163,3306.720000000001,0.029853937153179296,0.06685084086448125,2025
2025-10-16 00:00:00+00:00,BTCUSDT_260327,2026-03-27 00:00:00+00:00,111320.4,217.65,108194.28,162,3126.1199999999953,0.028893579216941925,0.06509973095175187,2025
2025-10-17 00:00:00+00:00,BTCUSDT_260327,2026-03-27 00:00:00+00:00,109277.8,397.593,106431.68,161,2846.12000000001,0.026741286053175238,0.060624654716825856,2025
2025-10-18 00:00:00+00:00,BTCUSDT_260327,2026-03-27 00:00:00+00:00,110360.6,81.617,107185.01,160,3175.590000000011,0.029627183875805128,0.06758701321668045,2025
2025-10-19 00:00:00+00:00,BTCUSDT_260327,2026-03-27 00:00:00+00:00,111897.0,109.647,108642.78,159,3254.220000000001,0.029953394049747267,0.0687609360261494,2025
2025-10-20 00:00:00+00:00,BTCUSDT_260327,2026-03-27 00:00:00+00:00,113742.6,158.854,110532.09,158,3210.5100000000093,0.0290459539849469,0.06709983040826341,2025
2025-10-21 00:00:00+00:00,BTCUSDT_260327,2026-03-27 00:00:00+00:00,111249.5,223.733,108297.67,157,2951.8300000000017,0.027256634422513446,0.06336733480393254,2025
2025-10-22 00:00:00+00:00,BTCUSDT_260327,2026-03-27 00:00:00+00:00,110492.2,168.693,107567.44,156,2924.7599999999948,0.027190012144938977,0.06361765662117133,2025
2025-10-23 00:00:00+00:00,BTCUSDT_260327,2026-03-27 00:00:00+00:00,113137.7,83.225,110078.18,155,3059.520000000004,0.02779406418238387,0.0654505382359362,2025
2025-10-24 00:00:00+00:00,BTCUSDT_260327,2026-03-27 00:00:00+00:00,114031.7,94.658,111004.89,154,3026.8099999999977,0.02726735732092521,0.06462717806582924,2025
2025-10-25 00:00:00+00:00,BTCUSDT_260327,2026-03-27 00:00:00+00:00,114541.2,42.674,111646.27,153,2894.929999999993,0.02592948246278172,0.061857915679185145,2025
2025-10-26 00:00:00+00:00,BTCUSDT_260327,2026-03-27 00:00:00+00:00,117650.0,69.63,114559.4,152,3090.600000000006,0.026978144089441863,0.06478304337267289,2025
2025-10-27 00:00:00+00:00,BTCUSDT_260327,2026-03-27 00:00:00+00:00,117168.4,80.485,114107.65,151,3060.75,0.026823354963492807,0.06483791100446937,2025
2025-10-28 00:00:00+00:00,BTCUSDT_260327,2026-03-27 00:00:00+00:00,115840.5,99.353,112898.45,150,2942.050000000003,0.026059259449531885,0.06341086466052759,2025
2025-10-29 00:00:00+00:00,BTCUSDT_260327,2026-03-27 00:00:00+00:00,112607.8,126.452,110021.29,149,2586.5100000000093,0.023509177178344387,0.05758959510131344,2025
2025-10-30 00:00:00+00:00,BTCUSDT_260327,2026-03-27 00:00:00+00:00,110891.0,186.942,108322.88,148,2568.1199999999953,0.023708010717587966,0.05846908048594329,2025
2025-10-31 00:00:00+00:00,BTCUSDT_260327,2026-03-27 00:00:00+00:00,112180.6,111.393,109608.01,147,2572.590000000011,0.023470821156227645,0.0582778892654632,2025
2025-11-01 00:00:00+00:00,BTCUSDT_260327,2026-03-27 00:00:00+00:00,112614.1,28.019,110098.1,146,2516.0,0.0228523471340559,0.05713086783513975,2025
2025-11-02 00:00:00+00:00,BTCUSDT_260327,2026-03-27 00:00:00+00:00,113177.5,51.188,110540.68,145,2636.820000000007,0.023853842766301123,0.06004588006689593,2025
2025-11-03 00:00:00+00:00,BTCUSDT_260327,2026-03-27 00:00:00+00:00,108768.3,88.508,106583.04,144,2185.2600000000093,0.020502886763222455,0.05196912269844581,2025
2025-11-04 00:00:00+00:00,BTCUSDT_260327,2026-03-27 00:00:00+00:00,103340.3,269.374,101497.22,143,1843.0800000000017,0.018158921002959506,0.04634969346909244,2025
2025-11-05 00:00:00+00:00,BTCUSDT_260327,2026-03-27 00:00:00+00:00,106018.5,155.28,103885.16,142,2133.3399999999965,0.020535560613277166,0.052785067773564544,2025
2025-11-06 00:00:00+00:00,BTCUSDT_260327,2026-03-27 00:00:00+00:00,103233.9,118.512,101346.04,141,1887.8600000000006,0.018627861532626244,0.048221059995805525,2025
2025-11-07 00:00:00+00:00,BTCUSDT_260327,2026-03-27 00:00:00+00:00,105380.5,239.031,103339.08,140,2041.4199999999983,0.0197545788098752,0.05150300904003177,2025
2025-11-08 00:00:00+00:00,BTCUSDT_260327,2026-03-27 00:00:00+00:00,104163.9,73.1,102312.94,139,1850.9599999999919,0.01809116227136071,0.047505569993141435,2025
2025-11-09 00:00:00+00:00,BTCUSDT_260327,2026-03-27 00:00:00+00:00,106692.8,114.046,104722.96,138,1969.8399999999965,0.01881001071780244,0.049751115304332544,2025
2025-11-10 00:00:00+00:00,BTCUSDT_260327,2026-03-27 00:00:00+00:00,108074.6,119.742,106011.13,137,2063.470000000001,0.019464654324503484,0.05185838560907863,2025
2025-11-11 00:00:00+00:00,BTCUSDT_260327,2026-03-27 00:00:00+00:00,104910.3,103.813,103058.99,136,1851.3099999999977,0.017963595412685468,0.04821112004139849,2025
2025-11-12 00:00:00+00:00,BTCUSDT_260327,2026-03-27 00:00:00+00:00,103407.9,97.22,101654.37,135,1753.5299999999988,0.017249922457834316,0.04663867923784834,2025
2025-11-13 00:00:00+00:00,BTCUSDT_260327,2026-03-27 00:00:00+00:00,101343.8,183.734,99692.02,134,1651.7799999999988,0.01656882867856423,0.04513151095280555,2025
2025-11-14 00:00:00+00:00,BTCUSDT_260327,2026-03-27 00:00:00+00:00,96165.6,270.245,94594.0,133,1571.6000000000058,0.01661416157472996,0.045595255449446884,2025
2025-11-15 00:00:00+00:00,BTCUSDT_260327,2026-03-27 00:00:00+00:00,97153.2,66.716,95596.24,132,1556.9599999999919,0.016286833038621516,0.045035561053764044,2025
2025-11-16 00:00:00+00:00,BTCUSDT_260327,2026-03-27 00:00:00+00:00,95771.9,94.889,94261.44,131,1510.4599999999919,0.016024155794776652,0.0446474569854464,2025
2025-11-17 00:00:00+00:00,BTCUSDT_260327,2026-03-27 00:00:00+00:00,93678.2,148.279,92215.14,130,1463.0599999999977,0.015865724435271667,0.04454607245287814,2025
2025-11-18 00:00:00+00:00,BTCUSDT_260327,2026-03-27 00:00:00+00:00,94522.5,262.211,92960.83,129,1561.6699999999983,0.016799226082641453,0.0475326939547607,2025
2025-11-19 00:00:00+00:00,BTCUSDT_260327,2026-03-27 00:00:00+00:00,93150.5,212.198,91554.96,128,1595.5399999999936,0.01742712792403594,0.04969454447088373,2025
2025-11-20 00:00:00+00:00,BTCUSDT_260327,2026-03-27 00:00:00+00:00,88010.9,211.831,86637.23,127,1373.6699999999983,0.01585542381722036,0.04556873774240497,2025
2025-11-21 00:00:00+00:00,BTCUSDT_260327,2026-03-27 00:00:00+00:00,86399.8,527.649,85129.43,126,1270.37000000001,0.014922806366728991,0.04322876447504827,2025
2025-11-22 00:00:00+00:00,BTCUSDT_260327,2026-03-27 00:00:00+00:00,85966.0,148.602,84739.74,125,1226.2599999999948,0.014470896417666548,0.04225501753958632,2025
2025-11-23 00:00:00+00:00,BTCUSDT_260327,2026-03-27 00:00:00+00:00,88220.8,124.58,86830.0,124,1390.800000000003,0.01601750547045955,0.047148302392884964,2025
2025-11-24 00:00:00+00:00,BTCUSDT_260327,2026-03-27 00:00:00+00:00,89767.7,164.322,88300.01,123,1467.6900000000023,0.016621628921672855,0.04932434598707798,2025
2025-11-25 00:00:00+00:00,BTCUSDT_260327,2026-03-27 00:00:00+00:00,88818.1,113.8,87369.96,122,1448.1399999999994,0.01657480442934848,0.04958855423534586,2025
2025-11-26 00:00:00+00:00,BTCUSDT_260327,2026-03-27 00:00:00+00:00,92091.3,102.609,90484.02,121,1607.2799999999988,0.01776313651847032,0.05358301511769973,2025
2025-11-27 00:00:00+00:00,BTCUSDT_260327,2026-03-27 00:00:00+00:00,92827.2,121.463,91333.95,120,1493.25,0.016349342166850335,0.04972924909083643,2025
2025-11-28 00:00:00+00:00,BTCUSDT_260327,2026-03-27 00:00:00+00:00,92354.3,140.631,90890.7,119,1463.6000000000058,0.01610285760809418,0.04939111787356619,2025
2025-11-29 00:00:00+00:00,BTCUSDT_260327,2026-03-27 00:00:00+00:00,92296.9,75.653,90802.44,118,1494.4599999999919,0.01645836829935398,0.05090935957003562,2025
2025-11-30 00:00:00+00:00,BTCUSDT_260327,2026-03-27 00:00:00+00:00,91791.6,37.436,90360.0,117,1431.6000000000058,0.015843293492695948,0.04942565918661557,2025
2025-12-01 00:00:00+00:00,BTCUSDT_260327,2026-03-27 00:00:00+00:00,87588.3,227.772,86286.01,116,1302.2900000000081,0.015092713175635404,0.04749000266471485,2025
2025-12-02 00:00:00+00:00,BTCUSDT_260327,2026-03-27 00:00:00+00:00,92691.0,175.454,91277.88,115,1413.1199999999953,0.0154815164418805,0.04913698696770767,2025
2025-12-03 00:00:00+00:00,BTCUSDT_260327,2026-03-27 00:00:00+00:00,94866.9,239.823,93429.95,114,1436.949999999997,0.015379971839865024,0.04924289229430468,2025
2025-12-04 00:00:00+00:00,BTCUSDT_260327,2026-03-27 00:00:00+00:00,93400.0,178.624,92078.06,113,1321.9400000000023,0.014356731668760206,0.04637351379732279,2025
2025-12-05 00:00:00+00:00,BTCUSDT_260327,2026-03-27 00:00:00+00:00,90576.1,334.618,89330.04,112,1246.0600000000122,0.01394894707312358,0.04545862215794738,2025
2025-12-06 00:00:00+00:00,BTCUSDT_260327,2026-03-27 00:00:00+00:00,90352.9,96.239,89236.79,111,1116.1100000000006,0.01250728539204515,0.04112756007294126,2025
2025-12-07 00:00:00+00:00,BTCUSDT_260327,2026-03-27 00:00:00+00:00,91623.3,196.171,90395.31,110,1227.9900000000052,0.013584664956622255,0.04507638826515567,2025
2025-12-08 00:00:00+00:00,BTCUSDT_260327,2026-03-27 00:00:00+00:00,91810.8,97.729,90634.34,109,1176.4600000000064,0.012980289810683306,0.043466108081645936,2025
2025-12-09 00:00:00+00:00,BTCUSDT_260327,2026-03-27 00:00:00+00:00,93816.2,127.562,92678.8,108,1137.3999999999942,0.012272493817356225,0.04147648373458354,2025
2025-12-10 00:00:00+00:00,BTCUSDT_260327,2026-03-27 00:00:00+00:00,93152.4,134.937,92015.37,107,1137.0299999999988,0.012356957321369233,0.042152237591586636,2025
2025-12-11 00:00:00+00:00,BTCUSDT_260327,2026-03-27 00:00:00+00:00,93544.9,181.208,92513.38,106,1031.5199999999895,0.011149954741681576,0.038393712082205426,2025
2025-12-12 00:00:00+00:00,BTCUSDT_260327,2026-03-27 00:00:00+00:00,91297.1,118.362,90268.42,105,1028.6800000000076,0.011395790465813046,0.03961393828592154,2025
2025-12-13 00:00:00+00:00,BTCUSDT_260327,2026-03-27 00:00:00+00:00,91277.3,38.243,90240.01,104,1037.2900000000081,0.011494790392864631,0.04034229320572683,2025
2025-12-14 00:00:00+00:00,BTCUSDT_260327,2026-03-27 00:00:00+00:00,89066.0,81.803,88172.17,103,893.8300000000017,0.010137325643681014,0.03592353262081136,2025
2025-12-15 00:00:00+00:00,BTCUSDT_260327,2026-03-27 00:00:00+00:00,87285.5,236.722,86432.08,102,853.4199999999983,0.009873880161162363,0.03533300253749277,2025
2025-12-16 00:00:00+00:00,BTCUSDT_260327,2026-03-27 00:00:00+00:00,88694.9,197.7,87863.42,101,831.4799999999959,0.009463323872437425,0.03419914072712535,2025
2025-12-17 00:00:00+00:00,BTCUSDT_260327,2026-03-27 00:00:00+00:00,87120.0,206.422,86243.22,100,876.7799999999988,0.010166364382034887,0.03710722999442734,2025
2025-12-18 00:00:00+00:00,BTCUSDT_260327,2026-03-27 00:00:00+00:00,86409.0,240.764,85516.41,99,892.5899999999965,0.010437645827274513,0.038482229565204015,2025
2025-12-19 00:00:00+00:00,BTCUSDT_260327,2026-03-27 00:00:00+00:00,89223.8,279.391,88136.94,98,1086.8600000000006,0.01233149233454214,0.04592851736844777,2025
2025-12-20 00:00:00+00:00,BTCUSDT_260327,2026-03-27 00:00:00+00:00,89407.3,76.089,88360.9,97,1046.4000000000087,0.011842342031373704,0.04456139011805569,2025
2025-12-21 00:00:00+00:00,BTCUSDT_260327,2026-03-27 00:00:00+00:00,89714.1,86.621,88658.86,96,1055.2400000000052,0.011902250942545451,0.04525334993780302,2025
2025-12-22 00:00:00+00:00,BTCUSDT_260327,2026-03-27 00:00:00+00:00,89625.0,157.964,88620.79,95,1004.2100000000064,0.011331539698529052,0.043536968315401096,2025
2025-12-23 00:00:00+00:00,BTCUSDT_260327,2026-03-27 00:00:00+00:00,88494.7,163.912,87486.0,94,1008.6999999999971,0.011529844775163993,0.044770141946115505,2025
2025-12-24 00:00:00+00:00,BTCUSDT_260327,2026-03-27 00:00:00+00:00,88633.5,89.08,87669.45,93,964.0500000000029,0.01099641893498822,0.043157988293233335,2025
2025-12-25 00:00:00+00:00,BTCUSDT_260327,2026-03-27 00:00:00+00:00,88271.8,106.046,87225.27,92,1046.5299999999988,0.011998013878317589,0.04760081593028174,2025
2025-12-26 00:00:00+00:00,BTCUSDT_260327,2026-03-27 00:00:00+00:00,88390.9,246.881,87369.56,91,1021.3399999999965,0.011689883753563559,0.0468879952752824,2025
2025-12-27 00:00:00+00:00,BTCUSDT_260327,2026-03-27 00:00:00+00:00,88967.0,85.737,87877.01,90,1089.9900000000052,0.012403585420123025,0.05030342975938782,2025
2025-12-28 00:00:00+00:00,BTCUSDT_260327,2026-03-27 00:00:00+00:00,89059.9,47.446,87952.71,89,1107.1899999999878,0.012588469417258294,0.05162686895841884,2025
2025-12-29 00:00:00+00:00,BTCUSDT_260327,2026-03-27 00:00:00+00:00,88214.2,345.219,87237.13,88,977.0699999999924,0.011200162132798184,0.04645521793717428,2025
2025-12-30 00:00:00+00:00,BTCUSDT_260327,2026-03-27 00:00:00+00:00,89419.5,153.528,88485.49,87,934.0099999999948,0.010555515938262813,0.04428463583294169,2025
2025-12-31 00:00:00+00:00,BTCUSDT_260327,2026-03-27 00:00:00+00:00,88479.5,108.69,87648.22,86,831.2799999999988,0.009484277033806264,0.040253036248131244,2025
2026-01-01 00:00:00+00:00,BTCUSDT_260327,2026-03-27 00:00:00+00:00,89703.3,63.623,88839.04,85,864.2600000000093,0.009728380675883141,0.04177481113761584,2026
2026-01-02 00:00:00+00:00,BTCUSDT_260327,2026-03-27 00:00:00+00:00,90828.0,200.593,89995.13,84,832.8699999999953,0.009254611888443245,0.04021349213430696,2026
2026-01-03 00:00:00+00:00,BTCUSDT_260327,2026-03-27 00:00:00+00:00,91538.3,62.948,90628.01,83,910.2900000000081,0.010044245702846264,0.044170478090829954,2026
2026-01-04 00:00:00+00:00,BTCUSDT_260327,2026-03-27 00:00:00+00:00,92574.8,113.991,91529.73,82,1045.070000000007,0.011417820198967123,0.05082322405637805,2026
2026-01-05 00:00:00+00:00,BTCUSDT_260327,2026-03-27 00:00:00+00:00,94780.3,177.602,93859.71,81,920.5899999999965,0.009808148778639914,0.044197213632142816,2026
2026-01-06 00:00:00+00:00,BTCUSDT_260327,2026-03-27 00:00:00+00:00,94734.2,123.39,93747.97,80,986.2299999999959,0.010520014460046398,0.04799756597396169,2026
2026-01-07 00:00:00+00:00,BTCUSDT_260327,2026-03-27 00:00:00+00:00,92356.1,143.03,91364.16,79,991.9400000000023,0.010856992501217133,0.05016205396131966,2026
2026-01-08 00:00:00+00:00,BTCUSDT_260327,2026-03-27 00:00:00+00:00,91995.8,155.849,91099.99,78,895.8099999999977,0.009833261233069265,0.04601461987269592,2026
2026-01-09 00:00:00+00:00,BTCUSDT_260327,2026-03-27 00:00:00+00:00,91514.0,116.609,90641.28,77,872.7200000000012,0.00962828415485749,0.04564056774705175,2026
2026-01-10 00:00:00+00:00,BTCUSDT_260327,2026-03-27 00:00:00+00:00,91396.0,27.354,90504.7,76,891.3000000000029,0.009848107335862147,0.04729683128407478,2026
2026-01-11 00:00:00+00:00,BTCUSDT_260327,2026-03-27 00:00:00+00:00,91900.0,53.668,91013.65,75,886.3500000000058,0.009738649092746042,0.04739475891803074,2026
2026-01-12 00:00:00+00:00,BTCUSDT_260327,2026-03-27 00:00:00+00:00,92159.6,192.494,91296.2,74,863.4000000000087,0.009457129650522242,0.0466466530059543,2026
2026-01-13 00:00:00+00:00,BTCUSDT_260327,2026-03-27 00:00:00+00:00,96237.4,264.562,95414.0,73,823.3999999999942,0.008629760831743709,0.043148804158718544,2026
2026-01-14 00:00:00+00:00,BTCUSDT_260327,2026-03-27 00:00:00+00:00,97777.1,196.478,96951.78,72,825.320000000007,0.008512685378236552,0.043154585598004745,2026
2026-01-15 00:00:00+00:00,BTCUSDT_260327,2026-03-27 00:00:00+00:00,96434.0,152.47,95604.8,71,829.1999999999971,0.008673204692651384,0.044587601588982465,2026
2026-01-16 00:00:00+00:00,BTCUSDT_260327,2026-03-27 00:00:00+00:00,96365.1,111.02,95550.94,70,814.1600000000035,0.0085206906389409,0.044429315474477545,2026
2026-01-17 00:00:00+00:00,BTCUSDT_260327,2026-03-27 00:00:00+00:00,95952.2,38.08,95147.77,69,804.429999999993,0.008454533406300462,0.04472325642463288,2026
2026-01-18 00:00:00+00:00,BTCUSDT_260327,2026-03-27 00:00:00+00:00,94427.6,46.463,93673.14,68,754.4600000000064,0.00805417646937005,0.04323197663705982,2026
2026-01-19 00:00:00+00:00,BTCUSDT_260327,2026-03-27 00:00:00+00:00,93364.3,87.378,92631.0,67,733.3000000000029,0.007916356295408695,0.0431264186242414,2026
2026-01-20 00:00:00+00:00,BTCUSDT_260327,2026-03-27 00:00:00+00:00,89077.3,226.796,88427.66,66,649.6399999999994,0.00734657006642491,0.040628758700683214,2026
2026-01-21 00:00:00+00:00,BTCUSDT_260327,2026-03-27 00:00:00+00:00,90056.2,220.959,89454.73,65,601.4700000000012,0.006723736128877715,0.037756364416005626,2026
2026-01-22 00:00:00+00:00,BTCUSDT_260327,2026-03-27 00:00:00+00:00,90202.4,73.632,89559.67,64,642.7299999999959,0.007176556144076859,0.040928796759188334,2026
2026-01-23 00:00:00+00:00,BTCUSDT_260327,2026-03-27 00:00:00+00:00,90300.0,113.563,89600.26,63,699.7400000000052,0.007809575552571,0.04524595359822881,2026
2026-01-24 00:00:00+00:00,BTCUSDT_260327,2026-03-27 00:00:00+00:00,89896.8,33.081,89225.34,62,671.4600000000064,0.0075254406427591805,0.04430299733237259,2026
2026-01-25 00:00:00+00:00,BTCUSDT_260327,2026-03-27 00:00:00+00:00,87310.0,117.782,86670.36,61,639.6399999999994,0.007380147030657302,0.044159896167047796,2026
2026-01-26 00:00:00+00:00,BTCUSDT_260327,2026-03-27 00:00:00+00:00,89000.0,114.717,88347.08,60,652.9199999999983,0.007390397056699534,0.044958248761588826,2026
2026-01-27 00:00:00+00:00,BTCUSDT_260327,2026-03-27 00:00:00+00:00,89875.1,90.781,89250.0,59,625.1000000000058,0.007003921568627516,0.04332934529744142,2026
2026-01-28 00:00:00+00:00,BTCUSDT_260327,2026-03-27 00:00:00+00:00,89876.4,129.471,89299.99,58,576.4099999999889,0.0064547599613391776,0.040620472170496545,2026
2026-01-29 00:00:00+00:00,BTCUSDT_260327,2026-03-27 00:00:00+00:00,85221.6,231.917,84650.16,57,571.4400000000023,0.006750607441261804,0.04322757396597471,2026
2026-01-30 00:00:00+00:00,BTCUSDT_260327,2026-03-27 00:00:00+00:00,84853.5,275.877,84260.49,56,593.0099999999948,0.007037818080573644,0.04587149284659607,2026
2026-01-31 00:00:00+00:00,BTCUSDT_260327,2026-03-27 00:00:00+00:00,79157.7,484.405,78741.09,55,416.6100000000006,0.005290884340056768,0.03511223243855856,2026
2026-02-01 00:00:00+00:00,BTCUSDT_260327,2026-03-27 00:00:00+00:00,77396.3,304.104,76968.21,54,428.0899999999965,0.0055619066625038635,0.037594369107665004,2026
2026-02-02 00:00:00+00:00,BTCUSDT_260327,2026-03-27 00:00:00+00:00,79118.9,313.628,78738.61,53,380.2899999999936,0.004829777919625373,0.03326167812572191,2026
2026-02-03 00:00:00+00:00,BTCUSDT_260327,2026-03-27 00:00:00+00:00,76216.1,327.478,75770.21,52,445.8899999999994,0.00588476658570696,0.041306534688135395,2026
2026-02-04 00:00:00+00:00,BTCUSDT_260327,2026-03-27 00:00:00+00:00,73609.0,296.227,73165.83,51,443.16999999999825,0.00605706242927878,0.04334956444483833,2026
2026-02-05 00:00:00+00:00,BTCUSDT_260327,2026-03-27 00:00:00+00:00,63191.3,1072.185,62909.86,50,281.4400000000023,0.004473702532480637,0.03265802848710865,2026
2026-02-06 00:00:00+00:00,BTCUSDT_260327,2026-03-27 00:00:00+00:00,70801.2,1378.702,70580.26,49,220.94000000000233,0.0031303370092431275,0.023317816497423295,2026
2026-02-07 00:00:00+00:00,BTCUSDT_260327,2026-03-27 00:00:00+00:00,69629.5,562.419,69289.38,48,340.11999999999534,0.0049086887485498545,0.037326487358764524,2026
2026-02-08 00:00:00+00:00,BTCUSDT_260327,2026-03-27 00:00:00+00:00,70650.8,206.611,70330.38,47,320.41999999999825,0.004555925902860161,0.03538112669242466,2026
2026-02-09 00:00:00+00:00,BTCUSDT_260327,2026-03-27 00:00:00+00:00,70437.2,159.219,70138.0,46,299.1999999999971,0.004265875844763139,0.03384879746388143,2026
2026-02-10 00:00:00+00:00,BTCUSDT_260327,2026-03-27 00:00:00+00:00,69066.4,189.684,68841.29,45,225.11000000000058,0.0032699852080052627,0.026523213353820463,2026
2026-02-11 00:00:00+00:00,BTCUSDT_260327,2026-03-27 00:00:00+00:00,67286.9,270.576,67082.52,44,204.3799999999901,0.0030466953239083757,0.025273722573330843,2026
2026-02-12 00:00:00+00:00,BTCUSDT_260327,2026-03-27 00:00:00+00:00,66476.1,189.003,66272.17,43,203.93000000000757,0.00307715893413491,0.02612007002230796,2026
2026-02-13 00:00:00+00:00,BTCUSDT_260327,2026-03-27 00:00:00+00:00,69075.0,233.657,68853.96,42,221.0399999999936,0.0032102728731941282,0.02789879996942516,2026
2026-02-14 00:00:00+00:00,BTCUSDT_260327,2026-03-27 00:00:00+00:00,70015.7,198.391,69822.95,41,192.75,0.0027605536575008647,0.024575660609458917,2026
2026-02-15 00:00:00+00:00,BTCUSDT_260327,2026-03-27 00:00:00+00:00,69053.2,392.557,68832.58,40,220.61999999999534,0.0032051682502674656,0.029247160283690624,2026
2026-02-16 00:00:00+00:00,BTCUSDT_260327,2026-03-27 00:00:00+00:00,69082.5,184.58,68892.43,39,190.07000000000698,0.0027589388268058914,0.025820837738055137,2026
2026-02-17 00:00:00+00:00,BTCUSDT_260327,2026-03-27 00:00:00+00:00,67746.5,384.569,67503.52,38,242.97999999999593,0.0035995159956102424,0.034574298378887855,2026
2026-02-18 00:00:00+00:00,BTCUSDT_260327,2026-03-27 00:00:00+00:00,66683.3,183.885,66461.0,37,222.3000000000029,0.003344818765892823,0.03299618512299677,2026
2026-02-19 00:00:00+00:00,BTCUSDT_260327,2026-03-27 00:00:00+00:00,67221.2,261.559,67003.73,36,217.47000000000116,0.0032456402054035077,0.03290718541589668,2026
2026-02-20 00:00:00+00:00,BTCUSDT_260327,2026-03-27 00:00:00+00:00,68294.4,417.333,68020.01,35,274.3899999999994,0.004033960006768588,0.0420684400705867,2026
2026-02-21 00:00:00+00:00,BTCUSDT_260327,2026-03-27 00:00:00+00:00,68229.8,191.558,67975.93,34,253.8700000000099,0.0037347043284293416,0.04009314940813852,2026
2026-02-22 00:00:00+00:00,BTCUSDT_260327,2026-03-27 00:00:00+00:00,67890.0,173.448,67643.4,33,246.60000000000582,0.0036455884831336958,0.04032241807102421,2026
2026-02-23 00:00:00+00:00,BTCUSDT_260327,2026-03-27 00:00:00+00:00,64851.2,422.728,64656.02,32,195.1800000000003,0.0030187444262730727,0.03443255361217724,2026
2026-02-24 00:00:00+00:00,BTCUSDT_260327,2026-03-27 00:00:00+00:00,64201.4,377.645,64058.15,31,143.25,0.0022362494077646637,0.026330033349487168,2026
2026-02-25 00:00:00+00:00,BTCUSDT_260327,2026-03-27 00:00:00+00:00,68090.6,455.92,67988.04,30,102.56000000001222,0.0015085006127550115,0.01835342412185264,2026
2026-02-26 00:00:00+00:00,BTCUSDT_260327,2026-03-27 00:00:00+00:00,67557.9,214.57,67485.18,29,72.72000000000116,0.0010775699197957413,0.013562517956049848,2026
2026-02-27 00:00:00+00:00,BTCUSDT_260327,2026-03-27 00:00:00+00:00,66003.6,321.686,65872.1,28,131.5,0.001996292815926621,0.026023102779043458,2026
2026-02-28 00:00:00+00:00,BTCUSDT_260327,2026-03-27 00:00:00+00:00,67110.5,240.112,66973.26,27,137.24000000000524,0.0020491760442899933,0.0277018243024388,2026
2026-03-01 00:00:00+00:00,BTCUSDT_260327,2026-03-27 00:00:00+00:00,65802.6,263.679,65776.47,26,26.130000000004657,0.0003972545197394244,0.005576842296341919,2026
2026-03-02 00:00:00+00:00,BTCUSDT_260327,2026-03-27 00:00:00+00:00,68948.4,333.015,68830.06,25,118.33999999999651,0.0017193069423446167,0.025101881358231402,2026
2026-03-03 00:00:00+00:00,BTCUSDT_260327,2026-03-27 00:00:00+00:00,68437.4,262.724,68338.0,24,99.39999999999418,0.0014545348122566389,0.022121050269736382,2026
2026-03-04 00:00:00+00:00,BTCUSDT_260327,2026-03-27 00:00:00+00:00,72817.7,391.645,72666.77,23,150.92999999999302,0.002077015395069755,0.03296133126958524,2026
2026-03-05 00:00:00+00:00,BTCUSDT_260327,2026-03-27 00:00:00+00:00,71004.2,270.395,70890.72,22,113.47999999999593,0.001600773697883107,0.026558290896697,2026
2026-03-06 00:00:00+00:00,BTCUSDT_260327,2026-03-27 00:00:00+00:00,68212.0,263.988,68114.02,21,97.97999999999593,0.0014384703765832044,0.02500198511680331,2026
2026-03-07 00:00:00+00:00,BTCUSDT_260327,2026-03-27 00:00:00+00:00,67354.2,121.668,67262.91,20,91.2899999999936,0.0013572115746998397,0.024769111238272076,2026
2026-03-08 00:00:00+00:00,BTCUSDT_260327,2026-03-27 00:00:00+00:00,66019.8,216.423,65971.2,19,48.60000000000582,0.0007366850989523583,0.014152108479874251,2026
2026-03-09 00:00:00+00:00,BTCUSDT_260327,2026-03-27 00:00:00+00:00,68503.7,292.279,68432.16,18,71.5399999999936,0.0010454149043372823,0.021198691115728224,2026
2026-03-10 00:00:00+00:00,BTCUSDT_260327,2026-03-27 00:00:00+00:00,70019.5,289.714,69948.63,17,70.86999999999534,0.0010131720950073695,0.02175340086339352,2026
2026-03-11 00:00:00+00:00,BTCUSDT_260327,2026-03-27 00:00:00+00:00,70241.2,217.244,70191.86,16,49.33999999999651,0.0007029305107457832,0.01603560227638818,2026
2026-03-12 00:00:00+00:00,BTCUSDT_260327,2026-03-27 00:00:00+00:00,70535.4,199.517,70541.34,15,-5.940000000002328,-8.420594221774535e-05,-0.0020490112606318034,2026
2026-03-13 00:00:00+00:00,BTCUSDT_260327,2026-03-27 00:00:00+00:00,71032.9,280.57,70930.0,14,102.89999999999418,0.001450726067954239,0.03782250105737838,2026
2026-03-14 00:00:00+00:00,BTCUSDT_260327,2026-03-27 00:00:00+00:00,71268.7,84.813,71211.95,13,56.75,0.0007969168096084998,0.0223749719620848,2026
2026-03-15 00:00:00+00:00,BTCUSDT_260327,2026-03-27 00:00:00+00:00,72896.3,124.6,72815.24,12,81.05999999999767,0.0011132284944744763,0.03386070004026532,2026
2026-03-16 00:00:00+00:00,BTCUSDT_260327,2026-03-27 00:00:00+00:00,74919.1,340.369,74884.67,11,34.43000000000757,0.0004597736759741021,0.015256126520958842,2026
2026-03-17 00:00:00+00:00,BTCUSDT_260327,2026-03-27 00:00:00+00:00,73947.5,460.32,73909.36,10,38.13999999999942,0.000516037481585545,0.01883536807787239,2026
2026-03-18 00:00:00+00:00,BTCUSDT_260327,2026-03-27 00:00:00+00:00,71320.1,229.698,71246.54,9,73.56000000001222,0.0010324711908818623,0.04187244274131997,2026
2026-03-19 00:00:00+00:00,BTCUSDT_260327,2026-03-27 00:00:00+00:00,69985.1,313.673,69930.0,8,55.10000000000582,0.0007879307879308712,0.035949342199346,2026
2026-03-20 00:00:00+00:00,BTCUSDT_260327,2026-03-27 00:00:00+00:00,70598.0,238.115,70510.73,7,87.27000000000407,0.001237683966681441,0.06453637826267514,2026
2026-03-21 00:00:00+00:00,BTCUSDT_260327,2026-03-27 00:00:00+00:00,68972.7,213.297,68918.12,6,54.580000000001746,0.0007919542784974655,0.04817721860859582,2026
2026-03-22 00:00:00+00:00,BTCUSDT_260327,2026-03-27 00:00:00+00:00,67925.9,172.675,67859.0,5,66.89999999999418,0.000985867755198193,0.07196834612946808,2026
2026-03-23 00:00:00+00:00,BTCUSDT_260327,2026-03-27 00:00:00+00:00,70964.4,445.185,70906.45,4,57.94999999999709,0.0008172740279621543,0.07457625505154658,2026
2026-03-24 00:00:00+00:00,BTCUSDT_260327,2026-03-27 00:00:00+00:00,70598.1,228.88,70556.74,3,41.36000000000058,0.0005861948837205429,0.07132037751933272,2026
2026-03-25 00:00:00+00:00,BTCUSDT_260327,2026-03-27 00:00:00+00:00,71389.8,259.515,71336.53,2,53.270000000004075,0.0007467422371119547,0.13628045827293175,2026
2026-03-26 00:00:00+00:00,BTCUSDT_260327,2026-03-27 00:00:00+00:00,68852.1,237.403,68820.31,1,31.79000000000815,0.00046192759085229564,0.16860357066108791,2026
2025-12-26 00:00:00+00:00,BTCUSDT_260626,2026-06-26 00:00:00+00:00,89431.7,80.512,87369.56,182,2062.1399999999994,0.0236024995433192,0.047334683150063235,2025
2025-12-27 00:00:00+00:00,BTCUSDT_260626,2026-06-26 00:00:00+00:00,90159.4,40.387,87877.01,181,2282.3899999999994,0.025972549589477378,0.05237558342629416,2025
2025-12-28 00:00:00+00:00,BTCUSDT_260626,2026-06-26 00:00:00+00:00,90222.2,42.986,87952.71,180,2269.4899999999907,0.02580352555367527,0.05232381570606374,2025
2025-12-29 00:00:00+00:00,BTCUSDT_260626,2026-06-26 00:00:00+00:00,89244.8,234.306,87237.13,179,2007.6699999999983,0.023013939133485914,0.046927864713532726,2025
2025-12-30 00:00:00+00:00,BTCUSDT_260626,2026-06-26 00:00:00+00:00,90363.3,144.562,88485.49,178,1877.8099999999977,0.021221671485347458,0.0435163488323136,2025
2025-12-31 00:00:00+00:00,BTCUSDT_260626,2026-06-26 00:00:00+00:00,89466.8,80.685,87648.22,177,1818.5800000000017,0.02074862444439832,0.04278671142488919,2025
2026-01-01 00:00:00+00:00,BTCUSDT_260626,2026-06-26 00:00:00+00:00,90658.2,43.941,88839.04,176,1819.1600000000035,0.02047703352039828,0.04246657519855324,2026
2026-01-02 00:00:00+00:00,BTCUSDT_260626,2026-06-26 00:00:00+00:00,91872.9,145.009,89995.13,175,1877.7699999999895,0.020865240152439242,0.04351892946080185,2026
2026-01-03 00:00:00+00:00,BTCUSDT_260626,2026-06-26 00:00:00+00:00,92604.6,56.0,90628.01,174,1976.590000000011,0.021809923885562656,0.04575070240362282,2026
2026-01-04 00:00:00+00:00,BTCUSDT_260626,2026-06-26 00:00:00+00:00,93693.9,88.266,91529.73,173,2164.1699999999983,0.02364444863980259,0.04988568643657772,2026
2026-01-05 00:00:00+00:00,BTCUSDT_260626,2026-06-26 00:00:00+00:00,96033.6,160.936,93859.71,172,2173.8899999999994,0.023161056005819743,0.04914991536118725,2026
2026-01-06 00:00:00+00:00,BTCUSDT_260626,2026-06-26 00:00:00+00:00,95977.4,156.323,93747.97,171,2229.429999999993,0.023781101606786717,0.05076083091507106,2026
2026-01-07 00:00:00+00:00,BTCUSDT_260626,2026-06-26 00:00:00+00:00,93535.3,88.624,91364.16,170,2171.1399999999994,0.023763585195770414,0.05102181527327177,2026
2026-01-08 00:00:00+00:00,BTCUSDT_260626,2026-06-26 00:00:00+00:00,93220.6,108.131,91099.99,169,2120.6100000000006,0.023277829119410447,0.05027460135257286,2026
2026-01-09 00:00:00+00:00,BTCUSDT_260626,2026-06-26 00:00:00+00:00,92684.9,85.611,90641.28,168,2043.6199999999953,0.022546239417625118,0.04898438921091171,2026
2026-01-10 00:00:00+00:00,BTCUSDT_260626,2026-06-26 00:00:00+00:00,92516.6,26.513,90504.7,167,2011.9000000000087,0.02222978475151024,0.04858605649282177,2026
2026-01-11 00:00:00+00:00,BTCUSDT_260626,2026-06-26 00:00:00+00:00,93090.1,33.144,91013.65,166,2076.4500000000116,0.022814709661682746,0.05016487365370001,2026
2026-01-12 00:00:00+00:00,BTCUSDT_260626,2026-06-26 00:00:00+00:00,93367.0,142.183,91296.2,165,2070.800000000003,0.022682214593816644,0.05017580804086712,2026
2026-01-13 00:00:00+00:00,BTCUSDT_260626,2026-06-26 00:00:00+00:00,97597.5,189.786,95414.0,164,2183.5,0.022884482361079088,0.050931927206060164,2026
2026-01-14 00:00:00+00:00,BTCUSDT_260626,2026-06-26 00:00:00+00:00,99082.9,179.462,96951.78,163,2131.1199999999953,0.02198123644558146,0.049221787132743756,2026
2026-01-15 00:00:00+00:00,BTCUSDT_260626,2026-06-26 00:00:00+00:00,97727.6,94.408,95604.8,162,2122.800000000003,0.022203906080029485,0.050027319254387415,2026
2026-01-16 00:00:00+00:00,BTCUSDT_260626,2026-06-26 00:00:00+00:00,97688.9,69.936,95550.94,161,2137.959999999992,0.0223750807684361,0.050726114785584954,2026
2026-01-17 00:00:00+00:00,BTCUSDT_260626,2026-06-26 00:00:00+00:00,97261.0,37.957,95147.77,160,2113.229999999996,0.022209979277496423,0.050666515226788715,2026
2026-01-18 00:00:00+00:00,BTCUSDT_260626,2026-06-26 00:00:00+00:00,95724.5,40.246,93673.14,159,2051.3600000000006,0.02189912711370624,0.050271581110080364,2026
2026-01-19 00:00:00+00:00,BTCUSDT_260626,2026-06-26 00:00:00+00:00,94583.8,102.031,92631.0,158,1952.800000000003,0.02108149539570989,0.04870092290781082,2026
2026-01-20 00:00:00+00:00,BTCUSDT_260626,2026-06-26 00:00:00+00:00,90196.5,209.998,88427.66,157,1768.8399999999965,0.020003243329066906,0.04650435551025109,2026
2026-01-21 00:00:00+00:00,BTCUSDT_260626,2026-06-26 00:00:00+00:00,91218.5,182.677,89454.73,156,1763.770000000004,0.01971690038078483,0.04613249127555425,2026
2026-01-22 00:00:00+00:00,BTCUSDT_260626,2026-06-26 00:00:00+00:00,91325.0,60.408,89559.67,155,1765.3300000000017,0.01971121599711122,0.046416734444810294,2026
2026-01-23 00:00:00+00:00,BTCUSDT_260626,2026-06-26 00:00:00+00:00,91401.1,55.373,89600.26,154,1800.840000000011,0.02009860239244854,0.04763629787820595,2026
2026-01-24 00:00:00+00:00,BTCUSDT_260626,2026-06-26 00:00:00+00:00,90951.4,22.827,89225.34,153,1726.0599999999977,0.01934495290239295,0.046149724244270766,2026
2026-01-25 00:00:00+00:00,BTCUSDT_260626,2026-06-26 00:00:00+00:00,88345.5,68.219,86670.36,152,1675.1399999999994,0.019327714803538367,0.04641194673218094,2026
2026-01-26 00:00:00+00:00,BTCUSDT_260626,2026-06-26 00:00:00+00:00,90008.3,91.069,88347.08,151,1661.2200000000012,0.018803337925826197,0.04545177710547392,2026
2026-01-27 00:00:00+00:00,BTCUSDT_260626,2026-06-26 00:00:00+00:00,90873.0,59.685,89250.0,150,1623.0,0.018184873949579832,0.044249859943977586,2026
2026-01-28 00:00:00+00:00,BTCUSDT_260626,2026-06-26 00:00:00+00:00,90895.4,100.187,89299.99,149,1595.409999999989,0.017865735483284923,0.04376505672079864,2026
2026-01-29 00:00:00+00:00,BTCUSDT_260626,2026-06-26 00:00:00+00:00,86119.0,173.97,84650.16,148,1468.8399999999965,0.017351886871802683,0.04279350478518905,2026
2026-01-30 00:00:00+00:00,BTCUSDT_260626,2026-06-26 00:00:00+00:00,85849.8,223.609,84260.49,147,1589.3099999999977,0.01886186515174547,0.04683388285977616,2026
2026-01-31 00:00:00+00:00,BTCUSDT_260626,2026-06-26 00:00:00+00:00,79975.0,330.271,78741.09,146,1233.9100000000035,0.015670471414607083,0.03917617853651771,2026
2026-02-01 00:00:00+00:00,BTCUSDT_260626,2026-06-26 00:00:00+00:00,78188.1,162.2,76968.21,145,1219.8899999999994,0.01584927075736852,0.039896440182341446,2026
2026-02-02 00:00:00+00:00,BTCUSDT_260626,2026-06-26 00:00:00+00:00,79873.7,159.042,78738.61,144,1135.0899999999965,0.014415926316199848,0.03654036878758989,2026
2026-02-03 00:00:00+00:00,BTCUSDT_260626,2026-06-26 00:00:00+00:00,77034.5,158.44,75770.21,143,1264.2899999999936,0.016685845268212842,0.04258974491536845,2026
2026-02-04 00:00:00+00:00,BTCUSDT_260626,2026-06-26 00:00:00+00:00,74358.3,158.34,73165.83,142,1192.4700000000012,0.016298181815199816,0.04189321382076009,2026
2026-02-05 00:00:00+00:00,BTCUSDT_260626,2026-06-26 00:00:00+00:00,63757.8,445.608,62909.86,141,847.9400000000023,0.013478650246559162,0.03489154141839783,2026
2026-02-06 00:00:00+00:00,BTCUSDT_260626,2026-06-26 00:00:00+00:00,71410.7,446.394,70580.26,140,830.4400000000023,0.011765896016818335,0.030675371758133514,2026
2026-02-07 00:00:00+00:00,BTCUSDT_260626,2026-06-26 00:00:00+00:00,70305.6,212.368,69289.38,139,1016.2200000000012,0.014666316829505489,0.038512270811291396,2026
2026-02-08 00:00:00+00:00,BTCUSDT_260626,2026-06-26 00:00:00+00:00,71372.6,166.044,70330.38,138,1042.2200000000012,0.014818916092874815,0.0391949592311544,2026
2026-02-09 00:00:00+00:00,BTCUSDT_260626,2026-06-26 00:00:00+00:00,71114.4,260.146,70138.0,137,976.3999999999942,0.013921126921212383,0.03708913376819358,2026
2026-02-10 00:00:00+00:00,BTCUSDT_260626,2026-06-26 00:00:00+00:00,69728.3,136.497,68841.29,136,887.0100000000093,0.012884854423849545,0.034580675475772676,2026
2026-02-11 00:00:00+00:00,BTCUSDT_260626,2026-06-26 00:00:00+00:00,67908.2,214.769,67082.52,135,825.679999999993,0.012308422521992211,0.033278327559460426,2026
2026-02-12 00:00:00+00:00,BTCUSDT_260626,2026-06-26 00:00:00+00:00,67058.6,181.525,66272.17,134,786.4300000000076,0.011866670428929785,0.032323393332532625,2026
2026-02-13 00:00:00+00:00,BTCUSDT_260626,2026-06-26 00:00:00+00:00,69642.3,232.0,68853.96,133,788.3399999999965,0.011449450401981184,0.03142142403551227,2026
2026-02-14 00:00:00+00:00,BTCUSDT_260626,2026-06-26 00:00:00+00:00,70572.2,167.197,69822.95,132,749.25,0.010730712466316591,0.029672045834890574,2026
2026-02-15 00:00:00+00:00,BTCUSDT_260626,2026-06-26 00:00:00+00:00,69675.2,242.391,68832.58,131,842.6199999999953,0.01224158676022307,0.034108237919705506,2026
2026-02-16 00:00:00+00:00,BTCUSDT_260626,2026-06-26 00:00:00+00:00,69654.2,96.174,68892.43,130,761.7700000000041,0.011057383227736401,0.031045729831721432,2026
2026-02-17 00:00:00+00:00,BTCUSDT_260626,2026-06-26 00:00:00+00:00,68357.8,278.471,67503.52,129,854.2799999999988,0.012655340047452323,0.035807745095504634,2026
2026-02-18 00:00:00+00:00,BTCUSDT_260626,2026-06-26 00:00:00+00:00,67248.3,163.694,66461.0,128,787.3000000000029,0.011846045048976135,0.03377973783497101,2026
2026-02-19 00:00:00+00:00,BTCUSDT_260626,2026-06-26 00:00:00+00:00,67855.8,227.438,67003.73,127,852.070000000007,0.012716754723953533,0.036548153340496374,2026
2026-02-20 00:00:00+00:00,BTCUSDT_260626,2026-06-26 00:00:00+00:00,68868.9,287.135,68020.01,126,848.8899999999994,0.01248000404586826,0.03615239267255488,2026
2026-02-21 00:00:00+00:00,BTCUSDT_260626,2026-06-26 00:00:00+00:00,68889.7,70.778,67975.93,125,913.7700000000041,0.013442552385822513,0.03925225296660174,2026
2026-02-22 00:00:00+00:00,BTCUSDT_260626,2026-06-26 00:00:00+00:00,68600.0,100.683,67643.4,124,956.6000000000058,0.014141808365635168,0.041627097205297066,2026
2026-02-23 00:00:00+00:00,BTCUSDT_260626,2026-06-26 00:00:00+00:00,65397.1,295.314,64656.02,123,741.0800000000017,0.011461887075635058,0.03401291693176257,2026
2026-02-24 00:00:00+00:00,BTCUSDT_260626,2026-06-26 00:00:00+00:00,64733.4,177.811,64058.15,122,675.25,0.010541203578311268,0.03153720742691486,2026
2026-02-25 00:00:00+00:00,BTCUSDT_260626,2026-06-26 00:00:00+00:00,68550.8,562.79,67988.04,121,562.7600000000093,0.008277338190658377,0.02496883007925874,2026
2026-02-26 00:00:00+00:00,BTCUSDT_260626,2026-06-26 00:00:00+00:00,68032.7,142.238,67485.18,120,547.5200000000041,0.008113188703060496,0.02467761563847567,2026
2026-02-27 00:00:00+00:00,BTCUSDT_260626,2026-06-26 00:00:00+00:00,66520.8,429.726,65872.1,119,648.6999999999971,0.009847871860772574,0.030205657388083947,2026
2026-02-28 00:00:00+00:00,BTCUSDT_260626,2026-06-26 00:00:00+00:00,67605.3,247.151,66973.26,118,632.0400000000081,0.009437199264303517,0.029191336707379525,2026
2026-03-01 00:00:00+00:00,BTCUSDT_260626,2026-06-26 00:00:00+00:00,66389.0,227.095,65776.47,117,612.5299999999988,0.009312296631302938,0.029051181798509167,2026
2026-03-02 00:00:00+00:00,BTCUSDT_260626,2026-06-26 00:00:00+00:00,69411.1,277.975,68830.06,116,581.0400000000081,0.008441660518674662,0.02656212145962286,2026
2026-03-03 00:00:00+00:00,BTCUSDT_260626,2026-06-26 00:00:00+00:00,68802.7,405.621,68338.0,115,464.6999999999971,0.006800023413035165,0.02158268300658987,2026
2026-03-04 00:00:00+00:00,BTCUSDT_260626,2026-06-26 00:00:00+00:00,73370.3,430.45,72666.77,114,703.5299999999988,0.009681591737186045,0.03099807880765707,2026
2026-03-05 00:00:00+00:00,BTCUSDT_260626,2026-06-26 00:00:00+00:00,71495.9,210.654,70890.72,113,605.179999999993,0.008536801431837524,0.027574624093988462,2026
2026-03-06 00:00:00+00:00,BTCUSDT_260626,2026-06-26 00:00:00+00:00,68602.2,230.976,68114.02,112,488.179999999993,0.007167100106556521,0.023357067311545805,2026
2026-03-07 00:00:00+00:00,BTCUSDT_260626,2026-06-26 00:00:00+00:00,67726.9,68.441,67262.91,111,463.9899999999907,0.006898155313232667,0.02268312332729661,2026
2026-03-08 00:00:00+00:00,BTCUSDT_260626,2026-06-26 00:00:00+00:00,66365.3,117.936,65971.2,110,394.1000000000058,0.005973818878541028,0.01982221718788614,2026
2026-03-09 00:00:00+00:00,BTCUSDT_260626,2026-06-26 00:00:00+00:00,68973.1,246.096,68432.16,109,540.9400000000023,0.007904762906797072,0.02647007762367827,2026
2026-03-10 00:00:00+00:00,BTCUSDT_260626,2026-06-26 00:00:00+00:00,70509.7,199.647,69948.63,108,561.0699999999924,0.008021172108731685,0.02710859092302838,2026
2026-03-11 00:00:00+00:00,BTCUSDT_260626,2026-06-26 00:00:00+00:00,70707.9,174.282,70191.86,107,516.0399999999936,0.007351849630427141,0.025078739393513145,2026
2026-03-12 00:00:00+00:00,BTCUSDT_260626,2026-06-26 00:00:00+00:00,71024.8,141.457,70541.34,106,483.4600000000064,0.006853569835787163,0.023599556510021834,2026
2026-03-13 00:00:00+00:00,BTCUSDT_260626,2026-06-26 00:00:00+00:00,71440.0,289.334,70930.0,105,510.0,0.007190187508811504,0.024994461340154275,2026
2026-03-14 00:00:00+00:00,BTCUSDT_260626,2026-06-26 00:00:00+00:00,71682.6,75.325,71211.95,104,470.65000000000873,0.006609143549643125,0.023195551880959044,2026
2026-03-15 00:00:00+00:00,BTCUSDT_260626,2026-06-26 00:00:00+00:00,73275.8,112.118,72815.24,103,460.5599999999977,0.006325049536333296,0.022414010492831583,2026
2026-03-16 00:00:00+00:00,BTCUSDT_260626,2026-06-26 00:00:00+00:00,75354.4,399.628,74884.67,102,469.7299999999959,0.0062727124256539545,0.02244647093493817,2026
2026-03-17 00:00:00+00:00,BTCUSDT_260626,2026-06-26 00:00:00+00:00,74420.2,341.784,73909.36,101,510.8399999999965,0.006911709152940798,0.024977958820033577,2026
2026-03-18 00:00:00+00:00,BTCUSDT_260626,2026-06-26 00:00:00+00:00,71674.8,274.377,71246.54,100,428.2600000000093,0.006010958567251257,0.021939998770467085,2026
2026-03-19 00:00:00+00:00,BTCUSDT_260626,2026-06-26 00:00:00+00:00,70360.5,187.911,69930.0,99,430.5,0.006156156156156156,0.02269693936360603,2026
2026-03-20 00:00:00+00:00,BTCUSDT_260626,2026-06-26 00:00:00+00:00,70971.4,195.59,70510.73,98,460.66999999999825,0.0065333318772901414,0.02433332791031532,2026
2026-03-21 00:00:00+00:00,BTCUSDT_260626,2026-06-26 00:00:00+00:00,69360.1,110.341,68918.12,97,441.9800000000105,0.006413117479118852,0.024131833813179182,2026
2026-03-22 00:00:00+00:00,BTCUSDT_260626,2026-06-26 00:00:00+00:00,68219.0,238.058,67859.0,96,360.0,0.005305117965192532,0.020170500596825774,2026
2026-03-23 00:00:00+00:00,BTCUSDT_260626,2026-06-26 00:00:00+00:00,71364.5,338.702,70906.45,95,458.0500000000029,0.006459920077792682,0.02481969293046662,2026
2026-03-24 00:00:00+00:00,BTCUSDT_260626,2026-06-26 00:00:00+00:00,70958.5,177.99,70556.74,94,401.75999999999476,0.005694140630646976,0.022110226916873896,2026
2026-03-25 00:00:00+00:00,BTCUSDT_260626,2026-06-26 00:00:00+00:00,71666.1,296.298,71336.53,93,329.570000000007,0.004619933153462987,0.01813199570982785,2026
2026-03-26 00:00:00+00:00,BTCUSDT_260626,2026-06-26 00:00:00+00:00,69182.7,381.368,68820.31,92,362.3899999999994,0.005265742046206991,0.020891259205060346,2026
2026-03-27 00:00:00+00:00,BTCUSDT_260626,2026-06-26 00:00:00+00:00,66734.0,664.875,66407.28,91,326.72000000000116,0.0049199425123269795,0.019733835351641183,2026
2026-03-28 00:00:00+00:00,BTCUSDT_260626,2026-06-26 00:00:00+00:00,66711.1,424.745,66377.03,90,334.070000000007,0.005032915754139753,0.020411269447344553,2026
2026-03-29 00:00:00+00:00,BTCUSDT_260626,2026-06-26 00:00:00+00:00,66305.5,302.711,66010.93,89,294.570000000007,0.00446244281060738,0.018301029504176333,2026
2026-03-30 00:00:00+00:00,BTCUSDT_260626,2026-06-26 00:00:00+00:00,67150.0,428.302,66797.37,88,352.63000000000466,0.0052791000603766985,0.021896267295880623,2026
2026-03-31 00:00:00+00:00,BTCUSDT_260626,2026-06-26 00:00:00+00:00,68571.2,663.236,68284.48,87,286.72000000000116,0.004198904348396607,0.017616092955916804,2026
2026-04-01 00:00:00+00:00,BTCUSDT_260626,2026-06-26 00:00:00+00:00,68390.0,387.856,68113.92,86,276.08000000000175,0.004053209681662746,0.017202575974498865,2026
2026-04-02 00:00:00+00:00,BTCUSDT_260626,2026-06-26 00:00:00+00:00,67161.7,316.183,66901.99,85,259.70999999999185,0.0038819473082936967,0.016669538441496462,2026
2026-04-03 00:00:00+00:00,BTCUSDT_260626,2026-06-26 00:00:00+00:00,67262.7,134.324,66964.3,84,298.3999999999942,0.004456105716030693,0.019362840313704797,2026
2026-04-04 00:00:00+00:00,BTCUSDT_260626,2026-06-26 00:00:00+00:00,67556.9,62.128,67300.42,83,256.4799999999959,0.0038109717591657813,0.01675909267584952,2026
2026-04-05 00:00:00+00:00,BTCUSDT_260626,2026-06-26 00:00:00+00:00,69308.2,139.588,69034.18,82,274.0200000000041,0.003969338087306956,0.017668395144719986,2026
2026-04-06 00:00:00+00:00,BTCUSDT_260626,2026-06-26 00:00:00+00:00,69226.6,266.667,68853.66,81,372.9400000000023,0.005416415046055683,0.02440730236802869,2026
2026-04-07 00:00:00+00:00,BTCUSDT_260626,2026-06-26 00:00:00+00:00,72235.1,347.315,71924.22,80,310.88000000000466,0.004322327026973732,0.019720617060567654,2026
2026-04-08 00:00:00+00:00,BTCUSDT_260626,2026-06-26 00:00:00+00:00,71325.0,222.11,71069.93,79,255.07000000000698,0.003589000298719965,0.0165820899877568,2026
2026-04-09 00:00:00+00:00,BTCUSDT_260626,2026-06-26 00:00:00+00:00,72053.2,219.056,71787.97,78,265.2299999999959,0.003694630172715511,0.01728897452616874,2026
2026-04-10 00:00:00+00:00,BTCUSDT_260626,2026-06-26 00:00:00+00:00,73202.8,166.882,72962.7,77,240.10000000000582,0.003290722519862969,0.015598879477272516,2026
2026-04-11 00:00:00+00:00,BTCUSDT_260626,2026-06-26 00:00:00+00:00,73220.2,127.692,73043.16,76,177.0399999999936,0.0024237724654847023,0.01164048618291995,2026
2026-04-12 00:00:00+00:00,BTCUSDT_260626,2026-06-26 00:00:00+00:00,70885.5,145.715,70740.98,75,144.52000000000407,0.0020429459699314893,0.00994233705366658,2026
2026-04-13 00:00:00+00:00,BTCUSDT_260626,2026-06-26 00:00:00+00:00,74547.4,250.947,74417.99,74,129.40999999998894,0.0017389612377328241,0.008577308807736227,2026
2026-04-14 00:00:00+00:00,BTCUSDT_260626,2026-06-26 00:00:00+00:00,74332.4,311.747,74131.55,73,200.84999999999127,0.0027093727299643843,0.013546863649821921,2026
2026-04-15 00:00:00+00:00,BTCUSDT_260626,2026-06-26 00:00:00+00:00,74957.1,260.735,74809.99,72,147.11000000000058,0.00196644859864305,0.009968801923676574,2026
2026-04-16 00:00:00+00:00,BTCUSDT_260626,2026-06-26 00:00:00+00:00,75324.0,211.161,75154.29,71,169.7100000000064,0.0022581545245122588,0.011608822555591189,2026
2026-04-17 00:00:00+00:00,BTCUSDT_260626,2026-06-26 00:00:00+00:00,77204.3,303.13,77072.0,70,132.3000000000029,0.0017165767074943288,0.008950721403363286,2026
2026-04-18 00:00:00+00:00,BTCUSDT_260626,2026-06-26 00:00:00+00:00,75888.8,139.617,75691.76,69,197.04000000000815,0.0026031895677945415,0.013770495539782721,2026
2026-04-19 00:00:00+00:00,BTCUSDT_260626,2026-06-26 00:00:00+00:00,73941.8,160.475,73801.79,68,140.0100000000093,0.0018971084576676165,0.010183008633068823,2026
2026-04-20 00:00:00+00:00,BTCUSDT_260626,2026-06-26 00:00:00+00:00,75870.5,217.205,75840.97,67,29.529999999998836,0.0003893673828274986,0.002121180518388612,2026
2026-04-21 00:00:00+00:00,BTCUSDT_260626,2026-06-26 00:00:00+00:00,76404.1,218.925,76336.15,66,67.95000000001164,0.0008901418266445406,0.004922754041291778,2026
2026-04-22 00:00:00+00:00,BTCUSDT_260626,2026-06-26 00:00:00+00:00,78181.7,236.38,78178.23,65,3.470000000001164,4.4385758030095646e-05,0.00024924310278438323,2026
2026-04-23 00:00:00+00:00,BTCUSDT_260626,2026-06-26 00:00:00+00:00,78322.7,255.835,78257.48,64,65.22000000000116,0.0008334027622663184,0.004753000128550097,2026
2026-04-24 00:00:00+00:00,BTCUSDT_260626,2026-06-26 00:00:00+00:00,77525.0,150.409,77437.13,63,87.86999999999534,0.0011347269714153318,0.006574211818517399,2026
2026-04-25 00:00:00+00:00,BTCUSDT_260626,2026-06-26 00:00:00+00:00,77669.9,58.224,77625.0,62,44.89999999999418,0.0005784219001609556,0.0034052257025604642,2026
2026-04-26 00:00:00+00:00,BTCUSDT_260626,2026-06-26 00:00:00+00:00,78707.1,160.374,78657.55,61,49.55000000000291,0.0006299458856778899,0.003769348332334915,2026
2026-04-27 00:00:00+00:00,BTCUSDT_260626,2026-06-26 00:00:00+00:00,77461.2,208.625,77371.32,60,89.8799999999901,0.0011616707586220591,0.007066830448284192,2026
2026-04-28 00:00:00+00:00,BTCUSDT_260626,2026-06-26 00:00:00+00:00,76441.3,116.586,76342.77,59,98.52999999999884,0.0012906264732075981,0.007984384113911412,2026
2026-04-29 00:00:00+00:00,BTCUSDT_260626,2026-06-26 00:00:00+00:00,75916.5,422.052,75780.0,58,136.5,0.0018012668250197942,0.01133555846779698,2026
2026-04-30 00:00:00+00:00,BTCUSDT_260626,2026-06-26 00:00:00+00:00,76430.0,121.462,76346.57,57,83.42999999999302,0.0010927799375923897,0.0069976259161617935,2026
2026-05-01 00:00:00+00:00,BTCUSDT_260626,2026-06-26 00:00:00+00:00,78330.4,177.249,78231.13,56,99.26999999998952,0.001268932201285978,0.008270718811953251,2026
2026-05-02 00:00:00+00:00,BTCUSDT_260626,2026-06-26 00:00:00+00:00,78773.5,51.914,78686.85,55,86.64999999999418,0.0011012005182567885,0.007307967075704142,2026
2026-05-03 00:00:00+00:00,BTCUSDT_260626,2026-06-26 00:00:00+00:00,78655.3,156.283,78568.57,54,86.72999999999593,0.0011038765246713274,0.007461387620463602,2026
2026-05-04 00:00:00+00:00,BTCUSDT_260626,2026-06-26 00:00:00+00:00,79944.2,354.118,79861.01,53,83.19000000000233,0.0010416847971244333,0.007173866999064493,2026
2026-05-05 00:00:00+00:00,BTCUSDT_260626,2026-06-26 00:00:00+00:00,80977.8,216.881,80905.52,52,72.27999999999884,0.0008933877441242431,0.006270894742410552,2026
2026-05-06 00:00:00+00:00,BTCUSDT_260626,2026-06-26 00:00:00+00:00,81563.6,265.681,81447.01,51,116.59000000001106,0.0014314828745709764,0.01024492645526287,2026
2026-05-07 00:00:00+00:00,BTCUSDT_260626,2026-06-26 00:00:00+00:00,80103.5,139.618,80006.0,50,97.5,0.0012186586006049547,0.008896207784416169,2026
2026-05-08 00:00:00+00:00,BTCUSDT_260626,2026-06-26 00:00:00+00:00,80331.1,113.991,80193.17,49,137.93000000000757,0.0017199719128201015,0.012812035677129328,2026
2026-05-09 00:00:00+00:00,BTCUSDT_260626,2026-06-26 00:00:00+00:00,80787.2,63.596,80678.4,48,108.80000000000291,0.001348564175789343,0.01025470675339813,2026
2026-05-10 00:00:00+00:00,BTCUSDT_260626,2026-06-26 00:00:00+00:00,82294.8,204.288,82210.07,47,84.72999999999593,0.001030652327628427,0.008004002118816507,2026
2026-05-11 00:00:00+00:00,BTCUSDT_260626,2026-06-26 00:00:00+00:00,81854.0,141.204,81745.65,46,108.35000000000582,0.0013254527916776713,0.010517179760051088,2026
2026-05-12 00:00:00+00:00,BTCUSDT_260626,2026-06-26 00:00:00+00:00,80630.3,107.238,80504.47,45,125.83000000000175,0.0015630187988319375,0.01267781914608127,2026
2026-05-13 00:00:00+00:00,BTCUSDT_260626,2026-06-26 00:00:00+00:00,79469.1,177.316,79313.61,44,155.49000000000524,0.001960445376272814,0.01626278550771766,2026
2026-05-14 00:00:00+00:00,BTCUSDT_260626,2026-06-26 00:00:00+00:00,81136.8,184.825,81089.99,43,46.80999999999767,0.0005772599059390397,0.004899996875994175,2026
2026-05-15 00:00:00+00:00,BTCUSDT_260626,2026-06-26 00:00:00+00:00,79186.8,225.866,79113.21,42,73.58999999999651,0.0009301859954866766,0.008083759246491356,2026
2026-05-16 00:00:00+00:00,BTCUSDT_260626,2026-06-26 00:00:00+00:00,78219.8,270.036,78148.05,41,71.75,0.0009181291151858555,0.008173588464459446,2026
2026-05-17 00:00:00+00:00,BTCUSDT_260626,2026-06-26 00:00:00+00:00,77574.6,135.268,77457.67,40,116.93000000000757,0.0015095987266336255,0.013775088380531833,2026
2026-05-18 00:00:00+00:00,BTCUSDT_260626,2026-06-26 00:00:00+00:00,77094.6,218.585,77001.87,39,92.73000000001048,0.0012042564680573404,0.011270605406177674,2026
2026-05-19 00:00:00+00:00,BTCUSDT_260626,2026-06-26 00:00:00+00:00,76945.9,119.722,76834.36,38,111.5399999999936,0.0014516942680331247,0.013943905469265539,2026
2026-05-20 00:00:00+00:00,BTCUSDT_260626,2026-06-26 00:00:00+00:00,77670.8,169.984,77552.23,37,118.57000000000698,0.0015289051004723784,0.015082442207362651,2026
2026-05-21 00:00:00+00:00,BTCUSDT_260626,2026-06-26 00:00:00+00:00,77757.5,256.238,77615.52,36,141.97999999999593,0.0018292733205935606,0.018546798944906934,2026
2026-05-22 00:00:00+00:00,BTCUSDT_260626,2026-06-26 00:00:00+00:00,75686.3,138.462,75539.5,35,146.8000000000029,0.001943354139225212,0.02026640745192007,2026
2026-05-23 00:00:00+00:00,BTCUSDT_260626,2026-06-26 00:00:00+00:00,76832.5,252.393,76752.01,34,80.49000000000524,0.001048702177311125,0.011258126315251783,2026
2026-05-24 00:00:00+00:00,BTCUSDT_260626,2026-06-26 00:00:00+00:00,77189.2,109.633,77064.96,33,124.23999999999069,0.0016121464281560734,0.017831316553847478,2026
2026-05-25 00:00:00+00:00,BTCUSDT_260626,2026-06-26 00:00:00+00:00,77510.9,93.277,77322.01,32,188.88999999999942,0.0024429007988798976,0.02786433723722383,2026
2026-05-26 00:00:00+00:00,BTCUSDT_260626,2026-06-26 00:00:00+00:00,76071.7,204.763,75930.01,31,141.69000000000233,0.0018660605997549893,0.02197135867453455,2026
2026-05-27 00:00:00+00:00,BTCUSDT_260626,2026-06-26 00:00:00+00:00,74633.2,215.259,74449.3,30,183.89999999999418,0.002470137395516065,0.030053338312112123,2026
2026-05-28 00:00:00+00:00,BTCUSDT_260626,2026-06-26 00:00:00+00:00,73798.7,269.76,73617.51,29,181.19000000000233,0.00246123510561553,0.030977614260333398,2026
2026-05-29 00:00:00+00:00,BTCUSDT_260626,2026-06-26 00:00:00+00:00,73597.0,272.816,73460.78,28,136.22000000000116,0.0018543228100763587,0.02417242234563825,2026
2026-05-30 00:00:00+00:00,BTCUSDT_260626,2026-06-26 00:00:00+00:00,74000.5,68.777,73884.38,27,116.11999999999534,0.0015716447779624777,0.02124630903541868,2026
2026-05-31 00:00:00+00:00,BTCUSDT_260626,2026-06-26 00:00:00+00:00,73793.5,83.724,73674.39,26,119.11000000000058,0.0016167083297194667,0.02269609770567713,2026
2026-06-01 00:00:00+00:00,BTCUSDT_260626,2026-06-26 00:00:00+00:00,71560.6,370.883,71408.9,25,151.70000000001164,0.0021243850556444876,0.03101602181240952,2026
2026-06-02 00:00:00+00:00,BTCUSDT_260626,2026-06-26 00:00:00+00:00,66868.9,548.595,66760.83,24,108.06999999999243,0.001618763577385009,0.024618696072730345,2026
2026-06-03 00:00:00+00:00,BTCUSDT_260626,2026-06-26 00:00:00+00:00,64230.7,452.958,64142.75,23,87.94999999999709,0.0013711604195329494,0.02175971970128376,2026
2026-06-04 00:00:00+00:00,BTCUSDT_260626,2026-06-26 00:00:00+00:00,63988.2,630.274,63885.99,22,102.20999999999913,0.0015998812885266258,0.026543485014191744,2026
2026-06-05 00:00:00+00:00,BTCUSDT_260626,2026-06-26 00:00:00+00:00,61163.3,788.597,61056.47,21,106.83000000000175,0.001749691719812851,0.030411308463413837,2026
2026-06-06 00:00:00+00:00,BTCUSDT_260626,2026-06-26 00:00:00+00:00,60983.3,517.372,60884.62,20,98.68000000000029,0.0016207705657028046,0.029579062824076185,2026
2026-06-07 00:00:00+00:00,BTCUSDT_260626,2026-06-26 00:00:00+00:00,63424.3,364.253,63332.01,19,92.29000000000087,0.001457240974982491,0.027994366098347854,2026
2026-06-08 00:00:00+00:00,BTCUSDT_260626,2026-06-26 00:00:00+00:00,63185.0,345.76,63085.99,18,99.01000000000204,0.0015694451335391906,0.03182485965232248,2026
2026-06-09 00:00:00+00:00,BTCUSDT_260626,2026-06-26 00:00:00+00:00,61805.3,290.717,61730.0,17,75.30000000000291,0.0012198282844646511,0.026190430813505743,2026
2026-06-10 00:00:00+00:00,BTCUSDT_260626,2026-06-26 00:00:00+00:00,61608.6,307.444,61510.99,16,97.61000000000058,0.0015868708990052116,0.03620049238355639,2026
2026-06-11 00:00:00+00:00,BTCUSDT_260626,2026-06-26 00:00:00+00:00,63695.9,268.566,63625.99,15,69.91000000000349,0.0010987648286494795,0.026736610830470665,2026
2026-06-12 00:00:00+00:00,BTCUSDT_260626,2026-06-26 00:00:00+00:00,63640.1,237.195,63580.01,14,60.08999999999651,0.0009451083760445541,0.024640325518304446,2026
2026-06-13 00:00:00+00:00,BTCUSDT_260626,2026-06-26 00:00:00+00:00,64490.4,162.802,64458.01,13,32.38999999999942,0.0005024976725157885,0.014108588497558677,2026
2026-06-14 00:00:00+00:00,BTCUSDT_260626,2026-06-26 00:00:00+00:00,65795.8,172.517,65746.45,12,49.35000000000582,0.0007506108694842965,0.022831080613480687,2026
2026-06-15 00:00:00+00:00,BTCUSDT_260626,2026-06-26 00:00:00+00:00,66367.1,252.189,66328.74,11,38.36000000000058,0.0005783315045634906,0.019190090833243096,2026
2026-06-16 00:00:00+00:00,BTCUSDT_260626,2026-06-26 00:00:00+00:00,65711.9,191.535,65675.01,10,36.88999999999942,0.0005617052818111398,0.0205022427861066,2026
2026-06-17 00:00:00+00:00,BTCUSDT_260626,2026-06-26 00:00:00+00:00,64515.9,365.518,64509.4,9,6.5,0.00010076050932112219,0.0040863984335788445,2026
2026-06-18 00:00:00+00:00,BTCUSDT_260626,2026-06-26 00:00:00+00:00,62997.8,251.633,62958.01,8,39.79000000000087,0.0006320085402953631,0.028835389650975943,2026
2026-06-19 00:00:00+00:00,BTCUSDT_260626,2026-06-26 00:00:00+00:00,63562.6,148.361,63543.91,7,18.689999999995052,0.0002941273207770037,0.015336638869086622,2026
2026-06-20 00:00:00+00:00,BTCUSDT_260626,2026-06-26 00:00:00+00:00,64310.6,180.946,64298.01,6,12.589999999996508,0.0001958069930935111,0.01191159207985526,2026
2026-06-21 00:00:00+00:00,BTCUSDT_260626,2026-06-26 00:00:00+00:00,63310.0,137.322,63311.99,5,-1.9899999999979627,-3.1431645095944115e-05,-0.0022945100920039206,2026
2026-06-22 00:00:00+00:00,BTCUSDT_260626,2026-06-26 00:00:00+00:00,64033.7,284.579,64020.01,4,13.689999999995052,0.00021383939177758722,0.019512844499704834,2026
2026-06-23 00:00:00+00:00,BTCUSDT_260626,2026-06-26 00:00:00+00:00,62734.0,201.753,62734.57,3,-0.569999999999709,-9.085899528755978e-06,-0.0011054511093319774,2026
2026-06-24 00:00:00+00:00,BTCUSDT_260626,2026-06-26 00:00:00+00:00,61076.8,411.261,61077.99,2,-1.1899999999950523,-1.9483286859882788e-05,-0.0035556998519286087,2026
2026-06-25 00:00:00+00:00,BTCUSDT_260626,2026-06-26 00:00:00+00:00,59805.0,573.242,59794.0,1,11.0,0.00018396494631568386,0.0671472054052246,2026
2026-03-27 00:00:00+00:00,BTCUSDT_260925,2026-09-25 00:00:00+00:00,67386.0,243.746,66407.28,182,978.7200000000012,0.014738143167435878,0.02955726514348404,2026
2026-03-28 00:00:00+00:00,BTCUSDT_260925,2026-09-25 00:00:00+00:00,67306.6,102.28,66377.03,181,929.570000000007,0.014004392784672755,0.028240902576826276,2026
2026-03-29 00:00:00+00:00,BTCUSDT_260925,2026-09-25 00:00:00+00:00,66848.2,100.678,66010.93,180,837.2700000000041,0.012683808575337512,0.02571994516665662,2026
2026-03-30 00:00:00+00:00,BTCUSDT_260925,2026-09-25 00:00:00+00:00,67714.1,126.537,66797.37,179,916.7300000000105,0.013724043326855692,0.027984781085487864,2026
2026-03-31 00:00:00+00:00,BTCUSDT_260925,2026-09-25 00:00:00+00:00,69216.4,231.803,68284.48,178,931.9199999999983,0.013647610701582531,0.027985269135267547,2026
2026-04-01 00:00:00+00:00,BTCUSDT_260925,2026-09-25 00:00:00+00:00,69025.4,151.172,68113.92,177,911.4799999999959,0.013381699364828746,0.0275950297636299,2026
2026-04-02 00:00:00+00:00,BTCUSDT_260925,2026-09-25 00:00:00+00:00,67826.7,160.151,66901.99,176,924.7099999999919,0.01382186090428688,0.028664654716276765,2026
2026-04-03 00:00:00+00:00,BTCUSDT_260925,2026-09-25 00:00:00+00:00,67921.1,78.539,66964.3,175,956.8000000000029,0.01428821028518185,0.029801124309093575,2026
2026-04-04 00:00:00+00:00,BTCUSDT_260925,2026-09-25 00:00:00+00:00,68256.7,43.047,67300.42,174,956.2799999999988,0.014209123806359587,0.029806495340926723,2026
2026-04-05 00:00:00+00:00,BTCUSDT_260925,2026-09-25 00:00:00+00:00,69984.0,126.137,69034.18,173,949.820000000007,0.013758691708947756,0.029028453605583416,2026
2026-04-06 00:00:00+00:00,BTCUSDT_260925,2026-09-25 00:00:00+00:00,69901.9,177.087,68853.66,172,1048.2399999999907,0.015224172542171188,0.03230711033658421,2026
2026-04-07 00:00:00+00:00,BTCUSDT_260925,2026-09-25 00:00:00+00:00,72929.0,211.314,71924.22,171,1004.7799999999988,0.013969981182972841,0.029818965682953724,2026
2026-04-08 00:00:00+00:00,BTCUSDT_260925,2026-09-25 00:00:00+00:00,72006.7,135.292,71069.93,170,936.7700000000041,0.013180961343285467,0.02830029935470115,2026
2026-04-09 00:00:00+00:00,BTCUSDT_260925,2026-09-25 00:00:00+00:00,72658.2,185.022,71787.97,169,870.2299999999959,0.012122226049852029,0.026181139101751426,2026
2026-04-10 00:00:00+00:00,BTCUSDT_260925,2026-09-25 00:00:00+00:00,73870.3,170.945,72962.7,168,907.6000000000058,0.01243923264901115,0.027025713791006364,2026
2026-04-11 00:00:00+00:00,BTCUSDT_260925,2026-09-25 00:00:00+00:00,73798.4,86.905,73043.16,167,755.2399999999907,0.010339640289384942,0.02259861500374553,2026
2026-04-12 00:00:00+00:00,BTCUSDT_260925,2026-09-25 00:00:00+00:00,71394.3,121.977,70740.98,166,653.320000000007,0.009235382376664941,0.020306714261943994,2026
2026-04-13 00:00:00+00:00,BTCUSDT_260925,2026-09-25 00:00:00+00:00,75057.1,205.066,74417.99,165,639.1100000000006,0.008588111557433902,0.01899794374826287,2026
2026-04-14 00:00:00+00:00,BTCUSDT_260925,2026-09-25 00:00:00+00:00,74931.5,235.582,74131.55,164,799.9499999999971,0.01079095203054566,0.024016448116763206,2026
2026-04-15 00:00:00+00:00,BTCUSDT_260925,2026-09-25 00:00:00+00:00,75565.8,135.161,74809.99,163,755.8099999999977,0.010103062438586045,0.02262342202505464,2026
2026-04-16 00:00:00+00:00,BTCUSDT_260925,2026-09-25 00:00:00+00:00,75913.8,138.489,75154.29,162,759.5100000000093,0.010106009916400106,0.022769713700531102,2026
2026-04-17 00:00:00+00:00,BTCUSDT_260925,2026-09-25 00:00:00+00:00,77775.3,385.625,77072.0,161,703.3000000000029,0.009125233547851398,0.020687641273079257,2026
2026-04-18 00:00:00+00:00,BTCUSDT_260925,2026-09-25 00:00:00+00:00,76493.0,100.791,75691.76,160,801.2400000000052,0.010585564399612392,0.02414831878661577,2026
2026-04-19 00:00:00+00:00,BTCUSDT_260925,2026-09-25 00:00:00+00:00,74545.4,116.078,73801.79,159,743.6100000000006,0.010075771874909817,0.023129916568189204,2026
2026-04-20 00:00:00+00:00,BTCUSDT_260925,2026-09-25 00:00:00+00:00,76414.9,157.422,75840.97,158,573.929999999993,0.007567545615516165,0.017481988289008862,2026
2026-04-21 00:00:00+00:00,BTCUSDT_260925,2026-09-25 00:00:00+00:00,76927.1,193.556,76336.15,157,590.9500000000116,0.007741417401847116,0.017997562749517183,2026
2026-04-22 00:00:00+00:00,BTCUSDT_260925,2026-09-25 00:00:00+00:00,78682.6,225.942,78178.23,156,504.3700000000099,0.0064515402817384064,0.015094950018169991,2026
2026-04-23 00:00:00+00:00,BTCUSDT_260925,2026-09-25 00:00:00+00:00,78850.0,128.846,78257.48,155,592.5200000000041,0.0075714168153639,0.01782946540392144,2026
2026-04-24 00:00:00+00:00,BTCUSDT_260925,2026-09-25 00:00:00+00:00,78024.8,119.007,77437.13,154,587.6699999999983,0.00758899509834621,0.017986903966859525,2026
2026-04-25 00:00:00+00:00,BTCUSDT_260925,2026-09-25 00:00:00+00:00,78188.8,40.743,77625.0,153,563.8000000000029,0.007263123993558814,0.017327060507509588,2026
2026-04-26 00:00:00+00:00,BTCUSDT_260925,2026-09-25 00:00:00+00:00,79185.9,61.844,78657.55,152,528.3499999999913,0.006717092001975541,0.016129859083691266,2026
2026-04-27 00:00:00+00:00,BTCUSDT_260925,2026-09-25 00:00:00+00:00,77936.4,138.662,77371.32,151,565.0799999999872,0.007303481445062423,0.017654110777799898,2026
2026-04-28 00:00:00+00:00,BTCUSDT_260925,2026-09-25 00:00:00+00:00,76879.6,79.652,76342.77,150,536.8300000000017,0.007031838116432004,0.017110806083317876,2026
2026-04-29 00:00:00+00:00,BTCUSDT_260925,2026-09-25 00:00:00+00:00,76388.0,137.398,75780.0,149,608.0,0.008023225125362892,0.01965420919971447,2026
2026-04-30 00:00:00+00:00,BTCUSDT_260925,2026-09-25 00:00:00+00:00,76856.7,98.318,76346.57,148,510.1299999999901,0.006681767104926784,0.016478682387150514,2026
2026-05-01 00:00:00+00:00,BTCUSDT_260925,2026-09-25 00:00:00+00:00,78781.2,144.263,78231.13,147,550.0699999999924,0.007031344172070535,0.01745877974697786,2026
2026-05-02 00:00:00+00:00,BTCUSDT_260925,2026-09-25 00:00:00+00:00,79193.2,38.301,78686.85,146,506.34999999999127,0.0064350015282094945,0.016087503820523735,2026
2026-05-03 00:00:00+00:00,BTCUSDT_260925,2026-09-25 00:00:00+00:00,79085.4,64.986,78568.57,145,516.8299999999872,0.006578075685989794,0.01655860431300879,2026
2026-05-04 00:00:00+00:00,BTCUSDT_260925,2026-09-25 00:00:00+00:00,80385.1,253.993,79861.01,144,524.0900000000111,0.0065625265695989955,0.016634181929886343,2026
2026-05-05 00:00:00+00:00,BTCUSDT_260925,2026-09-25 00:00:00+00:00,81457.4,195.755,80905.52,143,551.8799999999901,0.006821289820521394,0.01741098450692524,2026
2026-05-06 00:00:00+00:00,BTCUSDT_260925,2026-09-25 00:00:00+00:00,82044.3,171.091,81447.01,142,597.2900000000081,0.007333479768011228,0.01885014165721196,2026
2026-05-07 00:00:00+00:00,BTCUSDT_260925,2026-09-25 00:00:00+00:00,80637.1,103.965,80006.0,141,631.1000000000058,0.007888158388120963,0.02041970079194434,2026
2026-05-08 00:00:00+00:00,BTCUSDT_260925,2026-09-25 00:00:00+00:00,80794.1,69.143,80193.17,140,600.9300000000076,0.0074935309328713106,0.01953670564641449,2026
2026-05-09 00:00:00+00:00,BTCUSDT_260925,2026-09-25 00:00:00+00:00,81238.1,52.914,80678.4,139,559.7000000000116,0.006937420672695686,0.01821696795348148,2026
2026-05-10 00:00:00+00:00,BTCUSDT_260925,2026-09-25 00:00:00+00:00,82765.7,78.762,82210.07,138,555.6299999999901,0.006758661074002127,0.017876168782686788,2026
2026-05-11 00:00:00+00:00,BTCUSDT_260925,2026-09-25 00:00:00+00:00,82335.8,125.97,81745.65,137,590.1500000000087,0.007219344393249167,0.019234019733839022,2026
2026-05-12 00:00:00+00:00,BTCUSDT_260925,2026-09-25 00:00:00+00:00,81119.0,68.214,80504.47,136,614.5299999999988,0.007633489171470837,0.020486937849903346,2026
2026-05-13 00:00:00+00:00,BTCUSDT_260925,2026-09-25 00:00:00+00:00,80014.6,86.839,79313.61,135,700.9900000000052,0.00883820570013148,0.02389588948554067,2026
2026-05-14 00:00:00+00:00,BTCUSDT_260925,2026-09-25 00:00:00+00:00,81695.6,103.503,81089.99,134,605.6100000000006,0.007468369400464849,0.020342946501266192,2026
2026-05-15 00:00:00+00:00,BTCUSDT_260925,2026-09-25 00:00:00+00:00,79688.4,77.749,79113.21,133,575.1899999999878,0.007270467220328788,0.019952785980601562,2026
2026-05-16 00:00:00+00:00,BTCUSDT_260925,2026-09-25 00:00:00+00:00,78716.5,67.086,78148.05,132,568.4499999999971,0.007274013874946299,0.020113750487540903,2026
2026-05-17 00:00:00+00:00,BTCUSDT_260925,2026-09-25 00:00:00+00:00,78009.6,62.54,77457.67,131,551.9300000000076,0.007125569359367608,0.019853685619612038,2026
2026-05-18 00:00:00+00:00,BTCUSDT_260925,2026-09-25 00:00:00+00:00,77499.2,112.582,77001.87,130,497.33000000000175,0.006458674315312106,0.01813397019299168,2026
2026-05-19 00:00:00+00:00,BTCUSDT_260925,2026-09-25 00:00:00+00:00,77396.8,154.047,76834.36,129,562.4400000000023,0.007320162489802769,0.02071208766494582,2026
2026-05-20 00:00:00+00:00,BTCUSDT_260925,2026-09-25 00:00:00+00:00,78096.8,119.484,77552.23,128,544.570000000007,0.0070219773177380845,0.02002360719511251,2026
2026-05-21 00:00:00+00:00,BTCUSDT_260925,2026-09-25 00:00:00+00:00,78137.3,130.062,77615.52,127,521.7799999999988,0.006722624547255482,0.01932092881691536,2026
2026-05-22 00:00:00+00:00,BTCUSDT_260925,2026-09-25 00:00:00+00:00,75997.3,89.268,75539.5,126,457.8000000000029,0.006060405483224047,0.01755593651886331,2026
2026-05-23 00:00:00+00:00,BTCUSDT_260925,2026-09-25 00:00:00+00:00,77191.4,129.987,76752.01,125,439.3899999999994,0.005724801213675048,0.01671641954393114,2026
2026-05-24 00:00:00+00:00,BTCUSDT_260925,2026-09-25 00:00:00+00:00,77646.3,122.686,77064.96,124,581.3399999999965,0.00754350615376945,0.022204675371982653,2026
2026-05-25 00:00:00+00:00,BTCUSDT_260925,2026-09-25 00:00:00+00:00,77852.3,59.944,77322.01,123,530.2900000000081,0.006858202470422176,0.02035157643661865,2026
2026-05-26 00:00:00+00:00,BTCUSDT_260925,2026-09-25 00:00:00+00:00,76505.1,127.551,75930.01,122,575.0900000000111,0.00757394869301362,0.022659764532376815,2026
2026-05-27 00:00:00+00:00,BTCUSDT_260925,2026-09-25 00:00:00+00:00,75071.2,72.44,74449.3,121,621.8999999999942,0.008353335760040647,0.025198078945577157,2026
2026-05-28 00:00:00+00:00,BTCUSDT_260925,2026-09-25 00:00:00+00:00,74261.0,125.603,73617.51,120,643.4900000000052,0.00874099110388283,0.02658718127431027,2026
2026-05-29 00:00:00+00:00,BTCUSDT_260925,2026-09-25 00:00:00+00:00,74041.3,126.709,73460.78,119,580.5200000000041,0.007902448081820041,0.024238601259363994,2026
2026-05-30 00:00:00+00:00,BTCUSDT_260925,2026-09-25 00:00:00+00:00,74434.9,44.236,73884.38,118,550.5199999999895,0.007451101301790574,0.023047898094521693,2026
2026-05-31 00:00:00+00:00,BTCUSDT_260925,2026-09-25 00:00:00+00:00,74249.9,44.413,73674.39,117,575.5099999999948,0.0078115339672306045,0.024369315367856158,2026
2026-06-01 00:00:00+00:00,BTCUSDT_260925,2026-09-25 00:00:00+00:00,72045.6,129.9,71408.9,116,636.7000000000116,0.008916255536774992,0.028055459232093724,2026
2026-06-02 00:00:00+00:00,BTCUSDT_260925,2026-09-25 00:00:00+00:00,67346.7,240.916,66760.83,115,585.8699999999953,0.008775654826340466,0.027853165318384956,2026
2026-06-03 00:00:00+00:00,BTCUSDT_260925,2026-09-25 00:00:00+00:00,64644.5,200.952,64142.75,114,501.75,0.007822396139859921,0.0250453911495515,2026
2026-06-04 00:00:00+00:00,BTCUSDT_260925,2026-09-25 00:00:00+00:00,64433.2,553.215,63885.99,113,547.2099999999991,0.0085654147333398,0.02766704758999139,2026
2026-06-05 00:00:00+00:00,BTCUSDT_260925,2026-09-25 00:00:00+00:00,61642.5,682.968,61056.47,112,586.0299999999988,0.009598163798201874,0.03127973023521147,2026
2026-06-06 00:00:00+00:00,BTCUSDT_260925,2026-09-25 00:00:00+00:00,61504.5,309.082,60884.62,111,619.8799999999974,0.010181224749370159,0.03347880210378476,2026
2026-06-07 00:00:00+00:00,BTCUSDT_260925,2026-09-25 00:00:00+00:00,63921.3,194.55,63332.01,110,589.2900000000009,0.009304773368159337,0.03087492981252871,2026
2026-06-08 00:00:00+00:00,BTCUSDT_260925,2026-09-25 00:00:00+00:00,63656.7,182.783,63085.99,109,570.7099999999991,0.009046541078296451,0.03029346324383674,2026
2026-06-09 00:00:00+00:00,BTCUSDT_260925,2026-09-25 00:00:00+00:00,62274.5,176.459,61730.0,108,544.5,0.008820670662562773,0.029810599924401965,2026
2026-06-10 00:00:00+00:00,BTCUSDT_260925,2026-09-25 00:00:00+00:00,62087.5,170.527,61510.99,107,576.510000000002,0.009372471488428362,0.0319715148904332,2026
2026-06-11 00:00:00+00:00,BTCUSDT_260925,2026-09-25 00:00:00+00:00,64199.5,156.054,63625.99,106,573.510000000002,0.009013769373175993,0.031037979445370165,2026
2026-06-12 00:00:00+00:00,BTCUSDT_260925,2026-09-25 00:00:00+00:00,64155.9,164.187,63580.01,105,575.8899999999994,0.009057721129644355,0.031486363926858954,2026
2026-06-13 00:00:00+00:00,BTCUSDT_260925,2026-09-25 00:00:00+00:00,64987.6,52.114,64458.01,104,529.5899999999965,0.008216046384305014,0.02883516279107048,2026
2026-06-14 00:00:00+00:00,BTCUSDT_260925,2026-09-25 00:00:00+00:00,66296.0,80.161,65746.45,103,549.5500000000029,0.008358626207194502,0.029620374423553333,2026
2026-06-15 00:00:00+00:00,BTCUSDT_260925,2026-09-25 00:00:00+00:00,66884.8,229.963,66328.74,102,556.0599999999977,0.008383394588831292,0.029999402205131583,2026
2026-06-16 00:00:00+00:00,BTCUSDT_260925,2026-09-25 00:00:00+00:00,66197.3,112.475,65675.01,101,522.2900000000081,0.007952644392441024,0.028739754487534394,2026
2026-06-17 00:00:00+00:00,BTCUSDT_260925,2026-09-25 00:00:00+00:00,65028.7,208.301,64509.4,100,519.2999999999956,0.008049989613916664,0.029382462090795824,2026
2026-06-18 00:00:00+00:00,BTCUSDT_260925,2026-09-25 00:00:00+00:00,63483.9,148.524,62958.01,99,525.8899999999994,0.0083530276767007,0.030796516181775306,2026
2026-06-19 00:00:00+00:00,BTCUSDT_260925,2026-09-25 00:00:00+00:00,64069.8,105.02,63543.91,98,525.8899999999994,0.008276009455508788,0.030823912767966404,2026
2026-06-20 00:00:00+00:00,BTCUSDT_260925,2026-09-25 00:00:00+00:00,64809.0,92.684,64298.01,97,510.98999999999796,0.007947213296336821,0.029904462403741647,2026
2026-06-21 00:00:00+00:00,BTCUSDT_260925,2026-09-25 00:00:00+00:00,63838.9,63.688,63311.99,96,526.9100000000035,0.00832243623996029,0.031642596120682355,2026
2026-06-22 00:00:00+00:00,BTCUSDT_260925,2026-09-25 00:00:00+00:00,64569.7,198.059,64020.01,95,549.689999999995,0.008586221714117118,0.03298916763844998,2026
2026-06-23 00:00:00+00:00,BTCUSDT_260925,2026-09-25 00:00:00+00:00,63214.2,143.968,62734.57,94,479.6299999999974,0.007645385949086722,0.029686870972517588,2026
2026-06-24 00:00:00+00:00,BTCUSDT_260925,2026-09-25 00:00:00+00:00,61488.1,248.203,61077.99,93,410.1100000000006,0.006714530062302322,0.02635272551333707,2026
2026-06-25 00:00:00+00:00,BTCUSDT_260925,2026-09-25 00:00:00+00:00,60247.8,483.882,59794.0,92,453.8000000000029,0.007589390239823442,0.030110080842777786,2026
2026-06-26 00:00:00+00:00,BTCUSDT_260925,2026-09-25 00:00:00+00:00,60532.9,394.223,60097.27,91,435.63000000000466,0.007248748570442629,0.02907465085946769,2026
2026-06-27 00:00:00+00:00,BTCUSDT_260925,2026-09-25 00:00:00+00:00,60427.3,130.358,60029.0,90,398.3000000000029,0.006635126355594844,0.026909123553245755,2026
2026-06-28 00:00:00+00:00,BTCUSDT_260925,2026-09-25 00:00:00+00:00,60021.0,117.041,59577.01,89,443.98999999999796,0.007452371308999863,0.030563095817808424,2026
2026-06-29 00:00:00+00:00,BTCUSDT_260925,2026-09-25 00:00:00+00:00,60462.2,54.19,60037.24,88,424.9599999999991,0.007078273418298362,0.029358747700896613,2026
2026-06-26 00:00:00+00:00,BTCUSDT_261225,2026-12-25 00:00:00+00:00,61145.4,80.622,60097.27,182,1048.1300000000047,0.017440559279980682,0.03497694580875247,2026
2026-06-27 00:00:00+00:00,BTCUSDT_261225,2026-12-25 00:00:00+00:00,61052.1,52.977,60029.0,181,1023.0999999999985,0.01704342900931214,0.03436934579225929,2026
2026-06-28 00:00:00+00:00,BTCUSDT_261225,2026-12-25 00:00:00+00:00,60620.2,70.586,59577.01,180,1043.189999999995,0.01750994217400294,0.03550627163061707,2026
2026-06-29 00:00:00+00:00,BTCUSDT_261225,2026-12-25 00:00:00+00:00,61069.5,16.965,60037.24,179,1032.260000000002,0.01719366180057581,0.035059701436928326,2026
