date,open,high,low,close,pos,ret,turnover,cost,pnl_pct,equity,daily_pnl,year
2020-01-01 00:00:00+00:00,7195.24,7255.0,7175.15,7200.85,0.0,0.0,0.0,0.0,0.0,100000.0,0.0,2020
2020-01-02 00:00:00+00:00,7200.77,7212.5,6924.74,6965.71,0.0,-0.032654478290757405,0.0,0.0,-0.0,100000.0,0.0,2020
2020-01-03 00:00:00+00:00,6965.49,7405.0,6871.04,7344.96,0.0,0.054445275499554135,0.0,0.0,0.0,100000.0,0.0,2020
2020-01-04 00:00:00+00:00,7345.0,7404.0,7272.21,7354.11,0.0,0.0012457521892561552,0.0,0.0,0.0,100000.0,0.0,2020
2020-01-05 00:00:00+00:00,7354.19,7495.0,7318.0,7358.75,0.0,0.000630939705824396,0.0,0.0,0.0,100000.0,0.0,2020
2020-01-06 00:00:00+00:00,7357.64,7795.34,7346.76,7758.0,0.0,0.05425513844063201,0.0,0.0,0.0,100000.0,0.0,2020
2020-01-07 00:00:00+00:00,7758.9,8207.68,7723.71,8145.28,0.0,0.049920082495488405,0.0,0.0,0.0,100000.0,0.0,2020
2020-01-08 00:00:00+00:00,8145.92,8455.0,7870.0,8055.98,0.0,-0.010963404572955193,0.0,0.0,-0.0,100000.0,0.0,2020
2020-01-09 00:00:00+00:00,8054.72,8055.96,7750.0,7817.76,0.0,-0.02957057986737799,0.0,0.0,-0.0,100000.0,0.0,2020
2020-01-10 00:00:00+00:00,7817.74,8199.0,7672.0,8197.02,0.0,0.048512617424940174,0.0,0.0,0.0,100000.0,0.0,2020
2020-01-11 00:00:00+00:00,8198.86,8286.34,8003.16,8020.01,0.0,-0.02159443309885789,0.0,0.0,-0.0,100000.0,0.0,2020
2020-01-12 00:00:00+00:00,8020.01,8197.0,7960.0,8184.98,0.0,0.02056979978827944,0.0,0.0,0.0,100000.0,0.0,2020
2020-01-13 00:00:00+00:00,8184.97,8196.0,8055.89,8110.34,0.0,-0.00911914262466118,0.0,0.0,-0.0,100000.0,0.0,2020
2020-01-14 00:00:00+00:00,8110.34,8880.0,8105.54,8810.01,0.0,0.08626888638454133,0.0,0.0,0.0,100000.0,0.0,2020
2020-01-15 00:00:00+00:00,8814.64,8916.48,8564.0,8821.41,0.0,0.0012939826402011967,0.0,0.0,0.0,100000.0,0.0,2020
2020-01-16 00:00:00+00:00,8820.01,8859.81,8586.0,8720.01,0.0,-0.011494761041602186,0.0,0.0,-0.0,100000.0,0.0,2020
2020-01-17 00:00:00+00:00,8720.15,9041.65,8672.44,8913.28,0.0,0.02216396540829657,0.0,0.0,0.0,100000.0,0.0,2020
2020-01-18 00:00:00+00:00,8913.27,8988.88,8806.38,8915.96,0.0,0.00030067494794261407,0.0,0.0,0.0,100000.0,0.0,2020
2020-01-19 00:00:00+00:00,8915.09,9198.98,8466.0,8701.7,0.0,-0.024031063396426022,0.0,0.0,-0.0,100000.0,0.0,2020
2020-01-20 00:00:00+00:00,8701.72,8746.99,8521.28,8642.35,0.0,-0.006820506337842036,0.0,0.0,-0.0,100000.0,0.0,2020
2020-01-21 00:00:00+00:00,8642.35,8789.0,8488.0,8736.03,0.0,0.010839644309707408,0.0,0.0,0.0,100000.0,0.0,2020
2020-01-22 00:00:00+00:00,8736.04,8818.0,8590.0,8682.36,0.0,-0.006143522858781392,0.0,0.0,-0.0,100000.0,0.0,2020
2020-01-23 00:00:00+00:00,8682.77,8691.81,8306.39,8404.52,0.0,-0.03200051598874043,0.0,0.0,-0.0,100000.0,0.0,2020
2020-01-24 00:00:00+00:00,8404.52,8528.02,8238.0,8439.0,0.0,0.0041025543398076625,0.0,0.0,0.0,100000.0,0.0,2020
2020-01-25 00:00:00+00:00,8438.99,8451.26,8254.9,8340.58,0.0,-0.011662519255836057,0.0,0.0,-0.0,100000.0,0.0,2020
2020-01-26 00:00:00+00:00,8340.01,8618.13,8293.66,8615.0,0.0,0.032901788604629445,0.0,0.0,0.0,100000.0,0.0,2020
2020-01-27 00:00:00+00:00,8614.39,9000.0,8535.0,8907.57,0.0,0.0339605339524085,0.0,0.0,0.0,100000.0,0.0,2020
2020-01-28 00:00:00+00:00,8907.57,9400.0,8862.4,9374.21,0.0,0.05238690237629329,0.0,0.0,0.0,100000.0,0.0,2020
2020-01-29 00:00:00+00:00,9375.34,9449.24,9216.0,9301.53,1.0,-0.007753186668529755,1.0,0.0015,-0.009253186668529754,99074.68133314703,-925.318666852967,2020
2020-01-30 00:00:00+00:00,9301.57,9578.0,9204.44,9513.21,1.0,0.022757546339150503,0.0,0.0,0.022757546339150503,101329.3779846227,2254.696651475664,2020
2020-01-31 00:00:00+00:00,9511.52,9530.22,9210.01,9352.89,1.0,-0.01685235582942035,0.0,0.0,-0.01685235582942035,99621.739250852,-1707.6387337706983,2020
2020-02-01 00:00:00+00:00,9351.71,9464.53,9281.0,9384.61,1.0,0.0033914650979538497,0.0,0.0,0.0033914650979538497,99959.60290251872,337.8636516667175,2020
2020-02-02 00:00:00+00:00,9384.41,9477.03,9120.0,9331.51,1.0,-0.005658199967819688,0.0,0.0,-0.005658199967819688,99394.01148059241,-565.5914219263068,2020
2020-02-03 00:00:00+00:00,9331.59,9618.79,9234.0,9292.24,1.0,-0.004208322125786812,0.0,0.0,-0.004208322125786812,98975.72946290793,-418.28201768448344,2020
2020-02-04 00:00:00+00:00,9291.35,9350.0,9093.01,9197.02,1.0,-0.01024726007937804,0.0,0.0,-0.01024726007937804,97961.49942155535,-1014.2300413525809,2020
2020-02-05 00:00:00+00:00,9197.02,9744.45,9177.22,9612.04,1.0,0.04512548629882285,0.0,0.0,0.04512548629882285,102382.05972151489,4420.560299959543,2020
2020-02-06 00:00:00+00:00,9612.03,9862.57,9526.35,9772.0,1.0,0.016641628624100457,0.0,0.0,0.016641628624100457,104085.86393717081,1703.804215655924,2020
2020-02-07 00:00:00+00:00,9772.0,9885.0,9730.0,9813.73,1.0,0.004270364306180774,0.0,0.0,0.004270364306180774,104530.3484953061,444.4845581352856,2020
2020-02-08 00:00:00+00:00,9813.87,9940.0,9667.11,9895.05,1.0,0.008286349838440676,0.0,0.0,0.008286349838440676,105396.52353167233,866.1750363662286,2020
2020-02-09 00:00:00+00:00,9895.04,10166.0,9880.75,10151.75,1.0,0.025942264061323606,0.0,0.0,0.025942264061323606,108130.74797627649,2734.2244446041586,2020
2020-02-10 00:00:00+00:00,10151.72,10188.0,9756.0,9851.83,1.0,-0.02954367473588293,0.0,0.0,-0.02954367473588293,104936.16832911765,-3194.57964715884,2020
2020-02-11 00:00:00+00:00,9851.74,10323.59,9700.0,10223.08,1.0,0.03768335426007141,0.0,0.0,0.03768335426007141,108890.51513495829,3954.3468058406434,2020
2020-02-12 00:00:00+00:00,10223.08,10450.0,10223.08,10326.46,1.0,0.01011241230627169,0.0,0.0,0.01011241230627169,109991.66092024531,1101.1457852870226,2020
2020-02-13 00:00:00+00:00,10325.33,10500.0,10080.0,10229.63,1.0,-0.009376882300420442,0.0,0.0,-0.009376882300420442,108960.2820617684,-1031.3788584769063,2020
2020-02-14 00:00:00+00:00,10227.78,10381.56,10111.37,10344.36,1.0,0.011215459405667705,0.0,0.0,0.011215459405667705,110182.32168206226,1222.0396202938573,2020
2020-02-15 00:00:00+00:00,10344.36,10375.0,9801.0,9904.72,1.0,-0.04250045435387029,0.0,0.0,-0.04250045435387029,105499.5229488103,-4682.798733251955,2020
2020-02-16 00:00:00+00:00,9904.46,10050.0,9638.12,9917.27,1.0,0.0012670726683845501,0.0,0.0,0.0012670726683845501,105633.19851086636,133.67556205605797,2020
2020-02-17 00:00:00+00:00,9910.7,9964.16,9452.67,9706.0,1.0,-0.021303241718739208,0.0,0.0,-0.021303241718739208,103382.86894946582,-2250.3295614005474,2020
2020-02-18 00:00:00+00:00,9706.0,10250.0,9576.01,10164.71,1.0,0.04726045744900054,0.0,0.0,0.04726045744900054,108268.79062840765,4885.921678941828,2020
2020-02-19 00:00:00+00:00,10164.78,10250.0,9350.0,9593.79,1.0,-0.0561668753953628,0.0,0.0,-0.0561668753953628,102187.67095597525,-6081.119672432396,2020
2020-02-20 00:00:00+00:00,9594.65,9699.0,9400.0,9596.42,1.0,0.00027413566484146834,0.0,0.0,0.00027413566484146834,102215.68424109138,28.013285116132465,2020
2020-02-21 00:00:00+00:00,9597.21,9755.51,9550.21,9677.05,1.0,0.00840209161333072,0.0,0.0,0.00840209161333072,103074.5097844043,858.8255433129234,2020
2020-02-22 00:00:00+00:00,9677.05,9709.17,9560.02,9650.86,1.0,-0.002706403294392312,0.0,0.0,-0.002706403294392312,102795.54859155593,-278.96119284837914,2020
2020-02-23 00:00:00+00:00,9650.85,9990.0,9645.0,9936.4,1.0,0.02958700053673957,0.0,0.0,0.02958700053673957,105836.96054290874,3041.411951352813,2020
2020-02-24 00:00:00+00:00,9936.4,9990.0,9473.56,9656.13,1.0,-0.028206392657300516,0.0,0.0,-0.028206392657300516,102851.68167618023,-2985.278866728506,2020
2020-02-25 00:00:00+00:00,9655.52,9675.0,9250.0,9315.84,1.0,-0.03524082629376357,0.0,0.0,-0.03524082629376357,99227.1034282085,-3624.578247971731,2020
2020-02-26 00:00:00+00:00,9316.48,9377.44,8633.63,8785.25,1.0,-0.056955679788403435,0.0,0.0,-0.056955679788403435,93575.55629902068,-5651.54712918782,2020
2020-02-27 00:00:00+00:00,8786.0,8971.77,8531.0,8823.21,0.5,0.00432087874562459,0.5,0.00075,0.001410439372812295,93707.53894795763,131.98264893694432,2020
2020-02-28 00:00:00+00:00,8823.25,8900.0,8445.0,8692.91,0.5,-0.014767867930152279,0.0,0.0,-0.007383933965076139,93015.60866833612,-691.9302796215052,2020
2020-02-29 00:00:00+00:00,8690.8,8790.0,8523.55,8523.61,0.5,-0.01947564164359228,0.0,0.0,-0.00973782082179614,92109.83933749355,-905.769330842566,2020
2020-03-01 00:00:00+00:00,8523.61,8750.0,8411.0,8531.88,0.5,0.0009702461750360492,0.0,0.0,0.0004851230875180246,92154.52394714374,44.68460965018312,2020
2020-03-02 00:00:00+00:00,8530.3,8965.75,8498.0,8915.24,0.5,0.04493265259239476,0.0,0.0,0.02246632629619738,94224.897551811,2070.3736046672566,2020
2020-03-03 00:00:00+00:00,8911.18,8919.65,8651.0,8760.07,0.5,-0.017405027795101446,0.0,0.0,-0.008702513897550723,93404.90407137107,-819.9934804399236,2020
2020-03-04 00:00:00+00:00,8760.07,8848.29,8660.0,8750.87,0.5,-0.0010502199183338723,0.0,0.0,-0.0005251099591669361,93355.85622600815,-49.04784536291845,2020
2020-03-05 00:00:00+00:00,8750.99,9159.42,8746.54,9054.68,0.5,0.034717690926730604,0.0,0.0,0.017358845463365302,94976.40610733557,1620.549881327417,2020
2020-03-06 00:00:00+00:00,9054.64,9170.0,8985.5,9131.88,0.5,0.008525977726435263,0.0,0.0,0.004262988863217632,95381.28946883959,404.8833615040203,2020
2020-03-07 00:00:00+00:00,9130.89,9188.0,8835.0,8886.66,0.5,-0.026853178096952535,0.0,0.0,-0.013426589048476267,94100.64409222773,-1280.6453766118648,2020
2020-03-08 00:00:00+00:00,8885.25,8886.76,8000.0,8033.31,0.5,-0.09602595350784204,0.0,0.0,-0.04801297675392102,89582.5920548986,-4518.052037329122,2020
2020-03-09 00:00:00+00:00,8034.76,8179.31,7632.01,7929.87,0.0,-0.012876385948008995,0.5,0.00075,-0.00075,89515.40511085742,-67.18694404118287,2020
2020-03-10 00:00:00+00:00,7929.87,8149.0,7728.01,7894.56,0.0,-0.004452784219665551,0.0,0.0,-0.0,89515.40511085742,0.0,2020
2020-03-11 00:00:00+00:00,7894.57,7980.0,7590.0,7934.52,0.0,0.005061713382379818,0.0,0.0,0.0,89515.40511085742,0.0,2020
2020-03-12 00:00:00+00:00,7934.58,7966.17,4410.0,4800.0,0.0,-0.3950484717412017,0.0,0.0,-0.0,89515.40511085742,0.0,2020
2020-03-13 00:00:00+00:00,4800.01,5955.0,3782.13,5578.6,0.5,0.1622083333333335,0.5,0.00075,0.08035416666666675,96708.34089236947,7192.935781512046,2020
2020-03-14 00:00:00+00:00,5576.05,5640.52,5055.13,5172.06,0.5,-0.07287491485318898,0.0,0.0,-0.03643745742659449,93184.53483830717,-3523.8060540622973,2020
2020-03-15 00:00:00+00:00,5172.48,5940.0,5093.1,5361.3,0.5,0.03658890268094339,0.0,0.0,0.018294451340471696,94889.29477659106,1704.7599382838962,2020
2020-03-16 00:00:00+00:00,5360.33,5365.42,4442.12,5028.97,0.5,-0.06198683155204898,0.0,0.0,-0.03099341577602449,91948.35141088642,-2940.9433657046466,2020
2020-03-17 00:00:00+00:00,5028.86,5525.0,4921.45,5312.64,0.5,0.05640717681751939,0.0,0.0,0.028203588408759694,94541.62486894306,2593.2734580566466,2020
2020-03-18 00:00:00+00:00,5312.64,5436.17,5009.37,5393.04,0.5,0.015133718829056564,0.0,0.0,0.007566859414528282,95257.00805314742,715.3831842043583,2020
2020-03-19 00:00:00+00:00,5393.26,6400.0,5252.53,6162.37,0.5,0.14265238158812088,0.0,0.0,0.07132619079406044,102051.32758401758,6794.319530870154,2020
2020-03-20 00:00:00+00:00,6162.05,6900.0,5670.0,6208.36,0.5,0.0074630377598228215,0.0,0.0,0.0037315188799114107,102432.13403961738,380.80645559979894,2020
2020-03-21 00:00:00+00:00,6204.57,6456.98,5860.02,6186.98,0.5,-0.0034437435973430075,0.0,0.0,-0.0017218717986715038,102255.75903673681,-176.37500288056617,2020
2020-03-22 00:00:00+00:00,6187.04,6407.87,5734.01,5816.19,0.5,-0.05993069316532462,0.0,0.0,-0.02996534658266231,99191.62977712778,-3064.129259609035,2020
2020-03-23 00:00:00+00:00,5816.05,6600.0,5688.0,6467.31,0.5,0.11194957523739779,0.0,0.0,0.055974787618698896,104743.86018745512,5552.230410327349,2020
2020-03-24 00:00:00+00:00,6465.25,6833.0,6371.33,6744.72,0.5,0.04289418630002273,0.0,0.0,0.021447093150011365,106990.31151378724,2246.4513263321132,2020
2020-03-25 00:00:00+00:00,6744.69,6957.96,6450.0,6677.43,0.0,-0.009976692879763771,0.5,0.00075,-0.00075,106910.0687801519,-80.24273363534303,2020
2020-03-26 00:00:00+00:00,6677.42,6780.0,6510.0,6737.36,0.0,0.0089750098466026,0.0,0.0,0.0,106910.0687801519,0.0,2020
2020-03-27 00:00:00+00:00,6737.27,6842.59,6261.0,6359.11,0.0,-0.05614216844580078,0.0,0.0,-0.0,106910.0687801519,0.0,2020
2020-03-28 00:00:00+00:00,6359.11,6360.0,6024.0,6236.65,0.0,-0.01925741180762719,0.0,0.0,-0.0,106910.0687801519,0.0,2020
2020-03-29 00:00:00+00:00,6236.65,6266.0,5866.56,5881.42,0.0,-0.05695846327756082,0.0,0.0,-0.0,106910.0687801519,0.0,2020
2020-03-30 00:00:00+00:00,5880.5,6599.0,5857.76,6394.38,0.0,0.0872170326213737,0.0,0.0,0.0,106910.0687801519,0.0,2020
2020-03-31 00:00:00+00:00,6394.45,6523.23,6321.4,6410.44,0.0,0.002511580481610265,0.0,0.0,0.0,106910.0687801519,0.0,2020
2020-04-01 00:00:00+00:00,6412.14,6679.94,6150.11,6642.92,0.0,0.03626584134630395,0.0,0.0,0.0,106910.0687801519,0.0,2020
2020-04-02 00:00:00+00:00,6643.36,7198.0,6551.0,6794.09,0.0,0.022756558862668808,0.0,0.0,0.0,106910.0687801519,0.0,2020
2020-04-03 00:00:00+00:00,6793.86,7048.0,6602.1,6734.1,0.0,-0.008829732900211718,0.0,0.0,-0.0,106910.0687801519,0.0,2020
2020-04-04 00:00:00+00:00,6732.97,6990.41,6650.01,6856.99,0.0,0.018248912252565308,0.0,0.0,0.0,106910.0687801519,0.0,2020
2020-04-05 00:00:00+00:00,6857.41,6895.54,6677.52,6772.78,0.0,-0.012280898761701575,0.0,0.0,-0.0,106910.0687801519,0.0,2020
2020-04-06 00:00:00+00:00,6772.78,7355.14,6765.0,7329.9,0.0,0.08225868845584827,0.0,0.0,0.0,106910.0687801519,0.0,2020
2020-04-07 00:00:00+00:00,7329.9,7459.69,7077.0,7197.32,1.0,-0.018087559175432144,1.0,0.0015,-0.019587559175432145,104815.96148147114,-2094.107298680756,2020
2020-04-08 00:00:00+00:00,7197.32,7420.0,7150.0,7361.28,1.0,0.022780701705634954,0.0,0.0,0.022780701705634954,107203.74263396986,2387.781152498719,2020
2020-04-09 00:00:00+00:00,7360.26,7371.92,7108.08,7283.54,1.0,-0.010560663362893408,0.0,0.0,-0.010560663362893408,106071.59999677022,-1132.142637199635,2020
2020-04-10 00:00:00+00:00,7283.54,7295.75,6739.98,6858.92,1.0,-0.05829857459422205,0.0,0.0,-0.05829857459422205,99887.77691203004,-6183.8230847401865,2020
2020-04-11 00:00:00+00:00,6858.92,6944.3,6760.0,6876.83,1.0,0.0026111982644496656,0.0,0.0,0.0026111982644496656,100148.60370174245,260.82678971241694,2020
2020-04-12 00:00:00+00:00,6876.84,7177.0,6780.0,6903.79,1.0,0.003920411003325741,0.0,0.0,0.003920411003325741,100541.22738966247,392.6236879200151,2020
2020-04-13 00:00:00+00:00,6903.79,6903.79,6575.0,6837.91,1.0,-0.00954258458035373,0.0,0.0,-0.00954258458035373,99581.80422348404,-959.4231661784288,2020
2020-04-14 00:00:00+00:00,6838.04,6978.0,6754.28,6868.7,1.0,0.0045028378554266,0.0,0.0,0.0045028378554266,100030.20494125324,448.4007177691965,2020
2020-04-15 00:00:00+00:00,6868.57,6933.0,6605.0,6621.24,1.0,-0.03602719583036096,0.0,0.0,-0.03602719583036096,96426.39715888356,-3603.8077823696804,2020
2020-04-16 00:00:00+00:00,6621.25,7190.0,6468.27,7101.94,1.0,0.07259969431707658,0.0,0.0,0.07259969431707658,103426.92411671553,7000.526957831971,2020
2020-04-17 00:00:00+00:00,7101.99,7148.12,6972.98,7027.55,1.0,-0.010474602714187875,0.0,0.0,-0.010474602714187875,102343.56817664247,-1083.3559400730592,2020
2020-04-18 00:00:00+00:00,7026.78,7293.08,7014.4,7248.6,1.0,0.03145477442351896,0.0,0.0,0.03145477442351896,105562.7620273368,3219.193850694326,2020
2020-04-19 00:00:00+00:00,7248.6,7266.15,7055.6,7120.74,1.0,-0.01763926827249407,0.0,0.0,-0.01763926827249407,103700.71214835114,-1862.0498789856501,2020
2020-04-20 00:00:00+00:00,7121.4,7220.0,6751.0,6826.83,1.0,-0.04127520454334799,0.0,0.0,-0.04127520454334799,99420.4440431371,-4280.26810521404,2020
2020-04-21 00:00:00+00:00,6828.98,6940.0,6762.0,6841.37,1.0,0.002129831854609021,0.0,0.0,0.002129831854609021,99632.19287185954,211.74882872244052,2020
2020-04-22 00:00:00+00:00,6841.36,7156.38,6818.0,7125.14,1.0,0.04147853427018289,0.0,0.0,0.04147853427018289,103764.79019830844,4132.5973264489,2020
2020-04-23 00:00:00+00:00,7125.12,7738.0,7020.0,7482.39,1.0,0.050139365682639214,0.0,0.0,0.050139365682639214,108967.49095904376,5202.700760735315,2020
2020-04-24 00:00:00+00:00,7483.96,7615.96,7388.0,7505.0,1.0,0.0030217617632868343,0.0,0.0,0.0030217617632868343,109296.7647566651,329.2737976213393,2020
2020-04-25 00:00:00+00:00,7505.0,7705.0,7431.07,7538.67,1.0,0.004486342438374535,0.0,0.0,0.004486342438374535,109787.10747076996,490.3427141048596,2020
2020-04-26 00:00:00+00:00,7539.03,7700.0,7480.0,7693.1,1.0,0.020485045770673116,0.0,0.0,0.020485045770673116,112036.10139233849,2248.99392156853,2020
2020-04-27 00:00:00+00:00,7693.1,7792.02,7606.0,7774.62,1.0,0.010596508559618245,0.0,0.0,0.010596508559618245,113223.29289972865,1187.1915073901619,2020
2020-04-28 00:00:00+00:00,7773.51,7780.0,7659.12,7738.98,1.0,-0.004584146877918194,0.0,0.0,-0.004584146877918194,112704.26069507476,-519.0322046538931,2020
2020-04-29 00:00:00+00:00,7738.58,8952.89,7710.05,8778.57,1.0,0.13433165610971987,0.0,0.0,0.13433165610971987,127844.01068486575,15139.749989790987,2020
2020-04-30 00:00:00+00:00,8778.58,9460.0,8401.0,8620.0,1.0,-0.018063306438292348,0.0,0.0,-0.018063306438292348,125534.72514356469,-2309.2855413010548,2020
2020-05-01 00:00:00+00:00,8620.0,9059.18,8613.56,8826.96,1.0,0.024009280742459227,0.0,0.0,0.024009280742459227,128548.72360246399,3013.9984588992957,2020
2020-05-02 00:00:00+00:00,8825.67,9010.0,8753.0,8972.05,1.0,0.016437142572301333,0.0,0.0,0.016437142572301333,130661.69729980503,2112.9736973410472,2020
2020-05-03 00:00:00+00:00,8972.58,9200.0,8712.0,8894.16,1.0,-0.008681405030065537,0.0,0.0,-0.008681405030065537,129527.37018362961,-1134.3271161754237,2020
2020-05-04 00:00:00+00:00,8894.15,8950.0,8522.0,8871.96,1.0,-0.0024960198602229644,0.0,0.0,-0.0024960198602229644,129204.0672952088,-323.30288842080336,2020
2020-05-05 00:00:00+00:00,8871.92,9118.58,8760.0,9021.83,1.0,0.016892546855486357,0.0,0.0,0.016892546855486357,131386.65305591255,2182.585760703747,2020
2020-05-06 00:00:00+00:00,9021.36,9395.0,8906.21,9142.92,1.0,0.013421888907239499,0.0,0.0,0.013421888907239499,133150.11011712303,1763.4570612104726,2020
2020-05-07 00:00:00+00:00,9143.4,10067.0,9021.0,9986.4,1.0,0.09225499074693855,0.0,0.0,0.09225499074693855,145433.87229393207,12283.762176809047,2020
2020-05-08 00:00:00+00:00,9986.3,10035.96,9705.0,9800.01,1.0,-0.018664383561643794,0.0,0.0,-0.018664383561643794,142719.43871858303,-2714.433575349045,2020
2020-05-09 00:00:00+00:00,9800.02,9914.25,9520.0,9539.4,1.0,-0.02659283000731638,0.0,0.0,-0.02659283000731638,138924.1249460001,-3795.3137725829147,2020
2020-05-10 00:00:00+00:00,9539.1,9574.83,8117.0,8722.77,1.0,-0.0856060129567896,0.0,0.0,-0.0856060129567896,127031.38450586218,-11892.740440137932,2020
2020-05-11 00:00:00+00:00,8722.77,9168.0,8200.0,8561.52,1.0,-0.018486100172307673,0.0,0.0,-0.018486100172307673,124683.06960685989,-2348.314899002289,2020
2020-05-12 00:00:00+00:00,8562.04,8978.26,8528.78,8810.79,1.0,0.029115157121632596,0.0,0.0,0.029115157121632596,128313.23676887108,3630.1671620111883,2020
2020-05-13 00:00:00+00:00,8810.99,9398.0,8792.99,9309.37,1.0,0.0565874342709336,0.0,0.0,0.0565874342709336,135574.15362062032,7260.916851749236,2020
2020-05-14 00:00:00+00:00,9309.35,9939.0,9256.76,9791.98,1.0,0.051841316866769516,0.0,0.0,0.051841316866769516,142602.49627741097,7028.342656790657,2020
2020-05-15 00:00:00+00:00,9791.97,9845.62,9150.0,9316.42,1.0,-0.048566275666412695,0.0,0.0,-0.048566275666412695,135676.82413248363,-6925.672144927346,2020
2020-05-16 00:00:00+00:00,9315.96,9588.0,9220.0,9381.27,1.0,0.006960828300999866,0.0,0.0,0.006960828300999866,136621.2472096948,944.4230772111623,2020
2020-05-17 00:00:00+00:00,9380.81,9888.0,9322.1,9680.04,1.0,0.031847500391738004,0.0,0.0,0.031847500391738004,140972.2924337253,4351.045224030502,2020
2020-05-18 00:00:00+00:00,9681.11,9950.0,9464.23,9733.93,1.0,0.005567125755678637,0.0,0.0,0.005567125755678637,141757.10291377016,784.8104800448637,2020
2020-05-19 00:00:00+00:00,9733.93,9897.21,9474.0,9775.53,1.0,0.00427371061842452,0.0,0.0,0.00427371061842452,142362.93174972982,605.8288359596627,2020
2020-05-20 00:00:00+00:00,9775.13,9842.0,9326.0,9511.43,1.0,-0.027016437983413688,0.0,0.0,-0.027016437983413688,138516.7924329763,-3846.1393167535134,2020
2020-05-21 00:00:00+00:00,9511.43,9578.47,8815.0,9068.65,1.0,-0.04655241115163555,0.0,0.0,-0.04655241115163555,132068.5017602306,-6448.290672745701,2020
2020-05-22 00:00:00+00:00,9067.51,9271.0,8933.52,9170.0,1.0,0.011175864103256883,0.0,0.0,0.011175864103256883,133544.4813882237,1475.9796279931033,2020
2020-05-23 00:00:00+00:00,9170.0,9307.85,9070.0,9179.15,1.0,0.000997818974918241,0.0,0.0,0.000997818974918241,133677.73460574847,133.25321752476157,2020
2020-05-24 00:00:00+00:00,9179.01,9298.0,8700.0,8720.34,1.0,-0.04998393097400078,0.0,0.0,-0.04998393097400078,126995.99594645394,-6681.738659294526,2020
2020-05-25 00:00:00+00:00,8718.14,8979.66,8642.72,8900.35,1.0,0.020642543754027853,0.0,0.0,0.020642543754027853,129617.51634936496,2621.5204029110173,2020
2020-05-26 00:00:00+00:00,8900.35,9017.67,8700.0,8841.18,1.0,-0.006648053166448564,0.0,0.0,-0.006648053166448564,128755.81220937136,-861.7041399935988,2020
2020-05-27 00:00:00+00:00,8841.0,9225.0,8811.73,9204.07,1.0,0.04104542606303685,0.0,0.0,0.04104542606303685,134040.64937959737,5284.837170226005,2020
2020-05-28 00:00:00+00:00,9204.07,9625.47,9110.0,9575.89,1.0,0.04039734595673439,0.0,0.0,0.04039734595673439,139455.5358648503,5414.886485252937,2020
2020-05-29 00:00:00+00:00,9575.87,9605.26,9330.0,9427.07,1.0,-0.015541114194085326,0.0,0.0,-0.015541114194085326,137288.2414569773,-2167.294407873007,2020
2020-05-30 00:00:00+00:00,9426.6,9740.0,9331.23,9697.72,1.0,0.02870987486037535,0.0,0.0,0.02870987486037535,141229.7696890081,3941.5282320308033,2020
2020-05-31 00:00:00+00:00,9697.72,9700.0,9381.41,9448.27,1.0,-0.025722540968392438,0.0,0.0,-0.025722540968392438,137596.98115222596,-3632.7885367821436,2020
2020-06-01 00:00:00+00:00,9448.27,10380.0,9421.67,10200.77,1.0,0.07964420999823241,0.0,0.0,0.07964420999823241,148555.78401423668,10958.802862010722,2020
2020-06-02 00:00:00+00:00,10202.71,10228.99,9266.0,9518.04,1.0,-0.06692926122243703,0.0,0.0,-0.06692926122243703,138613.0551398439,-9942.728874392778,2020
2020-06-03 00:00:00+00:00,9518.02,9690.0,9365.21,9666.24,1.0,0.015570432568049686,0.0,0.0,0.015570432568049686,140771.3203679502,2158.265228106291,2020
2020-06-04 00:00:00+00:00,9666.32,9881.63,9450.0,9789.06,1.0,0.01270607806137658,0.0,0.0,0.01270607806137658,142559.97175334842,1788.6513853982324,2020
2020-06-05 00:00:00+00:00,9788.14,9854.75,9581.0,9621.16,1.0,-0.01715180007069117,0.0,0.0,-0.01715180007069117,140114.81161975162,-2445.1601335968007,2020
2020-06-06 00:00:00+00:00,9621.17,9735.0,9531.05,9666.3,1.0,0.004691741952113748,0.0,0.0,0.004691741952113748,140772.19415954052,657.3825397889013,2020
2020-06-07 00:00:00+00:00,9666.85,9802.0,9372.46,9746.99,1.0,0.00834755801082121,0.0,0.0,0.00834755801082121,141947.29821659788,1175.1040570573532,2020
2020-06-08 00:00:00+00:00,9746.99,9800.0,9633.0,9782.01,1.0,0.0035929040657680655,0.0,0.0,0.0035929040657680655,142457.30124148505,510.00302488717716,2020
2020-06-09 00:00:00+00:00,9782.0,9877.0,9570.0,9772.43,1.0,-0.0009793488250369187,0.0,0.0,-0.0009793488250369187,142317.78585089627,-139.51539058878552,2020
2020-06-10 00:00:00+00:00,9772.44,9992.72,9704.18,9885.0,1.0,0.011519141093873309,0.0,0.0,0.011519141093873309,143957.1645062804,1639.37865538412,2020
2020-06-11 00:00:00+00:00,9885.22,9964.0,9113.0,9280.4,1.0,-0.061163378856853856,0.0,0.0,-0.061163378856853856,135152.25791442432,-8804.906591856066,2020
2020-06-12 00:00:00+00:00,9278.88,9557.12,9232.51,9465.13,1.0,0.019905392008965128,0.0,0.0,0.019905392008965128,137842.51658910772,2690.2586746833986,2020
2020-06-13 00:00:00+00:00,9464.96,9494.73,9351.0,9473.34,1.0,0.0008673943199934975,0.0,0.0,0.0008673943199934975,137962.0804050507,119.56381594299455,2020
2020-06-14 00:00:00+00:00,9473.34,9480.99,9245.0,9342.1,1.0,-0.013853614459103047,0.0,0.0,-0.013853614459103047,136050.80693314338,-1911.2734719073342,2020
2020-06-15 00:00:00+00:00,9342.1,9495.0,8910.45,9426.02,1.0,0.008982990976333038,0.0,0.0,0.008982990976333038,137272.95010414664,1222.143171003263,2020
2020-06-16 00:00:00+00:00,9426.05,9589.0,9373.09,9525.59,1.0,0.010563313041983768,0.0,0.0,0.010563313041983768,138723.00724829338,1450.0571441467328,2020
2020-06-17 00:00:00+00:00,9526.97,9565.0,9236.61,9465.14,1.0,-0.006346063603409391,0.0,0.0,-0.006346063603409391,137842.66222103947,-880.3450272539048,2020
2020-06-18 00:00:00+00:00,9465.13,9489.0,9280.0,9386.32,1.0,-0.00832739927777082,0.0,0.0,-0.00832739927777082,136694.791335214,-1147.8708858254831,2020
2020-06-19 00:00:00+00:00,9386.32,9438.3,9215.79,9310.23,1.0,-0.008106478364257819,0.0,0.0,-0.008106478364257819,135586.67796674834,-1108.1133684656525,2020
2020-06-20 00:00:00+00:00,9310.23,9395.0,9170.95,9358.95,1.0,0.005232953428647935,0.0,0.0,0.005232953428647935,136296.19673809342,709.5187713450869,2020
2020-06-21 00:00:00+00:00,9358.95,9422.0,9281.54,9294.69,1.0,-0.006866154857115392,0.0,0.0,-0.006866154857115392,135360.36594485378,-935.8307932396419,2020
2020-06-22 00:00:00+00:00,9294.69,9780.0,9277.09,9685.69,1.0,0.04206702966962861,0.0,0.0,0.04206702966962861,141054.57447514773,5694.208530293952,2020
2020-06-23 00:00:00+00:00,9685.69,9720.0,9577.03,9624.89,1.0,-0.006277301875240782,0.0,0.0,-0.006277301875240782,140169.13233028358,-885.4421448641515,2020
2020-06-24 00:00:00+00:00,9624.33,9670.0,9208.0,9296.49,1.0,-0.03411987046085718,0.0,0.0,-0.03411987046085718,135386.57969256357,-4782.552637720015,2020
2020-06-25 00:00:00+00:00,9298.33,9340.0,9009.69,9249.49,1.0,-0.005055671549154539,0.0,0.0,-0.005055671549154539,134702.10961347452,-684.4700790890492,2020
2020-06-26 00:00:00+00:00,9249.49,9298.0,9045.45,9162.21,1.0,-0.009436195941614156,0.0,0.0,-0.009436195941614156,133431.03411341298,-1271.0755000615318,2020
2020-06-27 00:00:00+00:00,9162.21,9196.24,8833.0,9012.0,1.0,-0.01639451617022525,0.0,0.0,-0.01639451617022525,131243.49686703077,-2187.537246382213,2020
2020-06-28 00:00:00+00:00,9012.0,9191.0,8948.06,9116.35,1.0,0.011579005770084416,0.0,0.0,0.011579005770084416,132763.16607454018,1519.6692075094033,2020
2020-06-29 00:00:00+00:00,9116.16,9238.0,9024.67,9192.56,1.0,0.008359705364537229,0.0,0.0,0.008359705364537229,133873.02702618646,1109.8609516462893,2020
2020-06-30 00:00:00+00:00,9192.93,9205.0,9064.89,9138.55,1.0,-0.005875403587248806,0.0,0.0,-0.005875403587248806,133086.46896296093,-786.5580632255296,2020
2020-07-01 00:00:00+00:00,9138.08,9292.0,9080.1,9232.0,1.0,0.010225911112813346,0.0,0.0,0.010225911112813346,134447.39936489437,1360.9304019334377,2020
2020-07-02 00:00:00+00:00,9231.99,9261.96,8940.0,9086.54,1.0,-0.01575606585788547,0.0,0.0,-0.01575606585788547,132329.03728607966,-2118.362078814709,2020
2020-07-03 00:00:00+00:00,9086.54,9125.0,9037.47,9058.26,1.0,-0.0031122957693467956,0.0,0.0,-0.0031122957693467956,131917.19018317247,-411.8471029071952,2020
2020-07-04 00:00:00+00:00,9057.79,9190.0,9040.04,9135.46,1.0,0.00852260809471117,0.0,0.0,0.00852260809471117,133041.46869605914,1124.2785128866672,2020
2020-07-05 00:00:00+00:00,9135.0,9145.24,8893.03,9069.41,1.0,-0.007230068327155892,0.0,0.0,-0.007230068327155892,132079.56978704146,-961.8989090176765,2020
2020-07-06 00:00:00+00:00,9069.41,9375.0,9055.92,9344.2,1.0,0.03029855304810347,0.0,0.0,0.03029855304810347,136081.3896388048,4001.8198517633427,2020
2020-07-07 00:00:00+00:00,9342.47,9379.42,9203.0,9257.39,1.0,-0.009290254917489027,0.0,0.0,-0.009290254917489027,134817.15883953415,-1264.2307992706483,2020
2020-07-08 00:00:00+00:00,9257.4,9470.0,9231.0,9436.06,1.0,0.019300256335749166,0.0,0.0,0.019300256335749166,137419.1645635946,2602.0057240604365,2020
2020-07-09 00:00:00+00:00,9436.06,9440.79,9160.0,9232.43,1.0,-0.021579981475319032,0.0,0.0,-0.021579981475319032,134453.6615379584,-2965.5030256361933,2020
2020-07-10 00:00:00+00:00,9232.42,9317.48,9125.0,9288.34,1.0,0.006055827122436908,0.0,0.0,0.006055827122436908,135267.8896682109,814.228130252508,2020
2020-07-11 00:00:00+00:00,9288.34,9299.28,9178.25,9234.03,1.0,-0.00584711584631914,0.0,0.0,-0.00584711584631914,134476.96264703377,-790.9270211771363,2020
2020-07-12 00:00:00+00:00,9234.02,9345.0,9157.5,9302.75,1.0,0.007442037766825393,0.0,0.0,0.007442037766825393,135477.74528182097,1000.7826347872033,2020
2020-07-13 00:00:00+00:00,9303.31,9343.82,9200.89,9242.62,1.0,-0.006463680094595636,0.0,0.0,-0.006463680094595636,134602.06047638218,-875.6848054387956,2020
2020-07-14 00:00:00+00:00,9242.61,9279.54,9113.0,9255.85,1.0,0.0014314123051688554,0.0,0.0,0.0014314123051688554,134794.73152204914,192.67104566696798,2020
2020-07-15 00:00:00+00:00,9255.85,9276.49,9160.57,9197.6,1.0,-0.006293317199392856,0.0,0.0,-0.006293317199392856,133946.42551977388,-848.3060022752616,2020
2020-07-16 00:00:00+00:00,9197.6,9226.15,9047.25,9133.72,1.0,-0.006945290075672017,0.0,0.0,-0.006945290075672017,133016.12873993965,-930.2967798342288,2020
2020-07-17 00:00:00+00:00,9133.72,9186.83,9089.81,9154.32,1.0,0.0022553789693575688,0.0,0.0,0.0022553789693575688,133316.13051928507,300.00177934541716,2020
2020-07-18 00:00:00+00:00,9154.31,9219.3,9121.1,9170.28,1.0,0.0017434391631492296,0.0,0.0,0.0017434391631492296,133548.55908231193,232.42856302685686,2020
2020-07-19 00:00:00+00:00,9170.3,9232.27,9101.35,9208.99,1.0,0.00422124515281963,0.0,0.0,0.00422124515281963,134112.30029000415,563.7412076922192,2020
2020-07-20 00:00:00+00:00,9208.99,9221.52,9131.0,9160.78,1.0,-0.005235101786406404,0.0,0.0,-0.005235101786406404,133410.2087471769,-702.0915428272565,2020
2020-07-21 00:00:00+00:00,9160.78,9437.73,9152.8,9390.0,1.0,0.02502188678256645,0.0,0.0,0.02502188678256645,136748.3838860873,3338.1751389104174,2020
2020-07-22 00:00:00+00:00,9390.0,9544.0,9261.0,9518.16,1.0,0.013648562300319522,0.0,0.0,0.013648562300319522,138614.80272302456,1866.4188369372569,2020
2020-07-23 00:00:00+00:00,9518.16,9664.0,9440.33,9603.27,1.0,0.00894185430797556,0.0,0.0,0.00894185430797556,139854.27609390265,1239.473370878084,2020
2020-07-24 00:00:00+00:00,9603.27,9637.0,9463.44,9537.8,1.0,-0.006817469466129933,0.0,0.0,-0.006817469466129933,138900.82383692474,-953.4522569779074,2020
2020-07-25 00:00:00+00:00,9538.1,9732.9,9513.0,9700.42,1.0,0.01705005347145061,0.0,0.0,0.01705005347145061,141269.09031057285,2368.2664736481092,2020
2020-07-26 00:00:00+00:00,9700.42,10111.0,9650.0,9931.54,1.0,0.023825772492325203,0.0,0.0,0.023825772492325203,144634.93551651033,3365.845205937483,2020
2020-07-27 00:00:00+00:00,9931.54,11394.86,9917.21,11029.96,1.0,0.11059916186210783,0.0,0.0,0.11059916186210783,160631.43816061638,15996.502644106047,2020
2020-07-28 00:00:00+00:00,11029.96,11242.23,10565.0,10906.27,1.0,-0.011214002589311156,0.0,0.0,-0.011214002589311156,158830.11679715847,-1801.3213634579151,2020
2020-07-29 00:00:00+00:00,10906.27,11342.82,10812.0,11100.53,1.0,0.017811772494170874,0.0,0.0,0.017811772494170874,161659.16270277204,2829.0459056135733,2020
2020-07-30 00:00:00+00:00,11100.52,11170.0,10831.0,11099.61,1.0,-8.287892560088217e-05,0.0,0.0,-8.287892560088217e-05,161645.7645650537,-13.39813771835179,2020
2020-07-31 00:00:00+00:00,11099.79,11444.0,10960.0,11335.46,1.0,0.021248494316466804,0.0,0.0,0.021248494316466804,165080.49367469514,3434.7291096414556,2020
2020-08-01 00:00:00+00:00,11335.46,11861.0,11220.0,11801.17,1.0,0.04108434946618855,0.0,0.0,0.04108434946618855,171862.71836687726,6782.224692182121,2020
2020-08-02 00:00:00+00:00,11801.17,12123.46,10518.5,11071.35,1.0,-0.06184302064964742,0.0,0.0,-0.06184302064964742,161234.20872600994,-10628.509640867327,2020
2020-08-03 00:00:00+00:00,11071.36,11473.0,10936.0,11219.81,1.0,0.013409385485961378,0.0,0.0,0.013409385485961378,163396.26038434097,2162.051658331038,2020
2020-08-04 00:00:00+00:00,11219.68,11414.98,11000.0,11191.97,1.0,-0.0024813254413399433,0.0,0.0,-0.0024813254413399433,162990.8210864295,-405.4392979114782,2020
2020-08-05 00:00:00+00:00,11191.99,11780.93,11093.0,11744.91,1.0,0.04940506452393989,0.0,0.0,0.04940506452393989,171043.39311901445,8052.572032584954,2020
2020-08-06 00:00:00+00:00,11744.91,11900.0,11562.5,11762.46,1.0,0.0014942643238644582,0.0,0.0,0.0014942643238644582,171298.97715918493,255.58404017047724,2020
2020-08-07 00:00:00+00:00,11762.47,11909.94,11322.0,11594.23,1.0,-0.014302280305310222,0.0,0.0,-0.014302280305310222,168849.01117184135,-2449.965987343574,2020
2020-08-08 00:00:00+00:00,11594.36,11808.27,11512.0,11761.41,1.0,0.014419241295023477,0.0,0.0,0.014419241295023477,171283.68580635425,2434.674634512892,2020
2020-08-09 00:00:00+00:00,11761.02,11797.11,11521.97,11681.68,1.0,-0.006778949122596689,0.0,0.0,-0.006778949122596689,170122.56241474213,-1161.1233916121128,2020
2020-08-10 00:00:00+00:00,11681.69,12067.35,11450.0,11892.92,1.0,0.018083015456680895,0.0,0.0,0.018083015456680895,173198.89134041808,3076.3289256759454,2020
2020-08-11 00:00:00+00:00,11892.9,11935.0,11125.0,11392.08,1.0,-0.04211245009635989,0.0,0.0,-0.04211245009635989,165905.06167209987,-7293.8296683182125,2020
2020-08-12 00:00:00+00:00,11392.09,11617.52,11150.0,11564.33,1.0,0.015120153650606483,0.0,0.0,0.015120153650606483,168413.57169599534,2508.5100238954765,2020
2020-08-13 00:00:00+00:00,11564.34,11792.96,11270.36,11780.0,1.0,0.0186495888650704,0.0,0.0,0.0186495888650704,171554.4155674237,3140.8438714283693,2020
2020-08-14 00:00:00+00:00,11779.77,11850.0,11634.03,11760.54,1.0,-0.0016519524617996106,0.0,0.0,-0.0016519524617996106,171271.0158282945,-283.39973912920686,2020
2020-08-15 00:00:00+00:00,11760.55,11980.0,11680.0,11852.4,1.0,0.007810865827589497,0.0,0.0,0.007810865827589497,172608.7907530843,1337.7749247897882,2020
2020-08-16 00:00:00+00:00,11852.4,11931.72,11686.0,11911.0,1.0,0.004944146333232036,0.0,0.0,0.004944146333232036,173462.19387296977,853.4031198854791,2020
2020-08-17 00:00:00+00:00,11910.99,12468.0,11769.78,12281.13,1.0,0.031074636890269458,0.0,0.0,0.031074636890269458,178852.46856176184,5390.274688792066,2020
2020-08-18 00:00:00+00:00,12281.15,12387.77,11817.93,11945.01,1.0,-0.02736881703882288,0.0,0.0,-0.02736881703882288,173957.48807275316,-4894.980489008682,2020
2020-08-19 00:00:00+00:00,11945.1,12020.08,11561.0,11754.59,1.0,-0.015941384728853314,0.0,0.0,-0.015941384728853314,171184.3648289205,-2773.1232438326697,2020
2020-08-20 00:00:00+00:00,11754.38,11888.0,11668.0,11853.55,1.0,0.008418838938661244,0.0,0.0,0.008418838938661244,172625.5384252322,1441.1735963117098,2020
2020-08-21 00:00:00+00:00,11853.54,11878.0,11485.81,11531.34,1.0,-0.027182573996819448,0.0,0.0,-0.027182573996819448,167933.1319532475,-4692.406471984694,2020
2020-08-22 00:00:00+00:00,11531.23,11686.0,11376.81,11662.96,1.0,0.01141411145625737,0.0,0.0,0.01141411145625737,169849.93943856025,1916.8074853127473,2020
2020-08-23 00:00:00+00:00,11663.51,11718.07,11514.13,11648.13,1.0,-0.001271546845740712,0.0,0.0,-0.001271546845740712,169633.96728381788,-215.97215474236873,2020
2020-08-24 00:00:00+00:00,11648.12,11824.9,11585.09,11748.2,1.0,0.008591078567976362,0.0,0.0,0.008591078567976362,171091.3060245507,1457.3387407328119,2020
2020-08-25 00:00:00+00:00,11748.19,11767.85,11117.64,11318.42,1.0,-0.03658262542346913,0.0,0.0,-0.03658262542346913,164832.33686304244,-6258.969161508256,2020
2020-08-26 00:00:00+00:00,11318.42,11539.32,11244.0,11461.43,1.0,0.012635155790295949,0.0,0.0,0.012635155790295949,166915.01911858554,2082.682255543099,2020
2020-08-27 00:00:00+00:00,11461.42,11592.2,11125.0,11330.38,1.0,-0.011434000818397072,0.0,0.0,-0.011434000818397072,165006.51265338087,-1908.5064652046713,2020
2020-08-28 00:00:00+00:00,11330.38,11542.65,11276.89,11526.91,1.0,0.017345402360732898,0.0,0.0,0.017345402360732898,167868.6170074951,2862.1043541142426,2020
2020-08-29 00:00:00+00:00,11526.9,11580.02,11417.04,11465.84,1.0,-0.005298037375150777,0.0,0.0,-0.005298037375150777,166979.24280047455,-889.3742070205626,2020
2020-08-30 00:00:00+00:00,11465.84,11719.0,11458.0,11711.16,1.0,0.021395728529266078,0.0,0.0,0.021395728529266078,170551.8853494559,3572.6425489813555,2020
2020-08-31 00:00:00+00:00,11711.17,11800.77,11570.0,11649.51,1.0,-0.005264209523223928,0.0,0.0,-0.005264209523223928,169654.06449039548,-897.820859060419,2020
2020-09-01 00:00:00+00:00,11649.51,12050.85,11515.0,11921.97,1.0,0.023388108169356325,0.0,0.0,0.023388108169356325,173621.95210206782,3967.8876116723404,2020
2020-09-02 00:00:00+00:00,11921.97,11954.57,11160.1,11388.54,1.0,-0.044743444246210906,0.0,0.0,-0.044743444246210906,165853.50796827063,-7768.444133797195,2020
2020-09-03 00:00:00+00:00,11388.54,11462.6,9960.8,10140.85,1.0,-0.1095566244663495,0.0,0.0,-0.1095566244663495,147683.1574793641,-18170.350488906523,2020
2020-09-04 00:00:00+00:00,10138.29,10627.05,9875.5,10446.25,0.5,0.03011581869369917,0.5,0.00075,0.014307909346849584,149796.19470863536,2113.0372292712564,2020
2020-09-05 00:00:00+00:00,10446.25,10565.68,9825.0,10166.69,0.5,-0.02676175661122404,0.0,0.0,-0.01338087830561202,147791.79005659535,-2004.4046520400152,2020
2020-09-06 00:00:00+00:00,10166.69,10347.14,9994.86,10256.2,0.5,0.008804242088624736,0.0,0.0,0.004402121044312368,148442.3874057801,650.5973491847399,2020
2020-09-07 00:00:00+00:00,10255.89,10410.75,9875.0,10373.44,0.5,0.011431134338253823,0.0,0.0,0.005715567169126912,149290.81984174336,848.4324359632737,2020
2020-09-08 00:00:00+00:00,10373.45,10438.0,9850.0,10126.65,0.5,-0.02379056513557709,0.0,0.0,-0.011895282567788545,147514.96335494902,-1775.856486794335,2020
2020-09-09 00:00:00+00:00,10126.66,10343.0,9981.01,10219.2,0.5,0.009139251381256486,0.0,0.0,0.004569625690628243,148189.0515212479,674.0881662988686,2020
2020-09-10 00:00:00+00:00,10219.29,10483.35,10070.83,10336.87,0.5,0.011514599968686312,0.0,0.0,0.005757299984343156,149042.220345251,853.1688240031071,2020
2020-09-11 00:00:00+00:00,10336.86,10397.6,10200.0,10387.89,0.5,0.004935730061420784,0.0,0.0,0.002467865030710392,149410.03642894045,367.8160836894531,2020
2020-09-12 00:00:00+00:00,10387.89,10477.97,10269.25,10440.92,0.5,0.005104982821342974,0.0,0.0,0.002552491410671487,149791.40426359343,381.36783465297776,2020
2020-09-13 00:00:00+00:00,10440.67,10580.11,10200.0,10332.83,0.5,-0.01035253598341912,0.0,0.0,-0.00517626799170956,149016.04381227057,-775.3604513228638,2020
2020-09-14 00:00:00+00:00,10332.84,10750.0,10212.34,10671.77,0.5,0.03280224294796308,0.0,0.0,0.01640112147398154,151460.07404840778,2444.030236137216,2020
2020-09-15 00:00:00+00:00,10671.77,10930.04,10606.48,10785.31,0.5,0.010639284767194113,0.0,0.0,0.005319642383597056,152265.78747773846,805.7134293306735,2020
2020-09-16 00:00:00+00:00,10785.23,11093.0,10661.22,10954.01,0.0,0.015641645905402957,0.5,0.00075,-0.00075,152151.58813713014,-114.1993406083202,2020
2020-09-17 00:00:00+00:00,10954.01,11045.46,10745.83,10939.99,0.0,-0.001279896585816509,0.0,0.0,-0.0,152151.58813713014,0.0,2020
2020-09-18 00:00:00+00:00,10940.0,11038.03,10812.84,10933.39,0.0,-0.0006032912278713942,0.0,0.0,-0.0,152151.58813713014,0.0,2020
2020-09-19 00:00:00+00:00,10933.4,11179.79,10887.37,11080.65,0.0,0.013468832631050365,0.0,0.0,0.0,152151.58813713014,0.0,2020
2020-09-20 00:00:00+00:00,11080.64,11080.64,10723.0,10920.28,0.0,-0.014472977668277487,0.0,0.0,-0.0,152151.58813713014,0.0,2020
2020-09-21 00:00:00+00:00,10920.28,10988.86,10296.35,10417.22,0.0,-0.04606658437329458,0.0,0.0,-0.0,152151.58813713014,0.0,2020
2020-09-22 00:00:00+00:00,10417.22,10572.71,10353.0,10529.61,0.0,0.010788866895390603,0.0,0.0,0.0,152151.58813713014,0.0,2020
2020-09-23 00:00:00+00:00,10529.61,10537.15,10136.82,10241.46,0.0,-0.027365685908595005,0.0,0.0,-0.0,152151.58813713014,0.0,2020
2020-09-24 00:00:00+00:00,10241.46,10795.24,10190.93,10736.32,0.0,0.04831928260228535,0.0,0.0,0.0,152151.58813713014,0.0,2020
2020-09-25 00:00:00+00:00,10736.33,10760.53,10556.24,10686.67,0.0,-0.004624489583022862,0.0,0.0,-0.0,152151.58813713014,0.0,2020
2020-09-26 00:00:00+00:00,10686.57,10820.94,10644.68,10728.6,0.0,0.003923579562202351,0.0,0.0,0.0,152151.58813713014,0.0,2020
2020-09-27 00:00:00+00:00,10728.59,10799.0,10594.82,10774.25,0.0,0.004254982010700292,0.0,0.0,0.0,152151.58813713014,0.0,2020
2020-09-28 00:00:00+00:00,10774.26,10950.0,10626.0,10696.12,0.0,-0.007251548831705201,0.0,0.0,-0.0,152151.58813713014,0.0,2020
2020-09-29 00:00:00+00:00,10696.11,10867.54,10635.87,10840.48,0.0,0.013496482836766965,0.0,0.0,0.0,152151.58813713014,0.0,2020
2020-09-30 00:00:00+00:00,10840.58,10849.34,10665.13,10776.59,0.0,-0.005893650465662037,0.0,0.0,-0.0,152151.58813713014,0.0,2020
2020-10-01 00:00:00+00:00,10776.59,10920.0,10437.0,10619.13,0.0,-0.01461130097739649,0.0,0.0,-0.0,152151.58813713014,0.0,2020
2020-10-02 00:00:00+00:00,10619.13,10664.64,10374.0,10570.4,0.0,-0.004588888166921379,0.0,0.0,-0.0,152151.58813713014,0.0,2020
2020-10-03 00:00:00+00:00,10570.4,10603.56,10496.46,10542.06,0.0,-0.0026810716718383976,0.0,0.0,-0.0,152151.58813713014,0.0,2020
2020-10-04 00:00:00+00:00,10542.07,10696.87,10517.87,10666.63,0.0,0.011816476096702111,0.0,0.0,0.0,152151.58813713014,0.0,2020
2020-10-05 00:00:00+00:00,10666.62,10798.0,10615.64,10792.21,0.0,0.011773165470256197,0.0,0.0,0.0,152151.58813713014,0.0,2020
2020-10-06 00:00:00+00:00,10792.2,10800.0,10525.0,10599.66,0.0,-0.0178415727640584,0.0,0.0,-0.0,152151.58813713014,0.0,2020
2020-10-07 00:00:00+00:00,10599.65,10681.87,10546.17,10666.39,0.0,0.006295484949517149,0.0,0.0,0.0,152151.58813713014,0.0,2020
2020-10-08 00:00:00+00:00,10666.4,10950.0,10530.41,10925.57,0.0,0.024298755248964188,0.0,0.0,0.0,152151.58813713014,0.0,2020
2020-10-09 00:00:00+00:00,10925.44,11104.64,10829.0,11050.64,0.0,0.011447457661247773,0.0,0.0,0.0,152151.58813713014,0.0,2020
2020-10-10 00:00:00+00:00,11050.64,11491.0,11050.51,11293.22,0.0,0.021951669767542814,0.0,0.0,0.0,152151.58813713014,0.0,2020
2020-10-11 00:00:00+00:00,11293.22,11445.0,11221.0,11369.02,1.0,0.006711991796848116,1.0,0.0015,0.005211991796848116,152944.60096637826,793.012829248124,2020
2020-10-12 00:00:00+00:00,11369.02,11720.01,11172.0,11528.25,1.0,0.014005604704715013,0.0,0.0,0.014005604704715013,155086.68258923374,2142.081622855476,2020
2020-10-13 00:00:00+00:00,11528.24,11557.0,11300.0,11420.56,1.0,-0.009341400472751782,0.0,0.0,-0.009341400472751782,153637.9557791772,-1448.7268100565416,2020
2020-10-14 00:00:00+00:00,11420.57,11547.98,11280.0,11417.89,1.0,-0.00023378888600911196,0.0,0.0,-0.00023378888600911196,153602.03693264685,-35.918846530345036,2020
2020-10-15 00:00:00+00:00,11417.89,11617.34,11250.83,11505.12,1.0,0.007639765315658353,0.0,0.0,0.007639765315658353,154775.52044681934,1173.4835141724907,2020
2020-10-16 00:00:00+00:00,11505.13,11541.15,11200.0,11319.32,1.0,-0.01614933177576605,0.0,0.0,-0.01614933177576605,152275.99921635678,-2499.52123046256,2020
2020-10-17 00:00:00+00:00,11319.24,11402.42,11255.0,11360.2,1.0,0.003611524367188146,0.0,0.0,0.003611524367188146,152825.94769806458,549.9484817078046,2020
2020-10-18 00:00:00+00:00,11360.31,11505.0,11346.22,11503.14,1.0,0.012582524955546459,0.0,0.0,0.012582524955546459,154748.88399883054,1922.9363007659558,2020
2020-10-19 00:00:00+00:00,11503.14,11823.99,11407.96,11751.47,1.0,0.021588018575797507,0.0,0.0,0.021588018575797507,158089.60578118122,3340.72178235068,2020
2020-10-20 00:00:00+00:00,11751.46,12038.38,11677.59,11909.99,1.0,0.013489376222719507,0.0,0.0,0.013489376222719507,160222.135950465,2132.5301692837675,2020
2020-10-21 00:00:00+00:00,11910.0,13217.68,11886.95,12780.96,1.0,0.07312936450828245,0.0,0.0,0.07312936450828245,171939.07893268214,11716.942982217151,2020
2020-10-22 00:00:00+00:00,12780.75,13185.0,12678.08,12968.52,1.0,0.014674953994066264,0.0,0.0,0.014674953994066264,174462.27700580138,2523.1980731192452,2020
2020-10-23 00:00:00+00:00,12968.84,13027.69,12720.08,12923.07,1.0,-0.003504640467840603,0.0,0.0,-0.003504640467840603,173850.84944969523,-611.4275561061513,2020
2020-10-24 00:00:00+00:00,12923.06,13166.73,12870.0,13111.73,1.0,0.01459869829692173,0.0,0.0,0.01459869829692173,176388.8455494749,2537.9960997796734,2020
2020-10-25 00:00:00+00:00,13111.73,13350.0,12888.0,13028.83,1.0,-0.006322582908586449,0.0,0.0,-0.006322582908586449,175273.6124493385,-1115.2331001363927,2020
2020-10-26 00:00:00+00:00,13029.64,13238.81,12765.0,13052.19,1.0,0.0017929468724360298,0.0,0.0,0.0017929468724360298,175587.8687246001,314.2562752615777,2020
2020-10-27 00:00:00+00:00,13052.15,13789.29,13019.87,13636.17,1.0,0.04474191687371998,0.0,0.0,0.04474191687371998,183444.0065511098,7856.1378265097155,2020
2020-10-28 00:00:00+00:00,13636.16,13859.48,12888.0,13266.4,1.0,-0.027116851725961233,0.0,0.0,-0.027116851725961233,178469.58262544713,-4974.423925662675,2020
2020-10-29 00:00:00+00:00,13266.4,13642.91,12920.77,13455.7,1.0,0.014269131037809801,0.0,0.0,0.014269131037809801,181016.18848619284,2546.605860745709,2020
2020-10-30 00:00:00+00:00,13455.69,13669.98,13115.0,13560.1,1.0,0.007758793671083675,0.0,0.0,0.007758793671083675,182420.65574378322,1404.4672575903824,2020
2020-10-31 00:00:00+00:00,13560.1,14100.0,13411.5,13791.0,1.0,0.017027898024350785,0.0,0.0,0.017027898024350785,185526.89606732354,3106.240323540318,2020
2020-11-01 00:00:00+00:00,13791.0,13895.0,13603.0,13761.5,1.0,-0.002139076209121904,0.0,0.0,-0.002139076209121904,185130.0398977937,-396.8561695298413,2020
2020-11-02 00:00:00+00:00,13761.49,13830.0,13195.05,13549.37,1.0,-0.015414744032263838,0.0,0.0,-0.015414744032263838,182276.30772008642,-2853.7321777072793,2020
2020-11-03 00:00:00+00:00,13549.63,14066.11,13284.99,14023.53,1.0,0.034994985006682855,0.0,0.0,0.034994985006682855,188655.06437582435,6378.756655737932,2020
2020-11-04 00:00:00+00:00,14023.53,14259.0,13525.0,14144.01,1.0,0.008591274807412841,0.0,0.0,0.008591274807412841,190275.85187768724,1620.7875018628838,2020
2020-11-05 00:00:00+00:00,14144.01,15750.0,14093.56,15590.02,1.0,0.1022347976281126,0.0,0.0,0.1022347976281126,209728.66508791933,19452.813210232096,2020
2020-11-06 00:00:00+00:00,15590.02,15960.0,15166.0,15579.92,1.0,-0.0006478503555480408,0.0,0.0,-0.0006478503555480408,209592.79229767353,-135.87279024580494,2020
2020-11-07 00:00:00+00:00,15579.93,15753.52,14344.22,14818.3,1.0,-0.048884718278399464,0.0,0.0,-0.048884718278399464,199346.90769301867,-10245.884604654857,2020
2020-11-08 00:00:00+00:00,14818.3,15650.0,14703.88,15475.1,1.0,0.04432357287948019,0.0,0.0,0.04432357287948019,208182.67488444917,8835.767191430496,2020
2020-11-09 00:00:00+00:00,15475.1,15840.0,14805.54,15328.41,1.0,-0.009479098681107079,0.0,0.0,-0.009479098681107079,206209.29076552263,-1973.3841189265368,2020
2020-11-10 00:00:00+00:00,15328.41,15460.0,15072.46,15297.21,1.0,-0.002035436160697679,0.0,0.0,-0.002035436160697679,205789.56491842665,-419.7258470959787,2020
2020-11-11 00:00:00+00:00,15297.21,15965.0,15272.68,15684.24,1.0,0.025300692086988485,0.0,0.0,0.025300692086988485,210996.1833351431,5206.618416716461,2020
2020-11-12 00:00:00+00:00,15684.25,16340.7,15440.64,16291.86,1.0,0.03874079968171884,0.0,0.0,0.03874079968171884,219170.34420733713,8174.160872194014,2020
2020-11-13 00:00:00+00:00,16291.85,16480.0,15952.35,16320.7,1.0,0.0017702091719422608,0.0,0.0,0.0017702091719422608,219558.32156087068,387.9773535335553,2020
2020-11-14 00:00:00+00:00,16320.04,16326.99,15670.0,16070.45,1.0,-0.015333288400620093,0.0,0.0,-0.015333288400620093,216191.77049562178,-3366.551065248903,2020
2020-11-15 00:00:00+00:00,16069.56,16180.0,15774.72,15957.0,1.0,-0.007059540958716193,0.0,0.0,-0.007059540958716193,214665.55583687054,-1526.2146587512398,2020
2020-11-16 00:00:00+00:00,15957.0,16880.0,15864.0,16713.57,1.0,0.04741304756533182,0.0,0.0,0.04741304756533182,224843.50404640246,10177.948209531925,2020
2020-11-17 00:00:00+00:00,16713.08,17858.82,16538.0,17659.38,1.0,0.05658934626175016,0.0,0.0,0.05658934626175016,237567.25095158955,12723.746905187087,2020
2020-11-18 00:00:00+00:00,17659.38,18476.93,17214.45,17776.12,1.0,0.006610651110061427,0.0,0.0,0.006610651110061427,239137.72516280695,1570.474211217399,2020
2020-11-19 00:00:00+00:00,17777.75,18179.8,17335.65,17802.82,1.0,0.0015020150629045936,0.0,0.0,0.0015020150629045936,239496.9136281102,359.18846530324663,2020
2020-11-20 00:00:00+00:00,17802.81,18815.22,17740.04,18655.67,1.0,0.04790533185192003,0.0,0.0,0.04790533185192003,250970.09275297544,11473.179124865244,2020
2020-11-21 00:00:00+00:00,18655.66,18965.9,18308.58,18703.8,1.0,0.0025799127021437496,0.0,0.0,0.0025799127021437496,251617.57368312703,647.4809301515925,2020
2020-11-22 00:00:00+00:00,18703.8,18750.0,17610.86,18414.43,1.0,-0.015471187673093079,0.0,0.0,-0.015471187673093079,247724.75097882704,-3892.8227042999933,2020
2020-11-23 00:00:00+00:00,18413.88,18766.0,18000.0,18368.0,1.0,-0.0025213921907981662,0.0,0.0,-0.0025213921907981662,247100.1397262416,-624.611252585426,2020
2020-11-24 00:00:00+00:00,18368.01,19418.97,18018.0,19160.01,1.0,0.043119011324041834,0.0,0.0,0.043119011324041834,257754.85344926975,10654.713723028137,2020
2020-11-25 00:00:00+00:00,19160.0,19484.21,18500.27,18719.11,1.0,-0.023011470244535204,0.0,0.0,-0.023011470244535204,251823.53530873734,-5931.318140532414,2020
2020-11-26 00:00:00+00:00,18718.83,18915.03,16188.0,17149.47,1.0,-0.08385227716488652,0.0,0.0,-0.08385227716488652,230707.55842938749,-21115.97687934985,2020
2020-11-27 00:00:00+00:00,17149.47,17457.62,16438.08,17139.52,1.0,-0.000580192857272066,0.0,0.0,-0.000580192857272066,230573.70355186806,-133.85487751942128,2020
2020-11-28 00:00:00+00:00,17139.53,17880.49,16865.56,17719.85,1.0,0.033859174585985974,0.0,0.0,0.033859174585985974,238380.73883536813,7807.035283500067,2020
2020-11-29 00:00:00+00:00,17719.84,18360.05,17517.0,18184.99,1.0,0.02624965786956457,0.0,0.0,0.02624965786956457,244638.15167249058,6257.412837122451,2020
2020-11-30 00:00:00+00:00,18185.0,19863.16,18184.99,19695.87,1.0,0.08308390601259585,0.0,0.0,0.08308390601259585,264963.64487314294,20325.49320065236,2020
2020-12-01 00:00:00+00:00,19695.87,19888.0,18001.12,18764.96,1.0,-0.047264223413334916,0.0,0.0,-0.047264223413334916,252440.3439654472,-12523.300907695753,2020
2020-12-02 00:00:00+00:00,18764.96,19342.0,18330.0,19204.09,1.0,0.023401595313818913,0.0,0.0,0.023401595313818913,258347.85073580782,5907.506770360633,2020
2020-12-03 00:00:00+00:00,19204.08,19598.0,18867.2,19421.9,1.0,0.011341854781976135,0.0,0.0,0.011341854781976135,261277.99454208897,2930.1438062811503,2020
2020-12-04 00:00:00+00:00,19422.34,19527.0,18565.31,18650.52,1.0,-0.03971702047688441,0.0,0.0,-0.03971702047688441,250900.81108270152,-10377.183459387452,2020
2020-12-05 00:00:00+00:00,18650.51,19177.0,18500.0,19147.66,1.0,0.026655557056854073,0.0,0.0,0.026655557056854073,257588.71196812743,6687.9008854259155,2020
2020-12-06 00:00:00+00:00,19147.66,19420.0,18857.0,19359.4,1.0,0.011058270305614348,0.0,0.0,0.011058270305614348,260437.19757274605,2848.485604618618,2020
2020-12-07 00:00:00+00:00,19358.67,19420.91,18902.88,19166.9,1.0,-0.009943489984193699,0.0,0.0,-0.009943489984193699,257847.54290717,-2589.6546655760612,2020
2020-12-08 00:00:00+00:00,19166.9,19294.84,18200.0,18324.11,1.0,-0.04397111687335986,0.0,0.0,-0.04397111687335986,246509.69846249017,-11337.844444679824,2020
2020-12-09 00:00:00+00:00,18324.11,18639.57,17650.0,18541.28,1.0,0.01185159879524833,0.0,0.0,0.01185159879524833,249431.23250780522,2921.5340453150566,2020
2020-12-10 00:00:00+00:00,18541.29,18557.32,17911.12,18254.63,1.0,-0.015460097684733665,0.0,0.0,-0.015460097684733665,245575.00128761106,-3856.2312201941677,2020
2020-12-11 00:00:00+00:00,18254.81,18292.73,17572.33,18036.53,1.0,-0.011947653828097482,0.0,0.0,-0.011947653828097482,242640.9561833921,-2934.045104218967,2020
2020-12-12 00:00:00+00:00,18036.53,18948.66,18020.7,18808.69,1.0,0.04281089544385752,0.0,0.0,0.04281089544385752,253028.63278895692,10387.676605564833,2020
2020-12-13 00:00:00+00:00,18808.69,19411.0,18711.12,19174.99,1.0,0.019475040526480303,0.0,0.0,0.019475040526480303,257956.37566688177,4927.742877924844,2020
2020-12-14 00:00:00+00:00,19174.99,19349.0,19000.0,19273.14,1.0,0.005118646737234167,0.0,0.0,0.005118646737234167,259276.7632275378,1320.3875606560323,2020
2020-12-15 00:00:00+00:00,19273.69,19570.0,19050.0,19426.43,1.0,0.007953556088940328,0.0,0.0,0.007953556088940328,261338.93550642693,2062.1722788891348,2020
2020-12-16 00:00:00+00:00,19426.43,21560.0,19278.6,21335.52,1.0,0.098272816981813,0.0,0.0,0.098272816981813,287021.44888567185,25682.51337924492,2020
2020-12-17 00:00:00+00:00,21335.52,23800.0,21230.0,22797.16,1.0,0.06850735299631783,0.0,0.0,0.06850735299631783,306684.5286019971,19663.079716325272,2020
2020-12-18 00:00:00+00:00,22797.15,23285.18,22350.0,23107.39,1.0,0.013608274013078736,0.0,0.0,0.013608274013078736,310857.975702785,4173.447100787889,2020
2020-12-19 00:00:00+00:00,23107.39,24171.47,22750.0,23821.61,1.0,0.030908726602182357,0.0,0.0,0.030908726602182357,320466.1998858902,9608.224183105165,2020
2020-12-20 00:00:00+00:00,23821.6,24295.0,23060.0,23455.52,1.0,-0.015367978906547508,0.0,0.0,-0.015367978906547508,315541.2820857824,-4924.917800107796,2020
2020-12-21 00:00:00+00:00,23455.54,24102.77,21815.0,22719.71,1.0,-0.03137044073207507,0.0,0.0,-0.03137044073207507,305642.61299758736,-9898.66908819502,2020
2020-12-22 00:00:00+00:00,22719.88,23837.1,22353.4,23810.79,1.0,0.04802350029995983,0.0,0.0,0.04802350029995983,320320.6411145575,14678.028116970148,2020
2020-12-23 00:00:00+00:00,23810.79,24100.0,22600.0,23232.76,1.0,-0.024275969003968445,0.0,0.0,-0.024275969003968445,312544.54715952923,-7776.093955028278,2020
2020-12-24 00:00:00+00:00,23232.39,23794.43,22703.42,23729.2,1.0,0.021368102627496777,0.0,0.0,0.021368102627496777,319223.03111889854,6678.483959369303,2020
2020-12-25 00:00:00+00:00,23728.99,24789.86,23433.6,24712.47,1.0,0.04143713230955948,0.0,0.0,0.04143713230955948,332450.71809563093,13227.686976732395,2020
2020-12-26 00:00:00+00:00,24712.47,26867.03,24500.0,26493.39,1.0,0.07206564135434457,0.0,0.0,0.07206564135434457,356408.99231390504,23958.274218274106,2020
2020-12-27 00:00:00+00:00,26493.4,28422.0,25700.0,26281.66,1.0,-0.007991804748278653,0.0,0.0,-0.007991804748278653,353560.6412368015,-2848.3510771035217,2020
2020-12-28 00:00:00+00:00,26281.54,27500.0,26101.0,27079.41,1.0,0.03035386653658856,0.0,0.0,0.03035386653658856,364292.57375349407,10731.932516692556,2020
2020-12-29 00:00:00+00:00,27079.42,27410.0,25880.0,27385.0,1.0,0.011284957833276321,0.0,0.0,0.011284957833276321,368403.60008727794,4111.02633378387,2020
2020-12-30 00:00:00+00:00,27385.0,28996.0,27320.0,28875.54,1.0,0.05442906700748584,0.0,0.0,0.05442906700748584,388455.4643222274,20051.864234949462,2020
2020-12-31 00:00:00+00:00,28875.55,29300.0,27850.0,28923.63,1.0,0.0016654233998740775,0.0,0.0,0.0016654233998740775,389102.4071423186,646.942820091208,2020
2021-01-01 00:00:00+00:00,28923.63,29600.0,28624.57,29331.69,1.0,0.014108187665241134,0.0,0.0,0.014108187665241134,394591.9369232795,5489.529780960875,2021
2021-01-02 00:00:00+00:00,29331.7,33300.0,28946.53,32178.33,1.0,0.09704998245924479,0.0,0.0,0.09704998245924479,432887.0774802432,38295.14055696374,2021
2021-01-03 00:00:00+00:00,32176.45,34778.11,31962.99,33000.05,1.0,0.025536440206810118,0.0,0.0,0.025536440206810118,443941.4724506182,11054.394970374997,2021
2021-01-04 00:00:00+00:00,33000.05,33600.0,28130.0,31988.71,1.0,-0.03064662023239373,0.0,0.0,-0.03064662023239373,430336.16673901444,-13605.305711603782,2021
2021-01-05 00:00:00+00:00,31989.75,34360.0,29900.0,33949.53,1.0,0.061297251436522426,0.0,0.0,0.061297251436522426,456714.59095384507,26378.424214830622,2021
2021-01-06 00:00:00+00:00,33949.53,36939.21,33288.0,36769.36,1.0,0.08305947092640165,0.0,0.0,0.08305947092640165,494649.0632428394,37934.47228899435,2021
2021-01-07 00:00:00+00:00,36769.36,40365.0,36300.0,39432.28,1.0,0.0724222559217782,0.0,0.0,0.0724222559217782,530472.6642924802,35823.6010496408,2021
2021-01-08 00:00:00+00:00,39432.48,41950.0,36500.0,40582.81,1.0,0.029177364331963496,0.0,0.0,0.029177364331963496,545950.4584866893,15477.79419420904,2021
2021-01-09 00:00:00+00:00,40586.96,41380.0,38720.0,40088.22,1.0,-0.012187179744330034,0.0,0.0,-0.012187179744330034,539296.8621176126,-6653.596369076637,2021
2021-01-10 00:00:00+00:00,40088.22,41350.0,35111.11,38150.02,1.0,-0.04834836767509265,0.0,0.0,-0.04834836767509265,513222.7391419265,-26074.1229756861,2021
2021-01-11 00:00:00+00:00,38150.02,38264.74,30420.0,35404.47,1.0,-0.07196719687171849,0.0,0.0,-0.07196719687171849,476287.5372350569,-36935.201906869595,2021
2021-01-12 00:00:00+00:00,35410.37,36628.0,32531.0,34051.24,1.0,-0.03822200981966406,0.0,0.0,-0.03822200981966406,458082.87030987494,-18204.666925181984,2021
2021-01-13 00:00:00+00:00,34049.15,37850.0,32380.0,37371.38,1.0,0.09750423185763579,0.0,0.0,0.09750423185763579,502747.88870658027,44665.01839670533,2021
2021-01-14 00:00:00+00:00,37371.38,40100.0,36701.23,39144.5,1.0,0.04744593322483692,0.0,0.0,0.04744593322483692,526601.2314630804,23853.34275650012,2021
2021-01-15 00:00:00+00:00,39145.21,39747.76,34408.0,36742.22,1.0,-0.06136954105940806,0.0,0.0,-0.06136954105940806,494283.955566872,-32317.27589620836,2021
2021-01-16 00:00:00+00:00,36737.43,37950.0,35357.8,35994.98,1.0,-0.020337366658846334,0.0,0.0,-0.020337366658846334,484231.52152892365,-10052.434037948376,2021
2021-01-17 00:00:00+00:00,35994.98,36852.5,33850.0,35828.61,1.0,-0.004622033405769388,0.0,0.0,-0.004622033405769388,481993.38726029044,-2238.1342686332064,2021
2021-01-18 00:00:00+00:00,35824.99,37469.83,34800.0,36631.27,1.0,0.02240276695076915,0.0,0.0,0.02240276695076915,492791.37278689456,10797.985526604112,2021
2021-01-19 00:00:00+00:00,36622.46,37850.0,35844.06,35891.49,1.0,-0.02019531400358221,0.0,0.0,-0.02019531400358221,482839.2962752069,-9952.076511687657,2021
2021-01-20 00:00:00+00:00,35901.94,36415.31,33400.0,35468.23,1.0,-0.011792767589197228,0.0,0.0,-0.011792767589197228,477145.2846713019,-5694.011603905004,2021
2021-01-21 00:00:00+00:00,35468.23,35600.0,30071.0,30850.13,1.0,-0.13020384721763678,0.0,0.0,-0.13020384721763678,415019.13292534393,-62126.15174595796,2021
2021-01-22 00:00:00+00:00,30851.99,33826.53,28850.0,32945.17,1.0,0.06791024867642359,0.0,0.0,0.06791024867642359,443203.1854477777,28184.052522433747,2021
2021-01-23 00:00:00+00:00,32950.0,33456.0,31390.16,32078.0,1.0,-0.026321612545936124,0.0,0.0,-0.026321612545936124,431537.3629212966,-11665.82252648106,2021
2021-01-24 00:00:00+00:00,32078.0,33071.0,30900.0,32259.9,1.0,0.005670553026996705,0.0,0.0,0.005670553026996705,433984.4184208721,2447.0554995755083,2021
2021-01-25 00:00:00+00:00,32259.45,34875.0,31910.0,32254.2,1.0,-0.00017668994634212343,0.0,0.0,-0.00017668994634212343,433907.73773726803,-76.68068360409234,2021
2021-01-26 00:00:00+00:00,32254.19,32921.88,30837.37,32467.77,1.0,0.0066214632512975324,0.0,0.0,0.0066214632512975324,436780.84187714895,2873.1041398809175,2021
2021-01-27 00:00:00+00:00,32464.01,32557.29,29241.72,30366.15,1.0,-0.06472942243954538,0.0,0.0,-0.06472942243954538,408508.2702497827,-28272.57162736624,2021
2021-01-28 00:00:00+00:00,30362.19,33783.98,29842.1,33364.86,1.0,0.09875173507342883,0.0,0.0,0.09875173507342883,448849.1707287939,40340.90047901118,2021
2021-01-29 00:00:00+00:00,33368.18,38531.9,31915.4,34252.2,1.0,0.0265950464051099,0.0,0.0,0.0265950464051099,460786.33525322133,11937.16452442744,2021
2021-01-30 00:00:00+00:00,34246.28,34933.0,32825.0,34262.88,1.0,0.00031180478918146903,0.0,0.0,0.00031180478918146903,460930.01063934265,143.67538612132194,2021
2021-01-31 00:00:00+00:00,34262.89,34342.69,32171.67,33092.98,1.0,-0.03414482378597461,0.0,0.0,-0.03414482378597461,445191.63664839487,-15738.373990947788,2021
2021-02-01 00:00:00+00:00,33092.97,34717.27,32296.16,33526.37,1.0,0.013096130961913977,0.0,0.0,0.013096130961913977,451021.9246250911,5830.287976696214,2021
2021-02-02 00:00:00+00:00,33517.09,35984.33,33418.0,35466.24,1.0,0.057861021041049066,0.0,0.0,0.057861021041049066,477118.51369579794,26096.58907070686,2021
2021-02-03 00:00:00+00:00,35472.71,37662.63,35362.38,37618.87,1.0,0.06069518505485805,0.0,0.0,0.06069518505485805,506077.31017766317,28958.796481865225,2021
2021-02-04 00:00:00+00:00,37620.26,38708.27,36161.95,36936.66,1.0,-0.018134781826248392,0.0,0.0,-0.018134781826248392,496899.70857037656,-9177.601607286604,2021
2021-02-05 00:00:00+00:00,36936.65,38310.12,36570.0,38290.24,1.0,0.03664597719447271,0.0,0.0,0.03664597719447271,515109.08395858674,18209.375388210174,2021
2021-02-06 00:00:00+00:00,38289.32,40955.51,38215.94,39186.94,1.0,0.023418500380253615,0.0,0.0,0.023418500380253615,527172.166237143,12063.082278556249,2021
2021-02-07 00:00:00+00:00,39181.01,39700.0,37351.0,38795.69,1.0,-0.009984193713517775,0.0,0.0,-0.009984193713517775,521908.7772090566,-5263.389028086385,2021
2021-02-08 00:00:00+00:00,38795.69,46794.45,37988.89,46374.87,1.0,0.1953613919484356,0.0,0.0,0.1953613919484356,623869.6023947238,101960.8251856672,2021
2021-02-09 00:00:00+00:00,46374.86,48142.19,44961.09,46420.42,1.0,0.0009822129959609072,0.0,0.0,0.0009822129959609072,624482.3752259809,612.7728312570835,2021
2021-02-10 00:00:00+00:00,46420.42,47310.0,43727.0,44807.58,1.0,-0.03474419231881132,0.0,0.0,-0.03474419231881132,602785.2394814213,-21697.13574455958,2021
2021-02-11 00:00:00+00:00,44807.58,48678.9,43994.02,47969.51,1.0,0.07056685498301851,0.0,0.0,0.07056685498301851,645321.8980618108,42536.658580389456,2021
2021-02-12 00:00:00+00:00,47968.66,48985.8,46125.0,47287.6,1.0,-0.014215488129855847,0.0,0.0,-0.014215488129855847,636148.332279977,-9173.56578183372,2021
2021-02-13 00:00:00+00:00,47298.15,48150.0,46202.53,47153.69,1.0,-0.0028318206041328953,0.0,0.0,-0.0028318206041328953,634346.8743253419,-1801.4579546351451,2021
2021-02-14 00:00:00+00:00,47156.78,49707.43,47014.17,48577.79,1.0,0.03020124193885998,0.0,0.0,0.03020124193885998,653504.9377500011,19158.063424659194,2021
2021-02-15 00:00:00+00:00,48580.47,49010.92,45570.79,47911.1,1.0,-0.013724173125208128,0.0,0.0,-0.013724173125208128,644536.1228461417,-8968.814903859398,2021
2021-02-16 00:00:00+00:00,47911.1,50689.18,47003.62,49133.45,1.0,0.025512876974229215,0.0,0.0,0.025512876974229215,660980.093653762,16443.970807620324,2021
2021-02-17 00:00:00+00:00,49133.45,52618.74,48947.0,52119.71,1.0,0.060778553103842725,0.0,0.0,0.060778553103842725,701153.50737648,40173.41372271802,2021
2021-02-18 00:00:00+00:00,52117.67,52530.0,50901.9,51552.6,1.0,-0.01088091242257494,0.0,0.0,-0.01088091242257494,693524.3174679354,-7629.189908544649,2021
2021-02-19 00:00:00+00:00,51552.61,56368.0,50710.2,55906.0,1.0,0.08444578934913083,0.0,0.0,0.08444578934913083,752089.5258893323,58565.20842139691,2021
2021-02-20 00:00:00+00:00,55906.0,57700.46,53863.93,55841.19,1.0,-0.0011592673416090937,0.0,0.0,-0.0011592673416090937,751217.6530640025,-871.8728253297741,2021
2021-02-21 00:00:00+00:00,55841.19,58352.8,55477.59,57408.57,1.0,0.02806852790923675,0.0,0.0,0.02806852790923675,772303.2267249408,21085.573660938302,2021
2021-02-22 00:00:00+00:00,57412.35,57508.47,47622.0,54087.67,1.0,-0.05784676399359889,0.0,0.0,-0.05784676399359889,727627.9842370884,-44675.24248785246,2021
2021-02-23 00:00:00+00:00,54087.67,54183.59,44892.56,48891.0,1.0,-0.09607864417158285,0.0,0.0,-0.09607864417158285,657718.4740502869,-69909.51018680143,2021
2021-02-24 00:00:00+00:00,48891.0,51374.99,46988.69,49676.2,1.0,0.016060215581599868,0.0,0.0,0.016060215581599868,668281.5745355355,10563.100485248608,2021
2021-02-25 00:00:00+00:00,49676.21,52041.73,46674.34,47073.73,1.0,-0.05238866902057715,0.0,0.0,-0.05238866902057715,633271.1923146432,-35010.38222089235,2021
2021-02-26 00:00:00+00:00,47073.73,48424.11,44106.78,46276.87,1.0,-0.016927912871998907,0.0,0.0,-0.016927912871998907,622551.2327467941,-10719.959567849059,2021
2021-02-27 00:00:00+00:00,46276.88,48394.0,45000.0,46106.43,1.0,-0.0036830494370082567,0.0,0.0,-0.0036830494370082567,620258.3457795172,-2292.8869672769215,2021
2021-02-28 00:00:00+00:00,46103.67,46638.46,43000.0,45135.66,1.0,-0.021054980834560366,0.0,0.0,-0.021054980834560366,607198.8181966534,-13059.527582863811,2021
2021-03-01 00:00:00+00:00,45134.11,49790.0,44950.53,49587.03,1.0,0.09862202081458427,0.0,0.0,0.09862202081458427,667081.9926834347,59883.174486781354,2021
2021-03-02 00:00:00+00:00,49595.76,50200.0,47047.6,48440.65,1.0,-0.02311854531315949,0.0,0.0,-0.02311854531315949,651660.02740799,-15421.965275444789,2021
2021-03-03 00:00:00+00:00,48436.61,52640.0,48100.71,50349.37,1.0,0.03940326977445596,0.0,0.0,0.03940326977445596,677337.5632691764,25677.53586118645,2021
2021-03-04 00:00:00+00:00,50349.37,51773.88,47500.0,48374.09,1.0,-0.0392314739985824,0.0,0.0,-0.0392314739985824,650764.6122675185,-26572.95100165787,2021
2021-03-05 00:00:00+00:00,48374.09,49448.93,46300.0,48751.71,1.0,0.007806245037374371,0.0,0.0,0.007806245037374371,655844.6402925306,5080.028025012114,2021
2021-03-06 00:00:00+00:00,48746.81,49200.0,47070.0,48882.2,1.0,0.0026766240609816805,0.0,0.0,0.0026766240609816805,657600.0898370035,1755.4495444728527,2021
2021-03-07 00:00:00+00:00,48882.2,51450.03,48882.2,50971.75,1.0,0.04274664397265271,0.0,0.0,0.04274664397265271,685710.2867536503,28110.19691664679,2021
2021-03-08 00:00:00+00:00,50959.11,52402.78,49274.67,52375.17,1.0,0.027533290499148988,0.0,0.0,0.027533290499148988,704590.1472770934,18879.860523443087,2021
2021-03-09 00:00:00+00:00,52375.18,54895.0,51789.41,54884.5,1.0,0.04791067981259056,0.0,0.0,0.04791067981259056,738347.5402223922,33757.39294529881,2021
2021-03-10 00:00:00+00:00,54874.67,57387.69,53005.0,55851.59,1.0,0.017620457506217546,0.0,0.0,0.017620457506217546,751357.561679701,13010.021457308787,2021
2021-03-11 00:00:00+00:00,55851.59,58150.0,54272.82,57773.16,1.0,0.034404929206133694,0.0,0.0,0.034404929206133694,777207.9653977844,25850.4037180834,2021
2021-03-12 00:00:00+00:00,57773.15,58081.51,54962.84,57221.72,1.0,-0.009544916705265916,0.0,0.0,-0.009544916705265916,769789.5801053933,-7418.38529239106,2021
2021-03-13 00:00:00+00:00,57221.72,61844.0,56078.23,61188.39,1.0,0.06932105501197783,0.0,0.0,0.06932105501197783,823152.2059355265,53362.62583013321,2021
2021-03-14 00:00:00+00:00,61188.38,61724.79,58966.78,58968.31,1.0,-0.03628270003508838,0.0,0.0,-0.03628270003508838,793286.0213643465,-29866.184571180027,2021
2021-03-15 00:00:00+00:00,58976.08,60633.43,54600.0,55605.2,1.0,-0.05703249762457163,0.0,0.0,-0.05703249762457163,748042.9382352786,-45243.083129067905,2021
2021-03-16 00:00:00+00:00,55605.2,56938.29,53271.34,56900.75,1.0,0.023299079942163736,0.0,0.0,0.023299079942163736,765471.6504533935,17428.712218114873,2021
2021-03-17 00:00:00+00:00,56900.74,58974.73,54123.69,58912.97,1.0,0.03536368149804714,0.0,0.0,0.03536368149804714,792541.5460958118,27069.895642418298,2021
2021-03-18 00:00:00+00:00,58912.97,60129.97,57023.0,57648.16,1.0,-0.021469126407987926,0.0,0.0,-0.021469126407987926,775526.3714590985,-17015.17463671323,2021
2021-03-19 00:00:00+00:00,57641.0,59468.0,56270.74,58030.01,1.0,0.0066238020432916045,0.0,0.0,0.0066238020432916045,780663.3046229959,5136.933163897367,2021
2021-03-20 00:00:00+00:00,58030.01,59880.0,57820.17,58102.28,1.0,0.0012453901007425383,0.0,0.0,0.0012453901007425383,781635.5349745863,972.230351590435,2021
2021-03-21 00:00:00+00:00,58100.02,58589.1,55450.11,57351.56,1.0,-0.012920663354346829,0.0,0.0,-0.012920663354346829,771536.2853613849,-10099.249613201478,2021
2021-03-22 00:00:00+00:00,57351.56,58430.73,53650.0,54083.25,1.0,-0.05698729031956584,0.0,0.0,-0.05698729031956584,727568.5230754162,-43967.76228596864,2021
2021-03-23 00:00:00+00:00,54083.25,55830.9,53000.0,54340.89,1.0,0.004763766970365069,0.0,0.0,0.004763766970365069,731034.4899743203,3465.9668989040656,2021
2021-03-24 00:00:00+00:00,54342.8,57200.0,51700.0,52303.65,1.0,-0.03749000062383956,0.0,0.0,-0.03749000062383956,703628.0064891347,-27406.48348518554,2021
2021-03-25 00:00:00+00:00,52303.66,53287.0,50427.56,51293.78,1.0,-0.019307830333064713,0.0,0.0,-0.019307830333064713,690042.47632225,-13585.530166884768,2021
2021-03-26 00:00:00+00:00,51293.78,55073.46,51214.6,55025.59,1.0,0.07275365551144786,0.0,0.0,0.07275365551144786,740245.5889328653,50203.112610615324,2021
2021-03-27 00:00:00+00:00,55025.59,56700.36,53950.0,55817.14,1.0,0.014385125175395697,0.0,0.0,0.014385125175395697,750894.1143901991,10648.525457333773,2021
2021-03-28 00:00:00+00:00,55817.14,56559.75,54691.84,55777.63,1.0,-0.0007078470878300047,0.0,0.0,-0.0007078470878300047,750362.5961780592,-531.5182121398393,2021
2021-03-29 00:00:00+00:00,55777.65,58405.82,54800.01,57635.47,1.0,0.03330797669244823,0.0,0.0,0.03330797669244823,775355.656042443,24993.059864383773,2021
2021-03-30 00:00:00+00:00,57635.46,59368.0,57071.35,58746.57,1.0,0.01927805915350378,0.0,0.0,0.01927805915350378,790303.008244633,14947.35220218997,2021
2021-03-31 00:00:00+00:00,58746.57,59800.0,56769.0,58740.55,1.0,-0.00010247406784769097,0.0,0.0,-0.00010247406784769097,790222.0226805458,-80.98556408716831,2021
2021-04-01 00:00:00+00:00,58739.46,59490.0,57935.45,58720.44,1.0,-0.00034235294017503914,0.0,0.0,-0.00034235294017503914,789951.4878476901,-270.53483285568655,2021
2021-04-02 00:00:00+00:00,58720.45,60200.0,58428.57,58950.01,1.0,0.0039095415497567565,0.0,0.0,0.0039095415497567565,793039.8360117228,3088.348164032679,2021
2021-04-03 00:00:00+00:00,58950.01,59791.72,56880.0,57051.94,1.0,-0.03219795891468047,0.0,0.0,-0.03219795891468047,767505.5719541124,-25534.264057610417,2021
2021-04-04 00:00:00+00:00,57051.95,58492.85,56388.0,58202.01,1.0,0.020158297859809826,0.0,0.0,0.020158297859809826,782977.1778826271,15471.605928514735,2021
2021-04-05 00:00:00+00:00,58202.01,59272.0,56777.77,59129.99,1.0,0.015944122891975665,0.0,0.0,0.015944122891975665,795461.0622284,12483.884345772909,2021
2021-04-06 00:00:00+00:00,59129.99,59495.24,57413.02,57991.15,1.0,-0.019259938992041037,0.0,0.0,-0.019259938992041037,780140.5306993368,-15320.531529063242,2021
2021-04-07 00:00:00+00:00,57990.03,58655.0,55473.0,55953.45,1.0,-0.03513812021317053,0.0,0.0,-0.03513812021317053,752727.8589484568,-27412.671750879963,2021
2021-04-08 00:00:00+00:00,55953.44,58153.31,55700.0,58077.52,1.0,0.03796137682305556,0.0,0.0,0.03796137682305556,781302.444847211,28574.585898754187,2021
2021-04-09 00:00:00+00:00,58077.52,58894.9,57654.0,58142.54,1.0,0.0011195381620978662,0.0,0.0,0.0011195381620978662,782177.1427503579,874.6979031468509,2021
2021-04-10 00:00:00+00:00,58142.55,61500.0,57900.01,59769.13,1.0,0.0279759019815784,0.0,0.0,0.0279759019815784,804059.2538281729,21882.11107781506,2021
2021-04-11 00:00:00+00:00,59769.13,60699.0,59232.52,60002.43,1.0,0.0039033527842884386,0.0,0.0,0.0039033527842884386,807197.7807553359,3138.5269271630095,2021
2021-04-12 00:00:00+00:00,59998.8,61300.0,59350.59,59860.0,1.0,-0.002373737196976866,0.0,0.0,-0.002373737196976866,805281.7053578398,-1916.0753974961117,2021
2021-04-13 00:00:00+00:00,59860.01,63777.77,59805.15,63575.0,1.0,0.062061476779151414,0.0,0.0,0.062061476779151414,855258.6772155807,49976.97185774089,2021
2021-04-14 00:00:00+00:00,63575.01,64854.0,61301.0,62959.53,1.0,-0.009681006685017701,0.0,0.0,-0.009681006685017701,846978.9122440373,-8279.764971543453,2021
2021-04-15 00:00:00+00:00,62959.53,63800.0,62020.0,63159.98,1.0,0.003183791238594136,0.0,0.0,0.003183791238594136,849675.5162841139,2696.604040076607,2021
2021-04-16 00:00:00+00:00,63158.74,63520.61,60000.0,61334.8,1.0,-0.028897729226640023,0.0,0.0,-0.028897729226640023,825121.82328403,-24553.693000083906,2021
2021-04-17 00:00:00+00:00,61334.81,62506.05,59580.91,60006.66,1.0,-0.021653938710161302,0.0,0.0,-0.021653938710161302,807254.6858942211,-17867.137389808893,2021
2021-04-18 00:00:00+00:00,60006.67,60499.0,50931.3,56150.01,1.0,-0.06427036598937519,0.0,0.0,-0.06427036598937519,755372.1317851613,-51882.55410905974,2021
2021-04-19 00:00:00+00:00,56150.01,57526.81,54221.58,55633.14,1.0,-0.009205163097922964,0.0,0.0,-0.009205163097922964,748418.8081124532,-6953.323672708124,2021
2021-04-20 00:00:00+00:00,55633.14,57076.24,53329.96,56425.0,1.0,0.01423360248945138,0.0,0.0,0.01423360248945138,759071.5039227549,10652.695810301695,2021
2021-04-21 00:00:00+00:00,56425.0,56757.91,53536.02,53787.63,1.0,-0.0467411608329642,0.0,0.0,-0.0467411608329642,723591.6206741814,-35479.88324857352,2021
2021-04-22 00:00:00+00:00,53787.62,55521.48,50500.0,51690.96,1.0,-0.03898052396062068,0.0,0.0,-0.03898052396062068,695385.6401667871,-28205.9805073943,2021
2021-04-23 00:00:00+00:00,51690.95,52131.85,47500.0,51125.14,1.0,-0.010946208002327706,0.0,0.0,-0.010946208002327706,687773.8043076895,-7611.83585909754,2021
2021-04-24 00:00:00+00:00,51110.56,51166.22,48657.14,50047.84,1.0,-0.021071824937789918,0.0,0.0,-0.021071824937789918,673281.1551065202,-14492.649201169377,2021
2021-04-25 00:00:00+00:00,50047.84,50567.91,46930.0,49066.77,1.0,-0.019602644190038987,0.0,0.0,-0.019602644190038987,660083.0641831085,-13198.090923411655,2021
2021-04-26 00:00:00+00:00,49066.76,54356.62,48753.44,54001.39,1.0,0.10056948928979836,0.0,0.0,0.10056948928979836,726467.280836849,66384.2166537405,2021
2021-04-27 00:00:00+00:00,54001.38,55460.0,53222.0,55011.97,1.0,0.0187139627331816,0.0,0.0,0.0187139627331816,740062.3624573055,13595.081620456534,2021
2021-04-28 00:00:00+00:00,55011.97,56428.0,53813.16,54846.22,1.0,-0.0030129806294884043,0.0,0.0,-0.0030129806294884043,737832.5688946082,-2229.793562697363,2021
2021-04-29 00:00:00+00:00,54846.23,55195.84,52330.94,53555.0,1.0,-0.023542552248814963,0.0,0.0,-0.023542552248814963,720462.1070905295,-17370.46180407866,2021
2021-04-30 00:00:00+00:00,53555.0,57963.0,53013.01,57694.27,1.0,0.07729007562319112,0.0,0.0,0.07729007562319112,776146.6778312002,55684.570740670664,2021
2021-05-01 00:00:00+00:00,57697.25,58458.07,56956.14,57800.37,1.0,0.0018390041160067927,0.0,0.0,0.0018390041160067927,777574.0147663568,1427.336935156607,2021
2021-05-02 00:00:00+00:00,57797.35,57911.02,56035.25,56578.21,1.0,-0.021144501324126486,0.0,0.0,-0.021144501324126486,761132.5999815231,-16441.414784833672,2021
2021-05-03 00:00:00+00:00,56578.21,58981.44,56435.0,57169.39,1.0,0.010448898966580966,0.0,0.0,0.010448898966580966,769085.5976189012,7952.997637378052,2021
2021-05-04 00:00:00+00:00,57169.39,57200.0,53046.69,53200.01,1.0,-0.06943191102791191,0.0,0.0,-0.06943191102791191,715686.5148321772,-53399.08278672397,2021
2021-05-05 00:00:00+00:00,53205.05,58069.82,52900.0,57436.11,1.0,0.07962592488234499,0.0,0.0,0.07962592488234499,772673.7155015114,56987.200669334154,2021
2021-05-06 00:00:00+00:00,57436.11,58360.0,55200.0,56393.68,1.0,-0.0181493837239326,0.0,0.0,-0.0181493837239326,758650.1637454777,-14023.551756033674,2021
2021-05-07 00:00:00+00:00,56393.68,58650.0,55241.63,57314.75,1.0,0.016332858575641707,0.0,0.0,0.016332858575641707,771041.08957832,12390.92583284236,2021
2021-05-08 00:00:00+00:00,57315.49,59500.0,56900.0,58862.05,1.0,0.026996541030014143,0.0,0.0,0.026996541030014143,791856.5319889479,20815.442410627846,2021
2021-05-09 00:00:00+00:00,58866.53,59300.0,56235.66,58240.84,1.0,-0.010553658936445554,0.0,0.0,-0.010553658936445554,783499.5482237401,-8356.983765207813,2021
2021-05-10 00:00:00+00:00,58240.83,59500.0,53400.0,55816.14,1.0,-0.04163229788581346,0.0,0.0,-0.04163229788581346,750880.661638689,-32618.886585051077,2021
2021-05-11 00:00:00+00:00,55816.14,56862.43,54370.0,56670.02,1.0,0.01529808403089139,0.0,0.0,0.01529808403089139,762367.6970976089,11487.035458919941,2021
2021-05-12 00:00:00+00:00,56670.02,58000.01,48600.0,49631.32,1.0,-0.12420500292747383,0.0,0.0,-0.12420500292747383,667677.8150477889,-94689.88204982004,2021
2021-05-13 00:00:00+00:00,49537.15,51367.19,46000.0,49670.97,1.0,0.0007988907004690127,0.0,0.0,0.0007988907004690127,668211.2166451401,533.401597351185,2021
2021-05-14 00:00:00+00:00,49671.92,51483.0,48799.75,49841.45,1.0,0.0034321858421528795,0.0,0.0,0.0034321858421528795,670504.6417224773,2293.4250773371896,2021
2021-05-15 00:00:00+00:00,49844.16,50700.0,46555.0,46762.99,1.0,-0.061765056995733425,0.0,0.0,-0.061765056995733425,629090.8843105847,-41413.757411892526,2021
2021-05-16 00:00:00+00:00,46762.99,49795.89,43825.39,46431.5,1.0,-0.007088725507072957,0.0,0.0,-0.007088725507072957,624631.4317127052,-4459.452597879572,2021
2021-05-17 00:00:00+00:00,46426.83,46686.0,42001.0,43538.04,1.0,-0.062316746174472026,0.0,0.0,-0.062316746174472026,585706.4333300674,-38924.99838263774,2021
2021-05-18 00:00:00+00:00,43538.02,45799.29,42250.02,42849.78,0.5,-0.015808244927883797,0.5,0.00075,-0.008654122463941899,580637.6581281105,-5068.775201956974,2021
2021-05-19 00:00:00+00:00,42849.78,43584.9,30000.0,36690.09,0.5,-0.1437507963868193,0.0,0.0,-0.07187539819340966,538904.0952440636,-41733.56288404681,2021
2021-05-20 00:00:00+00:00,36671.23,42451.67,34850.0,40526.64,0.0,0.10456638291157105,0.5,0.00075,-0.00075,538499.9171726306,-404.1780714330962,2021
2021-05-21 00:00:00+00:00,40525.39,42200.0,33488.0,37252.01,0.0,-0.08080191202626219,0.0,0.0,-0.0,538499.9171726306,0.0,2021
2021-05-22 00:00:00+00:00,37263.35,38829.0,35200.62,37449.73,0.0,0.005307633064632,0.0,0.0,0.0,538499.9171726306,0.0,2021
2021-05-23 00:00:00+00:00,37458.51,38270.64,31111.01,34655.25,0.0,-0.07461949658916112,0.0,0.0,-0.0,538499.9171726306,0.0,2021
2021-05-24 00:00:00+00:00,34681.44,39920.0,34031.0,38796.29,0.0,0.1194924289970496,0.0,0.0,0.0,538499.9171726306,0.0,2021
2021-05-25 00:00:00+00:00,38810.99,39791.77,36419.62,38324.72,0.0,-0.012155028225637077,0.0,0.0,-0.0,538499.9171726306,0.0,2021
2021-05-26 00:00:00+00:00,38324.72,40841.0,37800.44,39241.91,0.0,0.023932073084943717,0.0,0.0,0.0,538499.9171726306,0.0,2021
2021-05-27 00:00:00+00:00,39241.92,40411.14,37134.27,38529.98,0.0,-0.018142083298188116,0.0,0.0,-0.0,538499.9171726306,0.0,2021
2021-05-28 00:00:00+00:00,38529.99,38877.83,34684.0,35663.49,0.0,-0.07439635317744797,0.0,0.0,-0.0,538499.9171726306,0.0,2021
2021-05-29 00:00:00+00:00,35661.79,37338.58,33632.76,34605.15,0.0,-0.029675727193272383,0.0,0.0,-0.0,538499.9171726306,0.0,2021
2021-05-30 00:00:00+00:00,34605.15,36488.0,33379.0,35641.27,0.0,0.029941208172771905,0.0,0.0,0.0,538499.9171726306,0.0,2021
2021-05-31 00:00:00+00:00,35641.26,37499.0,34153.84,37253.81,0.0,0.04524361786210207,0.0,0.0,0.0,538499.9171726306,0.0,2021
2021-06-01 00:00:00+00:00,37253.82,37894.81,35666.0,36693.09,0.0,-0.015051346426043444,0.0,0.0,-0.0,538499.9171726306,0.0,2021
2021-06-02 00:00:00+00:00,36694.85,38225.0,35920.0,37568.68,0.0,0.02386253106511349,0.0,0.0,0.0,538499.9171726306,0.0,2021
2021-06-03 00:00:00+00:00,37568.68,39476.0,37170.0,39246.79,0.0,0.044667792427096176,0.0,0.0,0.0,538499.9171726306,0.0,2021
2021-06-04 00:00:00+00:00,39246.78,39289.07,35555.15,36829.0,0.0,-0.06160478347401155,0.0,0.0,-0.0,538499.9171726306,0.0,2021
2021-06-05 00:00:00+00:00,36829.15,37925.0,34800.0,35513.2,0.0,-0.03572728013250437,0.0,0.0,-0.0,538499.9171726306,0.0,2021
2021-06-06 00:00:00+00:00,35516.07,36480.0,35222.0,35796.31,0.0,0.007971965353727573,0.0,0.0,0.0,538499.9171726306,0.0,2021
2021-06-07 00:00:00+00:00,35796.31,36900.0,33300.0,33552.79,0.0,-0.06267461646186423,0.0,0.0,-0.0,538499.9171726306,0.0,2021
2021-06-08 00:00:00+00:00,33556.96,34068.01,31000.0,33380.81,0.0,-0.00512565423024447,0.0,0.0,-0.0,538499.9171726306,0.0,2021
2021-06-09 00:00:00+00:00,33380.8,37534.79,32396.82,37388.05,0.0,0.12004621817145855,0.0,0.0,0.0,538499.9171726306,0.0,2021
2021-06-10 00:00:00+00:00,37388.05,38491.0,35782.0,36675.72,0.0,-0.0190523442650794,0.0,0.0,-0.0,538499.9171726306,0.0,2021
2021-06-11 00:00:00+00:00,36677.83,37680.4,35936.77,37331.98,0.0,0.017893581911957,0.0,0.0,0.0,538499.9171726306,0.0,2021
2021-06-12 00:00:00+00:00,37331.98,37463.63,34600.36,35546.11,0.0,-0.047837537682169584,0.0,0.0,-0.0,538499.9171726306,0.0,2021
2021-06-13 00:00:00+00:00,35546.12,39380.0,34757.0,39020.57,0.0,0.09774515411109674,0.0,0.0,0.0,538499.9171726306,0.0,2021
2021-06-14 00:00:00+00:00,39020.56,41064.05,38730.0,40516.29,0.0,0.03833157742185733,0.0,0.0,0.0,538499.9171726306,0.0,2021
2021-06-15 00:00:00+00:00,40516.28,41330.0,39506.4,40144.04,0.0,-0.009187662542646469,0.0,0.0,-0.0,538499.9171726306,0.0,2021
2021-06-16 00:00:00+00:00,40143.8,40527.14,38116.01,38349.01,0.0,-0.04471473224917066,0.0,0.0,-0.0,538499.9171726306,0.0,2021
2021-06-17 00:00:00+00:00,38349.0,39559.88,37365.0,38092.97,0.0,-0.006676573919378925,0.0,0.0,-0.0,538499.9171726306,0.0,2021
2021-06-18 00:00:00+00:00,38092.97,38202.84,35129.29,35819.84,0.0,-0.05967321529405567,0.0,0.0,-0.0,538499.9171726306,0.0,2021
2021-06-19 00:00:00+00:00,35820.48,36457.0,34803.52,35483.72,0.0,-0.00938362650419422,0.0,0.0,-0.0,538499.9171726306,0.0,2021
2021-06-20 00:00:00+00:00,35483.72,36137.72,33336.0,35600.16,0.0,0.003281504870402685,0.0,0.0,0.0,538499.9171726306,0.0,2021
2021-06-21 00:00:00+00:00,35600.17,35750.0,31251.23,31608.93,0.0,-0.11211269836989501,0.0,0.0,-0.0,538499.9171726306,0.0,2021
2021-06-22 00:00:00+00:00,31614.12,33298.78,28805.0,32509.56,0.5,0.028492897418546104,0.5,0.00075,0.013496448709273051,545767.7536846987,7267.83651206817,2021
2021-06-23 00:00:00+00:00,32509.56,34881.0,31683.0,33678.07,0.5,0.0359435809035864,0.0,0.0,0.0179717904517932,555576.177389266,9808.423704567249,2021
2021-06-24 00:00:00+00:00,33675.07,35298.0,32286.57,34663.09,0.5,0.029248113089615835,0.0,0.0,0.014624056544807917,563700.9548223548,8124.777433088864,2021
2021-06-25 00:00:00+00:00,34663.08,35500.0,31275.0,31584.45,0.5,-0.08881608650584805,0.0,0.0,-0.04440804325292402,538668.0984388891,-25032.856383465696,2021
2021-06-26 00:00:00+00:00,31576.09,32730.0,30151.0,32283.65,0.5,0.022137475878161617,0.0,0.0,0.011068737939080808,544630.4744566522,5962.376017763047,2021
2021-06-27 00:00:00+00:00,32283.65,34749.0,31973.45,34700.34,0.5,0.07485801636432043,0.0,0.0,0.03742900818216022,565015.452941344,20384.97848469182,2021
2021-06-28 00:00:00+00:00,34702.49,35297.71,33862.72,34494.89,0.5,-0.0059206912670018985,0.0,0.0,-0.0029603456335009493,563342.8119123684,-1672.6410289756022,2021
2021-06-29 00:00:00+00:00,34494.89,36600.0,34225.43,35911.73,0.5,0.04107390978779768,0.0,0.0,0.02053695489389884,574912.1578304151,11569.34591804666,2021
2021-06-30 00:00:00+00:00,35911.72,36100.0,34017.55,35045.0,0.0,-0.0241350110395685,0.5,0.00075,-0.00075,574480.9737120422,-431.18411837285385,2021
2021-07-01 00:00:00+00:00,35045.0,35057.57,32711.0,33504.69,0.0,-0.043952346982451096,0.0,0.0,-0.0,574480.9737120422,0.0,2021
2021-07-02 00:00:00+00:00,33502.33,33977.04,32699.0,33786.55,0.0,0.008412553585781524,0.0,0.0,0.0,574480.9737120422,0.0,2021
2021-07-03 00:00:00+00:00,33786.54,34945.61,33316.73,34669.13,0.0,0.026122229111880113,0.0,0.0,0.0,574480.9737120422,0.0,2021
2021-07-04 00:00:00+00:00,34669.12,35967.85,34357.15,35286.51,0.0,0.017807773082278322,0.0,0.0,0.0,574480.9737120422,0.0,2021
2021-07-05 00:00:00+00:00,35288.13,35293.78,33125.55,33690.14,0.0,-0.04524023486595874,0.0,0.0,-0.0,574480.9737120422,0.0,2021
2021-07-06 00:00:00+00:00,33690.15,35118.88,33532.0,34220.01,0.0,0.01572774705002722,0.0,0.0,0.0,574480.9737120422,0.0,2021
2021-07-07 00:00:00+00:00,34220.02,35059.09,33777.77,33862.12,0.0,-0.010458500742694055,0.0,0.0,-0.0,574480.9737120422,0.0,2021
2021-07-08 00:00:00+00:00,33862.11,33929.64,32077.0,32875.71,0.0,-0.02913019031295161,0.0,0.0,-0.0,574480.9737120422,0.0,2021
2021-07-09 00:00:00+00:00,32875.71,34100.0,32261.07,33815.81,0.0,0.028595580141082877,0.0,0.0,0.0,574480.9737120422,0.0,2021
2021-07-10 00:00:00+00:00,33815.81,34262.0,33004.78,33502.87,0.0,-0.009254251191971874,0.0,0.0,-0.0,574480.9737120422,0.0,2021
2021-07-11 00:00:00+00:00,33502.87,34666.0,33306.47,34258.99,0.0,0.022568812761414092,0.0,0.0,0.0,574480.9737120422,0.0,2021
2021-07-12 00:00:00+00:00,34259.0,34678.43,32658.34,33086.63,0.0,-0.03422050679252364,0.0,0.0,-0.0,574480.9737120422,0.0,2021
2021-07-13 00:00:00+00:00,33086.94,33340.0,32202.25,32729.77,0.0,-0.010785625492834905,0.0,0.0,-0.0,574480.9737120422,0.0,2021
2021-07-14 00:00:00+00:00,32729.12,33114.03,31550.0,32820.02,0.0,0.002757428481776625,0.0,0.0,0.0,574480.9737120422,0.0,2021
2021-07-15 00:00:00+00:00,32820.03,33185.25,31133.0,31880.0,0.0,-0.02864166444749261,0.0,0.0,-0.0,574480.9737120422,0.0,2021
2021-07-16 00:00:00+00:00,31874.49,32249.18,31020.0,31383.87,0.0,-0.015562421580928465,0.0,0.0,-0.0,574480.9737120422,0.0,2021
2021-07-17 00:00:00+00:00,31383.86,31955.92,31164.31,31520.07,0.5,0.004339808952815494,0.5,0.00075,0.0014199044764077468,575296.681818227,815.7081061848439,2021
2021-07-18 00:00:00+00:00,31520.07,32435.0,31108.97,31778.56,0.5,0.008200806660645155,0.0,0.0,0.004100403330322577,577655.630248278,2358.9484300509794,2021
2021-07-19 00:00:00+00:00,31778.57,31899.0,30407.44,30839.65,0.5,-0.02954539160994074,0.0,0.0,-0.01477269580497037,569122.0993425918,-8533.530905686202,2021
2021-07-20 00:00:00+00:00,30839.65,31063.07,29278.0,29790.35,0.0,-0.034024380951145794,0.5,0.00075,-0.00075,568695.2577680849,-426.84157450695056,2021
2021-07-21 00:00:00+00:00,29790.34,32858.0,29482.61,32144.51,0.5,0.079024247784937,0.5,0.00075,0.0387621238924685,590739.0938067507,22043.836038665846,2021
2021-07-22 00:00:00+00:00,32144.51,32591.35,31708.0,32287.83,0.5,0.004458615172544311,0.0,0.0,0.0022293075862721556,592056.0329500817,1316.939143331023,2021
2021-07-23 00:00:00+00:00,32287.58,33650.0,31924.32,33634.09,0.5,0.04169558623171632,0.0,0.0,0.02084779311585816,604399.0946380207,12343.061687938985,2021
2021-07-24 00:00:00+00:00,33634.1,34500.0,33401.14,34258.14,0.0,0.018554091994164246,0.5,0.00075,-0.00075,603945.7953170422,-453.2993209785782,2021
2021-07-25 00:00:00+00:00,34261.51,35398.0,33851.12,35381.02,0.0,0.03277702759110679,0.0,0.0,0.0,603945.7953170422,0.0,2021
2021-07-26 00:00:00+00:00,35381.02,40550.0,35205.78,37237.6,1.0,0.05247389702162342,1.0,0.0015,0.050973897021623416,634731.2660941754,30785.470777133247,2021
2021-07-27 00:00:00+00:00,37241.33,39542.61,36383.0,39457.87,1.0,0.05962441188476175,0.0,0.0,0.05962441188476175,672576.7445399109,37845.47844573553,2021
2021-07-28 00:00:00+00:00,39456.61,40900.0,38772.0,40019.56,1.0,0.014235182993912021,0.0,0.0,0.014235182993912021,682150.9975758861,9574.253035975154,2021
2021-07-29 00:00:00+00:00,40019.57,40640.0,39200.0,40016.48,1.0,-7.696236540322143e-05,0.0,0.0,-7.696236540322143e-05,682098.4976215505,-52.49995433562435,2021
2021-07-30 00:00:00+00:00,40018.49,42316.71,38313.23,42206.37,1.0,0.054724703422190046,0.0,0.0,0.054724703422190046,719426.1356086113,37327.63798706082,2021
2021-07-31 00:00:00+00:00,42206.36,42448.0,41000.15,41461.83,1.0,-0.01764046517148954,0.0,0.0,-0.01764046517148954,706735.1239199482,-12691.011688663042,2021
2021-08-01 00:00:00+00:00,41461.84,42599.0,39422.01,39845.44,1.0,-0.03898501344489613,0.0,0.0,-0.03898501344489613,679183.0456119488,-27552.078307999414,2021
2021-08-02 00:00:00+00:00,39850.27,40480.01,38690.0,39147.82,1.0,-0.017508151497385938,0.0,0.0,-0.017508151497385938,667291.8059549188,-11891.239657029975,2021
2021-08-03 00:00:00+00:00,39146.86,39780.0,37642.03,38207.05,1.0,-0.0240312231945482,0.0,0.0,-0.0240312231945482,651255.967630123,-16035.838324795826,2021
2021-08-04 00:00:00+00:00,38207.04,39969.66,37508.56,39723.18,1.0,0.0396819435156599,0.0,0.0,0.0396819435156599,677099.0701518579,25843.102521734894,2021
2021-08-05 00:00:00+00:00,39723.17,41350.0,37332.7,40862.46,1.0,0.028680483284570846,0.0,0.0,0.028680483284570846,696518.5987153468,19419.528563488857,2021
2021-08-06 00:00:00+00:00,40862.46,43392.43,39853.86,42836.87,1.0,0.04831843212572129,0.0,0.0,0.04831843212572129,730173.2853516767,33654.68663632998,2021
2021-08-07 00:00:00+00:00,42836.87,44700.0,42446.41,44572.54,1.0,0.040518133094224584,0.0,0.0,0.040518133094224584,759758.5437094031,29585.258357726387,2021
2021-08-08 00:00:00+00:00,44572.54,45310.0,43261.0,43794.37,1.0,-0.017458506964153186,0.0,0.0,-0.017458506964153186,746494.2938829777,-13264.249826425454,2021
2021-08-09 00:00:00+00:00,43794.36,46454.15,42779.0,46253.4,1.0,0.056149454827184364,0.0,0.0,0.056149454827184364,788409.5415161108,41915.24763313308,2021
2021-08-10 00:00:00+00:00,46248.87,46700.0,44589.46,45584.99,1.0,-0.014451045760960346,0.0,0.0,-0.014451045760960346,777016.1991532837,-11393.34236282704,2021
2021-08-11 00:00:00+00:00,45585.0,46743.47,45341.14,45511.0,1.0,-0.0016231219969555788,0.0,0.0,-0.0016231219969555788,775755.0070684472,-1261.1920848365407,2021
2021-08-12 00:00:00+00:00,45510.67,46218.12,43770.0,44399.0,1.0,-0.024433653402474165,0.0,0.0,-0.024433653402474165,756800.4781005029,-18954.528967944323,2021
2021-08-13 00:00:00+00:00,44400.06,47886.0,44217.39,47800.0,1.0,0.07660082434289062,0.0,0.0,0.07660082434289062,814772.0185860951,57971.54048559221,2021
2021-08-14 00:00:00+00:00,47799.99,48144.0,45971.03,47068.51,1.0,-0.015303138075313805,0.0,0.0,-0.015303138075313805,802303.4498857699,-12468.56870032521,2021
2021-08-15 00:00:00+00:00,47068.5,47372.27,45500.0,46973.82,1.0,-0.002011748406737346,0.0,0.0,-0.002011748406737346,800689.4171987424,-1614.032687027473,2021
2021-08-16 00:00:00+00:00,46973.82,48053.83,45660.0,45901.29,1.0,-0.022832505425362415,0.0,0.0,-0.022832505425362415,782407.6717365219,-18281.74546222051,2021
2021-08-17 00:00:00+00:00,45901.3,47160.0,44376.0,44695.95,1.0,-0.026259392709878204,0.0,0.0,-0.026259392709878204,761862.121425171,-20545.550311350846,2021
2021-08-18 00:00:00+00:00,44695.95,46000.0,44203.28,44705.29,1.0,0.00020896747915655212,0.0,0.0,0.00020896747915655212,762021.3258321502,159.20440697914455,2021
2021-08-19 00:00:00+00:00,44699.37,47033.0,43927.7,46760.62,1.0,0.04597509601212746,0.0,0.0,0.04597509601212746,797055.3294505719,35034.00361842173,2021
2021-08-20 00:00:00+00:00,46760.62,49382.99,46622.99,49322.47,1.0,0.05478648486696702,0.0,0.0,0.05478648486696702,840723.1891956512,43667.8597450793,2021
2021-08-21 00:00:00+00:00,49322.47,49757.04,48222.0,48821.87,1.0,-0.01014953225173032,0.0,0.0,-0.01014953225173032,832190.2420721324,-8532.947123518796,2021
2021-08-22 00:00:00+00:00,48821.88,49500.0,48050.0,49239.22,1.0,0.008548423073512001,0.0,0.0,0.008548423073512001,839304.1563390133,7113.9142668808345,2021
2021-08-23 00:00:00+00:00,49239.22,50500.0,49029.0,49488.85,1.0,0.005069739122593786,0.0,0.0,0.005069739122593786,843559.2094561608,4255.05311714753,2021
2021-08-24 00:00:00+00:00,49488.85,49860.0,47600.0,47674.01,1.0,-0.03667169473527865,0.0,0.0,-0.03667169473527865,812624.4636358514,-30934.745820309385,2021
2021-08-25 00:00:00+00:00,47674.01,49264.3,47126.28,48973.32,1.0,0.027254053099372122,0.0,0.0,0.027254053099372122,834771.7739176318,22147.310281780432,2021
2021-08-26 00:00:00+00:00,48973.32,49352.84,46250.0,46843.87,1.0,-0.04348183868277655,0.0,0.0,-0.04348183868277655,798474.3623072101,-36297.411610421725,2021
2021-08-27 00:00:00+00:00,46843.86,49149.93,46348.0,49069.9,1.0,0.047520198480612175,0.0,0.0,0.047520198480612175,836418.022485729,37943.660178518854,2021
2021-08-28 00:00:00+00:00,49069.9,49299.0,48346.88,48895.35,1.0,-0.0035571704853688546,0.0,0.0,-0.0035571704853688546,833442.7409827121,-2975.2815030168276,2021
2021-08-29 00:00:00+00:00,48895.35,49632.27,47762.54,48767.83,1.0,-0.0026080189629483774,0.0,0.0,-0.0026080189629483774,831269.1065096976,-2173.6344730145065,2021
2021-08-30 00:00:00+00:00,48767.84,48888.61,46853.0,46982.91,1.0,-0.036600357243699366,0.0,0.0,-0.036600357243699366,800844.3602457918,-30424.746263905778,2021
2021-08-31 00:00:00+00:00,46982.91,48246.11,46700.0,47100.89,1.0,0.0025111258540604364,0.0,0.0,0.0025111258540604364,802855.3812238835,2011.0209780916339,2021
2021-09-01 00:00:00+00:00,47100.89,49156.0,46512.0,48810.52,1.0,0.036297190987261585,0.0,0.0,0.036297190987261585,831996.7763313175,29141.395107434015,2021
2021-09-02 00:00:00+00:00,48810.51,50450.13,48584.06,49246.64,1.0,0.008934959103078732,0.0,0.0,0.008934959103078732,839430.6335017312,7433.857170413714,2021
2021-09-03 00:00:00+00:00,49246.63,51000.0,48316.84,49999.14,1.0,0.015280230285761531,0.0,0.0,0.015280230285761531,852257.3268905603,12826.693388829124,2021
2021-09-04 00:00:00+00:00,49998.0,50535.69,49370.0,49915.64,1.0,-0.001670028724494066,0.0,0.0,-0.001670028724494066,850834.0326739927,-1423.2942165676504,2021
2021-09-05 00:00:00+00:00,49917.54,51900.0,49450.0,51756.88,1.0,0.036887035806813184,0.0,0.0,0.036887035806813184,882218.7781028935,31384.745428900816,2021
2021-09-06 00:00:00+00:00,51756.88,52780.0,50969.33,52663.9,1.0,0.017524626677651423,0.0,0.0,0.017524626677651423,897679.3328371606,15460.554734267062,2021
2021-09-07 00:00:00+00:00,52666.2,52920.0,42843.05,46863.73,1.0,-0.11013559573066178,0.0,0.0,-0.11013559573066178,798812.8847400369,-98866.44809712365,2021
2021-09-08 00:00:00+00:00,46868.57,47340.99,44412.02,46048.31,1.0,-0.017399810044996578,0.0,0.0,-0.017399810044996578,784913.6922840645,-13899.192455972428,2021
2021-09-09 00:00:00+00:00,46048.31,47399.97,45513.08,46395.14,1.0,0.007531872505201598,0.0,0.0,0.007531872505201598,790825.5621419351,5911.869857870624,2021
2021-09-10 00:00:00+00:00,46395.14,47033.0,44132.29,44850.91,1.0,-0.033284305209554166,0.0,0.0,-0.033284305209554166,764503.4827640858,-26322.079377849353,2021
2021-09-11 00:00:00+00:00,44842.2,45987.93,44722.22,45173.69,1.0,0.007196732463176314,0.0,0.0,0.007196732463176314,770005.4097967054,5501.927032619598,2021
2021-09-12 00:00:00+00:00,45173.68,46460.0,44742.06,46025.24,1.0,0.0188505743055305,0.0,0.0,0.0188505743055305,784520.4539897386,14515.044193033245,2021
2021-09-13 00:00:00+00:00,46025.23,46880.0,43370.0,44940.73,1.0,-0.02356337522628882,0.0,0.0,-0.02356337522628882,766034.50415968,-18485.949830058613,2021
2021-09-14 00:00:00+00:00,44940.72,47250.0,44594.44,47111.52,1.0,0.04830339872093736,0.0,0.0,0.04830339872093736,803036.5742481004,37002.07008842041,2021
2021-09-15 00:00:00+00:00,47103.28,48500.0,46682.32,48121.41,1.0,0.02143615828994716,0.0,0.0,0.02143615828994716,820250.5933662996,17214.01911819924,2021
2021-09-16 00:00:00+00:00,48121.4,48557.0,47021.1,47737.82,1.0,-0.007971295936673561,0.0,0.0,-0.007971295936673561,813712.1331443448,-6538.460221954854,2021
2021-09-17 00:00:00+00:00,47737.81,48150.0,46699.56,47299.98,1.0,-0.009171763603784133,0.0,0.0,-0.009171763603784133,806248.957817614,-7463.175326730823,2021
2021-09-18 00:00:00+00:00,47299.98,48843.2,47035.56,48292.74,1.0,0.020988592384182825,0.0,0.0,0.020988592384182825,823170.9885534201,16922.030735806096,2021
2021-09-19 00:00:00+00:00,48292.75,48372.83,46829.18,47241.75,1.0,-0.02176289852263502,0.0,0.0,-0.02176289852263502,805256.4018627548,-17914.586690665223,2021
2021-09-20 00:00:00+00:00,47241.75,47347.25,42500.0,43015.62,1.0,-0.08945752432964482,0.0,0.0,-0.08945752432964482,733220.1577015151,-72036.24416123971,2021
2021-09-21 00:00:00+00:00,43016.64,43639.0,39600.0,40734.38,1.0,-0.05303282853995839,0.0,0.0,-0.05303282853995839,694335.4187960895,-38884.73890542565,2021
2021-09-22 00:00:00+00:00,40734.09,44000.55,40565.39,43543.61,0.5,0.0689645945267856,0.5,0.00075,0.0337322972633928,717756.9475434215,23421.52874733205,2021
2021-09-23 00:00:00+00:00,43546.37,44978.0,43069.09,44865.26,0.5,0.03035232953813427,0.0,0.0,0.015176164769067135,728649.7452434831,10892.79770006158,2021
2021-09-24 00:00:00+00:00,44865.26,45200.0,40675.0,42810.57,0.5,-0.045796903885099605,0.0,0.0,-0.022898451942549802,711964.7940690741,-16684.951174409012,2021
2021-09-25 00:00:00+00:00,42810.58,42966.84,41646.28,42670.64,0.5,-0.003268585304984306,0.0,0.0,-0.001634292652492153,710801.2352372939,-1163.5588317802176,2021
2021-09-26 00:00:00+00:00,42670.63,43950.0,40750.0,43160.9,0.5,0.011489398799736872,0.0,0.0,0.005744699399868436,714884.5746667874,4083.339429493528,2021
2021-09-27 00:00:00+00:00,43160.9,44350.0,42098.0,42147.35,0.5,-0.023483059899121694,0.0,0.0,-0.011741529949560847,706490.7360228582,-8393.838643929223,2021
2021-09-28 00:00:00+00:00,42147.35,42787.38,40888.0,41026.54,0.5,-0.026592656477809395,0.0,0.0,-0.013296328238904698,697097.0032989528,-9393.732723905356,2021
2021-09-29 00:00:00+00:00,41025.01,42590.0,40753.88,41524.28,0.5,0.012132146654336484,0.0,0.0,0.006066073327168242,701325.6448371136,4228.641538160737,2021
2021-09-30 00:00:00+00:00,41524.29,44141.37,41410.17,43824.1,0.5,0.05538494586781506,0.0,0.0,0.02769247293390753,720747.0862746207,19421.441437507165,2021
2021-10-01 00:00:00+00:00,43820.01,48495.0,43283.03,48141.61,0.5,0.09851907968446594,0.0,0.0,0.04925953984223297,756250.7560871386,35503.66981251782,2021
2021-10-02 00:00:00+00:00,48141.6,48336.59,47430.18,47634.9,0.0,-0.010525406192273157,0.5,0.00075,-0.00075,755683.5680200731,-567.1880670654355,2021
2021-10-03 00:00:00+00:00,47634.89,49228.08,47088.0,48200.01,0.0,0.011863360687227154,0.0,0.0,0.0,755683.5680200731,0.0,2021
2021-10-04 00:00:00+00:00,48200.01,49536.12,46891.0,49224.94,0.0,0.021264103472177665,0.0,0.0,0.0,755683.5680200731,0.0,2021
2021-10-05 00:00:00+00:00,49224.93,51886.3,49022.4,51471.99,0.0,0.045648608205515195,0.0,0.0,0.0,755683.5680200731,0.0,2021
2021-10-06 00:00:00+00:00,51471.99,55750.0,50382.41,55315.0,1.0,0.07466216091509192,1.0,0.0015,0.07316216091509192,810971.0108244485,55287.44280437543,2021
2021-10-07 00:00:00+00:00,55315.0,55332.31,53357.0,53785.22,1.0,-0.027655789568833078,0.0,0.0,-0.027655789568833078,788542.9672026638,-22428.043621784775,2021
2021-10-08 00:00:00+00:00,53785.22,56100.0,53617.61,53951.43,1.0,0.003090254162760653,0.0,0.0,0.003090254162760653,790979.7653895774,2436.7981869135983,2021
2021-10-09 00:00:00+00:00,53955.67,55489.0,53661.67,54949.72,1.0,0.01850349471737811,0.0,0.0,0.01850349471737811,805615.6553000164,14635.88991043903,2021
2021-10-10 00:00:00+00:00,54949.72,56561.31,54080.0,54659.0,1.0,-0.005290654802244665,0.0,0.0,-0.005290654802244665,801353.42096454,-4262.234335476416,2021
2021-10-11 00:00:00+00:00,54659.01,57839.04,54415.06,57471.35,1.0,0.05145264274867811,0.0,0.0,0.05145264274867811,842585.1722488595,41231.75128431956,2021
2021-10-12 00:00:00+00:00,57471.35,57680.0,53879.0,55996.93,1.0,-0.025654869774244027,0.0,0.0,-0.025654869774244027,820968.759381106,-21616.412867753534,2021
2021-10-13 00:00:00+00:00,55996.91,57777.0,54167.19,57367.0,1.0,0.02446687702343686,0.0,0.0,0.02446687702343686,841055.301056967,20086.541675860994,2021
2021-10-14 00:00:00+00:00,57370.83,58532.54,56818.05,57347.94,1.0,-0.00033224676207577186,0.0,0.0,-0.00033224676207577186,840775.8631564642,-279.4379005028168,2021
2021-10-15 00:00:00+00:00,57347.94,62933.0,56850.0,61672.42,1.0,0.0754077653007239,0.0,0.0,0.0754077653007239,904176.8921158804,63401.0289594162,2021
2021-10-16 00:00:00+00:00,61672.42,62378.42,60150.0,60875.57,1.0,-0.012920686426769024,0.0,0.0,-0.012920686426769024,892494.3060185205,-11682.58609735989,2021
2021-10-17 00:00:00+00:00,60875.57,61718.39,58963.0,61528.33,1.0,0.01072285647592297,0.0,0.0,0.01072285647592297,902064.3943675356,9570.088349015103,2021
2021-10-18 00:00:00+00:00,61528.32,62695.78,59844.45,62009.84,1.0,0.007825825924415497,0.0,0.0,0.007825825924415497,909123.7932904692,7059.398922933615,2021
2021-10-19 00:00:00+00:00,62005.6,64486.0,61322.22,64280.59,1.0,0.03661918818045651,0.0,0.0,0.03661918818045651,942415.1685563033,33291.37526583404,2021
2021-10-20 00:00:00+00:00,64280.59,67000.0,63481.4,66001.41,1.0,0.026770445013028166,0.0,0.0,0.026770445013028166,967644.0420055835,25228.873449280276,2021
2021-10-21 00:00:00+00:00,66001.4,66639.74,62000.0,62193.15,1.0,-0.05769967641600382,0.0,0.0,-0.05769967641600382,911811.2938959873,-55832.7481095962,2021
2021-10-22 00:00:00+00:00,62193.15,63732.39,60000.0,60688.22,1.0,-0.02419768093431507,0.0,0.0,-0.02419768093431507,889747.5751339872,-22063.71876200009,2021
2021-10-23 00:00:00+00:00,60688.23,61747.64,59562.15,61286.75,1.0,0.009862375268215207,0.0,0.0,0.009862375268215207,898522.599613943,8775.024479955784,2021
2021-10-24 00:00:00+00:00,61286.75,61500.0,59510.63,60852.22,1.0,-0.007090113278971355,0.0,0.0,-0.007090113278971355,892151.9725989643,-6370.627014978672,2021
2021-10-25 00:00:00+00:00,60852.22,63710.63,60650.0,63078.78,1.0,0.036589626475418635,0.0,0.0,0.036589626475418635,924795.4800356684,32643.507436704007,2021
2021-10-26 00:00:00+00:00,63078.78,63293.48,59817.55,60328.81,1.0,-0.04359580194797685,0.0,0.0,-0.04359580194797685,884478.2794456492,-40317.200590019114,2021
2021-10-27 00:00:00+00:00,60328.81,61496.0,58000.0,58413.44,1.0,-0.03174884437468595,0.0,0.0,-0.03174884437468595,856397.1161987393,-28081.16324690997,2021
2021-10-28 00:00:00+00:00,58413.44,62499.0,57820.0,60575.89,1.0,0.0370197338146836,0.0,0.0,0.0370197338146836,888100.7094800794,31703.593281340087,2021
2021-10-29 00:00:00+00:00,60575.9,62980.0,60174.81,62253.71,1.0,0.027697818389461615,0.0,0.0,0.027697818389461615,912699.1616428106,24598.452162731206,2021
2021-10-30 00:00:00+00:00,62253.7,62359.25,60673.0,61859.19,1.0,-0.006337292990249099,0.0,0.0,-0.006337292990249099,906915.1196435253,-5784.041999285226,2021
2021-10-31 00:00:00+00:00,61859.19,62405.3,59945.36,61299.8,1.0,-0.009042957077194158,0.0,0.0,-0.009042957077194158,898713.9251439306,-8201.194499594742,2021
2021-11-01 00:00:00+00:00,61299.81,62437.74,59405.0,60911.11,1.0,-0.006340803722035049,0.0,0.0,-0.006340803722035049,893015.3565423331,-5698.56860159745,2021
2021-11-02 00:00:00+00:00,60911.12,64270.0,60624.68,63219.99,1.0,0.03790572852801399,0.0,0.0,0.03790572852801399,926865.7542187745,33850.39767644135,2021
2021-11-03 00:00:00+00:00,63220.57,63500.0,60382.76,62896.48,1.0,-0.005117210553180929,0.0,0.0,-0.005117210553180929,922122.7869999041,-4742.9672188704135,2021
2021-11-04 00:00:00+00:00,62896.49,63086.31,60677.01,61395.01,1.0,-0.023872083143603562,0.0,0.0,-0.023872083143603562,900109.795160031,-22012.99183987314,2021
2021-11-05 00:00:00+00:00,61395.01,62595.72,60721.0,60937.12,1.0,-0.0074580979789725665,0.0,0.0,-0.0074580979789725665,893396.6881158944,-6713.107044136501,2021
2021-11-06 00:00:00+00:00,60940.18,61560.49,60050.0,61470.61,1.0,0.008754762286107276,0.0,0.0,0.008754762286107276,901218.1637475446,7821.475631650188,2021
2021-11-07 00:00:00+00:00,61470.62,63286.35,61322.78,63273.59,1.0,0.029330764734561754,0.0,0.0,0.029330764734561754,927651.5816829377,26433.417935393052,2021
2021-11-08 00:00:00+00:00,63273.58,67789.0,63273.58,67525.83,1.0,0.06720402619797627,0.0,0.0,0.06720402619797627,989993.502880952,62341.921198014286,2021
2021-11-09 00:00:00+00:00,67525.82,68524.25,66222.4,66947.66,1.0,-0.008562205011030555,0.0,0.0,-0.008562205011030555,981516.975549697,-8476.527331255027,2021
2021-11-10 00:00:00+00:00,66947.67,69000.0,62822.9,64882.43,1.0,-0.030848426965184528,0.0,0.0,-0.030848426965184528,951238.7208143632,-30278.25473533373,2021
2021-11-11 00:00:00+00:00,64882.42,65600.07,64100.0,64774.26,1.0,-0.0016671693708142366,0.0,0.0,-0.0016671693708142366,949652.844754689,-1585.8760596741922,2021
2021-11-12 00:00:00+00:00,64774.25,65450.7,62278.0,64122.23,1.0,-0.010066189872335096,0.0,0.0,-0.010066189872335096,940093.4589065851,-9559.385848103906,2021
2021-11-13 00:00:00+00:00,64122.22,65000.0,63360.22,64380.0,1.0,0.004019978718768691,0.0,0.0,0.004019978718768691,943872.6146050433,3779.1556984581985,2021
2021-11-14 00:00:00+00:00,64380.01,65550.51,63576.27,65519.1,1.0,0.017693383038210664,0.0,0.0,0.017693383038210664,960572.9143145278,16700.299709484447,2021
2021-11-15 00:00:00+00:00,65519.11,66401.82,63400.0,63606.74,1.0,-0.029187824619080538,0.0,0.0,-0.029187824619080538,932535.8805576762,-28037.033756851568,2021
2021-11-16 00:00:00+00:00,63606.73,63617.31,58574.07,60058.87,1.0,-0.05577820840998915,0.0,0.0,-0.05577820840998915,880520.6998621374,-52015.18069553876,2021
2021-11-17 00:00:00+00:00,60058.87,60840.23,58373.0,60344.87,1.0,0.004761994356537125,0.0,0.0,0.004761994356537125,884713.734465695,4193.034603557549,2021
2021-11-18 00:00:00+00:00,60344.86,60976.0,56474.26,56891.62,1.0,-0.05722524549311314,0.0,0.0,-0.05722524549311314,834085.7738197666,-50627.9606459284,2021
2021-11-19 00:00:00+00:00,56891.62,58320.0,55600.0,58052.24,0.5,0.020400544052006087,0.5,0.00075,0.009450272026003043,841968.1112753827,7882.3374556161,2021
2021-11-20 00:00:00+00:00,58057.1,59845.0,57353.0,59707.51,0.5,0.028513456156041617,0.0,0.0,0.014256728078020808,853971.8216882006,12003.71041281789,2021
2021-11-21 00:00:00+00:00,59707.52,60029.76,58486.65,58622.02,0.5,-0.01818012507974298,0.0,0.0,-0.00909006253987149,846209.1644217669,-7762.6572664337,2021
2021-11-22 00:00:00+00:00,58617.7,59444.0,55610.0,56247.18,0.5,-0.04051105710789216,0.0,0.0,-0.02025552855394608,829068.7505292109,-17140.413892555982,2021
2021-11-23 00:00:00+00:00,56243.83,58009.99,55317.0,57541.27,0.5,0.02300719787196437,0.0,0.0,0.011503598935982184,838606.0249256549,9537.274396443972,2021
2021-11-24 00:00:00+00:00,57541.26,57735.0,55837.0,57138.29,0.5,-0.007003321268369556,0.0,0.0,-0.003501660634184778,835669.5112205825,-2936.5137050723424,2021
2021-11-25 00:00:00+00:00,57138.29,59398.9,57000.0,58960.36,0.5,0.03188877371023868,0.0,0.0,0.01594438685511934,848993.7491905119,13324.237969929352,2021
2021-11-26 00:00:00+00:00,58960.37,59150.0,53500.0,53726.53,0.5,-0.08876862352943571,0.0,0.0,-0.044384311764717854,811311.7459401435,-37682.003250368405,2021
2021-11-27 00:00:00+00:00,53723.72,55280.0,53610.0,54721.03,0.0,0.018510408172647708,0.5,0.00075,-0.00075,810703.2621306883,-608.4838094551815,2021
2021-11-28 00:00:00+00:00,54716.47,57445.05,53256.64,57274.88,0.0,0.046670356899349175,0.0,0.0,0.0,810703.2621306883,0.0,2021
2021-11-29 00:00:00+00:00,57274.89,58865.97,56666.67,57776.25,0.0,0.008753750335225519,0.0,0.0,0.0,810703.2621306883,0.0,2021
2021-11-30 00:00:00+00:00,57776.25,59176.99,55875.55,56950.56,0.0,-0.014291166352956464,0.0,0.0,-0.0,810703.2621306883,0.0,2021
2021-12-01 00:00:00+00:00,56950.56,59053.55,56458.01,57184.07,0.0,0.004100223070677478,0.0,0.0,0.0,810703.2621306883,0.0,2021
2021-12-02 00:00:00+00:00,57184.07,57375.47,55777.77,56480.34,0.0,-0.012306399317152494,0.0,0.0,-0.0,810703.2621306883,0.0,2021
2021-12-03 00:00:00+00:00,56484.26,57600.0,51680.0,53601.05,0.0,-0.050978623712250926,0.0,0.0,-0.0,810703.2621306883,0.0,2021
2021-12-04 00:00:00+00:00,53601.05,53859.1,42000.3,49152.47,0.0,-0.08299426970180623,0.0,0.0,-0.0,810703.2621306883,0.0,2021
2021-12-05 00:00:00+00:00,49152.46,49699.05,47727.21,49396.33,0.5,0.004961296960254602,0.5,0.00075,0.001730648480127301,812106.3044991292,1403.0423684408888,2021
2021-12-06 00:00:00+00:00,49396.32,50891.11,47100.0,50441.92,0.5,0.021167362028717385,0.0,0.0,0.010583681014358692,820701.3785756975,8595.074076568359,2021
2021-12-07 00:00:00+00:00,50441.91,51936.33,50039.74,50588.95,0.5,0.00291483750023791,0.0,0.0,0.001457418750118955,821897.4841530821,1196.1055773845874,2021
2021-12-08 00:00:00+00:00,50588.95,51200.0,48600.0,50471.19,0.5,-0.002327781066813861,0.0,0.0,-0.0011638905334069305,820940.8854518454,-956.5987012367696,2021
2021-12-09 00:00:00+00:00,50471.19,50797.76,47320.0,47545.59,0.5,-0.057965742436427714,0.0,0.0,-0.028982871218213857,797147.6614910281,-23793.22396081721,2021
2021-12-10 00:00:00+00:00,47535.9,50125.0,46852.0,47140.54,0.5,-0.0085191917904478,0.0,0.0,-0.0042595958952239,793752.1345842537,-3395.5269067744957,2021
2021-12-11 00:00:00+00:00,47140.54,49485.71,46751.0,49389.99,0.5,0.04771795147022062,0.0,0.0,0.02385897573511031,812690.2475029911,18938.11291873746,2021
2021-12-12 00:00:00+00:00,49389.99,50777.0,48638.0,50053.9,0.5,0.013442197497914199,0.0,0.0,0.0067210987489570995,818152.4189087732,5462.171405782108,2021
2021-12-13 00:00:00+00:00,50053.9,50189.97,45672.75,46702.75,0.5,-0.06695082700848487,0.0,0.0,-0.033475413504242435,790764.4283763057,-27387.99053246749,2021
2021-12-14 00:00:00+00:00,46702.76,48700.41,46290.0,48343.28,0.5,0.035127053546097464,0.0,0.0,0.017563526773048732,804653.0405852677,13888.612208961975,2021
2021-12-15 00:00:00+00:00,48336.95,49500.0,46547.0,48864.98,0.5,0.010791572272299321,0.0,0.0,0.005395786136149661,808994.7763060682,4341.735720800469,2021
2021-12-16 00:00:00+00:00,48864.98,49436.43,47511.0,47632.38,0.5,-0.02522460870750398,0.0,0.0,-0.01261230435375199,798791.4879667005,-10203.288339367718,2021
2021-12-17 00:00:00+00:00,47632.38,47995.96,45456.0,46131.2,0.5,-0.03151595616259362,0.0,0.0,-0.01575797808129681,786204.1492077947,-12587.338758905767,2021
2021-12-18 00:00:00+00:00,46133.83,47392.37,45500.0,46834.48,0.5,0.015245213651498446,0.0,0.0,0.007622606825749223,792197.0743219784,5992.925114183687,2021
2021-12-19 00:00:00+00:00,46834.47,48300.01,46406.91,46681.23,0.5,-0.003272161877317714,0.0,0.0,-0.001636080938658857,790900.9757890188,-1296.098532959586,2021
2021-12-20 00:00:00+00:00,46681.24,47537.57,45558.85,46914.16,0.5,0.004989799968852626,0.0,0.0,0.002494899984426313,792874.1946211976,1973.2188321788562,2021
2021-12-21 00:00:00+00:00,46914.17,49328.96,46630.0,48889.88,0.5,0.042113511144609594,0.0,0.0,0.021056755572304797,809569.5527369243,16695.358115726616,2021
2021-12-22 00:00:00+00:00,48887.59,49576.13,48421.87,48588.16,0.5,-0.00617142034302387,0.0,0.0,-0.003085710171511935,807071.4557334975,-2498.097003426752,2021
2021-12-23 00:00:00+00:00,48588.17,51375.0,47920.42,50838.81,0.5,0.04632095555789717,0.0,0.0,0.023160477778948585,825763.616250037,18692.160516539472,2021
2021-12-24 00:00:00+00:00,50838.82,51810.0,50384.43,50820.0,0.0,-0.00036999292469663825,0.5,0.00075,-0.00075,825144.2935378496,-619.3227121874224,2021
2021-12-25 00:00:00+00:00,50819.99,51156.23,50142.32,50399.66,0.0,-0.008271153089334793,0.0,0.0,-0.0,825144.2935378496,0.0,2021
2021-12-26 00:00:00+00:00,50399.67,51280.0,49412.0,50775.49,0.0,0.007456994749567736,0.0,0.0,0.0,825144.2935378496,0.0,2021
2021-12-27 00:00:00+00:00,50775.48,52088.0,50449.0,50701.44,0.0,-0.0014583808053845182,0.0,0.0,-0.0,825144.2935378496,0.0,2021
2021-12-28 00:00:00+00:00,50701.44,50704.05,47313.01,47543.74,0.0,-0.06228028237462302,0.0,0.0,-0.0,825144.2935378496,0.0,2021
2021-12-29 00:00:00+00:00,47543.74,48139.08,46096.99,46464.66,0.0,-0.022696573723480662,0.0,0.0,-0.0,825144.2935378496,0.0,2021
2021-12-30 00:00:00+00:00,46464.66,47900.0,45900.0,47120.87,0.0,0.014122776320756536,0.0,0.0,0.0,825144.2935378496,0.0,2021
2021-12-31 00:00:00+00:00,47120.88,48548.26,45678.0,46216.93,0.0,-0.01918343188485272,0.0,0.0,-0.0,825144.2935378496,0.0,2021
2022-01-01 00:00:00+00:00,46216.93,47954.63,46208.37,47722.65,0.0,0.032579403261964845,0.0,0.0,0.0,825144.2935378496,0.0,2022
2022-01-02 00:00:00+00:00,47722.66,47990.0,46654.0,47286.18,0.0,-0.009145971566960398,0.0,0.0,-0.0,825144.2935378496,0.0,2022
2022-01-03 00:00:00+00:00,47286.18,47570.0,45696.0,46446.1,0.0,-0.01776586732106511,0.0,0.0,-0.0,825144.2935378496,0.0,2022
2022-01-04 00:00:00+00:00,46446.1,47557.54,45500.0,45832.01,0.0,-0.013221562197902492,0.0,0.0,-0.0,825144.2935378496,0.0,2022
2022-01-05 00:00:00+00:00,45832.01,47070.0,42500.0,43451.13,0.0,-0.0519479726069183,0.0,0.0,-0.0,825144.2935378496,0.0,2022
2022-01-06 00:00:00+00:00,43451.14,43816.0,42430.58,43082.31,0.5,-0.008488156694659077,0.5,0.00075,-0.004994078347329538,821023.4582880697,-4120.835249779862,2022
2022-01-07 00:00:00+00:00,43082.3,43145.83,40610.0,41566.48,0.5,-0.0351845107655554,0.0,0.0,-0.0175922553827777,806579.8039346146,-14443.654353455058,2022
2022-01-08 00:00:00+00:00,41566.48,42300.0,40501.0,41679.74,0.0,0.002724791707163998,0.5,0.00075,-0.00075,805974.8690816637,-604.9348529509734,2022
2022-01-09 00:00:00+00:00,41679.74,42786.7,41200.02,41864.62,0.0,0.004435728245905768,0.0,0.0,0.0,805974.8690816637,0.0,2022
2022-01-10 00:00:00+00:00,41864.62,42248.5,39650.0,41822.49,0.0,-0.0010063390041520348,0.0,0.0,-0.0,805974.8690816637,0.0,2022
2022-01-11 00:00:00+00:00,41822.49,43100.0,41268.93,42729.29,0.0,0.021682114096984728,0.0,0.0,0.0,805974.8690816637,0.0,2022
2022-01-12 00:00:00+00:00,42729.29,44322.0,42450.0,43902.66,0.0,0.027460554575093665,0.0,0.0,0.0,805974.8690816637,0.0,2022
2022-01-13 00:00:00+00:00,43902.65,44500.0,42311.22,42560.11,0.0,-0.03058015163545902,0.0,0.0,-0.0,805974.8690816637,0.0,2022
2022-01-14 00:00:00+00:00,42558.35,43448.78,41725.95,43059.96,0.0,0.011744565509816507,0.0,0.0,0.0,805974.8690816637,0.0,2022
2022-01-15 00:00:00+00:00,43059.96,43800.0,42555.0,43084.29,0.0,0.0005650260706233645,0.0,0.0,0.0,805974.8690816637,0.0,2022
2022-01-16 00:00:00+00:00,43084.29,43475.0,42581.79,43071.66,0.0,-0.0002931462953200681,0.0,0.0,-0.0,805974.8690816637,0.0,2022
2022-01-17 00:00:00+00:00,43071.66,43176.18,41540.42,42201.62,0.0,-0.020199825128634497,0.0,0.0,-0.0,805974.8690816637,0.0,2022
2022-01-18 00:00:00+00:00,42201.63,42691.0,41250.0,42352.12,0.0,0.003566213808853691,0.0,0.0,0.0,805974.8690816637,0.0,2022
2022-01-19 00:00:00+00:00,42352.12,42559.13,41138.56,41660.01,0.0,-0.01634180296051302,0.0,0.0,-0.0,805974.8690816637,0.0,2022
2022-01-20 00:00:00+00:00,41660.0,43505.0,40553.31,40680.91,0.0,-0.023502154704235556,0.0,0.0,-0.0,805974.8690816637,0.0,2022
2022-01-21 00:00:00+00:00,40680.92,41100.0,35440.45,36445.31,0.0,-0.10411763158690412,0.0,0.0,-0.0,805974.8690816637,0.0,2022
2022-01-22 00:00:00+00:00,36445.31,36835.22,34008.0,35071.42,0.5,-0.03769730590849685,0.5,0.00075,-0.019598652954248424,790178.8473326863,-15796.021748977364,2022
2022-01-23 00:00:00+00:00,35071.42,36499.0,34601.01,36244.55,0.0,0.033449743409305954,0.5,0.00075,-0.00075,789586.2131971867,-592.6341354995966,2022
2022-01-24 00:00:00+00:00,36244.55,37550.0,32917.17,36660.35,0.0,0.011472069593911227,0.0,0.0,0.0,789586.2131971867,0.0,2022
2022-01-25 00:00:00+00:00,36660.35,37545.14,35701.0,36958.32,0.0,0.008127854753159802,0.0,0.0,0.0,789586.2131971867,0.0,2022
2022-01-26 00:00:00+00:00,36958.32,38919.98,36234.63,36809.34,0.0,-0.004031027384361674,0.0,0.0,-0.0,789586.2131971867,0.0,2022
2022-01-27 00:00:00+00:00,36807.24,37234.47,35507.01,37160.1,0.0,0.009529103211304513,0.0,0.0,0.0,789586.2131971867,0.0,2022
2022-01-28 00:00:00+00:00,37160.11,38000.0,36155.01,37716.56,0.0,0.01497466368497391,0.0,0.0,0.0,789586.2131971867,0.0,2022
2022-01-29 00:00:00+00:00,37716.57,38720.74,37268.44,38166.84,0.0,0.011938522495158699,0.0,0.0,0.0,789586.2131971867,0.0,2022
2022-01-30 00:00:00+00:00,38166.83,38359.26,37351.63,37881.76,0.0,-0.0074693110564038045,0.0,0.0,-0.0,789586.2131971867,0.0,2022
2022-01-31 00:00:00+00:00,37881.75,38744.0,36632.61,38466.9,0.0,0.015446484007078931,0.0,0.0,0.0,789586.2131971867,0.0,2022
2022-02-01 00:00:00+00:00,38466.9,39265.2,38000.0,38694.59,0.0,0.005919114875386322,0.0,0.0,0.0,789586.2131971867,0.0,2022
2022-02-02 00:00:00+00:00,38694.59,38855.92,36586.95,36896.36,0.0,-0.046472388000493026,0.0,0.0,-0.0,789586.2131971867,0.0,2022
2022-02-03 00:00:00+00:00,36896.37,37387.0,36250.0,37311.61,0.0,0.011254497733651725,0.0,0.0,0.0,789586.2131971867,0.0,2022
2022-02-04 00:00:00+00:00,37311.98,41772.33,37026.73,41574.25,0.0,0.11424433306415893,0.0,0.0,0.0,789586.2131971867,0.0,2022
2022-02-05 00:00:00+00:00,41571.7,41913.69,40843.01,41382.59,0.0,-0.004610065124446061,0.0,0.0,-0.0,789586.2131971867,0.0,2022
2022-02-06 00:00:00+00:00,41382.6,42656.0,41116.56,42380.87,0.0,0.02412318803632174,0.0,0.0,0.0,789586.2131971867,0.0,2022
2022-02-07 00:00:00+00:00,42380.87,44500.5,41645.85,43839.99,0.0,0.03442874108058658,0.0,0.0,0.0,789586.2131971867,0.0,2022
2022-02-08 00:00:00+00:00,43839.99,45492.0,42666.0,44042.99,1.0,0.004630475508776266,1.0,0.0015,0.003130475508776266,792057.993499668,2471.78030248126,2022
2022-02-09 00:00:00+00:00,44043.0,44799.0,43117.92,44372.72,1.0,0.007486548937753801,0.0,0.0,0.007486548937753801,797987.7744295422,5929.7809298742795,2022
2022-02-10 00:00:00+00:00,44372.71,45821.0,43174.01,43495.44,1.0,-0.01977070596528674,0.0,0.0,-0.01977070596528674,782210.9927774023,-15776.781652139965,2022
2022-02-11 00:00:00+00:00,43495.44,43920.0,41938.51,42373.73,1.0,-0.025789140194926174,0.0,0.0,-0.025789140194926174,762038.4438226534,-20172.548954748898,2022
2022-02-12 00:00:00+00:00,42373.73,43079.49,41688.88,42217.87,1.0,-0.003678222332563097,0.0,0.0,-0.003678222332563097,759235.4970003132,-2802.9468223401345,2022
2022-02-13 00:00:00+00:00,42217.87,42760.0,41870.0,42053.66,1.0,-0.0038895851448687013,0.0,0.0,-0.0038895851448687013,756282.3858897238,-2953.111110589467,2022
2022-02-14 00:00:00+00:00,42053.65,42842.4,41550.56,42535.94,1.0,0.01146820514552127,0.0,0.0,0.01146820514552127,764955.5874390514,8673.201549327583,2022
2022-02-15 00:00:00+00:00,42535.94,44751.4,42427.03,44544.86,1.0,0.04722876701443535,0.0,0.0,0.04722876701443535,801083.4966546008,36127.90921554947,2022
2022-02-16 00:00:00+00:00,44544.85,44549.97,43307.0,43873.56,1.0,-0.015070201141052064,0.0,0.0,-0.015070201141052064,789011.0072292387,-12072.489425362088,2022
2022-02-17 00:00:00+00:00,43873.56,44164.71,40073.21,40515.7,1.0,-0.07653493356819008,0.0,0.0,-0.07653493356819008,728624.1022063782,-60386.905022860505,2022
2022-02-18 00:00:00+00:00,40515.71,40959.88,39450.0,39974.44,1.0,-0.013359265667383102,0.0,0.0,-0.013359265667383102,718890.2192533448,-9733.882953033433,2022
2022-02-19 00:00:00+00:00,39974.45,40444.32,39639.03,40079.17,1.0,0.0026199241315199018,0.0,0.0,0.0026199241315199018,720773.6570866803,1883.4378333354834,2022
2022-02-20 00:00:00+00:00,40079.17,40125.44,38000.0,38386.89,1.0,-0.042223429277602254,0.0,0.0,-0.042223429277602254,690340.121551522,-30433.53553515824,2022
2022-02-21 00:00:00+00:00,38386.89,39494.35,36800.0,37008.16,1.0,-0.035916689265527824,0.0,0.0,-0.035916689265527824,665545.3899182293,-24794.731633292744,2022
2022-02-22 00:00:00+00:00,37008.16,38429.0,36350.0,38230.33,1.0,0.03302433841617636,0.0,0.0,0.03302433841617636,687524.586106215,21979.19618798571,2022
2022-02-23 00:00:00+00:00,38230.33,39249.93,37036.79,37250.01,1.0,-0.025642467642837508,0.0,0.0,-0.025642467642837508,669894.7591533312,-17629.826952883857,2022
2022-02-24 00:00:00+00:00,37250.02,39843.0,34322.28,38327.21,1.0,0.02891811304211722,0.0,0.0,0.02891811304211722,689266.8515248491,19372.09237151791,2022
2022-02-25 00:00:00+00:00,38328.68,39683.53,38014.37,39219.17,1.0,0.02327223922638777,0.0,0.0,0.02327223922638777,705307.6345843545,16040.783059505397,2022
2022-02-26 00:00:00+00:00,39219.16,40348.45,38573.18,39116.72,1.0,-0.0026122429413982795,0.0,0.0,-0.0026122429413982795,703465.1996943972,-1842.4348899573088,2022
2022-02-27 00:00:00+00:00,39116.73,39855.7,37000.0,37699.07,1.0,-0.03624153558887355,0.0,0.0,-0.03624153558887355,677970.5406241387,-25494.659070258494,2022
2022-02-28 00:00:00+00:00,37699.08,44225.84,37450.17,43160.0,1.0,0.14485582800848928,0.0,0.0,0.14485582800848928,776178.5246516115,98207.98402747279,2022
2022-03-01 00:00:00+00:00,43160.0,44949.0,42809.98,44421.2,1.0,0.029221501390175986,0.0,0.0,0.029221501390175986,798859.6264887433,22681.101837131893,2022
2022-03-02 00:00:00+00:00,44421.2,45400.0,43334.09,43892.98,1.0,-0.011891169081429398,0.0,0.0,-0.011891169081429398,789360.2515978381,-9499.374890905223,2022
2022-03-03 00:00:00+00:00,43892.99,44101.12,41832.28,42454.0,1.0,-0.032783830124999525,0.0,0.0,-0.032783830124999525,763481.9992020277,-25878.252395810443,2022
2022-03-04 00:00:00+00:00,42454.0,42527.3,38550.0,39148.66,1.0,-0.07785697460781071,0.0,0.0,-0.07785697460781071,704039.6005766349,-59442.398625392816,2022
2022-03-05 00:00:00+00:00,39148.65,39613.24,38407.59,39397.96,1.0,0.006368034052761873,0.0,0.0,0.006368034052761873,708522.9487275997,4483.348150964826,2022
2022-03-06 00:00:00+00:00,39397.97,39693.87,38088.57,38420.81,1.0,-0.024802045588147248,0.0,0.0,-0.024802045588147248,690950.1302530093,-17572.81847459043,2022
2022-03-07 00:00:00+00:00,38420.8,39547.57,37155.0,37988.0,1.0,-0.011264988947395915,0.0,0.0,-0.011264988947395915,683166.5846725074,-7783.545580501901,2022
2022-03-08 00:00:00+00:00,37988.01,39362.08,37867.65,38730.63,1.0,0.019549068126776703,0.0,0.0,0.019549068126776703,696521.8547782077,13355.270105700358,2022
2022-03-09 00:00:00+00:00,38730.63,42594.06,38656.45,41941.71,1.0,0.08290802395933139,0.0,0.0,0.08290802395933139,754269.1054023573,57747.25062414957,2022
2022-03-10 00:00:00+00:00,41941.7,42039.63,38539.73,39422.0,1.0,-0.0600764727999884,0.0,0.0,-0.0600764727999884,708955.278007781,-45313.82739457628,2022
2022-03-11 00:00:00+00:00,39422.01,40236.26,38223.6,38729.57,1.0,-0.01756455786109279,0.0,0.0,-0.01756455786109279,696502.7920062862,-12452.486001494806,2022
2022-03-12 00:00:00+00:00,38729.57,39486.71,38660.52,38807.36,1.0,0.0020085428265792515,0.0,0.0,0.0020085428265792515,697901.7476928628,1398.955686576548,2022
2022-03-13 00:00:00+00:00,38807.35,39310.0,37578.51,37777.34,1.0,-0.026541872469552308,0.0,0.0,-0.026541872469552308,679378.1285093211,-18523.619183541625,2022
2022-03-14 00:00:00+00:00,37777.35,39947.12,37555.0,39671.37,1.0,0.05013666923081428,0.0,0.0,0.05013666923081428,713439.8850210425,34061.75651172141,2022
2022-03-15 00:00:00+00:00,39671.37,39887.61,38098.33,39280.33,1.0,-0.00985698250400735,0.0,0.0,-0.00985698250400735,706407.520556729,-7032.36446431349,2022
2022-03-16 00:00:00+00:00,39280.33,41718.0,38828.48,41114.0,1.0,0.04668163429380545,0.0,0.0,0.04668163429380545,739383.7780937522,32976.257537023164,2022
2022-03-17 00:00:00+00:00,41114.01,41478.82,40500.0,40917.9,1.0,-0.004769664834362919,0.0,0.0,-0.004769664834362919,735857.1652882801,-3526.612805472105,2022
2022-03-18 00:00:00+00:00,40917.89,42325.02,40135.04,41757.51,1.0,0.020519381493185218,0.0,0.0,0.020519381493185218,750956.4991873242,15099.333899044083,2022
2022-03-19 00:00:00+00:00,41757.51,42400.0,41499.29,42201.13,1.0,0.010623717745622097,0.0,0.0,0.010623717745622097,758934.4490739307,7977.9498866065405,2022
2022-03-20 00:00:00+00:00,42201.13,42296.26,40911.0,41262.11,1.0,-0.022251062945470856,0.0,0.0,-0.022251062945470856,742047.3508761005,-16887.09819783026,2022
2022-03-21 00:00:00+00:00,41262.11,41544.22,40467.94,41002.25,1.0,-0.006297787485904149,0.0,0.0,-0.006297787485904149,737374.0943558046,-4673.256520295865,2022
2022-03-22 00:00:00+00:00,41002.26,43361.0,40875.51,42364.13,1.0,0.03321476260449119,0.0,0.0,0.03321476260449119,761865.7998505343,24491.705494729686,2022
2022-03-23 00:00:00+00:00,42364.13,43025.96,41751.47,42882.76,1.0,0.012242196405308103,0.0,0.0,0.012242196405308103,771192.7106067918,9326.910756257479,2022
2022-03-24 00:00:00+00:00,42882.76,44220.89,42560.46,43991.46,1.0,0.025854212741903693,0.0,0.0,0.025854212741903693,791131.2910118251,19938.58040503331,2022
2022-03-25 00:00:00+00:00,43991.46,45094.14,43579.0,44313.16,1.0,0.007312782981060417,0.0,0.0,0.007312782981060417,796916.6624525207,5785.371440695599,2022
2022-03-26 00:00:00+00:00,44313.16,44792.99,44071.97,44511.27,1.0,0.004470680944441696,0.0,0.0,0.004470680944441696,800479.4225896554,3562.7601371346973,2022
2022-03-27 00:00:00+00:00,44511.27,46999.0,44421.46,46827.76,1.0,0.05204277478490282,0.0,0.0,0.05204277478490282,842138.5928994379,41659.170309782494,2022
2022-03-28 00:00:00+00:00,46827.76,48189.84,46663.56,47122.21,1.0,0.00628793689896745,0.0,0.0,0.00628793689896745,847433.9072317749,5295.314332337002,2022
2022-03-29 00:00:00+00:00,47122.21,48096.47,46950.85,47434.8,1.0,0.006633602286480356,0.0,0.0,0.006633602286480356,853055.4467364287,5621.539504653774,2022
2022-03-30 00:00:00+00:00,47434.79,47700.22,46445.42,47067.99,1.0,-0.007732930253737891,0.0,0.0,-0.007732930253737891,846458.8284642446,-6596.618272184045,2022
2022-03-31 00:00:00+00:00,47067.99,47600.0,45200.0,45510.34,1.0,-0.033093616277219406,0.0,0.0,-0.033093616277219406,818446.4448005842,-28012.38366366038,2022
2022-04-01 00:00:00+00:00,45510.35,46720.09,44200.0,46283.49,1.0,0.016988447021050623,0.0,0.0,0.016988447021050623,832350.5788676462,13904.13406706194,2022
2022-04-02 00:00:00+00:00,46283.49,47213.0,45620.0,45811.0,1.0,-0.010208607864272912,0.0,0.0,-0.010208607864272912,823853.4382023858,-8497.140665260376,2022
2022-04-03 00:00:00+00:00,45810.99,47444.11,45530.92,46407.35,1.0,0.013017615856453668,0.0,0.0,0.013017615856453668,834578.045782923,10724.60758053721,2022
2022-04-04 00:00:00+00:00,46407.36,46890.71,45118.0,46580.51,1.0,0.003731305493634096,0.0,0.0,0.003731305493634096,837692.1114300191,3114.0656470961403,2022
2022-04-05 00:00:00+00:00,46580.5,47200.0,45353.81,45497.55,1.0,-0.023249208735584892,0.0,0.0,-0.023249208735584892,818216.4326752299,-19475.67875478929,2022
2022-04-06 00:00:00+00:00,45497.54,45507.14,43121.0,43170.47,1.0,-0.05114736947374088,0.0,0.0,-0.05114736947374088,776366.8144837037,-41849.618191526155,2022
2022-04-07 00:00:00+00:00,43170.47,43900.99,42727.35,43444.19,1.0,0.006340445216371338,0.0,0.0,0.006340445216371338,781289.3257387463,4922.511255042627,2022
2022-04-08 00:00:00+00:00,43444.2,43970.62,42107.14,42252.01,1.0,-0.0274416440955626,0.0,0.0,-0.0274416440955626,759849.4621261616,-21439.86361258477,2022
2022-04-09 00:00:00+00:00,42252.02,42800.0,42125.48,42753.97,1.0,0.011880144873581244,0.0,0.0,0.011880144873581244,768876.5838183332,9027.12169217167,2022
2022-04-10 00:00:00+00:00,42753.96,43410.3,41868.0,42158.85,1.0,-0.013919643017946681,0.0,0.0,-0.013919643017946681,758174.0962467237,-10702.487571609556,2022
2022-04-11 00:00:00+00:00,42158.85,42414.71,39200.0,39530.45,1.0,-0.06234515410168928,0.0,0.0,-0.06234515410168928,710905.6153803127,-47268.480866411,2022
2022-04-12 00:00:00+00:00,39530.45,40699.0,39254.63,40074.94,0.5,0.01377393882437472,0.5,0.00075,0.0061369694121873606,715268.4213968539,4362.806016541203,2022
2022-04-13 00:00:00+00:00,40074.95,41561.31,39588.54,41147.79,0.5,0.026771094354726355,0.0,0.0,0.013385547177363177,724842.6805959395,9574.259199085645,2022
2022-04-14 00:00:00+00:00,41147.78,41500.0,39551.94,39942.38,0.5,-0.02929464741605814,0.0,0.0,-0.01464732370802907,714225.6752158552,-10617.005380084272,2022
2022-04-15 00:00:00+00:00,39942.37,40870.36,39766.4,40551.9,0.5,0.015259982004077077,0.0,0.0,0.007629991002038539,719675.2106911772,5449.535475321929,2022
2022-04-16 00:00:00+00:00,40551.9,40709.35,39991.55,40378.71,0.5,-0.004270823315307148,0.0,0.0,-0.002135411657653574,718138.407856543,-1536.8028346342035,2022
2022-04-17 00:00:00+00:00,40378.7,40595.67,39546.17,39678.12,0.5,-0.01735047999304573,0.0,0.0,-0.008675239996522865,711908.3848176666,-6230.023038876359,2022
2022-04-18 00:00:00+00:00,39678.11,41116.73,38536.51,40801.13,0.5,0.028303004275403998,0.0,0.0,0.014151502137701999,721982.9578472619,10074.57302959531,2022
2022-04-19 00:00:00+00:00,40801.13,41760.0,40571.0,41493.18,0.5,0.016961540035778544,0.0,0.0,0.008480770017889272,728105.9292696,6122.971422338043,2022
2022-04-20 00:00:00+00:00,41493.19,42199.0,40820.0,41358.19,0.5,-0.0032533057239767516,0.0,0.0,-0.0016266528619883758,726921.5536759229,-1184.3755936770467,2022
2022-04-21 00:00:00+00:00,41358.19,42976.0,39751.0,40480.01,0.5,-0.021233521099448538,0.0,0.0,-0.010616760549724269,719204.0016021121,-7717.552073810832,2022
2022-04-22 00:00:00+00:00,40480.01,40795.06,39177.0,39709.18,0.5,-0.01904223837889374,0.0,0.0,-0.00952111918944687,712356.3745813313,-6847.627020780812,2022
2022-04-23 00:00:00+00:00,39709.19,39980.0,39285.0,39441.6,0.5,-0.00673849220759537,0.0,0.0,-0.003369246103797685,709956.2706417575,-2400.103939573746,2022
2022-04-24 00:00:00+00:00,39441.61,39940.0,38929.62,39450.13,0.5,0.00021626911687144812,0.0,0.0,0.00010813455843572406,710033.0414495921,76.77080783457495,2022
2022-04-25 00:00:00+00:00,39450.12,40616.0,38200.0,40426.08,0.5,0.024738828490552534,0.0,0.0,0.012369414245276267,718815.7342671156,8782.692817523493,2022
2022-04-26 00:00:00+00:00,40426.08,40797.31,37702.26,38112.65,0.5,-0.057226176765098224,0.0,0.0,-0.028613088382549112,698248.1961317637,-20567.538135351846,2022
2022-04-27 00:00:00+00:00,38112.64,39474.72,37881.31,39235.72,0.0,0.029467119184837465,0.5,0.00075,-0.00075,697724.5099846649,-523.6861470988952,2022
2022-04-28 00:00:00+00:00,39235.72,40372.63,38881.43,39742.07,0.0,0.012905332182001406,0.0,0.0,0.0,697724.5099846649,0.0,2022
2022-04-29 00:00:00+00:00,39742.06,39925.25,38175.0,38596.11,0.0,-0.028834934868767537,0.0,0.0,-0.0,697724.5099846649,0.0,2022
2022-04-30 00:00:00+00:00,38596.11,38795.38,37578.2,37630.8,0.0,-0.025010551581493567,0.0,0.0,-0.0,697724.5099846649,0.0,2022
2022-05-01 00:00:00+00:00,37630.8,38675.0,37386.38,38468.35,0.5,0.022257034131615505,0.5,0.00075,0.010378517065807752,704965.855718773,7241.345734108123,2022
2022-05-02 00:00:00+00:00,38468.35,39167.34,38052.0,38525.16,0.5,0.0014767984589929561,0.0,0.0,0.0007383992294964781,705486.4019634571,520.5462446841411,2022
2022-05-03 00:00:00+00:00,38525.16,38651.51,37517.8,37728.95,0.5,-0.02066727302365534,0.0,0.0,-0.01033363651182767,698196.1619215296,-7290.240041927551,2022
2022-05-04 00:00:00+00:00,37728.95,40023.77,37670.0,39690.0,0.5,0.0519773277549469,0.0,0.0,0.02598866387747345,716341.3472942502,18145.18537272059,2022
2022-05-05 00:00:00+00:00,39690.0,39845.51,35571.9,36552.97,0.0,-0.07903829680020158,0.5,0.00075,-0.00075,715804.0912837795,-537.256010470679,2022
2022-05-06 00:00:00+00:00,36552.97,36675.63,35258.0,36013.77,0.5,-0.014751195320106825,0.5,0.00075,-0.008125597660053413,709987.7552345874,-5816.336049192119,2022
2022-05-07 00:00:00+00:00,36013.77,36146.3,34785.0,35472.39,0.5,-0.015032583370194197,0.0,0.0,-0.0075162916850970984,704651.2801733969,-5336.475061190431,2022
2022-05-08 00:00:00+00:00,35472.4,35514.22,33713.95,34038.4,0.5,-0.040425525317014155,0.0,0.0,-0.020212762658507077,690408.3310902389,-14242.949083158048,2022
2022-05-09 00:00:00+00:00,34038.39,34243.15,30033.33,30076.31,0.0,-0.11640059462254393,0.5,0.00075,-0.00075,689890.5248419212,-517.8062483177055,2022
2022-05-10 00:00:00+00:00,30074.23,32658.99,29730.4,31017.1,0.5,0.031280100517649734,0.5,0.00075,0.014890050258824866,700163.0294299045,10272.504587983363,2022
2022-05-11 00:00:00+00:00,31017.11,32162.59,27785.0,29103.94,0.5,-0.061680814776365334,0.0,0.0,-0.030840407388182667,678569.7163641421,-21593.3130657624,2022
2022-05-12 00:00:00+00:00,29103.94,30243.0,26700.0,29029.75,0.0,-0.002549139394872224,0.5,0.00075,-0.00075,678060.789076869,-508.92728727310896,2022
2022-05-13 00:00:00+00:00,29029.74,31083.37,28751.67,29287.05,0.0,0.00886332124803002,0.0,0.0,0.0,678060.789076869,0.0,2022
2022-05-14 00:00:00+00:00,29287.05,30343.27,28630.0,30086.74,0.0,0.02730524241943111,0.0,0.0,0.0,678060.789076869,0.0,2022
2022-05-15 00:00:00+00:00,30086.74,31460.0,29480.0,31328.89,0.0,0.04128562948328729,0.0,0.0,0.0,678060.789076869,0.0,2022
2022-05-16 00:00:00+00:00,31328.89,31328.9,29087.04,29874.01,0.0,-0.04643892586044385,0.0,0.0,-0.0,678060.789076869,0.0,2022
2022-05-17 00:00:00+00:00,29874.01,30788.37,29450.38,30444.93,0.0,0.019110926186340693,0.0,0.0,0.0,678060.789076869,0.0,2022
2022-05-18 00:00:00+00:00,30444.93,30709.99,28654.47,28715.32,0.0,-0.05681110122440747,0.0,0.0,-0.0,678060.789076869,0.0,2022
2022-05-19 00:00:00+00:00,28715.33,30545.18,28691.38,30319.23,0.0,0.0558555502776914,0.0,0.0,0.0,678060.789076869,0.0,2022
2022-05-20 00:00:00+00:00,30319.22,30777.33,28730.0,29201.01,0.0,-0.03688154349566264,0.0,0.0,-0.0,678060.789076869,0.0,2022
2022-05-21 00:00:00+00:00,29201.01,29656.18,28947.28,29445.06,0.0,0.008357587631386831,0.0,0.0,0.0,678060.789076869,0.0,2022
2022-05-22 00:00:00+00:00,29445.07,30487.99,29255.11,30293.94,0.0,0.0288292840972304,0.0,0.0,0.0,678060.789076869,0.0,2022
2022-05-23 00:00:00+00:00,30293.93,30670.51,28866.35,29109.15,0.0,-0.03910980215845139,0.0,0.0,-0.0,678060.789076869,0.0,2022
2022-05-24 00:00:00+00:00,29109.14,29845.86,28669.0,29654.58,0.0,0.018737407310072562,0.0,0.0,0.0,678060.789076869,0.0,2022
2022-05-25 00:00:00+00:00,29654.58,30223.74,29294.21,29542.15,0.0,-0.0037913199242747275,0.0,0.0,-0.0,678060.789076869,0.0,2022
2022-05-26 00:00:00+00:00,29542.14,29886.64,28019.56,29201.35,0.0,-0.011536059494654305,0.0,0.0,-0.0,678060.789076869,0.0,2022
2022-05-27 00:00:00+00:00,29201.35,29397.66,28282.9,28629.8,0.0,-0.019572725233593657,0.0,0.0,-0.0,678060.789076869,0.0,2022
2022-05-28 00:00:00+00:00,28629.81,29266.0,28450.0,29031.33,0.0,0.01402489713515287,0.0,0.0,0.0,678060.789076869,0.0,2022
2022-05-29 00:00:00+00:00,29031.33,29587.78,28839.21,29468.1,0.0,0.015044780931497082,0.0,0.0,0.0,678060.789076869,0.0,2022
2022-05-30 00:00:00+00:00,29468.1,32222.0,29299.62,31734.22,0.0,0.07690078423787083,0.0,0.0,0.0,678060.789076869,0.0,2022
2022-05-31 00:00:00+00:00,31734.23,32399.0,31200.01,31801.04,0.0,0.002105613435591014,0.0,0.0,0.0,678060.789076869,0.0,2022
2022-06-01 00:00:00+00:00,31801.05,31982.97,29301.0,29805.83,0.0,-0.06274040094286226,0.0,0.0,-0.0,678060.789076869,0.0,2022
2022-06-02 00:00:00+00:00,29805.84,30689.0,29594.55,30452.62,0.0,0.02170011705763586,0.0,0.0,0.0,678060.789076869,0.0,2022
2022-06-03 00:00:00+00:00,30452.63,30699.0,29282.36,29700.21,0.0,-0.02470756210795655,0.0,0.0,-0.0,678060.789076869,0.0,2022
2022-06-04 00:00:00+00:00,29700.21,29988.88,29485.0,29864.04,0.0,0.005516122613274499,0.0,0.0,0.0,678060.789076869,0.0,2022
2022-06-05 00:00:00+00:00,29864.03,30189.0,29531.42,29919.21,0.0,0.001847372291223781,0.0,0.0,0.0,678060.789076869,0.0,2022
2022-06-06 00:00:00+00:00,29919.2,31765.64,29890.23,31373.1,0.0,0.048593863273796334,0.0,0.0,0.0,678060.789076869,0.0,2022
2022-06-07 00:00:00+00:00,31373.1,31589.6,29218.96,31125.33,0.0,-0.007897530049628454,0.0,0.0,-0.0,678060.789076869,0.0,2022
2022-06-08 00:00:00+00:00,31125.32,31327.22,29843.88,30204.77,0.0,-0.0295759113236711,0.0,0.0,-0.0,678060.789076869,0.0,2022
2022-06-09 00:00:00+00:00,30204.77,30700.0,29944.1,30109.93,0.0,-0.00313990141292253,0.0,0.0,-0.0,678060.789076869,0.0,2022
2022-06-10 00:00:00+00:00,30109.93,30382.8,28850.0,29091.88,0.0,-0.03381110484149241,0.0,0.0,-0.0,678060.789076869,0.0,2022
2022-06-11 00:00:00+00:00,29091.87,29440.41,28099.99,28424.7,0.0,-0.02293354709286577,0.0,0.0,-0.0,678060.789076869,0.0,2022
2022-06-12 00:00:00+00:00,28424.71,28544.96,26560.0,26574.53,0.0,-0.06509022082906779,0.0,0.0,-0.0,678060.789076869,0.0,2022
2022-06-13 00:00:00+00:00,26574.53,26895.84,21925.77,22487.41,0.5,-0.153798392671479,0.5,0.00075,-0.0776491963357395,625409.9137382727,-52650.87533859629,2022
2022-06-14 00:00:00+00:00,22485.27,23362.88,20846.0,22136.41,0.0,-0.015608733953799026,0.5,0.00075,-0.00075,624940.856302969,-469.05743530369364,2022
2022-06-15 00:00:00+00:00,22136.42,22800.0,20111.62,22583.72,0.5,0.02020698026464096,0.5,0.00075,0.00935349013232048,630786.2344356828,5845.378132713726,2022
2022-06-16 00:00:00+00:00,22583.72,22995.73,20232.0,20401.31,0.5,-0.09663642659402438,0.0,0.0,-0.04831821329701219,600307.7706154003,-30478.463820282486,2022
2022-06-17 00:00:00+00:00,20400.6,21365.43,20246.66,20468.81,0.5,0.0033086110646816103,0.0,0.0,0.0016543055323408051,601300.8630814365,993.092466036207,2022
2022-06-18 00:00:00+00:00,20468.81,20792.06,17622.0,18970.79,0.5,-0.07318549539518904,0.0,0.0,-0.03659274769759452,579297.6123083517,-22003.250773084816,2022
2022-06-19 00:00:00+00:00,18970.79,20815.95,17960.41,20574.0,0.0,0.08450939576053496,0.5,0.00075,-0.00075,578863.1390991204,-434.473209231277,2022
2022-06-20 00:00:00+00:00,20574.0,21090.0,19637.03,20573.89,0.0,-5.346553903051721e-06,0.0,0.0,-0.0,578863.1390991204,0.0,2022
2022-06-21 00:00:00+00:00,20573.9,21723.0,20348.4,20723.52,0.0,0.007272810343595726,0.0,0.0,0.0,578863.1390991204,0.0,2022
2022-06-22 00:00:00+00:00,20723.51,20900.0,19770.51,19987.99,0.0,-0.035492522505829016,0.0,0.0,-0.0,578863.1390991204,0.0,2022
2022-06-23 00:00:00+00:00,19988.0,21233.0,19890.07,21110.13,0.0,0.056140712497855016,0.0,0.0,0.0,578863.1390991204,0.0,2022
2022-06-24 00:00:00+00:00,21110.12,21558.41,20736.72,21237.69,0.0,0.006042596611200324,0.0,0.0,0.0,578863.1390991204,0.0,2022
2022-06-25 00:00:00+00:00,21237.68,21614.5,20906.62,21491.19,0.0,0.011936326408380493,0.0,0.0,0.0,578863.1390991204,0.0,2022
2022-06-26 00:00:00+00:00,21491.18,21888.0,20964.73,21038.07,0.0,-0.021083988369187567,0.0,0.0,-0.0,578863.1390991204,0.0,2022
2022-06-27 00:00:00+00:00,21038.08,21539.85,20510.0,20742.56,0.0,-0.014046440571782393,0.0,0.0,-0.0,578863.1390991204,0.0,2022
2022-06-28 00:00:00+00:00,20742.57,21212.1,20202.01,20281.29,0.0,-0.022237852994037355,0.0,0.0,-0.0,578863.1390991204,0.0,2022
2022-06-29 00:00:00+00:00,20281.28,20432.31,19854.92,20123.01,0.0,-0.007804237304431916,0.0,0.0,-0.0,578863.1390991204,0.0,2022
2022-06-30 00:00:00+00:00,20123.0,20179.08,18626.0,19942.21,0.0,-0.008984739360562877,0.0,0.0,-0.0,578863.1390991204,0.0,2022
2022-07-01 00:00:00+00:00,19942.21,20918.35,18975.0,19279.8,0.0,-0.03321647901611702,0.0,0.0,-0.0,578863.1390991204,0.0,2022
2022-07-02 00:00:00+00:00,19279.8,19467.39,18977.01,19252.81,0.0,-0.00139991078745616,0.0,0.0,-0.0,578863.1390991204,0.0,2022
2022-07-03 00:00:00+00:00,19252.82,19647.63,18781.0,19315.83,0.0,0.003273288418677689,0.0,0.0,0.0,578863.1390991204,0.0,2022
2022-07-04 00:00:00+00:00,19315.83,20354.01,19055.31,20236.71,0.0,0.04767488634969341,0.0,0.0,0.0,578863.1390991204,0.0,2022
2022-07-05 00:00:00+00:00,20236.71,20750.0,19304.4,20175.83,0.0,-0.003008394151025384,0.0,0.0,-0.0,578863.1390991204,0.0,2022
2022-07-06 00:00:00+00:00,20175.84,20675.22,19761.25,20564.51,0.0,0.019264634961733806,0.0,0.0,0.0,578863.1390991204,0.0,2022
2022-07-07 00:00:00+00:00,20564.51,21838.1,20251.68,21624.98,0.0,0.051567968310453294,0.0,0.0,0.0,578863.1390991204,0.0,2022
2022-07-08 00:00:00+00:00,21624.99,22527.37,21189.26,21594.75,0.0,-0.001397920368018779,0.0,0.0,-0.0,578863.1390991204,0.0,2022
2022-07-09 00:00:00+00:00,21594.75,21980.0,21322.12,21591.83,0.0,-0.00013521805068350545,0.0,0.0,-0.0,578863.1390991204,0.0,2022
2022-07-10 00:00:00+00:00,21592.15,21607.65,20655.0,20862.47,0.0,-0.0337794434283708,0.0,0.0,-0.0,578863.1390991204,0.0,2022
2022-07-11 00:00:00+00:00,20861.11,20868.48,19875.23,19963.61,0.0,-0.04308502301021888,0.0,0.0,-0.0,578863.1390991204,0.0,2022
2022-07-12 00:00:00+00:00,19963.61,20059.42,19240.0,19328.75,0.0,-0.0318008616678046,0.0,0.0,-0.0,578863.1390991204,0.0,2022
2022-07-13 00:00:00+00:00,19331.28,20366.61,18910.94,20234.87,0.0,0.046879389510444236,0.0,0.0,0.0,578863.1390991204,0.0,2022
2022-07-14 00:00:00+00:00,20234.87,20900.0,19616.07,20588.84,0.0,0.01749307013091772,0.0,0.0,0.0,578863.1390991204,0.0,2022
2022-07-15 00:00:00+00:00,20588.84,21200.0,20382.29,20830.04,0.0,0.011715084482661453,0.0,0.0,0.0,578863.1390991204,0.0,2022
2022-07-16 00:00:00+00:00,20830.04,21588.94,20478.61,21195.6,0.0,0.017549654249343627,0.0,0.0,0.0,578863.1390991204,0.0,2022
2022-07-17 00:00:00+00:00,21195.6,21684.54,20750.01,20798.16,0.0,-0.018751061541074532,0.0,0.0,-0.0,578863.1390991204,0.0,2022
2022-07-18 00:00:00+00:00,20799.58,22777.63,20762.45,22432.58,0.0,0.07858483635090807,0.0,0.0,0.0,578863.1390991204,0.0,2022
2022-07-19 00:00:00+00:00,22432.58,23800.0,21579.54,23396.62,0.0,0.04297499440545827,0.0,0.0,0.0,578863.1390991204,0.0,2022
2022-07-20 00:00:00+00:00,23398.48,24276.74,22906.19,23223.3,1.0,-0.007407907637940858,1.0,0.0015,-0.008907907637940858,573706.679721017,-5156.459378103376,2022
2022-07-21 00:00:00+00:00,23223.3,23442.77,22341.46,23152.19,1.0,-0.003062010997575748,0.0,0.0,-0.003062010997575748,571949.9835583286,-1756.6961626884295,2022
2022-07-22 00:00:00+00:00,23152.19,23756.49,22500.0,22684.83,1.0,-0.020186427288303888,0.0,0.0,-0.020186427288303888,560404.3568026818,-11545.62675564678,2022
2022-07-23 00:00:00+00:00,22684.83,23000.77,21934.57,22451.07,1.0,-0.010304683790885893,0.0,0.0,-0.010304683790885893,554629.5671107954,-5774.789691886399,2022
2022-07-24 00:00:00+00:00,22448.58,23014.64,22257.15,22579.68,1.0,0.00572845748554518,0.0,0.0,0.00572845748554518,557806.7390062159,3177.171895420528,2022
2022-07-25 00:00:00+00:00,22577.13,22666.0,21250.0,21310.9,1.0,-0.056191230345159826,0.0,0.0,-0.056191230345159826,526462.8920466352,-31343.846959580784,2022
2022-07-26 00:00:00+00:00,21310.9,21347.82,20706.5,21254.67,1.0,-0.0026385558563929434,0.0,0.0,-0.0026385558563929434,525073.790299652,-1389.1017469831277,2022
2022-07-27 00:00:00+00:00,21254.67,23112.63,21042.53,22952.45,1.0,0.07987797505207106,0.0,0.0,0.07987797505207106,567015.621421704,41941.831122051924,2022
2022-07-28 00:00:00+00:00,22954.31,24199.72,22582.13,23842.93,1.0,0.038796729760875115,0.0,0.0,0.038796729760875115,589013.9732561965,21998.351834492525,2022
2022-07-29 00:00:00+00:00,23845.25,24442.66,23414.03,23773.75,1.0,-0.0029014890367921042,0.0,0.0,-0.0029014890367921042,587304.9556702763,-1709.01758592017,2022
2022-07-30 00:00:00+00:00,23777.28,24668.0,23502.25,23643.51,1.0,-0.005478311162521732,0.0,0.0,-0.005478311162521732,584087.5163758235,-3217.439294452779,2022
2022-07-31 00:00:00+00:00,23644.64,24194.82,23227.31,23293.32,1.0,-0.014811252643960215,0.0,0.0,-0.014811252643960215,575436.448604598,-8651.067771225586,2022
2022-08-01 00:00:00+00:00,23296.36,23509.68,22850.0,23268.01,1.0,-0.0010865776110919878,0.0,0.0,-0.0010865776110919878,574811.1922429379,-625.2563616600819,2022
2022-08-02 00:00:00+00:00,23266.9,23459.89,22654.37,22987.79,1.0,-0.012043144213879864,0.0,0.0,-0.012043144213879864,567888.658159004,-6922.534083933919,2022
2022-08-03 00:00:00+00:00,22985.93,23647.68,22681.22,22818.37,1.0,-0.007369999464933441,0.0,0.0,-0.007369999464933441,563703.3190522303,-4185.339106773608,2022
2022-08-04 00:00:00+00:00,22816.91,23223.32,22400.0,22622.98,1.0,-0.008562837748708585,0.0,0.0,-0.008562837748708585,558876.4189927776,-4826.900059452746,2022
2022-08-05 00:00:00+00:00,22622.41,23472.86,22586.95,23312.42,1.0,0.030475207068211052,0.0,0.0,0.030475207068211052,575908.2935871228,17031.874594345223,2022
2022-08-06 00:00:00+00:00,23313.56,23354.36,22909.52,22954.21,1.0,-0.01536562913674333,0.0,0.0,-0.01536562913674333,567059.1003310884,-8849.1932560344,2022
2022-08-07 00:00:00+00:00,22954.21,23402.0,22844.62,23174.39,1.0,0.009592140178206865,0.0,0.0,0.009592140178206865,572498.410710792,5439.310379703646,2022
2022-08-08 00:00:00+00:00,23174.39,24245.0,23154.25,23810.0,1.0,0.027427259142527527,0.0,0.0,0.027427259142527527,588200.4729800421,15702.062269250047,2022
2022-08-09 00:00:00+00:00,23810.98,23933.25,22865.0,23149.95,1.0,-0.027721545569088568,0.0,0.0,-0.027721545569088568,571894.6467645664,-16305.826215475681,2022
2022-08-10 00:00:00+00:00,23151.32,24226.0,22664.69,23954.05,1.0,0.034734416273037194,0.0,0.0,0.034734416273037194,591759.0734896084,19864.426725041936,2022
2022-08-11 00:00:00+00:00,23954.05,24918.54,23852.13,23934.39,1.0,-0.0008207380380352847,0.0,0.0,-0.0008207380380352847,591273.394308643,-485.6791809654096,2022
2022-08-12 00:00:00+00:00,23933.09,24456.5,23583.0,24403.68,1.0,0.019607351597429545,0.0,0.0,0.019607351597429545,602866.6996410581,11593.305332415155,2022
2022-08-13 00:00:00+00:00,24401.7,24888.0,24291.22,24441.38,1.0,0.0015448489735974125,0.0,0.0,0.0015448489735974125,603798.0376432147,931.3380021565827,2022
2022-08-14 00:00:00+00:00,24443.06,25047.56,24144.0,24305.24,1.0,-0.005570061919580649,0.0,0.0,-0.005570061919580649,600434.8451866207,-3363.19245659397,2022
2022-08-15 00:00:00+00:00,24305.25,25211.32,23773.22,24094.82,1.0,-0.008657392397688812,0.0,0.0,-0.008657392397688812,595236.6451225945,-5198.200064026169,2022
2022-08-16 00:00:00+00:00,24093.04,24247.49,23671.22,23854.74,1.0,-0.009963967358959214,0.0,0.0,-0.009963967358959214,589305.7266197368,-5930.918502857792,2022
2022-08-17 00:00:00+00:00,23856.15,24446.71,23180.4,23342.66,1.0,-0.021466593222143726,0.0,0.0,-0.021466593222143726,576655.340302911,-12650.386316825752,2022
2022-08-18 00:00:00+00:00,23342.66,23600.0,23111.04,23191.2,1.0,-0.006488549291297496,0.0,0.0,-0.006488549291297496,572913.6837032656,-3741.6565996453864,2022
2022-08-19 00:00:00+00:00,23191.45,23208.67,20783.57,20834.39,1.0,-0.10162518541515753,0.0,0.0,-0.10162518541515753,514691.22437004035,-58222.45933322527,2022
2022-08-20 00:00:00+00:00,20834.39,21382.85,20761.9,21140.07,0.5,0.014671895841442906,0.5,0.00075,0.006585947920721453,518080.9539689938,3389.729598953447,2022
2022-08-21 00:00:00+00:00,21140.07,21800.0,21069.11,21515.61,0.5,0.017764368802941632,0.0,0.0,0.008882184401470816,522682.64453703637,4601.69056804257,2022
2022-08-22 00:00:00+00:00,21516.7,21548.71,20890.18,21399.83,0.5,-0.0053812092708502846,0.0,0.0,-0.0026906046354251423,521276.31219078874,-1406.3323462476255,2022
2022-08-23 00:00:00+00:00,21400.75,21684.87,20890.14,21529.12,0.5,0.006041636779357429,0.0,0.0,0.0030208183896787144,522850.9932607586,1574.6810699698399,2022
2022-08-24 00:00:00+00:00,21529.11,21900.0,21145.0,21368.08,0.5,-0.0074801013696795815,0.0,0.0,-0.0037400506848397908,520895.50404534454,-1955.4892154140398,2022
2022-08-25 00:00:00+00:00,21368.05,21819.88,21310.15,21559.04,0.5,0.008936694359062525,0.0,0.0,0.004468347179531262,523223.0460016761,2327.541956331581,2022
2022-08-26 00:00:00+00:00,21559.04,21886.77,20107.9,20241.05,0.5,-0.061133983702428396,0.0,0.0,-0.030566991851214198,507229.6914181754,-15993.35458350071,2022
2022-08-27 00:00:00+00:00,20239.14,20402.93,19800.0,20037.6,0.0,-0.010051356031431258,0.5,0.00075,-0.00075,506849.2691496117,-380.4222685637069,2022
2022-08-28 00:00:00+00:00,20037.6,20171.18,19520.0,19555.61,0.0,-0.024054277957439862,0.0,0.0,-0.0,506849.2691496117,0.0,2022
2022-08-29 00:00:00+00:00,19555.61,20433.62,19550.79,20285.73,0.0,0.03733557787253883,0.0,0.0,0.0,506849.2691496117,0.0,2022
2022-08-30 00:00:00+00:00,20287.2,20576.25,19540.0,19811.66,0.0,-0.02336962978408963,0.0,0.0,-0.0,506849.2691496117,0.0,2022
2022-08-31 00:00:00+00:00,19813.03,20490.0,19797.94,20050.02,0.0,0.012031298740236895,0.0,0.0,0.0,506849.2691496117,0.0,2022
2022-09-01 00:00:00+00:00,20048.44,20208.37,19565.66,20131.46,0.0,0.004061841334821459,0.0,0.0,0.0,506849.2691496117,0.0,2022
2022-09-02 00:00:00+00:00,20132.64,20441.26,19755.29,19951.86,0.0,-0.00892135990136822,0.0,0.0,-0.0,506849.2691496117,0.0,2022
2022-09-03 00:00:00+00:00,19950.98,20055.93,19652.72,19831.9,0.0,-0.006012472020152426,0.0,0.0,-0.0,506849.2691496117,0.0,2022
2022-09-04 00:00:00+00:00,19832.45,20029.23,19583.1,20000.3,0.0,0.00849136996455191,0.0,0.0,0.0,506849.2691496117,0.0,2022
2022-09-05 00:00:00+00:00,20000.3,20057.27,19633.83,19796.84,0.0,-0.010172847407288854,0.0,0.0,-0.0,506849.2691496117,0.0,2022
2022-09-06 00:00:00+00:00,19795.34,20180.0,18649.51,18790.61,0.0,-0.05082780888262972,0.0,0.0,-0.0,506849.2691496117,0.0,2022
2022-09-07 00:00:00+00:00,18790.61,19464.06,18510.77,19292.84,0.0,0.026727711340930327,0.0,0.0,0.0,506849.2691496117,0.0,2022
2022-09-08 00:00:00+00:00,19292.85,19458.25,19012.0,19319.77,0.0,0.0013958546279344564,0.0,0.0,0.0,506849.2691496117,0.0,2022
2022-09-09 00:00:00+00:00,19320.54,21597.22,19291.75,21360.11,0.0,0.10560891770450676,0.0,0.0,0.0,506849.2691496117,0.0,2022
2022-09-10 00:00:00+00:00,21361.62,21810.8,21111.13,21648.34,0.0,0.013493844366906371,0.0,0.0,0.0,506849.2691496117,0.0,2022
2022-09-11 00:00:00+00:00,21647.21,21860.0,21350.0,21826.87,0.0,0.008246821696259232,0.0,0.0,0.0,506849.2691496117,0.0,2022
2022-09-12 00:00:00+00:00,21826.87,22488.0,21538.51,22395.74,0.0,0.02606282989727804,0.0,0.0,0.0,506849.2691496117,0.0,2022
2022-09-13 00:00:00+00:00,22395.44,22799.0,19860.0,20173.57,1.0,-0.0992228879242214,1.0,0.0015,-0.1007228879242214,455797.9470185818,-51051.32213102991,2022
2022-09-14 00:00:00+00:00,20173.62,20541.48,19617.62,20226.71,1.0,0.0026341396193136912,0.0,0.0,0.0026341396193136912,456998.5824492253,1200.6354306435096,2022
2022-09-15 00:00:00+00:00,20227.17,20330.24,19497.0,19701.88,1.0,-0.02594737354715615,0.0,0.0,-0.02594737354715615,445140.6695198944,-11857.912929330894,2022
2022-09-16 00:00:00+00:00,19701.88,19890.0,19320.01,19803.3,1.0,0.005147732094602064,0.0,0.0,0.005147732094602064,447432.1344309946,2291.464911100222,2022
2022-09-17 00:00:00+00:00,19803.3,20189.0,19748.08,20113.62,1.0,0.015670115586796207,0.0,0.0,0.015670115586796207,454443.4476947753,7011.31326378067,2022
2022-09-18 00:00:00+00:00,20112.61,20117.26,19335.62,19416.18,1.0,-0.03467501126102601,0.0,0.0,-0.03467501126102601,438685.6160284595,-15757.83166631579,2022
2022-09-19 00:00:00+00:00,19417.45,19686.2,18232.56,19537.02,1.0,0.006223675305853105,0.0,0.0,0.006223675305853105,441415.8528639688,2730.236835509306,2022
2022-09-20 00:00:00+00:00,19537.02,19634.62,18711.87,18875.0,1.0,-0.03388541343562124,0.0,0.0,-0.03388541343562124,426458.2941926359,-14957.558671332896,2022
2022-09-21 00:00:00+00:00,18874.31,19956.0,18125.98,18461.36,1.0,-0.021914701986754936,0.0,0.0,-0.021914701986754936,417112.58776562446,-9345.706427011464,2022
2022-09-22 00:00:00+00:00,18461.36,19550.17,18356.39,19401.63,1.0,0.050931784007245406,0.0,0.0,0.050931784007245406,438356.87599240645,21244.288226781995,2022
2022-09-23 00:00:00+00:00,19401.63,19500.0,18531.42,19289.91,1.0,-0.00575827907242854,0.0,0.0,-0.00575827907242854,435832.6947671242,-2524.1812252822565,2022
2022-09-24 00:00:00+00:00,19288.57,19316.14,18805.34,18920.5,1.0,-0.019150426310957425,0.0,0.0,-0.019150426310957425,427486.31286208035,-8346.381905043847,2022
2022-09-25 00:00:00+00:00,18921.99,19180.21,18629.2,18807.38,1.0,-0.005978700351470523,0.0,0.0,-0.005978700351470523,424930.500293123,-2555.8125689573353,2022
2022-09-26 00:00:00+00:00,18809.13,19318.96,18680.72,19227.82,1.0,0.022355054239346472,0.0,0.0,0.022355054239346472,434429.8446751284,9499.344382005394,2022
2022-09-27 00:00:00+00:00,19226.68,20385.86,18816.32,19079.13,1.0,-0.007733065942992945,0.0,0.0,-0.007733065942992945,431070.37003865145,-3359.4746364769526,2022
2022-09-28 00:00:00+00:00,19078.1,19790.0,18471.28,19412.82,1.0,0.017489791201171112,0.0,0.0,0.017489791201171112,438609.70080363896,7539.330764987506,2022
2022-09-29 00:00:00+00:00,19412.82,19645.52,18843.01,19591.51,1.0,0.009204742020994416,0.0,0.0,0.009204742020994416,442646.989947442,4037.289143803064,2022
2022-09-30 00:00:00+00:00,19590.54,20185.0,19155.36,19422.61,1.0,-0.008621081274490683,0.0,0.0,-0.008621081274490683,438830.8942711965,-3816.095676245517,2022
2022-10-01 00:00:00+00:00,19422.61,19484.0,19159.42,19310.95,1.0,-0.005748969886127497,0.0,0.0,-0.005748969886127497,436308.068674929,-2522.825596267532,2022
2022-10-02 00:00:00+00:00,19312.24,19395.91,18920.35,19056.8,1.0,-0.01316092683166814,0.0,0.0,-0.01316092683166814,430565.8501070318,-5742.218567897158,2022
2022-10-03 00:00:00+00:00,19057.74,19719.1,18959.68,19629.08,1.0,0.03003022543134226,0.0,0.0,0.03003022543134226,443495.83964878344,12929.989541751624,2022
2022-10-04 00:00:00+00:00,19629.08,20475.0,19490.6,20337.82,1.0,0.03610663362725086,0.0,0.0,0.03610663362725086,459508.9814461921,16013.141797408636,2022
2022-10-05 00:00:00+00:00,20337.82,20365.6,19730.0,20158.26,1.0,-0.00882887153097045,0.0,0.0,-0.00882887153097045,455452.0356816766,-4056.9457645154907,2022
2022-10-06 00:00:00+00:00,20158.26,20456.6,19853.0,19960.67,1.0,-0.00980193727037948,0.0,0.0,-0.00980193727037948,450987.7233982581,-4464.312283418491,2022
2022-10-07 00:00:00+00:00,19960.67,20068.82,19320.0,19530.09,1.0,-0.02157142019781888,0.0,0.0,-0.02157142019781888,441259.27771277656,-9728.445685481536,2022
2022-10-08 00:00:00+00:00,19530.09,19627.38,19237.14,19417.96,1.0,-0.005741396993050318,0.0,0.0,-0.005741396993050318,438725.83302256087,-2533.4446902156924,2022
2022-10-09 00:00:00+00:00,19416.52,19558.0,19316.04,19439.02,1.0,0.0010845629510001231,0.0,0.0,0.0010845629510001231,439201.65880670387,475.82578414300224,2022
2022-10-10 00:00:00+00:00,19439.96,19525.0,19020.25,19131.87,1.0,-0.015800693656367493,0.0,0.0,-0.015800693656367493,432261.96794253064,-6939.69086417323,2022
2022-10-11 00:00:00+00:00,19131.87,19268.09,18860.0,19060.0,1.0,-0.003756559081783406,0.0,0.0,-0.003756559081783406,430638.15032114665,-1623.8176213839906,2022
2022-10-12 00:00:00+00:00,19060.0,19238.31,18965.88,19155.53,1.0,0.005012067156348277,0.0,0.0,0.005012067156348277,432796.5376506418,2158.3873294951627,2022
2022-10-13 00:00:00+00:00,19155.1,19513.79,18190.0,19375.13,1.0,0.011464052417239357,0.0,0.0,0.011464052417239357,437758.13984426844,4961.602193626633,2022
2022-10-14 00:00:00+00:00,19375.58,19951.87,19070.37,19176.93,1.0,-0.010229608781979871,0.0,0.0,-0.010229608781979871,433280.0453325343,-4478.094511734147,2022
2022-10-15 00:00:00+00:00,19176.93,19227.68,18975.18,19069.39,1.0,-0.005607779764540077,0.0,0.0,-0.005607779764540077,430850.3062619395,-2429.7390705947764,2022
2022-10-16 00:00:00+00:00,19068.4,19425.84,19063.74,19262.98,1.0,0.010151871664484391,0.0,0.0,0.010151871664484391,435224.24327771453,4373.937015775009,2022
2022-10-17 00:00:00+00:00,19262.98,19676.96,19152.03,19549.86,1.0,0.01489281513036933,0.0,0.0,0.01489281513036933,441705.9574731044,6481.714195389883,2022
2022-10-18 00:00:00+00:00,19548.48,19706.66,19091.0,19327.44,1.0,-0.011377063569764756,0.0,0.0,-0.011377063569764756,436680.6407157891,-5025.316757315304,2022
2022-10-19 00:00:00+00:00,19327.44,19360.16,19065.97,19123.97,1.0,-0.01052751942316199,0.0,0.0,-0.01052751942316199,432083.47678893484,-4597.163926854264,2022
2022-10-20 00:00:00+00:00,19123.35,19347.82,18900.0,19041.92,1.0,-0.004290427144573172,0.0,0.0,-0.004290427144573172,430229.65411139803,-1853.8226775368094,2022
2022-10-21 00:00:00+00:00,19041.92,19250.0,18650.0,19164.37,1.0,0.006430549020266962,0.0,0.0,0.006430549020266962,432996.26699213387,2766.6128807358327,2022
2022-10-22 00:00:00+00:00,19164.37,19257.0,19112.72,19204.35,1.0,0.002086163020229792,0.0,0.0,0.002086163020229792,433899.56779223046,903.3008000965929,2022
2022-10-23 00:00:00+00:00,19204.29,19695.0,19070.11,19570.4,1.0,0.019060785707404992,0.0,0.0,0.019060785707404992,442170.0344724538,8270.466680223355,2022
2022-10-24 00:00:00+00:00,19570.4,19601.15,19157.0,19329.72,1.0,-0.012298164575072601,0.0,0.0,-0.012298164575072601,436732.1546183461,-5437.879854107741,2022
2022-10-25 00:00:00+00:00,19330.6,20415.87,19237.0,20080.07,1.0,0.03881846193323013,0.0,0.0,0.03881846193323013,453685.4251374159,16953.270519069803,2022
2022-10-26 00:00:00+00:00,20079.02,21020.0,20050.41,20771.59,1.0,0.03443812695872084,0.0,0.0,0.03443812695872084,469309.5014076194,15624.076270203514,2022
2022-10-27 00:00:00+00:00,20771.61,20872.21,20200.0,20295.11,1.0,-0.022939023926430213,0.0,0.0,-0.022939023926430213,458543.999525929,-10765.501881690405,2022
2022-10-28 00:00:00+00:00,20295.11,20750.0,20000.09,20591.84,1.0,0.014620763326732344,0.0,0.0,0.014620763326732344,465248.2628178909,6704.263291961921,2022
2022-10-29 00:00:00+00:00,20591.84,21085.0,20554.01,20809.67,1.0,0.010578462148112866,0.0,0.0,0.010578462148112866,470169.87395558524,4921.61113769433,2022
2022-10-30 00:00:00+00:00,20809.68,20931.21,20515.0,20627.48,1.0,-0.008755064352293895,0.0,0.0,-0.008755064352293895,466053.50645259424,-4116.367502990994,2022
2022-10-31 00:00:00+00:00,20627.48,20845.92,20237.95,20490.74,1.0,-0.006629021092251608,0.0,0.0,-0.006629021092251608,462964.0279282022,-3089.4785243920633,2022
2022-11-01 00:00:00+00:00,20490.74,20700.0,20330.74,20483.62,1.0,-0.000347474029732564,0.0,0.0,-0.000347474029732564,462803.15995179676,-160.867976405425,2022
2022-11-02 00:00:00+00:00,20482.81,20800.0,20048.04,20151.84,1.0,-0.01619733230747289,0.0,0.0,-0.01619733230747289,455306.98337710905,-7496.176574687706,2022
2022-11-03 00:00:00+00:00,20151.84,20393.32,20031.24,20207.82,1.0,0.0027779101064715483,0.0,0.0,0.0027779101064715483,456571.78524777933,1264.801870670286,2022
2022-11-04 00:00:00+00:00,20207.12,21302.05,20180.96,21148.52,1.0,0.04655128559141963,0.0,0.0,0.04655128559141963,477825.788815833,21254.003568053653,2022
2022-11-05 00:00:00+00:00,21148.52,21480.65,21080.65,21299.37,1.0,0.007132886840308439,0.0,0.0,0.007132886840308439,481234.0660968374,3408.2772810044116,2022
2022-11-06 00:00:00+00:00,21299.37,21365.27,20886.13,20905.58,1.0,-0.018488340265463088,0.0,0.0,-0.018488340265463088,472336.84693550674,-8897.219161330664,2022
2022-11-07 00:00:00+00:00,20905.58,21069.77,20384.89,20591.13,1.0,-0.015041438697228293,0.0,0.0,-0.015041438697228293,465232.22120788426,-7104.625727622479,2022
2022-11-08 00:00:00+00:00,20590.67,20700.88,17166.83,18547.23,1.0,-0.09926118673428808,0.0,0.0,-0.09926118673428808,419052.7188237608,-46179.50238412345,2022
2022-11-09 00:00:00+00:00,18545.38,18587.76,15588.0,15922.81,0.5,-0.14149929666047167,0.5,0.00075,-0.07149964833023584,389090.5967960327,-29962.122027728125,2022
2022-11-10 00:00:00+00:00,15922.68,18199.0,15754.26,17601.15,0.0,0.10540476209915228,0.5,0.00075,-0.00075,388798.7788484357,-291.81794759701006,2022
2022-11-11 00:00:00+00:00,17602.45,17695.0,16361.6,17070.31,0.0,-0.03015939299420778,0.0,0.0,-0.0,388798.7788484357,0.0,2022
2022-11-12 00:00:00+00:00,17069.98,17119.1,16631.39,16812.08,0.0,-0.015127434709738652,0.0,0.0,-0.0,388798.7788484357,0.0,2022
2022-11-13 00:00:00+00:00,16813.16,16954.28,16229.0,16329.85,0.0,-0.028683541834204962,0.0,0.0,-0.0,388798.7788484357,0.0,2022
2022-11-14 00:00:00+00:00,16331.78,17190.0,15815.21,16619.46,0.0,0.017735006751439686,0.0,0.0,0.0,388798.7788484357,0.0,2022
2022-11-15 00:00:00+00:00,16617.72,17134.69,16527.72,16900.57,0.0,0.016914508654312543,0.0,0.0,0.0,388798.7788484357,0.0,2022
2022-11-16 00:00:00+00:00,16900.57,17015.92,16378.61,16662.76,0.0,-0.014071123044962497,0.0,0.0,-0.0,388798.7788484357,0.0,2022
2022-11-17 00:00:00+00:00,16661.61,16751.0,16410.74,16692.56,0.0,0.0017884192054620218,0.0,0.0,0.0,388798.7788484357,0.0,2022
2022-11-18 00:00:00+00:00,16692.56,17011.0,16546.04,16700.45,0.0,0.00047266566662029774,0.0,0.0,0.0,388798.7788484357,0.0,2022
2022-11-19 00:00:00+00:00,16699.43,16822.41,16553.53,16700.68,0.0,1.3772083985674755e-05,0.0,0.0,0.0,388798.7788484357,0.0,2022
2022-11-20 00:00:00+00:00,16700.68,16753.33,16180.0,16280.23,0.0,-0.025175621591456254,0.0,0.0,-0.0,388798.7788484357,0.0,2022
2022-11-21 00:00:00+00:00,16279.5,16319.0,15476.0,15781.29,0.0,-0.03064698717401404,0.0,0.0,-0.0,388798.7788484357,0.0,2022
2022-11-22 00:00:00+00:00,15781.29,16315.0,15616.63,16226.94,0.0,0.028239136344367255,0.0,0.0,0.0,388798.7788484357,0.0,2022
2022-11-23 00:00:00+00:00,16227.96,16706.0,16160.2,16603.11,0.0,0.023181819862524877,0.0,0.0,0.0,388798.7788484357,0.0,2022
2022-11-24 00:00:00+00:00,16603.11,16812.63,16458.05,16598.95,0.0,-0.00025055546822250196,0.0,0.0,-0.0,388798.7788484357,0.0,2022
2022-11-25 00:00:00+00:00,16599.55,16666.0,16342.81,16522.14,0.0,-0.004627401130794517,0.0,0.0,-0.0,388798.7788484357,0.0,2022
2022-11-26 00:00:00+00:00,16521.35,16701.99,16385.0,16458.57,0.0,-0.0038475645406708114,0.0,0.0,-0.0,388798.7788484357,0.0,2022
2022-11-27 00:00:00+00:00,16457.61,16600.0,16401.0,16428.78,0.0,-0.0018099992891241756,0.0,0.0,-0.0,388798.7788484357,0.0,2022
2022-11-28 00:00:00+00:00,16428.77,16487.04,15995.27,16212.91,0.0,-0.013139746225830473,0.0,0.0,-0.0,388798.7788484357,0.0,2022
2022-11-29 00:00:00+00:00,16212.18,16548.71,16100.0,16442.53,0.0,0.014162787556336154,0.0,0.0,0.0,388798.7788484357,0.0,2022
2022-11-30 00:00:00+00:00,16442.91,17249.0,16428.3,17163.64,0.0,0.0438563894972368,0.0,0.0,0.0,388798.7788484357,0.0,2022
2022-12-01 00:00:00+00:00,17165.53,17324.0,16855.01,16977.37,0.0,-0.010852593039704872,0.0,0.0,-0.0,388798.7788484357,0.0,2022
2022-12-02 00:00:00+00:00,16978.0,17105.73,16787.85,17092.74,0.0,0.0067955166200655,0.0,0.0,0.0,388798.7788484357,0.0,2022
2022-12-03 00:00:00+00:00,17092.13,17188.98,16858.74,16885.2,0.0,-0.01214199712860553,0.0,0.0,-0.0,388798.7788484357,0.0,2022
2022-12-04 00:00:00+00:00,16885.2,17202.84,16878.25,17105.7,0.0,0.013058773363655796,0.0,0.0,0.0,388798.7788484357,0.0,2022
2022-12-05 00:00:00+00:00,17106.65,17424.25,16867.0,16966.35,0.0,-0.00814640733790506,0.0,0.0,-0.0,388798.7788484357,0.0,2022
2022-12-06 00:00:00+00:00,16966.35,17107.01,16906.37,17088.96,0.0,0.007226657471996134,0.0,0.0,0.0,388798.7788484357,0.0,2022
2022-12-07 00:00:00+00:00,17088.96,17142.21,16678.83,16836.64,0.0,-0.014765088103664614,0.0,0.0,-0.0,388798.7788484357,0.0,2022
2022-12-08 00:00:00+00:00,16836.64,17299.0,16733.49,17224.1,0.0,0.023012905187733468,0.0,0.0,0.0,388798.7788484357,0.0,2022
2022-12-09 00:00:00+00:00,17224.1,17360.0,17058.21,17128.56,0.0,-0.005546879082216072,0.0,0.0,-0.0,388798.7788484357,0.0,2022
2022-12-10 00:00:00+00:00,17128.56,17227.72,17092.0,17127.49,0.0,-6.246876561721848e-05,0.0,0.0,-0.0,388798.7788484357,0.0,2022
2022-12-11 00:00:00+00:00,17127.49,17270.99,17071.0,17085.05,0.0,-0.0024778878866665854,0.0,0.0,-0.0,388798.7788484357,0.0,2022
2022-12-12 00:00:00+00:00,17085.05,17241.89,16871.85,17209.83,0.0,0.0073034612131659404,0.0,0.0,0.0,388798.7788484357,0.0,2022
2022-12-13 00:00:00+00:00,17208.93,18000.0,17080.14,17774.7,0.0,0.03282252061757718,0.0,0.0,0.0,388798.7788484357,0.0,2022
2022-12-14 00:00:00+00:00,17775.82,18387.95,17660.94,17803.15,1.0,0.0016005896020749866,1.0,0.0015,0.00010058960207498654,388837.8879628873,39.10911445162492,2022
2022-12-15 00:00:00+00:00,17804.01,17854.82,17275.51,17356.34,1.0,-0.025097244027040277,0.0,0.0,-0.025097244027040277,379079.12860172376,-9758.759361163538,2022
2022-12-16 00:00:00+00:00,17356.96,17531.73,16527.32,16632.12,1.0,-0.041726539120575,0.0,0.0,-0.041726539120575,363261.46851233044,-15817.660089393321,2022
2022-12-17 00:00:00+00:00,16631.5,16796.82,16579.85,16776.52,1.0,0.008681996041394635,0.0,0.0,0.008681996041394635,366415.3031439457,3153.83463161526,2022
2022-12-18 00:00:00+00:00,16777.54,16863.26,16663.07,16738.21,1.0,-0.0022835486739801736,0.0,0.0,-0.0022835486739801736,365578.5759643253,-836.727179620415,2022
2022-12-19 00:00:00+00:00,16739.0,16815.99,16256.3,16438.88,1.0,-0.017883035282745152,0.0,0.0,-0.017883035282745152,359040.92139173957,-6537.654572585714,2022
2022-12-20 00:00:00+00:00,16438.88,17061.27,16397.2,16895.56,1.0,0.027780481395326184,0.0,0.0,0.027780481395326184,369015.25102862355,9974.32963688398,2022
2022-12-21 00:00:00+00:00,16896.15,16925.0,16723.0,16824.67,1.0,-0.004195776878659463,0.0,0.0,-0.004195776878659463,367466.9453704849,-1548.3056581386481,2022
2022-12-22 00:00:00+00:00,16824.68,16868.52,16559.85,16821.43,1.0,-0.0001925743565845961,0.0,0.0,-0.0001925743565845961,367396.18065991404,-70.76471057086019,2022
2022-12-23 00:00:00+00:00,16821.9,16955.14,16731.13,16778.5,1.0,-0.0025521016940890373,0.0,0.0,-0.0025521016940890373,366458.54824485007,-937.6324150639703,2022
2022-12-24 00:00:00+00:00,16778.52,16869.99,16776.62,16836.12,1.0,0.003434156807819555,0.0,0.0,0.003434156807819555,367717.02436308877,1258.476118238701,2022
2022-12-25 00:00:00+00:00,16835.73,16857.96,16721.0,16832.11,1.0,-0.00023817839264617113,0.0,0.0,-0.00023817839264617113,367629.4421132773,-87.58224981144303,2022
2022-12-26 00:00:00+00:00,16832.11,16944.52,16791.0,16919.39,1.0,0.005185327329728651,0.0,0.0,0.005185327329728651,369535.7211066802,1906.2789934028988,2022
2022-12-27 00:00:00+00:00,16919.39,16972.83,16592.37,16706.36,1.0,-0.012590879458420079,0.0,0.0,-0.012590879458420079,364882.94138664566,-4652.779720034567,2022
2022-12-28 00:00:00+00:00,16706.06,16785.19,16465.33,16547.31,1.0,-0.00952032639066791,0.0,0.0,-0.00952032639066791,361409.1366902579,-3473.804696387786,2022
2022-12-29 00:00:00+00:00,16547.32,16664.41,16488.91,16633.47,1.0,0.00520688861210683,0.0,0.0,0.00520688861210683,363290.95380840177,1881.8171181438956,2022
2022-12-30 00:00:00+00:00,16633.47,16677.35,16333.0,16607.48,1.0,-0.0015625122118235746,0.0,0.0,-0.0015625122118235746,362723.3072566311,-567.646551770682,2022
2022-12-31 00:00:00+00:00,16607.48,16644.09,16470.0,16542.4,1.0,-0.003918716144773238,0.0,0.0,-0.003918716144773238,361301.897576399,-1421.4096802321146,2022
2023-01-01 00:00:00+00:00,16541.77,16628.0,16499.01,16616.75,1.0,0.004494511074571994,0.0,0.0,0.004494511074571994,362925.77295632,1623.8753799210535,2023
2023-01-02 00:00:00+00:00,16617.17,16799.23,16548.7,16672.87,1.0,0.003377315058600505,0.0,0.0,0.003377315058600505,364151.4876344796,1225.7146781595657,2023
2023-01-03 00:00:00+00:00,16672.78,16778.4,16605.28,16675.18,1.0,0.0001385484322735664,0.0,0.0,0.0001385484322735664,364201.94025220146,50.452617721864954,2023
2023-01-04 00:00:00+00:00,16675.65,16991.87,16652.66,16850.36,1.0,0.01050543382440261,0.0,0.0,0.01050543382440261,368028.03963424,3826.0993820385193,2023
2023-01-05 00:00:00+00:00,16850.36,16879.82,16753.0,16831.85,1.0,-0.0010984928511914571,0.0,0.0,-0.0010984928511914571,367623.7634636638,-404.2761705761659,2023
2023-01-06 00:00:00+00:00,16831.85,17041.0,16679.0,16950.65,1.0,0.007058047689350921,0.0,0.0,0.007058047689350921,370218.469517929,2594.7060542652034,2023
2023-01-07 00:00:00+00:00,16950.31,16981.91,16908.0,16943.57,1.0,-0.00041768309769840695,0.0,0.0,-0.00041768309769840695,370063.8355207556,-154.6339971733978,2023
2023-01-08 00:00:00+00:00,16943.83,17176.99,16911.0,17127.83,1.0,0.010874921873017529,0.0,0.0,0.010874921873017529,374088.250820073,4024.415299317392,2023
2023-01-09 00:00:00+00:00,17127.83,17398.8,17104.66,17178.26,1.0,0.0029443309514396443,0.0,0.0,0.0029443309514396443,375189.6904355325,1101.4396154594724,2023
2023-01-10 00:00:00+00:00,17179.04,17499.0,17146.34,17440.66,1.0,0.015275120995956515,0.0,0.0,0.015275120995956515,380920.7583533707,5731.067917838227,2023
2023-01-11 00:00:00+00:00,17440.64,18000.0,17315.6,17943.26,1.0,0.02881771676071887,0.0,0.0,0.02881771676071887,391898.0248758764,10977.26652250567,2023
2023-01-12 00:00:00+00:00,17943.26,19117.04,17892.05,18846.62,1.0,0.05034536644957499,0.0,0.0,0.05034536644957499,411628.274549117,19730.249673240643,2023
2023-01-13 00:00:00+00:00,18846.62,20000.0,18714.12,19930.01,1.0,0.05748457813655716,0.0,0.0,0.05748457813655716,435290.55226065195,23662.27771153493,2023
2023-01-14 00:00:00+00:00,19930.01,21258.0,19888.05,20954.92,1.0,0.0514254634092004,0.0,0.0,0.0514254634092004,457675.5706283028,22385.01836765086,2023
2023-01-15 00:00:00+00:00,20952.76,21050.74,20551.01,20871.5,1.0,-0.003980926674976515,0.0,0.0,-0.003980926674976515,455853.59774070355,-1821.9728875992587,2023
2023-01-16 00:00:00+00:00,20872.99,21474.05,20611.48,21185.65,1.0,0.0150516254222266,0.0,0.0,0.0150516254222266,462714.935341271,6861.337600567436,2023
2023-01-17 00:00:00+00:00,21185.65,21647.45,20841.31,21134.81,1.0,-0.0023997375582056613,0.0,0.0,-0.0023997375582056613,461604.5409321899,-1110.3944090810837,2023
2023-01-18 00:00:00+00:00,21132.29,21650.0,20407.15,20677.47,1.0,-0.02163918199406567,0.0,0.0,-0.02163918199406567,451615.79626167106,-9988.744670518849,2023
2023-01-19 00:00:00+00:00,20677.47,21192.0,20659.19,21071.59,1.0,0.019060358931726196,0.0,0.0,0.019060358931726196,460223.75543765584,8607.959175984783,2023
2023-01-20 00:00:00+00:00,21071.59,22755.93,20861.28,22667.21,1.0,0.07572375886205074,0.0,0.0,0.07572375886205074,495073.6281170043,34849.87267934845,2023
2023-01-21 00:00:00+00:00,22666.0,23371.8,22422.0,22783.55,1.0,0.0051325240292035,0.0,0.0,0.0051325240292035,497614.60540953977,2540.9772925354773,2023
2023-01-22 00:00:00+00:00,22783.35,23078.71,22292.37,22707.88,1.0,-0.003321255906125198,0.0,0.0,-0.003321255906125198,495961.89996234915,-1652.7054471906158,2023
2023-01-23 00:00:00+00:00,22706.02,23180.0,22500.0,22916.45,1.0,0.009184917306239049,0.0,0.0,0.009184917306239049,500517.2690005486,4555.369038199424,2023
2023-01-24 00:00:00+00:00,22917.81,23162.2,22462.93,22632.89,1.0,-0.012373644259909389,0.0,0.0,-0.012373644259909389,494324.04636799434,-6193.222632554243,2023
2023-01-25 00:00:00+00:00,22631.94,23816.73,22300.0,23060.94,1.0,0.01891274158978362,0.0,0.0,0.01891274158978362,503673.06931856845,9349.022950574115,2023
2023-01-26 00:00:00+00:00,23060.42,23282.47,22850.01,23009.65,1.0,-0.002224107083232396,0.0,0.0,-0.002224107083232396,502552.8464774636,-1120.2228411048418,2023
2023-01-27 00:00:00+00:00,23009.65,23500.0,22534.88,23074.16,1.0,0.0028036063130034705,0.0,0.0,0.0028036063130034705,503961.8068104657,1408.960333002091,2023
2023-01-28 00:00:00+00:00,23074.16,23189.0,22878.46,23022.6,1.0,-0.0022345342148967218,0.0,0.0,-0.0022345342148967218,502835.6869101465,-1126.1199003192014,2023
2023-01-29 00:00:00+00:00,23021.4,23960.54,22967.76,23742.3,1.0,0.03126058742279336,0.0,0.0,0.03126058742279336,518554.6258601015,15718.938949954987,2023
2023-01-30 00:00:00+00:00,23743.37,23800.51,22500.0,22826.15,1.0,-0.03858724723383988,0.0,0.0,-0.03858724723383988,498545.0303077864,-20009.595552315062,2023
2023-01-31 00:00:00+00:00,22827.38,23320.0,22714.77,23125.13,1.0,0.01309813525276926,0.0,0.0,0.01309813525276926,505075.0405443537,6530.010236567294,2023
2023-02-01 00:00:00+00:00,23125.13,23812.66,22760.23,23732.66,1.0,0.026271419879585478,0.0,0.0,0.026271419879585478,518344.0790051931,13269.038460839365,2023
2023-02-02 00:00:00+00:00,23731.41,24255.0,23363.27,23488.94,1.0,-0.010269392474337113,0.0,0.0,-0.010269392474337113,513021.0002211399,-5323.078784053156,2023
2023-02-03 00:00:00+00:00,23489.33,23715.7,23204.62,23431.9,1.0,-0.002428376929737852,0.0,0.0,-0.002428376929737852,511775.19185973186,-1245.8083614080679,2023
2023-02-04 00:00:00+00:00,23431.9,23587.78,23253.96,23326.84,1.0,-0.004483631288969336,0.0,0.0,-0.004483631288969336,509480.5805965913,-2294.6112631405704,2023
2023-02-05 00:00:00+00:00,23327.66,23433.33,22743.0,22932.91,1.0,-0.016887413811729313,0.0,0.0,-0.016887413811729313,500876.7712030165,-8603.809393574775,2023
2023-02-06 00:00:00+00:00,22932.91,23158.25,22628.13,22762.52,1.0,-0.007429933663019583,0.0,0.0,-0.007429933663019583,497155.2900196307,-3721.4811833858257,2023
2023-02-07 00:00:00+00:00,22762.52,23350.25,22745.78,23240.46,1.0,0.020996796488262248,0.0,0.0,0.020996796488262248,507593.95846723585,10438.66844760516,2023
2023-02-08 00:00:00+00:00,23242.42,23452.0,22665.85,22963.0,1.0,-0.011938662143520351,0.0,0.0,-0.011938662143520351,501533.96569100337,-6059.9927762324805,2023
2023-02-09 00:00:00+00:00,22961.85,23011.39,21688.0,21796.35,1.0,-0.05080564386186481,0.0,0.0,-0.05080564386186481,476053.20964547753,-25480.756045525835,2023
2023-02-10 00:00:00+00:00,21797.83,21938.16,21451.0,21625.19,1.0,-0.007852690932197315,0.0,0.0,-0.007852690932197315,472314.9109228511,-3738.2987226264086,2023
2023-02-11 00:00:00+00:00,21625.19,21906.32,21599.78,21862.55,0.5,0.01097608853378862,0.5,0.00075,0.00473804426689431,474552.7598787178,2237.848955866706,2023
2023-02-12 00:00:00+00:00,21862.02,22090.0,21630.0,21783.54,0.5,-0.0036139425638820333,0.0,0.0,-0.0018069712819410166,473695.2566698511,-857.5032088667504,2023
2023-02-13 00:00:00+00:00,21782.37,21894.99,21351.07,21773.97,0.5,-0.0004393225343538587,0.0,0.0,-0.00021966126717692935,473591.2041695153,-104.05250033579068,2023
2023-02-14 00:00:00+00:00,21774.63,22319.08,21532.77,22199.84,0.5,0.01955867487646934,0.0,0.0,0.00977933743823467,478222.6123628689,4631.408193353622,2023
2023-02-15 00:00:00+00:00,22199.84,24380.0,22047.28,24324.05,0.5,0.09568582476270104,0.0,0.0,0.04784291238135052,501102.1749049263,22879.562542057363,2023
2023-02-16 00:00:00+00:00,24322.87,25250.0,23505.25,23517.72,1.0,-0.033149496074872276,0.5,0.00075,-0.033899496074872276,484115.0636936268,-16987.11121129949,2023
2023-02-17 00:00:00+00:00,23517.72,25021.11,23339.37,24569.97,1.0,0.04474285772600406,0.0,0.0,0.04474285772600406,505775.7551114862,21660.6914178594,2023
2023-02-18 00:00:00+00:00,24568.24,24877.0,24430.0,24631.95,1.0,0.002522591602675872,0.0,0.0,0.002522591602675872,507051.6207841675,1275.865672681306,2023
2023-02-19 00:00:00+00:00,24632.05,25192.0,24192.57,24271.76,1.0,-0.014622878010064233,0.0,0.0,-0.014622878010064233,499637.06678863533,-7414.553995532158,2023
2023-02-20 00:00:00+00:00,24272.51,25121.23,23840.83,24842.2,1.0,0.02350220997570851,0.0,0.0,0.02350220997570851,511379.64204394893,11742.575255313597,2023
2023-02-21 00:00:00+00:00,24843.89,25250.0,24148.34,24452.16,1.0,-0.01570070283630276,0.0,0.0,-0.01570070283630276,503350.622247682,-8029.019796266919,2023
2023-02-22 00:00:00+00:00,24450.67,24476.05,23574.69,24182.21,1.0,-0.011039924489288477,0.0,0.0,-0.011039924489288477,497793.6693864312,-5556.952861250786,2023
2023-02-23 00:00:00+00:00,24182.21,24599.59,23608.0,23940.2,1.0,-0.01000777017485166,0.0,0.0,-0.01000777017485166,492811.8647487158,-4981.804637715453,2023
2023-02-24 00:00:00+00:00,23940.2,24132.35,22841.19,23185.29,1.0,-0.031533153440656325,0.0,0.0,-0.031533153440656325,477271.95260021853,-15539.912148497242,2023
2023-02-25 00:00:00+00:00,23184.04,23219.13,22722.0,23157.07,1.0,-0.0012171510470647684,0.0,0.0,-0.0012171510470647684,476691.0405433765,-580.912056842004,2023
2023-02-26 00:00:00+00:00,23157.07,23689.99,23059.18,23554.85,1.0,0.017177475388725716,0.0,0.0,0.017177475388725716,484879.3891603364,8188.348616959876,2023
2023-02-27 00:00:00+00:00,23554.85,23897.99,23106.77,23492.09,1.0,-0.002664419429544207,0.0,0.0,-0.002664419429544207,483587.4670948721,-1291.922065464314,2023
2023-02-28 00:00:00+00:00,23492.09,23600.0,23020.97,23141.57,1.0,-0.014920766947512987,0.0,0.0,-0.014920766947512987,476371.97119961143,-7215.495895260654,2023
2023-03-01 00:00:00+00:00,23141.57,24000.0,23020.03,23628.97,1.0,0.021061665219775483,0.0,0.0,0.021061665219775483,486405.1581771022,10033.186977490783,2023
2023-03-02 00:00:00+00:00,23629.76,23796.93,23195.9,23465.32,1.0,-0.00692582029601807,0.0,0.0,-0.00692582029601807,483036.40346051136,-3368.754716590862,2023
2023-03-03 00:00:00+00:00,23465.32,23476.95,21971.13,22354.34,1.0,-0.04734561471993559,0.0,0.0,-0.04734561471993559,460166.7480065666,-22869.655453944753,2023
2023-03-04 00:00:00+00:00,22354.34,22410.0,22157.08,22346.57,1.0,-0.0003475835117475734,0.0,0.0,-0.0003475835117475734,460006.8016323051,-159.94637426151894,2023
2023-03-05 00:00:00+00:00,22346.57,22662.09,22189.22,22430.24,1.0,0.00374419877412957,0.0,0.0,0.00374419877412957,461729.158535068,1722.3569027628982,2023
2023-03-06 00:00:00+00:00,22430.24,22602.19,22258.0,22410.0,1.0,-0.0009023532516817534,0.0,0.0,-0.0009023532516817534,461312.5157274676,-416.64280760037946,2023
2023-03-07 00:00:00+00:00,22409.41,22557.91,21927.0,22197.96,1.0,-0.009461847389558242,0.0,0.0,-0.009461847389558242,456947.64710476116,-4364.868622706446,2023
2023-03-08 00:00:00+00:00,22198.56,22287.0,21580.0,21705.44,1.0,-0.022187624448372745,0.0,0.0,-0.022187624448372745,446809.06431823317,-10138.582786527986,2023
2023-03-09 00:00:00+00:00,21704.37,21834.99,20042.72,20362.22,0.0,-0.06188402538718396,1.0,0.0015,-0.0015,446138.8507217558,-670.2135964773479,2023
2023-03-10 00:00:00+00:00,20362.21,20367.78,19549.09,20150.69,0.5,-0.010388356475865668,0.5,0.00075,-0.005944178237932834,443486.9218741992,-2651.9288475566427,2023
2023-03-11 00:00:00+00:00,20150.69,20686.51,19765.03,20455.73,0.5,0.015137943167206735,0.0,0.0,0.007568971583603368,446843.6617835647,3356.7399093655404,2023
2023-03-12 00:00:00+00:00,20455.73,22150.0,20270.6,21997.11,0.5,0.07535199183798391,0.0,0.0,0.037675995918991956,463678.9417613497,16835.279977784958,2023
2023-03-13 00:00:00+00:00,21998.05,24500.0,21813.88,24113.48,0.5,0.09621127502658289,0.0,0.0,0.048105637513291444,485984.5128562678,22305.571094918123,2023
2023-03-14 00:00:00+00:00,24112.27,26386.87,23976.42,24670.41,0.0,0.023096210086640312,0.5,0.00075,-0.00075,485620.02447162557,-364.4883846422308,2023
2023-03-15 00:00:00+00:00,24670.41,25196.97,23896.95,24285.66,1.0,-0.01559560623435119,1.0,0.0015,-0.01709560623435119,477318.0557537426,-8301.968717882992,2023
2023-03-16 00:00:00+00:00,24285.66,25167.4,24123.0,24998.78,1.0,0.02936383034267953,0.0,0.0,0.02936383034267953,491333.9421623932,14015.886408650607,2023
2023-03-17 00:00:00+00:00,24998.78,27756.84,24890.0,27395.13,1.0,0.09585867790348179,0.0,0.0,0.09585867790348179,538432.564267186,47098.6221047928,2023
2023-03-18 00:00:00+00:00,27395.13,27724.85,26578.0,26907.49,1.0,-0.017800244057976755,0.0,0.0,-0.017800244057976755,528848.3332144679,-9584.231052718125,2023
2023-03-19 00:00:00+00:00,26907.49,28390.1,26827.22,27972.87,1.0,0.039594179910500626,0.0,0.0,0.039594179910500626,549787.6492651298,20939.31605066196,2023
2023-03-20 00:00:00+00:00,27972.87,28472.0,27124.47,27717.01,1.0,-0.009146719660871439,0.0,0.0,-0.009146719660871439,544758.8957642922,-5028.7535008376,2023
2023-03-21 00:00:00+00:00,27717.01,28438.55,27303.1,28105.47,1.0,0.014015220256441863,0.0,0.0,0.014015220256441863,552393.8116750849,7634.915910792653,2023
2023-03-22 00:00:00+00:00,28107.81,28868.05,26601.8,27250.97,1.0,-0.030403334297558482,0.0,0.0,-0.030403334297558482,535599.1979548247,-16794.61372026021,2023
2023-03-23 00:00:00+00:00,27250.97,28750.0,27105.0,28295.41,1.0,0.038326709104299805,0.0,0.0,0.038326709104299805,556126.9526113354,20527.754656510777,2023
2023-03-24 00:00:00+00:00,28295.42,28374.3,27000.0,27454.47,1.0,-0.029720014659621374,0.0,0.0,-0.029720014659621374,539598.8514271161,-16528.101184219355,2023
2023-03-25 00:00:00+00:00,27454.46,27787.33,27156.09,27462.95,1.0,0.0003088750210802349,0.0,0.0,0.0003088750210802349,539765.5200337254,166.6686066093389,2023
2023-03-26 00:00:00+00:00,27462.96,28194.4,27417.76,27968.05,1.0,0.018392051837111456,0.0,0.0,0.018392051837111456,549692.9154580712,9927.395424345741,2023
2023-03-27 00:00:00+00:00,27968.05,28023.86,26508.14,27124.91,1.0,-0.030146542215134797,0.0,0.0,-0.030146542215134797,533121.5747768539,-16571.34068121726,2023
2023-03-28 00:00:00+00:00,27124.9,27520.0,26631.78,27261.07,1.0,0.005019740157663266,0.0,0.0,0.005019740157663266,535797.7065546779,2676.131777824019,2023
2023-03-29 00:00:00+00:00,27261.06,28650.0,27240.1,28348.6,1.0,0.03989315166279228,0.0,0.0,0.03989315166279228,557172.3657228401,21374.65916816215,2023
2023-03-30 00:00:00+00:00,28348.6,29184.68,27686.0,28028.53,1.0,-0.011290504645732002,0.0,0.0,-0.011290504645732002,550881.6085391728,-6290.757183667272,2023
2023-03-31 00:00:00+00:00,28028.53,28656.69,27511.71,28465.36,1.0,0.015585191231934026,0.0,0.0,0.015585191231934026,559467.2037544112,8585.595215238398,2023
2023-04-01 00:00:00+00:00,28465.36,28819.71,28220.27,28452.73,1.0,-0.00044369718141634706,0.0,0.0,-0.00044369718141634706,559218.9697330105,-248.23402140068356,2023
2023-04-02 00:00:00+00:00,28452.74,28530.0,27856.43,28171.87,1.0,-0.0098711090289052,0.0,0.0,-0.0098711090289052,553698.8583117438,-5520.111421266687,2023
2023-04-03 00:00:00+00:00,28171.87,28500.99,27200.24,27800.0,1.0,-0.013200046713263913,0.0,0.0,-0.013200046713263913,546390.0075169479,-7308.850794795901,2023
2023-04-04 00:00:00+00:00,27800.0,28444.44,27662.79,28165.47,1.0,0.013146402877697971,0.0,0.0,0.013146402877697971,553573.0706841141,7183.063167166198,2023
2023-04-05 00:00:00+00:00,28165.47,28775.0,27805.1,28170.01,1.0,0.00016119028015504355,0.0,0.0,0.00016119028015504355,553662.301282464,89.23059834982269,2023
2023-04-06 00:00:00+00:00,28170.01,28182.05,27711.0,28033.82,1.0,-0.004834574073633635,0.0,0.0,-0.004834574073633635,550985.5798751354,-2676.7214073284995,2023
2023-04-07 00:00:00+00:00,28033.83,28100.0,27766.94,27906.33,1.0,-0.004547721288072681,0.0,0.0,-0.004547721288072681,548479.8510241162,-2505.7288510192884,2023
2023-04-08 00:00:00+00:00,27906.34,28154.99,27859.02,27938.38,1.0,0.0011484849494720617,0.0,0.0,0.0011484849494720617,549109.771878106,629.9208539898973,2023
2023-04-09 00:00:00+00:00,27938.38,28530.0,27800.0,28323.76,1.0,0.013793927922807203,0.0,0.0,0.013793927922807203,556684.1524931017,7574.380614995607,2023
2023-04-10 00:00:00+00:00,28323.76,29770.0,28170.0,29637.34,1.0,0.046377317135860574,0.0,0.0,0.046377317135860574,582501.6699777821,25817.5174846804,2023
2023-04-11 00:00:00+00:00,29637.35,30550.0,29590.0,30200.42,1.0,0.01899900598366777,0.0,0.0,0.01899900598366777,593568.6226911864,11066.952713404316,2023
2023-04-12 00:00:00+00:00,30200.43,30486.0,29637.4,29888.07,1.0,-0.010342571394702404,0.0,0.0,-0.010342571394702404,587429.5968333477,-6139.025857838686,2023
2023-04-13 00:00:00+00:00,29888.07,30595.0,29854.59,30373.84,1.0,0.01625297317625396,0.0,0.0,0.01625297317625396,596977.0743136177,9547.477480269969,2023
2023-04-14 00:00:00+00:00,30373.84,31000.0,29966.0,30466.93,1.0,0.003064808400913499,0.0,0.0,0.003064808400913499,598806.6946661269,1829.6203525091987,2023
2023-04-15 00:00:00+00:00,30466.93,30595.6,30202.0,30295.09,1.0,-0.005640213831849872,0.0,0.0,-0.005640213831849872,595429.2968642666,-3377.3978018602356,2023
2023-04-16 00:00:00+00:00,30295.1,30549.99,30120.0,30304.65,1.0,0.0003155626868909245,0.0,0.0,0.0003155626868909245,595617.1921330387,187.89526877203025,2023
2023-04-17 00:00:00+00:00,30304.66,30316.06,29240.65,29430.27,1.0,-0.028852997807267244,0.0,0.0,-0.028852997807267244,578431.8505944534,-17185.341538585257,2023
2023-04-18 00:00:00+00:00,29430.27,30485.0,29096.78,30380.01,1.0,0.03227085582293321,0.0,0.0,0.03227085582293321,597098.3414483794,18666.49085392605,2023
2023-04-19 00:00:00+00:00,30380.01,30413.53,28520.0,28797.1,1.0,-0.05210366948529643,0.0,0.0,-0.05210366948529643,565987.3268153344,-31111.014633045066,2023
2023-04-20 00:00:00+00:00,28797.1,29088.3,28010.0,28243.65,1.0,-0.019218949130294316,0.0,0.0,-0.019218949130294316,555109.6451728792,-10877.681642455165,2023
2023-04-21 00:00:00+00:00,28243.65,28374.02,27125.0,27262.84,1.0,-0.03472674388756414,0.0,0.0,-0.03472674388756414,535832.4946954441,-19277.15047743509,2023
2023-04-22 00:00:00+00:00,27262.84,27882.72,27140.35,27816.85,1.0,0.020321067064179577,0.0,0.0,0.020321067064179577,546721.1827553168,10888.688059872715,2023
2023-04-23 00:00:00+00:00,27816.85,27816.85,27311.25,27590.6,1.0,-0.0081335593354388,0.0,0.0,-0.0081335593354388,542274.3935754352,-4446.789179881685,2023
2023-04-24 00:00:00+00:00,27590.59,28000.0,26942.82,27510.93,1.0,-0.002887577653258644,0.0,0.0,-0.002887577653258644,540708.5341546125,-1565.8594208227005,2023
2023-04-25 00:00:00+00:00,27510.93,28399.99,27192.0,28300.79,1.0,0.02871077059190652,0.0,0.0,0.02871077059190652,556232.6928358115,15524.158681199071,2023
2023-04-26 00:00:00+00:00,28300.8,30036.0,27235.0,28415.29,1.0,0.004045823455811615,0.0,0.0,0.004045823455811615,558483.1121113759,2250.4192755643744,2023
2023-04-27 00:00:00+00:00,28415.29,29890.0,28378.86,29472.77,1.0,0.03721517535101704,0.0,0.0,0.03721517535101704,579267.1590591825,20784.046947806608,2023
2023-04-28 00:00:00+00:00,29472.77,29599.54,28891.0,29311.7,1.0,-0.005465044513970008,0.0,0.0,-0.005465044513970008,576101.4382494431,-3165.7208097394323,2023
2023-04-29 00:00:00+00:00,29311.69,29448.88,29031.0,29230.45,1.0,-0.002771930662499922,0.0,0.0,-0.002771930662499922,574504.5250080492,-1596.9132413938642,2023
2023-04-30 00:00:00+00:00,29230.45,29969.39,29079.59,29233.21,1.0,9.442208382015593e-05,0.0,0.0,9.442208382015593e-05,574558.7709224646,54.24591441533994,2023
2023-05-01 00:00:00+00:00,29233.2,29337.34,27666.95,28068.26,1.0,-0.039850225137779915,0.0,0.0,-0.039850225137779915,551662.4745463182,-22896.296376146376,2023
2023-05-02 00:00:00+00:00,28068.26,28879.88,27872.0,28669.86,1.0,0.02143346256590184,0.0,0.0,0.02143346256590184,563486.5115435196,11824.036997201387,2023
2023-05-03 00:00:00+00:00,28669.85,29266.66,28113.69,29026.16,1.0,0.012427685381093623,0.0,0.0,0.012427685381093623,570489.3446254723,7002.833081952762,2023
2023-05-04 00:00:00+00:00,29026.16,29379.83,28663.64,28838.16,1.0,-0.006476915995777599,0.0,0.0,-0.006476915995777599,566794.3330638469,-3695.0115616254043,2023
2023-05-05 00:00:00+00:00,28838.16,29677.0,28800.0,29505.61,1.0,0.023144680520532646,0.0,0.0,0.023144680520532646,579912.606823458,13118.273759611067,2023
2023-05-06 00:00:00+00:00,29505.6,29820.0,28300.0,28848.2,1.0,-0.02228084760830229,0.0,0.0,-0.02228084760830229,566991.6624046912,-12920.944418766769,2023
2023-05-07 00:00:00+00:00,28848.19,29138.29,28395.23,28430.1,1.0,-0.01449310528906489,0.0,0.0,-0.01449310528906489,558774.192543438,-8217.469861253165,2023
2023-05-08 00:00:00+00:00,28430.09,28631.01,27262.0,27668.79,1.0,-0.02677830890499855,0.0,0.0,-0.02677830890499855,543811.1646073688,-14963.027936069295,2023
2023-05-09 00:00:00+00:00,27668.8,27818.0,27353.0,27628.27,1.0,-0.0014644659199046783,0.0,0.0,-0.0014644659199046783,543014.7716899376,-796.3929174311925,2023
2023-05-10 00:00:00+00:00,27628.28,28331.42,26777.0,27598.75,1.0,-0.0010684708090662465,0.0,0.0,-0.0010684708090662465,542434.5762574951,-580.1954324424732,2023
2023-05-11 00:00:00+00:00,27598.74,27630.14,26702.05,26968.62,1.0,-0.02283183115177323,0.0,0.0,-0.02283183115177323,530049.8016015003,-12384.774655994843,2023
2023-05-12 00:00:00+00:00,26968.61,27091.12,25811.46,26795.01,1.0,-0.0064374817843849685,0.0,0.0,-0.0064374817843849685,526637.6156588738,-3412.185942626442,2023
2023-05-13 00:00:00+00:00,26795.01,27045.45,26692.03,26775.28,1.0,-0.0007363311303112408,0.0,0.0,-0.0007363311303112408,526249.8359880713,-387.7796708025271,2023
2023-05-14 00:00:00+00:00,26775.27,27200.0,26560.53,26917.62,1.0,0.005316097534741049,0.0,0.0,0.005316097534741049,529047.4314438254,2797.5954557540826,2023
2023-05-15 00:00:00+00:00,26917.61,27663.59,26726.0,27162.14,1.0,0.009084012628159499,0.0,0.0,0.009084012628159499,533853.3049919565,4805.873548131087,2023
2023-05-16 00:00:00+00:00,27162.15,27296.89,26852.11,27033.84,1.0,-0.0047234864410535815,0.0,0.0,-0.0047234864410535815,531331.6561443153,-2521.6488476411905,2023
2023-05-17 00:00:00+00:00,27033.85,27500.0,26544.71,27405.61,1.0,0.013752023389943968,0.0,0.0,0.013752023389943968,538638.5415074296,7306.885363114299,2023
2023-05-18 00:00:00+00:00,27405.62,27485.33,26361.2,26821.28,1.0,-0.021321546938747327,0.0,0.0,-0.021321546938747327,527153.9345616605,-11484.606945769046,2023
2023-05-19 00:00:00+00:00,26821.28,27183.6,26630.0,26880.26,1.0,0.0021990001968585915,0.0,0.0,0.0021990001968585915,528313.1461675364,1159.2116058758693,2023
2023-05-20 00:00:00+00:00,26880.26,27150.0,26825.11,27102.43,1.0,0.008265173030320483,0.0,0.0,0.008265173030320483,532679.7457348041,4366.5995672676945,2023
2023-05-21 00:00:00+00:00,27102.42,27277.55,26666.03,26747.78,1.0,-0.013085542514084558,0.0,0.0,-0.013085542514084558,525709.3422755995,-6970.403459204594,2023
2023-05-22 00:00:00+00:00,26747.78,27099.89,26538.21,26849.27,1.0,0.0037943335858154903,0.0,0.0,0.0037943335858154903,527704.0588893727,1994.7166137732565,2023
2023-05-23 00:00:00+00:00,26849.28,27495.83,26798.11,27219.61,1.0,0.013793298663241194,0.0,0.0,0.013793298663241194,534982.8385794385,7278.77969006577,2023
2023-05-24 00:00:00+00:00,27219.61,27219.61,26080.5,26329.01,1.0,-0.03271905806144915,0.0,0.0,-0.03271905806144915,517478.70402207907,-17504.134557359444,2023
2023-05-25 00:00:00+00:00,26329.0,26631.98,25871.89,26473.79,1.0,0.005498877473934849,0.0,0.0,0.005498877473934849,520324.2560108671,2845.5519887880073,2023
2023-05-26 00:00:00+00:00,26473.8,26932.16,26327.24,26705.92,1.0,0.008768294981564617,0.0,0.0,0.008768294981564617,524886.6125736336,4562.356562766479,2023
2023-05-27 00:00:00+00:00,26705.93,26895.0,26551.0,26854.27,1.0,0.005554948116372804,0.0,0.0,0.005554948116372804,527802.3304734587,2915.717899825191,2023
2023-05-28 00:00:00+00:00,26854.28,28261.32,26764.36,28065.0,1.0,0.04508519501740316,0.0,0.0,0.04508519501740316,551598.4014734945,23796.071000035736,2023
2023-05-29 00:00:00+00:00,28065.01,28447.14,27524.6,27736.4,1.0,-0.011708533760912077,0.0,0.0,-0.011708533760912077,545139.992967377,-6458.408506117528,2023
2023-05-30 00:00:00+00:00,27736.39,28038.59,27554.0,27694.4,1.0,-0.0015142556351941394,0.0,0.0,-0.0015142556351941394,544314.5116610564,-825.481306320522,2023
2023-05-31 00:00:00+00:00,27694.39,27835.51,26839.01,27210.35,1.0,-0.017478262753480966,0.0,0.0,-0.017478262753480966,534800.8396057117,-9513.67205534468,2023
2023-06-01 00:00:00+00:00,27210.36,27350.0,26605.05,26817.93,1.0,-0.014421718206491185,0.0,0.0,-0.014421718206491185,527088.0926003234,-7712.7470053883735,2023
2023-06-02 00:00:00+00:00,26817.93,27300.0,26505.0,27242.59,1.0,0.01583492834831035,0.0,0.0,0.01583492834831035,535434.494779897,8346.402179573663,2023
2023-06-03 00:00:00+00:00,27242.59,27333.29,26914.93,27069.22,1.0,-0.006363932357385971,0.0,0.0,-0.006363932357385971,532027.0258733066,-3407.468906590482,2023
2023-06-04 00:00:00+00:00,27069.22,27455.02,26951.0,27115.21,1.0,0.001698977658018963,0.0,0.0,0.001698977658018963,532930.9279037276,903.9020304210717,2023
2023-06-05 00:00:00+00:00,27115.2,27129.33,25388.0,25728.2,1.0,-0.05115247125137512,0.0,0.0,-0.05115247125137512,505670.1939351635,-27260.733968564135,2023
2023-06-06 00:00:00+00:00,25728.2,27355.33,25351.02,27230.08,0.5,0.05837485716062529,0.5,0.00075,0.028437428580312646,520050.1539603875,14379.96002522402,2023
2023-06-07 00:00:00+00:00,27230.07,27391.77,26125.01,26339.34,0.0,-0.0327116189155523,0.5,0.00075,-0.00075,519660.1163449173,-390.03761547023896,2023
2023-06-08 00:00:00+00:00,26339.34,26810.0,26210.0,26498.61,0.0,0.006046848554291717,0.0,0.0,0.0,519660.1163449173,0.0,2023
2023-06-09 00:00:00+00:00,26498.62,26783.33,26269.91,26477.81,0.0,-0.000784946833060296,0.0,0.0,-0.0,519660.1163449173,0.0,2023
2023-06-10 00:00:00+00:00,26477.8,26533.87,25358.0,25841.21,0.0,-0.024042773930321393,0.0,0.0,-0.0,519660.1163449173,0.0,2023
2023-06-11 00:00:00+00:00,25841.22,26206.88,25634.7,25925.55,0.0,0.003263779056785765,0.0,0.0,0.0,519660.1163449173,0.0,2023
2023-06-12 00:00:00+00:00,25925.54,26106.48,25602.11,25905.19,0.0,-0.0007853256729365432,0.0,0.0,-0.0,519660.1163449173,0.0,2023
2023-06-13 00:00:00+00:00,25905.2,26433.21,25712.57,25934.25,0.0,0.0011217829323004747,0.0,0.0,0.0,519660.1163449173,0.0,2023
2023-06-14 00:00:00+00:00,25934.24,26098.0,24820.56,25128.6,0.0,-0.03106509731339835,0.0,0.0,-0.0,519660.1163449173,0.0,2023
2023-06-15 00:00:00+00:00,25128.6,25759.01,24800.0,25598.49,0.5,0.018699410233757652,0.5,0.00075,0.008599705116878825,524129.04010648653,4468.923761569255,2023
2023-06-16 00:00:00+00:00,25598.49,26518.0,25175.56,26345.0,0.5,0.029162266993092212,0.0,0.0,0.014581133496546106,531771.4356096957,7642.395503209205,2023
2023-06-17 00:00:00+00:00,26345.01,26839.99,26181.0,26516.99,0.5,0.006528373505409135,0.0,0.0,0.0032641867527045676,533507.2368852795,1735.801275583799,2023
2023-06-18 00:00:00+00:00,26516.99,26700.0,26255.85,26339.97,0.5,-0.006675719981792838,0.0,0.0,-0.003337859990896419,531726.4644244264,-1780.772460853099,2023
2023-06-19 00:00:00+00:00,26339.98,27068.09,26256.61,26844.35,0.5,0.019148844892382,0.0,0.0,0.009574422446191,536817.4382206455,5090.973796219099,2023
2023-06-20 00:00:00+00:00,26844.35,28402.74,26652.0,28307.99,0.0,0.05452320506922326,0.5,0.00075,-0.00075,536414.8251419801,-402.61307866545394,2023
2023-06-21 00:00:00+00:00,28308.0,30800.0,28257.99,29993.89,1.0,0.0595556236949355,1.0,0.0015,0.0580556236949355,567556.7223748075,31141.89723282738,2023
2023-06-22 00:00:00+00:00,29993.89,30500.0,29525.61,29884.92,1.0,-0.003633073269255882,0.0,0.0,-0.003633073269255882,565494.747217961,-2061.9751568464562,2023
2023-06-23 00:00:00+00:00,29884.92,31431.94,29800.0,30688.5,1.0,0.026889146766998273,0.0,0.0,0.026889146766998273,580700.4184718713,15205.671253910288,2023
2023-06-24 00:00:00+00:00,30688.51,30800.0,30250.0,30527.43,1.0,-0.005248545872232224,0.0,0.0,-0.005248545872232224,577652.5856874972,-3047.832784374128,2023
2023-06-25 00:00:00+00:00,30527.44,31046.01,30277.49,30462.66,1.0,-0.002121698420076701,0.0,0.0,-0.002121698420076701,576426.9811090908,-1225.6045784063172,2023
2023-06-26 00:00:00+00:00,30462.67,30666.0,29930.0,30267.99,1.0,-0.0063904465335593574,0.0,0.0,-0.0063904465335593574,572743.3553058122,-3683.6258032786427,2023
2023-06-27 00:00:00+00:00,30267.99,30994.97,30226.17,30692.44,1.0,0.014023065291087988,0.0,0.0,0.014023065291087988,580774.9727723025,8031.61746649025,2023
2023-06-28 00:00:00+00:00,30692.44,30709.74,29858.8,30077.41,1.0,-0.020038485047132126,0.0,0.0,-0.020038485047132126,569137.1221646561,-11637.850607646396,2023
2023-06-29 00:00:00+00:00,30077.4,30843.98,30049.98,30447.31,1.0,0.012298266373334643,0.0,0.0,0.012298266373334643,576136.5220959901,6999.3999313340755,2023
2023-06-30 00:00:00+00:00,30447.31,31282.0,29500.0,30472.0,1.0,0.0008109090753829484,0.0,0.0,0.0008109090753829484,576603.7164304174,467.19433442724403,2023
2023-07-01 00:00:00+00:00,30471.99,30661.6,30320.57,30585.9,1.0,0.003737857705434555,0.0,0.0,0.003737857705434555,578758.979074859,2155.2626444415655,2023
2023-07-02 00:00:00+00:00,30585.9,30791.0,30155.0,30617.03,1.0,0.00101778924275564,0.0,0.0,0.00101778924275564,579348.0337379096,589.0546630506869,2023
2023-07-03 00:00:00+00:00,30617.02,31380.0,30570.27,31156.2,1.0,0.017610133967925767,0.0,0.0,0.017610133967925767,589550.4302260885,10202.39648817887,2023
2023-07-04 00:00:00+00:00,31156.2,31350.69,30620.0,30766.51,1.0,-0.012507622880839175,0.0,0.0,-0.012507622880839175,582176.5557755842,-7373.874450504314,2023
2023-07-05 00:00:00+00:00,30766.52,30878.07,30200.0,30504.81,1.0,-0.008506002143239377,0.0,0.0,-0.008506002143239377,577224.5607444133,-4951.995031170896,2023
2023-07-06 00:00:00+00:00,30504.8,31500.0,29850.45,29895.43,1.0,-0.019976521735424746,0.0,0.0,-0.019976521735424746,565693.6217604815,-11530.938983931788,2023
2023-07-07 00:00:00+00:00,29895.42,30449.0,29701.02,30344.7,1.0,0.015028049437656454,0.0,0.0,0.015028049437656454,574194.893474865,8501.271714383503,2023
2023-07-08 00:00:00+00:00,30344.7,30386.81,30044.47,30284.63,1.0,-0.001979587868721766,0.0,0.0,-0.001979587868721766,573058.2242294601,-1136.6692454048898,2023
2023-07-09 00:00:00+00:00,30284.63,30445.52,30061.12,30160.71,1.0,-0.004091844608965056,0.0,0.0,-0.004091844608965056,570713.3590240236,-2344.8652054364793,2023
2023-07-10 00:00:00+00:00,30160.71,31045.78,29950.0,30411.57,1.0,0.008317443455409412,0.0,0.0,0.008317443455409412,575460.2351169528,4746.87609292916,2023
2023-07-11 00:00:00+00:00,30411.57,30813.63,30300.0,30622.1,1.0,0.006922694224599457,0.0,0.0,0.006922694224599457,579443.9703630835,3983.735246130731,2023
2023-07-12 00:00:00+00:00,30622.1,30983.25,30210.0,30380.0,1.0,-0.007906054777431892,0.0,0.0,-0.007906054777431892,574862.8545929403,-4581.115770143224,2023
2023-07-13 00:00:00+00:00,30380.0,31804.2,30251.0,31454.23,1.0,0.03535977616853181,0.0,0.0,0.03535977616853181,595189.8764589499,20327.02186600957,2023
2023-07-14 00:00:00+00:00,31454.23,31630.0,29900.0,30312.01,1.0,-0.036313716787853334,0.0,0.0,-0.036313716787853334,573576.3198502222,-21613.556608727667,2023
2023-07-15 00:00:00+00:00,30312.0,30390.9,30200.0,30289.52,1.0,-0.0007419501379155591,0.0,0.0,-0.0007419501379155591,573150.7548206042,-425.56502961798105,2023
2023-07-16 00:00:00+00:00,30289.52,30441.46,30064.29,30231.99,1.0,-0.0018993368003190625,0.0,0.0,-0.0018993368003190625,572062.1484998427,-1088.6063207614934,2023
2023-07-17 00:00:00+00:00,30232.0,30336.96,29659.2,30138.0,1.0,-0.0031089584245033164,0.0,0.0,-0.0031089584245033164,570283.6310639248,-1778.51743591798,2023
2023-07-18 00:00:00+00:00,30138.01,30239.78,29512.0,29859.13,1.0,-0.009253102395646695,0.0,0.0,-0.009253102395646695,565006.738231129,-5276.89283279574,2023
2023-07-19 00:00:00+00:00,29859.14,30189.09,29761.96,29909.21,1.0,0.0016772089474810237,0.0,0.0,0.0016772089474810237,565954.3725878773,947.6343567483127,2023
2023-07-20 00:00:00+00:00,29909.21,30417.46,29570.96,29800.0,1.0,-0.003651383637347849,0.0,0.0,-0.003651383637347849,563887.8560523245,-2066.5165355528006,2023
2023-07-21 00:00:00+00:00,29800.0,30061.7,29726.34,29901.72,1.0,0.003413422818792089,0.0,0.0,0.003413422818792089,565812.6437274133,1924.7876750887372,2023
2023-07-22 00:00:00+00:00,29901.72,29999.0,29625.1,29794.0,1.0,-0.0036024683529910506,0.0,0.0,-0.0036024683529910506,563774.3215846631,-2038.3221427501412,2023
2023-07-23 00:00:00+00:00,29793.99,30350.0,29730.0,30083.75,1.0,0.009725112438746075,0.0,0.0,0.009725112438746075,569257.0902521517,5482.768667488592,2023
2023-07-24 00:00:00+00:00,30083.75,30099.58,28861.9,29176.5,1.0,-0.03015747704325422,0.0,0.0,-0.03015747704325422,552089.7326211627,-17167.35763098905,2023
2023-07-25 00:00:00+00:00,29176.5,29376.0,29047.65,29228.91,0.5,0.001796308673075897,0.5,0.00075,0.0001481543365379485,552171.5271092087,81.79448804608546,2023
2023-07-26 00:00:00+00:00,29228.91,29690.0,29096.94,29351.96,0.5,0.0042098730332400525,0.0,0.0,0.0021049365166200262,553333.8131200587,1162.286010849988,2023
2023-07-27 00:00:00+00:00,29351.95,29567.49,29083.85,29222.78,0.5,-0.004401068957575638,0.0,0.0,-0.002200534478787819,552116.1829860088,-1217.6301340499194,2023
2023-07-28 00:00:00+00:00,29222.78,29542.22,29123.12,29314.14,0.5,0.003126328159059444,0.0,0.0,0.001563164079529722,552979.2311709797,863.0481849708594,2023
2023-07-29 00:00:00+00:00,29314.14,29406.92,29256.18,29352.9,0.5,0.0013222287947045608,0.0,0.0,0.0006611143973522804,553344.8137021436,365.5825311639346,2023
2023-07-30 00:00:00+00:00,29352.9,29449.0,29033.24,29281.09,0.5,-0.0024464362976061027,0.0,0.0,-0.0012232181488030514,552667.9522834771,-676.8614186665509,2023
2023-07-31 00:00:00+00:00,29281.09,29530.0,29101.8,29232.25,0.5,-0.0016679706937139382,0.0,0.0,-0.0008339853468569691,552207.0353095952,-460.91697388188913,2023
2023-08-01 00:00:00+00:00,29232.26,29739.25,28585.7,29705.99,0.5,0.01620607377126304,0.0,0.0,0.00810303688563152,556681.5892852142,4474.5539756190265,2023
2023-08-02 00:00:00+00:00,29705.99,30047.5,28927.5,29186.01,0.5,-0.01750421379661149,0.0,0.0,-0.008752106898305745,551809.4525074712,-4872.136777742999,2023
2023-08-03 00:00:00+00:00,29186.0,29433.33,28968.0,29193.64,0.5,0.00026142662186434684,0.0,0.0,0.00013071331093217342,551881.5813480121,72.128840540885,2023
2023-08-04 00:00:00+00:00,29193.65,29333.08,28807.54,29113.99,0.5,-0.002728333979592712,0.0,0.0,-0.001364166989796356,551128.7227124604,-752.8586355516454,2023
2023-08-05 00:00:00+00:00,29114.0,29152.23,28978.64,29072.13,0.5,-0.0014377967430778682,0.0,0.0,-0.0007188983715389341,550732.5171711941,-396.20554126636125,2023
2023-08-06 00:00:00+00:00,29072.13,29205.09,28991.88,29088.42,0.5,0.0005603304608226001,0.0,0.0,0.00028016523041130004,550886.8132737624,154.29610256827436,2023
2023-08-07 00:00:00+00:00,29088.43,29276.78,28701.03,29211.06,0.5,0.004216110740975276,0.0,0.0,0.002108055370487638,552048.1131790149,1161.2999052525265,2023
2023-08-08 00:00:00+00:00,29211.06,30244.0,29146.45,29770.42,0.5,0.019148911405474367,0.0,0.0,0.009574455702737183,557333.673384427,5285.560205412097,2023
2023-08-09 00:00:00+00:00,29770.41,30160.0,29376.67,29581.99,0.0,-0.006329437072100319,0.5,0.00075,-0.00075,556915.6731293886,-418.0002550383797,2023
2023-08-10 00:00:00+00:00,29581.99,29738.0,29320.2,29455.75,0.0,-0.0042674613844437825,0.0,0.0,-0.0,556915.6731293886,0.0,2023
2023-08-11 00:00:00+00:00,29455.76,29564.52,29252.45,29426.03,0.0,-0.0010089710837443144,0.0,0.0,-0.0,556915.6731293886,0.0,2023
2023-08-12 00:00:00+00:00,29426.02,29481.35,29381.56,29430.17,0.0,0.0001406917616817438,0.0,0.0,0.0,556915.6731293886,0.0,2023
2023-08-13 00:00:00+00:00,29430.18,29474.65,29272.32,29303.84,0.0,-0.004292533818187172,0.0,0.0,-0.0,556915.6731293886,0.0,2023
2023-08-14 00:00:00+00:00,29303.85,29695.32,29102.45,29430.93,0.0,0.004336974266853755,0.0,0.0,0.0,556915.6731293886,0.0,2023
2023-08-15 00:00:00+00:00,29430.92,29499.26,29059.6,29200.0,0.0,-0.007846507059070196,0.0,0.0,-0.0,556915.6731293886,0.0,2023
2023-08-16 00:00:00+00:00,29200.01,29259.85,28723.08,28730.51,0.0,-0.016078424657534285,0.0,0.0,-0.0,556915.6731293886,0.0,2023
2023-08-17 00:00:00+00:00,28730.51,28783.48,25166.0,26623.41,0.5,-0.07334015302895769,0.5,0.00075,-0.037420076514478845,536075.8460287744,-20839.827100614202,2023
2023-08-18 00:00:00+00:00,26623.41,26832.6,25619.0,26054.0,0.0,-0.0213875683092436,0.5,0.00075,-0.00075,535673.7891442528,-402.0568845216185,2023
2023-08-19 00:00:00+00:00,26054.0,26281.0,25801.09,26100.01,0.5,0.001765947647194288,0.5,0.00075,0.00013297382359714403,535745.019736196,71.2305919432547,2023
2023-08-20 00:00:00+00:00,26100.01,26299.0,25971.05,26189.99,0.5,0.003447508257659715,0.0,0.0,0.0017237541288298575,536668.5124259663,923.4926897702971,2023
2023-08-21 00:00:00+00:00,26190.0,26258.42,25812.0,26126.92,0.5,-0.0024081719771562593,0.0,0.0,-0.0012040859885781297,536022.3173896432,-646.195036323159,2023
2023-08-22 00:00:00+00:00,26126.92,26139.42,25300.0,26056.0,0.5,-0.0027144416563451568,0.0,0.0,-0.0013572208281725784,535294.8167361167,-727.5006535265129,2023
2023-08-23 00:00:00+00:00,26055.99,26819.27,25812.82,26432.72,0.5,0.014458090267116974,0.0,0.0,0.007229045133558487,539164.4871260618,3869.670389945153,2023
2023-08-24 00:00:00+00:00,26432.71,26577.87,25864.0,26180.05,0.5,-0.009558985984038038,0.0,0.0,-0.004779492992019019,536587.5542382973,-2576.932887764531,2023
2023-08-25 00:00:00+00:00,26180.05,26314.05,25777.15,26060.01,0.5,-0.0045851707693453925,0.0,0.0,-0.0022925853846726962,535357.3814538533,-1230.1727844439447,2023
2023-08-26 00:00:00+00:00,26060.0,26125.77,25985.92,26017.37,0.5,-0.0016362234703670708,0.0,0.0,-0.0008181117351835354,534919.3992975688,-437.9821562845027,2023
2023-08-27 00:00:00+00:00,26017.38,26182.23,25966.11,26101.77,0.5,0.003243986613558514,0.0,0.0,0.001621993306779257,535787.0349828958,867.6356853269972,2023
2023-08-28 00:00:00+00:00,26101.78,26253.99,25864.5,26120.0,0.5,0.0006984200688304742,0.0,0.0,0.0003492100344152371,535974.1371918214,187.10220892552752,2023
2023-08-29 00:00:00+00:00,26120.0,28142.85,25922.0,27716.34,0.5,0.061115620214395205,0.0,0.0,0.030557810107197603,552352.3330984982,16378.195906676818,2023
2023-08-30 00:00:00+00:00,27716.34,27768.57,27017.24,27299.99,0.0,-0.015021824670934159,0.5,0.00075,-0.00075,551938.0688486743,-414.26424982387107,2023
2023-08-31 00:00:00+00:00,27299.99,27587.51,25655.01,25940.78,0.0,-0.04978793032524931,0.0,0.0,-0.0,551938.0688486743,0.0,2023
2023-09-01 00:00:00+00:00,25940.77,26156.0,25333.75,25805.05,0.0,-0.005232302189833948,0.0,0.0,-0.0,551938.0688486743,0.0,2023
2023-09-02 00:00:00+00:00,25805.04,25987.5,25752.47,25869.51,0.0,0.002497960670488908,0.0,0.0,0.0,551938.0688486743,0.0,2023
2023-09-03 00:00:00+00:00,25869.52,26135.0,25800.0,25971.21,0.0,0.003931268895313478,0.0,0.0,0.0,551938.0688486743,0.0,2023
2023-09-04 00:00:00+00:00,25971.21,26108.02,25631.21,25826.02,0.0,-0.005590421085501895,0.0,0.0,-0.0,551938.0688486743,0.0,2023
2023-09-05 00:00:00+00:00,25826.03,25915.49,25562.62,25792.1,0.0,-0.0013134040785224288,0.0,0.0,-0.0,551938.0688486743,0.0,2023
2023-09-06 00:00:00+00:00,25792.11,26040.0,25372.51,25759.95,0.0,-0.0012465057129895651,0.0,0.0,-0.0,551938.0688486743,0.0,2023
2023-09-07 00:00:00+00:00,25759.95,26443.14,25615.38,26255.0,0.0,0.01921781680476853,0.0,0.0,0.0,551938.0688486743,0.0,2023
2023-09-08 00:00:00+00:00,26255.0,26445.5,25647.26,25910.5,0.0,-0.01312131022662355,0.0,0.0,-0.0,551938.0688486743,0.0,2023
2023-09-09 00:00:00+00:00,25910.5,25945.09,25796.64,25901.61,0.0,-0.0003431041469674767,0.0,0.0,-0.0,551938.0688486743,0.0,2023
2023-09-10 00:00:00+00:00,25901.6,26033.66,25570.57,25841.61,0.0,-0.002316458320544501,0.0,0.0,-0.0,551938.0688486743,0.0,2023
2023-09-11 00:00:00+00:00,25841.6,25900.69,24901.0,25162.52,0.0,-0.026278935406888304,0.0,0.0,-0.0,551938.0688486743,0.0,2023
2023-09-12 00:00:00+00:00,25162.53,26567.0,25131.48,25840.1,0.0,0.026928145511657675,0.0,0.0,0.0,551938.0688486743,0.0,2023
2023-09-13 00:00:00+00:00,25840.1,26405.22,25764.17,26222.0,0.0,0.01477935456906132,0.0,0.0,0.0,551938.0688486743,0.0,2023
2023-09-14 00:00:00+00:00,26222.0,26860.49,26126.77,26522.73,0.0,0.011468614140797806,0.0,0.0,0.0,551938.0688486743,0.0,2023
2023-09-15 00:00:00+00:00,26522.73,26888.0,26224.0,26600.0,0.0,0.0029133501717206745,0.0,0.0,0.0,551938.0688486743,0.0,2023
2023-09-16 00:00:00+00:00,26599.99,26777.0,26445.0,26559.67,0.0,-0.001516165413533943,0.0,0.0,-0.0,551938.0688486743,0.0,2023
2023-09-17 00:00:00+00:00,26559.67,26623.25,26399.0,26527.51,0.0,-0.0012108584180451354,0.0,0.0,-0.0,551938.0688486743,0.0,2023
2023-09-18 00:00:00+00:00,26527.5,27409.0,26377.35,26762.51,0.0,0.00885872816559119,0.0,0.0,0.0,551938.0688486743,0.0,2023
2023-09-19 00:00:00+00:00,26762.5,27483.57,26667.79,27210.26,0.0,0.016730493514995448,0.0,0.0,0.0,551938.0688486743,0.0,2023
2023-09-20 00:00:00+00:00,27210.25,27388.63,26800.0,27125.0,0.0,-0.0031333768953327734,0.0,0.0,-0.0,551938.0688486743,0.0,2023
2023-09-21 00:00:00+00:00,27125.01,27159.6,26377.7,26568.08,0.0,-0.020531612903225693,0.0,0.0,-0.0,551938.0688486743,0.0,2023
2023-09-22 00:00:00+00:00,26568.08,26743.38,26468.77,26580.14,0.0,0.00045392817245337724,0.0,0.0,0.0,551938.0688486743,0.0,2023
2023-09-23 00:00:00+00:00,26580.14,26632.81,26509.0,26575.96,0.0,-0.00015726027026197187,0.0,0.0,-0.0,551938.0688486743,0.0,2023
2023-09-24 00:00:00+00:00,26575.97,26738.54,26122.08,26248.38,0.0,-0.012326177492741452,0.0,0.0,-0.0,551938.0688486743,0.0,2023
2023-09-25 00:00:00+00:00,26248.39,26446.15,25990.46,26304.81,0.0,0.0021498469619840588,0.0,0.0,0.0,551938.0688486743,0.0,2023
2023-09-26 00:00:00+00:00,26304.8,26397.46,26088.34,26221.67,0.0,-0.0031606386816709353,0.0,0.0,-0.0,551938.0688486743,0.0,2023
2023-09-27 00:00:00+00:00,26221.68,26850.0,26112.06,26372.99,0.0,0.005770799495226742,0.0,0.0,0.0,551938.0688486743,0.0,2023
2023-09-28 00:00:00+00:00,26373.0,27308.48,26342.4,27021.39,0.0,0.024585759900564774,0.0,0.0,0.0,551938.0688486743,0.0,2023
2023-09-29 00:00:00+00:00,27021.39,27244.89,26665.16,26906.96,0.0,-0.004234793250828317,0.0,0.0,-0.0,551938.0688486743,0.0,2023
2023-09-30 00:00:00+00:00,26906.96,27094.99,26886.31,26962.56,0.0,0.002066379851161315,0.0,0.0,0.0,551938.0688486743,0.0,2023
2023-10-01 00:00:00+00:00,26962.57,28065.51,26954.09,27992.57,0.0,0.03820149125305594,0.0,0.0,0.0,551938.0688486743,0.0,2023
2023-10-02 00:00:00+00:00,27992.58,28580.0,27281.44,27494.51,1.0,-0.017792578530660186,1.0,0.0015,-0.019292578530660187,541289.7603113503,-10648.30853732396,2023
2023-10-03 00:00:00+00:00,27494.51,27676.52,27160.5,27426.46,1.0,-0.0024750395624435484,0.0,0.0,-0.0024750395624435484,539950.0467398341,-1339.7135715162149,2023
2023-10-04 00:00:00+00:00,27426.45,27839.72,27202.0,27778.57,1.0,0.012838332034101452,0.0,0.0,0.012838332034101452,546882.1047217087,6932.057981874561,2023
2023-10-05 00:00:00+00:00,27778.57,28120.39,27352.0,27410.39,1.0,-0.013254101993011136,0.0,0.0,-0.013254101993011136,539633.6735275746,-7248.431194134057,2023
2023-10-06 00:00:00+00:00,27410.39,28295.0,27175.94,27931.09,1.0,0.01899644623808716,0.0,0.0,0.01899644623808716,549884.7955950026,10251.122067427961,2023
2023-10-07 00:00:00+00:00,27931.1,28029.67,27842.08,27956.67,1.0,0.0009158253401495564,0.0,0.0,0.0009158253401495564,550388.3940249714,503.59842996881343,2023
2023-10-08 00:00:00+00:00,27956.67,28095.14,27687.5,27917.05,1.0,-0.0014171931063320375,0.0,0.0,-0.0014171931063320375,549608.387387154,-780.0066378173651,2023
2023-10-09 00:00:00+00:00,27917.06,27987.93,27260.0,27590.12,1.0,-0.01171076456860598,0.0,0.0,-0.01171076456860598,543172.0529575319,-6436.334429622162,2023
2023-10-10 00:00:00+00:00,27590.12,27735.0,27298.0,27390.12,1.0,-0.007248971733359588,0.0,0.0,-0.007248971733359588,539234.6140992919,-3937.438858240028,2023
2023-10-11 00:00:00+00:00,27390.12,27477.39,26538.66,26875.52,1.0,-0.018787796475517426,0.0,0.0,-0.018787796475517426,529103.5839170401,-10131.030182251707,2023
2023-10-12 00:00:00+00:00,26875.52,26947.04,26555.0,26759.63,1.0,-0.004312102612340163,0.0,0.0,-0.004312102612340163,526822.0349706329,-2281.5489464072743,2023
2023-10-13 00:00:00+00:00,26759.63,27130.0,26685.0,26862.0,1.0,0.0038255386939205493,0.0,0.0,0.0038255386939205493,528837.413050223,2015.3780795901548,2023
2023-10-14 00:00:00+00:00,26862.0,26989.58,26789.0,26852.48,1.0,-0.00035440399076769324,0.0,0.0,-0.00035440399076769324,528649.9909605709,-187.42208965215832,2023
2023-10-15 00:00:00+00:00,26852.48,27293.33,26808.25,27154.15,1.0,0.011234344090378379,0.0,0.0,0.011234344090378379,534589.0268623972,5939.035901826341,2023
2023-10-16 00:00:00+00:00,27154.14,30000.0,27112.66,28500.78,1.0,0.04959205130707445,0.0,0.0,0.04959205130707445,561100.3933107563,26511.3664483591,2023
2023-10-17 00:00:00+00:00,28500.77,28613.65,28069.32,28395.91,1.0,-0.003679548419376566,0.0,0.0,-0.003679548419376566,559035.7972454381,-2064.596065318212,2023
2023-10-18 00:00:00+00:00,28395.91,28982.36,28142.87,28320.0,1.0,-0.00267327231280845,0.0,0.0,-0.00267327231280845,557541.3423267931,-1494.454918644973,2023
2023-10-19 00:00:00+00:00,28320.0,28916.89,28100.66,28713.71,1.0,0.013902189265536657,0.0,0.0,0.013902189265536657,565292.3875911816,7751.045264388435,2023
2023-10-20 00:00:00+00:00,28713.71,30207.55,28578.29,29669.04,1.0,0.0332708660775638,0.0,0.0,0.0332708660775638,584100.154913394,18807.767322212458,2023
2023-10-21 00:00:00+00:00,29669.05,30379.99,29464.77,29909.8,1.0,0.00811485642946308,0.0,0.0,0.00811485642946308,588840.0438109434,4739.888897549361,2023
2023-10-22 00:00:00+00:00,29909.8,30248.0,29640.0,29992.46,1.0,0.002763642685674972,0.0,0.0,0.002763642685674972,590467.387291054,1627.3434801106341,2023
2023-10-23 00:00:00+00:00,29992.46,34741.91,29883.6,33069.99,1.0,0.10261012267749958,0.0,0.0,0.10261012267749958,651055.3183380517,60587.93104699766,2023
2023-10-24 00:00:00+00:00,33069.99,35280.0,32832.34,33922.73,1.0,0.02578591647593509,0.0,0.0,0.02578591647593509,667843.3763979301,16788.058059878414,2023
2023-10-25 00:00:00+00:00,33922.73,35132.85,33679.05,34496.05,1.0,0.0169007624091575,0.0,0.0,0.0169007624091575,679130.438628961,11287.062231030897,2023
2023-10-26 00:00:00+00:00,34496.05,34824.13,33751.0,34151.66,1.0,-0.009983461874620403,0.0,0.0,-0.009983461874620403,672350.3657870146,-6780.072841946385,2023
2023-10-27 00:00:00+00:00,34151.66,34245.0,33390.95,33892.02,1.0,-0.007602558704320916,0.0,0.0,-0.007602558704320916,667238.7826612472,-5111.5831257674145,2023
2023-10-28 00:00:00+00:00,33892.01,34493.33,33860.0,34081.0,1.0,0.005575943835746777,0.0,0.0,0.005575943835746777,670959.2686383983,3720.485977151082,2023
2023-10-29 00:00:00+00:00,34081.01,34750.11,33930.0,34525.89,1.0,0.013053901000557477,0.0,0.0,0.013053901000557477,679717.9045066105,8758.635868212208,2023
2023-10-30 00:00:00+00:00,34525.88,34856.0,34062.84,34474.73,1.0,-0.0014817865665446295,0.0,0.0,-0.0014817865665446295,678710.7076466727,-1007.1968599377433,2023
2023-10-31 00:00:00+00:00,34474.74,34720.49,34025.0,34639.77,1.0,0.004787274621149917,0.0,0.0,0.004787274621149917,681959.8821924923,3249.174545819522,2023
2023-11-01 00:00:00+00:00,34639.78,35582.0,34097.39,35421.43,1.0,0.022565392322177802,0.0,0.0,0.022565392322177802,697348.574482152,15388.692289659753,2023
2023-11-02 00:00:00+00:00,35421.43,35984.99,34300.0,34941.59,1.0,-0.013546601591183705,0.0,0.0,-0.013546601591183705,687901.8711734625,-9446.703308689524,2023
2023-11-03 00:00:00+00:00,34941.58,34946.5,34120.0,34716.78,1.0,-0.006433880083877019,0.0,0.0,-0.006433880083877019,683475.9930248578,-4425.87814860465,2023
2023-11-04 00:00:00+00:00,34716.78,35255.0,34585.18,35062.07,1.0,0.009945910882288134,0.0,0.0,0.009945910882288134,690273.7843416664,6797.791316808551,2023
2023-11-05 00:00:00+00:00,35062.06,35380.0,34448.0,35011.88,1.0,-0.0014314614054447006,0.0,0.0,-0.0014314614054447006,689285.684060191,-988.1002814753447,2023
2023-11-06 00:00:00+00:00,35011.89,35276.33,34725.9,35046.09,1.0,0.00097709691681791,0.0,0.0,0.00097709691681791,689959.1829768929,673.4989167018794,2023
2023-11-07 00:00:00+00:00,35046.09,35888.0,34523.06,35399.12,1.0,0.010073306323187703,0.0,0.0,0.010073306323187703,696909.3531775154,6950.170200622524,2023
2023-11-08 00:00:00+00:00,35399.13,36106.0,35100.0,35624.72,1.0,0.006373039781779832,0.0,0.0,0.006373039781779832,701350.7842096102,4441.431032094755,2023
2023-11-09 00:00:00+00:00,35624.72,37972.24,35534.05,36701.09,1.0,0.030214132209319677,0.0,0.0,0.030214132209319677,722541.4895288293,21190.705319219152,2023
2023-11-10 00:00:00+00:00,36701.1,37526.0,36324.71,37301.63,1.0,0.016363001752808914,0.0,0.0,0.016363001752808914,734364.4371884668,11822.94765963743,2023
2023-11-11 00:00:00+00:00,37301.63,37408.26,36666.93,37130.0,1.0,-0.004601139414014854,0.0,0.0,-0.004601139414014854,730985.5240322682,-3378.9131561985705,2023
2023-11-12 00:00:00+00:00,37129.99,37222.22,36731.1,37064.13,1.0,-0.0017740371667116506,0.0,0.0,-0.0017740371667116506,729688.7285443067,-1296.795487961499,2023
2023-11-13 00:00:00+00:00,37064.13,37417.99,36333.0,36462.93,1.0,-0.016220534516795504,0.0,0.0,-0.016220534516795504,717852.7873364371,-11835.94120786956,2023
2023-11-14 00:00:00+00:00,36462.93,36744.0,34800.0,35551.19,1.0,-0.025004573137704433,0.0,0.0,-0.025004573137704433,699903.1848133783,-17949.602523058886,2023
2023-11-15 00:00:00+00:00,35551.2,37980.0,35360.0,37858.2,1.0,0.06489262384747163,0.0,0.0,0.06489262384747163,745321.7389151203,45418.55410174199,2023
2023-11-16 00:00:00+00:00,37858.2,37929.54,35500.0,36163.51,1.0,-0.044764146208747246,0.0,0.0,-0.044764146208747246,711958.0476217661,-33363.691293354146,2023
2023-11-17 00:00:00+00:00,36163.51,36800.0,35861.1,36613.92,1.0,0.012454819789339933,0.0,0.0,0.012454819789339933,720825.3568024655,8867.309180699405,2023
2023-11-18 00:00:00+00:00,36613.91,36845.49,36178.58,36568.1,1.0,-0.0012514366120863762,0.0,0.0,-0.0012514366120863762,719923.2895600427,-902.0672424228396,2023
2023-11-19 00:00:00+00:00,36568.11,37500.0,36384.02,37359.86,1.0,0.021651658139197894,0.0,0.0,0.021651658139197894,735510.8225120435,15587.532952000853,2023
2023-11-20 00:00:00+00:00,37359.85,37750.0,36677.0,37448.78,1.0,0.0023800945720888755,0.0,0.0,0.0023800945720888755,737261.407828417,1750.585316373501,2023
2023-11-21 00:00:00+00:00,37448.79,37649.44,35735.0,35741.65,1.0,-0.04558573069670091,0.0,0.0,-0.04558573069670091,703652.8078380803,-33608.59999033669,2023
2023-11-22 00:00:00+00:00,35741.65,37861.1,35632.01,37408.34,1.0,0.046631590875071405,0.0,0.0,0.046631590875071405,736465.2576912809,32812.44985320058,2023
2023-11-23 00:00:00+00:00,37408.35,37653.44,36870.0,37294.28,1.0,-0.003049052697874255,0.0,0.0,-0.003049052697874255,734219.7363104266,-2245.521380854305,2023
2023-11-24 00:00:00+00:00,37294.27,38414.0,37251.51,37713.57,1.0,0.011242742854936427,0.0,0.0,0.011242742854936427,742474.380004784,8254.643694357364,2023
2023-11-25 00:00:00+00:00,37713.57,37888.0,37591.1,37780.67,1.0,0.001779200431038408,0.0,0.0,0.001779200431038408,743795.3907417235,1321.0107369394973,2023
2023-11-26 00:00:00+00:00,37780.67,37814.63,37150.0,37447.43,1.0,-0.008820383545342092,0.0,0.0,-0.008820383545342092,737234.8301161239,-6560.560625599581,2023
2023-11-27 00:00:00+00:00,37447.42,37569.23,36707.0,37242.7,1.0,-0.005467130855174918,0.0,0.0,-0.005467130855174918,733204.2708288863,-4030.5592872375855,2023
2023-11-28 00:00:00+00:00,37242.7,38377.0,36868.41,37818.87,1.0,0.0154706828452289,0.0,0.0,0.0154706828452289,744547.4415636474,11343.17073476105,2023
2023-11-29 00:00:00+00:00,37818.88,38450.0,37570.0,37854.64,1.0,0.0009458241348827556,0.0,0.0,0.0009458241348827556,745251.6525034434,704.2109397960594,2023
2023-11-30 00:00:00+00:00,37854.65,38145.85,37500.0,37723.96,1.0,-0.0034521527611939273,0.0,0.0,-0.0034521527611939273,742678.9299534693,-2572.7225499741035,2023
2023-12-01 00:00:00+00:00,37723.97,38999.0,37615.86,38682.52,1.0,0.025409845625962824,0.0,0.0,0.025409845625962824,761550.2869132422,18871.35695977288,2023
2023-12-02 00:00:00+00:00,38682.51,39717.14,38641.61,39450.35,1.0,0.019849534104810163,0.0,0.0,0.019849534104810163,776666.7053058546,15116.418392612366,2023
2023-12-03 00:00:00+00:00,39450.35,40250.0,39274.86,39972.26,1.0,0.013229540422328379,0.0,0.0,0.013229540422328379,786941.648878375,10274.943572520395,2023
2023-12-04 00:00:00+00:00,39972.26,42420.0,39972.26,41991.1,1.0,0.05050602592898157,0.0,0.0,0.05050602592898157,826686.9442012217,39745.29532284674,2023
2023-12-05 00:00:00+00:00,41991.1,44488.0,41414.0,44073.32,1.0,0.04958717442505667,0.0,0.0,0.04958717442505667,867680.0138982447,40993.06969702302,2023
2023-12-06 00:00:00+00:00,44073.82,44297.21,43335.28,43762.69,1.0,-0.007048028149456376,0.0,0.0,-0.007048028149456376,861564.5807355692,-6115.433162675472,2023
2023-12-07 00:00:00+00:00,43762.69,44047.33,42821.1,43273.14,1.0,-0.011186469570312108,0.0,0.0,-0.011186469570312108,851926.714770312,-9637.865965257282,2023
2023-12-08 00:00:00+00:00,43273.15,44700.0,43081.1,44170.99,1.0,0.02074843655902936,0.0,0.0,0.02074843655902936,869602.8621646662,17676.147394354222,2023
2023-12-09 00:00:00+00:00,44171.0,44358.02,43584.51,43713.6,1.0,-0.010354986383596998,0.0,0.0,-0.010354986383596998,860598.136367814,-9004.725796852144,2023
2023-12-10 00:00:00+00:00,43713.59,44049.0,43563.0,43789.51,1.0,0.0017365305076681992,0.0,0.0,0.0017365305076681992,862092.5912864591,1494.4549186450895,2023
2023-12-11 00:00:00+00:00,43789.5,43804.5,40222.0,41253.4,1.0,-0.05791592552645597,0.0,0.0,-0.05791592552645597,812163.7009726032,-49928.890313855954,2023
2023-12-12 00:00:00+00:00,41253.41,42104.12,40680.0,41492.39,1.0,0.005793219467971067,0.0,0.0,0.005793219467971067,816868.7435362571,4705.0425636539,2023
2023-12-13 00:00:00+00:00,41492.38,43475.2,40555.0,42869.03,1.0,0.033178132182793085,0.0,0.0,0.033178132182793085,843970.9226852951,27102.179149038042,2023
2023-12-14 00:00:00+00:00,42869.03,43420.0,41400.0,43022.26,1.0,0.0035743752541170792,0.0,0.0,0.0035743752541170792,846987.5914665358,3016.6687812407035,2023
2023-12-15 00:00:00+00:00,43022.26,43080.81,41666.0,41940.3,1.0,-0.02514884155318664,0.0,0.0,-0.02514884155318664,825686.8347312288,-21300.756735307048,2023
2023-12-16 00:00:00+00:00,41940.29,42724.43,41605.0,42278.03,1.0,0.008052636724105389,0.0,0.0,0.008052636724105389,832335.7908591959,6648.956127967103,2023
2023-12-17 00:00:00+00:00,42278.02,42424.07,41252.0,41374.65,1.0,-0.02136759919986808,0.0,0.0,-0.02136759919986808,814550.7732804113,-17785.01757878461,2023
2023-12-18 00:00:00+00:00,41374.64,42757.81,40542.93,42657.8,1.0,0.03101295116695857,0.0,0.0,0.03101295116695857,839812.396635165,25261.623354753712,2023
2023-12-19 00:00:00+00:00,42657.8,43497.0,41811.1,42275.99,1.0,-0.00895053190741213,0.0,0.0,-0.00895053190741213,832295.6289828417,-7516.767652323237,2023
2023-12-20 00:00:00+00:00,42275.99,44283.0,42206.0,43668.93,1.0,0.03294872574243679,0.0,0.0,0.03294872574243679,859718.7093988262,27423.0804159845,2023
2023-12-21 00:00:00+00:00,43668.92,44242.35,43286.72,43861.8,1.0,0.004416641305385882,0.0,0.0,0.004416641305385882,863515.7785617702,3797.0691629439825,2023
2023-12-22 00:00:00+00:00,43861.79,44398.26,43412.54,43969.04,1.0,0.0024449520995490914,0.0,0.0,0.0024449520995490914,865627.0332775586,2111.254715788411,2023
2023-12-23 00:00:00+00:00,43969.04,43988.68,43291.1,43702.16,1.0,-0.006069725424980743,0.0,0.0,-0.006069725424980743,860372.9148651231,-5254.11841243552,2023
2023-12-24 00:00:00+00:00,43702.15,43946.0,42500.0,42991.5,1.0,-0.016261438793872096,0.0,0.0,-0.016261438793872096,846382.0133701386,-13990.901494984515,2023
2023-12-25 00:00:00+00:00,42991.5,43802.32,42720.43,43576.13,1.0,0.013598734633590404,0.0,0.0,0.013598734633590404,857891.737768603,11509.72439846443,2023
2023-12-26 00:00:00+00:00,43576.12,43592.68,41637.6,42508.93,1.0,-0.024490472192000512,0.0,0.0,-0.024490472192000512,836881.5640210342,-21010.173747568857,2023
2023-12-27 00:00:00+00:00,42508.93,43677.0,42098.69,43428.85,1.0,0.021640629392459365,0.0,0.0,0.021640629392459365,854992.2077933952,18110.643772360985,2023
2023-12-28 00:00:00+00:00,43428.86,43787.57,42241.79,42563.76,1.0,-0.01991970775187457,0.0,0.0,-0.01991970775187457,837961.0128840207,-17031.194909374462,2023
2023-12-29 00:00:00+00:00,42563.76,43111.0,41300.0,42066.95,1.0,-0.011672136108276221,0.0,0.0,-0.011672136108276221,828180.2178882094,-9780.794995811302,2023
2023-12-30 00:00:00+00:00,42066.94,42612.32,41520.3,42140.28,1.0,0.0017431736790995966,0.0,0.0,0.0017431736790995966,829623.879845583,1443.6619573736098,2023
2023-12-31 00:00:00+00:00,42140.29,42899.0,41965.84,42283.58,1.0,0.0034005469351414686,0.0,0.0,0.0034005469351414686,832445.054787512,2821.1749419290572,2023
2024-01-01 00:00:00+00:00,42283.58,44184.1,42180.77,44179.55,1.0,0.04483939155577654,0.0,0.0,0.04483939155577654,869771.3845477992,37326.32976028719,2024
2024-01-02 00:00:00+00:00,44179.55,45879.63,44148.34,44946.91,1.0,0.017369122139089255,0.0,0.0,0.017369122139089255,884878.5499590947,15107.165411295486,2024
2024-01-03 00:00:00+00:00,44946.91,45500.0,40750.0,42845.23,1.0,-0.04675916542427505,0.0,0.0,-0.04675916542427505,843502.3674611647,-41376.182497930015,2024
2024-01-04 00:00:00+00:00,42845.23,44729.58,42613.77,44151.1,1.0,0.030478772082679795,0.0,0.0,0.030478772082679795,869211.2838702144,25708.91640904965,2024
2024-01-05 00:00:00+00:00,44151.1,44357.46,42450.0,44145.11,1.0,-0.00013567045894657959,0.0,0.0,-0.00013567045894657959,869093.3575764103,-117.92629380407743,2024
2024-01-06 00:00:00+00:00,44145.12,44214.42,43397.05,43968.32,1.0,-0.00400474707164622,0.0,0.0,-0.00400474707164622,865612.858497669,-3480.499078741297,2024
2024-01-07 00:00:00+00:00,43968.32,44480.59,43572.09,43929.02,1.0,-0.0008938253724500855,0.0,0.0,-0.0008938253724500855,864839.1517620247,-773.7067356442567,2024
2024-01-08 00:00:00+00:00,43929.01,47248.99,43175.0,46951.04,1.0,0.06879324874536241,0.0,0.0,0.06879324874536241,924334.246653918,59495.09489189321,2024
2024-01-09 00:00:00+00:00,46951.04,47972.0,44748.67,46110.0,1.0,-0.01791312822889546,0.0,0.0,-0.01791312822889546,907776.5287672469,-16557.717886671075,2024
2024-01-10 00:00:00+00:00,46110.0,47695.93,44300.36,46653.99,1.0,0.011797657774886172,0.0,0.0,0.011797657774886172,918486.1655897169,10709.636822469998,2024
2024-01-11 00:00:00+00:00,46654.0,48969.48,45606.06,46339.16,1.0,-0.006748190240534524,0.0,0.0,-0.006748190240534524,912288.0462110183,-6198.119378698524,2024
2024-01-12 00:00:00+00:00,46339.16,46515.53,41500.0,42782.73,1.0,-0.07674783056058854,0.0,0.0,-0.07674783056058854,842271.9178179648,-70016.12839305354,2024
2024-01-13 00:00:00+00:00,42782.74,43257.0,42436.12,42847.99,1.0,0.0015253818538460973,0.0,0.0,0.0015253818538460973,843556.7041174085,1284.7862994436873,2024
2024-01-14 00:00:00+00:00,42847.99,43079.0,41720.0,41732.35,1.0,-0.0260371606696137,0.0,0.0,-0.0260371606696137,821592.8826783738,-21963.821439034655,2024
2024-01-15 00:00:00+00:00,41732.35,43400.43,41718.05,42511.1,1.0,0.018660583456239666,0.0,0.0,0.018660583456239666,836924.2852326462,15331.402554272325,2024
2024-01-16 00:00:00+00:00,42511.1,43578.01,42050.0,43137.95,1.0,0.014745560571238991,0.0,0.0,0.014745560571238991,849265.2029740851,12340.917741438956,2024
2024-01-17 00:00:00+00:00,43137.94,43198.0,42200.69,42776.1,1.0,-0.008388205744593757,0.0,0.0,-0.008388205744593757,842141.3917198143,-7123.81125427084,2024
2024-01-18 00:00:00+00:00,42776.09,42930.0,40683.28,41327.5,1.0,-0.0338647048234878,0.0,0.0,-0.0338647048234878,813622.5220695816,-28518.869650232722,2024
2024-01-19 00:00:00+00:00,41327.51,42196.86,40280.0,41659.03,1.0,0.008022019236585853,0.0,0.0,0.008022019236585853,820149.4175929432,6526.895523361629,2024
2024-01-20 00:00:00+00:00,41659.03,41872.56,41456.3,41696.04,1.0,0.0008884028264701804,0.0,0.0,0.0008884028264701804,820878.0406536607,728.6230607174803,2024
2024-01-21 00:00:00+00:00,41696.05,41881.39,41500.98,41580.33,1.0,-0.00277508367701107,0.0,0.0,-0.00277508367701107,818600.0354022259,-2278.005251434748,2024
2024-01-22 00:00:00+00:00,41580.32,41689.65,39431.58,39568.02,1.0,-0.048395719803089654,0.0,0.0,-0.048395719803089654,778983.2974581005,-39616.73794412543,2024
2024-01-23 00:00:00+00:00,39568.02,40176.74,38555.0,39897.6,0.0,0.008329453937801379,1.0,0.0015,-0.0015,777814.8225119134,-1168.4749461871106,2024
2024-01-24 00:00:00+00:00,39897.59,40555.0,39484.19,40084.88,0.0,0.004694016682707636,0.0,0.0,0.0,777814.8225119134,0.0,2024
2024-01-25 00:00:00+00:00,40084.89,40300.24,39550.0,39961.09,0.0,-0.003088196846292135,0.0,0.0,-0.0,777814.8225119134,0.0,2024
2024-01-26 00:00:00+00:00,39961.09,42246.82,39822.52,41823.51,0.0,0.04660583582680067,0.0,0.0,0.0,777814.8225119134,0.0,2024
2024-01-27 00:00:00+00:00,41823.51,42200.0,41394.34,42120.63,0.0,0.007104138318376307,0.0,0.0,0.0,777814.8225119134,0.0,2024
2024-01-28 00:00:00+00:00,42120.63,42842.68,41620.81,42031.06,0.0,-0.0021265114030820653,0.0,0.0,-0.0,777814.8225119134,0.0,2024
2024-01-29 00:00:00+00:00,42031.05,43333.0,41804.88,43302.7,0.0,0.03025476873531141,0.0,0.0,0.0,777814.8225119134,0.0,2024
2024-01-30 00:00:00+00:00,43302.71,43882.36,42683.99,42941.1,0.0,-0.008350518558888909,0.0,0.0,-0.0,777814.8225119134,0.0,2024
2024-01-31 00:00:00+00:00,42941.1,43745.11,42276.84,42580.0,0.0,-0.008409193057467013,0.0,0.0,-0.0,777814.8225119134,0.0,2024
2024-02-01 00:00:00+00:00,42580.0,43285.13,41884.28,43082.94,0.0,0.011811648661343321,0.0,0.0,0.0,777814.8225119134,0.0,2024
2024-02-02 00:00:00+00:00,43082.95,43488.0,42546.79,43200.0,0.0,0.0027170847671955656,0.0,0.0,0.0,777814.8225119134,0.0,2024
2024-02-03 00:00:00+00:00,43199.99,43380.01,42880.0,43011.09,0.0,-0.004372916666666726,0.0,0.0,-0.0,777814.8225119134,0.0,2024
2024-02-04 00:00:00+00:00,43011.1,43119.04,42222.0,42582.88,0.0,-0.00995580442160382,0.0,0.0,-0.0,777814.8225119134,0.0,2024
2024-02-05 00:00:00+00:00,42582.88,43569.76,42258.1,42708.7,0.0,0.0029547085589325395,0.0,0.0,0.0,777814.8225119134,0.0,2024
2024-02-06 00:00:00+00:00,42708.7,43399.98,42574.0,43098.95,0.0,0.009137482526979213,0.0,0.0,0.0,777814.8225119134,0.0,2024
2024-02-07 00:00:00+00:00,43098.96,44396.5,42788.0,44349.6,0.0,0.029018108329785353,0.0,0.0,0.0,777814.8225119134,0.0,2024
2024-02-08 00:00:00+00:00,44349.6,45614.3,44331.1,45288.65,1.0,0.021173809910348673,1.0,0.0015,0.019673809910348672,793117.4034754643,15302.58096355095,2024
2024-02-09 00:00:00+00:00,45288.66,48200.0,45242.12,47132.77,1.0,0.04071925305788526,0.0,0.0,0.04071925305788526,825412.5517321945,32295.148256730172,2024
2024-02-10 00:00:00+00:00,47132.78,48170.0,46800.0,47751.09,1.0,0.013118685789101692,0.0,0.0,0.013118685789101692,836240.8796447498,10828.327912555309,2024
2024-02-11 00:00:00+00:00,47751.08,48592.66,47557.16,48299.99,1.0,0.011495025558578842,0.0,0.0,0.011495025558578842,845853.4899293946,9612.610284644761,2024
2024-02-12 00:00:00+00:00,48300.0,50334.82,47710.01,49917.27,1.0,0.03348406490353306,0.0,0.0,0.03348406490353306,874176.1030850704,28322.61315567582,2024
2024-02-13 00:00:00+00:00,49917.28,50368.61,48300.95,49699.59,1.0,-0.004360815405169416,0.0,0.0,-0.004360815405169416,870363.982467906,-3812.1206171644153,2024
2024-02-14 00:00:00+00:00,49699.6,52043.71,49225.01,51795.17,1.0,0.04216493536465804,0.0,0.0,0.04216493536465804,907062.8235323916,36698.841064485605,2024
2024-02-15 00:00:00+00:00,51795.17,52816.62,51314.0,51880.0,1.0,0.001637797501195637,0.0,0.0,0.001637797501195637,908548.4087582005,1485.5852258088998,2024
2024-02-16 00:00:00+00:00,51880.01,52572.08,51566.0,52124.11,1.0,0.004705281418658558,0.0,0.0,0.004705281418658558,912823.3847038823,4274.975945681799,2024
2024-02-17 00:00:00+00:00,52124.1,52162.82,50625.0,51642.64,1.0,-0.00923699224792518,0.0,0.0,-0.00923699224792518,904391.6421756477,-8431.742528234608,2024
2024-02-18 00:00:00+00:00,51642.64,52377.0,51163.28,52137.67,1.0,0.009585683458475325,0.0,0.0,0.009585683458475325,913060.854180034,8669.212004386354,2024
2024-02-19 00:00:00+00:00,52137.68,52488.77,51677.0,51774.73,1.0,-0.0069611856456185395,0.0,0.0,-0.0069611856456185395,906704.8680683398,-6355.986111694248,2024
2024-02-20 00:00:00+00:00,51774.74,52985.0,50760.37,52258.82,1.0,0.009349928044047662,0.0,0.0,0.009349928044047662,915182.4933419664,8477.625273626647,2024
2024-02-21 00:00:00+00:00,52258.82,52366.8,50625.0,51849.39,1.0,-0.007834658340927003,0.0,0.0,-0.007834658340927003,908012.3511870344,-7170.142154932022,2024
2024-02-22 00:00:00+00:00,51849.38,52065.78,50940.78,51288.42,1.0,-0.010819220824005882,0.0,0.0,-0.010819220824005882,898188.3650486171,-9823.98613841727,2024
2024-02-23 00:00:00+00:00,51288.42,51548.54,50521.0,50744.15,1.0,-0.010611947102289299,0.0,0.0,-0.010611947102289299,888656.8376308295,-9531.527417787584,2024
2024-02-24 00:00:00+00:00,50744.15,51698.0,50585.0,51568.22,1.0,0.016239704478250294,0.0,0.0,0.016239704478250294,903088.3620565307,14431.524425701122,2024
2024-02-25 00:00:00+00:00,51568.21,51958.55,51279.8,51728.85,1.0,0.0031149029382824267,0.0,0.0,0.0031149029382824267,905901.3946490292,2813.032592498581,2024
2024-02-26 00:00:00+00:00,51728.85,54910.0,50901.44,54476.47,1.0,0.05311581448263403,0.0,0.0,0.05311581448263403,954019.0850667665,48117.690417737234,2024
2024-02-27 00:00:00+00:00,54476.48,57588.15,54450.13,57037.34,1.0,0.04700873606531397,0.0,0.0,0.04700873606531397,998866.3164379424,44847.23137117596,2024
2024-02-28 00:00:00+00:00,57037.35,64000.0,56691.85,62432.1,1.0,0.09458295215029322,0.0,0.0,0.09458295215029322,1093342.041450132,94475.72501218948,2024
2024-02-29 00:00:00+00:00,62432.11,63676.35,60364.7,61130.98,1.0,-0.020840561185672013,0.0,0.0,-0.020840561185672013,1070556.1797384229,-22785.86171170906,2024
2024-03-01 00:00:00+00:00,61130.99,63114.23,60777.0,62387.9,1.0,0.02056109684484042,0.0,0.0,0.02056109684484042,1092567.989027867,22011.809289444238,2024
2024-03-02 00:00:00+00:00,62387.9,62433.19,61561.12,61987.28,1.0,-0.006421437490282567,0.0,0.0,-0.006421437490282567,1085552.1319824408,-7015.857045426266,2024
2024-03-03 00:00:00+00:00,61987.28,63231.88,61320.0,63113.97,1.0,0.018176148396896963,0.0,0.0,0.018176148396896963,1105283.2886259216,19731.15664348076,2024
2024-03-04 00:00:00+00:00,63113.97,68499.0,62300.0,68245.71,1.0,0.08130909844524137,0.0,0.0,0.08130909844524137,1195152.876350687,89869.5877247653,2024
2024-03-05 00:00:00+00:00,68245.71,69000.0,59005.0,63724.01,1.0,-0.0662561793261438,0.0,0.0,-0.0662561793261438,1115966.6130530392,-79186.2632976477,2024
2024-03-06 00:00:00+00:00,63724.01,67641.1,62779.14,66074.04,1.0,0.03687825044280779,0.0,0.0,0.03687825044280779,1157121.5092950212,41154.896241982,2024
2024-03-07 00:00:00+00:00,66074.04,67980.0,65551.0,66823.17,1.0,0.011337735667442228,0.0,0.0,0.011337735667442228,1170240.6471025199,13119.137807498686,2024
2024-03-08 00:00:00+00:00,66823.18,69990.0,66082.66,68124.19,1.0,0.01946959415424332,0.0,0.0,0.01946959415424332,1193024.7575644052,22784.110461885342,2024
2024-03-09 00:00:00+00:00,68124.2,68541.1,67861.1,68313.27,1.0,0.002775519239201163,0.0,0.0,0.002775519239201163,1196336.0207318685,3311.263167463243,2024
2024-03-10 00:00:00+00:00,68313.28,69887.61,68094.75,68955.88,1.0,0.009406810711886537,0.0,0.0,0.009406810711886537,1207589.7272267048,11253.70649483637,2024
2024-03-11 00:00:00+00:00,68955.88,72800.0,67024.96,72078.1,1.0,0.04527851721999632,0.0,0.0,0.04527851721999632,1262267.5994856297,54677.87225892488,2024
2024-03-12 00:00:00+00:00,72078.1,73000.0,68620.82,71452.01,1.0,-0.008686272251904659,0.0,0.0,-0.008686272251904659,1251303.1994617395,-10964.400023890194,2024
2024-03-13 00:00:00+00:00,71452.0,73650.25,71333.31,73072.41,1.0,0.02267815838910625,0.0,0.0,0.02267815838910625,1279680.4516119282,28377.252150188666,2024
2024-03-14 00:00:00+00:00,73072.4,73777.0,68555.0,71388.94,1.0,-0.02303838069662678,0.0,0.0,-0.02303838069662678,1250198.6861976613,-29481.765414266847,2024
2024-03-15 00:00:00+00:00,71388.94,72419.71,65600.0,69499.85,1.0,-0.026461942143979122,0.0,0.0,-0.026461942143979122,1217116.00089502,-33082.68530264124,2024
2024-03-16 00:00:00+00:00,69499.84,70043.0,64780.0,65300.63,1.0,-0.06042056205876711,0.0,0.0,-0.06042056205876711,1143577.168030224,-73538.83286479604,2024
2024-03-17 00:00:00+00:00,65300.64,68904.4,64533.0,68393.48,1.0,0.04736324902225286,0.0,0.0,0.04736324902225286,1197740.6982158022,54163.53018557816,2024
2024-03-18 00:00:00+00:00,68393.47,68956.0,66565.2,67609.99,1.0,-0.011455624132592601,0.0,0.0,-0.011455624132592601,1184019.8309687332,-13720.867247069022,2024
2024-03-19 00:00:00+00:00,67610.0,68124.11,61555.0,61937.4,1.0,-0.08390165417862072,0.0,0.0,-0.08390165417862072,1084678.6085701655,-99341.22239856771,2024
2024-03-20 00:00:00+00:00,61937.41,68100.0,60775.0,67840.51,1.0,0.09530768162693293,0.0,0.0,0.09530768162693293,1188056.8120633154,103378.20349314995,2024
2024-03-21 00:00:00+00:00,67840.51,68240.47,64529.01,65501.27,1.0,-0.034481462477213065,0.0,0.0,-0.034481462477213065,1147090.875677357,-40965.936385958456,2024
2024-03-22 00:00:00+00:00,65501.28,66649.62,62260.0,63796.64,1.0,-0.026024380901316868,0.0,0.0,-0.026024380901316868,1117238.5458003043,-29852.32987705269,2024
2024-03-23 00:00:00+00:00,63796.64,65999.0,63000.0,63990.01,1.0,0.003031037371247214,0.0,0.0,0.003031037371247214,1120624.937585223,3386.3917849187274,2024
2024-03-24 00:00:00+00:00,63990.02,67628.69,63772.29,67209.99,1.0,0.05032004214407837,0.0,0.0,0.05032004214407837,1177014.8316722165,56389.89408699353,2024
2024-03-25 00:00:00+00:00,67210.0,71150.0,66385.06,69880.01,1.0,0.039726534701165495,0.0,0.0,0.039726534701165495,1223773.5522264293,46758.72055421281,2024
2024-03-26 00:00:00+00:00,69880.0,71561.1,69280.0,69988.0,1.0,0.0015453632591067024,0.0,0.0,0.0015453632591067024,1225664.7269115066,1891.174685077276,2024
2024-03-27 00:00:00+00:00,69987.99,71769.54,68359.18,69469.99,1.0,-0.007401411670572067,0.0,0.0,-0.007401411670572067,1216593.077697535,-9071.64921397157,2024
2024-03-28 00:00:00+00:00,69469.99,71552.06,68903.62,70780.6,1.0,0.018865844086057848,0.0,0.0,0.018865844086057848,1239545.133017554,22952.055320018902,2024
2024-03-29 00:00:00+00:00,70780.6,70916.16,69009.0,69850.54,1.0,-0.01314004119772949,0.0,0.0,-0.01314004119772949,1223257.4589032582,-16287.674114295747,2024
2024-03-30 00:00:00+00:00,69850.53,70321.1,69540.0,69582.18,1.0,-0.0038419173280550556,0.0,0.0,-0.0038419173280550556,1218557.804875225,-4699.654028033139,2024
2024-03-31 00:00:00+00:00,69582.17,71366.0,69562.99,71280.01,1.0,0.024400356528065048,0.0,0.0,0.024400356528065048,1248291.0497642371,29733.244889012072,2024
2024-04-01 00:00:00+00:00,71280.0,71288.23,68062.86,69649.8,1.0,-0.022870507453632394,0.0,0.0,-0.022870507453632394,1219742.0000063013,-28549.049757935805,2024
2024-04-02 00:00:00+00:00,69649.81,69674.23,64550.0,65463.99,1.0,-0.0600979471584987,0.0,0.0,-0.0600979471584987,1146438.0097429212,-73303.99026338011,2024
2024-04-03 00:00:00+00:00,65463.99,66903.63,64493.07,65963.28,1.0,0.007626941162614864,0.0,0.0,0.007626941162614864,1155181.8249898157,8743.81524689449,2024
2024-04-04 00:00:00+00:00,65963.27,69309.91,65064.52,68487.79,1.0,0.03827144435510177,0.0,0.0,0.03827144435510177,1199392.3019249383,44210.47693512263,2024
2024-04-05 00:00:00+00:00,68487.8,68756.67,65952.56,67820.62,1.0,-0.009741444423889245,0.0,0.0,-0.009741444423889245,1187708.488473296,-11683.813451642403,2024
2024-04-06 00:00:00+00:00,67820.63,69692.0,67447.83,68896.0,1.0,0.01585623959202964,0.0,0.0,0.01585623959202964,1206541.0788320159,18832.59035871993,2024
2024-04-07 00:00:00+00:00,68896.0,70326.29,68824.0,69360.39,1.0,0.006740449372967916,0.0,0.0,0.006740449372967916,1214673.7078902891,8132.629058273276,2024
2024-04-08 00:00:00+00:00,69360.38,72797.99,69043.24,71620.0,1.0,0.03257781566683815,0.0,0.0,0.03257781566683815,1254245.1240412937,39571.41615100461,2024
2024-04-09 00:00:00+00:00,71620.0,71758.19,68210.0,69146.0,1.0,-0.034543423624685876,0.0,0.0,-0.034543423624685876,1210919.2033923387,-43325.92064895504,2024
2024-04-10 00:00:00+00:00,69146.0,71172.08,67518.0,70631.08,1.0,0.02147745350417951,0.0,0.0,0.02147745350417951,1236926.6642805159,26007.460888177156,2024
2024-04-11 00:00:00+00:00,70631.08,71305.89,69567.21,70006.23,1.0,-0.008846672031632585,0.0,0.0,-0.008846672031632585,1225983.9797544447,-10942.684526071185,2024
2024-04-12 00:00:00+00:00,70006.22,71227.46,65086.86,67116.52,1.0,-0.04127789769567636,0.0,0.0,-0.04127789769567636,1175377.9384616027,-50606.04129284201,2024
2024-04-13 00:00:00+00:00,67116.52,67929.0,60660.57,63924.51,1.0,-0.047559229828960214,0.0,0.0,-0.047559229828960214,1119477.8689504177,-55900.069511184935,2024
2024-04-14 00:00:00+00:00,63924.52,65840.0,62134.0,65661.84,1.0,0.027177838359652595,0.0,0.0,0.027177838359652595,1149902.8575199607,30424.988569543,2024
2024-04-15 00:00:00+00:00,65661.85,66867.07,62274.4,63419.99,1.0,-0.034142357265650736,0.0,0.0,-0.034142357265650736,1110642.4633377215,-39260.39418223919,2024
2024-04-16 00:00:00+00:00,63419.99,64365.0,61600.0,63793.39,1.0,0.005887733504845949,0.0,0.0,0.005887733504845949,1117181.6301810197,6539.166843298124,2024
2024-04-17 00:00:00+00:00,63793.4,64499.0,59678.16,61277.37,1.0,-0.03944013635268473,0.0,0.0,-0.03944013635268473,1073119.8343559657,-44061.79582505394,2024
2024-04-18 00:00:00+00:00,61277.38,64117.09,60803.35,63470.08,1.0,0.03578335689015377,0.0,0.0,0.03578335689015377,1111519.6643746279,38399.83001866215,2024
2024-04-19 00:00:00+00:00,63470.09,65450.0,59600.01,63818.01,1.0,0.005481795516879773,0.0,0.0,0.005481795516879773,1117612.7878877204,6093.12351309252,2024
2024-04-20 00:00:00+00:00,63818.01,65419.0,63090.07,64940.59,1.0,0.017590332258871744,0.0,0.0,0.017590332258871744,1137271.9681634293,19659.180275708903,2024
2024-04-21 00:00:00+00:00,64940.58,65695.56,64237.5,64941.15,1.0,8.623266280816111e-06,0.0,0.0,8.623266280816111e-06,1137281.7751624444,9.80699901515618,2024
2024-04-22 00:00:00+00:00,64941.15,67232.35,64500.0,66819.32,1.0,0.028921107802987844,0.0,0.0,0.028921107802987844,1170173.2239842908,32891.448821846396,2024
2024-04-23 00:00:00+00:00,66819.32,67183.01,65765.81,66414.0,1.0,-0.0060659102786441155,0.0,0.0,-0.0060659102786441155,1163075.0581971304,-7098.165787160397,2024
2024-04-24 00:00:00+00:00,66414.0,67070.43,63606.06,64289.59,1.0,-0.031987382178456425,0.0,0.0,-0.031987382178456425,1125871.3318083484,-37203.72638878203,2024
2024-04-25 00:00:00+00:00,64289.58,65297.94,62794.0,64498.34,1.0,0.003247026462604552,0.0,0.0,0.003247026462604552,1129527.065816218,3655.7340078696143,2024
2024-04-26 00:00:00+00:00,64498.33,64820.01,63297.48,63770.01,1.0,-0.0112922286061935,0.0,0.0,-0.0112922286061935,1116772.1879721382,-12754.877844079863,2024
2024-04-27 00:00:00+00:00,63770.0,63923.41,62391.24,63461.98,1.0,-0.004830326982856015,0.0,0.0,-0.004830326982856015,1111377.8131388733,-5394.374833264854,2024
2024-04-28 00:00:00+00:00,63461.98,64370.0,62781.0,63118.62,1.0,-0.0054104835682718955,0.0,0.0,-0.0054104835682718955,1105364.7217427434,-6013.091396129923,2024
2024-04-29 00:00:00+00:00,63118.62,64228.35,61765.53,63866.0,1.0,0.01184087991784355,0.0,0.0,0.01184087991784355,1118453.2126783198,13088.490935576381,2024
2024-04-30 00:00:00+00:00,63866.0,64734.0,59191.6,60672.0,1.0,-0.05001096044843889,0.0,0.0,-0.05001096044843889,1062518.293295635,-55934.919382684864,2024
2024-05-01 00:00:00+00:00,60672.01,60841.63,56552.82,58364.97,1.0,-0.03802462420886077,0.0,0.0,-0.03802462420886077,1022116.4344780282,-40401.8588176067,2024
2024-05-02 00:00:00+00:00,58364.97,59625.0,56911.84,59060.61,0.5,0.011918793070569533,0.5,0.00075,0.005209396535284767,1027441.0442904558,5324.609812427545,2024
2024-05-03 00:00:00+00:00,59060.6,63333.0,58811.32,62882.01,0.5,0.06470302287768459,0.0,0.0,0.032351511438842295,1060680.3149875544,33239.27069709869,2024
2024-05-04 00:00:00+00:00,62882.01,64540.0,62541.03,63892.04,0.5,0.016062304624168355,0.0,0.0,0.008031152312084178,1069198.800151649,8518.485164094483,2024
2024-05-05 00:00:00+00:00,63892.03,64646.0,62822.17,64012.0,0.0,0.0018775421789631874,0.5,0.00075,-0.00075,1068396.901051535,-801.8991001138929,2024
2024-05-06 00:00:00+00:00,64012.0,65500.0,62700.0,63165.19,0.0,-0.013228925826407556,0.0,0.0,-0.0,1068396.901051535,0.0,2024
2024-05-07 00:00:00+00:00,63165.18,64422.41,62261.0,62312.08,0.0,-0.013506014942723965,0.0,0.0,-0.0,1068396.901051535,0.0,2024
2024-05-08 00:00:00+00:00,62312.07,63020.22,60888.0,61193.03,0.0,-0.01795879707433945,0.0,0.0,-0.0,1068396.901051535,0.0,2024
2024-05-09 00:00:00+00:00,61193.03,63429.03,60630.0,63074.01,0.0,0.030738468090238502,0.0,0.0,0.0,1068396.901051535,0.0,2024
2024-05-10 00:00:00+00:00,63074.0,63469.13,60187.12,60799.99,0.0,-0.03605320162773862,0.0,0.0,-0.0,1068396.901051535,0.0,2024
2024-05-11 00:00:00+00:00,60799.99,61515.0,60487.09,60825.99,0.0,0.0004276316492815013,0.0,0.0,0.0,1068396.901051535,0.0,2024
2024-05-12 00:00:00+00:00,60825.99,61888.0,60610.0,61483.99,0.0,0.010817744191257805,0.0,0.0,0.0,1068396.901051535,0.0,2024
2024-05-13 00:00:00+00:00,61484.0,63450.0,60749.21,62940.08,0.0,0.02368242529478004,0.0,0.0,0.0,1068396.901051535,0.0,2024
2024-05-14 00:00:00+00:00,62940.09,63118.36,61142.77,61577.49,0.0,-0.021649003306001613,0.0,0.0,-0.0,1068396.901051535,0.0,2024
2024-05-15 00:00:00+00:00,61577.49,66444.16,61319.47,66206.5,0.0,0.0751737363767182,0.0,0.0,0.0,1068396.901051535,0.0,2024
2024-05-16 00:00:00+00:00,66206.51,66752.01,64602.77,65235.21,1.0,-0.014670613912531216,1.0,0.0015,-0.016170613912531218,1051120.2672592858,-17276.633792249253,2024
2024-05-17 00:00:00+00:00,65235.21,67451.2,65106.38,67024.0,1.0,0.027420621471134998,0.0,0.0,0.027420621471134998,1079942.6382284411,28822.370969155338,2024
2024-05-18 00:00:00+00:00,67024.0,67400.01,66600.0,66915.2,1.0,-0.0016232991167343114,0.0,0.0,-0.0016232991167343114,1078189.5682976812,-1753.069930759957,2024
2024-05-19 00:00:00+00:00,66915.2,67700.0,65857.25,66274.01,1.0,-0.009582127827459264,0.0,0.0,-0.009582127827459264,1067858.2180320197,-10331.350265661487,2024
2024-05-20 00:00:00+00:00,66274.0,71515.56,66060.31,71446.62,1.0,0.07804884599558704,0.0,0.0,0.07804884599558704,1151203.3196363228,83345.10160430311,2024
2024-05-21 00:00:00+00:00,71446.62,71979.0,69162.94,70148.34,1.0,-0.018171328468722492,0.0,0.0,-0.018171328468722492,1130284.4259809274,-20918.893655395368,2024
2024-05-22 00:00:00+00:00,70148.34,70666.0,68842.19,69166.62,1.0,-0.013994914206095221,0.0,0.0,-0.013994914206095221,1114466.1924108388,-15818.233570088632,2024
2024-05-23 00:00:00+00:00,69166.62,70096.12,66312.16,67969.65,1.0,-0.017305602037514634,0.0,0.0,-0.017305602037514634,1095179.6840007126,-19286.508410126204,2024
2024-05-24 00:00:00+00:00,67969.66,69250.0,66600.12,68549.99,1.0,0.008538222574340226,0.0,0.0,0.008538222574340226,1104530.5719016062,9350.887900893576,2024
2024-05-25 00:00:00+00:00,68549.99,69610.0,68500.0,69290.57,1.0,0.010803502670095222,0.0,0.0,0.010803502670095222,1116463.370884347,11932.798982740846,2024
2024-05-26 00:00:00+00:00,69290.56,69562.23,68128.01,68507.67,1.0,-0.011298795781301996,0.0,0.0,-0.011298795781301996,1103848.6792594206,-12614.691624926403,2024
2024-05-27 00:00:00+00:00,68507.67,70687.56,68250.0,69436.43,1.0,0.01355702215532939,0.0,0.0,0.01355702215532939,1118813.5802602717,14964.901000851067,2024
2024-05-28 00:00:00+00:00,69436.43,69591.81,67277.91,68398.39,1.0,-0.014949501292044975,0.0,0.0,-0.014949501292044975,1102087.8751966131,-16725.705063658534,2024
2024-05-29 00:00:00+00:00,68398.4,68935.68,67124.65,67652.42,1.0,-0.010906250863507161,0.0,0.0,-0.010906250863507161,1090068.2283560894,-12019.646840523696,2024
2024-05-30 00:00:00+00:00,67652.41,69500.0,67128.0,68352.17,1.0,0.01034331070492378,0.0,0.0,0.01034331070492378,1101343.1427315422,11274.91437545279,2024
2024-05-31 00:00:00+00:00,68352.17,69044.1,66670.0,67540.01,1.0,-0.011881992919902995,0.0,0.0,-0.011881992919902995,1088256.9913072225,-13086.151424319716,2024
2024-06-01 00:00:00+00:00,67540.01,67900.0,67428.44,67766.85,1.0,0.0033586018124664996,0.0,0.0,0.0033586018124664996,1091912.0132106561,3655.021903433604,2024
2024-06-02 00:00:00+00:00,67766.84,68460.0,67257.47,67765.63,1.0,-1.8002902599123516e-05,0.0,0.0,-1.8002902599123516e-05,1091892.3556250355,-19.657585620647296,2024
2024-06-03 00:00:00+00:00,67765.62,70288.0,67612.48,68809.9,1.0,0.015410024226145236,0.0,0.0,0.015410024226145236,1108718.4432775602,16826.0876525247,2024
2024-06-04 00:00:00+00:00,68809.89,71063.45,68567.32,70537.84,1.0,0.025111793506457758,0.0,0.0,0.025111793506457758,1136560.3518819474,27841.908604387194,2024
2024-06-05 00:00:00+00:00,70537.83,71758.0,70383.66,71108.0,1.0,0.00808303741651284,0.0,0.0,0.00808303741651284,1145747.2117323342,9186.859850386856,2024
2024-06-06 00:00:00+00:00,71108.0,71700.0,70117.64,70799.06,1.0,-0.004344658828823844,0.0,0.0,-0.004344658828823844,1140769.3309932812,-4977.880739053013,2024
2024-06-07 00:00:00+00:00,70799.06,71997.02,68420.0,69355.6,1.0,-0.020388123797123736,0.0,0.0,-0.020388123797123736,1117511.1846490281,-23258.146344253095,2024
2024-06-08 00:00:00+00:00,69355.6,69582.2,69168.02,69310.46,1.0,-0.0006508486697541782,0.0,0.0,-0.0006508486697541782,1116783.853981064,-727.3306679641828,2024
2024-06-09 00:00:00+00:00,69310.46,69857.14,69130.24,69648.14,1.0,0.004871991904252138,0.0,0.0,0.004871991904252138,1122224.8158764592,5440.961895395303,2024
2024-06-10 00:00:00+00:00,69648.15,70195.94,69172.29,69540.0,1.0,-0.0015526617078359672,0.0,0.0,-0.0015526617078359672,1120482.3803772645,-1742.4354991947766,2024
2024-06-11 00:00:00+00:00,69540.0,69590.01,66051.0,67314.24,1.0,-0.032006902502156986,0.0,0.0,-0.032006902502156986,1084619.2100731444,-35863.17030412005,2024
2024-06-12 00:00:00+00:00,67314.23,69999.0,66905.0,68263.99,1.0,0.014109198885703833,0.0,0.0,0.014109198885703833,1099922.3182233213,15303.108150176937,2024
2024-06-13 00:00:00+00:00,68263.98,68449.3,66251.78,66773.01,1.0,-0.021841383722223218,0.0,0.0,-0.021841383722223218,1075898.4928063685,-24023.825416952837,2024
2024-06-14 00:00:00+00:00,66773.01,67370.24,65078.0,66043.99,1.0,-0.010917884336799966,0.0,0.0,-0.010917884336799966,1064151.957503771,-11746.535302597564,2024
2024-06-15 00:00:00+00:00,66043.99,66478.48,65857.1,66228.25,0.0,0.0027899586321176173,1.0,0.0015,-0.0015,1062555.7295675154,-1596.2279362555128,2024
2024-06-16 00:00:00+00:00,66228.25,66998.7,66034.5,66676.87,0.0,0.006773846508098869,0.0,0.0,0.0,1062555.7295675154,0.0,2024
2024-06-17 00:00:00+00:00,66676.86,67298.81,65130.0,66504.33,0.0,-0.002587703951910103,0.0,0.0,-0.0,1062555.7295675154,0.0,2024
2024-06-18 00:00:00+00:00,66504.33,66588.23,64060.0,65175.32,0.0,-0.019983811580388866,0.0,0.0,-0.0,1062555.7295675154,0.0,2024
2024-06-19 00:00:00+00:00,65175.32,65727.54,64666.0,64974.37,0.0,-0.0030832222994838787,0.0,0.0,-0.0,1062555.7295675154,0.0,2024
2024-06-20 00:00:00+00:00,64974.37,66482.94,64559.15,64869.99,0.0,-0.0016064796011104887,0.0,0.0,-0.0,1062555.7295675154,0.0,2024
2024-06-21 00:00:00+00:00,64869.99,65066.66,63379.35,64143.56,0.0,-0.011198244365383747,0.0,0.0,-0.0,1062555.7295675154,0.0,2024
2024-06-22 00:00:00+00:00,64143.56,64546.81,63943.82,64262.01,0.0,0.0018466390078755168,0.0,0.0,0.0,1062555.7295675154,0.0,2024
2024-06-23 00:00:00+00:00,64262.01,64521.0,63178.32,63210.01,0.0,-0.016370480786393027,0.0,0.0,-0.0,1062555.7295675154,0.0,2024
2024-06-24 00:00:00+00:00,63210.01,63369.8,58402.0,60293.3,0.0,-0.04614316624851034,0.0,0.0,-0.0,1062555.7295675154,0.0,2024
2024-06-25 00:00:00+00:00,60293.3,62420.0,60257.06,61806.01,0.5,0.025089189014368074,0.5,0.00075,0.011794594507184036,1075088.1435390492,12532.413971533766,2024
2024-06-26 00:00:00+00:00,61806.01,62487.81,60712.0,60864.99,0.5,-0.015225380185519222,0.0,0.0,-0.007612690092759611,1066903.8306798865,-8184.312859162688,2024
2024-06-27 00:00:00+00:00,60864.98,62389.22,60606.63,61706.47,0.5,0.013825353458531753,0.0,0.0,0.006912676729265876,1074278.9919625917,7375.161282705143,2024
2024-06-28 00:00:00+00:00,61706.46,62225.31,60063.0,60427.84,0.5,-0.020721165868020086,0.0,0.0,-0.010360582934010043,1063148.8353720985,-11130.156590493163,2024
2024-06-29 00:00:00+00:00,60427.84,61224.0,60383.77,60986.68,0.5,0.009248055201046546,0.0,0.0,0.004624027600523273,1068064.8649303233,4916.029558224836,2024
2024-06-30 00:00:00+00:00,60986.68,63058.76,60712.21,62772.01,0.5,0.029274097229099905,0.0,0.0,0.014637048614549952,1083698.1822818012,15633.31735147792,2024
2024-07-01 00:00:00+00:00,62772.01,63861.76,62497.2,62899.99,0.5,0.002038806786655245,0.0,0.0,0.0010194033933276225,1084802.9078861622,1104.7256043609232,2024
2024-07-02 00:00:00+00:00,62900.0,63288.83,61806.28,62135.47,0.5,-0.01215453293394797,0.0,0.0,-0.006077266466973985,1078210.27155079,-6592.636335372226,2024
2024-07-03 00:00:00+00:00,62135.46,62285.94,59400.0,60208.58,0.5,-0.031011111688702075,0.0,0.0,-0.015505555844351038,1061492.021973306,-16718.24957748386,2024
2024-07-04 00:00:00+00:00,60208.57,60498.19,56771.0,57050.01,0.5,-0.05246046327616427,0.0,0.0,-0.026230231638082135,1033648.8403549702,-27843.18161833589,2024
2024-07-05 00:00:00+00:00,57050.02,57546.0,53485.93,56628.79,0.0,-0.007383346646214428,0.5,0.00075,-0.00075,1032873.6037247039,-775.2366302662995,2024
2024-07-06 00:00:00+00:00,56628.79,58475.0,56018.0,58230.13,0.5,0.02827784241902398,0.5,0.00075,0.01338892120951199,1046702.6670243585,13829.063299654634,2024
2024-07-07 00:00:00+00:00,58230.13,58449.46,55724.37,55857.81,0.5,-0.040740420809639244,0.0,0.0,-0.020370210404819622,1025381.1134657866,-21321.553558571963,2024
2024-07-08 00:00:00+00:00,55857.81,58236.73,54260.16,56714.62,0.5,0.015339126256471713,0.0,0.0,0.007669563128235857,1033245.3386460134,7864.225180226844,2024
2024-07-09 00:00:00+00:00,56714.61,58296.0,56289.45,58050.0,0.5,0.023545604290392763,0.0,0.0,0.011772802145196382,1045409.5315853393,12164.192939325934,2024
2024-07-10 00:00:00+00:00,58050.0,59470.0,57157.79,57725.85,0.5,-0.005583979328165345,0.0,0.0,-0.0027919896640826725,1042490.7589784196,-2918.7726069197524,2024
2024-07-11 00:00:00+00:00,57725.85,59650.0,57050.0,57339.89,0.5,-0.0066860860429079905,0.0,0.0,-0.0033430430214539952,1039005.6675216865,-3485.091456733062,2024
2024-07-12 00:00:00+00:00,57339.89,58526.68,56542.47,57889.1,0.5,0.009578148824491928,0.0,0.0,0.004789074412245964,1043981.542978193,4975.875456506503,2024
2024-07-13 00:00:00+00:00,57889.09,59850.0,57756.63,59204.02,0.5,0.02271446610847283,0.0,0.0,0.011357233054236415,1055838.2846661177,11856.741687924718,2024
2024-07-14 00:00:00+00:00,59204.01,61420.69,59194.01,60797.91,0.5,0.026921989418961845,0.0,0.0,0.013460994709480922,1070050.9182300756,14212.633563957876,2024
2024-07-15 00:00:00+00:00,60797.91,64900.0,60632.3,64724.14,0.0,0.06457837119729937,0.5,0.00075,-0.00075,1069248.380041403,-802.5381886726245,2024
2024-07-16 00:00:00+00:00,64724.06,65388.97,62373.24,65043.99,1.0,0.0049417419837483045,1.0,0.0015,0.0034417419837483045,1072928.4570820462,3680.0770406431984,2024
2024-07-17 00:00:00+00:00,65044.0,66128.63,63854.0,64087.99,1.0,-0.014697745325894074,0.0,0.0,-0.014697745325894074,1057158.8278669498,-15769.629215096356,2024
2024-07-18 00:00:00+00:00,64087.99,65133.3,63238.48,63987.92,1.0,-0.001561447004345129,0.0,0.0,-0.001561447004345129,1055508.13038206,-1650.6974848897662,2024
2024-07-19 00:00:00+00:00,63987.92,67386.0,63300.67,66660.0,1.0,0.041759132036171875,0.0,0.0,0.041759132036171875,1099585.2337639374,44077.1033818773,2024
2024-07-20 00:00:00+00:00,66660.01,67598.0,66222.46,67139.96,1.0,0.007200120012001321,0.0,0.0,0.007200120012001321,1107502.3794104622,7917.145646524848,2024
2024-07-21 00:00:00+00:00,67139.97,68366.66,65777.0,68165.34,1.0,0.015272276003738927,0.0,0.0,0.015272276003738927,1124416.4614236164,16914.08201315417,2024
2024-07-22 00:00:00+00:00,68165.35,68474.55,66559.97,67532.01,1.0,-0.009291085469536275,0.0,0.0,-0.009291085469536275,1113969.411977176,-10447.049446440302,2024
2024-07-23 00:00:00+00:00,67532.0,67750.98,65441.08,65936.01,1.0,-0.023633237038257815,0.0,0.0,-0.023633237038257815,1087642.7088105509,-26326.70316662523,2024
2024-07-24 00:00:00+00:00,65936.0,67102.01,65111.0,65376.0,1.0,-0.00849323457697837,0.0,0.0,-0.00849323457697837,1078405.1041486827,-9237.604661868187,2024
2024-07-25 00:00:00+00:00,65376.01,66175.49,63456.7,65799.95,1.0,0.006484795643661334,0.0,0.0,0.006484795643661334,1085398.3408701683,6993.23672148562,2024
2024-07-26 00:00:00+00:00,65799.95,68200.0,65722.63,67907.99,1.0,0.0320371064111753,0.0,0.0,0.0320371064111753,1120171.3630151388,34773.022144970484,2024
2024-07-27 00:00:00+00:00,67908.0,69399.99,66650.0,67896.5,1.0,-0.00016919953012906053,0.0,0.0,-0.00016919953012906053,1119981.8305468527,-189.5324682861101,2024
2024-07-28 00:00:00+00:00,67896.49,68318.43,67066.66,68249.88,1.0,0.005204686544961978,0.0,0.0,0.005204686544961978,1125810.9849109019,5829.154364049202,2024
2024-07-29 00:00:00+00:00,68249.88,70079.99,66428.0,66784.69,1.0,-0.02146802309396001,0.0,0.0,-0.02146802309396001,1101642.0486874008,-24168.936223501107,2024
2024-07-30 00:00:00+00:00,66784.68,67000.0,65302.67,66188.0,1.0,-0.008934532749946156,0.0,0.0,-0.008934532749946156,1091799.3917246854,-9842.656962715322,2024
2024-07-31 00:00:00+00:00,66188.0,66849.24,64530.0,64628.0,1.0,-0.023569227050220576,0.0,0.0,-0.023569227050220576,1066066.5239678335,-25732.86775685195,2024
2024-08-01 00:00:00+00:00,64628.01,65659.78,62302.0,65354.02,1.0,0.011233830537847433,0.0,0.0,0.011233830537847433,1078042.5346401604,11976.010672326898,2024
2024-08-02 00:00:00+00:00,65354.02,65596.14,61230.01,61498.33,1.0,-0.05899698289408972,0.0,0.0,-0.05899698289408972,1014441.2776648937,-63601.25697526673,2024
2024-08-03 00:00:00+00:00,61498.34,62198.22,59850.0,60697.99,1.0,-0.013014011925201907,0.0,0.0,-0.013014011925201907,1001239.3267799456,-13201.950884948019,2024
2024-08-04 00:00:00+00:00,60697.99,61117.63,57122.77,58161.0,1.0,-0.04179693594466638,0.0,0.0,-0.04179693594466638,959390.5907732435,-41848.73600670218,2024
2024-08-05 00:00:00+00:00,58161.0,58305.59,49000.0,54018.81,0.5,-0.07121937380719046,0.5,0.00075,-0.03635968690359523,924507.4492744731,-34883.14149877033,2024
2024-08-06 00:00:00+00:00,54018.82,57040.99,53950.0,56022.01,0.0,0.03708337891930613,0.5,0.00075,-0.00075,923814.0686875172,-693.3805869559292,2024
2024-08-07 00:00:00+00:00,56022.0,57736.05,54558.62,55134.16,0.5,-0.01584823536320812,0.5,0.00075,-0.00867411768160406,915800.7967398001,-8013.271947717061,2024
2024-08-08 00:00:00+00:00,55133.76,62745.14,54730.0,61685.99,0.5,0.11883431252058596,0.0,0.0,0.05941715626029298,970215.0757829896,54414.27904318948,2024
2024-08-09 00:00:00+00:00,61686.0,61744.37,59535.0,60837.99,0.5,-0.013747043696631933,0.0,0.0,-0.006873521848315967,963546.2812620297,-6668.794520959957,2024
2024-08-10 00:00:00+00:00,60837.99,61470.58,60242.0,60923.51,0.5,0.0014057006156844576,0.0,0.0,0.0007028503078422288,964223.5100624351,677.2288004053989,2024
2024-08-11 00:00:00+00:00,60923.51,61858.0,58286.73,58712.59,0.5,-0.03629009556409346,0.0,0.0,-0.01814504778204673,946727.6283997794,-17495.88166265562,2024
2024-08-12 00:00:00+00:00,58712.59,60711.09,57642.21,59346.64,0.5,0.0107992169992841,0.0,0.0,0.00539960849964205,951839.5869489326,5111.958549153176,2024
2024-08-13 00:00:00+00:00,59346.64,61578.1,58392.88,60587.15,0.5,0.02090278404977952,0.0,0.0,0.01045139202488976,961787.635616945,9948.048668012372,2024
2024-08-14 00:00:00+00:00,60587.16,61800.0,58433.18,58683.39,0.5,-0.031421844400999266,0.0,0.0,-0.015710922200499633,946677.0649003647,-15110.57071658026,2024
2024-08-15 00:00:00+00:00,58683.39,59849.38,56078.54,57541.06,0.5,-0.019465985179111134,0.0,0.0,-0.009732992589555567,937463.0640429874,-9214.000857377308,2024
2024-08-16 00:00:00+00:00,57541.05,59817.76,57098.62,58874.6,0.5,0.023175450712934476,0.0,0.0,0.011587725356467238,948326.1285609499,10863.064517962513,2024
2024-08-17 00:00:00+00:00,58874.59,59700.0,58785.05,59491.99,0.5,0.010486525598475405,0.0,0.0,0.005243262799237702,953298.4516723786,4972.323111428646,2024
2024-08-18 00:00:00+00:00,59491.99,60284.99,58408.92,58427.35,0.5,-0.017895518371464747,0.0,0.0,-0.008947759185732373,944768.5666946827,-8529.884977695881,2024
2024-08-19 00:00:00+00:00,58427.35,59617.63,57787.3,59438.5,0.5,0.017306107499313272,0.0,0.0,0.008653053749656636,952943.6998832776,8175.133188594948,2024
2024-08-20 00:00:00+00:00,59438.5,61400.0,58548.23,59013.8,0.5,-0.007145200501358473,0.0,0.0,-0.0035726002506792365,949539.2129821914,-3404.4869010862894,2024
2024-08-21 00:00:00+00:00,59013.8,61820.93,58783.47,61156.03,0.5,0.03630049242719502,0.0,0.0,0.01815024621359751,966773.5834872837,17234.370505092316,2024
2024-08-22 00:00:00+00:00,61156.03,61400.0,59724.87,60375.84,0.0,-0.012757368324922358,0.5,0.00075,-0.00075,966048.5032996681,-725.0801876155892,2024
2024-08-23 00:00:00+00:00,60375.83,64955.0,60342.14,64037.24,0.0,0.06064346268308651,0.0,0.0,0.0,966048.5032996681,0.0,2024
2024-08-24 00:00:00+00:00,64037.24,64494.5,63531.0,64157.01,1.0,0.0018703179587378216,1.0,0.0015,0.00037031795873782155,966406.2484094517,357.74510978360195,2024
2024-08-25 00:00:00+00:00,64157.02,65000.0,63773.27,64220.0,1.0,0.0009818100937060148,0.0,0.0,0.0009818100937060148,967355.0758187606,948.8274093088694,2024
2024-08-26 00:00:00+00:00,64219.99,64481.0,62800.0,62834.0,1.0,-0.021582061663033336,0.0,0.0,-0.021582061663033336,946477.5589223917,-20877.51689636882,2024
2024-08-27 00:00:00+00:00,62834.0,63212.0,58034.01,59415.0,1.0,-0.05441321577489899,0.0,0.0,-0.05441321577489899,894976.6712826479,-51500.88763974386,2024
2024-08-28 00:00:00+00:00,59415.0,60234.98,57860.0,59034.9,1.0,-0.006397374400403888,0.0,0.0,-0.006397374400403888,889251.1704368257,-5725.500845822156,2024
2024-08-29 00:00:00+00:00,59034.9,61166.99,58713.09,59359.01,1.0,0.0054901422717748005,0.0,0.0,0.0054901422717748005,894133.2858778662,4882.115441040485,2024
2024-08-30 00:00:00+00:00,59359.0,59944.07,57701.1,59123.99,1.0,-0.003959297838693754,0.0,0.0,-0.003959297838693754,890593.1458915857,-3540.1399862804683,2024
2024-08-31 00:00:00+00:00,59123.99,59462.38,58744.0,58973.99,1.0,-0.0025370412247210927,0.0,0.0,-0.0025370412247210927,888333.6743660048,-2259.4715255809715,2024
2024-09-01 00:00:00+00:00,58974.0,59076.59,57201.0,57301.86,1.0,-0.028353686091105557,0.0,0.0,-0.028353686091105557,863146.1402188727,-25187.53414713207,2024
2024-09-02 00:00:00+00:00,57301.77,59425.69,57128.0,59132.13,1.0,0.03194084799341579,0.0,0.0,0.03194084799341579,890715.7598797072,27569.61966083455,2024
2024-09-03 00:00:00+00:00,59132.12,59809.65,57415.0,57487.73,1.0,-0.0278089086254798,0.0,0.0,-0.0278089086254798,865945.9267019376,-24769.833177769673,2024
2024-09-04 00:00:00+00:00,57487.74,58519.0,55606.0,57970.9,1.0,0.008404750022309004,0.0,0.0,0.008404750022309004,873223.9857487042,7278.059046766604,2024
2024-09-05 00:00:00+00:00,57970.9,58327.07,55643.65,56180.0,1.0,-0.030893086013844884,0.0,0.0,-0.030893086013844884,846247.402047617,-26976.583701087162,2024
2024-09-06 00:00:00+00:00,56180.0,57008.0,52550.0,53962.97,1.0,-0.03946297614809535,0.0,0.0,-0.03946297614809535,812851.9610052243,-33395.44104239275,2024
2024-09-07 00:00:00+00:00,53962.97,54850.0,53745.54,54160.86,0.5,0.0036671443399056702,0.5,0.00075,0.001083572169952835,813732.7447684612,880.7837632369483,2024
2024-09-08 00:00:00+00:00,54160.86,55318.0,53629.01,54869.95,0.5,0.013092295801802267,0.0,0.0,0.006546147900901134,819059.5596675217,5326.814899060526,2024
2024-09-09 00:00:00+00:00,54869.95,58088.0,54591.96,57042.0,0.5,0.03958541970605056,0.0,0.0,0.01979270985302528,835270.9678843677,16211.408216845943,2024
2024-09-10 00:00:00+00:00,57042.01,58044.36,56386.4,57635.99,0.5,0.010413204305599333,0.0,0.0,0.005206602152799666,839619.8915039256,4348.923619557871,2024
2024-09-11 00:00:00+00:00,57635.99,57981.71,55545.19,57338.0,0.5,-0.005170207018218909,0.0,0.0,-0.0025851035091094543,837449.3871760807,-2170.5043278448284,2024
2024-09-12 00:00:00+00:00,57338.0,58588.0,57324.0,58132.32,0.5,0.013853291011196811,0.0,0.0,0.0069266455055984055,843250.1022099298,5800.715033849119,2024
2024-09-13 00:00:00+00:00,58132.31,60625.0,57632.62,60498.0,0.5,0.04069474605520651,0.0,0.0,0.020347373027603255,860408.0265951598,17157.92438522994,2024
2024-09-14 00:00:00+00:00,60497.99,60610.45,59400.0,59993.03,0.0,-0.008346887500413236,0.5,0.00075,-0.00075,859762.7205752134,-645.3060199463507,2024
2024-09-15 00:00:00+00:00,59993.02,60395.8,58691.05,59132.0,0.0,-0.014352167243428138,0.0,0.0,-0.0,859762.7205752134,0.0,2024
2024-09-16 00:00:00+00:00,59132.0,59210.7,57493.3,58213.99,0.0,-0.01552475816816612,0.0,0.0,-0.0,859762.7205752134,0.0,2024
2024-09-17 00:00:00+00:00,58213.99,61320.0,57610.01,60313.99,0.0,0.03607380287796791,0.0,0.0,0.0,859762.7205752134,0.0,2024
2024-09-18 00:00:00+00:00,60313.99,61786.24,59174.8,61759.99,0.0,0.023974537250810224,0.0,0.0,0.0,859762.7205752134,0.0,2024
2024-09-19 00:00:00+00:00,61759.98,63850.0,61555.0,62947.99,1.0,0.019235754409934414,1.0,0.0015,0.017735754409934412,875011.2610381525,15248.540462939069,2024
2024-09-20 00:00:00+00:00,62948.0,64133.32,62350.0,63201.05,1.0,0.004020144249244684,0.0,0.0,0.004020144249244684,878528.9325272393,3517.671489086817,2024
2024-09-21 00:00:00+00:00,63201.05,63559.9,62758.0,63348.96,1.0,0.0023403092195461994,0.0,0.0,0.0023403092195461994,880584.9618876708,2056.0293604314793,2024
2024-09-22 00:00:00+00:00,63348.97,64000.0,62357.93,63578.76,1.0,0.003627526008319615,0.0,0.0,0.003627526008319615,883779.3067394536,3194.3448517827783,2024
2024-09-23 00:00:00+00:00,63578.76,64745.88,62538.75,63339.99,1.0,-0.0037554994781276996,0.0,0.0,-0.0037554994781276996,880460.2740142135,-3319.032725240104,2024
2024-09-24 00:00:00+00:00,63339.99,64688.0,62700.0,64262.7,1.0,0.014567574134444872,0.0,0.0,0.014567574134444872,893286.4443283492,12826.170314135728,2024
2024-09-25 00:00:00+00:00,64262.7,64817.99,62947.08,63152.01,1.0,-0.017283587524333677,0.0,0.0,-0.017283587524333677,877847.2498834993,-15439.194444849854,2024
2024-09-26 00:00:00+00:00,63152.01,65839.0,62670.0,65173.99,1.0,0.03201766657941674,0.0,0.0,0.03201766657941674,905953.8704379271,28106.620554427733,2024
2024-09-27 00:00:00+00:00,65173.99,66498.0,64819.9,65769.95,1.0,0.009144138635673427,0.0,0.0,0.009144138635673427,914238.0382267364,8284.167788809282,2024
2024-09-28 00:00:00+00:00,65769.95,66260.0,65422.23,65858.0,1.0,0.0013387572896133015,0.0,0.0,0.0013387572896133015,915461.9810648542,1223.9428381178295,2024
2024-09-29 00:00:00+00:00,65858.0,66076.12,65432.0,65602.01,1.0,-0.0038869993015275828,0.0,0.0,-0.0038869993015275828,911903.5809838801,-3558.4000809740974,2024
2024-09-30 00:00:00+00:00,65602.01,65618.8,62856.3,63327.59,1.0,-0.03466997428889751,0.0,0.0,-0.03466997428889751,880287.9072772154,-31615.673706664704,2024
2024-10-01 00:00:00+00:00,63327.6,64130.63,60164.0,60805.78,1.0,-0.03982166382772501,0.0,0.0,-0.03982166382772501,845233.3781620105,-35054.52911520493,2024
2024-10-02 00:00:00+00:00,60804.92,62390.31,60000.0,60649.28,1.0,-0.002573768480562233,0.0,0.0,-0.002573768480562233,843057.9431345781,-2175.435027432395,2024
2024-10-03 00:00:00+00:00,60649.27,61477.19,59828.11,60752.71,1.0,0.001705378860227258,0.0,0.0,0.001705378860227258,844495.6763287465,1437.7331941684242,2024
2024-10-04 00:00:00+00:00,60752.72,62484.85,60459.9,62086.0,1.0,0.021946181495442696,0.0,0.0,0.021946181495442696,863029.1317135738,18533.455384827335,2024
2024-10-05 00:00:00+00:00,62086.0,62370.56,61689.26,62058.0,1.0,-0.00045098734014104025,0.0,0.0,-0.00045098734014104025,862639.916500998,-389.21521257585846,2024
2024-10-06 00:00:00+00:00,62058.01,62975.0,61798.97,62819.91,1.0,0.012277385671468632,0.0,0.0,0.012277385671468632,873230.8794514843,10590.96295048634,2024
2024-10-07 00:00:00+00:00,62819.91,64478.19,62128.0,62224.0,1.0,-0.009486005312646983,0.0,0.0,-0.009486005312646983,864947.4066898401,-8283.472761644167,2024
2024-10-08 00:00:00+00:00,62224.01,63200.0,61860.31,62160.49,1.0,-0.001020667266649511,0.0,0.0,-0.001020667266649511,864064.5831844583,-882.8235053818207,2024
2024-10-09 00:00:00+00:00,62160.5,62543.75,60301.0,60636.02,1.0,-0.02452474232426416,0.0,0.0,-0.02452474232426416,842873.6219303367,-21190.96125412162,2024
2024-10-10 00:00:00+00:00,60636.01,61321.68,58946.0,60326.39,1.0,-0.005106370767738344,0.0,0.0,-0.005106370767738344,838569.5967064139,-4304.025223922799,2024
2024-10-11 00:00:00+00:00,60326.4,63417.56,60087.64,62540.0,1.0,0.036693891346722296,0.0,0.0,0.036693891346722296,869339.9783746237,30770.381668209797,2024
2024-10-12 00:00:00+00:00,62539.99,63480.0,62487.23,63206.22,1.0,0.010652702270546932,0.0,0.0,0.010652702270546932,878600.7983361323,9260.81996150862,2024
2024-10-13 00:00:00+00:00,63206.23,63285.72,62050.0,62870.02,1.0,-0.005319096759781039,0.0,0.0,-0.005319096759781039,873927.4356765614,-4673.362659570877,2024
2024-10-14 00:00:00+00:00,62870.02,66500.0,62457.81,66083.99,1.0,0.051120868102157546,0.0,0.0,0.051120868102157546,918603.3648466397,44675.92917007825,2024
2024-10-15 00:00:00+00:00,66084.0,67950.0,64800.01,67074.14,1.0,0.014983205463229288,0.0,0.0,0.014983205463229288,932366.9878013507,13763.622954710969,2024
2024-10-16 00:00:00+00:00,67074.14,68424.0,66750.49,67620.01,1.0,0.008138307848598592,0.0,0.0,0.008138307848598592,939954.8773759486,7587.889574597939,2024
2024-10-17 00:00:00+00:00,67620.0,67939.4,66666.0,67421.78,1.0,-0.0029315286998625734,0.0,0.0,-0.0029315286998625734,937199.3726763453,-2755.504699603305,2024
2024-10-18 00:00:00+00:00,67421.78,69000.0,67192.36,68428.0,1.0,0.014924257413553965,0.0,0.0,0.014924257413553965,951186.3773619883,13987.004685643013,2024
2024-10-19 00:00:00+00:00,68427.99,68693.26,68010.0,68378.0,1.0,-0.000730695037119311,0.0,0.0,-0.000730695037119311,950491.3501966743,-695.0271653139498,2024
2024-10-20 00:00:00+00:00,68377.99,69400.0,68100.0,69031.99,1.0,0.00956433355757702,0.0,0.0,0.00956433355757702,959582.1665135471,9090.816316872719,2024
2024-10-21 00:00:00+00:00,69032.0,69519.52,66840.67,67377.5,1.0,-0.023967004283086846,0.0,0.0,-0.023967004283086846,936583.8566187432,-22998.30989480391,2024
2024-10-22 00:00:00+00:00,67377.5,67836.01,66571.42,67426.0,1.0,0.0007198248673518926,0.0,0.0,0.0007198248673518926,937258.0329690976,674.1763503544498,2024
2024-10-23 00:00:00+00:00,67426.01,67472.83,65260.0,66668.65,1.0,-0.011232313944175898,0.0,0.0,-0.011232313944175898,926730.456496088,-10527.576473009656,2024
2024-10-24 00:00:00+00:00,66668.65,68850.0,66510.0,68198.28,1.0,0.022943767422919148,0.0,0.0,0.022943767422919148,947993.1445536697,21262.688057581778,2024
2024-10-25 00:00:00+00:00,68198.27,68771.49,65596.29,66698.33,1.0,-0.02199395644582236,0.0,0.0,-0.02199395644582236,927143.0246214182,-20850.119932251517,2024
2024-10-26 00:00:00+00:00,66698.32,67454.55,66439.9,67092.76,1.0,0.005913641316056761,0.0,0.0,0.005913641316056761,932625.8159177133,5482.791296295123,2024
2024-10-27 00:00:00+00:00,67092.76,68332.05,66913.73,68021.7,1.0,0.013845607186230069,0.0,0.0,0.013845607186230069,945538.5866166473,12912.770698933979,2024
2024-10-28 00:00:00+00:00,68021.69,70270.0,67618.0,69962.21,1.0,0.028527808037729363,0.0,0.0,0.028527808037729363,972512.729907913,26974.143291265704,2024
2024-10-29 00:00:00+00:00,69962.21,73620.12,69760.0,72736.42,1.0,0.03965297837218107,0.0,0.0,0.03965297837218107,1011075.7561536223,38563.026245709276,2024
2024-10-30 00:00:00+00:00,72736.41,72961.0,71436.0,72344.74,1.0,-0.00538492271134583,0.0,0.0,-0.00538492271134583,1005631.1913514195,-5444.564802202745,2024
2024-10-31 00:00:00+00:00,72344.75,72700.0,69685.76,70292.01,1.0,-0.028374281253896405,0.0,0.0,-0.028374281253896405,977097.1290903233,-28534.062261096202,2024
2024-11-01 00:00:00+00:00,70292.01,71632.95,68820.14,69496.01,1.0,-0.011324188908526045,0.0,0.0,-0.011324188908526045,966032.2966185261,-11064.832471797243,2024
2024-11-02 00:00:00+00:00,69496.0,69914.37,69000.14,69374.74,1.0,-0.0017449922664622974,0.0,0.0,-0.0017449922664622974,964346.577731774,-1685.7188867521472,2024
2024-11-03 00:00:00+00:00,69374.74,69391.0,67478.73,68775.99,1.0,-0.008630662976178316,0.0,0.0,-0.008630662976178316,956023.6274271401,-8322.950304633821,2024
2024-11-04 00:00:00+00:00,68775.99,69500.0,66835.0,67850.01,1.0,-0.01346371022794457,0.0,0.0,-0.01346371022794457,943152.0023363926,-12871.62509074749,2024
2024-11-05 00:00:00+00:00,67850.01,70577.91,67476.63,69372.01,1.0,0.022431831623900944,0.0,0.0,0.022431831623900944,964308.6292485476,21156.626912154956,2024
2024-11-06 00:00:00+00:00,69372.01,76400.0,69298.0,75571.99,1.0,0.0893729329739763,0.0,0.0,0.0893729329739763,1050491.719736605,86183.09048805735,2024
2024-11-07 00:00:00+00:00,75571.99,76849.99,74416.0,75857.89,1.0,0.0037831476979763856,0.0,0.0,0.0037831476979763856,1054465.8850678697,3974.165331264725,2024
2024-11-08 00:00:00+00:00,75857.89,77199.99,75555.0,76509.78,1.0,0.008593568843003663,0.0,0.0,0.008593568843003663,1063527.5102437993,9061.625175929628,2024
2024-11-09 00:00:00+00:00,76509.78,76900.0,75714.66,76677.46,1.0,0.0021916152418686163,0.0,0.0,0.0021916152418686163,1065858.3533453962,2330.8431015969254,2024
2024-11-10 00:00:00+00:00,76677.46,81500.0,76492.0,80370.01,1.0,0.04815691599591321,0.0,0.0,0.04815691599591321,1117186.8045309929,51328.45118559664,2024
2024-11-11 00:00:00+00:00,80370.01,89530.54,80216.01,88647.99,1.0,0.10299836966550102,0.0,0.0,0.10299836966550102,1232255.224009496,115068.41947850306,2024
2024-11-12 00:00:00+00:00,88648.0,89940.0,85072.0,87952.01,1.0,-0.00785105223479976,0.0,0.0,-0.00785105223479976,1222580.7238791925,-9674.500130303437,2024
2024-11-13 00:00:00+00:00,87952.0,93265.64,86127.99,90375.2,1.0,0.027551274837266382,0.0,0.0,0.027551274837266382,1256264.3814135322,33683.6575343397,2024
2024-11-14 00:00:00+00:00,90375.21,91790.0,86668.21,87325.59,1.0,-0.03374388106471693,0.0,0.0,-0.03374388106471693,1213873.1455412738,-42391.23587225843,2024
2024-11-15 00:00:00+00:00,87325.59,91850.0,87073.38,91032.07,1.0,0.04244437398018164,0.0,0.0,0.04244437398018164,1265395.231295127,51522.0857538532,2024
2024-11-16 00:00:00+00:00,91032.08,91779.66,90056.17,90586.92,1.0,-0.004890034907478302,0.0,0.0,-0.004890034907478302,1259207.4044423373,-6187.826852789614,2024
2024-11-17 00:00:00+00:00,90587.98,91449.99,88722.0,89855.99,1.0,-0.008068824947354392,0.0,0.0,-0.008068824947354392,1249047.0803234796,-10160.324118857738,2024
2024-11-18 00:00:00+00:00,89855.98,92594.0,89376.9,90464.08,1.0,0.006767384122082332,0.0,0.0,0.006767384122082332,1257499.861702594,8452.78137911437,2024
2024-11-19 00:00:00+00:00,90464.07,93905.51,90357.0,92310.79,1.0,0.020413737695668788,0.0,0.0,0.020413737695668788,1283170.1340317305,25670.272329136496,2024
2024-11-20 00:00:00+00:00,92310.8,94831.97,91500.0,94286.56,1.0,0.02140345673566446,0.0,0.0,0.02140345673566446,1310634.4104799754,27464.276448244927,2024
2024-11-21 00:00:00+00:00,94286.56,98988.0,94040.0,98317.12,1.0,0.04274798019993509,0.0,0.0,0.04274798019993509,1366661.384308527,56026.97382855159,2024
2024-11-22 00:00:00+00:00,98317.12,99588.01,97122.11,98892.0,1.0,0.0058472013826280644,0.0,0.0,0.0058472013826280644,1374652.5286444402,7991.144335913239,2024
2024-11-23 00:00:00+00:00,98892.0,98908.85,97136.0,97672.4,1.0,-0.012332645714516866,0.0,0.0,-0.012332645714516866,1357699.4260281036,-16953.102616336662,2024
2024-11-24 00:00:00+00:00,97672.4,98564.0,95734.77,97900.04,1.0,0.002330648166728677,0.0,0.0,0.002330648166728677,1360863.7457063447,3164.319678241154,2024
2024-11-25 00:00:00+00:00,97900.05,98871.8,92600.19,93010.01,1.0,-0.04994921350389636,0.0,0.0,-0.04994921350389636,1292889.6719223463,-67974.07378399838,2024
2024-11-26 00:00:00+00:00,93010.01,94973.37,90791.1,91965.16,1.0,-0.011233737099909935,0.0,0.0,-0.011233737099909935,1278365.689248782,-14523.98267356446,2024
2024-11-27 00:00:00+00:00,91965.16,97208.21,91792.14,95863.11,1.0,0.04238507278190995,0.0,0.0,0.04238507278190995,1332549.312029488,54183.622780706035,2024
2024-11-28 00:00:00+00:00,95863.11,96564.0,94640.0,95643.98,1.0,-0.002285863665387078,0.0,0.0,-0.002285863665387078,1329503.2859747834,-3046.026054704562,2024
2024-11-29 00:00:00+00:00,95643.99,98619.99,95364.99,97460.0,1.0,0.018987290156683212,0.0,0.0,0.018987290156683212,1354746.9506298504,25243.664655067027,2024
2024-11-30 00:00:00+00:00,97460.0,97463.95,96092.01,96407.99,1.0,-0.010794274574184248,0.0,0.0,-0.010794274574184248,1340123.4400662128,-14623.510563637596,2024
2024-12-01 00:00:00+00:00,96407.99,97836.0,95693.88,97185.18,1.0,0.008061468764155144,0.0,0.0,0.008061468764155144,1350926.8033184186,10803.363252205774,2024
2024-12-02 00:00:00+00:00,97185.17,98130.0,94395.0,95840.62,1.0,-0.01383503122595442,0.0,0.0,-0.01383503122595442,1332236.6888105294,-18690.114507889142,2024
2024-12-03 00:00:00+00:00,95840.61,96305.52,93578.17,95849.69,1.0,9.463628261174861e-05,0.0,0.0,9.463628261174861e-05,1332362.7667383174,126.07792778802104,2024
2024-12-04 00:00:00+00:00,95849.69,99000.0,94587.83,98587.32,1.0,0.028561699051921963,0.0,0.0,0.028561699051921963,1370417.3111098835,38054.54437156604,2024
2024-12-05 00:00:00+00:00,98587.32,104088.0,90500.0,96945.63,1.0,-0.016652141472148774,0.0,0.0,-0.016652141472148774,1347596.9281694,-22820.382940483512,2024
2024-12-06 00:00:00+00:00,96945.63,101898.99,95981.72,99740.84,1.0,0.028832759145512643,0.0,0.0,0.028832759145512643,1386451.8658245408,38854.93765514088,2024
2024-12-07 00:00:00+00:00,99740.84,100439.18,98844.0,99831.99,1.0,0.0009138683812970338,0.0,0.0,0.0009138683812970338,1387718.9003469083,1267.0345223674085,2024
2024-12-08 00:00:00+00:00,99831.99,101351.0,98657.7,101109.59,1.0,0.012797501081567075,0.0,0.0,0.012797501081567075,1405478.234475009,17759.334128100658,2024
2024-12-09 00:00:00+00:00,101109.6,101215.93,94150.05,97276.47,1.0,-0.0379105483466009,0.0,0.0,-0.0379105483466009,1352195.7839168487,-53282.4505581602,2024
2024-12-10 00:00:00+00:00,97276.48,98270.0,94256.54,96593.0,1.0,-0.007026056763778543,0.0,0.0,-0.007026056763778543,1342695.179583307,-9500.604333541822,2024
2024-12-11 00:00:00+00:00,96593.0,101888.0,95658.24,101125.0,1.0,0.04691851376393741,0.0,0.0,0.04691851376393741,1405692.4418473586,62997.26226405171,2024
2024-12-12 00:00:00+00:00,101125.0,102540.0,99311.64,100004.29,1.0,-0.011082422744128628,0.0,0.0,-0.011082422744128628,1390113.9639585798,-15578.477888778783,2024
2024-12-13 00:00:00+00:00,100004.29,101895.26,99205.0,101424.25,1.0,0.014198990863292016,0.0,0.0,0.014198990863292016,1409852.1794317623,19738.2154731825,2024
2024-12-14 00:00:00+00:00,101424.24,102650.0,100609.41,101420.0,1.0,-4.19031937628489e-05,0.0,0.0,-4.19031937628489e-05,1409793.1021227106,-59.077309051761404,2024
2024-12-15 00:00:00+00:00,101420.0,105250.0,101237.14,104463.99,1.0,0.030013705383553635,0.0,0.0,0.030013705383553635,1452106.2169415879,42313.11481887731,2024
2024-12-16 00:00:00+00:00,104463.99,107793.07,103333.0,106058.66,1.0,0.01526526030644626,0.0,0.0,0.01526526030644626,1474272.99633581,22166.77939422219,2024
2024-12-17 00:00:00+00:00,106058.65,108353.0,105321.49,106133.74,1.0,0.0007079101319968917,0.0,0.0,0.0007079101319968917,1475316.6491272456,1043.6527914355975,2024
2024-12-18 00:00:00+00:00,106133.74,106524.98,100000.0,100204.01,1.0,-0.0558703575319216,0.0,0.0,-0.0558703575319216,1392890.18046771,-82426.46865953575,2024
2024-12-19 00:00:00+00:00,100204.01,102800.11,95700.0,97461.86,1.0,-0.027365671293993032,0.0,0.0,-0.027365671293993032,1354772.8056404,-38117.37482730998,2024
2024-12-20 00:00:00+00:00,97461.86,98233.0,92232.54,97805.44,1.0,0.0035252764517319513,0.0,0.0,0.0035252764517319513,1359548.7543095709,4775.948669170961,2024
2024-12-21 00:00:00+00:00,97805.44,99540.61,96398.39,97291.99,1.0,-0.005249707991702657,0.0,0.0,-0.005249707991702657,1352411.5203489626,-7137.233960608253,2024
2024-12-22 00:00:00+00:00,97292.0,97448.08,94250.35,95186.27,1.0,-0.02164330280426996,0.0,0.0,-0.02164330280426996,1323140.8682980668,-29270.65205089585,2024
2024-12-23 00:00:00+00:00,95186.28,96538.92,92520.0,94881.47,1.0,-0.003202142493870186,0.0,0.0,-0.003202142493870186,1318903.9826983132,-4236.885599753587,2024
2024-12-24 00:00:00+00:00,94881.47,99487.99,93569.02,98663.58,1.0,0.03986141867321402,0.0,0.0,0.03986141867321402,1371477.3665424201,52573.383844106924,2024
2024-12-25 00:00:00+00:00,98663.58,99569.15,97632.02,99429.6,1.0,0.0077639591022340415,0.0,0.0,0.0077639591022340415,1382125.4607258951,10648.094183475012,2024
2024-12-26 00:00:00+00:00,99429.61,99963.7,95199.14,95791.6,1.0,-0.03658870195595676,0.0,0.0,-0.03658870195595676,1331555.2841776558,-50570.17654823931,2024
2024-12-27 00:00:00+00:00,95791.6,97544.58,93500.01,94299.03,1.0,-0.01558142885179914,0.0,0.0,-0.01558142885179914,1310807.7502550045,-20747.533922651317,2024
2024-12-28 00:00:00+00:00,94299.03,95733.99,94135.66,95300.0,1.0,0.01061484937862045,0.0,0.0,0.01061484937862045,1324721.7770882896,13914.026833285112,2024
2024-12-29 00:00:00+00:00,95300.0,95340.0,93009.52,93738.2,1.0,-0.01638824763903468,0.0,0.0,-0.01638824763903468,1303011.9085525447,-21709.868535744958,2024
2024-12-30 00:00:00+00:00,93738.19,95024.5,91530.45,92792.05,1.0,-0.010093537106537043,0.0,0.0,-0.010093537106537043,1289859.90950331,-13151.99904923467,2024
2024-12-31 00:00:00+00:00,92792.05,96250.0,92033.73,93576.0,1.0,0.008448460832582105,0.0,0.0,0.008448460832582105,1300757.2404282666,10897.330924956594,2024
2025-01-01 00:00:00+00:00,93576.0,95151.15,92888.0,94591.79,1.0,0.010855240659998211,0.0,0.0,0.010855240659998211,1314877.2733133505,14120.032885083929,2025
2025-01-02 00:00:00+00:00,94591.78,97839.5,94392.0,96984.79,1.0,0.025298178626284695,0.0,0.0,0.025298178626284695,1348141.2734452737,33264.00013192324,2025
2025-01-03 00:00:00+00:00,96984.79,98976.91,96100.01,98174.18,1.0,0.012263675572221189,0.0,0.0,0.012263675572221189,1364674.4406483278,16533.167203054065,2025
2025-01-04 00:00:00+00:00,98174.17,98778.43,97514.79,98220.5,1.0,0.0004718144831972193,0.0,0.0,0.0004718144831972193,1365318.3138142747,643.8731659469195,2025
2025-01-05 00:00:00+00:00,98220.51,98836.85,97276.79,98363.61,1.0,0.0014570278098766654,0.0,0.0,0.0014570278098766654,1367307.620566836,1989.3067525613587,2025
2025-01-06 00:00:00+00:00,98363.61,102480.0,97920.0,102235.6,1.0,0.039364049367443865,0.0,0.0,0.039364049367443865,1421130.385243311,53822.764676474966,2025
2025-01-07 00:00:00+00:00,102235.6,102724.38,96181.81,96954.61,1.0,-0.05165509861535522,0.0,0.0,-0.05165509861535522,1347721.7550482901,-73408.63019502093,2025
2025-01-08 00:00:00+00:00,96954.6,97268.65,92500.9,95060.61,1.0,-0.01953491432743626,0.0,0.0,-0.01953491432743626,1321394.1260261997,-26327.629022090463,2025
2025-01-09 00:00:00+00:00,95060.61,95382.32,91203.67,92552.49,1.0,-0.026384429891623817,0.0,0.0,-0.026384429891623817,1286529.895348858,-34864.23067734158,2025
2025-01-10 00:00:00+00:00,92552.49,95836.0,92206.02,94726.11,1.0,0.02348526765730452,0.0,0.0,0.02348526765730452,1316744.39429025,30214.49894139194,2025
2025-01-11 00:00:00+00:00,94726.1,95050.94,93831.73,94599.99,1.0,-0.0013314174940783907,0.0,0.0,-0.0013314174940783907,1314991.2577684622,-1753.1365217878483,2025
2025-01-12 00:00:00+00:00,94599.99,95450.1,93711.19,94545.06,1.0,-0.0005806554525006336,0.0,0.0,-0.0005806554525006336,1314227.7009246482,-763.5568438139744,2025
2025-01-13 00:00:00+00:00,94545.07,95940.0,89256.69,94536.1,1.0,-9.476962625010188e-05,0.0,0.0,-9.476962625010188e-05,1314103.1520566242,-124.54886802402325,2025
2025-01-14 00:00:00+00:00,94536.11,97371.0,94346.22,96560.86,1.0,0.021417849900725594,0.0,0.0,0.021417849900725594,1342248.4161214433,28145.264064819086,2025
2025-01-15 00:00:00+00:00,96560.85,100681.94,96500.0,100497.35,1.0,0.04076693186038316,0.0,0.0,0.04076693186038316,1396967.7658411732,54719.34971972997,2025
2025-01-16 00:00:00+00:00,100497.35,100866.66,97335.13,99987.3,1.0,-0.005075258203325772,0.0,0.0,-0.005075258203325772,1389877.7937278063,-7089.972113366937,2025
2025-01-17 00:00:00+00:00,99987.3,105865.22,99950.77,104077.48,1.0,0.04090699518838892,0.0,0.0,0.04090699518838892,1446733.5179482782,56855.72422047192,2025
2025-01-18 00:00:00+00:00,104077.47,104988.88,102277.55,104556.23,1.0,0.0045999384304846735,0.0,0.0,0.0045999384304846735,1453388.403056159,6654.885107880691,2025
2025-01-19 00:00:00+00:00,104556.23,106422.43,99651.6,101331.57,1.0,-0.030841395103859304,0.0,0.0,-0.030841395103859304,1408563.877078137,-44824.52597802202,2025
2025-01-20 00:00:00+00:00,101331.57,109588.0,99550.0,102260.01,1.0,0.009162396279856155,0.0,0.0,0.009162396279856155,1421469.6975054175,12905.820427280618,2025
2025-01-21 00:00:00+00:00,102260.0,107240.81,100119.04,106143.82,1.0,0.03797975376689289,0.0,0.0,0.03797975376689289,1475456.766603773,53987.06909835548,2025
2025-01-22 00:00:00+00:00,106143.82,106394.46,103339.12,103706.66,1.0,-0.022960922265658046,0.0,0.0,-0.022960922265658046,1441578.9184794445,-33877.848124328535,2025
2025-01-23 00:00:00+00:00,103706.66,106850.0,101262.28,103910.34,1.0,0.0019640011547956693,0.0,0.0,0.0019640011547956693,1444410.1811400673,2831.2626606228296,2025
2025-01-24 00:00:00+00:00,103910.35,107120.0,102750.0,104870.5,1.0,0.009240273874573157,0.0,0.0,0.009240273874573157,1457756.9268010233,13346.745660956018,2025
2025-01-25 00:00:00+00:00,104870.51,105286.52,104106.09,104746.85,1.0,-0.0011790732379457491,0.0,0.0,-0.0011790732379457491,1456038.124621202,-1718.8021798213013,2025
2025-01-26 00:00:00+00:00,104746.86,105500.0,102520.44,102620.0,1.0,-0.020304667873067395,0.0,0.0,-0.020304667873067395,1426473.7540902446,-29564.370530957356,2025
2025-01-27 00:00:00+00:00,102620.01,103260.0,97777.77,102082.83,1.0,-0.0052345546677060595,0.0,0.0,-0.0052345546677060595,1419006.7992424113,-7466.9548478333745,2025
2025-01-28 00:00:00+00:00,102082.83,103800.0,100272.68,101335.52,1.0,-0.0073206238502596666,0.0,0.0,-0.0073206238502596666,1408618.7842241968,-10388.015018214472,2025
2025-01-29 00:00:00+00:00,101335.52,104782.68,101328.01,103733.24,1.0,0.023661199942527578,0.0,0.0,0.023661199942527578,1441948.3949205256,33329.610696328804,2025
2025-01-30 00:00:00+00:00,103733.25,106457.44,103278.54,104722.94,1.0,0.00954081835292131,0.0,0.0,0.00954081835292131,1455705.7626307488,13757.367710223189,2025
2025-01-31 00:00:00+00:00,104722.94,106012.0,101560.0,102429.56,1.0,-0.021899499765762886,0.0,0.0,-0.021899499765762886,1423826.534622997,-31879.22800775175,2025
2025-02-01 00:00:00+00:00,102429.56,102783.71,100279.51,100635.65,1.0,-0.01751359666096397,0.0,0.0,-0.01751359666096397,1398890.2109804319,-24936.32364256517,2025
2025-02-02 00:00:00+00:00,100635.66,101456.6,96150.0,97700.59,1.0,-0.029165211334154395,0.0,0.0,-0.029165211334154395,1358091.2823439077,-40798.92863652413,2025
2025-02-03 00:00:00+00:00,97700.59,102500.01,91231.0,101328.52,1.0,0.03713314320824468,0.0,0.0,0.03713314320824468,1408521.4804210525,50430.1980771448,2025
2025-02-04 00:00:00+00:00,101328.51,101732.31,96150.0,97763.13,1.0,-0.03518644109279401,0.0,0.0,-0.03518644109279401,1358960.6223222823,-49560.85809877026,2025
2025-02-05 00:00:00+00:00,97763.14,99149.0,96155.0,96612.43,1.0,-0.011770285996367091,0.0,0.0,-0.011770285996367091,1342965.267139748,-15995.355182534317,2025
2025-02-06 00:00:00+00:00,96612.44,99120.0,95676.64,96554.35,1.0,-0.0006011648811647952,0.0,0.0,-0.0006011648811647952,1342157.9235845194,-807.3435552285518,2025
2025-02-07 00:00:00+00:00,96554.35,100137.99,95620.34,96506.8,1.0,-0.0004924687494659574,0.0,0.0,-0.0004924687494659574,1341496.952750306,-660.970834213309,2025
2025-02-08 00:00:00+00:00,96506.8,96880.0,95688.0,96444.74,1.0,-0.0006430634939713631,0.0,0.0,-0.0006430634939713631,1340634.2850327184,-862.6677175876684,2025
2025-02-09 00:00:00+00:00,96444.75,97323.09,94713.0,96462.75,1.0,0.00018673905907151678,0.0,0.0,0.00018673905907151678,1340884.6338176643,250.3487849459052,2025
2025-02-10 00:00:00+00:00,96462.75,98345.0,95256.0,97430.82,1.0,0.010035687350816946,0.0,0.0,0.010035687350816946,1354341.3327761733,13456.698958508903,2025
2025-02-11 00:00:00+00:00,97430.82,98478.42,94876.88,95778.2,1.0,-0.016961983897908373,0.0,0.0,-0.016961983897908373,1331369.016897352,-22972.315878821304,2025
2025-02-12 00:00:00+00:00,95778.21,98119.99,94088.23,97869.99,1.0,0.021839938524633062,0.0,0.0,0.021839938524633062,1360446.0343799912,29077.01748263929,2025
2025-02-13 00:00:00+00:00,97870.0,98083.91,95217.36,96608.14,1.0,-0.0128931248485874,0.0,0.0,-0.0128931248485874,1342905.6338089644,-17540.40057102684,2025
2025-02-14 00:00:00+00:00,96608.13,98826.0,96252.82,97500.48,1.0,0.009236695789816451,0.0,0.0,0.009236695789816451,1355309.6446228884,12404.010813924018,2025
2025-02-15 00:00:00+00:00,97500.47,97972.26,97223.58,97569.66,1.0,0.0007095349684433927,0.0,0.0,0.0007095349684433927,1356271.2842088172,961.6395859287586,2025
2025-02-16 00:00:00+00:00,97569.67,97704.47,96046.18,96118.12,1.0,-0.014876960727340904,0.0,0.0,-0.014876960727340904,1336094.0895780222,-20177.194630794926,2025
2025-02-17 00:00:00+00:00,96118.12,97046.59,95205.0,95780.0,1.0,-0.0035177550289164916,0.0,0.0,-0.0035177550289164916,1331394.0378753038,-4700.051702718483,2025
2025-02-18 00:00:00+00:00,95780.01,96753.91,93388.09,95671.74,1.0,-0.0011302986009604776,0.0,0.0,-0.0011302986009604776,1329889.1650569662,-1504.8728183375206,2025
2025-02-19 00:00:00+00:00,95671.74,96899.99,95029.99,96644.37,1.0,0.01016632497746972,0.0,0.0,0.01016632497746972,1343409.2504929511,13520.085435984889,2025
2025-02-20 00:00:00+00:00,96644.37,98711.36,96415.09,98305.0,1.0,0.017182894357943512,0.0,0.0,0.017182894357943512,1366492.9097236556,23083.65923070442,2025
2025-02-21 00:00:00+00:00,98305.01,99475.0,94871.95,96181.98,1.0,-0.02159625654849706,0.0,0.0,-0.02159625654849706,1336981.7782735613,-29511.131450094283,2025
2025-02-22 00:00:00+00:00,96181.99,96980.0,95770.49,96551.01,1.0,0.0038367893861199764,0.0,0.0,0.0038367893861199764,1342111.4957698772,5129.717496315949,2025
2025-02-23 00:00:00+00:00,96551.01,96650.0,95227.94,96258.0,1.0,-0.003034768875022631,0.0,0.0,-0.003034768875022631,1338038.4975757047,-4072.9981941725127,2025
2025-02-24 00:00:00+00:00,96258.0,96500.0,91349.26,91552.88,1.0,-0.04888030085811046,0.0,0.0,-0.04888030085811046,1272634.7732544702,-65403.724321234506,2025
2025-02-25 00:00:00+00:00,91552.88,92540.69,86050.99,88680.4,0.5,-0.0313750916410277,0.5,0.00075,-0.01643754582051385,1251715.7808563204,-20918.9923981498,2025
2025-02-26 00:00:00+00:00,88680.39,89414.15,82256.01,84250.09,0.0,-0.04995816437454048,0.5,0.00075,-0.00075,1250776.994020678,-938.7868356422987,2025
2025-02-27 00:00:00+00:00,84250.09,87078.46,82716.49,84708.58,0.5,0.005442011990729023,0.5,0.00075,0.001971005995364512,1253242.282974757,2465.2889540789183,2025
2025-02-28 00:00:00+00:00,84708.57,85120.0,78258.52,84349.94,0.5,-0.0042338096093689215,0.0,0.0,-0.0021169048046844607,1250589.288364494,-2652.9946102630347,2025
2025-03-01 00:00:00+00:00,84349.95,86558.0,83824.78,86064.53,0.5,0.02032710396711601,0.0,0.0,0.010163551983558006,1263299.7176068672,12710.429242373211,2025
2025-03-02 00:00:00+00:00,86064.54,95000.0,85050.6,94270.0,0.5,0.09534090292481712,0.0,0.0,0.04767045146240856,1323521.7854775197,60222.067870652536,2025
2025-03-03 00:00:00+00:00,94269.99,94416.46,85117.11,86220.61,0.0,-0.08538654927336375,0.5,0.00075,-0.00075,1322529.1441384116,-992.6413391081151,2025
2025-03-04 00:00:00+00:00,86221.16,88967.52,81500.0,87281.98,0.0,0.012309933784973248,0.0,0.0,0.0,1322529.1441384116,0.0,2025
2025-03-05 00:00:00+00:00,87281.98,91000.0,86334.53,90606.01,0.0,0.038083806073143656,0.0,0.0,0.0,1322529.1441384116,0.0,2025
2025-03-06 00:00:00+00:00,90606.0,92810.64,87836.0,89931.89,0.0,-0.007440124556858829,0.0,0.0,-0.0,1322529.1441384116,0.0,2025
2025-03-07 00:00:00+00:00,89931.88,91283.02,84667.03,86801.75,0.0,-0.034805673493573885,0.0,0.0,-0.0,1322529.1441384116,0.0,2025
2025-03-08 00:00:00+00:00,86801.74,86897.25,85218.47,86222.45,0.0,-0.006673828580645025,0.0,0.0,-0.0,1322529.1441384116,0.0,2025
2025-03-09 00:00:00+00:00,86222.46,86500.0,80000.0,80734.37,0.0,-0.0636502442229373,0.0,0.0,-0.0,1322529.1441384116,0.0,2025
2025-03-10 00:00:00+00:00,80734.48,84123.46,77459.91,78595.86,0.0,-0.026488223045525672,0.0,0.0,-0.0,1322529.1441384116,0.0,2025
2025-03-11 00:00:00+00:00,78595.86,83617.4,76606.0,82932.99,0.0,0.055182677560879245,0.0,0.0,0.0,1322529.1441384116,0.0,2025
2025-03-12 00:00:00+00:00,82932.99,84539.85,80607.65,83680.12,0.0,0.009008839546240877,0.0,0.0,0.0,1322529.1441384116,0.0,2025
2025-03-13 00:00:00+00:00,83680.12,84336.33,79939.9,81115.78,0.0,-0.030644554525017353,0.0,0.0,-0.0,1322529.1441384116,0.0,2025
2025-03-14 00:00:00+00:00,81115.78,85309.71,80818.84,83983.2,0.0,0.03534971863674374,0.0,0.0,0.0,1322529.1441384116,0.0,2025
2025-03-15 00:00:00+00:00,83983.19,84676.28,83618.0,84338.44,0.0,0.004229893597767154,0.0,0.0,0.0,1322529.1441384116,0.0,2025
2025-03-16 00:00:00+00:00,84338.44,85117.04,81981.12,82574.53,0.0,-0.020914662400679962,0.0,0.0,-0.0,1322529.1441384116,0.0,2025
2025-03-17 00:00:00+00:00,82574.52,84756.83,82456.0,84010.03,0.0,0.017384295133135996,0.0,0.0,0.0,1322529.1441384116,0.0,2025
2025-03-18 00:00:00+00:00,84010.02,84021.74,81134.66,82715.03,0.0,-0.015414826063030795,0.0,0.0,-0.0,1322529.1441384116,0.0,2025
2025-03-19 00:00:00+00:00,82715.03,87000.0,82547.16,86845.94,0.0,0.04994146771149088,0.0,0.0,0.0,1322529.1441384116,0.0,2025
2025-03-20 00:00:00+00:00,86845.93,87453.67,83655.23,84223.39,0.0,-0.030197727147636355,0.0,0.0,-0.0,1322529.1441384116,0.0,2025
2025-03-21 00:00:00+00:00,84223.38,84850.33,83175.25,84088.79,0.0,-0.0015981308755205204,0.0,0.0,-0.0,1322529.1441384116,0.0,2025
2025-03-22 00:00:00+00:00,84088.79,84539.17,83625.1,83840.59,0.0,-0.0029516419489445944,0.0,0.0,-0.0,1322529.1441384116,0.0,2025
2025-03-23 00:00:00+00:00,83840.59,86129.64,83809.75,86082.5,0.0,0.02674015056430301,0.0,0.0,0.0,1322529.1441384116,0.0,2025
2025-03-24 00:00:00+00:00,86082.5,88765.43,85519.09,87498.16,0.0,0.01644538669299811,0.0,0.0,0.0,1322529.1441384116,0.0,2025
2025-03-25 00:00:00+00:00,87498.16,88539.63,86310.0,87392.87,0.0,-0.0012033395902268929,0.0,0.0,-0.0,1322529.1441384116,0.0,2025
2025-03-26 00:00:00+00:00,87392.88,88275.0,85860.0,86909.17,0.0,-0.005534776464029556,0.0,0.0,-0.0,1322529.1441384116,0.0,2025
2025-03-27 00:00:00+00:00,86909.17,87756.39,85800.0,87232.01,0.0,0.003714682811951864,0.0,0.0,0.0,1322529.1441384116,0.0,2025
2025-03-28 00:00:00+00:00,87232.01,87515.67,83585.0,84424.38,0.0,-0.0321857767578666,0.0,0.0,-0.0,1322529.1441384116,0.0,2025
2025-03-29 00:00:00+00:00,84424.38,84624.73,81644.81,82648.54,0.0,-0.02103468216171689,0.0,0.0,-0.0,1322529.1441384116,0.0,2025
2025-03-30 00:00:00+00:00,82648.53,83534.64,81565.0,82389.99,0.0,-0.0031283069247198814,0.0,0.0,-0.0,1322529.1441384116,0.0,2025
2025-03-31 00:00:00+00:00,82390.0,83943.08,81278.52,82550.01,0.0,0.0019422262340362817,0.0,0.0,0.0,1322529.1441384116,0.0,2025
2025-04-01 00:00:00+00:00,82550.0,85579.46,82432.74,85158.34,0.0,0.031596967704788925,0.0,0.0,0.0,1322529.1441384116,0.0,2025
2025-04-02 00:00:00+00:00,85158.35,88500.0,82320.0,82516.29,0.0,-0.0310251468030025,0.0,0.0,-0.0,1322529.1441384116,0.0,2025
2025-04-03 00:00:00+00:00,82516.28,83998.02,81211.24,83213.09,0.0,0.008444393222235336,0.0,0.0,0.0,1322529.1441384116,0.0,2025
2025-04-04 00:00:00+00:00,83213.09,84720.0,81659.0,83889.87,0.0,0.00813309540602325,0.0,0.0,0.0,1322529.1441384116,0.0,2025
2025-04-05 00:00:00+00:00,83889.87,84266.0,82379.95,83537.99,0.0,-0.004194546969735313,0.0,0.0,-0.0,1322529.1441384116,0.0,2025
2025-04-06 00:00:00+00:00,83537.99,83817.63,77153.83,78430.0,0.0,-0.061145713465215135,0.0,0.0,-0.0,1322529.1441384116,0.0,2025
2025-04-07 00:00:00+00:00,78430.0,81243.58,74508.0,79163.24,0.5,0.009348973607038236,0.5,0.00075,0.003924486803519118,1327719.392311852,5190.248173440341,2025
2025-04-08 00:00:00+00:00,79163.24,80867.99,76239.9,76322.42,0.5,-0.03588559538492875,0.0,0.0,-0.017942797692464374,1303896.3918632388,-23823.000448613195,2025
2025-04-09 00:00:00+00:00,76322.42,83588.0,74620.0,82615.22,0.5,0.0824502158081466,0.0,0.0,0.0412251079040733,1357649.6613135326,53753.269450293854,2025
2025-04-10 00:00:00+00:00,82615.22,82753.21,78464.36,79607.3,0.5,-0.036408787630172745,0.0,0.0,-0.018204393815086373,1332934.4722160622,-24715.18909747037,2025
2025-04-11 00:00:00+00:00,79607.3,84300.0,78969.58,83423.84,0.5,0.047942085713244875,0.0,0.0,0.023971042856622438,1364886.301574623,31951.82935856073,2025
2025-04-12 00:00:00+00:00,83423.83,85905.0,82792.95,85276.9,0.0,0.022212595344448305,0.5,0.00075,-0.00075,1363862.636848442,-1023.6647261809558,2025
2025-04-13 00:00:00+00:00,85276.91,86100.0,83034.23,83760.0,0.0,-0.017787935537056265,0.0,0.0,-0.0,1363862.636848442,0.0,2025
2025-04-14 00:00:00+00:00,83760.0,85799.99,83678.0,84591.58,0.0,0.009928127984718316,0.0,0.0,0.0,1363862.636848442,0.0,2025
2025-04-15 00:00:00+00:00,84591.58,86496.42,83600.0,83643.99,0.0,-0.011201942320973268,0.0,0.0,-0.0,1363862.636848442,0.0,2025
2025-04-16 00:00:00+00:00,83643.99,85500.0,83111.64,84030.38,0.0,0.004619459210398746,0.0,0.0,0.0,1363862.636848442,0.0,2025
2025-04-17 00:00:00+00:00,84030.38,85470.01,83736.26,84947.91,0.0,0.010919027142326287,0.0,0.0,0.0,1363862.636848442,0.0,2025
2025-04-18 00:00:00+00:00,84947.92,85132.08,84303.96,84474.69,0.0,-0.005570707978571843,0.0,0.0,-0.0,1363862.636848442,0.0,2025
2025-04-19 00:00:00+00:00,84474.7,85677.99,84364.45,85077.01,0.0,0.007130183016948566,0.0,0.0,0.0,1363862.636848442,0.0,2025
2025-04-20 00:00:00+00:00,85077.0,85320.76,83949.52,85179.24,0.0,0.0012016172171542827,0.0,0.0,0.0,1363862.636848442,0.0,2025
2025-04-21 00:00:00+00:00,85179.24,88465.99,85144.76,87516.23,0.0,0.02743614523914495,0.0,0.0,0.0,1363862.636848442,0.0,2025
2025-04-22 00:00:00+00:00,87516.22,93888.0,87076.03,93442.99,0.0,0.0677218385664009,0.0,0.0,0.0,1363862.636848442,0.0,2025
2025-04-23 00:00:00+00:00,93442.99,94696.05,91935.41,93691.08,1.0,0.0026549878166355345,1.0,0.0015,0.0011549878166355345,1365437.8815775663,1575.2447291242424,2025
2025-04-24 00:00:00+00:00,93691.07,94005.0,91660.01,93980.47,1.0,0.0030887678955136,0.0,0.0,0.0030887678955136,1369655.4022695012,4217.520691934973,2025
2025-04-25 00:00:00+00:00,93980.47,95758.04,92855.96,94638.68,1.0,0.007003689170739236,0.0,0.0,0.007003689170739236,1379248.0429780206,9592.640708519379,2025
2025-04-26 00:00:00+00:00,94638.68,95199.0,93870.69,94628.0,1.0,-0.0001128502637609552,0.0,0.0,-0.0001128502637609552,1379092.3944725788,-155.64850544184446,2025
2025-04-27 00:00:00+00:00,94628.0,95369.0,93602.58,93749.3,1.0,-0.009285835059390402,0.0,0.0,-0.009285835059390402,1366286.3699658469,-12806.02450673189,2025
2025-04-28 00:00:00+00:00,93749.29,95630.0,92800.01,95011.18,1.0,0.013460153835815225,0.0,0.0,0.013460153835815225,1384676.7946893645,18390.424723517615,2025
2025-04-29 00:00:00+00:00,95011.18,95461.53,93742.54,94256.82,1.0,-0.007939697201950202,0.0,0.0,-0.007939697201950202,1373682.880216964,-10993.914472400444,2025
2025-04-30 00:00:00+00:00,94256.82,95228.45,92910.0,94172.0,1.0,-0.0008998818334843284,0.0,0.0,-0.0008998818334843284,1372446.7279480884,-1236.1522688756231,2025
2025-05-01 00:00:00+00:00,94172.0,97424.02,94130.43,96489.91,1.0,0.024613579407891883,0.0,0.0,0.024613579407891883,1406227.55446954,33780.826521451585,2025
2025-05-02 00:00:00+00:00,96489.9,97895.68,96350.0,96887.14,1.0,0.004116803508263045,0.0,0.0,0.004116803508263045,1412016.7169991964,5789.162529656431,2025
2025-05-03 00:00:00+00:00,96887.13,96935.67,95753.01,95856.42,1.0,-0.010638357164841517,0.0,0.0,-0.010638357164841517,1396995.178841032,-15021.53815816436,2025
2025-05-04 00:00:00+00:00,95856.42,96304.48,94151.38,94277.62,1.0,-0.016470466975503584,0.0,0.0,-0.016470466975503584,1373986.0158829931,-23009.16295803897,2025
2025-05-05 00:00:00+00:00,94277.61,95199.0,93514.1,94733.68,1.0,0.0048374152847727725,0.0,0.0,0.0048374152847727725,1380632.5568372894,6646.540954296244,2025
2025-05-06 00:00:00+00:00,94733.68,96920.65,93377.0,96834.02,1.0,0.022170995574119168,0.0,0.0,0.022170995574119168,1411242.5551444138,30609.99830712448,2025
2025-05-07 00:00:00+00:00,96834.02,97732.0,95784.61,97030.5,1.0,0.0020290389679165077,0.0,0.0,0.0020290389679165077,1414106.021281984,2863.466137570096,2025
2025-05-08 00:00:00+00:00,97030.5,104145.76,96876.29,103261.6,1.0,0.06421795208723036,0.0,0.0,0.06421795208723036,1504917.0140029343,90810.9927209504,2025
2025-05-09 00:00:00+00:00,103261.61,104361.3,102315.14,102971.99,1.0,-0.002804624371499198,0.0,0.0,-0.002804624371499198,1500696.287068378,-4220.726934556384,2025
2025-05-10 00:00:00+00:00,102971.99,104984.57,102818.76,104809.53,1.0,0.017845046988020696,0.0,0.0,0.017845046988020696,1527476.2828258614,26779.99575748341,2025
2025-05-11 00:00:00+00:00,104809.53,104972.0,103345.06,104118.0,1.0,-0.006597968715249425,0.0,0.0,-0.006597968715249425,1517398.0420984908,-10078.240727370605,2025
2025-05-12 00:00:00+00:00,104118.0,105819.45,100718.37,102791.32,1.0,-0.01274208110028996,0.0,0.0,-0.01274208110028996,1498063.2331846505,-19334.808913840214,2025
2025-05-13 00:00:00+00:00,102791.32,104976.25,101429.7,104103.72,1.0,0.012767615008738131,0.0,0.0,0.012767615008738131,1517189.9278046978,19126.69462004723,2025
2025-05-14 00:00:00+00:00,104103.72,104356.95,102602.05,103507.82,1.0,-0.005724099004339123,0.0,0.0,-0.005724099004339123,1508505.3824495575,-8684.545355140232,2025
2025-05-15 00:00:00+00:00,103507.83,104192.7,101383.07,103763.71,1.0,0.0024721803627976158,0.0,0.0,0.0024721803627976158,1512234.6798332238,3729.2973836662713,2025
2025-05-16 00:00:00+00:00,103763.71,104550.33,103100.49,103463.9,1.0,-0.002889353127408567,0.0,0.0,-0.002889353127408567,1507865.299831672,-4369.3800015517045,2025
2025-05-17 00:00:00+00:00,103463.9,103709.86,102612.5,103126.65,1.0,-0.00325959102643536,0.0,0.0,-0.00325959102643536,1502950.2756312673,-4915.024200404761,2025
2025-05-18 00:00:00+00:00,103126.65,106660.0,103105.09,106454.26,1.0,0.0322672170578604,0.0,0.0,0.0322672170578604,1551446.2984022326,48496.02277096524,2025
2025-05-19 00:00:00+00:00,106454.27,107108.62,102000.0,105573.74,1.0,-0.008271345834351629,0.0,0.0,-0.008271345834351629,1538613.749524723,-12832.548877509544,2025
2025-05-20 00:00:00+00:00,105573.73,107320.0,104184.72,106849.99,1.0,0.012088706907607882,0.0,0.0,0.012088706907607882,1557213.600186743,18599.850662020035,2025
2025-05-21 00:00:00+00:00,106850.0,110797.38,106100.01,109643.99,1.0,0.02614880918566298,0.0,0.0,0.02614880918566298,1597932.8814793455,40719.28129260242,2025
2025-05-22 00:00:00+00:00,109643.99,111980.0,109177.37,111696.21,1.0,0.018717122570968137,0.0,0.0,0.018717122570968137,1627841.5870821746,29908.70560282911,2025
2025-05-23 00:00:00+00:00,111696.22,111800.0,106800.0,107318.3,1.0,-0.03919479452346686,0.0,0.0,-0.03919479452346686,1564038.6705597346,-63802.916522440035,2025
2025-05-24 00:00:00+00:00,107318.3,109506.03,106875.41,107761.91,1.0,0.004133591381898505,0.0,0.0,0.004133591381898505,1570503.7673293164,6465.096769581782,2025
2025-05-25 00:00:00+00:00,107761.9,109299.99,106600.64,109004.19,1.0,0.011528006509906819,0.0,0.0,0.011528006509906819,1588608.5449829218,18104.777653605444,2025
2025-05-26 00:00:00+00:00,109004.2,110422.22,108670.58,109434.79,1.0,0.003950306864350717,0.0,0.0,0.003950306864350717,1594884.0362229338,6275.491240011994,2025
2025-05-27 00:00:00+00:00,109434.78,110718.0,107516.57,108938.17,1.0,-0.004538044985511469,0.0,0.0,-0.004538044985511469,1587646.38071988,-7237.655503053684,2025
2025-05-28 00:00:00+00:00,108938.17,109284.7,106769.43,107781.78,1.0,-0.010615103962183348,0.0,0.0,-0.010615103962183348,1570793.3493333545,-16853.031386525603,2025
2025-05-29 00:00:00+00:00,107781.78,108891.91,105322.86,105589.75,1.0,-0.02033766746104948,0.0,0.0,-0.02033766746104948,1538847.0765445847,-31946.2727887698,2025
2025-05-30 00:00:00+00:00,105589.75,106313.12,103621.0,103985.48,1.0,-0.015193425498213675,0.0,0.0,-0.015193425498213675,1515466.7181339606,-23380.35841062409,2025
2025-05-31 00:00:00+00:00,103985.47,104900.0,103068.55,104591.88,1.0,0.005831583409529939,0.0,0.0,0.005831583409529939,1524304.2887051255,8837.570571164833,2025
2025-06-01 00:00:00+00:00,104591.88,105866.91,103752.49,105642.93,1.0,0.0100490592577549,0.0,0.0,0.0100490592577549,1539622.1128291732,15317.824124047766,2025
2025-06-02 00:00:00+00:00,105642.93,105935.63,103659.88,105857.99,1.0,0.0020357254385126033,0.0,0.0,0.0020357254385126033,1542756.360729956,3134.2479007828515,2025
2025-06-03 00:00:00+00:00,105858.0,106794.67,104872.5,105376.89,1.0,-0.004544767948078454,0.0,0.0,-0.004544767948078454,1535744.8910700164,-7011.469659939641,2025
2025-06-04 00:00:00+00:00,105376.9,106000.0,104179.0,104696.86,1.0,-0.00645331248625769,0.0,0.0,-0.00645331248625769,1525834.2493887679,-9910.641681248555,2025
2025-06-05 00:00:00+00:00,104696.86,105909.71,100372.26,101508.68,1.0,-0.030451534076571196,0.0,0.0,-0.030451534076571196,1479370.2557483064,-46463.99364046147,2025
2025-06-06 00:00:00+00:00,101508.69,105333.0,101095.8,104288.44,0.5,0.027384456186406947,0.5,0.00075,0.012942228093203473,1498516.6030325016,19146.347284195246,2025
2025-06-07 00:00:00+00:00,104288.43,105900.0,103871.09,105552.15,0.5,0.012117450409652175,0.0,0.0,0.0060587252048260876,1507595.703345145,9079.100312643452,2025
2025-06-08 00:00:00+00:00,105552.15,106488.14,104964.14,105734.0,0.5,0.0017228450581063814,0.0,0.0,0.0008614225290531907,1508894.38024871,1298.6769035649486,2025
2025-06-09 00:00:00+00:00,105734.01,110530.17,105318.37,110263.02,0.5,0.042834093101556725,0.0,0.0,0.021417046550778363,1541210.4414307047,32316.06118199462,2025
2025-06-10 00:00:00+00:00,110263.02,110400.0,108331.03,110274.39,0.0,0.00010311707406529536,0.5,0.00075,-0.00075,1540054.5335996316,-1155.9078310730401,2025
2025-06-11 00:00:00+00:00,110274.39,110392.01,108064.0,108645.12,0.0,-0.014774690660270262,0.0,0.0,-0.0,1540054.5335996316,0.0,2025
2025-06-12 00:00:00+00:00,108645.13,108813.55,105671.72,105671.73,0.0,-0.027367911232460296,0.0,0.0,-0.0,1540054.5335996316,0.0,2025
2025-06-13 00:00:00+00:00,105671.74,106179.53,102664.31,106066.59,0.0,0.003736666372359032,0.0,0.0,0.0,1540054.5335996316,0.0,2025
2025-06-14 00:00:00+00:00,106066.59,106252.0,104300.0,105414.64,0.0,-0.0061466103511010894,0.0,0.0,-0.0,1540054.5335996316,0.0,2025
2025-06-15 00:00:00+00:00,105414.63,106128.57,104494.53,105594.01,0.0,0.0017015663099546607,0.0,0.0,0.0,1540054.5335996316,0.0,2025
2025-06-16 00:00:00+00:00,105594.02,108952.38,104980.37,106794.53,0.0,0.011369205507016922,0.0,0.0,0.0,1540054.5335996316,0.0,2025
2025-06-17 00:00:00+00:00,106794.53,107771.34,103371.02,104551.17,0.0,-0.02100631933114927,0.0,0.0,-0.0,1540054.5335996316,0.0,2025
2025-06-18 00:00:00+00:00,104551.17,105550.27,103500.0,104886.78,0.0,0.0032100071190022117,0.0,0.0,0.0,1540054.5335996316,0.0,2025
2025-06-19 00:00:00+00:00,104886.79,105226.17,103929.27,104658.59,0.0,-0.002175583996381625,0.0,0.0,-0.0,1540054.5335996316,0.0,2025
2025-06-20 00:00:00+00:00,104658.59,106524.65,102345.0,103297.99,0.0,-0.013000366238452021,0.0,0.0,-0.0,1540054.5335996316,0.0,2025
2025-06-21 00:00:00+00:00,103297.98,103982.64,100837.9,102120.01,0.0,-0.011403706887229914,0.0,0.0,-0.0,1540054.5335996316,0.0,2025
2025-06-22 00:00:00+00:00,102120.02,103399.62,98200.0,100963.87,0.0,-0.01132138549535977,0.0,0.0,-0.0,1540054.5335996316,0.0,2025
2025-06-23 00:00:00+00:00,100963.87,106074.2,99613.33,105333.93,0.0,0.043283404251441615,0.0,0.0,0.0,1540054.5335996316,0.0,2025
2025-06-24 00:00:00+00:00,105333.94,106290.0,104622.02,106083.0,0.0,0.007111383767794521,0.0,0.0,0.0,1540054.5335996316,0.0,2025
2025-06-25 00:00:00+00:00,106083.0,108135.3,105808.03,107340.58,0.0,0.01185467982617383,0.0,0.0,0.0,1540054.5335996316,0.0,2025
2025-06-26 00:00:00+00:00,107340.59,108272.45,106562.5,106947.06,0.0,-0.0036660878858676416,0.0,0.0,-0.0,1540054.5335996316,0.0,2025
2025-06-27 00:00:00+00:00,106947.06,107735.34,106356.76,107047.59,0.0,0.0009399977895605538,0.0,0.0,0.0,1540054.5335996316,0.0,2025
2025-06-28 00:00:00+00:00,107047.58,107577.75,106811.51,107296.79,0.0,0.002327936574751499,0.0,0.0,0.0,1540054.5335996316,0.0,2025
2025-06-29 00:00:00+00:00,107296.79,108528.5,107172.52,108356.93,0.0,0.009880444699230884,0.0,0.0,0.0,1540054.5335996316,0.0,2025
2025-06-30 00:00:00+00:00,108356.93,108789.99,106733.33,107146.5,0.0,-0.011170766835125301,0.0,0.0,-0.0,1540054.5335996316,0.0,2025
2025-07-01 00:00:00+00:00,107146.51,107540.0,105250.85,105681.14,0.0,-0.013676228341569674,0.0,0.0,-0.0,1540054.5335996316,0.0,2025
2025-07-02 00:00:00+00:00,105681.13,109730.0,105100.19,108849.6,0.0,0.02998131927797143,0.0,0.0,0.0,1540054.5335996316,0.0,2025
2025-07-03 00:00:00+00:00,108849.59,110529.18,108530.4,109584.78,0.0,0.006754090047184302,0.0,0.0,0.0,1540054.5335996316,0.0,2025
2025-07-04 00:00:00+00:00,109584.77,109767.59,107245.0,107984.24,0.0,-0.014605495398174795,0.0,0.0,-0.0,1540054.5335996316,0.0,2025
2025-07-05 00:00:00+00:00,107984.25,108420.56,107756.31,108198.12,0.0,0.001980659399927198,0.0,0.0,0.0,1540054.5335996316,0.0,2025
2025-07-06 00:00:00+00:00,108198.12,109700.0,107800.01,109203.84,0.0,0.009295170747883663,0.0,0.0,0.0,1540054.5335996316,0.0,2025
2025-07-07 00:00:00+00:00,109203.85,109700.0,107513.2,108262.94,0.0,-0.00861599738617247,0.0,0.0,-0.0,1540054.5335996316,0.0,2025
2025-07-08 00:00:00+00:00,108262.94,109216.56,107429.57,108922.98,0.0,0.006096638424931022,0.0,0.0,0.0,1540054.5335996316,0.0,2025
2025-07-09 00:00:00+00:00,108922.99,111999.79,108324.53,111233.99,0.0,0.02121691859697572,0.0,0.0,0.0,1540054.5335996316,0.0,2025
2025-07-10 00:00:00+00:00,111234.0,116868.0,110500.0,116010.0,1.0,0.04293660597808269,1.0,0.0015,0.041436605978082686,1603869.1664931595,63814.63289352786,2025
2025-07-11 00:00:00+00:00,116010.01,118869.98,115222.22,117527.66,1.0,0.013082148090681978,0.0,0.0,0.013082148090681978,1624851.2204473016,20982.053954142146,2025
2025-07-12 00:00:00+00:00,117527.66,118200.0,116900.05,117420.0,1.0,-0.000916039679510372,0.0,0.0,-0.000916039679510372,1623362.792256071,-1488.4281912306324,2025
2025-07-13 00:00:00+00:00,117420.0,119488.0,117224.79,119086.64,1.0,0.014193834099812674,0.0,0.0,0.014193834099812674,1646404.5344131624,23041.742157091387,2025
2025-07-14 00:00:00+00:00,119086.65,123218.0,118905.18,119841.18,1.0,0.006336059191862198,0.0,0.0,0.006336059191862198,1656836.2509969545,10431.71658379212,2025
2025-07-15 00:00:00+00:00,119841.17,119940.83,115736.92,117758.09,1.0,-0.01738208852749945,0.0,0.0,-0.01738208852749945,1628036.976606555,-28799.274390399456,2025
2025-07-16 00:00:00+00:00,117758.08,120063.84,117017.29,118630.43,1.0,0.007407898684498093,0.0,0.0,0.007407898684498093,1640097.309583873,12060.332977317972,2025
2025-07-17 00:00:00+00:00,118630.44,120998.71,117453.57,119177.56,1.0,0.004612054428193568,0.0,0.0,0.004612054428193568,1647661.5276432075,7564.218059334438,2025
2025-07-18 00:00:00+00:00,119177.56,120820.71,116812.76,117924.84,1.0,-0.010511374792368633,0.0,0.0,-0.010511374792368633,1630342.3397951832,-17319.187848024303,2025
2025-07-19 00:00:00+00:00,117924.84,118499.9,117277.34,117840.0,1.0,-0.0007194412983727583,0.0,0.0,-0.0007194412983727583,1629169.4041854488,-1172.9356097343843,2025
2025-07-20 00:00:00+00:00,117840.01,118856.8,116467.02,117265.12,1.0,-0.004878479293957905,0.0,0.0,-0.004878479293957905,1621221.5349807802,-7947.869204668561,2025
2025-07-21 00:00:00+00:00,117265.11,119676.73,116515.0,117380.36,1.0,0.00098273041463659,0.0,0.0,0.00098273041463659,1622814.75869207,1593.2237112896983,2025
2025-07-22 00:00:00+00:00,117380.36,120247.8,116128.0,119954.42,1.0,0.02192922223104432,0.0,0.0,0.02192922223104432,1658401.8241752468,35587.06548317685,2025
2025-07-23 00:00:00+00:00,119954.43,120090.0,117301.0,118755.99,1.0,-0.009990711471907332,0.0,0.0,-0.009990711471907332,1641833.210045427,-16568.614129819674,2025
2025-07-24 00:00:00+00:00,118756.0,119450.0,117103.1,118340.99,1.0,-0.0034945605691132364,0.0,0.0,-0.0034945605691132364,1636095.7244485419,-5737.485596885206,2025
2025-07-25 00:00:00+00:00,118340.98,118451.57,114723.16,117614.31,1.0,-0.0061405604262733116,0.0,0.0,-0.0061405604262733116,1626049.1797893983,-10046.544659143547,2025
2025-07-26 00:00:00+00:00,117614.31,118297.35,117138.38,117919.99,1.0,0.0025990034716014687,0.0,0.0,0.0025990034716014687,1630275.2872526657,4226.107463267399,2025
2025-07-27 00:00:00+00:00,117919.99,119766.65,117825.5,119415.55,1.0,0.01268283689644134,0.0,0.0,0.01268283689644134,1650951.8028171903,20676.51556452457,2025
2025-07-28 00:00:00+00:00,119415.56,119800.0,117427.5,118062.32,1.0,-0.011332108758030257,0.0,0.0,-0.011332108758030257,1632243.0374333998,-18708.76538379048,2025
2025-07-29 00:00:00+00:00,118062.32,119273.36,116950.75,117950.76,1.0,-0.0009449246804570377,0.0,0.0,-0.0009449246804570377,1630700.6907028249,-1542.3467305749655,2025
2025-07-30 00:00:00+00:00,117950.75,118792.0,115796.23,117840.3,1.0,-0.000936492482117024,0.0,0.0,-0.000936492482117024,1629173.5517653986,-1527.1389374262653,2025
2025-07-31 00:00:00+00:00,117840.29,118922.45,115500.0,115764.08,1.0,-0.017618930026484958,0.0,0.0,-0.017618930026484958,1600469.256955844,-28704.294809554704,2025
2025-08-01 00:00:00+00:00,115764.07,116052.0,112722.58,113297.93,1.0,-0.021303240176054672,0.0,0.0,-0.021303240176054672,1566374.0759805217,-34095.180975322146,2025
2025-08-02 00:00:00+00:00,113297.92,114063.49,112003.0,112546.35,0.5,-0.00663366047376146,0.5,0.00075,-0.00406683023688073,1560003.8985260583,-6370.177454463439,2025
2025-08-03 00:00:00+00:00,112546.35,114799.97,111920.0,114208.8,0.0,0.014771247579330682,0.5,0.00075,-0.00075,1558833.8956021636,-1170.0029238946736,2025
2025-08-04 00:00:00+00:00,114208.81,115720.0,114107.6,115055.03,0.0,0.00740949909288946,0.0,0.0,0.0,1558833.8956021636,0.0,2025
2025-08-05 00:00:00+00:00,115055.03,115127.81,112650.0,114129.75,0.0,-0.008042064740672372,0.0,0.0,-0.0,1558833.8956021636,0.0,2025
2025-08-06 00:00:00+00:00,114129.75,115716.0,113355.13,114992.27,0.0,0.007557363439418818,0.0,0.0,0.0,1558833.8956021636,0.0,2025
2025-08-07 00:00:00+00:00,114992.27,117621.0,114259.0,117472.01,0.0,0.021564406024856986,0.0,0.0,0.0,1558833.8956021636,0.0,2025
2025-08-08 00:00:00+00:00,117472.02,117630.0,115878.71,116674.74,0.0,-0.006786893320374743,0.0,0.0,-0.0,1558833.8956021636,0.0,2025
2025-08-09 00:00:00+00:00,116674.74,117944.05,116299.13,116462.25,0.0,-0.0018212168289383213,0.0,0.0,-0.0,1558833.8956021636,0.0,2025
2025-08-10 00:00:00+00:00,116462.25,119311.11,116460.63,119294.01,0.0,0.024314831629991707,0.0,0.0,0.0,1558833.8956021636,0.0,2025
2025-08-11 00:00:00+00:00,119294.27,122335.16,118050.11,118686.0,0.0,-0.005096735368355865,0.0,0.0,-0.0,1558833.8956021636,0.0,2025
2025-08-12 00:00:00+00:00,118686.0,120324.43,118207.47,120134.08,0.0,0.012200933555769122,0.0,0.0,0.0,1558833.8956021636,0.0,2025
2025-08-13 00:00:00+00:00,120134.09,123667.79,118920.92,123306.43,0.0,0.02640674486373884,0.0,0.0,0.0,1558833.8956021636,0.0,2025
2025-08-14 00:00:00+00:00,123306.44,124474.0,117180.0,118295.09,1.0,-0.0406413517932519,1.0,0.0015,-0.0421413517932519,1493142.5280203475,-65691.36758181616,2025
2025-08-15 00:00:00+00:00,118295.09,119216.82,116803.99,117342.05,1.0,-0.008056462867562786,0.0,0.0,-0.008056462867562786,1481113.0806873727,-12029.447332974756,2025
2025-08-16 00:00:00+00:00,117342.04,117898.99,117143.98,117380.66,1.0,0.00032903805583761603,0.0,0.0,0.00032903805583761603,1481600.4232559178,487.3425685451366,2025
2025-08-17 00:00:00+00:00,117380.66,118575.0,117172.21,117405.01,1.0,0.0002074447357851561,0.0,0.0,0.0002074447357851561,1481907.7734642595,307.3502083416097,2025
2025-08-18 00:00:00+00:00,117405.01,117543.75,114640.14,116227.05,1.0,-0.010033302667407429,0.0,0.0,-0.010033302667407429,1467039.3442479088,-14868.429216350662,2025
2025-08-19 00:00:00+00:00,116227.05,116725.69,112732.58,112872.94,1.0,-0.028858256318128994,0.0,0.0,-0.028858256318128994,1424703.1468228227,-42336.19742508605,2025
2025-08-20 00:00:00+00:00,112872.95,114615.38,112380.0,114271.24,1.0,0.012388265956393196,0.0,0.0,0.012388265956393196,1442352.7483145741,17649.601491751382,2025
2025-08-21 00:00:00+00:00,114271.23,114821.76,112015.67,112500.0,1.0,-0.01550031311465605,0.0,0.0,-0.01550031311465605,1419995.8290939135,-22356.91922066058,2025
2025-08-22 00:00:00+00:00,112500.0,117429.05,111684.79,116935.99,1.0,0.03943102222222228,0.0,0.0,0.03943102222222228,1475987.7161863788,55991.8870924653,2025
2025-08-23 00:00:00+00:00,116936.0,117030.0,114560.0,115438.05,1.0,-0.012809914210329953,0.0,0.0,-0.012809914210329953,1457080.4401665304,-18907.276019848417,2025
2025-08-24 00:00:00+00:00,115438.06,115666.68,110680.0,113493.59,1.0,-0.01684418612407268,0.0,0.0,-0.01684418612407268,1432537.1060346195,-24543.33413191093,2025
2025-08-25 00:00:00+00:00,113493.59,113667.28,109274.1,110111.98,1.0,-0.029795603434519924,0.0,0.0,-0.029795603434519924,1389853.7985179774,-42683.30751664215,2025
2025-08-26 00:00:00+00:00,110111.98,112371.0,108666.66,111763.22,0.5,0.01499600679235824,0.5,0.00075,0.006748003396179121,1399232.536670569,9378.738152591744,2025
2025-08-27 00:00:00+00:00,111763.22,112625.0,110345.42,111262.01,0.5,-0.004484570147495814,0.0,0.0,-0.002242285073747907,1396095.0584388901,-3137.4782316789497,2025
2025-08-28 00:00:00+00:00,111262.01,113485.9,110862.42,112566.9,0.5,0.011728082208833035,0.0,0.0,0.0058640411044165175,1404281.8172472487,8186.758808358572,2025
2025-08-29 00:00:00+00:00,112566.9,112638.64,107463.9,108377.4,0.5,-0.03721786777462999,0.0,0.0,-0.018608933887314993,1378149.6297509363,-26132.18749631243,2025
2025-08-30 00:00:00+00:00,108377.4,108926.15,107350.1,108816.33,0.0,0.004050014117334522,0.5,0.00075,-0.00075,1377116.017528623,-1033.6122223131824,2025
2025-08-31 00:00:00+00:00,108816.33,109480.02,108076.93,108246.35,0.0,-0.005238000583184466,0.0,0.0,-0.0,1377116.017528623,0.0,2025
2025-09-01 00:00:00+00:00,108246.36,109912.4,107255.0,109237.42,0.0,0.009155689776144893,0.0,0.0,0.0,1377116.017528623,0.0,2025
2025-09-02 00:00:00+00:00,109237.43,111771.52,108393.39,111240.01,0.0,0.018332454208457083,0.0,0.0,0.0,1377116.017528623,0.0,2025
2025-09-03 00:00:00+00:00,111240.01,112575.27,110528.71,111705.71,0.0,0.004186443348935365,0.0,0.0,0.0,1377116.017528623,0.0,2025
2025-09-04 00:00:00+00:00,111705.72,112180.0,109329.12,110730.87,0.0,-0.008726859173089796,0.0,0.0,-0.0,1377116.017528623,0.0,2025
2025-09-05 00:00:00+00:00,110730.87,113384.62,110206.96,110659.99,0.0,-0.0006401105671796081,0.0,0.0,-0.0,1377116.017528623,0.0,2025
2025-09-06 00:00:00+00:00,110660.0,111307.7,109977.0,110187.97,0.0,-0.004265498307021387,0.0,0.0,-0.0,1377116.017528623,0.0,2025
2025-09-07 00:00:00+00:00,110187.98,111600.0,110180.0,111137.34,0.0,0.008615913334277803,0.0,0.0,0.0,1377116.017528623,0.0,2025
2025-09-08 00:00:00+00:00,111137.35,112924.37,110621.78,112065.23,0.0,0.008349039125823854,0.0,0.0,0.0,1377116.017528623,0.0,2025
2025-09-09 00:00:00+00:00,112065.23,113293.29,110766.66,111546.39,0.0,-0.0046298035528057335,0.0,0.0,-0.0,1377116.017528623,0.0,2025
2025-09-10 00:00:00+00:00,111546.38,114313.13,110917.45,113960.0,0.0,0.02163772399985331,0.0,0.0,0.0,1377116.017528623,0.0,2025
2025-09-11 00:00:00+00:00,113960.0,115488.09,113430.0,115482.69,0.0,0.013361618111618068,0.0,0.0,0.0,1377116.017528623,0.0,2025
2025-09-12 00:00:00+00:00,115482.69,116665.63,114740.99,116029.42,0.0,0.004734302604139096,0.0,0.0,0.0,1377116.017528623,0.0,2025
2025-09-13 00:00:00+00:00,116029.41,116298.78,115127.27,115918.29,0.0,-0.0009577743299932218,0.0,0.0,-0.0,1377116.017528623,0.0,2025
2025-09-14 00:00:00+00:00,115918.29,116165.19,115135.0,115268.01,0.0,-0.005609813602322822,0.0,0.0,-0.0,1377116.017528623,0.0,2025
2025-09-15 00:00:00+00:00,115268.01,116757.99,114384.0,115349.71,0.0,0.000708782948538822,0.0,0.0,0.0,1377116.017528623,0.0,2025
2025-09-16 00:00:00+00:00,115349.71,116964.27,114737.11,116788.96,0.0,0.012477274541912609,0.0,0.0,0.0,1377116.017528623,0.0,2025
2025-09-17 00:00:00+00:00,116788.96,117286.73,114720.81,116447.59,1.0,-0.0029229646363835293,1.0,0.0015,-0.004422964636383529,1371025.0820828965,-6090.935445726616,2025
2025-09-18 00:00:00+00:00,116447.6,117900.0,116092.76,117073.53,1.0,0.005375293726559649,0.0,0.0,0.005375293726559649,1378394.7446055727,7369.662522676168,2025
2025-09-19 00:00:00+00:00,117073.53,117459.99,115100.0,115632.38,1.0,-0.01230978514101344,0.0,0.0,-0.01230978514101344,1361427.0014599762,-16967.74314559647,2025
2025-09-20 00:00:00+00:00,115632.39,116121.81,115408.47,115685.63,1.0,0.0004605111474831336,0.0,0.0,0.0004605111474831336,1362053.953770633,626.9523106568959,2025
2025-09-21 00:00:00+00:00,115685.63,115819.06,115188.0,115232.29,1.0,-0.003918723526854739,0.0,0.0,-0.003918723526854739,1356716.4408971465,-5337.512873486616,2025
2025-09-22 00:00:00+00:00,115232.29,115379.25,111800.0,112650.99,1.0,-0.022400839209218093,0.0,0.0,-0.022400839209218093,1326324.8540521068,-30391.586845039623,2025
2025-09-23 00:00:00+00:00,112650.99,113290.5,111458.73,111998.8,1.0,-0.005789474198140687,0.0,0.0,-0.005789474198140687,1318646.1305312195,-7678.723520887317,2025
2025-09-24 00:00:00+00:00,111998.8,113940.0,111042.66,113307.0,1.0,0.011680482290881589,0.0,0.0,0.011680482290881589,1334048.553306829,15402.422775609419,2025
2025-09-25 00:00:00+00:00,113307.01,113510.23,108631.51,108994.49,1.0,-0.03806040226993912,0.0,0.0,-0.03806040226993912,1283274.1287203406,-50774.4245864884,2025
2025-09-26 00:00:00+00:00,108994.49,110300.0,108620.07,109643.46,0.5,0.0059541541962351285,0.5,0.00075,0.0022270770981175645,1286132.0791430206,2857.9504226800054,2025
2025-09-27 00:00:00+00:00,109643.46,109743.91,109064.4,109635.85,0.5,-6.940678449951498e-05,0.0,0.0,-3.470339224975749e-05,1286087.4459969932,-44.6331460273359,2025
2025-09-28 00:00:00+00:00,109635.85,112350.0,109189.99,112163.95,0.5,0.02305906325348861,0.0,0.0,0.011529531626744305,1300915.4318803742,14827.985883380985,2025
2025-09-29 00:00:00+00:00,112163.96,114400.0,111560.65,114311.96,0.5,0.01915062727373651,0.0,0.0,0.009575313636868255,1313372.1051556708,12456.673275296576,2025
2025-09-30 00:00:00+00:00,114311.97,114792.0,112656.27,114048.93,0.0,-0.002300984079006363,0.5,0.00075,-0.00075,1312387.076076804,-985.0290788668208,2025
2025-10-01 00:00:00+00:00,114048.94,118649.1,113966.67,118594.99,0.0,0.03986061070454605,0.0,0.0,0.0,1312387.076076804,0.0,2025
2025-10-02 00:00:00+00:00,118594.99,121022.07,118279.31,120529.35,1.0,0.01631063841735636,1.0,0.0015,0.01481063841735636,1331824.366524189,19437.29044738505,2025
2025-10-03 00:00:00+00:00,120529.35,123894.99,119248.3,122232.0,1.0,0.014126434764644369,0.0,0.0,0.014126434764644369,1350638.296555857,18813.93003166793,2025
2025-10-04 00:00:00+00:00,122232.21,122800.0,121510.0,122391.0,1.0,0.0013008050265068682,0.0,0.0,0.0013008050265068682,1352395.2136410093,1756.9170851523522,2025
2025-10-05 00:00:00+00:00,122390.99,125708.42,122136.0,123482.31,1.0,0.008916587003946264,0.0,0.0,0.008916587003946264,1364453.9632271598,12058.749586150516,2025
2025-10-06 00:00:00+00:00,123482.32,126199.63,123084.0,124658.54,1.0,0.009525493975614863,0.0,0.0,0.009525493975614863,1377451.061233884,12997.098006724147,2025
2025-10-07 00:00:00+00:00,124658.54,125126.0,120574.94,121332.95,1.0,-0.02667759465175834,0.0,0.0,-0.02667759465175834,1340703.9801696523,-36747.081064231694,2025
2025-10-08 00:00:00+00:00,121332.96,124197.25,121066.14,123306.0,1.0,0.016261452474369165,0.0,0.0,0.016261452474369165,1362505.7742253786,21801.79405572638,2025
2025-10-09 00:00:00+00:00,123306.01,123762.94,119651.47,121662.4,1.0,-0.013329440578722873,0.0,0.0,-0.013329440578722873,1344344.3344696746,-18161.43975570402,2025
2025-10-10 00:00:00+00:00,121662.41,122550.0,102000.0,112774.5,1.0,-0.07305379476321361,0.0,0.0,-0.07305379476321361,1246134.879368238,-98209.4551014367,2025
2025-10-11 00:00:00+00:00,112774.49,113322.39,109561.59,110644.4,1.0,-0.01888813517240162,0.0,0.0,-0.01888813517240162,1222597.7153236864,-23537.16404455155,2025
2025-10-12 00:00:00+00:00,110644.4,115770.0,109565.06,114958.8,1.0,0.03899338782622541,0.0,0.0,0.03899338782622541,1270270.9421927598,47673.22686907346,2025
2025-10-13 00:00:00+00:00,114958.81,115963.81,113616.5,115166.0,1.0,0.0018023848543999854,0.0,0.0,0.0018023848543999854,1272560.4592999525,2289.5171071926598,2025
2025-10-14 00:00:00+00:00,115166.0,115409.96,109866.0,113028.14,1.0,-0.018563291249153346,0.0,0.0,-0.018563291249153346,1248937.5488618112,-23622.91043814132,2025
2025-10-15 00:00:00+00:00,113028.13,113612.35,110164.0,110763.28,1.0,-0.020038018850880857,0.0,0.0,-0.020038018850880857,1223911.3147141451,-25026.234147666022,2025
2025-10-16 00:00:00+00:00,110763.28,111982.45,107427.0,108194.28,1.0,-0.023193607123227156,0.0,0.0,-0.023193607123227156,1195524.396526993,-28386.91818715213,2025
2025-10-17 00:00:00+00:00,108194.27,109240.0,103528.23,106431.68,1.0,-0.016291064555353674,0.0,0.0,-0.016291064555353674,1176048.0314056715,-19476.36512132152,2025
2025-10-18 00:00:00+00:00,106431.68,107499.0,106322.2,107185.01,1.0,0.007078061719969053,0.0,0.0,0.007078061719969053,1184372.1719576088,8324.140551937278,2025
2025-10-19 00:00:00+00:00,107185.0,109450.07,106103.36,108642.78,1.0,0.01360050253295686,0.0,0.0,0.01360050253295686,1200480.228682282,16108.056724673137,2025
2025-10-20 00:00:00+00:00,108642.77,111705.56,107402.52,110532.09,1.0,0.017390110967337113,0.0,0.0,0.017390110967337113,1221356.713073161,20876.48439087905,2025
2025-10-21 00:00:00+00:00,110532.09,114000.0,107473.72,108297.67,1.0,-0.0202151248565009,0.0,0.0,-0.0202151248565009,1196666.8346240616,-24689.87844909937,2025
2025-10-22 00:00:00+00:00,108297.66,109163.88,106666.69,107567.44,1.0,-0.006742804346575482,0.0,0.0,-0.006742804346575482,1188597.9442901555,-8068.890333906049,2025
2025-10-23 00:00:00+00:00,107567.45,111293.61,107500.0,110078.18,1.0,0.02334107793213258,0.0,0.0,0.02334107793213258,1216341.1015378048,27743.157247649273,2025
2025-10-24 00:00:00+00:00,110078.19,112104.98,109700.01,111004.89,1.0,0.008418652997351561,0.0,0.0,0.008418652997351561,1226581.0551980678,10239.953660262981,2025
2025-10-25 00:00:00+00:00,111004.9,111943.19,110672.86,111646.27,1.0,0.005777943656356088,0.0,0.0,0.005777943656356088,1233668.171424956,7087.116226888262,2025
2025-10-26 00:00:00+00:00,111646.27,115466.8,111260.45,114559.4,1.0,0.026092497313165763,0.0,0.0,0.026092497313165763,1265857.6548731998,32189.4834482437,2025
2025-10-27 00:00:00+00:00,114559.41,116400.0,113830.01,114107.65,1.0,-0.0039433691168074825,0.0,0.0,-0.0039433691168074825,1260865.9108906987,-4991.743982501095,2025
2025-10-28 00:00:00+00:00,114107.65,116086.0,112211.0,112898.45,1.0,-0.010597010805147522,0.0,0.0,-0.010597010805147522,1247504.5012091477,-13361.409681550926,2025
2025-10-29 00:00:00+00:00,112898.44,113643.73,109200.0,110021.29,1.0,-0.02548449513700146,0.0,0.0,-0.02548449513700146,1215712.478814696,-31792.02239445178,2025
2025-10-30 00:00:00+00:00,110021.3,111592.0,106304.34,108322.88,1.0,-0.015437103127948992,0.0,0.0,-0.015437103127948992,1196945.3999052988,-18767.078909397125,2025
2025-10-31 00:00:00+00:00,108322.87,111190.0,108275.28,109608.01,1.0,0.011863883235009975,0.0,0.0,0.011863883235009975,1211145.8203684578,14200.420463158982,2025
2025-11-01 00:00:00+00:00,109608.01,110564.49,109394.81,110098.1,1.0,0.004471297307560018,0.0,0.0,0.004471297307560018,1216561.2134141338,5415.393045675941,2025
2025-11-02 00:00:00+00:00,110098.1,111250.01,109471.34,110540.68,1.0,0.004019869552698729,0.0,0.0,0.004019869552698729,1221451.6307949314,4890.417380797677,2025
2025-11-03 00:00:00+00:00,110540.69,110750.0,105306.56,106583.04,1.0,-0.03580256607793619,0.0,0.0,-0.03580256607793619,1177720.528072393,-43731.1027225384,2025
2025-11-04 00:00:00+00:00,106583.05,107299.0,98944.36,101497.22,1.0,-0.04771697260652341,0.0,0.0,-0.04771697260652341,1121523.2698962223,-56197.258176170755,2025
2025-11-05 00:00:00+00:00,101497.23,104534.74,98966.8,103885.16,0.5,0.023527146851904046,0.5,0.00075,0.011013573425952022,1133875.248778138,12351.978881915798,2025
2025-11-06 00:00:00+00:00,103885.16,104200.0,100300.95,101346.04,0.5,-0.024441604556416086,0.0,0.0,-0.012220802278208043,1120018.3835546665,-13856.865223471541,2025
2025-11-07 00:00:00+00:00,101346.04,104096.36,99260.86,103339.08,0.5,0.01966569192047385,0.0,0.0,0.009832845960236924,1131031.351792793,11012.968238126487,2025
2025-11-08 00:00:00+00:00,103339.09,103406.22,101454.0,102312.94,0.5,-0.009929834869828569,0.0,0.0,-0.004964917434914284,1125415.8745148424,-5615.477277950617,2025
2025-11-09 00:00:00+00:00,102312.95,105495.62,101400.0,104722.96,0.5,0.023555378234659363,0.0,0.0,0.011777689117329682,1138670.672812586,13254.798297743546,2025
2025-11-10 00:00:00+00:00,104722.95,106670.11,104265.02,106011.13,0.5,0.012300740926345144,0.0,0.0,0.006150370463172572,1145673.9192859333,7003.2464733473025,2025
2025-11-11 00:00:00+00:00,106011.13,107500.0,102476.09,103058.99,0.5,-0.027847453375886122,0.0,0.0,-0.013923726687943061,1129721.8687602915,-15952.050525641767,2025
2025-11-12 00:00:00+00:00,103059.0,105333.33,100813.59,101654.37,0.5,-0.013629281637633106,0.0,0.0,-0.006814640818816553,1122023.2199995278,-7698.6487607636955,2025
2025-11-13 00:00:00+00:00,101654.37,104085.01,98000.4,99692.02,0.5,-0.0193041381300183,0.0,0.0,-0.00965206906500915,1111193.3743875485,-10829.845611979254,2025
2025-11-14 00:00:00+00:00,99692.03,99866.02,94012.45,94594.0,0.5,-0.05113769386957956,0.0,0.0,-0.02556884693478978,1082781.4410828808,-28411.933304667706,2025
2025-11-15 00:00:00+00:00,94594.0,96846.68,94558.49,95596.24,0.0,0.010595175169672455,0.5,0.00075,-0.00075,1081969.3550020687,-812.0860808121506,2025
2025-11-16 00:00:00+00:00,95596.23,96635.11,93005.55,94261.44,0.0,-0.013962892264381965,0.0,0.0,-0.0,1081969.3550020687,0.0,2025
2025-11-17 00:00:00+00:00,94261.45,96043.0,91220.0,92215.14,0.0,-0.02170877083991085,0.0,0.0,-0.0,1081969.3550020687,0.0,2025
2025-11-18 00:00:00+00:00,92215.14,93836.01,89253.78,92960.83,0.0,0.0080864161785148,0.0,0.0,0.0,1081969.3550020687,0.0,2025
2025-11-19 00:00:00+00:00,92960.83,92980.22,88608.0,91554.96,0.0,-0.015123251373723723,0.0,0.0,-0.0,1081969.3550020687,0.0,2025
2025-11-20 00:00:00+00:00,91554.96,93160.0,86100.0,86637.23,0.0,-0.05371341978632305,0.0,0.0,-0.0,1081969.3550020687,0.0,2025
2025-11-21 00:00:00+00:00,86637.22,87498.94,80600.0,85129.43,0.5,-0.01740360350856096,0.5,0.00075,-0.009451801754280481,1071742.7951543822,-10226.55984768644,2025
2025-11-22 00:00:00+00:00,85129.42,85620.0,83500.0,84739.74,0.0,-0.00457761786963673,0.5,0.00075,-0.00075,1070938.9880580164,-803.8070963658392,2025
2025-11-23 00:00:00+00:00,84739.75,88127.64,84667.57,86830.0,0.0,0.02466682102163631,0.0,0.0,0.0,1070938.9880580164,0.0,2025
2025-11-24 00:00:00+00:00,86830.0,89228.0,85272.0,88300.01,0.0,0.01692974778302414,0.0,0.0,0.0,1070938.9880580164,0.0,2025
2025-11-25 00:00:00+00:00,88300.01,88519.99,86116.0,87369.96,0.0,-0.010532841389259029,0.0,0.0,-0.0,1070938.9880580164,0.0,2025
2025-11-26 00:00:00+00:00,87369.97,90656.08,86306.77,90484.02,0.0,0.035642227603171595,0.0,0.0,0.0,1070938.9880580164,0.0,2025
2025-11-27 00:00:00+00:00,90484.01,91950.0,90089.91,91333.95,0.0,0.009393150304329856,0.0,0.0,0.0,1070938.9880580164,0.0,2025
2025-11-28 00:00:00+00:00,91333.94,93092.0,90180.63,90890.7,0.0,-0.004853069422706469,0.0,0.0,-0.0,1070938.9880580164,0.0,2025
2025-11-29 00:00:00+00:00,90890.71,91165.65,90155.47,90802.44,0.0,-0.000971056444718732,0.0,0.0,-0.0,1070938.9880580164,0.0,2025
2025-11-30 00:00:00+00:00,90802.44,92000.01,90336.9,90360.0,0.0,-0.004872556288134988,0.0,0.0,-0.0,1070938.9880580164,0.0,2025
2025-12-01 00:00:00+00:00,90360.01,90417.0,83822.76,86286.01,0.0,-0.0450862107127048,0.0,0.0,-0.0,1070938.9880580164,0.0,2025
2025-12-02 00:00:00+00:00,86286.01,92307.65,86184.39,91277.88,0.0,0.05785259974357393,0.0,0.0,0.0,1070938.9880580164,0.0,2025
2025-12-03 00:00:00+00:00,91277.88,94150.0,90990.23,93429.95,0.0,0.023577125147954625,0.0,0.0,0.0,1070938.9880580164,0.0,2025
2025-12-04 00:00:00+00:00,93429.95,94080.0,90889.0,92078.06,0.0,-0.014469557138797606,0.0,0.0,-0.0,1070938.9880580164,0.0,2025
2025-12-05 00:00:00+00:00,92078.06,92692.36,88056.0,89330.04,0.0,-0.029844460232980596,0.0,0.0,-0.0,1070938.9880580164,0.0,2025
2025-12-06 00:00:00+00:00,89330.04,90289.97,88908.01,89236.79,0.0,-0.0010438817669845557,0.0,0.0,-0.0,1070938.9880580164,0.0,2025
2025-12-07 00:00:00+00:00,89236.8,91760.0,87719.28,90395.31,0.0,0.01298253780755676,0.0,0.0,0.0,1070938.9880580164,0.0,2025
2025-12-08 00:00:00+00:00,90395.32,92287.15,89612.0,90634.34,0.0,0.0026442743544992098,0.0,0.0,0.0,1070938.9880580164,0.0,2025
2025-12-09 00:00:00+00:00,90634.35,94588.99,89500.0,92678.8,0.0,0.022557233825501566,0.0,0.0,0.0,1070938.9880580164,0.0,2025
2025-12-10 00:00:00+00:00,92678.81,94476.0,91563.15,92015.37,0.0,-0.007158379262571457,0.0,0.0,-0.0,1070938.9880580164,0.0,2025
2025-12-11 00:00:00+00:00,92015.38,93555.0,89260.63,92513.38,0.0,0.005412247975528528,0.0,0.0,0.0,1070938.9880580164,0.0,2025
2025-12-12 00:00:00+00:00,92513.38,92754.0,89480.0,90268.42,0.0,-0.02426632774632176,0.0,0.0,-0.0,1070938.9880580164,0.0,2025
2025-12-13 00:00:00+00:00,90268.43,90634.55,89766.39,90240.01,0.0,-0.00031472800786813693,0.0,0.0,-0.0,1070938.9880580164,0.0,2025
2025-12-14 00:00:00+00:00,90240.0,90472.4,87577.36,88172.17,0.0,-0.022914891077693733,0.0,0.0,-0.0,1070938.9880580164,0.0,2025
2025-12-15 00:00:00+00:00,88172.16,90052.64,85146.64,86432.08,0.0,-0.019735138649757622,0.0,0.0,-0.0,1070938.9880580164,0.0,2025
2025-12-16 00:00:00+00:00,86432.08,88175.98,85266.0,87863.42,0.5,0.016560286412174774,0.5,0.00075,0.007530143206087387,1079003.3120030756,8064.323945059208,2025
2025-12-17 00:00:00+00:00,87863.43,90365.85,85314.0,86243.22,0.5,-0.018439983328670806,0.0,0.0,-0.009219991664335403,1069054.910460617,-9948.401542458683,2025
2025-12-18 00:00:00+00:00,86243.23,89477.61,84450.01,85516.41,0.5,-0.008427445079160933,0.0,0.0,-0.004213722539580467,1064550.20968836,-4504.700772256823,2025
2025-12-19 00:00:00+00:00,85516.41,89399.97,85110.24,88136.94,0.5,0.03064359226492308,0.0,0.0,0.01532179613246154,1080861.0309739741,16310.821285614045,2025
2025-12-20 00:00:00+00:00,88136.95,88573.07,87795.76,88360.9,0.5,0.002541045786250251,0.0,0.0,0.0012705228931251256,1082234.2896581134,1373.258684139233,2025
2025-12-21 00:00:00+00:00,88360.91,89081.77,87600.04,88658.86,0.5,0.003372079732098854,0.0,0.0,0.001686039866049427,1084058.9798148826,1824.6901567692403,2025
2025-12-22 00:00:00+00:00,88658.87,90588.23,87900.0,88620.79,0.5,-0.00042939870871350205,0.0,0.0,-0.00021469935435675103,1083826.2330518316,-232.74676305102184,2025
2025-12-23 00:00:00+00:00,88620.79,88940.0,86601.9,87486.0,0.5,-0.012805008847246668,0.0,0.0,-0.006402504423623334,1076887.0308002783,-6939.202251553303,2025
2025-12-24 00:00:00+00:00,87486.0,88049.89,86420.0,87669.45,0.5,0.002096906933680698,0.0,0.0,0.001048453466840349,1078016.0967411166,1129.0659408383071,2025
2025-12-25 00:00:00+00:00,87669.44,88592.74,86934.72,87225.27,0.5,-0.00506653115766087,0.0,0.0,-0.002533265578830435,1075285.195669817,-2730.901071299566,2025
2025-12-26 00:00:00+00:00,87225.27,89567.75,86655.08,87369.56,0.5,0.0016542224518192317,0.0,0.0,0.0008271112259096158,1076174.57612621,889.3804563928861,2025
2025-12-27 00:00:00+00:00,87369.56,87984.0,87253.05,87877.01,0.5,0.005808086935541468,0.0,0.0,0.002904043467770734,1079299.8338741902,3125.2577479803003,2025
2025-12-28 00:00:00+00:00,87877.0,88088.75,87435.0,87952.71,0.5,0.0008614312207482211,0.0,0.0,0.00043071561037411055,1079764.7051609142,464.8712867239956,2025
2025-12-29 00:00:00+00:00,87952.71,90406.08,86806.5,87237.13,0.5,-0.008135963064696994,0.0,0.0,-0.004067981532348497,1075372.2422810378,-4392.462879876373,2025
2025-12-30 00:00:00+00:00,87237.13,89400.0,86845.66,88485.49,0.5,0.014309961824741313,0.0,0.0,0.0071549809123706565,1083066.510148252,7694.267867214046,2025
2025-12-31 00:00:00+00:00,88485.5,89200.0,87250.0,87648.22,0.0,-0.009462229344042727,0.5,0.00075,-0.00075,1082254.2102656409,-812.299882611027,2025
2026-01-01 00:00:00+00:00,87648.21,88919.45,87550.43,88839.04,0.0,0.013586356916318376,0.0,0.0,0.0,1082254.2102656409,0.0,2026
2026-01-02 00:00:00+00:00,88839.05,90961.81,88379.88,89995.13,0.0,0.013013310364452524,0.0,0.0,0.0,1082254.2102656409,0.0,2026
2026-01-03 00:00:00+00:00,89995.14,90741.16,89314.01,90628.01,0.0,0.007032380529924165,0.0,0.0,0.0,1082254.2102656409,0.0,2026
2026-01-04 00:00:00+00:00,90628.01,91810.0,90628.0,91529.73,0.0,0.00994968332637991,0.0,0.0,0.0,1082254.2102656409,0.0,2026
2026-01-05 00:00:00+00:00,91529.74,94789.08,91514.81,93859.71,1.0,0.025455991184503812,1.0,0.0015,0.02395599118450381,1108180.6825861565,25926.472320515662,2026
2026-01-06 00:00:00+00:00,93859.71,94444.44,91262.94,93747.97,1.0,-0.0011905001624232803,0.0,0.0,-0.0011905001624232803,1106861.3933035436,-1319.2892826129682,2026
2026-01-07 00:00:00+00:00,93747.97,93747.97,90675.52,91364.16,1.0,-0.02542785726453589,0.0,0.0,-0.02542785726453589,1078716.2797829958,-28145.113520547748,2026
2026-01-08 00:00:00+00:00,91364.16,91687.99,89311.0,91099.99,1.0,-0.0028913963637382523,0.0,0.0,-0.0028913963637382523,1075597.283454126,-3118.9963288698345,2026
2026-01-09 00:00:00+00:00,91100.0,92082.55,89694.66,90641.28,1.0,-0.0050352365571061375,0.0,0.0,-0.0050352365571061375,1070181.3966917535,-5415.886762372451,2026
2026-01-10 00:00:00+00:00,90641.27,90832.0,90404.0,90504.7,1.0,-0.0015068189681346489,0.0,0.0,-0.0015068189681346489,1068568.8270638736,-1612.569627879886,2026
2026-01-11 00:00:00+00:00,90504.7,91283.89,90236.0,91013.65,1.0,0.005623464858730998,0.0,0.0,0.005623464858730998,1074577.8863120028,6009.059248129139,2026
2026-01-12 00:00:00+00:00,91013.66,92519.95,90128.44,91296.2,1.0,0.003104479383037706,0.0,0.0,0.003104479383037706,1077913.8912055267,3336.0048935238738,2026
2026-01-13 00:00:00+00:00,91296.2,96495.0,91042.66,95414.0,1.0,0.04510373925749378,0.0,0.0,0.04510373925749378,1126531.8382964912,48617.94709096453,2026
2026-01-14 00:00:00+00:00,95413.99,97924.49,94559.28,96951.78,1.0,0.01611692204498283,0.0,0.0,0.01611692204498283,1144688.0641155068,18156.225819015643,2026
2026-01-15 00:00:00+00:00,96951.78,97193.34,95134.48,95604.8,1.0,-0.013893298297359746,0.0,0.0,-0.013893298297359746,1128784.5713833228,-15903.492732184008,2026
2026-01-16 00:00:00+00:00,95604.81,95871.47,94293.46,95550.94,1.0,-0.0005633608354392861,0.0,0.0,-0.0005633608354392861,1128148.6583641574,-635.9130191653967,2026
2026-01-17 00:00:00+00:00,95550.94,95639.45,95021.67,95147.77,1.0,-0.00421942473825998,0.0,0.0,-0.00421942473825998,1123388.5200066208,-4760.138357536634,2026
2026-01-18 00:00:00+00:00,95147.77,95531.12,93615.4,93673.14,1.0,-0.015498313833314237,0.0,0.0,-0.015498313833314237,1105977.892166816,-17410.62783980486,2026
2026-01-19 00:00:00+00:00,93673.14,93673.14,91910.2,92631.0,1.0,-0.011125280950334271,0.0,0.0,-0.011125280950334271,1093673.5773916014,-12304.31477521453,2026
2026-01-20 00:00:00+00:00,92630.99,92870.0,87895.98,88427.66,1.0,-0.045377249516900364,0.0,0.0,-0.045377249516900364,1044045.6785802617,-49627.89881133975,2026
2026-01-21 00:00:00+00:00,88427.66,90574.0,87263.53,89454.73,1.0,0.01161480468893994,0.0,0.0,0.01161480468893994,1056172.0652233032,12126.386643041507,2026
2026-01-22 00:00:00+00:00,89454.73,90359.99,88515.37,89559.67,1.0,0.0011731073359675381,0.0,0.0,0.0011731073359675381,1057411.0684210605,1239.0031977572944,2026
2026-01-23 00:00:00+00:00,89559.68,91224.99,88578.36,89600.26,1.0,0.0004532173912654702,0.0,0.0,0.0004532173912654702,1057890.3055069856,479.2370859251823,2026
2026-01-24 00:00:00+00:00,89600.26,89957.39,89162.08,89225.34,1.0,-0.004184362857875601,0.0,0.0,-0.004184362857875601,1053463.7086049155,-4426.596902070101,2026
2026-01-25 00:00:00+00:00,89225.34,89319.13,86074.72,86670.36,1.0,-0.02863513885181046,0.0,0.0,-0.02863513885181046,1023297.6290336706,-30166.07957124489,2026
2026-01-26 00:00:00+00:00,86670.36,88860.0,86509.63,88347.08,0.0,0.019345944795891024,1.0,0.0015,-0.0015,1021762.6825901202,-1534.946443550405,2026
2026-01-27 00:00:00+00:00,88347.08,89523.16,87304.33,89250.0,0.0,0.010220145363038613,0.0,0.0,0.0,1021762.6825901202,0.0,2026
2026-01-28 00:00:00+00:00,89249.99,90600.0,88833.65,89299.99,0.0,0.0005601120448179842,0.0,0.0,0.0,1021762.6825901202,0.0,2026
2026-01-29 00:00:00+00:00,89300.0,89348.0,83383.33,84650.16,0.0,-0.052069770668507376,0.0,0.0,-0.0,1021762.6825901202,0.0,2026
2026-01-30 00:00:00+00:00,84650.16,84735.75,81118.0,84260.49,0.0,-0.004603299036883057,0.0,0.0,-0.0,1021762.6825901202,0.0,2026
2026-01-31 00:00:00+00:00,84260.5,84270.02,75719.9,78741.09,0.0,-0.06550401024252306,0.0,0.0,-0.0,1021762.6825901202,0.0,2026
2026-02-01 00:00:00+00:00,78741.1,79424.0,75700.0,76968.21,0.5,-0.02251530935119128,0.5,0.00075,-0.012007654675595641,1009493.7091371678,-12268.973452952458,2026
2026-02-02 00:00:00+00:00,76968.22,79360.0,74604.0,78738.61,0.5,0.023001704210088736,0.0,0.0,0.011500852105044368,1021103.746986927,11610.037849759217,2026
2026-02-03 00:00:00+00:00,78738.6,79186.81,72945.5,75770.21,0.5,-0.03769942090671896,0.0,0.0,-0.01884971045335948,1001856.2370133831,-19247.50997354393,2026
2026-02-04 00:00:00+00:00,75770.21,76971.52,71888.0,73165.83,0.5,-0.03437208369885747,0.0,0.0,-0.017186041849428735,984638.2937969599,-17217.943216423155,2026
2026-02-05 00:00:00+00:00,73165.84,73341.18,62345.0,62909.86,0.5,-0.14017431361060217,0.0,0.0,-0.07008715680530109,915627.7953031083,-69010.49849385163,2026
2026-02-06 00:00:00+00:00,62909.87,71751.33,60000.0,70580.26,0.0,0.12192683309102881,0.5,0.00075,-0.00075,914941.0744566309,-686.7208464774303,2026
2026-02-07 00:00:00+00:00,70580.26,71690.07,67300.0,69289.38,0.0,-0.01828953307907888,0.0,0.0,-0.0,914941.0744566309,0.0,2026
2026-02-08 00:00:00+00:00,69289.37,72271.41,68888.0,70330.38,0.0,0.015023947392803993,0.0,0.0,0.0,914941.0744566309,0.0,2026
2026-02-09 00:00:00+00:00,70330.38,71453.53,68308.0,70138.0,0.0,-0.0027353755233514576,0.0,0.0,-0.0,914941.0744566309,0.0,2026
2026-02-10 00:00:00+00:00,70138.0,70527.59,67800.0,68841.29,0.0,-0.01848798083777703,0.0,0.0,-0.0,914941.0744566309,0.0,2026
2026-02-11 00:00:00+00:00,68841.28,69292.88,65756.0,67082.52,0.0,-0.025548184817570818,0.0,0.0,-0.0,914941.0744566309,0.0,2026
2026-02-12 00:00:00+00:00,67082.52,68410.52,65118.0,66272.17,0.0,-0.01207989801217968,0.0,0.0,-0.0,914941.0744566309,0.0,2026
2026-02-13 00:00:00+00:00,66272.17,69482.97,65872.46,68853.96,0.0,0.03895737833844892,0.0,0.0,0.0,914941.0744566309,0.0,2026
2026-02-14 00:00:00+00:00,68853.97,70560.01,68730.13,69822.95,0.0,0.014073119396473155,0.0,0.0,0.0,914941.0744566309,0.0,2026
2026-02-15 00:00:00+00:00,69822.94,70983.0,68000.0,68832.58,0.0,-0.014184018291979905,0.0,0.0,-0.0,914941.0744566309,0.0,2026
2026-02-16 00:00:00+00:00,68832.59,70126.67,67294.11,68892.43,0.0,0.0008695010415125104,0.0,0.0,0.0,914941.0744566309,0.0,2026
2026-02-17 00:00:00+00:00,68892.43,69241.5,66621.06,67503.52,0.0,-0.02016056045635184,0.0,0.0,-0.0,914941.0744566309,0.0,2026
2026-02-18 00:00:00+00:00,67503.52,68476.22,65870.0,66461.0,0.0,-0.015443935368111283,0.0,0.0,-0.0,914941.0744566309,0.0,2026
2026-02-19 00:00:00+00:00,66461.0,67320.0,65631.83,67003.73,0.0,0.008166142549765887,0.0,0.0,0.0,914941.0744566309,0.0,2026
2026-02-20 00:00:00+00:00,67003.73,68318.39,66280.2,68020.01,0.0,0.01516751380855963,0.0,0.0,0.0,914941.0744566309,0.0,2026
2026-02-21 00:00:00+00:00,68020.0,68698.7,67534.69,67975.93,0.0,-0.0006480445974648141,0.0,0.0,-0.0,914941.0744566309,0.0,2026
2026-02-22 00:00:00+00:00,67975.93,68245.0,67190.0,67643.4,0.0,-0.004891878639983305,0.0,0.0,-0.0,914941.0744566309,0.0,2026
2026-02-23 00:00:00+00:00,67643.39,67684.86,63888.79,64656.02,0.0,-0.04416365824308055,0.0,0.0,-0.0,914941.0744566309,0.0,2026
2026-02-24 00:00:00+00:00,64656.01,65026.75,62510.28,64058.15,0.0,-0.009246934778849636,0.0,0.0,-0.0,914941.0744566309,0.0,2026
2026-02-25 00:00:00+00:00,64058.15,69988.83,63913.27,67988.04,0.0,0.06134879012272432,0.0,0.0,0.0,914941.0744566309,0.0,2026
2026-02-26 00:00:00+00:00,67988.04,68860.0,66500.0,67485.18,0.0,-0.007396300878801609,0.0,0.0,-0.0,914941.0744566309,0.0,2026
2026-02-27 00:00:00+00:00,67485.19,68216.8,64914.46,65872.1,0.0,-0.023902729458526895,0.0,0.0,-0.0,914941.0744566309,0.0,2026
2026-02-28 00:00:00+00:00,65872.09,67760.0,63030.0,66973.26,0.0,0.016716637240956178,0.0,0.0,0.0,914941.0744566309,0.0,2026
2026-03-01 00:00:00+00:00,66973.26,68199.99,65056.0,65776.47,0.0,-0.01786966917841526,0.0,0.0,-0.0,914941.0744566309,0.0,2026
2026-03-02 00:00:00+00:00,65776.48,70096.0,65259.21,68830.06,0.0,0.04642374393153048,0.0,0.0,0.0,914941.0744566309,0.0,2026
2026-03-03 00:00:00+00:00,68830.06,69258.08,66158.0,68338.0,0.0,-0.007148911391331003,0.0,0.0,-0.0,914941.0744566309,0.0,2026
2026-03-04 00:00:00+00:00,68338.01,74050.0,67400.0,72666.77,0.0,0.06334352775907992,0.0,0.0,0.0,914941.0744566309,0.0,2026
2026-03-05 00:00:00+00:00,72666.77,73558.15,70645.47,70890.72,1.0,-0.02444102029029227,1.0,0.0015,-0.02594102029029227,891206.5694797295,-23734.504976901342,2026
2026-03-06 00:00:00+00:00,70891.02,71419.98,67744.78,68114.02,1.0,-0.0391687374595715,0.0,0.0,-0.0391687374595715,856299.1333375326,-34907.43614219688,2026
2026-03-07 00:00:00+00:00,68114.02,68551.04,66915.26,67262.91,1.0,-0.012495371731106153,0.0,0.0,-0.012495371731106153,845599.3573534562,-10699.775984076434,2026
2026-03-08 00:00:00+00:00,67262.91,68200.0,65618.49,65971.2,1.0,-0.01920389706600567,0.0,0.0,-0.01920389706600567,829360.5543357598,-16238.803017696366,2026
2026-03-09 00:00:00+00:00,65971.2,69516.65,65821.97,68432.16,1.0,0.03730355064027946,0.0,0.0,0.03730355064027946,860298.647773474,30938.093437714153,2026
2026-03-10 00:00:00+00:00,68432.16,71777.0,68391.41,69948.63,1.0,0.022160194855752158,0.0,0.0,0.022160194855752158,879363.0334422742,19064.385668800212,2026
2026-03-11 00:00:00+00:00,69948.64,71321.0,68977.91,70191.86,1.0,0.0034772661022810514,0.0,0.0,0.0034772661022810514,882420.812710062,3057.779267787817,2026
2026-03-12 00:00:00+00:00,70191.86,70800.0,69205.91,70541.34,1.0,0.0049789249066771735,0.0,0.0,0.0049789249066771735,886814.3196726345,4393.506962572457,2026
2026-03-13 00:00:00+00:00,70541.34,73913.74,70386.01,70930.0,1.0,0.005509677020595349,0.0,0.0,0.005509677020595349,891700.3801512697,4886.060478635249,2026
2026-03-14 00:00:00+00:00,70930.01,71307.92,70317.0,71211.95,1.0,0.0039750458198222205,0.0,0.0,0.0039750458198222205,895244.930019924,3544.549868654227,2026
2026-03-15 00:00:00+00:00,71211.95,73199.0,70858.82,72815.24,1.0,0.022514339236602954,0.0,0.0,0.022514339236602954,915400.7780742412,20155.848054317292,2026
2026-03-16 00:00:00+00:00,72815.25,74909.08,72270.41,74884.67,1.0,0.028420286742171008,0.0,0.0,0.028420286742171008,941416.7306711177,26015.95259687642,2026
2026-03-17 00:00:00+00:00,74884.67,76000.0,73399.19,73909.36,1.0,-0.013024161019872249,0.0,0.0,-0.013024161019872249,929155.5675840552,-12261.163087062421,2026
2026-03-18 00:00:00+00:00,73909.37,74672.34,70500.0,71246.54,1.0,-0.03602818371042593,0.0,0.0,-0.03602818371042593,895679.7800995718,-33475.787484483444,2026
2026-03-19 00:00:00+00:00,71246.55,71613.79,68793.35,69930.0,1.0,-0.018478651735228002,0.0,0.0,-0.018478651735228002,879128.8253768261,-16550.954722745693,2026
2026-03-20 00:00:00+00:00,69930.01,71367.0,69388.0,70510.73,1.0,0.008304447304447349,0.0,0.0,0.008304447304447349,886429.5043809888,7300.679004162666,2026
2026-03-21 00:00:00+00:00,70510.73,71100.94,68571.42,68918.12,1.0,-0.022586775090826627,0.0,0.0,-0.022586775090826627,866407.9205316625,-20021.58384932624,2026
2026-03-22 00:00:00+00:00,68918.12,69588.79,67360.66,67859.0,1.0,-0.015367801675379322,0.0,0.0,-0.015367801675379322,853093.1354389541,-13314.785092708422,2026
2026-03-23 00:00:00+00:00,67859.0,71817.09,67445.18,70906.45,1.0,0.044908560397294295,0.0,0.0,0.044908560397294295,891404.3200363314,38311.184597377316,2026
2026-03-24 00:00:00+00:00,70906.45,71400.0,68923.07,70556.74,1.0,-0.004931991377371103,0.0,0.0,-0.004931991377371103,887007.921616161,-4396.398420170415,2026
2026-03-25 00:00:00+00:00,70556.74,72026.09,70408.0,71336.53,1.0,0.011051956198656399,0.0,0.0,0.011051956198656399,896811.0943137241,9803.172697563074,2026
2026-03-26 00:00:00+00:00,71336.53,71436.82,68153.0,68820.31,1.0,-0.035272531478612756,0.0,0.0,-0.035272531478612756,865178.2967591741,-31632.797554549994,2026
2026-03-27 00:00:00+00:00,68820.31,69179.05,65548.25,66407.28,1.0,-0.035062759816106626,0.0,0.0,-0.035062759816106626,834842.757941799,-30335.538817375083,2026
2026-03-28 00:00:00+00:00,66407.28,67288.94,65932.09,66377.03,1.0,-0.00045552234634516076,0.0,0.0,-0.00045552234634516076,834462.468409872,-380.2895319269737,2026
2026-03-29 00:00:00+00:00,66377.04,67130.5,65000.0,66010.93,1.0,-0.00551546220130672,0.0,0.0,-0.00551546220130672,829860.0222069484,-4602.44620292366,2026
2026-03-30 00:00:00+00:00,66010.93,68169.65,65800.59,66797.37,1.0,0.01191378458082637,0.0,0.0,0.01191378458082637,839746.7957437616,9886.773536813213,2026
2026-03-31 00:00:00+00:00,66797.38,68589.49,65998.05,68284.48,1.0,0.022263002270897836,0.0,0.0,0.022263002270897836,858442.0805643841,18695.28482062253,2026
2026-04-01 00:00:00+00:00,68284.49,69310.0,67578.75,68113.92,1.0,-0.0024977857340350296,0.0,0.0,-0.0024977857340350296,856297.8761820551,-2144.204382329015,2026
2026-04-02 00:00:00+00:00,68113.92,68653.38,65712.12,66901.99,1.0,-0.01779269200774225,0.0,0.0,-0.01779269200774225,841062.0318042639,-15235.84437779116,2026
2026-04-03 00:00:00+00:00,66901.99,67370.42,66282.0,66964.3,1.0,0.0009313624303253221,0.0,0.0,0.0009313624303253221,841845.3653822596,783.3335779956542,2026
2026-04-04 00:00:00+00:00,66964.29,67562.93,66775.91,67300.42,1.0,0.0050193909291964545,0.0,0.0,0.0050193909291964545,846070.9163730453,4225.550990785705,2026
2026-04-05 00:00:00+00:00,67300.42,69136.2,66611.66,69034.18,1.0,0.025761503420038023,0.0,0.0,0.025761503420038023,867866.9751787842,21796.058805738925,2026
2026-04-06 00:00:00+00:00,69034.18,70351.46,68300.0,68853.66,1.0,-0.0026149365430282456,0.0,0.0,-0.0026149365430282456,865597.5581109019,-2269.417067882372,2026
2026-04-07 00:00:00+00:00,68853.66,72761.0,67732.01,71924.22,1.0,0.04459545069935267,0.0,0.0,0.04459545069935267,904199.2713391167,38601.71322821488,2026
2026-04-08 00:00:00+00:00,71924.22,72857.0,70707.23,71069.93,1.0,-0.011877640105099618,0.0,0.0,-0.011877640105099618,893459.5178108573,-10739.753528259462,2026
2026-04-09 00:00:00+00:00,71069.93,73145.0,70466.0,71787.97,1.0,0.010103288409036182,0.0,0.0,0.010103288409036182,902486.3970010988,9026.879190241569,2026
2026-04-10 00:00:00+00:00,71787.98,73434.0,71426.15,72962.7,1.0,0.01636388380950171,0.0,0.0,0.01636388380950171,917254.5795412807,14768.182540181908,2026
2026-04-11 00:00:00+00:00,72962.71,73790.0,72513.09,73043.16,1.0,0.0011027552434326182,0.0,0.0,0.0011027552434326182,918266.0868384325,1011.507297151722,2026
2026-04-12 00:00:00+00:00,73043.16,73137.24,70505.88,70740.98,1.0,-0.03151807780495819,0.0,0.0,-0.03151807780495819,889324.1048678042,-28941.981970628258,2026
2026-04-13 00:00:00+00:00,70741.56,74900.0,70566.99,74417.99,1.0,0.0519784995910435,0.0,0.0,0.0519784995910435,935549.8374889805,46225.732621176285,2026
2026-04-14 00:00:00+00:00,74418.0,76038.0,73795.47,74131.55,1.0,-0.0038490692909066704,0.0,0.0,-0.0038490692909066704,931948.841339389,-3600.9961495915195,2026
2026-04-15 00:00:00+00:00,74131.55,75425.0,73514.0,74809.99,1.0,0.009151838859432937,0.0,0.0,0.009151838859432937,940477.8869605623,8529.04562117334,2026
2026-04-16 00:00:00+00:00,74809.99,75534.76,73309.85,75154.29,1.0,0.004602326507462173,0.0,0.0,0.004602326507462173,944806.273269403,4328.386308840709,2026
2026-04-17 00:00:00+00:00,75154.28,78333.0,74529.4,77072.0,1.0,0.02551697314950352,0.0,0.0,0.02551697314950352,968914.8695759008,24108.596306497813,2026
2026-04-18 00:00:00+00:00,77072.01,77420.08,75445.16,75691.76,1.0,-0.017908449242267088,0.0,0.0,-0.017908449242267088,951563.106814023,-17351.76276187785,2026
2026-04-19 00:00:00+00:00,75691.76,76240.66,73762.9,73801.79,1.0,-0.024969296525804152,0.0,0.0,-0.024969296525804152,927803.2454369683,-23759.86137705471,2026
2026-04-20 00:00:00+00:00,73801.8,76558.62,73724.31,75840.97,1.0,0.027630495141107048,0.0,0.0,0.027630495141107048,953438.9085019178,25635.663064949564,2026
2026-04-21 00:00:00+00:00,75840.97,76927.57,74821.57,76336.15,1.0,0.006529188643024986,0.0,0.0,0.006529188643024986,959664.0909951268,6225.1824932089075,2026
2026-04-22 00:00:00+00:00,76336.14,79472.82,76132.95,78178.23,1.0,0.02413116197240761,0.0,0.0,0.02413116197240761,982821.9006140333,23157.809618906584,2026
2026-04-23 00:00:00+00:00,78178.22,78662.5,76960.0,78257.48,1.0,0.001013709315240252,0.0,0.0,0.001013709315240252,983818.1963299079,996.2957158745266,2026
2026-04-24 00:00:00+00:00,78257.48,78581.93,77264.08,77437.13,1.0,-0.010482704017558353,0.0,0.0,-0.010482704017558353,973505.1213706933,-10313.074959214544,2026
2026-04-25 00:00:00+00:00,77437.13,77885.35,77140.23,77625.0,1.0,0.0024260971448708535,0.0,0.0,0.0024260971448708535,975866.9393661679,2361.8179954745574,2026
2026-04-26 00:00:00+00:00,77625.0,78961.0,77326.51,78657.55,1.0,0.01330177133655397,0.0,0.0,0.01330177133655397,988847.6982485194,12980.758882351569,2026
2026-04-27 00:00:00+00:00,78657.55,79485.66,76459.64,77371.32,1.0,-0.016352276418474698,0.0,0.0,-0.016352276418474698,972677.7873509873,-16169.910897532129,2026
2026-04-28 00:00:00+00:00,77371.32,77478.0,75666.6,76342.77,1.0,-0.013293685567210223,0.0,0.0,-0.013293685567210223,959747.3146877334,-12930.472663253895,2026
2026-04-29 00:00:00+00:00,76342.78,77904.93,74937.52,75780.0,1.0,-0.007371621438415188,0.0,0.0,-0.007371621438415188,952672.4208073199,-7074.893880413496,2026
2026-04-30 00:00:00+00:00,75780.0,76669.14,75323.65,76346.57,1.0,0.007476510952758142,0.0,0.0,0.007476510952758142,959795.0865958765,7122.6657885565655,2026
2026-05-01 00:00:00+00:00,76346.58,78914.12,76320.42,78231.13,1.0,0.024684278547156602,0.0,0.0,0.024684278547156602,983486.9358616015,23691.849265725003,2026
2026-05-02 00:00:00+00:00,78231.13,79199.48,78040.0,78686.85,1.0,0.005825302536215382,0.0,0.0,0.005825302536215382,989216.0448034108,5729.108941809274,2026
2026-05-03 00:00:00+00:00,78686.84,79447.0,78084.08,78568.57,1.0,-0.0015031736560809916,0.0,0.0,-0.0015031736560809916,987729.0813046898,-1486.9634987210156,2026
2026-05-04 00:00:00+00:00,78568.58,80776.99,78202.0,79861.01,1.0,0.01644983483853646,0.0,0.0,0.01644983483853646,1003977.0615573712,16247.980252681416,2026
2026-05-05 00:00:00+00:00,79861.01,81791.48,79808.72,80905.52,1.0,0.013079098298406366,0.0,0.0,0.013079098298406366,1017108.1762348253,13131.114677454112,2026
2026-05-06 00:00:00+00:00,80905.53,82850.0,80731.14,81447.01,1.0,0.006692868422327525,0.0,0.0,0.006692868422327525,1023915.5474296386,6807.371194813284,2026
2026-05-07 00:00:00+00:00,81447.01,81708.32,79500.0,80006.0,1.0,-0.017692607745821376,0.0,0.0,-0.017692607745821376,1005799.811284118,-18115.736145520583,2026
2026-05-08 00:00:00+00:00,80006.0,80500.0,79181.48,80193.17,1.0,0.0023394495412842886,0.0,0.0,0.0023394495412842886,1008152.8291912504,2353.0179071323946,2026
2026-05-09 00:00:00+00:00,80193.18,81080.0,80129.85,80678.4,1.0,0.006050764672352882,0.0,0.0,0.006050764672352882,1014252.9247144534,6100.095523203025,2026
2026-05-10 00:00:00+00:00,80678.41,82479.32,80279.77,82210.07,1.0,0.018984883190544366,0.0,0.0,0.018984883190544366,1033508.3980158252,19255.473301371792,2026
2026-05-11 00:00:00+00:00,82210.07,82380.0,80462.97,81745.65,1.0,-0.005649186285816454,0.0,0.0,-0.005649186285816454,1027669.9165474782,-5838.481468347018,2026
2026-05-12 00:00:00+00:00,81745.66,81788.0,79843.59,80504.47,1.0,-0.015183437895472052,0.0,0.0,-0.015183437895472052,1012066.3541925346,-15603.562354943599,2026
2026-05-13 00:00:00+00:00,80504.47,81324.64,78754.65,79313.61,1.0,-0.014792470529897295,0.0,0.0,-0.014792470529897295,997095.392473841,-14970.961718693608,2026
2026-05-14 00:00:00+00:00,79313.61,82048.13,78922.0,81089.99,1.0,0.02239691271145028,0.0,0.0,0.02239691271145028,1019427.2509440669,22331.85847022594,2026
2026-05-15 00:00:00+00:00,81090.0,81664.45,78659.0,79113.21,1.0,-0.024377608136343376,0.0,0.0,-0.024377608136343376,994576.0528970426,-24851.198047024314,2026
2026-05-16 00:00:00+00:00,79113.2,79227.77,77640.0,78148.05,1.0,-0.012199732509905803,0.0,0.0,-0.012199732509905803,982442.4910909409,-12133.561806101701,2026
2026-05-17 00:00:00+00:00,78148.05,78599.99,76735.16,77457.67,1.0,-0.008834257540655255,0.0,0.0,-0.008834257540655255,973763.3411057607,-8679.149985180236,2026
2026-05-18 00:00:00+00:00,77457.67,77800.0,76051.0,77001.87,1.0,-0.005884504400919921,0.0,0.0,-0.005884504400919921,968033.2264395693,-5730.114666191395,2026
2026-05-19 00:00:00+00:00,77001.88,77414.62,76144.71,76834.36,1.0,-0.0021754017142699977,0.0,0.0,-0.0021754017142699977,965927.3652993024,-2105.8611402668757,2026
2026-05-20 00:00:00+00:00,76834.36,77853.04,76516.74,77552.23,1.0,0.009343085567446563,0.0,0.0,0.009343085567446563,974952.1073252319,9024.742025929503,2026
2026-05-21 00:00:00+00:00,77552.24,78200.0,76719.47,77615.52,1.0,0.000816095165800057,0.0,0.0,0.000816095165800057,975747.7610269067,795.6537016747752,2026
2026-05-22 00:00:00+00:00,77615.52,77900.0,75359.18,75539.5,1.0,-0.026747485554435513,0.0,0.0,-0.026747485554435513,949648.9618840668,-26098.799142839853,2026
2026-05-23 00:00:00+00:00,75539.5,77404.18,74289.6,76752.01,0.5,0.01605133737978126,0.5,0.00075,0.007275668689890631,956558.2931024339,6909.331218367093,2026
2026-05-24 00:00:00+00:00,76752.0,77543.15,76108.0,77064.96,0.5,0.0040774176467823775,0.0,0.0,0.0020387088233911888,958508.43693467,1950.1438322360627,2026
2026-05-25 00:00:00+00:00,77064.96,77905.52,76914.25,77322.01,0.5,0.003335497741126403,0.0,0.0,0.0016677488705632015,960106.988297793,1598.5513631229987,2026
2026-05-26 00:00:00+00:00,77322.01,78080.0,75677.97,75930.01,0.5,-0.018002635989416205,0.0,0.0,-0.009001317994708102,951464.759987183,-8642.228310609935,2026
2026-05-27 00:00:00+00:00,75930.01,76174.15,74243.99,74449.3,0.5,-0.019500985183592,0.0,0.0,-0.009750492591796,942187.5098935731,-9277.25009360991,2026
2026-05-28 00:00:00+00:00,74449.31,74590.77,72582.82,73617.51,0.5,-0.011172569789104858,0.0,0.0,-0.005586284894552429,936924.1820392185,-5263.327854354633,2026
2026-05-29 00:00:00+00:00,73617.52,74514.1,72512.49,73460.78,0.0,-0.0021289771957785364,0.5,0.00075,-0.00075,936221.4889026891,-702.6931365294149,2026
2026-05-30 00:00:00+00:00,73460.78,74143.76,73216.0,73884.38,0.0,0.0057663422577327594,0.0,0.0,0.0,936221.4889026891,0.0,2026
2026-05-31 00:00:00+00:00,73884.38,74275.66,73400.0,73674.39,0.0,-0.0028421433596654833,0.0,0.0,-0.0,936221.4889026891,0.0,2026
2026-06-01 00:00:00+00:00,73674.39,74092.0,70686.68,71408.9,0.0,-0.030750034034893292,0.0,0.0,-0.0,936221.4889026891,0.0,2026
2026-06-02 00:00:00+00:00,71408.9,71408.9,66193.0,66760.83,0.5,-0.06509090603552203,0.5,0.00075,-0.03329545301776102,905049.5703047113,-31171.918597977725,2026
2026-06-03 00:00:00+00:00,66760.84,67516.0,64092.49,64142.75,0.0,-0.039215809629688625,0.5,0.00075,-0.00075,904370.7831269827,-678.7871777286055,2026
2026-06-04 00:00:00+00:00,64142.75,64764.32,61383.56,63885.99,0.5,-0.004002946552806086,0.5,0.00075,-0.0027514732764030428,901882.4310852493,-2488.352041733451,2026
2026-06-05 00:00:00+00:00,63885.99,63978.0,59130.91,61056.47,0.0,-0.04429014874779269,0.5,0.00075,-0.00075,901206.0192619354,-676.4118233139161,2026
2026-06-06 00:00:00+00:00,61056.47,61530.05,59500.0,60884.62,0.5,-0.0028146075264422477,0.5,0.00075,-0.0021573037632211236,899261.8441251441,-1944.1751367913093,2026
2026-06-07 00:00:00+00:00,60884.62,64234.68,60746.0,63332.01,0.5,0.040197179517585946,0.0,0.0,0.020098589758792973,917335.7390159509,18073.89489080687,2026
2026-06-08 00:00:00+00:00,63332.01,64200.0,62408.0,63085.99,0.5,-0.003884607483640612,0.0,0.0,-0.001942303741820306,915553.9943775547,-1781.7446383961942,2026
2026-06-09 00:00:00+00:00,63086.0,63526.01,60780.0,61730.0,0.5,-0.021494312762627588,0.0,0.0,-0.010747156381313794,905714.3924244427,-9839.601953112055,2026
2026-06-10 00:00:00+00:00,61730.0,62857.99,60755.0,61510.99,0.5,-0.003547869755386346,0.0,0.0,-0.001773934877693173,904107.7140744923,-1606.6783499503508,2026
2026-06-11 00:00:00+00:00,61510.99,63933.02,61510.99,63625.99,0.5,0.03438409949181431,0.0,0.0,0.017192049745907156,919651.1788705193,15543.464796026936,2026
2026-06-12 00:00:00+00:00,63626.0,64394.44,62829.81,63580.01,0.5,-0.0007226606611543396,0.0,0.0,-0.0003613303305771698,919318.8810060424,-332.2978644769173,2026
2026-06-13 00:00:00+00:00,63580.0,64762.77,63418.66,64458.01,0.5,0.013809371845018514,0.0,0.0,0.006904685922509257,925666.4891420216,6347.608135979273,2026
2026-06-14 00:00:00+00:00,64458.01,65800.0,63678.83,65746.45,0.5,0.019988826834709927,0.0,0.0,0.009994413417354964,934917.9827210983,9251.49357907672,2026
2026-06-15 00:00:00+00:00,65746.45,67292.15,65354.0,66328.74,0.5,0.00885659986204601,0.0,0.0,0.004428299931023005,939058.0799594943,4140.097238395945,2026
2026-06-16 00:00:00+00:00,66328.74,66992.0,65360.92,65675.01,0.5,-0.009855908615179598,0.0,0.0,-0.004927954307589799,934430.444649281,-4627.635310213314,2026
2026-06-17 00:00:00+00:00,65675.02,66445.93,63915.77,64509.4,0.5,-0.01774815108516914,0.0,0.0,-0.00887407554258457,926138.2382941723,-8292.206355108647,2026
2026-06-18 00:00:00+00:00,64509.4,64806.0,62272.07,62958.01,0.5,-0.024049053316260838,0.0,0.0,-0.012024526658130419,915001.86435869,-11136.373935482348,2026
2026-06-19 00:00:00+00:00,62958.01,63666.0,62316.44,63543.91,0.5,0.009306202657930251,0.0,0.0,0.004653101328965126,919259.460749743,4257.596391053055,2026
2026-06-20 00:00:00+00:00,63543.9,64388.0,63184.21,64298.01,0.5,0.011867384301658568,0.0,0.0,0.005933692150829284,924714.0633965692,5454.602646826184,2026
2026-06-21 00:00:00+00:00,64298.01,64588.0,63270.0,63311.99,0.0,-0.015335155784759191,0.5,0.00075,-0.00075,924020.5278490217,-693.535547547508,2026
2026-06-22 00:00:00+00:00,63312.0,65622.83,63312.0,64020.01,0.0,0.011183031839624658,0.0,0.0,0.0,924020.5278490217,0.0,2026
2026-06-23 00:00:00+00:00,64020.01,64275.38,61938.0,62734.57,0.0,-0.02007872226199281,0.0,0.0,-0.0,924020.5278490217,0.0,2026
2026-06-24 00:00:00+00:00,62734.57,63239.06,59102.7,61077.99,0.0,-0.02640617445851623,0.0,0.0,-0.0,924020.5278490217,0.0,2026
2026-06-25 00:00:00+00:00,61078.0,61962.4,58115.01,59794.0,0.0,-0.021022139071701584,0.0,0.0,-0.0,924020.5278490217,0.0,2026
2026-06-26 00:00:00+00:00,59794.64,60759.99,58337.0,60097.27,0.5,0.005071913569923314,0.5,0.00075,0.001785956784961657,925670.7885801776,1650.2607311558677,2026
2026-06-27 00:00:00+00:00,60097.27,60941.17,59855.16,60029.0,0.5,-0.0011359917014532872,0.0,0.0,-0.0005679958507266436,925145.0114131252,-525.7771670523798,2026
2026-06-28 00:00:00+00:00,60029.01,60545.01,58905.0,59577.01,0.5,-0.0075295273950923836,0.0,0.0,-0.0037647636975461918,921662.0590591913,-3482.9523539339425,2026
2026-06-29 00:00:00+00:00,59577.01,60233.0,58900.01,60037.24,0.5,0.0077249596782382746,0.0,0.0,0.0038624798391191373,925221.9601807884,3559.901121597155,2026
