ts,fr_binance,fr_bybit,fr_okx
2019-09-10 08:00:00+00:00,0.0001,,
2019-09-10 16:00:00+00:00,0.0001,,
2019-09-11 00:00:00+00:00,0.0001,,
2019-09-11 08:00:00+00:00,0.0001,,
2019-09-11 16:00:00+00:00,0.0001,,
2019-09-12 00:00:00+00:00,0.0001,,
2019-09-12 08:00:00+00:00,0.0001,,
2019-09-12 16:00:00+00:00,0.0001,,
2019-09-13 00:00:00+00:00,0.0001,,
2019-09-13 08:00:00+00:00,0.0001,,
2019-09-13 16:00:00+00:00,0.0001,,
2019-09-14 00:00:00+00:00,0.0001,,
2019-09-14 08:00:00+00:00,0.0001,,
2019-09-14 16:00:00+00:00,0.0001,,
2019-09-15 00:00:00+00:00,0.0001,,
2019-09-15 08:00:00+00:00,0.0001,,
2019-09-15 16:00:00+00:00,0.0001,,
2019-09-16 00:00:00+00:00,0.0001,,
2019-09-16 08:00:00+00:00,0.0001,,
2019-09-16 16:00:00+00:00,0.0001,,
2019-09-17 00:00:00+00:00,0.0001,,
2019-09-17 08:00:00+00:00,0.0001,,
2019-09-17 16:00:00+00:00,0.0001,,
2019-09-18 00:00:00+00:00,0.0001,,
2019-09-18 08:00:00+00:00,0.0001,,
2019-09-18 16:00:00+00:00,0.0001,,
2019-09-19 00:00:00+00:00,0.0001,,
2019-09-19 08:00:00+00:00,0.0001,,
2019-09-19 16:00:00+00:00,0.0001,,
2019-09-20 00:00:00+00:00,0.0001,,
2019-09-20 08:00:00+00:00,0.0001,,
2019-09-20 16:00:00+00:00,0.0001,,
2019-09-21 00:00:00+00:00,0.0001,,
2019-09-21 08:00:00+00:00,0.0001,,
2019-09-21 16:00:00+00:00,0.0001,,
2019-09-22 00:00:00+00:00,0.0001,,
2019-09-22 08:00:00+00:00,0.0001,,
2019-09-22 16:00:00+00:00,0.0001,,
2019-09-23 00:00:00+00:00,0.0001,,
2019-09-23 08:00:00+00:00,0.0001,,
2019-09-23 16:00:00+00:00,0.0001,,
2019-09-24 00:00:00+00:00,0.0001,,
2019-09-24 08:00:00+00:00,0.0001,,
2019-09-24 16:00:00+00:00,0.0001,,
2019-09-25 00:00:00+00:00,0.0001,,
2019-09-25 08:00:00+00:00,0.0001,,
2019-09-25 16:00:00+00:00,0.0001,,
2019-09-26 00:00:00+00:00,0.0001,,
2019-09-26 08:00:00+00:00,0.0001,,
2019-09-26 16:00:00+00:00,0.0001,,
2019-09-27 00:00:00+00:00,0.0001,,
2019-09-27 08:00:00+00:00,0.0001,,
2019-09-27 16:00:00+00:00,0.0001,,
2019-09-28 00:00:00+00:00,0.0001,,
2019-09-28 08:00:00+00:00,0.0001,,
2019-09-28 16:00:00+00:00,0.0001,,
2019-09-29 00:00:00+00:00,0.0001,,
2019-09-29 08:00:00+00:00,0.0001,,
2019-09-29 16:00:00+00:00,0.0001,,
2019-09-30 00:00:00+00:00,0.0001,,
2019-09-30 08:00:00+00:00,0.0001,,
2019-09-30 16:00:00+00:00,0.0001,,
2019-10-01 00:00:00+00:00,0.0001,,
2019-10-01 08:00:00+00:00,0.0001,,
2019-10-01 16:00:00+00:00,0.0001,,
2019-10-02 00:00:00+00:00,0.0001,,
2019-10-02 08:00:00+00:00,0.0001,,
2019-10-02 16:00:00+00:00,-0.00052458,,
2019-10-03 00:00:00+00:00,-0.0003222,,
2019-10-03 08:00:00+00:00,-6.876e-05,,
2019-10-03 16:00:00+00:00,0.0001,,
2019-10-04 00:00:00+00:00,0.0001,,
2019-10-04 08:00:00+00:00,3.592e-05,,
2019-10-04 16:00:00+00:00,-0.00013704,,
2019-10-05 00:00:00+00:00,-0.00025688,,
2019-10-05 08:00:00+00:00,-0.0002266,,
2019-10-05 16:00:00+00:00,-1.226e-05,,
2019-10-06 00:00:00+00:00,-0.00011057,,
2019-10-06 08:00:00+00:00,-3.644e-05,,
2019-10-06 16:00:00+00:00,2.715e-05,,
2019-10-07 00:00:00+00:00,-5.063e-05,,
2019-10-07 08:00:00+00:00,-0.00020006,,
2019-10-07 16:00:00+00:00,-0.00024859,,
2019-10-08 00:00:00+00:00,0.0001,,
2019-10-08 08:00:00+00:00,0.0001,,
2019-10-08 16:00:00+00:00,0.0001,,
2019-10-09 00:00:00+00:00,0.0001,,
2019-10-09 08:00:00+00:00,0.0001,,
2019-10-09 16:00:00+00:00,0.0001,,
2019-10-10 00:00:00+00:00,0.0001,,
2019-10-10 08:00:00+00:00,0.0001,,
2019-10-10 16:00:00+00:00,0.0001,,
2019-10-11 00:00:00+00:00,0.0001,,
2019-10-11 08:00:00+00:00,0.0001,,
2019-10-11 16:00:00+00:00,0.0001,,
2019-10-12 00:00:00+00:00,0.0001,,
2019-10-12 08:00:00+00:00,0.0001,,
2019-10-12 16:00:00+00:00,0.0001,,
2019-10-13 00:00:00+00:00,0.0001,,
2019-10-13 08:00:00+00:00,0.0001,,
2019-10-13 16:00:00+00:00,0.0001,,
2019-10-14 00:00:00+00:00,0.0001,,
2019-10-14 08:00:00+00:00,0.0001,,
2019-10-14 16:00:00+00:00,0.0001,,
2019-10-15 00:00:00+00:00,0.0001,,
2019-10-15 08:00:00+00:00,0.0001,,
2019-10-15 16:00:00+00:00,0.0001,,
2019-10-16 00:00:00+00:00,0.0001,,
2019-10-16 08:00:00+00:00,0.0001,,
2019-10-16 16:00:00+00:00,0.0001,,
2019-10-17 00:00:00+00:00,0.0001,,
2019-10-17 08:00:00+00:00,0.0001,,
2019-10-17 16:00:00+00:00,0.0001,,
2019-10-18 00:00:00+00:00,0.0001,,
2019-10-18 08:00:00+00:00,0.0001,,
2019-10-18 16:00:00+00:00,0.0001,,
2019-10-19 00:00:00+00:00,0.0001,,
2019-10-19 08:00:00+00:00,0.0001,,
2019-10-19 16:00:00+00:00,0.0001,,
2019-10-20 00:00:00+00:00,0.0001,,
2019-10-20 08:00:00+00:00,0.0001,,
2019-10-20 16:00:00+00:00,0.0001,,
2019-10-21 00:00:00+00:00,0.0001,,
2019-10-21 08:00:00+00:00,0.0001,,
2019-10-21 16:00:00+00:00,0.0001,,
2019-10-22 00:00:00+00:00,0.0001,,
2019-10-22 08:00:00+00:00,0.0001,,
2019-10-22 16:00:00+00:00,0.0001,,
2019-10-23 00:00:00+00:00,0.0001,,
2019-10-23 08:00:00+00:00,0.0001,,
2019-10-23 16:00:00+00:00,0.0001,,
2019-10-24 00:00:00+00:00,0.0001,,
2019-10-24 08:00:00+00:00,0.0001,,
2019-10-24 16:00:00+00:00,-4.395e-05,,
2019-10-25 00:00:00+00:00,0.0001,,
2019-10-25 08:00:00+00:00,0.0001,,
2019-10-25 16:00:00+00:00,-0.00014709,,
2019-10-26 00:00:00+00:00,0.0001,,
2019-10-26 08:00:00+00:00,0.00013709,,
2019-10-26 16:00:00+00:00,0.00030874,,
2019-10-27 00:00:00+00:00,0.0001,,
2019-10-27 08:00:00+00:00,0.00018561,,
2019-10-27 16:00:00+00:00,0.0001,,
2019-10-28 00:00:00+00:00,0.00012485,,
2019-10-28 08:00:00+00:00,0.00078363,,
2019-10-28 16:00:00+00:00,0.00073711,,
2019-10-29 00:00:00+00:00,0.00053797,,
2019-10-29 08:00:00+00:00,0.00016366,,
2019-10-29 16:00:00+00:00,0.00046967,,
2019-10-30 00:00:00+00:00,0.00025294,,
2019-10-30 08:00:00+00:00,0.0002903,,
2019-10-30 16:00:00+00:00,0.00052312,,
2019-10-31 00:00:00+00:00,0.0001317,,
2019-10-31 08:00:00+00:00,0.00038598,,
2019-10-31 16:00:00+00:00,0.00041061,,
2019-11-01 00:00:00+00:00,0.00015873,,
2019-11-01 08:00:00+00:00,0.00048728,,
2019-11-01 16:00:00+00:00,0.0001,,
2019-11-02 00:00:00+00:00,0.0001,,
2019-11-02 08:00:00+00:00,0.0001,,
2019-11-02 16:00:00+00:00,0.0001,,
2019-11-03 00:00:00+00:00,0.0001,,
2019-11-03 08:00:00+00:00,0.0001,,
2019-11-03 16:00:00+00:00,0.0001,,
2019-11-04 00:00:00+00:00,0.0001,,
2019-11-04 08:00:00+00:00,0.00010072,,
2019-11-04 16:00:00+00:00,0.0001,,
2019-11-05 00:00:00+00:00,0.0001,,
2019-11-05 08:00:00+00:00,0.0001,,
2019-11-05 16:00:00+00:00,0.0001,,
2019-11-06 00:00:00+00:00,0.0001,,
2019-11-06 08:00:00+00:00,0.0001,,
2019-11-06 16:00:00+00:00,0.00013877,,
2019-11-07 00:00:00+00:00,0.00027025,,
2019-11-07 08:00:00+00:00,0.00018004,,
2019-11-07 16:00:00+00:00,0.0001953,,
2019-11-08 00:00:00+00:00,0.000125,,
2019-11-08 08:00:00+00:00,0.0001,,
2019-11-08 16:00:00+00:00,0.0001,,
2019-11-09 00:00:00+00:00,0.0001,,
2019-11-09 08:00:00+00:00,0.0001,,
2019-11-09 16:00:00+00:00,0.0001,,
2019-11-10 00:00:00+00:00,0.0001,,
2019-11-10 08:00:00+00:00,0.0001,,
2019-11-10 16:00:00+00:00,0.0001,,
2019-11-11 00:00:00+00:00,0.0001,,
2019-11-11 08:00:00+00:00,0.0001,,
2019-11-11 16:00:00+00:00,0.0001,,
2019-11-12 00:00:00+00:00,0.0001,,
2019-11-12 08:00:00+00:00,0.0001,,
2019-11-12 16:00:00+00:00,0.0001,,
2019-11-13 00:00:00+00:00,-0.00022089,,
2019-11-13 08:00:00+00:00,0.0001,,
2019-11-13 16:00:00+00:00,0.0001,,
2019-11-14 00:00:00+00:00,0.0001,,
2019-11-14 08:00:00+00:00,0.0001,,
2019-11-14 16:00:00+00:00,0.0001,,
2019-11-15 00:00:00+00:00,0.0001,,
2019-11-15 08:00:00+00:00,0.0001,,
2019-11-15 16:00:00+00:00,0.0001,,
2019-11-16 00:00:00+00:00,0.0001,,
2019-11-16 08:00:00+00:00,0.0001,,
2019-11-16 16:00:00+00:00,0.0001,,
2019-11-17 00:00:00+00:00,0.0001,,
2019-11-17 08:00:00+00:00,0.0001,,
2019-11-17 16:00:00+00:00,0.0001,,
2019-11-18 00:00:00+00:00,0.0001,,
2019-11-18 08:00:00+00:00,0.0001,,
2019-11-18 16:00:00+00:00,0.0001,,
2019-11-19 00:00:00+00:00,0.0001,,
2019-11-19 08:00:00+00:00,0.0001,,
2019-11-19 16:00:00+00:00,0.0001,,
2019-11-20 00:00:00+00:00,0.0001,,
2019-11-20 08:00:00+00:00,0.0001,,
2019-11-20 16:00:00+00:00,0.0001,,
2019-11-21 00:00:00+00:00,0.0001,,
2019-11-21 08:00:00+00:00,0.0001,,
2019-11-21 16:00:00+00:00,0.0001,,
2019-11-22 00:00:00+00:00,6.832e-05,,
2019-11-22 08:00:00+00:00,9.601e-05,,
2019-11-22 16:00:00+00:00,-0.00025622,,
2019-11-23 00:00:00+00:00,-0.0002867,,
2019-11-23 08:00:00+00:00,-0.00017048,,
2019-11-23 16:00:00+00:00,-0.0001429,,
2019-11-24 00:00:00+00:00,-0.00010216,,
2019-11-24 08:00:00+00:00,0.0001,,
2019-11-24 16:00:00+00:00,0.0001,,
2019-11-25 00:00:00+00:00,0.0001,,
2019-11-25 08:00:00+00:00,-3.046e-05,,
2019-11-25 16:00:00+00:00,-0.00011089,,
2019-11-26 00:00:00+00:00,-8.462e-05,,
2019-11-26 08:00:00+00:00,-0.00046229,,
2019-11-26 16:00:00+00:00,-0.00036807,,
2019-11-27 00:00:00+00:00,-0.00018098,,
2019-11-27 08:00:00+00:00,-0.00015744,,
2019-11-27 16:00:00+00:00,0.0001,,
2019-11-28 00:00:00+00:00,0.0001,,
2019-11-28 08:00:00+00:00,0.0001,,
2019-11-28 16:00:00+00:00,0.0001,,
2019-11-29 00:00:00+00:00,0.0001,,
2019-11-29 08:00:00+00:00,0.0001,,
2019-11-29 16:00:00+00:00,0.0001,,
2019-11-30 00:00:00+00:00,0.0001,,
2019-11-30 08:00:00+00:00,-1.926e-05,,
2019-11-30 16:00:00+00:00,0.0001,,
2019-12-01 00:00:00+00:00,0.0001,,
2019-12-01 08:00:00+00:00,0.0001,,
2019-12-01 16:00:00+00:00,0.0001,,
2019-12-02 00:00:00+00:00,0.0001,,
2019-12-02 08:00:00+00:00,0.0001,,
2019-12-02 16:00:00+00:00,1.721e-05,,
2019-12-03 00:00:00+00:00,1.418e-05,,
2019-12-03 08:00:00+00:00,8.902e-05,,
2019-12-03 16:00:00+00:00,-1.025e-05,,
2019-12-04 00:00:00+00:00,-3.55e-06,,
2019-12-04 08:00:00+00:00,3.333e-05,,
2019-12-04 16:00:00+00:00,-5.268e-05,,
2019-12-05 00:00:00+00:00,2.564e-05,,
2019-12-05 08:00:00+00:00,-9.765e-05,,
2019-12-05 16:00:00+00:00,1.789e-05,,
2019-12-06 00:00:00+00:00,7.761e-05,,
2019-12-06 08:00:00+00:00,5.834e-05,,
2019-12-06 16:00:00+00:00,6.551e-05,,
2019-12-07 00:00:00+00:00,0.0001,,
2019-12-07 08:00:00+00:00,3.809e-05,,
2019-12-07 16:00:00+00:00,0.0001,,
2019-12-08 00:00:00+00:00,0.0001,,
2019-12-08 08:00:00+00:00,0.0001,,
2019-12-08 16:00:00+00:00,0.0001,,
2019-12-09 00:00:00+00:00,0.0001,,
2019-12-09 08:00:00+00:00,0.0001,,
2019-12-09 16:00:00+00:00,0.0001,,
2019-12-10 00:00:00+00:00,0.0001,,
2019-12-10 08:00:00+00:00,0.0001,,
2019-12-10 16:00:00+00:00,0.0001,,
2019-12-11 00:00:00+00:00,0.0001,,
2019-12-11 08:00:00+00:00,4.062e-05,,
2019-12-11 16:00:00+00:00,-5.692e-05,,
2019-12-12 00:00:00+00:00,3.16e-05,,
2019-12-12 08:00:00+00:00,-3.2e-06,,
2019-12-12 16:00:00+00:00,-8.52e-05,,
2019-12-13 00:00:00+00:00,-7.162e-05,,
2019-12-13 08:00:00+00:00,-0.00011387,,
2019-12-13 16:00:00+00:00,-9.781e-05,,
2019-12-14 00:00:00+00:00,-5.358e-05,,
2019-12-14 08:00:00+00:00,2.252e-05,,
2019-12-14 16:00:00+00:00,0.0001,,
2019-12-15 00:00:00+00:00,-1.788e-05,,
2019-12-15 08:00:00+00:00,7.982e-05,,
2019-12-15 16:00:00+00:00,2.225e-05,,
2019-12-16 00:00:00+00:00,-0.00013465,,
2019-12-16 08:00:00+00:00,-0.00010782,,
2019-12-16 16:00:00+00:00,-3.652e-05,,
2019-12-17 00:00:00+00:00,-4.606e-05,,
2019-12-17 08:00:00+00:00,-0.00013429,,
2019-12-17 16:00:00+00:00,-1.606e-05,,
2019-12-18 00:00:00+00:00,-0.00013767,,
2019-12-18 08:00:00+00:00,-0.00022278,,
2019-12-18 16:00:00+00:00,-0.0001509,,
2019-12-19 00:00:00+00:00,0.0001,,
2019-12-19 08:00:00+00:00,0.0001,,
2019-12-19 16:00:00+00:00,0.0001,,
2019-12-20 00:00:00+00:00,2.383e-05,,
2019-12-20 08:00:00+00:00,1.034e-05,,
2019-12-20 16:00:00+00:00,3.19e-05,,
2019-12-21 00:00:00+00:00,-2.37e-06,,
2019-12-21 08:00:00+00:00,0.0001,,
2019-12-21 16:00:00+00:00,0.0001,,
2019-12-22 00:00:00+00:00,0.0001,,
2019-12-22 08:00:00+00:00,0.0001,,
2019-12-22 16:00:00+00:00,1.57e-05,,
2019-12-23 00:00:00+00:00,0.0001,,
2019-12-23 08:00:00+00:00,0.0001,,
2019-12-23 16:00:00+00:00,0.0001,,
2019-12-24 00:00:00+00:00,0.0001,,
2019-12-24 08:00:00+00:00,0.0001,,
2019-12-24 16:00:00+00:00,0.0001,,
2019-12-25 00:00:00+00:00,0.0001,,
2019-12-25 08:00:00+00:00,6.107e-05,,
2019-12-25 16:00:00+00:00,0.0001,,
2019-12-26 00:00:00+00:00,0.0001,,
2019-12-26 08:00:00+00:00,0.0001,,
2019-12-26 16:00:00+00:00,-2.854e-05,,
2019-12-27 00:00:00+00:00,2.605e-05,,
2019-12-27 08:00:00+00:00,-5.694e-05,,
2019-12-27 16:00:00+00:00,-8.764e-05,,
2019-12-28 00:00:00+00:00,-7.701e-05,,
2019-12-28 08:00:00+00:00,-4.257e-05,,
2019-12-28 16:00:00+00:00,2.166e-05,,
2019-12-29 00:00:00+00:00,-0.0002325,,
2019-12-29 08:00:00+00:00,0.0001,,
2019-12-29 16:00:00+00:00,-8.727e-05,,
2019-12-30 00:00:00+00:00,-0.00010232,,
2019-12-30 08:00:00+00:00,-0.0001794,,
2019-12-30 16:00:00+00:00,-1.406e-05,,
2019-12-31 00:00:00+00:00,3.936e-05,,
2019-12-31 08:00:00+00:00,-0.0001305,,
2019-12-31 16:00:00+00:00,-2.403e-05,,
2020-01-01 00:00:00+00:00,-0.00012359,,
2020-01-01 08:00:00+00:00,-0.00012383,,
2020-01-01 16:00:00+00:00,-9.664e-05,,
2020-01-02 00:00:00+00:00,3.662e-05,,
2020-01-02 08:00:00+00:00,0.0001,,
2020-01-02 16:00:00+00:00,1.04e-06,,
2020-01-03 00:00:00+00:00,-1.664e-05,,
2020-01-03 08:00:00+00:00,-1.553e-05,,
2020-01-03 16:00:00+00:00,0.0001,,
2020-01-04 00:00:00+00:00,0.0001,,
2020-01-04 08:00:00+00:00,8.4e-07,,
2020-01-04 16:00:00+00:00,7.387e-05,,
2020-01-05 00:00:00+00:00,0.0001,,
2020-01-05 08:00:00+00:00,0.0001,,
2020-01-05 16:00:00+00:00,0.0001,,
2020-01-06 00:00:00+00:00,0.0001,,
2020-01-06 08:00:00+00:00,0.0001,,
2020-01-06 16:00:00+00:00,0.0001,,
2020-01-07 00:00:00+00:00,0.0001,,
2020-01-07 08:00:00+00:00,0.0001,,
2020-01-07 16:00:00+00:00,0.0001,,
2020-01-08 00:00:00+00:00,0.00012514,,
2020-01-08 08:00:00+00:00,0.0001,,
2020-01-08 16:00:00+00:00,0.0001,,
2020-01-09 00:00:00+00:00,0.0001,,
2020-01-09 08:00:00+00:00,0.0001,,
2020-01-09 16:00:00+00:00,0.0001,,
2020-01-10 00:00:00+00:00,0.0001,,
2020-01-10 08:00:00+00:00,0.0001,,
2020-01-10 16:00:00+00:00,0.0001,,
2020-01-11 00:00:00+00:00,0.0001,,
2020-01-11 08:00:00+00:00,0.00017846,,
2020-01-11 16:00:00+00:00,0.0001,,
2020-01-12 00:00:00+00:00,0.0001,,
2020-01-12 08:00:00+00:00,0.0001,,
2020-01-12 16:00:00+00:00,0.0001,,
2020-01-13 00:00:00+00:00,0.0001,,
2020-01-13 08:00:00+00:00,0.0001,,
2020-01-13 16:00:00+00:00,0.0001,,
2020-01-14 00:00:00+00:00,0.0001,,
2020-01-14 08:00:00+00:00,0.000259,,
2020-01-14 16:00:00+00:00,0.0001,,
2020-01-15 00:00:00+00:00,0.00049392,,
2020-01-15 08:00:00+00:00,0.00019497,,
2020-01-15 16:00:00+00:00,0.0001,,
2020-01-16 00:00:00+00:00,0.0001,,
2020-01-16 08:00:00+00:00,0.00041191,,
2020-01-16 16:00:00+00:00,0.00031466,,
2020-01-17 00:00:00+00:00,0.0001,,
2020-01-17 08:00:00+00:00,0.00015027,,
2020-01-17 16:00:00+00:00,0.00056749,,
2020-01-18 00:00:00+00:00,0.0001,,
2020-01-18 08:00:00+00:00,0.00029182,,
2020-01-18 16:00:00+00:00,0.00032081,,
2020-01-19 00:00:00+00:00,0.00020041,,
2020-01-19 08:00:00+00:00,0.00039329,,
2020-01-19 16:00:00+00:00,0.00092467,,
2020-01-20 00:00:00+00:00,0.00029702,,
2020-01-20 08:00:00+00:00,0.0001,,
2020-01-20 16:00:00+00:00,0.00010782,,
2020-01-21 00:00:00+00:00,0.00012057,,
2020-01-21 08:00:00+00:00,0.00015425,,
2020-01-21 16:00:00+00:00,0.0001574,,
2020-01-22 00:00:00+00:00,0.0001,,
2020-01-22 08:00:00+00:00,0.00021392,,
2020-01-22 16:00:00+00:00,0.0001,,
2020-01-23 00:00:00+00:00,0.0001,,
2020-01-23 08:00:00+00:00,0.0001,,
2020-01-23 16:00:00+00:00,0.00052304,,
2020-01-24 00:00:00+00:00,0.00054719,,
2020-01-24 08:00:00+00:00,0.00042124,,
2020-01-24 16:00:00+00:00,0.00017948,,
2020-01-25 00:00:00+00:00,0.0001,,
2020-01-25 08:00:00+00:00,0.0001,,
2020-01-25 16:00:00+00:00,0.0001,,
2020-01-26 00:00:00+00:00,0.0001,,
2020-01-26 08:00:00+00:00,0.0001,,
2020-01-26 16:00:00+00:00,0.0001,,
2020-01-27 00:00:00+00:00,0.0001,,
2020-01-27 08:00:00+00:00,0.0001,,
2020-01-27 16:00:00+00:00,0.0001,,
2020-01-28 00:00:00+00:00,0.0001,,
2020-01-28 08:00:00+00:00,0.00068689,,
2020-01-28 16:00:00+00:00,0.00054394,,
2020-01-29 00:00:00+00:00,0.00062324,,
2020-01-29 08:00:00+00:00,0.00108193,,
2020-01-29 16:00:00+00:00,0.00053694,,
2020-01-30 00:00:00+00:00,0.000236,,
2020-01-30 08:00:00+00:00,0.00024877,,
2020-01-30 16:00:00+00:00,0.00034852,,
2020-01-31 00:00:00+00:00,0.00053551,,
2020-01-31 08:00:00+00:00,0.00077154,,
2020-01-31 16:00:00+00:00,0.00039858,,
2020-02-01 00:00:00+00:00,0.00074991,,
2020-02-01 08:00:00+00:00,0.00065667,,
2020-02-01 16:00:00+00:00,0.00049052,,
2020-02-02 00:00:00+00:00,0.00028263,,
2020-02-02 08:00:00+00:00,0.00034916,,
2020-02-02 16:00:00+00:00,0.00065524,,
2020-02-03 00:00:00+00:00,0.00060677,,
2020-02-03 08:00:00+00:00,0.00035862,,
2020-02-03 16:00:00+00:00,0.0001,,
2020-02-04 00:00:00+00:00,0.00099282,,
2020-02-04 08:00:00+00:00,0.0005445,,
2020-02-04 16:00:00+00:00,0.00038192,,
2020-02-05 00:00:00+00:00,0.0001,,
2020-02-05 08:00:00+00:00,0.0001,,
2020-02-05 16:00:00+00:00,0.00052631,,
2020-02-06 00:00:00+00:00,0.00164021,,
2020-02-06 08:00:00+00:00,0.00078299,,
2020-02-06 16:00:00+00:00,0.00055668,,
2020-02-07 00:00:00+00:00,0.00035618,,
2020-02-07 08:00:00+00:00,0.00019726,,
2020-02-07 16:00:00+00:00,0.00034616,,
2020-02-08 00:00:00+00:00,0.00039915,,
2020-02-08 08:00:00+00:00,0.00062858,,
2020-02-08 16:00:00+00:00,0.00099315,,
2020-02-09 00:00:00+00:00,0.00042798,,
2020-02-09 08:00:00+00:00,0.00081519,,
2020-02-09 16:00:00+00:00,0.00113954,,
2020-02-10 00:00:00+00:00,0.00106733,,
2020-02-10 08:00:00+00:00,0.00125022,,
2020-02-10 16:00:00+00:00,0.00097918,,
2020-02-11 00:00:00+00:00,0.00043989,,
2020-02-11 08:00:00+00:00,0.00064797,,
2020-02-11 16:00:00+00:00,0.0005012,,
2020-02-12 00:00:00+00:00,0.003,,
2020-02-12 08:00:00+00:00,0.00108055,,
2020-02-12 16:00:00+00:00,0.00103884,,
2020-02-13 00:00:00+00:00,0.00093553,,
2020-02-13 08:00:00+00:00,0.00084403,,
2020-02-13 16:00:00+00:00,0.00070414,,
2020-02-14 00:00:00+00:00,0.0006332,,
2020-02-14 08:00:00+00:00,0.00074453,,
2020-02-14 16:00:00+00:00,0.00055952,,
2020-02-15 00:00:00+00:00,0.00059113,,
2020-02-15 08:00:00+00:00,0.0009686,,
2020-02-15 16:00:00+00:00,0.00087369,,
2020-02-16 00:00:00+00:00,0.00051202,,
2020-02-16 08:00:00+00:00,0.00036973,,
2020-02-16 16:00:00+00:00,0.00060847,,
2020-02-17 00:00:00+00:00,0.00043179,,
2020-02-17 08:00:00+00:00,0.0006096,,
2020-02-17 16:00:00+00:00,0.00091076,,
2020-02-18 00:00:00+00:00,0.00026967,,
2020-02-18 08:00:00+00:00,0.00013952,,
2020-02-18 16:00:00+00:00,0.00029662,,
2020-02-19 00:00:00+00:00,0.00046396,,
2020-02-19 08:00:00+00:00,0.00038487,,
2020-02-19 16:00:00+00:00,0.00040757,,
2020-02-20 00:00:00+00:00,0.0001,,
2020-02-20 08:00:00+00:00,0.0001,,
2020-02-20 16:00:00+00:00,0.0001,,
2020-02-21 00:00:00+00:00,0.0001,,
2020-02-21 08:00:00+00:00,0.0001,,
2020-02-21 16:00:00+00:00,0.0001,,
2020-02-22 00:00:00+00:00,0.0001,,
2020-02-22 08:00:00+00:00,0.0001,,
2020-02-22 16:00:00+00:00,0.00012243,,
2020-02-23 00:00:00+00:00,0.00029663,,
2020-02-23 08:00:00+00:00,0.0003901,,
2020-02-23 16:00:00+00:00,0.00065308,,
2020-02-24 00:00:00+00:00,0.00048774,,
2020-02-24 08:00:00+00:00,0.00014587,,
2020-02-24 16:00:00+00:00,0.0001,,
2020-02-25 00:00:00+00:00,0.00032389,,
2020-02-25 08:00:00+00:00,0.00027363,,
2020-02-25 16:00:00+00:00,0.00046949,,
2020-02-26 00:00:00+00:00,0.0003617,,
2020-02-26 08:00:00+00:00,0.0005063,,
2020-02-26 16:00:00+00:00,0.0003866,,
2020-02-27 00:00:00+00:00,0.00017363,,
2020-02-27 08:00:00+00:00,0.0001,,
2020-02-27 16:00:00+00:00,0.0001,,
2020-02-28 00:00:00+00:00,0.0001,,
2020-02-28 08:00:00+00:00,0.00011659,,
2020-02-28 16:00:00+00:00,0.00023604,,
2020-02-29 00:00:00+00:00,0.00061536,,
2020-02-29 08:00:00+00:00,0.00060166,,
2020-02-29 16:00:00+00:00,0.00062345,,
2020-03-01 00:00:00+00:00,0.00049317,,
2020-03-01 08:00:00+00:00,0.00027933,,
2020-03-01 16:00:00+00:00,0.00031033,,
2020-03-02 00:00:00+00:00,0.0001872,,
2020-03-02 08:00:00+00:00,0.0001,,
2020-03-02 16:00:00+00:00,0.0001,,
2020-03-03 00:00:00+00:00,0.0001,,
2020-03-03 08:00:00+00:00,0.0001,,
2020-03-03 16:00:00+00:00,0.0001,,
2020-03-04 00:00:00+00:00,0.0001,,
2020-03-04 08:00:00+00:00,0.0001,,
2020-03-04 16:00:00+00:00,0.00024328,,
2020-03-05 00:00:00+00:00,0.0001,,
2020-03-05 08:00:00+00:00,0.00023481,,
2020-03-05 16:00:00+00:00,0.00019521,,
2020-03-06 00:00:00+00:00,0.00020373,,
2020-03-06 08:00:00+00:00,0.00021759,,
2020-03-06 16:00:00+00:00,0.00035706,,
2020-03-07 00:00:00+00:00,0.00039476,,
2020-03-07 08:00:00+00:00,0.00032086,,
2020-03-07 16:00:00+00:00,0.00032714,,
2020-03-08 00:00:00+00:00,0.00054685,,
2020-03-08 08:00:00+00:00,0.00049747,,
2020-03-08 16:00:00+00:00,0.00042921,,
2020-03-09 00:00:00+00:00,0.0001,,
2020-03-09 08:00:00+00:00,0.0001,,
2020-03-09 16:00:00+00:00,0.0001,,
2020-03-10 00:00:00+00:00,0.0001,,
2020-03-10 08:00:00+00:00,0.0001,,
2020-03-10 16:00:00+00:00,0.0001,,
2020-03-11 00:00:00+00:00,0.0001,,
2020-03-11 08:00:00+00:00,0.0001,,
2020-03-11 16:00:00+00:00,0.00022898,,
2020-03-12 00:00:00+00:00,0.00010572,,
2020-03-12 08:00:00+00:00,0.0001,,
2020-03-12 16:00:00+00:00,-0.00015149,,
2020-03-13 00:00:00+00:00,-0.00016073,,
2020-03-13 08:00:00+00:00,-0.003,,
2020-03-13 16:00:00+00:00,-0.00065378,,
2020-03-14 00:00:00+00:00,-0.00076421,,
2020-03-14 08:00:00+00:00,-4.946e-05,,
2020-03-14 16:00:00+00:00,-0.00050325,,
2020-03-15 00:00:00+00:00,-0.00047893,,
2020-03-15 08:00:00+00:00,-0.00054208,,
2020-03-15 16:00:00+00:00,-0.0004879,,
2020-03-16 00:00:00+00:00,-0.00028282,,
2020-03-16 08:00:00+00:00,-0.00036873,,
2020-03-16 16:00:00+00:00,-0.00090358,,
2020-03-17 00:00:00+00:00,-0.0002383,,
2020-03-17 08:00:00+00:00,-3.681e-05,,
2020-03-17 16:00:00+00:00,-0.00010573,,
2020-03-18 00:00:00+00:00,-0.00014706,,
2020-03-18 08:00:00+00:00,-0.00035528,,
2020-03-18 16:00:00+00:00,-0.00033374,,
2020-03-19 00:00:00+00:00,-0.00015042,,
2020-03-19 08:00:00+00:00,-0.00022004,,
2020-03-19 16:00:00+00:00,-0.00027089,,
2020-03-20 00:00:00+00:00,-0.00015469,,
2020-03-20 08:00:00+00:00,-1.171e-05,,
2020-03-20 16:00:00+00:00,0.0001,,
2020-03-21 00:00:00+00:00,8.327e-05,,
2020-03-21 08:00:00+00:00,-9.15e-06,,
2020-03-21 16:00:00+00:00,-0.00011557,,
2020-03-22 00:00:00+00:00,-2.842e-05,,
2020-03-22 08:00:00+00:00,0.0001,,
2020-03-22 16:00:00+00:00,2.24e-06,,
2020-03-23 00:00:00+00:00,-0.00016796,,
2020-03-23 08:00:00+00:00,-0.00016295,,
2020-03-23 16:00:00+00:00,0.0001,,
2020-03-24 00:00:00+00:00,0.0001,,
2020-03-24 08:00:00+00:00,0.0001,,
2020-03-24 16:00:00+00:00,0.0001,,
2020-03-25 00:00:00+00:00,0.0001,,
2020-03-25 08:00:00+00:00,9.958e-05,,
2020-03-25 16:00:00+00:00,9.813e-05,0.0001,
2020-03-26 00:00:00+00:00,-1.62e-05,0.0001,
2020-03-26 08:00:00+00:00,0.0001,0.0001,
2020-03-26 16:00:00+00:00,1.599e-05,0.0001,
2020-03-27 00:00:00+00:00,6.223e-05,0.0001,
2020-03-27 08:00:00+00:00,6.838e-05,0.0001,
2020-03-27 16:00:00+00:00,1.48e-06,0.0001,
2020-03-28 00:00:00+00:00,-0.00012203,0.0001,
2020-03-28 08:00:00+00:00,-0.00041263,0.0001,
2020-03-28 16:00:00+00:00,-0.0002165,0.0001,
2020-03-29 00:00:00+00:00,-0.00023282,0.0001,
2020-03-29 08:00:00+00:00,-0.0002912,0.0001,
2020-03-29 16:00:00+00:00,-0.00025613,0.0001,
2020-03-30 00:00:00+00:00,-0.0006431,0.0001,
2020-03-30 08:00:00+00:00,-0.00033817,0.0001,
2020-03-30 16:00:00+00:00,-6.982e-05,0.0001,
2020-03-31 00:00:00+00:00,-5.383e-05,0.0001,
2020-03-31 08:00:00+00:00,-0.00015273,0.0001,
2020-03-31 16:00:00+00:00,-0.000162,0.0001,
2020-04-01 00:00:00+00:00,-9.237e-05,0.0001,
2020-04-01 08:00:00+00:00,-0.0004868,0.0001,
2020-04-01 16:00:00+00:00,-0.00034983,-0.00024535,
2020-04-02 00:00:00+00:00,-0.0001933,-0.00065103,
2020-04-02 08:00:00+00:00,3.28e-05,-0.00076413,
2020-04-02 16:00:00+00:00,9.417e-05,-0.00063135,
2020-04-03 00:00:00+00:00,9.047e-05,-0.00196465,
2020-04-03 08:00:00+00:00,7.9e-07,-0.00375,
2020-04-03 16:00:00+00:00,0.0001,-0.00198009,
2020-04-04 00:00:00+00:00,6.184e-05,-0.0007468,
2020-04-04 08:00:00+00:00,5.655e-05,-0.00021154,
2020-04-04 16:00:00+00:00,-7.77e-05,9.922e-05,
2020-04-05 00:00:00+00:00,-4.495e-05,0.0001,
2020-04-05 08:00:00+00:00,4.198e-05,0.0001,
2020-04-05 16:00:00+00:00,3.859e-05,0.0001,
2020-04-06 00:00:00+00:00,2.364e-05,0.0001,
2020-04-06 08:00:00+00:00,6.54e-06,0.0001,
2020-04-06 16:00:00+00:00,-8.471e-05,0.0001,
2020-04-07 00:00:00+00:00,-0.00012883,9.599e-05,
2020-04-07 08:00:00+00:00,-2.915e-05,-7.04e-05,
2020-04-07 16:00:00+00:00,1.131e-05,-5.965e-05,
2020-04-08 00:00:00+00:00,-2.763e-05,0.0001,
2020-04-08 08:00:00+00:00,0.0001,4.99e-05,
2020-04-08 16:00:00+00:00,6.677e-05,0.0001,
2020-04-09 00:00:00+00:00,0.0001,0.0001,
2020-04-09 08:00:00+00:00,-0.00010005,0.0001,
2020-04-09 16:00:00+00:00,-8.854e-05,2.541e-05,
2020-04-10 00:00:00+00:00,-5.003e-05,6.698e-05,
2020-04-10 08:00:00+00:00,0.0001,1.027e-05,
2020-04-10 16:00:00+00:00,0.0001,0.0001,
2020-04-11 00:00:00+00:00,0.0001,0.0001,
2020-04-11 08:00:00+00:00,0.0001,0.0001,
2020-04-11 16:00:00+00:00,0.0001,0.0001,
2020-04-12 00:00:00+00:00,0.0001,0.0001,
2020-04-12 08:00:00+00:00,0.0001,0.0001,
2020-04-12 16:00:00+00:00,8.453e-05,0.0001,
2020-04-13 00:00:00+00:00,7.954e-05,0.0001,
2020-04-13 08:00:00+00:00,-0.00020271,-1.518e-05,
2020-04-13 16:00:00+00:00,-2.882e-05,-0.00032819,
2020-04-14 00:00:00+00:00,-1.244e-05,-0.00029311,
2020-04-14 08:00:00+00:00,5.454e-05,-0.00028219,
2020-04-14 16:00:00+00:00,-0.00020028,-0.00025537,
2020-04-15 00:00:00+00:00,-0.00012803,-0.00038444,
2020-04-15 08:00:00+00:00,-4.63e-05,-0.0005306,
2020-04-15 16:00:00+00:00,2.925e-05,-0.00049003,
2020-04-16 00:00:00+00:00,-7.017e-05,-0.00044288,
2020-04-16 08:00:00+00:00,-0.00046001,-0.00055451,
2020-04-16 16:00:00+00:00,6.364e-05,-0.00094907,
2020-04-17 00:00:00+00:00,5.926e-05,-0.00070903,
2020-04-17 08:00:00+00:00,3.345e-05,-0.00032802,
2020-04-17 16:00:00+00:00,-6.771e-05,-0.00014941,
2020-04-18 00:00:00+00:00,-3.132e-05,-6.622e-05,
2020-04-18 08:00:00+00:00,-0.00017145,-9.05e-05,
2020-04-18 16:00:00+00:00,-0.00019642,-0.00018915,
2020-04-19 00:00:00+00:00,-0.00019142,-0.00027777,
2020-04-19 08:00:00+00:00,-5.966e-05,-0.00035332,
2020-04-19 16:00:00+00:00,8.514e-05,-0.00025846,
2020-04-20 00:00:00+00:00,-1.31e-05,4.56e-06,
2020-04-20 08:00:00+00:00,-1.874e-05,-1.443e-05,
2020-04-20 16:00:00+00:00,-5.762e-05,-5.81e-06,
2020-04-21 00:00:00+00:00,-9.18e-05,3.59e-05,
2020-04-21 08:00:00+00:00,-7.539e-05,3.72e-05,
2020-04-21 16:00:00+00:00,0.0001,5.573e-05,
2020-04-22 00:00:00+00:00,-2.663e-05,0.0001,
2020-04-22 08:00:00+00:00,-0.00011402,0.0001,
2020-04-22 16:00:00+00:00,-0.00031244,-8.38e-06,
2020-04-23 00:00:00+00:00,-0.0002234,-0.00025968,
2020-04-23 08:00:00+00:00,-0.00015491,-0.00034008,
2020-04-23 16:00:00+00:00,0.0001,-0.00029437,
2020-04-24 00:00:00+00:00,0.0001,-0.00018968,
2020-04-24 08:00:00+00:00,0.0001,0.0001,
2020-04-24 16:00:00+00:00,0.0001,0.0001,
2020-04-25 00:00:00+00:00,0.0001,0.0001,
2020-04-25 08:00:00+00:00,0.0001,0.0001,
2020-04-25 16:00:00+00:00,0.0001,0.0001,
2020-04-26 00:00:00+00:00,0.0001,0.0001,
2020-04-26 08:00:00+00:00,7.493e-05,0.0001,
2020-04-26 16:00:00+00:00,0.0001,0.0001,
2020-04-27 00:00:00+00:00,0.0001,0.0001,
2020-04-27 08:00:00+00:00,0.0001,0.0001,
2020-04-27 16:00:00+00:00,0.0001,0.0001,
2020-04-28 00:00:00+00:00,0.0001,0.0001,
2020-04-28 08:00:00+00:00,0.0001,0.0001,
2020-04-28 16:00:00+00:00,0.0001,0.0001,
2020-04-29 00:00:00+00:00,0.0001,0.0001,
2020-04-29 08:00:00+00:00,0.0001,0.0001,
2020-04-29 16:00:00+00:00,0.0001,0.0001,
2020-04-30 00:00:00+00:00,0.00013208,0.0001,
2020-04-30 08:00:00+00:00,0.00097517,0.0001,
2020-04-30 16:00:00+00:00,0.0001,0.0001,
2020-05-01 00:00:00+00:00,0.00021072,0.0001,
2020-05-01 08:00:00+00:00,0.00017885,0.0001,
2020-05-01 16:00:00+00:00,0.00013528,0.0001,
2020-05-02 00:00:00+00:00,0.0001,0.0001,
2020-05-02 08:00:00+00:00,0.0001,0.0001,
2020-05-02 16:00:00+00:00,0.00010144,0.0001,
2020-05-03 00:00:00+00:00,0.0001,0.0001,
2020-05-03 08:00:00+00:00,0.0001981,0.0001,
2020-05-03 16:00:00+00:00,0.00015162,0.0001,
2020-05-04 00:00:00+00:00,0.00011925,0.0001,
2020-05-04 08:00:00+00:00,0.0001,0.0001,
2020-05-04 16:00:00+00:00,0.0001,0.0001,
2020-05-05 00:00:00+00:00,0.0001,0.0001,
2020-05-05 08:00:00+00:00,0.0001,0.0001,
2020-05-05 16:00:00+00:00,0.0001,0.0001,
2020-05-06 00:00:00+00:00,0.0001,0.0001,
2020-05-06 08:00:00+00:00,0.0001,0.0001,
2020-05-06 16:00:00+00:00,0.00035981,0.0001,
2020-05-07 00:00:00+00:00,0.0001,0.0001,
2020-05-07 08:00:00+00:00,0.0001,0.0001,
2020-05-07 16:00:00+00:00,0.0001,0.0001,
2020-05-08 00:00:00+00:00,0.00016094,0.0001,
2020-05-08 08:00:00+00:00,0.00034016,0.0001,
2020-05-08 16:00:00+00:00,0.0005319,0.0001,
2020-05-09 00:00:00+00:00,0.00042037,0.0001,
2020-05-09 08:00:00+00:00,0.00075816,0.0001,
2020-05-09 16:00:00+00:00,0.00058018,0.0001,
2020-05-10 00:00:00+00:00,0.00042326,0.0001,
2020-05-10 08:00:00+00:00,0.0001,0.0001,
2020-05-10 16:00:00+00:00,0.0001,0.0001,
2020-05-11 00:00:00+00:00,0.0001,0.0001,
2020-05-11 08:00:00+00:00,0.0001,0.0001,
2020-05-11 16:00:00+00:00,0.0001,0.0001,
2020-05-12 00:00:00+00:00,0.0001,0.0001,
2020-05-12 08:00:00+00:00,0.0001,0.0001,
2020-05-12 16:00:00+00:00,0.0001,0.0001,
2020-05-13 00:00:00+00:00,0.0001,0.0001,
2020-05-13 08:00:00+00:00,0.0001,0.0001,
2020-05-13 16:00:00+00:00,0.0001,0.0001,
2020-05-14 00:00:00+00:00,0.0001,0.0001,
2020-05-14 08:00:00+00:00,0.0001,0.0001,
2020-05-14 16:00:00+00:00,0.0001,0.0001,
2020-05-15 00:00:00+00:00,0.0001,0.0001,
2020-05-15 08:00:00+00:00,4.4e-05,0.0001,
2020-05-15 16:00:00+00:00,0.0001,0.0001,
2020-05-16 00:00:00+00:00,0.0001,0.0001,
2020-05-16 08:00:00+00:00,0.0001,0.0001,
2020-05-16 16:00:00+00:00,0.0001,0.0001,
2020-05-17 00:00:00+00:00,8.001e-05,0.0001,
2020-05-17 08:00:00+00:00,4.125e-05,0.0001,
2020-05-17 16:00:00+00:00,8.88e-06,0.0001,
2020-05-18 00:00:00+00:00,0.0001,0.0001,
2020-05-18 08:00:00+00:00,0.0001,0.0001,
2020-05-18 16:00:00+00:00,-6.64e-05,0.0001,
2020-05-19 00:00:00+00:00,0.0001,0.0001,
2020-05-19 08:00:00+00:00,7.892e-05,0.0001,
2020-05-19 16:00:00+00:00,0.0001,0.0001,
2020-05-20 00:00:00+00:00,0.0001,0.0001,
2020-05-20 08:00:00+00:00,0.0001,0.0001,
2020-05-20 16:00:00+00:00,0.0001,0.0001,
2020-05-21 00:00:00+00:00,-9.027e-05,0.0001,
2020-05-21 08:00:00+00:00,6.809e-05,0.0001,
2020-05-21 16:00:00+00:00,0.0001,0.0001,
2020-05-22 00:00:00+00:00,-5.15e-05,0.0001,
2020-05-22 08:00:00+00:00,-2.396e-05,0.0001,
2020-05-22 16:00:00+00:00,6.867e-05,0.0001,
2020-05-23 00:00:00+00:00,-2.092e-05,0.0001,
2020-05-23 08:00:00+00:00,-1.081e-05,0.0001,
2020-05-23 16:00:00+00:00,7.023e-05,0.0001,
2020-05-24 00:00:00+00:00,0.0001,0.0001,
2020-05-24 08:00:00+00:00,7.917e-05,0.0001,
2020-05-24 16:00:00+00:00,6.724e-05,0.0001,
2020-05-25 00:00:00+00:00,6.784e-05,0.0001,
2020-05-25 08:00:00+00:00,-4.286e-05,0.0001,
2020-05-25 16:00:00+00:00,-4.226e-05,0.0001,
2020-05-26 00:00:00+00:00,-3.5e-07,0.0001,
2020-05-26 08:00:00+00:00,0.0001,0.0001,
2020-05-26 16:00:00+00:00,4.599e-05,0.0001,
2020-05-27 00:00:00+00:00,2.104e-05,0.0001,
2020-05-27 08:00:00+00:00,0.0001,0.0001,
2020-05-27 16:00:00+00:00,-0.00014025,0.0001,
2020-05-28 00:00:00+00:00,-0.00011366,0.0001,
2020-05-28 08:00:00+00:00,-6.862e-05,8.101e-05,
2020-05-28 16:00:00+00:00,-1.187e-05,0.0001,
2020-05-29 00:00:00+00:00,2.618e-05,9.316e-05,
2020-05-29 08:00:00+00:00,1.877e-05,0.0001,
2020-05-29 16:00:00+00:00,-6.04e-06,0.0001,
2020-05-30 00:00:00+00:00,0.0001,0.0001,
2020-05-30 08:00:00+00:00,0.0001,0.0001,
2020-05-30 16:00:00+00:00,0.0001,0.0001,
2020-05-31 00:00:00+00:00,0.0001,0.0001,
2020-05-31 08:00:00+00:00,0.0001,0.0001,
2020-05-31 16:00:00+00:00,0.0001,0.0001,
2020-06-01 00:00:00+00:00,0.0001,0.0001,
2020-06-01 08:00:00+00:00,-2.911e-05,0.0001,
2020-06-01 16:00:00+00:00,9.38e-06,3.059e-05,
2020-06-02 00:00:00+00:00,0.0003448,0.0001,
2020-06-02 08:00:00+00:00,0.0007831,0.0001,
2020-06-02 16:00:00+00:00,0.0001,0.0001,
2020-06-03 00:00:00+00:00,0.0001,0.0001,
2020-06-03 08:00:00+00:00,8.646e-05,0.0001,
2020-06-03 16:00:00+00:00,0.0001,0.0001,
2020-06-04 00:00:00+00:00,0.0001,0.0001,
2020-06-04 08:00:00+00:00,0.0001,0.0001,
2020-06-04 16:00:00+00:00,0.0001,0.0001,
2020-06-05 00:00:00+00:00,0.0001,0.0001,
2020-06-05 08:00:00+00:00,0.0001,0.0001,
2020-06-05 16:00:00+00:00,0.0001,0.0001,
2020-06-06 00:00:00+00:00,0.0001,0.0001,
2020-06-06 08:00:00+00:00,0.0001,0.0001,
2020-06-06 16:00:00+00:00,0.0001,0.0001,
2020-06-07 00:00:00+00:00,0.0001,0.0001,
2020-06-07 08:00:00+00:00,0.0001,0.0001,
2020-06-07 16:00:00+00:00,0.0001,0.0001,
2020-06-08 00:00:00+00:00,0.0001,0.0001,
2020-06-08 08:00:00+00:00,0.0001,0.0001,
2020-06-08 16:00:00+00:00,0.0001,0.0001,
2020-06-09 00:00:00+00:00,0.0001,0.0001,
2020-06-09 08:00:00+00:00,0.0001,0.0001,
2020-06-09 16:00:00+00:00,0.0001,0.0001,
2020-06-10 00:00:00+00:00,0.0001,0.0001,
2020-06-10 08:00:00+00:00,0.0001,0.0001,
2020-06-10 16:00:00+00:00,0.0001,0.0001,
2020-06-11 00:00:00+00:00,0.0001,0.0001,
2020-06-11 08:00:00+00:00,0.0001,0.0001,
2020-06-11 16:00:00+00:00,0.0001,0.0001,
2020-06-12 00:00:00+00:00,0.0001,0.0001,
2020-06-12 08:00:00+00:00,-3.816e-05,0.0001,
2020-06-12 16:00:00+00:00,9.714e-05,0.0001,
2020-06-13 00:00:00+00:00,-1.942e-05,0.0001,
2020-06-13 08:00:00+00:00,7.217e-05,0.0001,
2020-06-13 16:00:00+00:00,0.0001,0.0001,
2020-06-14 00:00:00+00:00,7.102e-05,0.0001,
2020-06-14 08:00:00+00:00,0.0001,0.0001,
2020-06-14 16:00:00+00:00,0.0001,0.0001,
2020-06-15 00:00:00+00:00,0.0001,0.0001,
2020-06-15 08:00:00+00:00,-4.149e-05,0.0001,
2020-06-15 16:00:00+00:00,-0.00018213,0.0001,
2020-06-16 00:00:00+00:00,-0.00015215,0.0001,
2020-06-16 08:00:00+00:00,0.0001,9.598e-05,
2020-06-16 16:00:00+00:00,0.0001,0.0001,
2020-06-17 00:00:00+00:00,7.764e-05,0.0001,
2020-06-17 08:00:00+00:00,-8.32e-05,0.0001,
2020-06-17 16:00:00+00:00,7.51e-05,0.0001,
2020-06-18 00:00:00+00:00,-0.00010005,0.0001,
2020-06-18 08:00:00+00:00,-0.00011589,0.0001,
2020-06-18 16:00:00+00:00,7.624e-05,0.0001,
2020-06-19 00:00:00+00:00,-1.57e-06,0.0001,
2020-06-19 08:00:00+00:00,1.94e-05,0.0001,
2020-06-19 16:00:00+00:00,0.0001,0.0001,
2020-06-20 00:00:00+00:00,0.0001,0.0001,
2020-06-20 08:00:00+00:00,1.186e-05,0.0001,
2020-06-20 16:00:00+00:00,0.0001,0.0001,
2020-06-21 00:00:00+00:00,-3.057e-05,0.0001,
2020-06-21 08:00:00+00:00,-1.29e-05,0.0001,
2020-06-21 16:00:00+00:00,0.0001,0.0001,
2020-06-22 00:00:00+00:00,0.0001,0.0001,
2020-06-22 08:00:00+00:00,6.784e-05,0.0001,
2020-06-22 16:00:00+00:00,0.0001,0.0001,
2020-06-23 00:00:00+00:00,0.0001,0.0001,
2020-06-23 08:00:00+00:00,0.0001,0.0001,
2020-06-23 16:00:00+00:00,0.00012215,0.0001,
2020-06-24 00:00:00+00:00,0.00011286,0.0001,
2020-06-24 08:00:00+00:00,0.0001,0.0001,
2020-06-24 16:00:00+00:00,0.0001,0.0001,
2020-06-25 00:00:00+00:00,0.0001,0.0001,
2020-06-25 08:00:00+00:00,0.0001,0.0001,
2020-06-25 16:00:00+00:00,0.0001,0.0001,
2020-06-26 00:00:00+00:00,9.401e-05,0.0001,
2020-06-26 08:00:00+00:00,0.0001,0.0001,
2020-06-26 16:00:00+00:00,0.0001,0.0001,
2020-06-27 00:00:00+00:00,0.0001,0.0001,
2020-06-27 08:00:00+00:00,0.0001,0.0001,
2020-06-27 16:00:00+00:00,0.0001,0.0001,
2020-06-28 00:00:00+00:00,0.0001,0.0001,
2020-06-28 08:00:00+00:00,0.0001,0.0001,
2020-06-28 16:00:00+00:00,4.867e-05,0.0001,
2020-06-29 00:00:00+00:00,0.0001,0.0001,
2020-06-29 08:00:00+00:00,0.0001,0.0001,
2020-06-29 16:00:00+00:00,0.0001,0.0001,
2020-06-30 00:00:00+00:00,0.0001,0.0001,
2020-06-30 08:00:00+00:00,0.0001,0.0001,
2020-06-30 16:00:00+00:00,0.0001,0.0001,
2020-07-01 00:00:00+00:00,0.0001,0.0001,
2020-07-01 08:00:00+00:00,0.0001,0.0001,
2020-07-01 16:00:00+00:00,0.0001,0.0001,
2020-07-02 00:00:00+00:00,0.0001,0.0001,
2020-07-02 08:00:00+00:00,0.0001,0.0001,
2020-07-02 16:00:00+00:00,0.0001,0.0001,
2020-07-03 00:00:00+00:00,0.0001,0.0001,
2020-07-03 08:00:00+00:00,0.0001,0.0001,
2020-07-03 16:00:00+00:00,0.0001,0.0001,
2020-07-04 00:00:00+00:00,0.0001,0.0001,
2020-07-04 08:00:00+00:00,0.0001,0.0001,
2020-07-04 16:00:00+00:00,0.0001,0.0001,
2020-07-05 00:00:00+00:00,0.0001,0.0001,
2020-07-05 08:00:00+00:00,0.0001,0.0001,
2020-07-05 16:00:00+00:00,0.0001,0.0001,
2020-07-06 00:00:00+00:00,0.0001,0.0001,
2020-07-06 08:00:00+00:00,0.0001,0.0001,
2020-07-06 16:00:00+00:00,0.0001,0.0001,
2020-07-07 00:00:00+00:00,0.0001,0.0001,
2020-07-07 08:00:00+00:00,0.0001,0.0001,
2020-07-07 16:00:00+00:00,0.0001,0.0001,
2020-07-08 00:00:00+00:00,0.0001,0.0001,
2020-07-08 08:00:00+00:00,0.0001,0.0001,
2020-07-08 16:00:00+00:00,0.0001,0.0001,
2020-07-09 00:00:00+00:00,0.0001,0.0001,
2020-07-09 08:00:00+00:00,0.0001,0.0001,
2020-07-09 16:00:00+00:00,0.0001,0.0001,
2020-07-10 00:00:00+00:00,0.0001,0.0001,
2020-07-10 08:00:00+00:00,0.0001,0.0001,
2020-07-10 16:00:00+00:00,0.0001,0.0001,
2020-07-11 00:00:00+00:00,0.0001,0.0001,
2020-07-11 08:00:00+00:00,0.0001,0.0001,
2020-07-11 16:00:00+00:00,0.0001,2.124e-05,
2020-07-12 00:00:00+00:00,0.0001,0.0001,
2020-07-12 08:00:00+00:00,0.0001,0.0001,
2020-07-12 16:00:00+00:00,0.0001,0.0001,
2020-07-13 00:00:00+00:00,0.0001,0.0001,
2020-07-13 08:00:00+00:00,0.0001,0.0001,
2020-07-13 16:00:00+00:00,0.0001,0.0001,
2020-07-14 00:00:00+00:00,0.0001,0.0001,
2020-07-14 08:00:00+00:00,0.0001,0.0001,
2020-07-14 16:00:00+00:00,0.0001,0.0001,
2020-07-15 00:00:00+00:00,0.0001,0.0001,
2020-07-15 08:00:00+00:00,0.0001,0.0001,
2020-07-15 16:00:00+00:00,0.0001,0.0001,
2020-07-16 00:00:00+00:00,0.0001,9.621e-05,
2020-07-16 08:00:00+00:00,0.0001,0.0001,
2020-07-16 16:00:00+00:00,0.0001,0.0001,
2020-07-17 00:00:00+00:00,0.0001,0.0001,
2020-07-17 08:00:00+00:00,0.0001,0.0001,
2020-07-17 16:00:00+00:00,0.0001,0.0001,
2020-07-18 00:00:00+00:00,0.0001,0.0001,
2020-07-18 08:00:00+00:00,0.0001,5.543e-05,
2020-07-18 16:00:00+00:00,0.0001,0.0001,
2020-07-19 00:00:00+00:00,0.0001,0.0001,
2020-07-19 08:00:00+00:00,0.0001,0.0001,
2020-07-19 16:00:00+00:00,0.0001,0.0001,
2020-07-20 00:00:00+00:00,0.0001,0.0001,
2020-07-20 08:00:00+00:00,0.0001,0.0001,
2020-07-20 16:00:00+00:00,0.0001,0.0001,
2020-07-21 00:00:00+00:00,0.0001,0.0001,
2020-07-21 08:00:00+00:00,0.0001,0.0001,
2020-07-21 16:00:00+00:00,0.0001,7.691e-05,
2020-07-22 00:00:00+00:00,0.0001,0.0001,
2020-07-22 08:00:00+00:00,0.0001,-0.00020699,
2020-07-22 16:00:00+00:00,0.0001,-0.00018507,
2020-07-23 00:00:00+00:00,0.0001,0.0001,
2020-07-23 08:00:00+00:00,0.0001,8.454e-05,
2020-07-23 16:00:00+00:00,0.0001,9.443e-05,
2020-07-24 00:00:00+00:00,0.0001,-6.765e-05,
2020-07-24 08:00:00+00:00,0.0001,4.92e-05,
2020-07-24 16:00:00+00:00,0.0001,0.0001,
2020-07-25 00:00:00+00:00,0.0001,0.0001,
2020-07-25 08:00:00+00:00,0.0001,0.0001,
2020-07-25 16:00:00+00:00,0.0001,0.0001,
2020-07-26 00:00:00+00:00,0.0001,7.786e-05,
2020-07-26 08:00:00+00:00,0.0001,-0.00015259,
2020-07-26 16:00:00+00:00,0.00065437,-0.00013979,
2020-07-27 00:00:00+00:00,0.00047138,0.0001,
2020-07-27 08:00:00+00:00,0.00086993,0.0001,
2020-07-27 16:00:00+00:00,0.00051888,0.0001,
2020-07-28 00:00:00+00:00,0.00139484,0.0001,
2020-07-28 08:00:00+00:00,0.00122052,0.0001,
2020-07-28 16:00:00+00:00,0.00097576,0.0001,
2020-07-29 00:00:00+00:00,0.00083621,0.0001,
2020-07-29 08:00:00+00:00,0.00068208,0.0001,
2020-07-29 16:00:00+00:00,0.00061856,0.0001,
2020-07-30 00:00:00+00:00,0.00061759,0.0001,
2020-07-30 08:00:00+00:00,0.00072329,0.0001,
2020-07-30 16:00:00+00:00,0.00069174,0.0001,
2020-07-31 00:00:00+00:00,0.00082654,0.0001,
2020-07-31 08:00:00+00:00,0.00039348,0.0001,
2020-07-31 16:00:00+00:00,0.00037716,0.0001,
2020-08-01 00:00:00+00:00,0.0002791,0.0001,
2020-08-01 08:00:00+00:00,0.00030785,0.0001,
2020-08-01 16:00:00+00:00,0.00048996,0.0001,
2020-08-02 00:00:00+00:00,0.00095567,0.0001,
2020-08-02 08:00:00+00:00,0.0004243,0.0001,
2020-08-02 16:00:00+00:00,0.00024752,0.0001,
2020-08-03 00:00:00+00:00,0.0002585,0.0001,
2020-08-03 08:00:00+00:00,0.00045929,0.0001,
2020-08-03 16:00:00+00:00,0.00043731,0.0001,
2020-08-04 00:00:00+00:00,0.00031113,0.0001,
2020-08-04 08:00:00+00:00,0.00030647,0.0001,
2020-08-04 16:00:00+00:00,0.00038617,0.0001,
2020-08-05 00:00:00+00:00,0.00013898,0.0001,
2020-08-05 08:00:00+00:00,0.00016613,0.0001,
2020-08-05 16:00:00+00:00,0.00022044,0.0001,
2020-08-06 00:00:00+00:00,0.00038867,0.0001,
2020-08-06 08:00:00+00:00,0.00038696,0.0001,
2020-08-06 16:00:00+00:00,0.00036099,0.0001,
2020-08-07 00:00:00+00:00,0.00031707,0.0001,
2020-08-07 08:00:00+00:00,0.00021201,0.0001,
2020-08-07 16:00:00+00:00,0.00023934,0.0001,
2020-08-08 00:00:00+00:00,0.0001,0.0001,
2020-08-08 08:00:00+00:00,0.0001,0.0001,
2020-08-08 16:00:00+00:00,0.0001,0.0001,
2020-08-09 00:00:00+00:00,0.0001,0.0001,
2020-08-09 08:00:00+00:00,0.00021066,0.0001,
2020-08-09 16:00:00+00:00,0.00014574,0.0001,
2020-08-10 00:00:00+00:00,0.0001,0.0001,
2020-08-10 08:00:00+00:00,0.00131898,0.0001,
2020-08-10 16:00:00+00:00,0.00030218,0.00027192,
2020-08-11 00:00:00+00:00,0.00013372,0.0001,
2020-08-11 08:00:00+00:00,0.00022736,0.0001,
2020-08-11 16:00:00+00:00,0.00059816,0.0001,
2020-08-12 00:00:00+00:00,0.0001,0.00029662,
2020-08-12 08:00:00+00:00,0.0001,0.00021628,
2020-08-12 16:00:00+00:00,0.0001,0.0001,
2020-08-13 00:00:00+00:00,0.0001,0.0001,
2020-08-13 08:00:00+00:00,0.0001,0.0001,
2020-08-13 16:00:00+00:00,0.0001,0.0001,
2020-08-14 00:00:00+00:00,0.00017598,0.0001,
2020-08-14 08:00:00+00:00,0.00044038,0.0001599,
2020-08-14 16:00:00+00:00,0.00027433,0.00044653,
2020-08-15 00:00:00+00:00,0.0001,0.00069388,
2020-08-15 08:00:00+00:00,0.0003665,0.00051114,
2020-08-15 16:00:00+00:00,0.00021904,0.0005648,
2020-08-16 00:00:00+00:00,0.0001564,0.0007076,
2020-08-16 08:00:00+00:00,0.00048777,0.00049832,
2020-08-16 16:00:00+00:00,0.00031524,0.00044021,
2020-08-17 00:00:00+00:00,0.00026342,0.00071684,
2020-08-17 08:00:00+00:00,0.00039806,0.00047435,
2020-08-17 16:00:00+00:00,0.0008576,0.00089891,
2020-08-18 00:00:00+00:00,0.00119905,0.00100541,
2020-08-18 08:00:00+00:00,0.00078206,0.00212467,
2020-08-18 16:00:00+00:00,0.00100156,0.00192023,
2020-08-19 00:00:00+00:00,0.00077293,0.00192101,
2020-08-19 08:00:00+00:00,0.00054924,0.00123749,
2020-08-19 16:00:00+00:00,0.00024051,0.00102092,
2020-08-20 00:00:00+00:00,0.00024189,0.00059939,
2020-08-20 08:00:00+00:00,0.0001159,0.00019461,
2020-08-20 16:00:00+00:00,0.00018281,0.0001,
2020-08-21 00:00:00+00:00,0.0001,0.00024206,
2020-08-21 08:00:00+00:00,0.0001,0.0001,
2020-08-21 16:00:00+00:00,0.0001,0.0001,
2020-08-22 00:00:00+00:00,0.0001,0.0001,
2020-08-22 08:00:00+00:00,0.0001,0.00013358,
2020-08-22 16:00:00+00:00,0.0001,0.00013721,
2020-08-23 00:00:00+00:00,0.0001,0.0001,
2020-08-23 08:00:00+00:00,0.0001,0.0001,
2020-08-23 16:00:00+00:00,0.0001,0.0001,
2020-08-24 00:00:00+00:00,0.0001,0.0001,
2020-08-24 08:00:00+00:00,0.0001,0.0001,
2020-08-24 16:00:00+00:00,0.0001,0.0001,
2020-08-25 00:00:00+00:00,0.0001,0.0001,
2020-08-25 08:00:00+00:00,0.0001,0.00010167,
2020-08-25 16:00:00+00:00,0.0004258,0.0001,
2020-08-26 00:00:00+00:00,0.00023316,0.00053705,
2020-08-26 08:00:00+00:00,0.0001,0.00056153,
2020-08-26 16:00:00+00:00,0.00013038,0.0001,
2020-08-27 00:00:00+00:00,0.0001,0.0001,
2020-08-27 08:00:00+00:00,0.0001,0.0001,
2020-08-27 16:00:00+00:00,0.0001,0.0001,
2020-08-28 00:00:00+00:00,0.0001,0.00010457,
2020-08-28 08:00:00+00:00,0.0001,0.0001,
2020-08-28 16:00:00+00:00,0.0001,0.0001,
2020-08-29 00:00:00+00:00,0.0001,0.0001,
2020-08-29 08:00:00+00:00,0.0001,0.0001,
2020-08-29 16:00:00+00:00,0.0001,0.0001,
2020-08-30 00:00:00+00:00,0.0001,0.0001,
2020-08-30 08:00:00+00:00,0.0001,0.0001,
2020-08-30 16:00:00+00:00,0.0001,0.0001,
2020-08-31 00:00:00+00:00,0.0001,0.0001,
2020-08-31 08:00:00+00:00,0.0001,0.0001,
2020-08-31 16:00:00+00:00,0.00015461,0.0001,
2020-09-01 00:00:00+00:00,0.0001,0.00013918,
2020-09-01 08:00:00+00:00,0.00022961,0.0001683,
2020-09-01 16:00:00+00:00,0.0004686,0.0001095,
2020-09-02 00:00:00+00:00,0.00032895,0.00073262,
2020-09-02 08:00:00+00:00,0.00035074,0.00077836,
2020-09-02 16:00:00+00:00,0.00045038,0.0003955,
2020-09-03 00:00:00+00:00,0.00021394,0.00083047,
2020-09-03 08:00:00+00:00,0.00016828,0.00067198,
2020-09-03 16:00:00+00:00,0.00024709,0.0001,
2020-09-04 00:00:00+00:00,0.0001,0.00036114,
2020-09-04 08:00:00+00:00,0.0001,0.00024456,
2020-09-04 16:00:00+00:00,0.0001,0.0001,
2020-09-05 00:00:00+00:00,0.0001,0.0001,
2020-09-05 08:00:00+00:00,0.0001,0.0001,
2020-09-05 16:00:00+00:00,0.0001,0.0001,
2020-09-06 00:00:00+00:00,0.0001,0.0001,
2020-09-06 08:00:00+00:00,0.0001,0.0001,
2020-09-06 16:00:00+00:00,0.0001,0.0001,
2020-09-07 00:00:00+00:00,0.0001,0.0001,
2020-09-07 08:00:00+00:00,0.0001,0.0001,
2020-09-07 16:00:00+00:00,0.0001,0.0001,
2020-09-08 00:00:00+00:00,0.0001,0.0001,
2020-09-08 08:00:00+00:00,0.0001,0.0001,
2020-09-08 16:00:00+00:00,0.0001,0.0001,
2020-09-09 00:00:00+00:00,0.0001,0.0001,
2020-09-09 08:00:00+00:00,0.0001,0.0001,
2020-09-09 16:00:00+00:00,0.0001,0.0001,
2020-09-10 00:00:00+00:00,0.0001,0.0001,
2020-09-10 08:00:00+00:00,0.0001,0.0001,
2020-09-10 16:00:00+00:00,0.0001,0.0001,
2020-09-11 00:00:00+00:00,0.0001,0.0001,
2020-09-11 08:00:00+00:00,0.0001,0.0001,
2020-09-11 16:00:00+00:00,0.0001,0.0001,
2020-09-12 00:00:00+00:00,0.0001,0.0001,
2020-09-12 08:00:00+00:00,0.0001,0.0001,
2020-09-12 16:00:00+00:00,0.0001,0.0001,
2020-09-13 00:00:00+00:00,0.0001,0.0001,
2020-09-13 08:00:00+00:00,0.0001,0.0001,
2020-09-13 16:00:00+00:00,0.0001,0.0001,
2020-09-14 00:00:00+00:00,0.0001,0.0001,
2020-09-14 08:00:00+00:00,0.0001,0.0001,
2020-09-14 16:00:00+00:00,8.68e-06,7.039e-05,
2020-09-15 00:00:00+00:00,-0.0002227,0.0001,
2020-09-15 08:00:00+00:00,-2.796e-05,-5.709e-05,
2020-09-15 16:00:00+00:00,-5.156e-05,-0.0001474,
2020-09-16 00:00:00+00:00,-0.00011181,-8.49e-06,
2020-09-16 08:00:00+00:00,-1.488e-05,-3.895e-05,
2020-09-16 16:00:00+00:00,-3.198e-05,-1.319e-05,
2020-09-17 00:00:00+00:00,-5.63e-06,1.35e-05,
2020-09-17 08:00:00+00:00,2.957e-05,1.562e-05,
2020-09-17 16:00:00+00:00,9.8e-07,0.0001,
2020-09-18 00:00:00+00:00,9.425e-05,0.0001,
2020-09-18 08:00:00+00:00,5.579e-05,2.46e-05,
2020-09-18 16:00:00+00:00,4.967e-05,-4.82e-05,
2020-09-19 00:00:00+00:00,-0.0001155,7.219e-05,
2020-09-19 08:00:00+00:00,-0.0001098,-4.373e-05,
2020-09-19 16:00:00+00:00,-5.749e-05,-0.00014331,
2020-09-20 00:00:00+00:00,-6.476e-05,-0.00013724,
2020-09-20 08:00:00+00:00,-0.00011198,-3.403e-05,
2020-09-20 16:00:00+00:00,-6.625e-05,4.69e-05,
2020-09-21 00:00:00+00:00,-7.506e-05,5.554e-05,
2020-09-21 08:00:00+00:00,-0.00012071,-0.00016789,
2020-09-21 16:00:00+00:00,0.0001,-0.00014876,
2020-09-22 00:00:00+00:00,0.0001,0.0001,
2020-09-22 08:00:00+00:00,0.0001,0.0001,
2020-09-22 16:00:00+00:00,0.0001,0.0001,
2020-09-23 00:00:00+00:00,4.321e-05,0.0001,
2020-09-23 08:00:00+00:00,-2.604e-05,0.0001,
2020-09-23 16:00:00+00:00,-5.506e-05,0.0001,
2020-09-24 00:00:00+00:00,3.817e-05,0.0001,
2020-09-24 08:00:00+00:00,6.991e-05,0.0001,
2020-09-24 16:00:00+00:00,1.182e-05,5.528e-05,
2020-09-25 00:00:00+00:00,-0.00023219,-3.3e-07,
2020-09-25 08:00:00+00:00,2.542e-05,-0.0001332,
2020-09-25 16:00:00+00:00,0.0001,-0.00015124,
2020-09-26 00:00:00+00:00,0.0001,0.0001,
2020-09-26 08:00:00+00:00,0.0001,0.0001,
2020-09-26 16:00:00+00:00,0.0001,0.0001,
2020-09-27 00:00:00+00:00,0.0001,0.0001,
2020-09-27 08:00:00+00:00,0.0001,0.0001,
2020-09-27 16:00:00+00:00,0.0001,0.0001,
2020-09-28 00:00:00+00:00,0.0001,0.0001,
2020-09-28 08:00:00+00:00,0.0001,0.0001,
2020-09-28 16:00:00+00:00,0.0001,0.0001,
2020-09-29 00:00:00+00:00,0.0001,0.0001,
2020-09-29 08:00:00+00:00,0.0001,0.0001,
2020-09-29 16:00:00+00:00,0.0001,0.0001,
2020-09-30 00:00:00+00:00,0.0001,0.0001,
2020-09-30 08:00:00+00:00,0.0001,0.0001,
2020-09-30 16:00:00+00:00,0.0001,0.0001,
2020-10-01 00:00:00+00:00,7.412e-05,0.0001,
2020-10-01 08:00:00+00:00,0.0001,0.0001,
2020-10-01 16:00:00+00:00,0.0001,-0.00022508,
2020-10-02 00:00:00+00:00,-2.63e-06,-0.00093048,
2020-10-02 08:00:00+00:00,-1.652e-05,-0.00014436,
2020-10-02 16:00:00+00:00,0.0001,0.0001,
2020-10-03 00:00:00+00:00,0.0001,0.00016047,
2020-10-03 08:00:00+00:00,0.0001,0.0001,
2020-10-03 16:00:00+00:00,9.749e-05,0.0001,
2020-10-04 00:00:00+00:00,-2.144e-05,0.0001,
2020-10-04 08:00:00+00:00,5.039e-05,0.0001,
2020-10-04 16:00:00+00:00,-7.56e-06,0.0001,
2020-10-05 00:00:00+00:00,-3.381e-05,0.0001,
2020-10-05 08:00:00+00:00,-9.143e-05,7.768e-05,
2020-10-05 16:00:00+00:00,-6.912e-05,-9.231e-05,
2020-10-06 00:00:00+00:00,-1.26e-06,-0.00058384,
2020-10-06 08:00:00+00:00,-8.313e-05,-0.00088413,
2020-10-06 16:00:00+00:00,6.937e-05,-0.00082916,
2020-10-07 00:00:00+00:00,5.11e-06,-0.00034888,
2020-10-07 08:00:00+00:00,-8.58e-06,3.235e-05,
2020-10-07 16:00:00+00:00,1.553e-05,0.0001,
2020-10-08 00:00:00+00:00,2.693e-05,0.0001,
2020-10-08 08:00:00+00:00,3.248e-05,4.188e-05,
2020-10-08 16:00:00+00:00,8.856e-05,0.0001,
2020-10-09 00:00:00+00:00,6.128e-05,0.0001,
2020-10-09 08:00:00+00:00,0.0001,-0.00033904,
2020-10-09 16:00:00+00:00,0.0001,-0.00050421,
2020-10-10 00:00:00+00:00,0.0001,-0.00043282,
2020-10-10 08:00:00+00:00,0.0001,-0.0001116,
2020-10-10 16:00:00+00:00,0.0001,0.0001,
2020-10-11 00:00:00+00:00,0.0001,0.0001,
2020-10-11 08:00:00+00:00,0.0001,0.0001,
2020-10-11 16:00:00+00:00,0.0001,0.0001,
2020-10-12 00:00:00+00:00,0.0001,0.0001,
2020-10-12 08:00:00+00:00,0.0001,0.0001,
2020-10-12 16:00:00+00:00,0.0001,0.0001,
2020-10-13 00:00:00+00:00,0.0001,0.0002219,
2020-10-13 08:00:00+00:00,0.0001,0.00013708,
2020-10-13 16:00:00+00:00,0.0001,0.00026756,
2020-10-14 00:00:00+00:00,0.0001,0.00026442,
2020-10-14 08:00:00+00:00,0.0001,0.00026846,
2020-10-14 16:00:00+00:00,0.0001,0.0001024,
2020-10-15 00:00:00+00:00,0.0001,0.0001,
2020-10-15 08:00:00+00:00,0.0001,0.0001,
2020-10-15 16:00:00+00:00,0.0001,0.0001,
2020-10-16 00:00:00+00:00,0.0001,0.0001,
2020-10-16 08:00:00+00:00,0.0001,0.0001,
2020-10-16 16:00:00+00:00,0.0001,0.0001,
2020-10-17 00:00:00+00:00,0.0001,0.00015943,
2020-10-17 08:00:00+00:00,0.0001,0.0001,
2020-10-17 16:00:00+00:00,0.0001,0.0001,
2020-10-18 00:00:00+00:00,0.0001,0.0001,
2020-10-18 08:00:00+00:00,0.0001,0.0001,
2020-10-18 16:00:00+00:00,0.0001,0.0001,
2020-10-19 00:00:00+00:00,0.0001,8.694e-05,
2020-10-19 08:00:00+00:00,0.0001,-0.00010383,
2020-10-19 16:00:00+00:00,0.0001,-0.00010762,
2020-10-20 00:00:00+00:00,0.0001,-0.00026851,
2020-10-20 08:00:00+00:00,0.0001,-0.00018715,
2020-10-20 16:00:00+00:00,3.742e-05,-0.00028066,
2020-10-21 00:00:00+00:00,2.291e-05,-0.00042457,
2020-10-21 08:00:00+00:00,7.487e-05,-0.00017006,
2020-10-21 16:00:00+00:00,0.0001,-0.00035301,
2020-10-22 00:00:00+00:00,0.0001,0.0001,
2020-10-22 08:00:00+00:00,0.0001,0.00047404,
2020-10-22 16:00:00+00:00,0.0001,0.00109599,
2020-10-23 00:00:00+00:00,0.0001,0.00091297,
2020-10-23 08:00:00+00:00,0.0001,0.00102617,
2020-10-23 16:00:00+00:00,0.0001,0.00127125,
2020-10-24 00:00:00+00:00,0.0001,0.00131645,
2020-10-24 08:00:00+00:00,0.0001,0.00093355,
2020-10-24 16:00:00+00:00,0.0001,0.00064027,
2020-10-25 00:00:00+00:00,0.0001,0.00045744,
2020-10-25 08:00:00+00:00,0.0001,0.00018407,
2020-10-25 16:00:00+00:00,0.0001,0.00013399,
2020-10-26 00:00:00+00:00,0.0001,0.00029351,
2020-10-26 08:00:00+00:00,0.0001,0.0001,
2020-10-26 16:00:00+00:00,0.0001,0.0001,
2020-10-27 00:00:00+00:00,9.274e-05,0.00028336,
2020-10-27 08:00:00+00:00,6.127e-05,0.0001,
2020-10-27 16:00:00+00:00,0.0001,0.0001,
2020-10-28 00:00:00+00:00,3.725e-05,0.0001,
2020-10-28 08:00:00+00:00,0.0001,0.0001,
2020-10-28 16:00:00+00:00,0.0001,0.00020302,
2020-10-29 00:00:00+00:00,-0.00026006,0.0001,
2020-10-29 08:00:00+00:00,-8.052e-05,0.0001,
2020-10-29 16:00:00+00:00,-3.189e-05,0.0001,
2020-10-30 00:00:00+00:00,-0.00015268,0.0001,
2020-10-30 08:00:00+00:00,-9.68e-06,0.0001,
2020-10-30 16:00:00+00:00,-0.00013414,0.0001,
2020-10-31 00:00:00+00:00,-0.00024694,0.0001,
2020-10-31 08:00:00+00:00,-0.00016865,0.0001,
2020-10-31 16:00:00+00:00,9.204e-05,0.0001,
2020-11-01 00:00:00+00:00,-6.386e-05,0.0001,
2020-11-01 08:00:00+00:00,-4.096e-05,0.0001,
2020-11-01 16:00:00+00:00,-5.043e-05,0.0001,
2020-11-02 00:00:00+00:00,7.881e-05,0.0001,
2020-11-02 08:00:00+00:00,-3.275e-05,0.0001,
2020-11-02 16:00:00+00:00,8.717e-05,0.0001,
2020-11-03 00:00:00+00:00,-0.00017064,0.00035507,
2020-11-03 08:00:00+00:00,-4.67e-06,0.00012436,
2020-11-03 16:00:00+00:00,-8.581e-05,0.0001,
2020-11-04 00:00:00+00:00,-7.816e-05,0.0001,
2020-11-04 08:00:00+00:00,-2.648e-05,0.0001,
2020-11-04 16:00:00+00:00,-0.00023791,0.0001,
2020-11-05 00:00:00+00:00,0.0001,0.0001,
2020-11-05 08:00:00+00:00,0.0001,0.0001,
2020-11-05 16:00:00+00:00,0.0001,0.0001,
2020-11-06 00:00:00+00:00,0.0001,0.00058679,
2020-11-06 08:00:00+00:00,0.00023315,0.00059719,
2020-11-06 16:00:00+00:00,0.0003429,0.00100127,
2020-11-07 00:00:00+00:00,0.00024948,0.00138461,
2020-11-07 08:00:00+00:00,0.00037914,0.00115978,
2020-11-07 16:00:00+00:00,0.0003589,0.00108949,
2020-11-08 00:00:00+00:00,0.0001,0.00067098,
2020-11-08 08:00:00+00:00,0.0001,0.00018067,
2020-11-08 16:00:00+00:00,0.0001,0.000448,
2020-11-09 00:00:00+00:00,0.0001,0.00019638,
2020-11-09 08:00:00+00:00,0.0001,0.0001,
2020-11-09 16:00:00+00:00,0.0001,0.0001,
2020-11-10 00:00:00+00:00,0.0001,0.00027116,
2020-11-10 08:00:00+00:00,0.0001,0.0001,
2020-11-10 16:00:00+00:00,0.0001,0.00011625,
2020-11-11 00:00:00+00:00,0.0001,0.00045395,
2020-11-11 08:00:00+00:00,0.0001,0.00038018,
2020-11-11 16:00:00+00:00,0.0001,0.00038524,
2020-11-12 00:00:00+00:00,0.0001,0.00064728,
2020-11-12 08:00:00+00:00,0.0001,0.00071205,
2020-11-12 16:00:00+00:00,0.0001,0.00033563,
2020-11-13 00:00:00+00:00,0.0001,0.00022457,
2020-11-13 08:00:00+00:00,0.0001,0.0001,
2020-11-13 16:00:00+00:00,0.0001,0.0001,
2020-11-14 00:00:00+00:00,0.0001,0.00036852,
2020-11-14 08:00:00+00:00,0.0001,0.00034577,
2020-11-14 16:00:00+00:00,4.277e-05,0.00051889,
2020-11-15 00:00:00+00:00,0.0001,0.0001,
2020-11-15 08:00:00+00:00,0.0001,0.0001,
2020-11-15 16:00:00+00:00,0.0001,0.0001,
2020-11-16 00:00:00+00:00,0.0001,0.00010539,
2020-11-16 08:00:00+00:00,0.0001,0.0001,
2020-11-16 16:00:00+00:00,0.0001,0.00030183,
2020-11-17 00:00:00+00:00,0.0001,0.0001,
2020-11-17 08:00:00+00:00,0.0001,0.0001,
2020-11-17 16:00:00+00:00,0.0001,0.00042426,
2020-11-18 00:00:00+00:00,0.00021138,0.0003622,
2020-11-18 08:00:00+00:00,0.00057572,0.00111596,
2020-11-18 16:00:00+00:00,0.00021486,0.00176313,
2020-11-19 00:00:00+00:00,0.0001,0.00210333,
2020-11-19 08:00:00+00:00,0.00025015,0.00255407,
2020-11-19 16:00:00+00:00,0.00052207,0.00268535,
2020-11-20 00:00:00+00:00,0.0003665,0.00188435,
2020-11-20 08:00:00+00:00,0.00039647,0.00190613,
2020-11-20 16:00:00+00:00,0.00038617,0.00144492,
2020-11-21 00:00:00+00:00,0.0001,0.00197875,
2020-11-21 08:00:00+00:00,0.0001,0.00176957,
2020-11-21 16:00:00+00:00,0.00059438,0.00178236,
2020-11-22 00:00:00+00:00,0.00080363,0.00192912,
2020-11-22 08:00:00+00:00,0.00086985,0.00262739,
2020-11-22 16:00:00+00:00,0.00066537,0.00282927,
2020-11-23 00:00:00+00:00,0.00101151,0.0024164,
2020-11-23 08:00:00+00:00,0.00076207,0.00222938,
2020-11-23 16:00:00+00:00,0.00108391,0.00232583,
2020-11-24 00:00:00+00:00,0.00050801,0.0027572,
2020-11-24 08:00:00+00:00,0.00060366,0.0019319,
2020-11-24 16:00:00+00:00,0.00081176,0.00129769,
2020-11-25 00:00:00+00:00,0.00084235,0.0001,
2020-11-25 08:00:00+00:00,0.00038079,0.0001,
2020-11-25 16:00:00+00:00,0.00075292,0.00045913,
2020-11-26 00:00:00+00:00,0.00035414,0.00055854,
2020-11-26 08:00:00+00:00,0.0001313,0.00022801,
2020-11-26 16:00:00+00:00,0.00028796,0.00022962,
2020-11-27 00:00:00+00:00,0.00010773,0.00022486,
2020-11-27 08:00:00+00:00,0.0001,0.0001,
2020-11-27 16:00:00+00:00,0.0001,0.0001,
2020-11-28 00:00:00+00:00,0.0001,0.0001,
2020-11-28 08:00:00+00:00,0.0001,0.0001,
2020-11-28 16:00:00+00:00,0.0001,0.0001,
2020-11-29 00:00:00+00:00,0.0001,0.0001,
2020-11-29 08:00:00+00:00,0.0001,0.0001,
2020-11-29 16:00:00+00:00,0.0001,0.0001,
2020-11-30 00:00:00+00:00,0.0001,0.0001,
2020-11-30 08:00:00+00:00,0.0001,0.0001,
2020-11-30 16:00:00+00:00,0.00029481,-0.00013278,
2020-12-01 00:00:00+00:00,0.00045929,0.0001,
2020-12-01 08:00:00+00:00,0.00043287,0.00040728,
2020-12-01 16:00:00+00:00,0.00011546,0.00056768,
2020-12-02 00:00:00+00:00,0.0001,0.00035851,
2020-12-02 08:00:00+00:00,0.0001,0.0001,
2020-12-02 16:00:00+00:00,0.0001,0.0001,
2020-12-03 00:00:00+00:00,0.0001,0.0001,
2020-12-03 08:00:00+00:00,0.0001,0.0001,
2020-12-03 16:00:00+00:00,0.00025455,0.0001,
2020-12-04 00:00:00+00:00,0.00012703,0.0001092,
2020-12-04 08:00:00+00:00,0.0001,0.0001,
2020-12-04 16:00:00+00:00,0.0001,0.0001,
2020-12-05 00:00:00+00:00,0.0001,0.0001,
2020-12-05 08:00:00+00:00,0.0001,0.0001,
2020-12-05 16:00:00+00:00,0.0001,0.0001,
2020-12-06 00:00:00+00:00,0.0001,0.0001,
2020-12-06 08:00:00+00:00,0.0001,0.0001,
2020-12-06 16:00:00+00:00,0.0001,0.0001,
2020-12-07 00:00:00+00:00,0.0001,0.0001,
2020-12-07 08:00:00+00:00,0.0001,0.0001,
2020-12-07 16:00:00+00:00,0.0001,0.0001,
2020-12-08 00:00:00+00:00,0.0001,0.0001,
2020-12-08 08:00:00+00:00,0.0001,0.0001,
2020-12-08 16:00:00+00:00,0.0001,0.0001,
2020-12-09 00:00:00+00:00,0.0001,0.0001,
2020-12-09 08:00:00+00:00,0.0001,0.0001,
2020-12-09 16:00:00+00:00,0.0001,-0.0003188,
2020-12-10 00:00:00+00:00,0.0001,-0.00015843,
2020-12-10 08:00:00+00:00,0.0001,1.058e-05,
2020-12-10 16:00:00+00:00,0.0001,0.0001,
2020-12-11 00:00:00+00:00,0.0001,0.0001,
2020-12-11 08:00:00+00:00,0.0001,0.0001,
2020-12-11 16:00:00+00:00,0.0001,0.0001,
2020-12-12 00:00:00+00:00,0.0001,-5.515e-05,
2020-12-12 08:00:00+00:00,-2.135e-05,-0.00036203,
2020-12-12 16:00:00+00:00,4.314e-05,-0.00034931,
2020-12-13 00:00:00+00:00,0.0001,-0.00014002,
2020-12-13 08:00:00+00:00,0.0001,-0.00019058,
2020-12-13 16:00:00+00:00,0.0001,-0.00033651,
2020-12-14 00:00:00+00:00,0.0001,0.0001,
2020-12-14 08:00:00+00:00,0.0001,0.0001,
2020-12-14 16:00:00+00:00,0.0001,0.0001,
2020-12-15 00:00:00+00:00,0.0001,0.0001,
2020-12-15 08:00:00+00:00,0.0001,0.0001,
2020-12-15 16:00:00+00:00,0.0001,0.00017678,
2020-12-16 00:00:00+00:00,0.0001,0.0001,
2020-12-16 08:00:00+00:00,0.0001,0.0001,
2020-12-16 16:00:00+00:00,0.00046054,7.125e-05,
2020-12-17 00:00:00+00:00,0.0001,0.00022189,
2020-12-17 08:00:00+00:00,0.00021355,0.00015183,
2020-12-17 16:00:00+00:00,0.00054618,0.00078476,
2020-12-18 00:00:00+00:00,0.00028532,0.00119966,
2020-12-18 08:00:00+00:00,0.00053548,0.00062412,
2020-12-18 16:00:00+00:00,0.00045032,0.00034136,
2020-12-19 00:00:00+00:00,0.0001,0.00042794,
2020-12-19 08:00:00+00:00,0.00038032,0.0001,
2020-12-19 16:00:00+00:00,0.00070544,0.0003528,
2020-12-20 00:00:00+00:00,0.00078228,0.00065278,
2020-12-20 08:00:00+00:00,0.00037486,0.00127567,
2020-12-20 16:00:00+00:00,0.00038896,0.00046977,
2020-12-21 00:00:00+00:00,0.00041795,0.0001,
2020-12-21 08:00:00+00:00,0.00030249,0.00070532,
2020-12-21 16:00:00+00:00,0.00023741,0.00016424,
2020-12-22 00:00:00+00:00,0.0001,0.0001,
2020-12-22 08:00:00+00:00,0.0001,0.0001,
2020-12-22 16:00:00+00:00,0.00019956,0.0001,
2020-12-23 00:00:00+00:00,0.0001131,0.0001,
2020-12-23 08:00:00+00:00,0.0001,0.0001,
2020-12-23 16:00:00+00:00,0.00010214,0.0001,
2020-12-24 00:00:00+00:00,0.0001,0.0001,
2020-12-24 08:00:00+00:00,0.0001,0.0001,
2020-12-24 16:00:00+00:00,0.00027216,0.0001,
2020-12-25 00:00:00+00:00,0.00018528,0.0001,
2020-12-25 08:00:00+00:00,0.0001,0.0001,
2020-12-25 16:00:00+00:00,0.00034905,0.0001,
2020-12-26 00:00:00+00:00,0.0001,0.00028507,
2020-12-26 08:00:00+00:00,0.00016965,0.0001,
2020-12-26 16:00:00+00:00,0.0001,0.00021823,
2020-12-27 00:00:00+00:00,0.0001994,0.0002087,
2020-12-27 08:00:00+00:00,0.00025468,0.0009427,
2020-12-27 16:00:00+00:00,0.00071164,0.00153803,
2020-12-28 00:00:00+00:00,0.00043463,0.00216814,
2020-12-28 08:00:00+00:00,0.00036133,0.00100228,
2020-12-28 16:00:00+00:00,0.00071278,0.00072647,
2020-12-29 00:00:00+00:00,0.00037693,0.00079075,
2020-12-29 08:00:00+00:00,0.0004893,0.00093233,
2020-12-29 16:00:00+00:00,0.00039914,0.00067762,
2020-12-30 00:00:00+00:00,0.00048979,0.00020143,
2020-12-30 08:00:00+00:00,0.00076836,0.00028892,
2020-12-30 16:00:00+00:00,0.0006288,0.00072623,
2020-12-31 00:00:00+00:00,0.00053292,0.00082486,
2020-12-31 08:00:00+00:00,0.00060345,0.00100426,
2020-12-31 16:00:00+00:00,0.00036744,0.00107476,
2021-01-01 00:00:00+00:00,0.00022753,0.00034729,
2021-01-01 08:00:00+00:00,0.00026336,0.0001,
2021-01-01 16:00:00+00:00,0.00034457,0.0001,
2021-01-02 00:00:00+00:00,0.0001,0.0006425,
2021-01-02 08:00:00+00:00,0.00020151,0.00020649,
2021-01-02 16:00:00+00:00,0.00115471,0.0001,
2021-01-03 00:00:00+00:00,0.00124058,0.00073898,
2021-01-03 08:00:00+00:00,0.00114744,0.00178299,
2021-01-03 16:00:00+00:00,0.00155006,0.00189752,
2021-01-04 00:00:00+00:00,0.00164126,0.00214106,
2021-01-04 08:00:00+00:00,0.00236482,0.00162051,
2021-01-04 16:00:00+00:00,0.00056137,0.00162248,
2021-01-05 00:00:00+00:00,0.00088338,0.00058171,
2021-01-05 08:00:00+00:00,0.00047166,0.00042043,
2021-01-05 16:00:00+00:00,0.00062904,0.00060075,
2021-01-06 00:00:00+00:00,0.00127193,0.0001,
2021-01-06 08:00:00+00:00,0.00210008,0.00052376,
2021-01-06 16:00:00+00:00,0.00149253,0.00140312,
2021-01-07 00:00:00+00:00,0.00100316,0.00277443,
2021-01-07 08:00:00+00:00,0.00142744,0.00287009,
2021-01-07 16:00:00+00:00,0.00099841,0.00223631,
2021-01-08 00:00:00+00:00,0.00213517,0.00197821,
2021-01-08 08:00:00+00:00,0.00092044,0.00375,
2021-01-08 16:00:00+00:00,0.00131892,0.00094676,
2021-01-09 00:00:00+00:00,0.00062954,0.00106038,
2021-01-09 08:00:00+00:00,0.00066918,0.00151246,
2021-01-09 16:00:00+00:00,0.00146942,0.00174097,
2021-01-10 00:00:00+00:00,0.00145604,0.00192295,
2021-01-10 08:00:00+00:00,0.00120632,0.00175106,
2021-01-10 16:00:00+00:00,0.00052988,0.00194279,
2021-01-11 00:00:00+00:00,0.00086486,0.00127972,
2021-01-11 08:00:00+00:00,0.00081553,0.00072864,
2021-01-11 16:00:00+00:00,0.00053444,0.00067179,
2021-01-12 00:00:00+00:00,0.00033526,0.00037454,
2021-01-12 08:00:00+00:00,0.00050855,0.00010508,
2021-01-12 16:00:00+00:00,0.00054945,0.0001,
2021-01-13 00:00:00+00:00,0.00014768,0.00023274,
2021-01-13 08:00:00+00:00,0.0002259,0.0001,
2021-01-13 16:00:00+00:00,0.0007053,0.0001493,
2021-01-14 00:00:00+00:00,0.00078331,0.00038693,
2021-01-14 08:00:00+00:00,0.00072627,0.00093295,
2021-01-14 16:00:00+00:00,0.00068503,0.00053564,
2021-01-15 00:00:00+00:00,0.00055628,0.0005873,
2021-01-15 08:00:00+00:00,0.00064483,0.00095543,
2021-01-15 16:00:00+00:00,0.00118185,0.0009516,
2021-01-16 00:00:00+00:00,0.0001,0.00093019,
2021-01-16 08:00:00+00:00,0.00032573,0.0001,
2021-01-16 16:00:00+00:00,0.00068496,0.0001,
2021-01-17 00:00:00+00:00,0.00033109,0.00037026,
2021-01-17 08:00:00+00:00,0.00030276,0.0001,
2021-01-17 16:00:00+00:00,0.0001,0.00016663,
2021-01-18 00:00:00+00:00,0.00055375,0.0001,
2021-01-18 08:00:00+00:00,0.00049321,0.0001,
2021-01-18 16:00:00+00:00,0.0010355,0.0001,
2021-01-19 00:00:00+00:00,0.0006167,0.00042837,
2021-01-19 08:00:00+00:00,0.0014009,0.00084101,
2021-01-19 16:00:00+00:00,0.00158467,0.00178678,
2021-01-20 00:00:00+00:00,0.00088178,0.00263702,
2021-01-20 08:00:00+00:00,0.00017967,0.00201124,
2021-01-20 16:00:00+00:00,0.00016482,0.00110786,
2021-01-21 00:00:00+00:00,0.00042078,0.00016627,
2021-01-21 08:00:00+00:00,0.00048357,0.0001,
2021-01-21 16:00:00+00:00,0.00026589,0.0001,
2021-01-22 00:00:00+00:00,0.0001,0.0001,
2021-01-22 08:00:00+00:00,0.0001,0.00022298,
2021-01-22 16:00:00+00:00,0.0001,0.0001,
2021-01-23 00:00:00+00:00,0.0001,0.0001,
2021-01-23 08:00:00+00:00,0.00012182,0.0001,
2021-01-23 16:00:00+00:00,0.0001,0.0001,
2021-01-24 00:00:00+00:00,0.0001,0.0001,
2021-01-24 08:00:00+00:00,0.00014368,0.0001,
2021-01-24 16:00:00+00:00,0.00041388,0.0001,
2021-01-25 00:00:00+00:00,0.0001,0.00018398,
2021-01-25 08:00:00+00:00,0.00052253,0.0001,
2021-01-25 16:00:00+00:00,0.00042414,0.0001,
2021-01-26 00:00:00+00:00,0.00013506,0.0001,
2021-01-26 08:00:00+00:00,0.0001,0.00023613,
2021-01-26 16:00:00+00:00,0.0001,0.0001079,
2021-01-27 00:00:00+00:00,0.0001,0.0001,
2021-01-27 08:00:00+00:00,0.0001,0.0001,
2021-01-27 16:00:00+00:00,0.0001,0.0001,
2021-01-28 00:00:00+00:00,0.0001,0.0001,
2021-01-28 08:00:00+00:00,0.0001,0.00018158,
2021-01-28 16:00:00+00:00,0.00022262,0.0001,
2021-01-29 00:00:00+00:00,0.0001,0.0001,
2021-01-29 08:00:00+00:00,0.00064803,0.0001,
2021-01-29 16:00:00+00:00,0.00166789,0.0004581,
2021-01-30 00:00:00+00:00,0.00039208,0.00207394,
2021-01-30 08:00:00+00:00,0.000332,0.00130219,
2021-01-30 16:00:00+00:00,0.00052428,0.0002205,
2021-01-31 00:00:00+00:00,0.00054944,0.00019441,
2021-01-31 08:00:00+00:00,0.00046117,0.0001,
2021-01-31 16:00:00+00:00,0.00044234,0.00054286,
2021-02-01 00:00:00+00:00,0.00013932,0.0006782,
2021-02-01 08:00:00+00:00,0.00037561,0.00021546,
2021-02-01 16:00:00+00:00,0.00066848,0.0001,
2021-02-02 00:00:00+00:00,0.00036787,0.0005382,
2021-02-02 08:00:00+00:00,0.00044278,0.0001,
2021-02-02 16:00:00+00:00,0.00122181,0.0003948,
2021-02-03 00:00:00+00:00,0.00077297,0.00129771,
2021-02-03 08:00:00+00:00,0.00080805,0.00137997,
2021-02-03 16:00:00+00:00,0.00075287,0.00086188,
2021-02-04 00:00:00+00:00,0.00029063,0.00128416,
2021-02-04 08:00:00+00:00,0.00074286,0.0002646,
2021-02-04 16:00:00+00:00,0.00061936,0.00033167,
2021-02-05 00:00:00+00:00,0.00056635,0.0007077,
2021-02-05 08:00:00+00:00,0.00074838,0.00059338,
2021-02-05 16:00:00+00:00,0.00099154,0.00031875,
2021-02-06 00:00:00+00:00,0.00034782,0.00062038,
2021-02-06 08:00:00+00:00,0.00069827,0.00023711,
2021-02-06 16:00:00+00:00,0.00102371,0.0001,
2021-02-07 00:00:00+00:00,0.00155546,0.00017044,
2021-02-07 08:00:00+00:00,0.00065121,0.0018645,
2021-02-07 16:00:00+00:00,0.00106206,0.00142823,
2021-02-08 00:00:00+00:00,0.00059267,0.00144826,
2021-02-08 08:00:00+00:00,0.00057887,0.00110987,
2021-02-08 16:00:00+00:00,0.00248993,0.00070257,
2021-02-09 00:00:00+00:00,0.00131125,0.00176279,
2021-02-09 08:00:00+00:00,0.00186573,0.00209192,
2021-02-09 16:00:00+00:00,0.00161159,0.00309625,
2021-02-10 00:00:00+00:00,0.00124313,0.00316075,
2021-02-10 08:00:00+00:00,0.0017535,0.00219284,
2021-02-10 16:00:00+00:00,0.00112397,0.00201317,
2021-02-11 00:00:00+00:00,0.00076742,0.0028925,
2021-02-11 08:00:00+00:00,0.0008307,0.00221152,
2021-02-11 16:00:00+00:00,0.0017411,0.00141063,
2021-02-12 00:00:00+00:00,0.00128772,0.00137029,
2021-02-12 08:00:00+00:00,0.0012563,0.00178738,
2021-02-12 16:00:00+00:00,0.00105533,0.0019353,
2021-02-13 00:00:00+00:00,0.00139999,0.00218129,
2021-02-13 08:00:00+00:00,0.00141609,0.00149325,
2021-02-13 16:00:00+00:00,0.00075946,0.00159945,
2021-02-14 00:00:00+00:00,0.00085048,0.00141107,
2021-02-14 08:00:00+00:00,0.00146185,0.0010643,
2021-02-14 16:00:00+00:00,0.00149489,0.00115163,
2021-02-15 00:00:00+00:00,0.0011786,0.00209771,
2021-02-15 08:00:00+00:00,0.00040617,0.00244986,
2021-02-15 16:00:00+00:00,0.00068133,0.00233909,
2021-02-16 00:00:00+00:00,0.000996,0.00090023,
2021-02-16 08:00:00+00:00,0.00123546,0.0007027,
2021-02-16 16:00:00+00:00,0.00141818,0.00135985,
2021-02-17 00:00:00+00:00,0.00104066,0.00194208,
2021-02-17 08:00:00+00:00,0.00093436,0.00229574,
2021-02-17 16:00:00+00:00,0.00147112,0.00129746,
2021-02-18 00:00:00+00:00,0.00132249,0.00131429,
2021-02-18 08:00:00+00:00,0.00154303,0.00147656,
2021-02-18 16:00:00+00:00,0.00125842,0.00228927,
2021-02-19 00:00:00+00:00,0.00091255,0.00274162,
2021-02-19 08:00:00+00:00,0.00084526,0.00176185,
2021-02-19 16:00:00+00:00,0.00128791,0.00082548,
2021-02-20 00:00:00+00:00,0.00156318,0.00073241,
2021-02-20 08:00:00+00:00,0.00116465,0.00138076,
2021-02-20 16:00:00+00:00,0.00122535,0.00099503,
2021-02-21 00:00:00+00:00,0.00100357,0.00152636,
2021-02-21 08:00:00+00:00,0.00099022,0.00220261,
2021-02-21 16:00:00+00:00,0.0012582,0.00099991,
2021-02-22 00:00:00+00:00,0.00117049,0.00116442,
2021-02-22 08:00:00+00:00,0.00091782,0.00128626,
2021-02-22 16:00:00+00:00,0.00077864,0.00191879,
2021-02-23 00:00:00+00:00,0.00024947,0.00204157,
2021-02-23 08:00:00+00:00,0.0002962,0.00040759,
2021-02-23 16:00:00+00:00,0.00013281,0.00010078,
2021-02-24 00:00:00+00:00,0.0001,0.00012701,
2021-02-24 08:00:00+00:00,0.00051791,0.0001,
2021-02-24 16:00:00+00:00,0.00037289,0.0001,
2021-02-25 00:00:00+00:00,0.00017706,0.00022805,
2021-02-25 08:00:00+00:00,0.00018247,0.00031851,
2021-02-25 16:00:00+00:00,0.00034053,0.00020511,
2021-02-26 00:00:00+00:00,0.0001,0.00021516,
2021-02-26 08:00:00+00:00,0.0001,0.00064056,
2021-02-26 16:00:00+00:00,0.0001,0.00032398,
2021-02-27 00:00:00+00:00,0.00030164,0.0001,
2021-02-27 08:00:00+00:00,0.0004457,0.00042411,
2021-02-27 16:00:00+00:00,0.00010038,0.0001,
2021-02-28 00:00:00+00:00,0.0001,0.00012481,
2021-02-28 08:00:00+00:00,0.0001,0.00010053,
2021-02-28 16:00:00+00:00,0.00037706,0.0001972,
2021-03-01 00:00:00+00:00,0.00016921,0.00034122,
2021-03-01 08:00:00+00:00,0.0001,0.00012074,
2021-03-01 16:00:00+00:00,0.0001,0.0001,
2021-03-02 00:00:00+00:00,0.0001,0.0001,
2021-03-02 08:00:00+00:00,0.0001,0.0001,
2021-03-02 16:00:00+00:00,0.0001,0.00011317,
2021-03-03 00:00:00+00:00,0.0001,0.0001,
2021-03-03 08:00:00+00:00,0.0001,0.0001,
2021-03-03 16:00:00+00:00,0.00045078,0.0001,
2021-03-04 00:00:00+00:00,0.0001,0.0001,
2021-03-04 08:00:00+00:00,0.0001,0.00026277,
2021-03-04 16:00:00+00:00,0.0001,0.00050407,
2021-03-05 00:00:00+00:00,0.0001,0.00037494,
2021-03-05 08:00:00+00:00,0.0001,0.00034036,
2021-03-05 16:00:00+00:00,0.0001,0.00030382,
2021-03-06 00:00:00+00:00,0.0001,0.0001,
2021-03-06 08:00:00+00:00,0.0001,0.0001,
2021-03-06 16:00:00+00:00,0.0001,0.0001,
2021-03-07 00:00:00+00:00,0.0001,0.00057734,
2021-03-07 08:00:00+00:00,0.0001,0.0001,
2021-03-07 16:00:00+00:00,0.00017606,0.0001,
2021-03-08 00:00:00+00:00,0.0001,0.00025651,
2021-03-08 08:00:00+00:00,0.0001,0.00045688,
2021-03-08 16:00:00+00:00,0.00024757,0.00068732,
2021-03-09 00:00:00+00:00,0.00072419,0.0007559,
2021-03-09 08:00:00+00:00,0.00041976,0.00034799,
2021-03-09 16:00:00+00:00,0.00057038,0.0001,
2021-03-10 00:00:00+00:00,0.00024344,0.00066839,
2021-03-10 08:00:00+00:00,0.00048586,0.00098274,
2021-03-10 16:00:00+00:00,0.00056915,0.00156327,
2021-03-11 00:00:00+00:00,0.00095931,0.00088895,
2021-03-11 08:00:00+00:00,0.00099305,0.00071848,
2021-03-11 16:00:00+00:00,0.00085439,0.00121412,
2021-03-12 00:00:00+00:00,0.00102002,0.00154035,
2021-03-12 08:00:00+00:00,0.00067147,0.00104365,
2021-03-12 16:00:00+00:00,0.00051199,0.00119438,
2021-03-13 00:00:00+00:00,0.00047834,0.00126643,
2021-03-13 08:00:00+00:00,0.00060567,0.0001,
2021-03-13 16:00:00+00:00,0.00057114,0.0001,
2021-03-14 00:00:00+00:00,0.00081828,0.00079477,
2021-03-14 08:00:00+00:00,0.00084593,0.00160048,
2021-03-14 16:00:00+00:00,0.00115069,0.00219265,
2021-03-15 00:00:00+00:00,0.0008201,0.0024382,
2021-03-15 08:00:00+00:00,0.0010521,0.00139698,
2021-03-15 16:00:00+00:00,0.00015776,0.00238273,
2021-03-16 00:00:00+00:00,0.00022573,0.0013392,
2021-03-16 08:00:00+00:00,0.00035862,0.00070622,
2021-03-16 16:00:00+00:00,0.00040673,0.00017457,
2021-03-17 00:00:00+00:00,0.00035367,0.0001,
2021-03-17 08:00:00+00:00,0.00019234,0.00010514,
2021-03-17 16:00:00+00:00,0.00024575,0.00048954,
2021-03-18 00:00:00+00:00,0.00030265,0.00014106,
2021-03-18 08:00:00+00:00,0.00029259,0.0001,
2021-03-18 16:00:00+00:00,0.00032547,0.0001423,
2021-03-19 00:00:00+00:00,0.00032006,0.00053701,
2021-03-19 08:00:00+00:00,0.00012887,0.00039537,
2021-03-19 16:00:00+00:00,0.0003326,0.00025119,
2021-03-20 00:00:00+00:00,0.0004928,0.00013086,
2021-03-20 08:00:00+00:00,0.00044452,0.00011865,
2021-03-20 16:00:00+00:00,0.00048936,0.00033519,
2021-03-21 00:00:00+00:00,0.00031366,0.000499,
2021-03-21 08:00:00+00:00,0.00042375,0.00090928,
2021-03-21 16:00:00+00:00,0.0001,0.00148149,
2021-03-22 00:00:00+00:00,0.00051919,0.00093116,
2021-03-22 08:00:00+00:00,0.00045562,0.00022791,
2021-03-22 16:00:00+00:00,0.00048977,0.00014209,
2021-03-23 00:00:00+00:00,0.0002421,0.00079745,
2021-03-23 08:00:00+00:00,0.00026619,0.00105611,
2021-03-23 16:00:00+00:00,0.00042245,0.00043461,
2021-03-24 00:00:00+00:00,0.00053454,0.0001,
2021-03-24 08:00:00+00:00,0.00016567,0.00012763,
2021-03-24 16:00:00+00:00,0.00026422,0.00048855,
2021-03-25 00:00:00+00:00,0.00011828,0.0001,
2021-03-25 08:00:00+00:00,0.0001,0.00020051,
2021-03-25 16:00:00+00:00,0.0001,0.00011529,
2021-03-26 00:00:00+00:00,0.00016,0.0001,
2021-03-26 08:00:00+00:00,0.0001,0.0001,
2021-03-26 16:00:00+00:00,0.0001,0.0001,
2021-03-27 00:00:00+00:00,0.0001,0.0001,
2021-03-27 08:00:00+00:00,0.0001,8.931e-05,
2021-03-27 16:00:00+00:00,0.0001,0.0001,
2021-03-28 00:00:00+00:00,0.0001,0.0001,
2021-03-28 08:00:00+00:00,0.0001,0.0001,
2021-03-28 16:00:00+00:00,0.0001,0.0001,
2021-03-29 00:00:00+00:00,0.0001,0.0001,
2021-03-29 08:00:00+00:00,0.0001,0.0001,
2021-03-29 16:00:00+00:00,0.00018171,0.00012422,
2021-03-30 00:00:00+00:00,0.00032026,0.0001,
2021-03-30 08:00:00+00:00,0.00027258,0.00076013,
2021-03-30 16:00:00+00:00,0.00083501,0.00145824,
2021-03-31 00:00:00+00:00,0.00080754,0.0013266,
2021-03-31 08:00:00+00:00,0.00070889,0.00129068,
2021-03-31 16:00:00+00:00,0.00058414,0.00113188,
2021-04-01 00:00:00+00:00,0.00109277,0.00085359,
2021-04-01 08:00:00+00:00,0.00095247,0.00134013,
2021-04-01 16:00:00+00:00,0.00051932,0.00151269,
2021-04-02 00:00:00+00:00,0.00071058,0.00101484,
2021-04-02 08:00:00+00:00,0.00106221,0.00058291,
2021-04-02 16:00:00+00:00,0.0010197,0.00122281,
2021-04-03 00:00:00+00:00,0.00063267,0.00220331,
2021-04-03 08:00:00+00:00,0.00107843,0.00231996,
2021-04-03 16:00:00+00:00,0.00101313,0.00110637,
2021-04-04 00:00:00+00:00,0.0005209,0.00118324,
2021-04-04 08:00:00+00:00,0.00048495,0.00130809,
2021-04-04 16:00:00+00:00,0.00026521,0.00125808,
2021-04-05 00:00:00+00:00,0.00039464,0.0001,
2021-04-05 08:00:00+00:00,0.00043217,0.0001,
2021-04-05 16:00:00+00:00,0.00037409,0.00121909,
2021-04-06 00:00:00+00:00,0.00097189,0.00060209,
2021-04-06 08:00:00+00:00,0.00057776,0.00035352,
2021-04-06 16:00:00+00:00,0.00083736,0.00098493,
2021-04-07 00:00:00+00:00,0.00057609,0.00190543,
2021-04-07 08:00:00+00:00,0.00053749,0.00132814,
2021-04-07 16:00:00+00:00,0.0005366,0.00088002,
2021-04-08 00:00:00+00:00,0.00040784,0.00094684,
2021-04-08 08:00:00+00:00,0.00024943,0.000244,
2021-04-08 16:00:00+00:00,0.00026225,0.0001,
2021-04-09 00:00:00+00:00,0.00019611,0.0001,
2021-04-09 08:00:00+00:00,0.00026301,0.0001,
2021-04-09 16:00:00+00:00,0.00021785,0.0001,
2021-04-10 00:00:00+00:00,0.00012959,0.0001,
2021-04-10 08:00:00+00:00,0.00148624,0.0001,
2021-04-10 16:00:00+00:00,0.00119652,0.00024632,
2021-04-11 00:00:00+00:00,0.00086735,0.00130924,
2021-04-11 08:00:00+00:00,0.00099427,0.0015018,
2021-04-11 16:00:00+00:00,0.00105998,0.00082597,
2021-04-12 00:00:00+00:00,0.00093793,0.00121195,
2021-04-12 08:00:00+00:00,0.00106358,0.00138785,
2021-04-12 16:00:00+00:00,0.00094343,0.00075963,
2021-04-13 00:00:00+00:00,0.00084072,0.00133181,
2021-04-13 08:00:00+00:00,0.00089928,0.00129501,
2021-04-13 16:00:00+00:00,0.0012267,0.00070132,
2021-04-14 00:00:00+00:00,0.00090508,0.00084073,
2021-04-14 08:00:00+00:00,0.00108567,0.00092534,
2021-04-14 16:00:00+00:00,0.00104786,0.00130419,
2021-04-15 00:00:00+00:00,0.00076335,0.00240831,
2021-04-15 08:00:00+00:00,0.00082082,0.00215008,
2021-04-15 16:00:00+00:00,0.00110324,0.00086139,
2021-04-16 00:00:00+00:00,0.00109647,0.00104972,
2021-04-16 08:00:00+00:00,0.00120022,0.00130503,
2021-04-16 16:00:00+00:00,0.00115519,0.00229683,
2021-04-17 00:00:00+00:00,0.00054906,0.00316833,
2021-04-17 08:00:00+00:00,0.00054007,0.00094958,
2021-04-17 16:00:00+00:00,0.00087572,0.00024824,
2021-04-18 00:00:00+00:00,0.00081624,0.00148701,
2021-04-18 08:00:00+00:00,0.00058448,0.00212858,
2021-04-18 16:00:00+00:00,0.0001,0.00134703,
2021-04-19 00:00:00+00:00,0.0001,0.0001,
2021-04-19 08:00:00+00:00,0.0001,0.0001,
2021-04-19 16:00:00+00:00,0.0001,4.12e-05,
2021-04-20 00:00:00+00:00,0.0001,0.0001,
2021-04-20 08:00:00+00:00,0.0001,0.0001,
2021-04-20 16:00:00+00:00,0.0001,0.0001,
2021-04-21 00:00:00+00:00,0.0001,0.0001,
2021-04-21 08:00:00+00:00,0.0001,0.0001,
2021-04-21 16:00:00+00:00,0.0001,0.0001,
2021-04-22 00:00:00+00:00,0.0001,0.0001,
2021-04-22 08:00:00+00:00,0.0001,0.0001,
2021-04-22 16:00:00+00:00,0.0001,0.0001,
2021-04-23 00:00:00+00:00,0.0001,0.0001,
2021-04-23 08:00:00+00:00,0.00047618,0.00042056,
2021-04-23 16:00:00+00:00,0.0001,0.00071194,
2021-04-24 00:00:00+00:00,0.0001,0.0001,
2021-04-24 08:00:00+00:00,0.00027672,0.0001,
2021-04-24 16:00:00+00:00,0.0001676,0.0001,
2021-04-25 00:00:00+00:00,0.000217,0.0001,
2021-04-25 08:00:00+00:00,0.00038558,0.0001,
2021-04-25 16:00:00+00:00,0.0001,0.00026759,
2021-04-26 00:00:00+00:00,0.0001,0.0001,
2021-04-26 08:00:00+00:00,0.0001,0.0001,
2021-04-26 16:00:00+00:00,0.0001,-1.175e-05,
2021-04-27 00:00:00+00:00,0.0001,-0.00016641,
2021-04-27 08:00:00+00:00,0.0001,0.0001,
2021-04-27 16:00:00+00:00,0.0001,0.0001,
2021-04-28 00:00:00+00:00,0.0001,0.0001,
2021-04-28 08:00:00+00:00,0.0001,7.971e-05,
2021-04-28 16:00:00+00:00,0.0001,0.0001,
2021-04-29 00:00:00+00:00,0.0001,0.0001,
2021-04-29 08:00:00+00:00,0.0001,0.0001,
2021-04-29 16:00:00+00:00,0.0001,0.0001,
2021-04-30 00:00:00+00:00,0.0001,0.00045221,
2021-04-30 08:00:00+00:00,0.0001,0.00028751,
2021-04-30 16:00:00+00:00,0.0001,0.0001,
2021-05-01 00:00:00+00:00,0.00011209,0.0001,
2021-05-01 08:00:00+00:00,0.0001,0.0001,
2021-05-01 16:00:00+00:00,0.00032496,0.0001,
2021-05-02 00:00:00+00:00,0.00015819,0.00049913,
2021-05-02 08:00:00+00:00,0.00045285,0.00050068,
2021-05-02 16:00:00+00:00,0.00045283,0.00067149,
2021-05-03 00:00:00+00:00,0.00040313,0.00047935,
2021-05-03 08:00:00+00:00,0.00036188,0.00035011,
2021-05-03 16:00:00+00:00,0.00067307,0.00011935,
2021-05-04 00:00:00+00:00,0.00050959,0.00060556,
2021-05-04 08:00:00+00:00,0.00012186,0.00085321,
2021-05-04 16:00:00+00:00,0.00066426,0.00030831,
2021-05-05 00:00:00+00:00,0.00044701,0.00071057,
2021-05-05 08:00:00+00:00,0.00042458,0.000497,
2021-05-05 16:00:00+00:00,0.00011734,0.0005226,
2021-05-06 00:00:00+00:00,0.00076121,0.0001,
2021-05-06 08:00:00+00:00,0.00059968,0.00022172,
2021-05-06 16:00:00+00:00,0.0009352,0.00073245,
2021-05-07 00:00:00+00:00,0.00044645,0.00112562,
2021-05-07 08:00:00+00:00,0.00053313,0.00083697,
2021-05-07 16:00:00+00:00,0.00017144,0.00023332,
2021-05-08 00:00:00+00:00,0.0005937,0.0001,
2021-05-08 08:00:00+00:00,0.00046279,0.00067305,
2021-05-08 16:00:00+00:00,0.00046426,0.00064811,
2021-05-09 00:00:00+00:00,0.00048942,0.00061293,
2021-05-09 08:00:00+00:00,0.00043845,0.00022064,
2021-05-09 16:00:00+00:00,0.00063864,0.00039962,
2021-05-10 00:00:00+00:00,0.00033531,0.00094243,
2021-05-10 08:00:00+00:00,0.00090258,0.00032855,
2021-05-10 16:00:00+00:00,0.00098653,0.00021739,
2021-05-11 00:00:00+00:00,0.00039557,0.00147131,
2021-05-11 08:00:00+00:00,0.00050874,0.00135404,
2021-05-11 16:00:00+00:00,0.00025625,0.00010071,
2021-05-12 00:00:00+00:00,0.00016659,0.00036738,
2021-05-12 08:00:00+00:00,0.00033736,0.0001,
2021-05-12 16:00:00+00:00,0.00039761,0.0001,
2021-05-13 00:00:00+00:00,0.00011638,0.00069602,
2021-05-13 08:00:00+00:00,0.0001,0.00079036,
2021-05-13 16:00:00+00:00,0.00022863,0.0001,
2021-05-14 00:00:00+00:00,0.0004004,0.00034033,
2021-05-14 08:00:00+00:00,0.00035219,0.00041951,
2021-05-14 16:00:00+00:00,0.00015069,0.00061105,
2021-05-15 00:00:00+00:00,0.0001,0.00027201,
2021-05-15 08:00:00+00:00,0.00010123,0.00024585,
2021-05-15 16:00:00+00:00,0.00020153,0.00029638,
2021-05-16 00:00:00+00:00,0.00040248,0.0001,
2021-05-16 08:00:00+00:00,0.00016682,0.00042417,
2021-05-16 16:00:00+00:00,0.00036196,0.00013743,
2021-05-17 00:00:00+00:00,0.0001,0.00037531,
2021-05-17 08:00:00+00:00,0.00063989,0.00037221,
2021-05-17 16:00:00+00:00,0.00059294,0.00040139,
2021-05-18 00:00:00+00:00,0.00054643,0.00020039,
2021-05-18 08:00:00+00:00,0.00014723,0.00019122,
2021-05-18 16:00:00+00:00,0.00021809,0.0001,
2021-05-19 00:00:00+00:00,0.0001,0.00027203,
2021-05-19 08:00:00+00:00,0.00035813,0.00053728,
2021-05-19 16:00:00+00:00,-0.00089697,0.00023685,
2021-05-20 00:00:00+00:00,0.0001,-0.00214698,
2021-05-20 08:00:00+00:00,0.0001,0.0001,
2021-05-20 16:00:00+00:00,0.0001,0.0001,
2021-05-21 00:00:00+00:00,0.0001,0.0001,
2021-05-21 08:00:00+00:00,-1.001e-05,0.0001,
2021-05-21 16:00:00+00:00,7.546e-05,0.0001,
2021-05-22 00:00:00+00:00,-0.00024448,5.642e-05,
2021-05-22 08:00:00+00:00,0.0001,0.0001,
2021-05-22 16:00:00+00:00,0.0001,0.0001,
2021-05-23 00:00:00+00:00,-5.011e-05,0.0001,
2021-05-23 08:00:00+00:00,-1.059e-05,0.0001,
2021-05-23 16:00:00+00:00,4.696e-05,0.0001,
2021-05-24 00:00:00+00:00,-8.534e-05,0.0001,
2021-05-24 08:00:00+00:00,-9.905e-05,0.0001,
2021-05-24 16:00:00+00:00,2.089e-05,-0.00017184,
2021-05-25 00:00:00+00:00,0.0001,9.298e-05,
2021-05-25 08:00:00+00:00,0.0001,0.0001,
2021-05-25 16:00:00+00:00,0.0001,0.0001,
2021-05-26 00:00:00+00:00,0.0001,0.0001,
2021-05-26 08:00:00+00:00,0.0001,0.0001,
2021-05-26 16:00:00+00:00,0.0001,0.0001,
2021-05-27 00:00:00+00:00,0.0001,0.000128,
2021-05-27 08:00:00+00:00,0.0001,0.0001,
2021-05-27 16:00:00+00:00,0.0001,0.0001,
2021-05-28 00:00:00+00:00,0.0001,-0.00028991,
2021-05-28 08:00:00+00:00,0.0001,0.0001,
2021-05-28 16:00:00+00:00,0.0001,0.0001,
2021-05-29 00:00:00+00:00,0.0001,0.0001,
2021-05-29 08:00:00+00:00,0.0001,0.0001,
2021-05-29 16:00:00+00:00,0.00010375,0.0001,
2021-05-30 00:00:00+00:00,0.0001,0.0001,
2021-05-30 08:00:00+00:00,0.0001,0.0001,
2021-05-30 16:00:00+00:00,0.0001,0.0001,
2021-05-31 00:00:00+00:00,0.0001,-3.493e-05,
2021-05-31 08:00:00+00:00,0.0001,0.0001,
2021-05-31 16:00:00+00:00,0.0001,0.0001,
2021-06-01 00:00:00+00:00,0.0001,-0.00058967,
2021-06-01 08:00:00+00:00,0.0001,-0.00074536,
2021-06-01 16:00:00+00:00,0.0001,0.0001,
2021-06-02 00:00:00+00:00,0.0001,0.0001,
2021-06-02 08:00:00+00:00,0.0001,0.0001,
2021-06-02 16:00:00+00:00,0.0001,0.0001,
2021-06-03 00:00:00+00:00,0.0001,0.0001,
2021-06-03 08:00:00+00:00,0.0001,9.444e-05,
2021-06-03 16:00:00+00:00,0.0001,0.0001,
2021-06-04 00:00:00+00:00,0.0001,0.0001,
2021-06-04 08:00:00+00:00,0.00020566,0.0001,
2021-06-04 16:00:00+00:00,0.0001,0.00031586,
2021-06-05 00:00:00+00:00,0.0001,0.0001,
2021-06-05 08:00:00+00:00,0.0001,0.0001,
2021-06-05 16:00:00+00:00,0.0001,-9.007e-05,
2021-06-06 00:00:00+00:00,0.0001,0.0001,
2021-06-06 08:00:00+00:00,0.0001,0.0001,
2021-06-06 16:00:00+00:00,0.0001,0.0001,
2021-06-07 00:00:00+00:00,0.0001,0.0001,
2021-06-07 08:00:00+00:00,0.0001,0.0001,
2021-06-07 16:00:00+00:00,0.0001,9.052e-05,
2021-06-08 00:00:00+00:00,0.0001,0.0001,
2021-06-08 08:00:00+00:00,1.015e-05,0.0001,
2021-06-08 16:00:00+00:00,0.0001,-0.0002769,
2021-06-09 00:00:00+00:00,0.0001,-0.00027666,
2021-06-09 08:00:00+00:00,-5.397e-05,-0.00051037,
2021-06-09 16:00:00+00:00,-0.00014842,-0.00080356,
2021-06-10 00:00:00+00:00,-0.00016793,-0.00139131,
2021-06-10 08:00:00+00:00,6.027e-05,0.0001,
2021-06-10 16:00:00+00:00,0.0001,0.0001,
2021-06-11 00:00:00+00:00,0.0001,0.0001,
2021-06-11 08:00:00+00:00,2.612e-05,0.0001,
2021-06-11 16:00:00+00:00,4.776e-05,0.0001,
2021-06-12 00:00:00+00:00,-7.78e-05,0.0001,
2021-06-12 08:00:00+00:00,0.0001,6.85e-05,
2021-06-12 16:00:00+00:00,-8.14e-06,0.0001,
2021-06-13 00:00:00+00:00,9.64e-05,0.0001,
2021-06-13 08:00:00+00:00,2.852e-05,-0.00018028,
2021-06-13 16:00:00+00:00,-6.559e-05,-9.35e-06,
2021-06-14 00:00:00+00:00,0.0001,-0.0004321,
2021-06-14 08:00:00+00:00,0.0001,0.0001,
2021-06-14 16:00:00+00:00,-3.144e-05,0.0001,
2021-06-15 00:00:00+00:00,8.002e-05,0.0001,
2021-06-15 08:00:00+00:00,0.0001,0.0001,
2021-06-15 16:00:00+00:00,0.0001,0.0001,
2021-06-16 00:00:00+00:00,0.0001,0.0001,
2021-06-16 08:00:00+00:00,0.0001,0.0001,
2021-06-16 16:00:00+00:00,0.0001,6.654e-05,
2021-06-17 00:00:00+00:00,0.0001,0.0001,
2021-06-17 08:00:00+00:00,0.0001,0.0001,
2021-06-17 16:00:00+00:00,0.0001,0.0001,
2021-06-18 00:00:00+00:00,5.342e-05,0.0001,
2021-06-18 08:00:00+00:00,3.45e-06,0.0001,
2021-06-18 16:00:00+00:00,0.0001,0.0001,
2021-06-19 00:00:00+00:00,-5.205e-05,0.0001,
2021-06-19 08:00:00+00:00,-9.441e-05,0.0001,
2021-06-19 16:00:00+00:00,7.475e-05,0.0001,
2021-06-20 00:00:00+00:00,0.0001,-9.787e-05,
2021-06-20 08:00:00+00:00,0.0001,0.0001,
2021-06-20 16:00:00+00:00,-0.00018437,0.0001,
2021-06-21 00:00:00+00:00,-1.617e-05,0.0001,
2021-06-21 08:00:00+00:00,0.0001,0.0001,
2021-06-21 16:00:00+00:00,-0.00019854,0.0001,
2021-06-22 00:00:00+00:00,7.947e-05,7.007e-05,
2021-06-22 08:00:00+00:00,0.0001,0.0001,
2021-06-22 16:00:00+00:00,-0.00032806,8.113e-05,
2021-06-23 00:00:00+00:00,6.7e-07,-3.456e-05,
2021-06-23 08:00:00+00:00,-0.00013693,-0.00045261,
2021-06-23 16:00:00+00:00,-0.00019895,-3.63e-05,
2021-06-24 00:00:00+00:00,-7.785e-05,6.343e-05,
2021-06-24 08:00:00+00:00,0.0001,0.0001,
2021-06-24 16:00:00+00:00,-0.00018863,0.0001,
2021-06-25 00:00:00+00:00,2.372e-05,-0.00037301,
2021-06-25 08:00:00+00:00,0.0001,-0.00031365,
2021-06-25 16:00:00+00:00,0.0001,0.0001,
2021-06-26 00:00:00+00:00,-0.00011029,0.0001,
2021-06-26 08:00:00+00:00,-0.00013121,0.0001,
2021-06-26 16:00:00+00:00,-0.00010371,0.0001,
2021-06-27 00:00:00+00:00,-0.00023578,-0.00029066,
2021-06-27 08:00:00+00:00,-0.00052905,4.562e-05,
2021-06-27 16:00:00+00:00,-0.00026102,-0.00066906,
2021-06-28 00:00:00+00:00,-2.914e-05,-0.00075042,
2021-06-28 08:00:00+00:00,3.312e-05,-0.00022276,
2021-06-28 16:00:00+00:00,0.0001,-0.00010951,
2021-06-29 00:00:00+00:00,8.346e-05,0.0001,
2021-06-29 08:00:00+00:00,0.0001,0.0001,
2021-06-29 16:00:00+00:00,3.883e-05,0.0001,
2021-06-30 00:00:00+00:00,0.0001,-5.206e-05,
2021-06-30 08:00:00+00:00,0.0001,0.0001,
2021-06-30 16:00:00+00:00,0.0001,0.0001,
2021-07-01 00:00:00+00:00,0.0001,0.0001,
2021-07-01 08:00:00+00:00,0.0001,0.0001,
2021-07-01 16:00:00+00:00,0.0001,0.0001,
2021-07-02 00:00:00+00:00,8.304e-05,-9.475e-05,
2021-07-02 08:00:00+00:00,0.0001,-3.695e-05,
2021-07-02 16:00:00+00:00,-0.00012187,5.762e-05,
2021-07-03 00:00:00+00:00,-4.866e-05,0.0001,
2021-07-03 08:00:00+00:00,-0.0001355,5.019e-05,
2021-07-03 16:00:00+00:00,3.53e-05,0.0001,
2021-07-04 00:00:00+00:00,3.235e-05,0.0001,
2021-07-04 08:00:00+00:00,-0.0001527,-9.018e-05,
2021-07-04 16:00:00+00:00,4.428e-05,-0.00046632,
2021-07-05 00:00:00+00:00,0.0001,-2.558e-05,
2021-07-05 08:00:00+00:00,0.0001,8.952e-05,
2021-07-05 16:00:00+00:00,-0.0001044,0.0001,
2021-07-06 00:00:00+00:00,-6.81e-06,0.0001,
2021-07-06 08:00:00+00:00,-0.0001114,-5.41e-06,
2021-07-06 16:00:00+00:00,-8.213e-05,2.487e-05,
2021-07-07 00:00:00+00:00,-0.00013362,-2.917e-05,
2021-07-07 08:00:00+00:00,0.0001,8.648e-05,
2021-07-07 16:00:00+00:00,0.0001,-0.00011344,
2021-07-08 00:00:00+00:00,1.382e-05,-0.0001164,
2021-07-08 08:00:00+00:00,-6.403e-05,0.0001,
2021-07-08 16:00:00+00:00,-0.0002808,0.0001,
2021-07-09 00:00:00+00:00,-0.00010885,-1.437e-05,
2021-07-09 08:00:00+00:00,-0.00017364,7.536e-05,
2021-07-09 16:00:00+00:00,-0.00018845,-0.0001894,
2021-07-10 00:00:00+00:00,-8.1e-07,-0.00020288,
2021-07-10 08:00:00+00:00,7.847e-05,-4.231e-05,
2021-07-10 16:00:00+00:00,7.2e-07,0.0001,
2021-07-11 00:00:00+00:00,7.785e-05,8.293e-05,
2021-07-11 08:00:00+00:00,0.0001,-1.735e-05,
2021-07-11 16:00:00+00:00,-3.373e-05,0.0001,
2021-07-12 00:00:00+00:00,8.851e-05,-0.00019657,
2021-07-12 08:00:00+00:00,3.463e-05,-0.00063439,
2021-07-12 16:00:00+00:00,0.0001,-0.00031673,
2021-07-13 00:00:00+00:00,0.0001,0.0001,
2021-07-13 08:00:00+00:00,0.0001,0.00024897,
2021-07-13 16:00:00+00:00,5.2e-07,0.0001,
2021-07-14 00:00:00+00:00,0.0001,0.0001,
2021-07-14 08:00:00+00:00,1.317e-05,0.0001,
2021-07-14 16:00:00+00:00,-0.00011753,0.0001,
2021-07-15 00:00:00+00:00,-4.883e-05,9.428e-05,
2021-07-15 08:00:00+00:00,0.0001,-4.052e-05,
2021-07-15 16:00:00+00:00,1.576e-05,0.0001,
2021-07-16 00:00:00+00:00,-0.00011529,0.0001,
2021-07-16 08:00:00+00:00,6.105e-05,0.0001,
2021-07-16 16:00:00+00:00,1.073e-05,0.0001,
2021-07-17 00:00:00+00:00,0.0001,0.0001,
2021-07-17 08:00:00+00:00,-4.343e-05,2.123e-05,
2021-07-17 16:00:00+00:00,2.365e-05,0.0001,
2021-07-18 00:00:00+00:00,0.0001,0.0001,
2021-07-18 08:00:00+00:00,0.0001,0.0001,
2021-07-18 16:00:00+00:00,-4.434e-05,0.0001,
2021-07-19 00:00:00+00:00,-7.51e-05,0.0001,
2021-07-19 08:00:00+00:00,3.183e-05,0.0001,
2021-07-19 16:00:00+00:00,-1.23e-05,-3.985e-05,
2021-07-20 00:00:00+00:00,-0.00015687,0.0001,
2021-07-20 08:00:00+00:00,-0.00012569,0.0001,
2021-07-20 16:00:00+00:00,-0.00018939,0.0001,
2021-07-21 00:00:00+00:00,-0.00022869,-0.00017541,
2021-07-21 08:00:00+00:00,-0.00039139,5.993e-05,
2021-07-21 16:00:00+00:00,-0.00032314,-0.00033553,
2021-07-22 00:00:00+00:00,-0.00016261,-6.916e-05,
2021-07-22 08:00:00+00:00,1.362e-05,-0.00010701,
2021-07-22 16:00:00+00:00,1.374e-05,-0.00035493,
2021-07-23 00:00:00+00:00,3.44e-06,-0.0002891,
2021-07-23 08:00:00+00:00,-0.00016985,-0.0001221,
2021-07-23 16:00:00+00:00,-9.9e-06,-0.00052079,
2021-07-24 00:00:00+00:00,-7.246e-05,-3.931e-05,
2021-07-24 08:00:00+00:00,-0.00013379,-0.00013545,
2021-07-24 16:00:00+00:00,-0.00010603,-0.00039369,
2021-07-25 00:00:00+00:00,-0.00025685,-0.00052115,
2021-07-25 08:00:00+00:00,-0.00021708,-0.00083837,
2021-07-25 16:00:00+00:00,-5.198e-05,-0.00104019,
2021-07-26 00:00:00+00:00,-0.00054841,-0.00045135,
2021-07-26 08:00:00+00:00,0.0001,-0.00063889,
2021-07-26 16:00:00+00:00,0.0001,0.00010439,
2021-07-27 00:00:00+00:00,0.0001,0.0001,
2021-07-27 08:00:00+00:00,0.0001,0.0001,
2021-07-27 16:00:00+00:00,-2.248e-05,0.0001,
2021-07-28 00:00:00+00:00,-2.037e-05,0.0001,
2021-07-28 08:00:00+00:00,0.0001,4.671e-05,
2021-07-28 16:00:00+00:00,0.0001,0.0001,
2021-07-29 00:00:00+00:00,1.493e-05,0.0001,
2021-07-29 08:00:00+00:00,8.276e-05,0.0001,
2021-07-29 16:00:00+00:00,0.0001,9.118e-05,
2021-07-30 00:00:00+00:00,0.0001,0.0001,
2021-07-30 08:00:00+00:00,0.0001,0.0001,
2021-07-30 16:00:00+00:00,-2.377e-05,0.0001,
2021-07-31 00:00:00+00:00,0.0001,0.0001,
2021-07-31 08:00:00+00:00,0.0001,0.0001,
2021-07-31 16:00:00+00:00,0.0001,0.0001,
2021-08-01 00:00:00+00:00,0.0001,0.0001,
2021-08-01 08:00:00+00:00,0.0001,0.0001,
2021-08-01 16:00:00+00:00,0.0001,0.0001,
2021-08-02 00:00:00+00:00,0.0001,0.0001,
2021-08-02 08:00:00+00:00,0.0001,0.0001,
2021-08-02 16:00:00+00:00,0.0001,0.0001,
2021-08-03 00:00:00+00:00,0.0001,0.0001,
2021-08-03 08:00:00+00:00,0.0001,0.0001,
2021-08-03 16:00:00+00:00,0.0001,0.0001,
2021-08-04 00:00:00+00:00,0.0001,0.0001,
2021-08-04 08:00:00+00:00,0.0001,0.0001,
2021-08-04 16:00:00+00:00,1.272e-05,0.0001,
2021-08-05 00:00:00+00:00,0.0001,0.0001,
2021-08-05 08:00:00+00:00,0.0001,-7.755e-05,
2021-08-05 16:00:00+00:00,0.0001,0.0001,
2021-08-06 00:00:00+00:00,0.0001,0.0001,
2021-08-06 08:00:00+00:00,0.0001,0.0001,
2021-08-06 16:00:00+00:00,0.0001,0.0001,
2021-08-07 00:00:00+00:00,0.0001,0.0001,
2021-08-07 08:00:00+00:00,0.0001,0.0001,
2021-08-07 16:00:00+00:00,0.0001,5.418e-05,
2021-08-08 00:00:00+00:00,0.0001,0.0001,
2021-08-08 08:00:00+00:00,0.0001,0.0001,
2021-08-08 16:00:00+00:00,0.0001,0.0001,
2021-08-09 00:00:00+00:00,0.0001,0.0001,
2021-08-09 08:00:00+00:00,0.0001,0.0001,
2021-08-09 16:00:00+00:00,0.0001,0.0001,
2021-08-10 00:00:00+00:00,0.0001,0.0001,
2021-08-10 08:00:00+00:00,0.0001,0.0001,
2021-08-10 16:00:00+00:00,0.0001,0.0001,
2021-08-11 00:00:00+00:00,0.0001,0.00011678,
2021-08-11 08:00:00+00:00,0.0001,0.0001,
2021-08-11 16:00:00+00:00,0.0001,0.0001,
2021-08-12 00:00:00+00:00,0.0001,0.0001,
2021-08-12 08:00:00+00:00,0.0001,0.0001,
2021-08-12 16:00:00+00:00,0.0001,0.0001,
2021-08-13 00:00:00+00:00,0.0001,0.0001,
2021-08-13 08:00:00+00:00,0.0001,0.0002463,
2021-08-13 16:00:00+00:00,0.0001,0.0001,
2021-08-14 00:00:00+00:00,0.0001,-1.027e-05,
2021-08-14 08:00:00+00:00,0.0001,0.0001,
2021-08-14 16:00:00+00:00,0.0001,0.0001,
2021-08-15 00:00:00+00:00,0.0001,0.00012532,
2021-08-15 08:00:00+00:00,0.0001,0.0001,
2021-08-15 16:00:00+00:00,0.0001,0.0001,
2021-08-16 00:00:00+00:00,0.0001,0.0003562,
2021-08-16 08:00:00+00:00,0.0001,0.00020857,
2021-08-16 16:00:00+00:00,0.00013924,0.0001,
2021-08-17 00:00:00+00:00,0.0001,0.0001,
2021-08-17 08:00:00+00:00,0.0001,0.00029516,
2021-08-17 16:00:00+00:00,0.0001,0.00010737,
2021-08-18 00:00:00+00:00,0.0001,0.0001,
2021-08-18 08:00:00+00:00,0.0001,0.00032726,
2021-08-18 16:00:00+00:00,0.0001,0.00034051,
2021-08-19 00:00:00+00:00,0.0001,0.0001,
2021-08-19 08:00:00+00:00,0.0001,0.0001,
2021-08-19 16:00:00+00:00,0.0001,0.00021109,
2021-08-20 00:00:00+00:00,0.0001,0.0001,
2021-08-20 08:00:00+00:00,0.00011483,0.0001,
2021-08-20 16:00:00+00:00,0.00014278,0.0001,
2021-08-21 00:00:00+00:00,0.0001,0.0001,
2021-08-21 08:00:00+00:00,0.00020013,0.0001,
2021-08-21 16:00:00+00:00,0.00016694,0.0001,
2021-08-22 00:00:00+00:00,0.0001,0.0001,
2021-08-22 08:00:00+00:00,0.0001,0.0001,
2021-08-22 16:00:00+00:00,0.00014813,0.0001,
2021-08-23 00:00:00+00:00,0.0001,0.0001,
2021-08-23 08:00:00+00:00,0.0003918,0.0001,
2021-08-23 16:00:00+00:00,0.00023983,-0.00034776,
2021-08-24 00:00:00+00:00,0.000293,-0.00026691,
2021-08-24 08:00:00+00:00,0.0001,0.00023887,
2021-08-24 16:00:00+00:00,0.00041348,0.0001,
2021-08-25 00:00:00+00:00,0.00019568,0.00022975,
2021-08-25 08:00:00+00:00,0.0001,0.00084837,
2021-08-25 16:00:00+00:00,0.0001,0.0006916,
2021-08-26 00:00:00+00:00,0.0001,0.00021644,
2021-08-26 08:00:00+00:00,0.00021865,7.611e-05,
2021-08-26 16:00:00+00:00,0.0001,0.0001,
2021-08-27 00:00:00+00:00,0.0001,0.00031777,
2021-08-27 08:00:00+00:00,0.0001,0.00055352,
2021-08-27 16:00:00+00:00,0.0001,0.0001273,
2021-08-28 00:00:00+00:00,0.0001,0.0001,
2021-08-28 08:00:00+00:00,0.0003224,0.0001,
2021-08-28 16:00:00+00:00,0.00023137,0.0001,
2021-08-29 00:00:00+00:00,0.0001,0.0001,
2021-08-29 08:00:00+00:00,0.0001,0.0001,
2021-08-29 16:00:00+00:00,0.0001,0.00014431,
2021-08-30 00:00:00+00:00,0.0001,0.00024224,
2021-08-30 08:00:00+00:00,0.0001,0.0001,
2021-08-30 16:00:00+00:00,0.0002255,0.000257,
2021-08-31 00:00:00+00:00,0.00036162,0.00085102,
2021-08-31 08:00:00+00:00,0.00027795,0.00047045,
2021-08-31 16:00:00+00:00,0.00023354,0.0008344,
2021-09-01 00:00:00+00:00,0.00044618,0.0001,
2021-09-01 08:00:00+00:00,0.00027256,0.00068342,
2021-09-01 16:00:00+00:00,0.00033967,0.00069875,
2021-09-02 00:00:00+00:00,0.0004052,0.0001,
2021-09-02 08:00:00+00:00,0.0004869,0.0001,
2021-09-02 16:00:00+00:00,0.00057405,0.0001,
2021-09-03 00:00:00+00:00,0.00047856,0.0001,
2021-09-03 08:00:00+00:00,0.00033375,0.00047347,
2021-09-03 16:00:00+00:00,0.00024375,0.00040884,
2021-09-04 00:00:00+00:00,0.00043928,0.0001,
2021-09-04 08:00:00+00:00,0.00011799,0.0001,
2021-09-04 16:00:00+00:00,0.00019219,0.00012936,
2021-09-05 00:00:00+00:00,0.0001,0.00016378,
2021-09-05 08:00:00+00:00,0.0001,0.00030069,
2021-09-05 16:00:00+00:00,0.0001,0.00037759,
2021-09-06 00:00:00+00:00,0.00026783,0.0001,
2021-09-06 08:00:00+00:00,0.0001,-0.00035887,
2021-09-06 16:00:00+00:00,0.0001,-0.00094679,
2021-09-07 00:00:00+00:00,0.0001,0.0001,
2021-09-07 08:00:00+00:00,0.0001,0.0001,
2021-09-07 16:00:00+00:00,0.00022977,0.0001,
2021-09-08 00:00:00+00:00,0.0001,0.00064835,
2021-09-08 08:00:00+00:00,0.0001,0.0001,
2021-09-08 16:00:00+00:00,0.0001,0.0001,
2021-09-09 00:00:00+00:00,0.0001,0.0001,
2021-09-09 08:00:00+00:00,0.0001,0.0001,
2021-09-09 16:00:00+00:00,0.0001,0.0001,
2021-09-10 00:00:00+00:00,0.0001,0.0001,
2021-09-10 08:00:00+00:00,0.0001,0.0001,
2021-09-10 16:00:00+00:00,0.00011115,0.0001,
2021-09-11 00:00:00+00:00,0.0001,0.0001,
2021-09-11 08:00:00+00:00,0.0001,0.0001,
2021-09-11 16:00:00+00:00,0.0001,0.0001,
2021-09-12 00:00:00+00:00,0.0001,0.0001,
2021-09-12 08:00:00+00:00,0.0001,0.0001,
2021-09-12 16:00:00+00:00,0.0001,0.0001,
2021-09-13 00:00:00+00:00,0.0001,0.0001,
2021-09-13 08:00:00+00:00,0.0001,0.0001,
2021-09-13 16:00:00+00:00,0.0001,0.00048167,
2021-09-14 00:00:00+00:00,0.0001,0.00027303,
2021-09-14 08:00:00+00:00,0.0001,0.0001,
2021-09-14 16:00:00+00:00,0.0001,0.0001,
2021-09-15 00:00:00+00:00,0.0001,-8.282e-05,
2021-09-15 08:00:00+00:00,0.0001,-0.00024889,
2021-09-15 16:00:00+00:00,0.0001,-0.00016216,
2021-09-16 00:00:00+00:00,0.0001,-0.00051931,
2021-09-16 08:00:00+00:00,0.0001,-0.00033315,
2021-09-16 16:00:00+00:00,0.0001,-0.0003025,
2021-09-17 00:00:00+00:00,0.0001,0.0001,
2021-09-17 08:00:00+00:00,0.0001,0.0001,
2021-09-17 16:00:00+00:00,0.0001,0.0001,
2021-09-18 00:00:00+00:00,0.0001,0.0001,
2021-09-18 08:00:00+00:00,0.0001,0.0001,
2021-09-18 16:00:00+00:00,0.0001,-0.00013281,
2021-09-19 00:00:00+00:00,0.0001,-0.0002134,
2021-09-19 08:00:00+00:00,0.0001,0.0001,
2021-09-19 16:00:00+00:00,0.0001,0.0001,
2021-09-20 00:00:00+00:00,0.0001,0.0001,
2021-09-20 08:00:00+00:00,0.0001,0.0001,
2021-09-20 16:00:00+00:00,0.0001,0.0001,
2021-09-21 00:00:00+00:00,0.0001,0.0001,
2021-09-21 08:00:00+00:00,0.0001,0.0001,
2021-09-21 16:00:00+00:00,0.0001,-0.00017869,
2021-09-22 00:00:00+00:00,0.0001,-0.00011803,
2021-09-22 08:00:00+00:00,0.0001,0.0001,
2021-09-22 16:00:00+00:00,0.0001,-7.806e-05,
2021-09-23 00:00:00+00:00,4.744e-05,-8.836e-05,
2021-09-23 08:00:00+00:00,7.835e-05,-0.00021599,
2021-09-23 16:00:00+00:00,0.0001,3.415e-05,
2021-09-24 00:00:00+00:00,-7.856e-05,-0.00029959,
2021-09-24 08:00:00+00:00,-8.536e-05,-0.00029067,
2021-09-24 16:00:00+00:00,3.978e-05,-0.00013683,
2021-09-25 00:00:00+00:00,0.0001,0.0001,
2021-09-25 08:00:00+00:00,5.629e-05,0.0001,
2021-09-25 16:00:00+00:00,0.0001,0.0001,
2021-09-26 00:00:00+00:00,2.457e-05,0.0001,
2021-09-26 08:00:00+00:00,0.0001,0.0001,
2021-09-26 16:00:00+00:00,-1.686e-05,0.0001,
2021-09-27 00:00:00+00:00,0.0001,0.0001,
2021-09-27 08:00:00+00:00,0.0001,8.575e-05,
2021-09-27 16:00:00+00:00,0.0001,-0.0001172,
2021-09-28 00:00:00+00:00,2.549e-05,0.0001,
2021-09-28 08:00:00+00:00,3.318e-05,0.0001,
2021-09-28 16:00:00+00:00,9.756e-05,0.0001,
2021-09-29 00:00:00+00:00,4.448e-05,0.0001,
2021-09-29 08:00:00+00:00,3.757e-05,0.0001,
2021-09-29 16:00:00+00:00,5.661e-05,1.754e-05,
2021-09-30 00:00:00+00:00,0.0001,-5.022e-05,
2021-09-30 08:00:00+00:00,0.0001,0.0001,
2021-09-30 16:00:00+00:00,9.235e-05,-0.00042866,
2021-10-01 00:00:00+00:00,2.202e-05,-8.911e-05,
2021-10-01 08:00:00+00:00,-2.693e-05,-7.744e-05,
2021-10-01 16:00:00+00:00,0.0001,-0.00036276,
2021-10-02 00:00:00+00:00,5.277e-05,-0.00014774,
2021-10-02 08:00:00+00:00,3.519e-05,2.795e-05,
2021-10-02 16:00:00+00:00,5.938e-05,0.0001,
2021-10-03 00:00:00+00:00,0.0001,0.0001,
2021-10-03 08:00:00+00:00,0.0001,0.0001,
2021-10-03 16:00:00+00:00,0.0001,0.0001,
2021-10-04 00:00:00+00:00,0.0001,0.0001,
2021-10-04 08:00:00+00:00,0.0001,0.0001,
2021-10-04 16:00:00+00:00,0.0001,0.0001,
2021-10-05 00:00:00+00:00,0.0001,0.0001,
2021-10-05 08:00:00+00:00,-2.427e-05,-0.00010431,
2021-10-05 16:00:00+00:00,1.61e-06,-0.00040866,
2021-10-06 00:00:00+00:00,0.0001,-0.00040482,
2021-10-06 08:00:00+00:00,0.0001,-0.00019354,
2021-10-06 16:00:00+00:00,0.0001,0.0001,
2021-10-07 00:00:00+00:00,0.0001,0.0001,
2021-10-07 08:00:00+00:00,0.0002918,0.0001,
2021-10-07 16:00:00+00:00,0.00032669,0.00036266,
2021-10-08 00:00:00+00:00,0.00033379,0.00092483,
2021-10-08 08:00:00+00:00,0.00023355,0.00080586,
2021-10-08 16:00:00+00:00,0.00013417,0.00061237,
2021-10-09 00:00:00+00:00,0.0001,0.00045667,
2021-10-09 08:00:00+00:00,0.0001,0.00030291,
2021-10-09 16:00:00+00:00,0.00015717,0.0002588,
2021-10-10 00:00:00+00:00,0.0001,0.0001371,
2021-10-10 08:00:00+00:00,0.00020906,0.0001,
2021-10-10 16:00:00+00:00,0.0001,0.00017559,
2021-10-11 00:00:00+00:00,0.0001,0.00039246,
2021-10-11 08:00:00+00:00,0.0001,0.0001647,
2021-10-11 16:00:00+00:00,0.0001,0.0001,
2021-10-12 00:00:00+00:00,0.0001,0.0001,
2021-10-12 08:00:00+00:00,0.0001,0.0001,
2021-10-12 16:00:00+00:00,0.0001,0.0001,
2021-10-13 00:00:00+00:00,0.0001,0.0001539,
2021-10-13 08:00:00+00:00,0.0001,0.00022067,
2021-10-13 16:00:00+00:00,0.0001,0.0001,
2021-10-14 00:00:00+00:00,0.0001,0.0001,
2021-10-14 08:00:00+00:00,0.00022797,0.0001,
2021-10-14 16:00:00+00:00,0.00017282,0.0001,
2021-10-15 00:00:00+00:00,0.0001,0.00022649,
2021-10-15 08:00:00+00:00,0.00036685,0.00019136,
2021-10-15 16:00:00+00:00,0.0001,0.0001,
2021-10-16 00:00:00+00:00,0.00048084,0.0001,
2021-10-16 08:00:00+00:00,0.00027876,0.00043679,
2021-10-16 16:00:00+00:00,0.00043303,0.00067696,
2021-10-17 00:00:00+00:00,0.00031281,0.00112605,
2021-10-17 08:00:00+00:00,0.00040131,0.00088118,
2021-10-17 16:00:00+00:00,0.0004425,0.0008968,
2021-10-18 00:00:00+00:00,0.00038415,0.00076828,
2021-10-18 08:00:00+00:00,0.00022227,0.00059191,
2021-10-18 16:00:00+00:00,0.0001,0.0001,
2021-10-19 00:00:00+00:00,0.0001,0.0001,
2021-10-19 08:00:00+00:00,0.00014974,0.0001,
2021-10-19 16:00:00+00:00,0.0001,0.00014249,
2021-10-20 00:00:00+00:00,0.0001,0.00035308,
2021-10-20 08:00:00+00:00,0.0001,0.00012386,
2021-10-20 16:00:00+00:00,0.00063237,0.00020939,
2021-10-21 00:00:00+00:00,0.00068927,0.00081846,
2021-10-21 08:00:00+00:00,0.00057124,0.00139719,
2021-10-21 16:00:00+00:00,0.00062183,0.00166962,
2021-10-22 00:00:00+00:00,0.00033487,0.00126606,
2021-10-22 08:00:00+00:00,0.00024509,0.00089206,
2021-10-22 16:00:00+00:00,0.00033222,0.00080471,
2021-10-23 00:00:00+00:00,0.00026183,0.00024024,
2021-10-23 08:00:00+00:00,0.00014854,0.0004713,
2021-10-23 16:00:00+00:00,0.0001739,0.00036422,
2021-10-24 00:00:00+00:00,0.00030335,0.00020347,
2021-10-24 08:00:00+00:00,0.00037238,0.00032696,
2021-10-24 16:00:00+00:00,0.00032862,0.00074076,
2021-10-25 00:00:00+00:00,0.00048777,0.0008474,
2021-10-25 08:00:00+00:00,0.00020028,0.0006423,
2021-10-25 16:00:00+00:00,0.00017861,0.00034959,
2021-10-26 00:00:00+00:00,0.00040992,0.0001,
2021-10-26 08:00:00+00:00,0.00060638,0.00020487,
2021-10-26 16:00:00+00:00,0.00055995,0.00050968,
2021-10-27 00:00:00+00:00,0.00033175,0.00058641,
2021-10-27 08:00:00+00:00,0.00030309,0.00069396,
2021-10-27 16:00:00+00:00,0.00023017,0.00055144,
2021-10-28 00:00:00+00:00,0.00015574,0.00078907,
2021-10-28 08:00:00+00:00,0.0001,0.00065339,
2021-10-28 16:00:00+00:00,0.00013782,0.00044528,
2021-10-29 00:00:00+00:00,0.0002352,0.0001,
2021-10-29 08:00:00+00:00,0.00024122,0.00046644,
2021-10-29 16:00:00+00:00,0.00017968,0.00057802,
2021-10-30 00:00:00+00:00,0.00016972,0.00015068,
2021-10-30 08:00:00+00:00,0.00038483,0.0001,
2021-10-30 16:00:00+00:00,0.00023181,0.0004836,
2021-10-31 00:00:00+00:00,0.00019088,0.00049816,
2021-10-31 08:00:00+00:00,0.00048915,0.00025089,
2021-10-31 16:00:00+00:00,0.00043874,0.00034263,
2021-11-01 00:00:00+00:00,0.00032554,0.00094655,
2021-11-01 08:00:00+00:00,0.00031437,0.00077747,
2021-11-01 16:00:00+00:00,0.00056812,0.00030418,
2021-11-02 00:00:00+00:00,0.00015524,0.00046992,
2021-11-02 08:00:00+00:00,0.00033216,0.00038595,
2021-11-02 16:00:00+00:00,0.00047797,0.00048203,
2021-11-03 00:00:00+00:00,0.0008207,0.00019522,
2021-11-03 08:00:00+00:00,0.00043965,0.00069439,
2021-11-03 16:00:00+00:00,0.00031399,0.00083608,
2021-11-04 00:00:00+00:00,0.00045987,0.00070594,
2021-11-04 08:00:00+00:00,0.0005075,0.00068422,
2021-11-04 16:00:00+00:00,0.00046368,0.00084095,
2021-11-05 00:00:00+00:00,0.00018372,0.00082663,
2021-11-05 08:00:00+00:00,0.00018568,0.00071158,
2021-11-05 16:00:00+00:00,0.00041167,0.00028537,
2021-11-06 00:00:00+00:00,0.00053155,0.00038392,
2021-11-06 08:00:00+00:00,0.00045326,0.00095084,
2021-11-06 16:00:00+00:00,0.00037687,0.00103039,
2021-11-07 00:00:00+00:00,0.00017244,0.0008972,
2021-11-07 08:00:00+00:00,0.00036277,0.00044871,
2021-11-07 16:00:00+00:00,0.00037438,0.0001,
2021-11-08 00:00:00+00:00,0.00025861,0.00013249,
2021-11-08 08:00:00+00:00,0.00049328,0.0001,
2021-11-08 16:00:00+00:00,0.0004876,0.0001,
2021-11-09 00:00:00+00:00,0.00038683,0.0001,
2021-11-09 08:00:00+00:00,0.00039251,0.0001,
2021-11-09 16:00:00+00:00,0.00067839,0.00024803,
2021-11-10 00:00:00+00:00,0.00037679,0.00043182,
2021-11-10 08:00:00+00:00,0.00068212,0.00048949,
2021-11-10 16:00:00+00:00,0.00057535,0.00064863,
2021-11-11 00:00:00+00:00,0.00023211,0.00068919,
2021-11-11 08:00:00+00:00,0.0001,0.00027595,
2021-11-11 16:00:00+00:00,0.00021812,0.00017559,
2021-11-12 00:00:00+00:00,0.00018008,0.0001,
2021-11-12 08:00:00+00:00,0.00035543,0.0001,
2021-11-12 16:00:00+00:00,0.00036867,0.00029265,
2021-11-13 00:00:00+00:00,0.00015442,0.00039226,
2021-11-13 08:00:00+00:00,0.00031732,0.00027188,
2021-11-13 16:00:00+00:00,0.00021842,0.00018203,
2021-11-14 00:00:00+00:00,0.00013962,0.00018784,
2021-11-14 08:00:00+00:00,0.0001,0.0001,
2021-11-14 16:00:00+00:00,0.00013059,0.0001,
2021-11-15 00:00:00+00:00,0.00016126,0.0001,
2021-11-15 08:00:00+00:00,0.00020745,0.00017267,
2021-11-15 16:00:00+00:00,0.00040989,0.0001,
2021-11-16 00:00:00+00:00,0.00035998,0.00025064,
2021-11-16 08:00:00+00:00,0.0001,0.00070974,
2021-11-16 16:00:00+00:00,0.0001,0.00067888,
2021-11-17 00:00:00+00:00,0.0001,0.00046822,
2021-11-17 08:00:00+00:00,0.00013155,0.00020102,
2021-11-17 16:00:00+00:00,0.0001,0.00020795,
2021-11-18 00:00:00+00:00,0.0001,0.0001,
2021-11-18 08:00:00+00:00,0.0001,0.0001,
2021-11-18 16:00:00+00:00,0.00011235,0.0001,
2021-11-19 00:00:00+00:00,0.0001,0.00044016,
2021-11-19 08:00:00+00:00,0.0001,0.00056097,
2021-11-19 16:00:00+00:00,0.0001,0.0004462,
2021-11-20 00:00:00+00:00,0.0001,0.00014983,
2021-11-20 08:00:00+00:00,0.0001,0.0001,
2021-11-20 16:00:00+00:00,0.0001,0.0001,
2021-11-21 00:00:00+00:00,0.0001,0.00015243,
2021-11-21 08:00:00+00:00,0.0001,0.0001853,
2021-11-21 16:00:00+00:00,0.0001,0.00019204,
2021-11-22 00:00:00+00:00,0.0001,0.00016162,
2021-11-22 08:00:00+00:00,0.0001,0.0001,
2021-11-22 16:00:00+00:00,0.0001,0.00018017,
2021-11-23 00:00:00+00:00,0.0001,0.00024461,
2021-11-23 08:00:00+00:00,0.00012897,0.00010012,
2021-11-23 16:00:00+00:00,0.0001,0.0001,
2021-11-24 00:00:00+00:00,0.0001,0.0001,
2021-11-24 08:00:00+00:00,0.0001,0.0001,
2021-11-24 16:00:00+00:00,0.0001201,0.0001,
2021-11-25 00:00:00+00:00,0.00014549,0.00030302,
2021-11-25 08:00:00+00:00,0.00016775,0.00023896,
2021-11-25 16:00:00+00:00,0.00011888,0.0002399,
2021-11-26 00:00:00+00:00,0.00013863,0.00022047,
2021-11-26 08:00:00+00:00,0.00033741,0.00011217,
2021-11-26 16:00:00+00:00,0.0001,0.00035864,
2021-11-27 00:00:00+00:00,0.00010824,0.0006339,
2021-11-27 08:00:00+00:00,0.0001,0.00077109,
2021-11-27 16:00:00+00:00,0.0001,0.00045236,
2021-11-28 00:00:00+00:00,0.0001,0.0001,
2021-11-28 08:00:00+00:00,0.0001,0.0001,
2021-11-28 16:00:00+00:00,0.0001,0.00038515,
2021-11-29 00:00:00+00:00,0.0001,0.0002569,
2021-11-29 08:00:00+00:00,0.0001,0.00018488,
2021-11-29 16:00:00+00:00,0.00020774,0.0001,
2021-11-30 00:00:00+00:00,0.0002781,0.0001,
2021-11-30 08:00:00+00:00,0.0001,0.0001,
2021-11-30 16:00:00+00:00,0.0001,0.0001,
2021-12-01 00:00:00+00:00,0.00012689,0.0001,
2021-12-01 08:00:00+00:00,0.00029146,0.0001,
2021-12-01 16:00:00+00:00,0.0001,0.00047503,
2021-12-02 00:00:00+00:00,0.00015951,0.00026917,
2021-12-02 08:00:00+00:00,0.0001,0.0001,
2021-12-02 16:00:00+00:00,0.0001,0.0001,
2021-12-03 00:00:00+00:00,0.0001,0.00040548,
2021-12-03 08:00:00+00:00,0.00011686,0.00011867,
2021-12-03 16:00:00+00:00,0.00027198,0.00031547,
2021-12-04 00:00:00+00:00,0.0001,0.00044607,
2021-12-04 08:00:00+00:00,6.285e-05,0.00019174,
2021-12-04 16:00:00+00:00,2.893e-05,0.0001,
2021-12-05 00:00:00+00:00,8.272e-05,0.0001,
2021-12-05 08:00:00+00:00,9.001e-05,9.198e-05,
2021-12-05 16:00:00+00:00,0.0001,4.989e-05,
2021-12-06 00:00:00+00:00,0.0001,3.123e-05,
2021-12-06 08:00:00+00:00,0.0001,0.0001,
2021-12-06 16:00:00+00:00,0.0001,0.0001,
2021-12-07 00:00:00+00:00,0.0001,0.0001,
2021-12-07 08:00:00+00:00,3.977e-05,0.0001,
2021-12-07 16:00:00+00:00,0.0001,2.962e-05,
2021-12-08 00:00:00+00:00,0.0001,-6.741e-05,
2021-12-08 08:00:00+00:00,0.0001,0.0001,
2021-12-08 16:00:00+00:00,0.0001,0.0001,
2021-12-09 00:00:00+00:00,0.0001,0.0001,
2021-12-09 08:00:00+00:00,0.0001,0.0001,
2021-12-09 16:00:00+00:00,0.0001,0.0001,
2021-12-10 00:00:00+00:00,0.0001,0.0001,
2021-12-10 08:00:00+00:00,0.0001,0.0001,
2021-12-10 16:00:00+00:00,0.0001,0.0001,
2021-12-11 00:00:00+00:00,0.0001,0.0001,
2021-12-11 08:00:00+00:00,0.0001,0.0001,
2021-12-11 16:00:00+00:00,0.0001,0.0001,
2021-12-12 00:00:00+00:00,0.0001,0.0001,
2021-12-12 08:00:00+00:00,0.0001,0.0001,
2021-12-12 16:00:00+00:00,0.0001,0.0001,
2021-12-13 00:00:00+00:00,0.0001,0.0001,
2021-12-13 08:00:00+00:00,0.0001,0.0001,
2021-12-13 16:00:00+00:00,0.0001,8.1e-06,
2021-12-14 00:00:00+00:00,-4.93e-06,0.0001,
2021-12-14 08:00:00+00:00,0.0001,-4.231e-05,
2021-12-14 16:00:00+00:00,8.838e-05,-3.646e-05,
2021-12-15 00:00:00+00:00,0.0001,7.01e-05,
2021-12-15 08:00:00+00:00,0.0001,0.0001,
2021-12-15 16:00:00+00:00,0.0001,0.0001,
2021-12-16 00:00:00+00:00,0.0001,0.0001,
2021-12-16 08:00:00+00:00,0.0001,0.0001,
2021-12-16 16:00:00+00:00,0.0001,0.0001,
2021-12-17 00:00:00+00:00,0.0001,0.0001,
2021-12-17 08:00:00+00:00,0.0001,0.0001,
2021-12-17 16:00:00+00:00,4.678e-05,0.0001,
2021-12-18 00:00:00+00:00,9.119e-05,0.0001,
2021-12-18 08:00:00+00:00,9.221e-05,0.0001,
2021-12-18 16:00:00+00:00,8.402e-05,0.0001,
2021-12-19 00:00:00+00:00,7.08e-05,0.0001,
2021-12-19 08:00:00+00:00,0.0001,0.0001,
2021-12-19 16:00:00+00:00,0.0001,0.0001,
2021-12-20 00:00:00+00:00,0.0001,0.0001,
2021-12-20 08:00:00+00:00,0.0001,0.0001,
2021-12-20 16:00:00+00:00,0.0001,0.0001,
2021-12-21 00:00:00+00:00,9.184e-05,0.0001,
2021-12-21 08:00:00+00:00,0.0001,0.0001,
2021-12-21 16:00:00+00:00,0.0001,0.0001,
2021-12-22 00:00:00+00:00,0.0001,0.0001,
2021-12-22 08:00:00+00:00,0.0001,0.0001,
2021-12-22 16:00:00+00:00,0.0001,0.0001,
2021-12-23 00:00:00+00:00,9.72e-05,0.0001,
2021-12-23 08:00:00+00:00,0.0001,0.0001,
2021-12-23 16:00:00+00:00,4.018e-05,0.0001,
2021-12-24 00:00:00+00:00,0.0001,0.0001,
2021-12-24 08:00:00+00:00,0.0001,0.0001,
2021-12-24 16:00:00+00:00,0.0001,0.0001,
2021-12-25 00:00:00+00:00,0.0001,0.0001,
2021-12-25 08:00:00+00:00,0.0001,0.0001,
2021-12-25 16:00:00+00:00,0.0001,0.0001,
2021-12-26 00:00:00+00:00,0.0001,0.0001,
2021-12-26 08:00:00+00:00,0.0001,0.0001,
2021-12-26 16:00:00+00:00,0.0001,0.0001,
2021-12-27 00:00:00+00:00,0.0001,0.0001,
2021-12-27 08:00:00+00:00,0.0001,0.0001,
2021-12-27 16:00:00+00:00,0.0001,0.0001,
2021-12-28 00:00:00+00:00,0.0001,0.0001,
2021-12-28 08:00:00+00:00,0.0001,0.0001,
2021-12-28 16:00:00+00:00,0.0001,0.0001,
2021-12-29 00:00:00+00:00,0.0001,0.0001,
2021-12-29 08:00:00+00:00,0.0001,0.0001,
2021-12-29 16:00:00+00:00,0.0001,0.0001,
2021-12-30 00:00:00+00:00,0.0001,0.0001,
2021-12-30 08:00:00+00:00,0.0001,0.0001,
2021-12-30 16:00:00+00:00,0.0001,0.0001,
2021-12-31 00:00:00+00:00,-3.102e-05,0.0001,
2021-12-31 08:00:00+00:00,0.0001,0.0001,
2021-12-31 16:00:00+00:00,0.0001,0.0001,
2022-01-01 00:00:00+00:00,0.0001,0.0001,
2022-01-01 08:00:00+00:00,0.0001,0.0001,
2022-01-01 16:00:00+00:00,0.0001,0.0001,
2022-01-02 00:00:00+00:00,0.0001,0.0001,
2022-01-02 08:00:00+00:00,0.0001,0.0001,
2022-01-02 16:00:00+00:00,0.0001,0.0001,
2022-01-03 00:00:00+00:00,0.0001,0.0001,
2022-01-03 08:00:00+00:00,0.0001,0.0001,
2022-01-03 16:00:00+00:00,0.0001,0.0001,
2022-01-04 00:00:00+00:00,0.0001,0.0001,
2022-01-04 08:00:00+00:00,0.0001,0.0001,
2022-01-04 16:00:00+00:00,0.0001,0.0001,
2022-01-05 00:00:00+00:00,0.0001,0.0001,
2022-01-05 08:00:00+00:00,0.0001,0.0001,
2022-01-05 16:00:00+00:00,0.0001,0.0001,
2022-01-06 00:00:00+00:00,0.0001,0.0001,
2022-01-06 08:00:00+00:00,0.0001,0.0001,
2022-01-06 16:00:00+00:00,0.0001,0.0001,
2022-01-07 00:00:00+00:00,0.0001,0.0001,
2022-01-07 08:00:00+00:00,0.0001,0.0001,
2022-01-07 16:00:00+00:00,0.0001,0.0001,
2022-01-08 00:00:00+00:00,0.0001,0.0001,
2022-01-08 08:00:00+00:00,0.0001,0.0001,
2022-01-08 16:00:00+00:00,0.0001,0.0001,
2022-01-09 00:00:00+00:00,0.0001,0.0001,
2022-01-09 08:00:00+00:00,0.0001,0.0001,
2022-01-09 16:00:00+00:00,0.0001,0.0001,
2022-01-10 00:00:00+00:00,0.0001,0.0001,
2022-01-10 08:00:00+00:00,4.522e-05,0.0001,
2022-01-10 16:00:00+00:00,0.0001,0.0001,
2022-01-11 00:00:00+00:00,0.0001,0.0001,
2022-01-11 08:00:00+00:00,7.394e-05,0.0001,
2022-01-11 16:00:00+00:00,0.0001,8.221e-05,
2022-01-12 00:00:00+00:00,-4.772e-05,0.0001,
2022-01-12 08:00:00+00:00,9.625e-05,-2.945e-05,
2022-01-12 16:00:00+00:00,-5.342e-05,0.0001,
2022-01-13 00:00:00+00:00,-7.506e-05,-0.00014544,
2022-01-13 08:00:00+00:00,0.0001,9.117e-05,
2022-01-13 16:00:00+00:00,-6.081e-05,0.0001,
2022-01-14 00:00:00+00:00,5.92e-06,0.0001,
2022-01-14 08:00:00+00:00,-9.17e-05,0.0001,
2022-01-14 16:00:00+00:00,-6.655e-05,0.0001,
2022-01-15 00:00:00+00:00,2.282e-05,0.0001,
2022-01-15 08:00:00+00:00,0.0001,6.753e-05,
2022-01-15 16:00:00+00:00,2.661e-05,0.0001,
2022-01-16 00:00:00+00:00,9.07e-05,0.0001,
2022-01-16 08:00:00+00:00,-2.33e-05,4.27e-05,
2022-01-16 16:00:00+00:00,3.62e-05,0.0001,
2022-01-17 00:00:00+00:00,1.751e-05,0.0001,
2022-01-17 08:00:00+00:00,6.647e-05,0.0001,
2022-01-17 16:00:00+00:00,0.0001,0.0001,
2022-01-18 00:00:00+00:00,0.0001,0.0001,
2022-01-18 08:00:00+00:00,9.998e-05,0.0001,
2022-01-18 16:00:00+00:00,0.0001,0.0001,
2022-01-19 00:00:00+00:00,4.973e-05,0.0001,
2022-01-19 08:00:00+00:00,0.0001,0.0001,
2022-01-19 16:00:00+00:00,0.0001,0.0001,
2022-01-20 00:00:00+00:00,0.0001,0.0001,
2022-01-20 08:00:00+00:00,0.0001,0.0001,
2022-01-20 16:00:00+00:00,0.0001,0.0001,
2022-01-21 00:00:00+00:00,0.0001,0.0001,
2022-01-21 08:00:00+00:00,4.523e-05,0.0001,
2022-01-21 16:00:00+00:00,8.226e-05,0.0001,
2022-01-22 00:00:00+00:00,-1.051e-05,0.0001,
2022-01-22 08:00:00+00:00,4.122e-05,0.0001,
2022-01-22 16:00:00+00:00,0.0001,4.864e-05,
2022-01-23 00:00:00+00:00,0.0001,-4.929e-05,
2022-01-23 08:00:00+00:00,-1.256e-05,0.0001,
2022-01-23 16:00:00+00:00,-1.573e-05,6.928e-05,
2022-01-24 00:00:00+00:00,3.48e-05,6.391e-05,
2022-01-24 08:00:00+00:00,5.605e-05,0.0001,
2022-01-24 16:00:00+00:00,5.009e-05,0.0001,
2022-01-25 00:00:00+00:00,0.0001,0.0001,
2022-01-25 08:00:00+00:00,8.126e-05,-0.0001063,
2022-01-25 16:00:00+00:00,-0.00010008,0.0001,
2022-01-26 00:00:00+00:00,6.76e-06,-8.18e-05,
2022-01-26 08:00:00+00:00,-1.905e-05,-0.00025298,
2022-01-26 16:00:00+00:00,-4.13e-05,-0.00011039,
2022-01-27 00:00:00+00:00,-4.869e-05,-0.00016526,
2022-01-27 08:00:00+00:00,-0.00010186,4.393e-05,
2022-01-27 16:00:00+00:00,-7.554e-05,-0.00019785,
2022-01-28 00:00:00+00:00,-4.93e-06,-4.744e-05,
2022-01-28 08:00:00+00:00,7.165e-05,0.0001,
2022-01-28 16:00:00+00:00,2.88e-05,-8.549e-05,
2022-01-29 00:00:00+00:00,-1.093e-05,0.0001,
2022-01-29 08:00:00+00:00,5.239e-05,-0.00032025,
2022-01-29 16:00:00+00:00,-3.029e-05,4.215e-05,
2022-01-30 00:00:00+00:00,6.05e-05,-7.754e-05,
2022-01-30 08:00:00+00:00,9.126e-05,-0.00012614,
2022-01-30 16:00:00+00:00,0.0001,4.287e-05,
2022-01-31 00:00:00+00:00,8.927e-05,6.852e-05,
2022-01-31 08:00:00+00:00,-7.369e-05,2.097e-05,
2022-01-31 16:00:00+00:00,-5.648e-05,-6.998e-05,
2022-02-01 00:00:00+00:00,-4e-05,-0.0001987,
2022-02-01 08:00:00+00:00,6.113e-05,-0.00059476,
2022-02-01 16:00:00+00:00,-6.256e-05,-1.712e-05,
2022-02-02 00:00:00+00:00,-2.905e-05,1.556e-05,
2022-02-02 08:00:00+00:00,0.0001,-2.667e-05,
2022-02-02 16:00:00+00:00,2.553e-05,0.0001,
2022-02-03 00:00:00+00:00,-7.716e-05,6.713e-05,
2022-02-03 08:00:00+00:00,1.168e-05,0.0001,
2022-02-03 16:00:00+00:00,-1.533e-05,2.5e-07,
2022-02-04 00:00:00+00:00,1.462e-05,-0.00016891,
2022-02-04 08:00:00+00:00,-8.571e-05,0.0001,
2022-02-04 16:00:00+00:00,0.0001,-0.00041531,
2022-02-05 00:00:00+00:00,7.457e-05,8.341e-05,
2022-02-05 08:00:00+00:00,0.0001,-5.458e-05,
2022-02-05 16:00:00+00:00,0.0001,0.0001,
2022-02-06 00:00:00+00:00,0.0001,3.038e-05,
2022-02-06 08:00:00+00:00,0.0001,-5.347e-05,
2022-02-06 16:00:00+00:00,0.0001,-1.399e-05,
2022-02-07 00:00:00+00:00,1.477e-05,-7.551e-05,
2022-02-07 08:00:00+00:00,5.264e-05,-0.00017215,
2022-02-07 16:00:00+00:00,-9.617e-05,-0.0001405,
2022-02-08 00:00:00+00:00,0.0001,-5.259e-05,
2022-02-08 08:00:00+00:00,0.0001,4.451e-05,
2022-02-08 16:00:00+00:00,0.0001,0.0001,
2022-02-09 00:00:00+00:00,8.216e-05,0.0001,
2022-02-09 08:00:00+00:00,5.826e-05,0.0001,
2022-02-09 16:00:00+00:00,5.12e-05,-3.932e-05,
2022-02-10 00:00:00+00:00,0.0001,0.0001,
2022-02-10 08:00:00+00:00,-1.799e-05,-2.443e-05,
2022-02-10 16:00:00+00:00,0.0001,-0.00010229,
2022-02-11 00:00:00+00:00,3.895e-05,9.616e-05,
2022-02-11 08:00:00+00:00,-5.238e-05,2.688e-05,
2022-02-11 16:00:00+00:00,-7.643e-05,0.0001,
2022-02-12 00:00:00+00:00,0.0001,-4.905e-05,
2022-02-12 08:00:00+00:00,0.0001,0.0001,
2022-02-12 16:00:00+00:00,0.0001,0.0001,
2022-02-13 00:00:00+00:00,8.047e-05,0.0001,
2022-02-13 08:00:00+00:00,7.937e-05,0.0001,
2022-02-13 16:00:00+00:00,6.814e-05,0.0001,
2022-02-14 00:00:00+00:00,9.717e-05,-6.325e-05,
2022-02-14 08:00:00+00:00,2.867e-05,0.0001,
2022-02-14 16:00:00+00:00,6.445e-05,0.0001,
2022-02-15 00:00:00+00:00,0.0001,0.0001,
2022-02-15 08:00:00+00:00,-7.76e-05,0.0001,
2022-02-15 16:00:00+00:00,5.462e-05,-0.00014888,
2022-02-16 00:00:00+00:00,0.0001,0.0001,
2022-02-16 08:00:00+00:00,0.0001,0.0001,
2022-02-16 16:00:00+00:00,0.0001,0.0001,
2022-02-17 00:00:00+00:00,0.0001,0.0001,
2022-02-17 08:00:00+00:00,0.0001,0.0001,
2022-02-17 16:00:00+00:00,0.0001,0.0001,
2022-02-18 00:00:00+00:00,-4.38e-06,0.0001,
2022-02-18 08:00:00+00:00,-2.923e-05,0.0001,
2022-02-18 16:00:00+00:00,-9.36e-06,0.0001,
2022-02-19 00:00:00+00:00,0.0001,4.124e-05,
2022-02-19 08:00:00+00:00,9.61e-06,0.0001,
2022-02-19 16:00:00+00:00,7.71e-05,0.0001,
2022-02-20 00:00:00+00:00,3.023e-05,0.0001,
2022-02-20 08:00:00+00:00,6.581e-05,0.0001,
2022-02-20 16:00:00+00:00,-7.517e-05,0.0001,
2022-02-21 00:00:00+00:00,6.5e-05,3.94e-06,
2022-02-21 08:00:00+00:00,-4.498e-05,3.534e-05,
2022-02-21 16:00:00+00:00,-3.473e-05,8.298e-05,
2022-02-22 00:00:00+00:00,-5.357e-05,-0.00016653,
2022-02-22 08:00:00+00:00,2.477e-05,6.74e-06,
2022-02-22 16:00:00+00:00,-3.085e-05,6.358e-05,
2022-02-23 00:00:00+00:00,-2.623e-05,-0.00022392,
2022-02-23 08:00:00+00:00,-0.00012603,-0.000165,
2022-02-23 16:00:00+00:00,-3.332e-05,-7.834e-05,
2022-02-24 00:00:00+00:00,6.475e-05,-0.00016121,
2022-02-24 08:00:00+00:00,-0.00016045,0.0001,
2022-02-24 16:00:00+00:00,-9.21e-05,-0.00027387,
2022-02-25 00:00:00+00:00,0.0001,-3.408e-05,
2022-02-25 08:00:00+00:00,6.22e-05,5.271e-05,
2022-02-25 16:00:00+00:00,9.98e-06,6.724e-05,
2022-02-26 00:00:00+00:00,9.332e-05,7.847e-05,
2022-02-26 08:00:00+00:00,0.0001,-6.366e-05,
2022-02-26 16:00:00+00:00,7.614e-05,0.0001,
2022-02-27 00:00:00+00:00,5.574e-05,-4.07e-05,
2022-02-27 08:00:00+00:00,1.803e-05,-6.614e-05,
2022-02-27 16:00:00+00:00,-6.28e-06,-2.734e-05,
2022-02-28 00:00:00+00:00,-0.00021167,-2.5e-06,
2022-02-28 08:00:00+00:00,-8.986e-05,-0.00021537,
2022-02-28 16:00:00+00:00,-5.386e-05,-0.00013808,
2022-03-01 00:00:00+00:00,0.0001,-4.209e-05,
2022-03-01 08:00:00+00:00,0.0001,9.464e-05,
2022-03-01 16:00:00+00:00,4.369e-05,0.0001,
2022-03-02 00:00:00+00:00,-5.07e-06,8.333e-05,
2022-03-02 08:00:00+00:00,0.0001,-0.00010436,
2022-03-02 16:00:00+00:00,0.0001,0.0001,
2022-03-03 00:00:00+00:00,0.0001,0.0001,
2022-03-03 08:00:00+00:00,0.0001,8.451e-05,
2022-03-03 16:00:00+00:00,0.0001,0.0001,
2022-03-04 00:00:00+00:00,0.0001,0.0001,
2022-03-04 08:00:00+00:00,0.0001,0.0001,
2022-03-04 16:00:00+00:00,0.0001,0.0001,
2022-03-05 00:00:00+00:00,0.0001,0.0001,
2022-03-05 08:00:00+00:00,0.0001,9.305e-05,
2022-03-05 16:00:00+00:00,1.656e-05,-2.498e-05,
2022-03-06 00:00:00+00:00,4.115e-05,-3.877e-05,
2022-03-06 08:00:00+00:00,-9.6e-06,-0.00012523,
2022-03-06 16:00:00+00:00,1.957e-05,-1.93e-06,
2022-03-07 00:00:00+00:00,3.18e-06,9.72e-05,
2022-03-07 08:00:00+00:00,-8.983e-05,0.0001,
2022-03-07 16:00:00+00:00,-3.177e-05,0.0001,
2022-03-08 00:00:00+00:00,3.378e-05,-0.00014639,
2022-03-08 08:00:00+00:00,0.0001,0.0001,
2022-03-08 16:00:00+00:00,0.0001,0.0001,
2022-03-09 00:00:00+00:00,6.776e-05,0.0001,
2022-03-09 08:00:00+00:00,0.0001,0.0001,
2022-03-09 16:00:00+00:00,0.0001,-4.42e-06,
2022-03-10 00:00:00+00:00,0.0001,0.0001,
2022-03-10 08:00:00+00:00,8.28e-05,0.0001,
2022-03-10 16:00:00+00:00,-8.919e-05,0.0001,
2022-03-11 00:00:00+00:00,-9.808e-05,-6.508e-05,
2022-03-11 08:00:00+00:00,-7.765e-05,1.125e-05,
2022-03-11 16:00:00+00:00,4.301e-05,4.275e-05,
2022-03-12 00:00:00+00:00,-3.07e-06,6.418e-05,
2022-03-12 08:00:00+00:00,3.168e-05,0.0001,
2022-03-12 16:00:00+00:00,-3.565e-05,0.0001,
2022-03-13 00:00:00+00:00,-5.855e-05,0.0001,
2022-03-13 08:00:00+00:00,6.13e-06,-3.731e-05,
2022-03-13 16:00:00+00:00,-5.741e-05,-1.752e-05,
2022-03-14 00:00:00+00:00,-8.009e-05,0.0001,
2022-03-14 08:00:00+00:00,-6.699e-05,0.0001,
2022-03-14 16:00:00+00:00,2.708e-05,0.0001,
2022-03-15 00:00:00+00:00,5.726e-05,0.0001,
2022-03-15 08:00:00+00:00,4.476e-05,0.0001,
2022-03-15 16:00:00+00:00,9.061e-05,0.0001,
2022-03-16 00:00:00+00:00,0.0001,3.34e-05,
2022-03-16 08:00:00+00:00,5.871e-05,0.0001,
2022-03-16 16:00:00+00:00,0.0001,-1.052e-05,
2022-03-17 00:00:00+00:00,0.0001,-2.098e-05,
2022-03-17 08:00:00+00:00,0.0001,0.0001,
2022-03-17 16:00:00+00:00,0.0001,0.0001,
2022-03-18 00:00:00+00:00,0.0001,0.0001,
2022-03-18 08:00:00+00:00,1.662e-05,0.0001,
2022-03-18 16:00:00+00:00,0.0001,-0.00015262,
2022-03-19 00:00:00+00:00,0.0001,0.0001,
2022-03-19 08:00:00+00:00,0.0001,6.868e-05,
2022-03-19 16:00:00+00:00,0.0001,0.0001,
2022-03-20 00:00:00+00:00,0.0001,0.0001,
2022-03-20 08:00:00+00:00,0.0001,1.245e-05,
2022-03-20 16:00:00+00:00,0.0001,0.0001,
2022-03-21 00:00:00+00:00,0.0001,0.0001,
2022-03-21 08:00:00+00:00,-9.54e-06,0.0001,
2022-03-21 16:00:00+00:00,-9.3e-07,0.0001,
2022-03-22 00:00:00+00:00,0.0001,9.647e-05,
2022-03-22 08:00:00+00:00,0.0001,-2.881e-05,
2022-03-22 16:00:00+00:00,0.0001,0.0001,
2022-03-23 00:00:00+00:00,0.0001,6.31e-06,
2022-03-23 08:00:00+00:00,0.0001,0.0001,
2022-03-23 16:00:00+00:00,7.014e-05,9.503e-05,
2022-03-24 00:00:00+00:00,1.664e-05,5.813e-05,
2022-03-24 08:00:00+00:00,8e-06,6.19e-06,
2022-03-24 16:00:00+00:00,-9.07e-06,-0.00013062,
2022-03-25 00:00:00+00:00,6.7e-06,1.617e-05,
2022-03-25 08:00:00+00:00,9.286e-05,-0.00016285,
2022-03-25 16:00:00+00:00,5.473e-05,2.951e-05,
2022-03-26 00:00:00+00:00,9.739e-05,-0.00030076,
2022-03-26 08:00:00+00:00,-7.111e-05,0.0001,
2022-03-26 16:00:00+00:00,0.0001,-0.00030897,
2022-03-27 00:00:00+00:00,-8.253e-05,0.0001,
2022-03-27 08:00:00+00:00,1.306e-05,-0.00023069,
2022-03-27 16:00:00+00:00,0.0001,-0.00011119,
2022-03-28 00:00:00+00:00,0.0001,8.604e-05,
2022-03-28 08:00:00+00:00,0.0001,-6.406e-05,
2022-03-28 16:00:00+00:00,0.0001,0.0001,
2022-03-29 00:00:00+00:00,0.0001,-3.025e-05,
2022-03-29 08:00:00+00:00,0.0001,5.502e-05,
2022-03-29 16:00:00+00:00,9.594e-05,0.0001,
2022-03-30 00:00:00+00:00,0.0001,-2.96e-05,
2022-03-30 08:00:00+00:00,0.0001,0.0001,
2022-03-30 16:00:00+00:00,0.0001,0.0001,
2022-03-31 00:00:00+00:00,0.0001,0.0001,
2022-03-31 08:00:00+00:00,0.0001,4.928e-05,
2022-03-31 16:00:00+00:00,0.0001,0.0001,
2022-04-01 00:00:00+00:00,0.0001,0.0001,
2022-04-01 08:00:00+00:00,7.626e-05,0.0001,
2022-04-01 16:00:00+00:00,9.193e-05,0.0001,
2022-04-02 00:00:00+00:00,0.0001,2.256e-05,
2022-04-02 08:00:00+00:00,0.0001,0.0001,
2022-04-02 16:00:00+00:00,0.0001,0.0001,
2022-04-03 00:00:00+00:00,0.0001,0.0001,
2022-04-03 08:00:00+00:00,0.0001,0.0001,
2022-04-03 16:00:00+00:00,0.0001,0.0001,
2022-04-04 00:00:00+00:00,0.0001,0.0001,
2022-04-04 08:00:00+00:00,0.0001,0.0001,
2022-04-04 16:00:00+00:00,0.0001,0.0001,
2022-04-05 00:00:00+00:00,0.0001,0.0001,
2022-04-05 08:00:00+00:00,0.0001,0.0001,
2022-04-05 16:00:00+00:00,0.0001,0.0001,
2022-04-06 00:00:00+00:00,9.898e-05,0.0001,
2022-04-06 08:00:00+00:00,0.0001,0.0001,
2022-04-06 16:00:00+00:00,0.0001,0.0001,
2022-04-07 00:00:00+00:00,0.0001,0.0001,
2022-04-07 08:00:00+00:00,0.0001,0.0001,
2022-04-07 16:00:00+00:00,2.421e-05,0.0001,
2022-04-08 00:00:00+00:00,4.306e-05,0.0001,
2022-04-08 08:00:00+00:00,0.0001,0.0001,
2022-04-08 16:00:00+00:00,0.0001,0.0001,
2022-04-09 00:00:00+00:00,0.0001,0.0001,
2022-04-09 08:00:00+00:00,9.279e-05,0.0001,
2022-04-09 16:00:00+00:00,0.0001,0.0001,
2022-04-10 00:00:00+00:00,2.721e-05,0.0001,
2022-04-10 08:00:00+00:00,6.231e-05,0.0001,
2022-04-10 16:00:00+00:00,0.0001,-1.954e-05,
2022-04-11 00:00:00+00:00,2.43e-06,0.0001,
2022-04-11 08:00:00+00:00,0.0001,-3.598e-05,
2022-04-11 16:00:00+00:00,0.0001,0.0001,
2022-04-12 00:00:00+00:00,-6.795e-05,0.0001,
2022-04-12 08:00:00+00:00,-0.00010012,5.925e-05,
2022-04-12 16:00:00+00:00,-7.001e-05,-0.00020802,
2022-04-13 00:00:00+00:00,-1.692e-05,-4.979e-05,
2022-04-13 08:00:00+00:00,7.53e-06,0.0001,
2022-04-13 16:00:00+00:00,-1.485e-05,-0.00012295,
2022-04-14 00:00:00+00:00,5.018e-05,0.0001,
2022-04-14 08:00:00+00:00,3.533e-05,9.945e-05,
2022-04-14 16:00:00+00:00,4.423e-05,6.011e-05,
2022-04-15 00:00:00+00:00,-0.00013233,0.0001,
2022-04-15 08:00:00+00:00,-6.805e-05,3.357e-05,
2022-04-15 16:00:00+00:00,7.697e-05,-7.962e-05,
2022-04-16 00:00:00+00:00,2.197e-05,0.0001,
2022-04-16 08:00:00+00:00,5.199e-05,8.138e-05,
2022-04-16 16:00:00+00:00,6.201e-05,1.418e-05,
2022-04-17 00:00:00+00:00,7.2e-06,6.507e-05,
2022-04-17 08:00:00+00:00,9.838e-05,0.0001,
2022-04-17 16:00:00+00:00,0.0001,5.107e-05,
2022-04-18 00:00:00+00:00,-3.231e-05,-5.359e-05,
2022-04-18 08:00:00+00:00,-0.00017197,0.0001,
2022-04-18 16:00:00+00:00,-5.436e-05,-0.00017139,
2022-04-19 00:00:00+00:00,0.0001,-4.291e-05,
2022-04-19 08:00:00+00:00,6.251e-05,0.0001,
2022-04-19 16:00:00+00:00,-5.028e-05,7.034e-05,
2022-04-20 00:00:00+00:00,9.45e-05,-2.955e-05,
2022-04-20 08:00:00+00:00,9.543e-05,0.0001,
2022-04-20 16:00:00+00:00,3.714e-05,-1.088e-05,
2022-04-21 00:00:00+00:00,1.77e-06,-2.6e-07,
2022-04-21 08:00:00+00:00,-5.245e-05,0.0001,
2022-04-21 16:00:00+00:00,5.359e-05,-0.00014831,
2022-04-22 00:00:00+00:00,3.026e-05,-0.00011077,
2022-04-22 08:00:00+00:00,-0.00016984,0.0001,
2022-04-22 16:00:00+00:00,-4.15e-06,-0.00025078,
2022-04-23 00:00:00+00:00,-9.023e-05,0.0001,
2022-04-23 08:00:00+00:00,-7.562e-05,1.058e-05,
2022-04-23 16:00:00+00:00,-0.00011883,-0.0001241,
2022-04-24 00:00:00+00:00,-0.00018273,-5.571e-05,
2022-04-24 08:00:00+00:00,-0.00015276,7.53e-06,
2022-04-24 16:00:00+00:00,-3.654e-05,-0.00011916,
2022-04-25 00:00:00+00:00,-8.908e-05,0.0001,
2022-04-25 08:00:00+00:00,-7.844e-05,-9.507e-05,
2022-04-25 16:00:00+00:00,7.223e-05,7.912e-05,
2022-04-26 00:00:00+00:00,0.0001,3.481e-05,
2022-04-26 08:00:00+00:00,0.0001,0.0001,
2022-04-26 16:00:00+00:00,0.0001,0.0001,
2022-04-27 00:00:00+00:00,-0.0001264,0.0001,
2022-04-27 08:00:00+00:00,-0.00011034,4.173e-05,
2022-04-27 16:00:00+00:00,1.968e-05,-7e-07,
2022-04-28 00:00:00+00:00,-5.716e-05,-7.427e-05,
2022-04-28 08:00:00+00:00,-5.544e-05,0.0001,
2022-04-28 16:00:00+00:00,0.0001,-0.0001296,
2022-04-29 00:00:00+00:00,0.0001,0.0001,
2022-04-29 08:00:00+00:00,0.0001,0.0001,
2022-04-29 16:00:00+00:00,2.628e-05,0.0001,
2022-04-30 00:00:00+00:00,-9.371e-05,6.625e-05,
2022-04-30 08:00:00+00:00,4.536e-05,-6.815e-05,
2022-04-30 16:00:00+00:00,5.926e-05,-0.00013118,
2022-05-01 00:00:00+00:00,2.403e-05,0.0001,
2022-05-01 08:00:00+00:00,9.5e-07,8.961e-05,
2022-05-01 16:00:00+00:00,0.0001,7.556e-05,
2022-05-02 00:00:00+00:00,0.0001,2.844e-05,
2022-05-02 08:00:00+00:00,9e-05,6.477e-05,
2022-05-02 16:00:00+00:00,0.0001,-4.916e-05,
2022-05-03 00:00:00+00:00,0.0001,0.0001,
2022-05-03 08:00:00+00:00,0.0001,0.0001,
2022-05-03 16:00:00+00:00,0.0001,0.0001,
2022-05-04 00:00:00+00:00,0.0001,0.0001,
2022-05-04 08:00:00+00:00,2.504e-05,0.0001,
2022-05-04 16:00:00+00:00,0.0001,8.784e-05,
2022-05-05 00:00:00+00:00,0.0001,5.653e-05,
2022-05-05 08:00:00+00:00,0.0001,0.0001,
2022-05-05 16:00:00+00:00,0.0001,0.0001,
2022-05-06 00:00:00+00:00,-0.0001346,0.0001,
2022-05-06 08:00:00+00:00,-5.734e-05,-0.00011392,
2022-05-06 16:00:00+00:00,4.197e-05,4.57e-06,
2022-05-07 00:00:00+00:00,-5.273e-05,8.05e-05,
2022-05-07 08:00:00+00:00,5.998e-05,6.986e-05,
2022-05-07 16:00:00+00:00,7.13e-06,8.675e-05,
2022-05-08 00:00:00+00:00,-2.659e-05,3.16e-05,
2022-05-08 08:00:00+00:00,0.0001,0.0001,
2022-05-08 16:00:00+00:00,0.0001,0.0001,
2022-05-09 00:00:00+00:00,0.0001,0.0001,
2022-05-09 08:00:00+00:00,0.0001,0.0001,
2022-05-09 16:00:00+00:00,0.0001,0.0001,
2022-05-10 00:00:00+00:00,0.0001,0.0001,
2022-05-10 08:00:00+00:00,0.0001,0.0001,
2022-05-10 16:00:00+00:00,0.0001,0.0001,
2022-05-11 00:00:00+00:00,7.58e-05,0.0001,
2022-05-11 08:00:00+00:00,6.939e-05,0.0001,
2022-05-11 16:00:00+00:00,-3.512e-05,0.0001,
2022-05-12 00:00:00+00:00,-0.00018773,5.857e-05,
2022-05-12 08:00:00+00:00,-0.00041995,2.731e-05,
2022-05-12 16:00:00+00:00,-0.00014678,-0.00064305,
2022-05-13 00:00:00+00:00,-7.127e-05,-0.00049125,
2022-05-13 08:00:00+00:00,-6.05e-06,-2.668e-05,
2022-05-13 16:00:00+00:00,6.045e-05,-0.00018196,
2022-05-14 00:00:00+00:00,0.0001,4.581e-05,
2022-05-14 08:00:00+00:00,0.0001,1.241e-05,
2022-05-14 16:00:00+00:00,0.0001,3.175e-05,
2022-05-15 00:00:00+00:00,8.29e-05,3.655e-05,
2022-05-15 08:00:00+00:00,0.0001,-7.407e-05,
2022-05-15 16:00:00+00:00,9.053e-05,5.566e-05,
2022-05-16 00:00:00+00:00,0.0001,2.522e-05,
2022-05-16 08:00:00+00:00,8.883e-05,0.0001,
2022-05-16 16:00:00+00:00,4.94e-05,0.0001,
2022-05-17 00:00:00+00:00,0.0001,-0.00012034,
2022-05-17 08:00:00+00:00,-7.1e-06,0.0001,
2022-05-17 16:00:00+00:00,4.705e-05,-0.00015301,
2022-05-18 00:00:00+00:00,-6.956e-05,1.298e-05,
2022-05-18 08:00:00+00:00,-5.753e-05,-0.00015334,
2022-05-18 16:00:00+00:00,2.893e-05,6.097e-05,
2022-05-19 00:00:00+00:00,-3.41e-06,-0.00015947,
2022-05-19 08:00:00+00:00,5.624e-05,9.87e-05,
2022-05-19 16:00:00+00:00,7.465e-05,-9.779e-05,
2022-05-20 00:00:00+00:00,0.0001,-0.00010743,
2022-05-20 08:00:00+00:00,0.0001,0.0001,
2022-05-20 16:00:00+00:00,0.0001,0.0001,
2022-05-21 00:00:00+00:00,-2.02e-06,0.0001,
2022-05-21 08:00:00+00:00,-2.146e-05,9.283e-05,
2022-05-21 16:00:00+00:00,2.549e-05,-0.00011023,
2022-05-22 00:00:00+00:00,2.41e-05,0.0001,
2022-05-22 08:00:00+00:00,-3.063e-05,-1.093e-05,
2022-05-22 16:00:00+00:00,0.0001,-3.367e-05,
2022-05-23 00:00:00+00:00,0.0001,0.0001,
2022-05-23 08:00:00+00:00,0.0001,8.98e-05,
2022-05-23 16:00:00+00:00,0.0001,7.361e-05,
2022-05-24 00:00:00+00:00,-0.00012372,0.0001,
2022-05-24 08:00:00+00:00,-6.76e-06,0.0001,
2022-05-24 16:00:00+00:00,2.892e-05,-7.92e-06,
2022-05-25 00:00:00+00:00,3.679e-05,9.211e-05,
2022-05-25 08:00:00+00:00,0.0001,1.547e-05,
2022-05-25 16:00:00+00:00,0.0001,7.881e-05,
2022-05-26 00:00:00+00:00,7.516e-05,0.0001,
2022-05-26 08:00:00+00:00,0.0001,0.0001,
2022-05-26 16:00:00+00:00,7.21e-06,0.0001,
2022-05-27 00:00:00+00:00,0.0001,0.0001,
2022-05-27 08:00:00+00:00,0.0001,7.478e-05,
2022-05-27 16:00:00+00:00,0.0001,0.0001,
2022-05-28 00:00:00+00:00,0.0001,0.0001,
2022-05-28 08:00:00+00:00,8.712e-05,0.0001,
2022-05-28 16:00:00+00:00,0.0001,-2.573e-05,
2022-05-29 00:00:00+00:00,0.0001,0.0001,
2022-05-29 08:00:00+00:00,0.0001,6.084e-05,
2022-05-29 16:00:00+00:00,0.0001,0.0001,
2022-05-30 00:00:00+00:00,0.0001,0.0001,
2022-05-30 08:00:00+00:00,0.0001,0.0001,
2022-05-30 16:00:00+00:00,0.0001,-9.447e-05,
2022-05-31 00:00:00+00:00,0.0001,0.0001,
2022-05-31 08:00:00+00:00,0.0001,3.659e-05,
2022-05-31 16:00:00+00:00,0.0001,0.0001,
2022-06-01 00:00:00+00:00,0.0001,0.0001,
2022-06-01 08:00:00+00:00,0.0001,0.0001,
2022-06-01 16:00:00+00:00,0.0001,0.0001,
2022-06-02 00:00:00+00:00,-1.452e-05,0.0001,
2022-06-02 08:00:00+00:00,2.265e-05,8.218e-05,
2022-06-02 16:00:00+00:00,2.107e-05,-4.305e-05,
2022-06-03 00:00:00+00:00,-3.378e-05,-0.00014957,
2022-06-03 08:00:00+00:00,-1.456e-05,1.431e-05,
2022-06-03 16:00:00+00:00,6.937e-05,-7.9e-05,
2022-06-04 00:00:00+00:00,2.7e-06,0.0001,
2022-06-04 08:00:00+00:00,4.795e-05,8.266e-05,
2022-06-04 16:00:00+00:00,5.506e-05,2.361e-05,
2022-06-05 00:00:00+00:00,4.358e-05,3.614e-05,
2022-06-05 08:00:00+00:00,2.828e-05,1.521e-05,
2022-06-05 16:00:00+00:00,4.753e-05,0.0001,
2022-06-06 00:00:00+00:00,6.036e-05,5.579e-05,
2022-06-06 08:00:00+00:00,9.656e-05,2.012e-05,
2022-06-06 16:00:00+00:00,0.0001,-1.767e-05,
2022-06-07 00:00:00+00:00,0.0001,1.18e-05,
2022-06-07 08:00:00+00:00,-0.00010234,0.0001,
2022-06-07 16:00:00+00:00,-3.705e-05,9.565e-05,
2022-06-08 00:00:00+00:00,0.0001,-7.631e-05,
2022-06-08 08:00:00+00:00,0.0001,0.0001,
2022-06-08 16:00:00+00:00,0.0001,0.0001,
2022-06-09 00:00:00+00:00,0.0001,0.0001,
2022-06-09 08:00:00+00:00,9.106e-05,0.0001,
2022-06-09 16:00:00+00:00,0.0001,0.0001,
2022-06-10 00:00:00+00:00,0.0001,0.0001,
2022-06-10 08:00:00+00:00,9.289e-05,0.0001,
2022-06-10 16:00:00+00:00,3.503e-05,0.0001,
2022-06-11 00:00:00+00:00,1.762e-05,7.236e-05,
2022-06-11 08:00:00+00:00,3.79e-06,0.0001,
2022-06-11 16:00:00+00:00,6.606e-05,-4.366e-05,
2022-06-12 00:00:00+00:00,0.0001,0.0001,
2022-06-12 08:00:00+00:00,5.63e-06,0.0001,
2022-06-12 16:00:00+00:00,4.39e-06,5.064e-05,
2022-06-13 00:00:00+00:00,5.616e-05,8.506e-05,
2022-06-13 08:00:00+00:00,-3.182e-05,0.0001,
2022-06-13 16:00:00+00:00,-5.8e-06,-7.714e-05,
2022-06-14 00:00:00+00:00,4.088e-05,0.0001,
2022-06-14 08:00:00+00:00,-0.00010037,0.0001,
2022-06-14 16:00:00+00:00,-5.186e-05,-0.00014081,
2022-06-15 00:00:00+00:00,-2.077e-05,0.0001,
2022-06-15 08:00:00+00:00,-7.24e-05,-3.143e-05,
2022-06-15 16:00:00+00:00,-6.66e-06,8.887e-05,
2022-06-16 00:00:00+00:00,-4.114e-05,-0.0001,
2022-06-16 08:00:00+00:00,4.475e-05,0.0001,
2022-06-16 16:00:00+00:00,-5.277e-05,-0.00011241,
2022-06-17 00:00:00+00:00,-2.222e-05,7.931e-05,
2022-06-17 08:00:00+00:00,-9.486e-05,-8.9e-06,
2022-06-17 16:00:00+00:00,5.092e-05,-0.00011989,
2022-06-18 00:00:00+00:00,7.356e-05,0.0001,
2022-06-18 08:00:00+00:00,4.575e-05,0.0001,
2022-06-18 16:00:00+00:00,5.227e-05,0.0001,
2022-06-19 00:00:00+00:00,4.243e-05,-0.00016071,
2022-06-19 08:00:00+00:00,-4.559e-05,0.0001,
2022-06-19 16:00:00+00:00,7.239e-05,-3.449e-05,
2022-06-20 00:00:00+00:00,8.73e-06,-0.00011584,
2022-06-20 08:00:00+00:00,-5.4e-06,0.0001,
2022-06-20 16:00:00+00:00,6.08e-05,5.24e-05,
2022-06-21 00:00:00+00:00,0.0001,4.988e-05,
2022-06-21 08:00:00+00:00,4.967e-05,0.0001,
2022-06-21 16:00:00+00:00,2.028e-05,0.0001,
2022-06-22 00:00:00+00:00,1.78e-06,-1.328e-05,
2022-06-22 08:00:00+00:00,-2.982e-05,0.0001,
2022-06-22 16:00:00+00:00,-1.64e-05,9.57e-05,
2022-06-23 00:00:00+00:00,-8.72e-06,-5.71e-06,
2022-06-23 08:00:00+00:00,-1.577e-05,1.773e-05,
2022-06-23 16:00:00+00:00,-2.656e-05,-5.576e-05,
2022-06-24 00:00:00+00:00,6.006e-05,-9.26e-06,
2022-06-24 08:00:00+00:00,0.0001,0.0001,
2022-06-24 16:00:00+00:00,0.0001,4.71e-05,
2022-06-25 00:00:00+00:00,2.621e-05,0.0001,
2022-06-25 08:00:00+00:00,0.0001,5.37e-05,
2022-06-25 16:00:00+00:00,0.0001,8.783e-05,
2022-06-26 00:00:00+00:00,0.0001,0.0001,
2022-06-26 08:00:00+00:00,0.0001,3.049e-05,
2022-06-26 16:00:00+00:00,6.69e-06,7.86e-05,
2022-06-27 00:00:00+00:00,7.82e-05,6.795e-05,
2022-06-27 08:00:00+00:00,3.533e-05,8.947e-05,
2022-06-27 16:00:00+00:00,6.102e-05,-2.459e-05,
2022-06-28 00:00:00+00:00,-2.586e-05,9.116e-05,
2022-06-28 08:00:00+00:00,-5.613e-05,-7.658e-05,
2022-06-28 16:00:00+00:00,2.435e-05,-9.09e-05,
2022-06-29 00:00:00+00:00,4.188e-05,6.508e-05,
2022-06-29 08:00:00+00:00,8.335e-05,0.0001,
2022-06-29 16:00:00+00:00,5.319e-05,0.0001,
2022-06-30 00:00:00+00:00,3.24e-06,9.593e-05,
2022-06-30 08:00:00+00:00,-5.159e-05,-1.677e-05,
2022-06-30 16:00:00+00:00,-0.00015879,-2.749e-05,
2022-07-01 00:00:00+00:00,-8.786e-05,-0.00021249,
2022-07-01 08:00:00+00:00,3.106e-05,4.189e-05,
2022-07-01 16:00:00+00:00,-8.061e-05,-7.244e-05,
2022-07-02 00:00:00+00:00,-2.913e-05,4.1e-06,
2022-07-02 08:00:00+00:00,5.218e-05,-4.552e-05,
2022-07-02 16:00:00+00:00,2.12e-05,0.0001,
2022-07-03 00:00:00+00:00,3.57e-05,-7.07e-06,
2022-07-03 08:00:00+00:00,4.779e-05,5.585e-05,
2022-07-03 16:00:00+00:00,7.251e-05,6.808e-05,
2022-07-04 00:00:00+00:00,7.792e-05,4.263e-05,
2022-07-04 08:00:00+00:00,4.63e-05,0.0001,
2022-07-04 16:00:00+00:00,2.248e-05,-0.00010662,
2022-07-05 00:00:00+00:00,5.291e-05,-3.649e-05,
2022-07-05 08:00:00+00:00,0.0001,2.588e-05,
2022-07-05 16:00:00+00:00,1.2e-06,0.0001,
2022-07-06 00:00:00+00:00,0.0001,5.699e-05,
2022-07-06 08:00:00+00:00,0.0001,0.0001,
2022-07-06 16:00:00+00:00,8.373e-05,0.0001,
2022-07-07 00:00:00+00:00,5.274e-05,4.184e-05,
2022-07-07 08:00:00+00:00,0.0001,0.0001,
2022-07-07 16:00:00+00:00,0.0001,9.38e-05,
2022-07-08 00:00:00+00:00,2.12e-06,-0.00020743,
2022-07-08 08:00:00+00:00,0.0001,0.0001,
2022-07-08 16:00:00+00:00,0.0001,0.0001,
2022-07-09 00:00:00+00:00,0.0001,0.0001,
2022-07-09 08:00:00+00:00,0.0001,0.0001,
2022-07-09 16:00:00+00:00,6.143e-05,0.0001,
2022-07-10 00:00:00+00:00,9.962e-05,0.0001,
2022-07-10 08:00:00+00:00,0.0001,0.0001,
2022-07-10 16:00:00+00:00,0.0001,0.0001,
2022-07-11 00:00:00+00:00,4.543e-05,0.0001,
2022-07-11 08:00:00+00:00,7.236e-05,0.0001,
2022-07-11 16:00:00+00:00,8.5e-05,4.144e-05,
2022-07-12 00:00:00+00:00,8.003e-05,0.0001,
2022-07-12 08:00:00+00:00,6.433e-05,0.0001,
2022-07-12 16:00:00+00:00,2.667e-05,0.0001,
2022-07-13 00:00:00+00:00,-1.204e-05,7.023e-05,
2022-07-13 08:00:00+00:00,6.17e-06,-4.334e-05,
2022-07-13 16:00:00+00:00,-1.218e-05,1.6e-06,
2022-07-14 00:00:00+00:00,5.7e-07,3.004e-05,
2022-07-14 08:00:00+00:00,0.0001,5.107e-05,
2022-07-14 16:00:00+00:00,3.451e-05,0.0001,
2022-07-15 00:00:00+00:00,9.257e-05,4.145e-05,
2022-07-15 08:00:00+00:00,1.401e-05,5.113e-05,
2022-07-15 16:00:00+00:00,1.601e-05,3.059e-05,
2022-07-16 00:00:00+00:00,6.055e-05,8.893e-05,
2022-07-16 08:00:00+00:00,7.996e-05,0.0001,
2022-07-16 16:00:00+00:00,8e-06,9.035e-05,
2022-07-17 00:00:00+00:00,8.038e-05,0.0001,
2022-07-17 08:00:00+00:00,0.0001,0.0001,
2022-07-17 16:00:00+00:00,8.709e-05,0.0001,
2022-07-18 00:00:00+00:00,0.0001,0.0001,
2022-07-18 08:00:00+00:00,0.0001,0.0001,
2022-07-18 16:00:00+00:00,0.0001,0.0001,
2022-07-19 00:00:00+00:00,0.0001,0.0001,
2022-07-19 08:00:00+00:00,0.0001,0.0001,
2022-07-19 16:00:00+00:00,0.0001,0.0001,
2022-07-20 00:00:00+00:00,0.0001,0.0001,
2022-07-20 08:00:00+00:00,0.0001,0.0001,
2022-07-20 16:00:00+00:00,8.118e-05,0.0001,
2022-07-21 00:00:00+00:00,0.0001,0.0001,
2022-07-21 08:00:00+00:00,0.0001,0.0001,
2022-07-21 16:00:00+00:00,0.0001,0.0001,
2022-07-22 00:00:00+00:00,0.0001,0.0001,
2022-07-22 08:00:00+00:00,0.0001,9.924e-05,
2022-07-22 16:00:00+00:00,5.172e-05,8.25e-05,
2022-07-23 00:00:00+00:00,9.043e-05,0.0001,
2022-07-23 08:00:00+00:00,1.021e-05,6.429e-05,
2022-07-23 16:00:00+00:00,0.0001,0.0001,
2022-07-24 00:00:00+00:00,3.77e-05,0.0001,
2022-07-24 08:00:00+00:00,0.0001,9.201e-05,
2022-07-24 16:00:00+00:00,8.293e-05,0.0001,
2022-07-25 00:00:00+00:00,0.0001,0.0001,
2022-07-25 08:00:00+00:00,1.238e-05,0.0001,
2022-07-25 16:00:00+00:00,2.319e-05,2.443e-05,
2022-07-26 00:00:00+00:00,0.0001,0.0001,
2022-07-26 08:00:00+00:00,3.654e-05,9.394e-05,
2022-07-26 16:00:00+00:00,8.659e-05,0.0001,
2022-07-27 00:00:00+00:00,4.591e-05,5.271e-05,
2022-07-27 08:00:00+00:00,5.085e-05,3.759e-05,
2022-07-27 16:00:00+00:00,2.951e-05,-1.336e-05,
2022-07-28 00:00:00+00:00,9.229e-05,5.351e-05,
2022-07-28 08:00:00+00:00,0.0001,0.0001,
2022-07-28 16:00:00+00:00,0.0001,0.0001,
2022-07-29 00:00:00+00:00,0.0001,0.0001,
2022-07-29 08:00:00+00:00,0.0001,0.0001,
2022-07-29 16:00:00+00:00,0.0001,0.0001,
2022-07-30 00:00:00+00:00,0.0001,0.0001,
2022-07-30 08:00:00+00:00,0.0001,0.0001,
2022-07-30 16:00:00+00:00,0.0001,7.52e-05,
2022-07-31 00:00:00+00:00,0.0001,0.0001,
2022-07-31 08:00:00+00:00,0.0001,0.0001,
2022-07-31 16:00:00+00:00,6.281e-05,9.467e-05,
2022-08-01 00:00:00+00:00,0.0001,0.0001,
2022-08-01 08:00:00+00:00,0.0001,0.0001,
2022-08-01 16:00:00+00:00,6.449e-05,5.215e-05,
2022-08-02 00:00:00+00:00,0.0001,0.0001,
2022-08-02 08:00:00+00:00,9.733e-05,0.0001,
2022-08-02 16:00:00+00:00,5.885e-05,4.102e-05,
2022-08-03 00:00:00+00:00,3.28e-06,2.956e-05,
2022-08-03 08:00:00+00:00,-3.96e-05,-3.168e-05,
2022-08-03 16:00:00+00:00,4.382e-05,-3.547e-05,
2022-08-04 00:00:00+00:00,-1.91e-06,-4.027e-05,
2022-08-04 08:00:00+00:00,1.778e-05,-5.024e-05,
2022-08-04 16:00:00+00:00,1.436e-05,0.0001,
2022-08-05 00:00:00+00:00,1.692e-05,4.211e-05,
2022-08-05 08:00:00+00:00,6.774e-05,-1.016e-05,
2022-08-05 16:00:00+00:00,2.115e-05,0.0001,
2022-08-06 00:00:00+00:00,6.888e-05,0.0001,
2022-08-06 08:00:00+00:00,8.589e-05,4.177e-05,
2022-08-06 16:00:00+00:00,0.0001,0.0001,
2022-08-07 00:00:00+00:00,0.0001,0.0001,
2022-08-07 08:00:00+00:00,-7.37e-06,0.0001,
2022-08-07 16:00:00+00:00,2.401e-05,4.166e-05,
2022-08-08 00:00:00+00:00,0.0001,6.174e-05,
2022-08-08 08:00:00+00:00,2.79e-05,-8.578e-05,
2022-08-08 16:00:00+00:00,0.0001,-1.892e-05,
2022-08-09 00:00:00+00:00,0.0001,0.0001,
2022-08-09 08:00:00+00:00,7.92e-05,0.0001,
2022-08-09 16:00:00+00:00,0.0001,0.0001,
2022-08-10 00:00:00+00:00,-1.314e-05,0.0001,
2022-08-10 08:00:00+00:00,5.81e-06,0.0001,
2022-08-10 16:00:00+00:00,9.44e-05,0.0001,
2022-08-11 00:00:00+00:00,7.206e-05,0.0001,
2022-08-11 08:00:00+00:00,0.0001,0.0001,
2022-08-11 16:00:00+00:00,4.911e-05,0.0001,
2022-08-12 00:00:00+00:00,9.024e-05,0.0001,
2022-08-12 08:00:00+00:00,1.412e-05,0.0001,
2022-08-12 16:00:00+00:00,-3.384e-05,0.0001,
2022-08-13 00:00:00+00:00,-3.559e-05,0.0001,
2022-08-13 08:00:00+00:00,8.455e-05,0.0001,
2022-08-13 16:00:00+00:00,2.154e-05,0.0001,
2022-08-14 00:00:00+00:00,2.396e-05,0.0001,
2022-08-14 08:00:00+00:00,-3.33e-06,0.0001,
2022-08-14 16:00:00+00:00,1.239e-05,0.0001,
2022-08-15 00:00:00+00:00,-3.766e-05,0.0001,
2022-08-15 08:00:00+00:00,1.077e-05,0.0001,
2022-08-15 16:00:00+00:00,-1.339e-05,0.0001,
2022-08-16 00:00:00+00:00,3.243e-05,0.0001,
2022-08-16 08:00:00+00:00,1.56e-06,0.0001,
2022-08-16 16:00:00+00:00,2.87e-05,0.0001,
2022-08-17 00:00:00+00:00,4.66e-06,0.0001,
2022-08-17 08:00:00+00:00,2.62e-06,0.0001,
2022-08-17 16:00:00+00:00,9.364e-05,0.0001,
2022-08-18 00:00:00+00:00,8.391e-05,0.0001,
2022-08-18 08:00:00+00:00,0.0001,0.0001,
2022-08-18 16:00:00+00:00,7.171e-05,2.591e-05,
2022-08-19 00:00:00+00:00,0.0001,0.0001,
2022-08-19 08:00:00+00:00,2.108e-05,0.0001,
2022-08-19 16:00:00+00:00,-6.746e-05,1.981e-05,
2022-08-20 00:00:00+00:00,1.07e-05,7.325e-05,
2022-08-20 08:00:00+00:00,-6.722e-05,-0.00010208,
2022-08-20 16:00:00+00:00,-4.567e-05,-8.407e-05,
2022-08-21 00:00:00+00:00,-1.957e-05,-3.307e-05,
2022-08-21 08:00:00+00:00,-3.589e-05,-8.71e-05,
2022-08-21 16:00:00+00:00,-3.234e-05,-7.817e-05,
2022-08-22 00:00:00+00:00,-8.092e-05,-0.00012187,
2022-08-22 08:00:00+00:00,-3.215e-05,-2.536e-05,
2022-08-22 16:00:00+00:00,4.021e-05,-1.974e-05,
2022-08-23 00:00:00+00:00,-3.345e-05,-3.888e-05,
2022-08-23 08:00:00+00:00,-4.031e-05,-3.496e-05,
2022-08-23 16:00:00+00:00,8.46e-06,3.134e-05,
2022-08-24 00:00:00+00:00,2.509e-05,1.27e-05,
2022-08-24 08:00:00+00:00,-4.353e-05,-2.743e-05,
2022-08-24 16:00:00+00:00,-3.538e-05,-8.491e-05,
2022-08-25 00:00:00+00:00,1.28e-06,-3.609e-05,
2022-08-25 08:00:00+00:00,1.547e-05,-1.316e-05,
2022-08-25 16:00:00+00:00,4.481e-05,0.0001,
2022-08-26 00:00:00+00:00,-1.707e-05,7.881e-05,
2022-08-26 08:00:00+00:00,3.207e-05,0.0001,
2022-08-26 16:00:00+00:00,2.599e-05,0.0001,
2022-08-27 00:00:00+00:00,-2.808e-05,9.776e-05,
2022-08-27 08:00:00+00:00,-6.29e-05,-2.791e-05,
2022-08-27 16:00:00+00:00,-4.396e-05,4.68e-05,
2022-08-28 00:00:00+00:00,-1.396e-05,7.514e-05,
2022-08-28 08:00:00+00:00,-8.758e-05,1.835e-05,
2022-08-28 16:00:00+00:00,-2.443e-05,2.69e-05,
2022-08-29 00:00:00+00:00,-0.00013623,-2.107e-05,
2022-08-29 08:00:00+00:00,-0.00010056,-0.00012872,
2022-08-29 16:00:00+00:00,-6.193e-05,-0.00010156,
2022-08-30 00:00:00+00:00,1.123e-05,2.295e-05,
2022-08-30 08:00:00+00:00,-3.356e-05,9.14e-06,
2022-08-30 16:00:00+00:00,-5.903e-05,7.029e-05,
2022-08-31 00:00:00+00:00,-2.089e-05,7.635e-05,
2022-08-31 08:00:00+00:00,5.779e-05,1.027e-05,
2022-08-31 16:00:00+00:00,4.95e-05,2.156e-05,
2022-09-01 00:00:00+00:00,9.39e-05,6.267e-05,
2022-09-01 08:00:00+00:00,2.266e-05,6.768e-05,
2022-09-01 16:00:00+00:00,3.63e-05,0.0001,
2022-09-02 00:00:00+00:00,2.498e-05,0.0001,
2022-09-02 08:00:00+00:00,4.905e-05,0.0001,
2022-09-02 16:00:00+00:00,4.443e-05,2.906e-05,
2022-09-03 00:00:00+00:00,-1.99e-06,3.025e-05,
2022-09-03 08:00:00+00:00,9.442e-05,0.0001,
2022-09-03 16:00:00+00:00,1.115e-05,0.0001,
2022-09-04 00:00:00+00:00,5.88e-06,0.0001,
2022-09-04 08:00:00+00:00,5.463e-05,0.0001,
2022-09-04 16:00:00+00:00,2.119e-05,0.0001,
2022-09-05 00:00:00+00:00,8.292e-05,5.376e-05,
2022-09-05 08:00:00+00:00,-7.37e-06,0.0001,
2022-09-05 16:00:00+00:00,4.712e-05,0.0001,
2022-09-06 00:00:00+00:00,-2.45e-06,0.0001,
2022-09-06 08:00:00+00:00,3.43e-06,7.048e-05,
2022-09-06 16:00:00+00:00,3.473e-05,6.524e-05,
2022-09-07 00:00:00+00:00,-8.601e-05,0.0001,
2022-09-07 08:00:00+00:00,2.729e-05,0.0001,
2022-09-07 16:00:00+00:00,-3.48e-05,-3.055e-05,
2022-09-08 00:00:00+00:00,6.2e-06,-6.166e-05,
2022-09-08 08:00:00+00:00,3.327e-05,8.242e-05,
2022-09-08 16:00:00+00:00,5.667e-05,7.268e-05,
2022-09-09 00:00:00+00:00,1.312e-05,4.587e-05,
2022-09-09 08:00:00+00:00,0.0001,-0.00011025,
2022-09-09 16:00:00+00:00,0.0001,-0.00015318,
2022-09-10 00:00:00+00:00,0.0001,-8.964e-05,
2022-09-10 08:00:00+00:00,9.764e-05,-9.14e-06,
2022-09-10 16:00:00+00:00,0.0001,0.0001,
2022-09-11 00:00:00+00:00,7.115e-05,4.42e-06,
2022-09-11 08:00:00+00:00,0.0001,2.06e-05,
2022-09-11 16:00:00+00:00,6.712e-05,-5.103e-05,
2022-09-12 00:00:00+00:00,0.0001,-0.00012697,
2022-09-12 08:00:00+00:00,8.246e-05,-4.087e-05,
2022-09-12 16:00:00+00:00,0.0001,-0.00010085,
2022-09-13 00:00:00+00:00,9.965e-05,-3.721e-05,
2022-09-13 08:00:00+00:00,0.0001,4.252e-05,
2022-09-13 16:00:00+00:00,0.0001,0.0001,
2022-09-14 00:00:00+00:00,-3.953e-05,0.0001,
2022-09-14 08:00:00+00:00,7.27e-06,5.483e-05,
2022-09-14 16:00:00+00:00,1.004e-05,-8.62e-06,
2022-09-15 00:00:00+00:00,3.24e-06,3.868e-05,
2022-09-15 08:00:00+00:00,0.0001,9.994e-05,
2022-09-15 16:00:00+00:00,8.13e-06,-1.653e-05,
2022-09-16 00:00:00+00:00,8.055e-05,0.0001,
2022-09-16 08:00:00+00:00,4.349e-05,4.37e-05,
2022-09-16 16:00:00+00:00,2.919e-05,3.118e-05,
2022-09-17 00:00:00+00:00,3.024e-05,6.904e-05,
2022-09-17 08:00:00+00:00,4.336e-05,-1.74e-06,
2022-09-17 16:00:00+00:00,1.467e-05,1.48e-05,
2022-09-18 00:00:00+00:00,6.428e-05,3.252e-05,
2022-09-18 08:00:00+00:00,7.82e-05,8.301e-05,
2022-09-18 16:00:00+00:00,3.564e-05,0.0001,
2022-09-19 00:00:00+00:00,3.581e-05,0.0001,
2022-09-19 08:00:00+00:00,-9.289e-05,-2.09e-06,
2022-09-19 16:00:00+00:00,6e-06,-7.589e-05,
2022-09-20 00:00:00+00:00,7.813e-05,5.022e-05,
2022-09-20 08:00:00+00:00,5.855e-05,1.506e-05,
2022-09-20 16:00:00+00:00,1.721e-05,9.431e-05,
2022-09-21 00:00:00+00:00,5.185e-05,0.0001,
2022-09-21 08:00:00+00:00,1.478e-05,7.607e-05,
2022-09-21 16:00:00+00:00,2.732e-05,1.516e-05,
2022-09-22 00:00:00+00:00,-0.00011779,-4.847e-05,
2022-09-22 08:00:00+00:00,-6.911e-05,-9.459e-05,
2022-09-22 16:00:00+00:00,7.743e-05,1.717e-05,
2022-09-23 00:00:00+00:00,7.261e-05,1.496e-05,
2022-09-23 08:00:00+00:00,2.959e-05,-3.749e-05,
2022-09-23 16:00:00+00:00,-5.008e-05,3.188e-05,
2022-09-24 00:00:00+00:00,2.947e-05,1.908e-05,
2022-09-24 08:00:00+00:00,1.676e-05,3.276e-05,
2022-09-24 16:00:00+00:00,5.345e-05,5.797e-05,
2022-09-25 00:00:00+00:00,9.99e-06,0.0001,
2022-09-25 08:00:00+00:00,3.653e-05,2.737e-05,
2022-09-25 16:00:00+00:00,2.593e-05,2.898e-05,
2022-09-26 00:00:00+00:00,-6.6e-06,3.519e-05,
2022-09-26 08:00:00+00:00,3.696e-05,9.879e-05,
2022-09-26 16:00:00+00:00,4.497e-05,1.016e-05,
2022-09-27 00:00:00+00:00,2.244e-05,-2.284e-05,
2022-09-27 08:00:00+00:00,0.0001,-6.784e-05,
2022-09-27 16:00:00+00:00,8.538e-05,-3.419e-05,
2022-09-28 00:00:00+00:00,1.141e-05,3.444e-05,
2022-09-28 08:00:00+00:00,-1.071e-05,1.325e-05,
2022-09-28 16:00:00+00:00,5.332e-05,2.074e-05,
2022-09-29 00:00:00+00:00,5.681e-05,-4.804e-05,
2022-09-29 08:00:00+00:00,7.641e-05,-2.209e-05,
2022-09-29 16:00:00+00:00,6.685e-05,4.184e-05,
2022-09-30 00:00:00+00:00,0.0001,3.601e-05,
2022-09-30 08:00:00+00:00,0.0001,0.0001,
2022-09-30 16:00:00+00:00,0.0001,1.95e-05,
2022-10-01 00:00:00+00:00,3.198e-05,9.899e-05,
2022-10-01 08:00:00+00:00,0.0001,0.0001,
2022-10-01 16:00:00+00:00,7.005e-05,0.0001,
2022-10-02 00:00:00+00:00,4.262e-05,0.0001,
2022-10-02 08:00:00+00:00,5.816e-05,4.954e-05,
2022-10-02 16:00:00+00:00,5.384e-05,0.0001,
2022-10-03 00:00:00+00:00,3.996e-05,8.576e-05,
2022-10-03 08:00:00+00:00,8.316e-05,0.0001,
2022-10-03 16:00:00+00:00,0.0001,0.0001,
2022-10-04 00:00:00+00:00,0.0001,1.215e-05,
2022-10-04 08:00:00+00:00,0.0001,-5.25e-06,
2022-10-04 16:00:00+00:00,0.0001,-0.00012187,
2022-10-05 00:00:00+00:00,0.0001,-6.701e-05,
2022-10-05 08:00:00+00:00,0.0001,1.471e-05,
2022-10-05 16:00:00+00:00,0.0001,6.623e-05,
2022-10-06 00:00:00+00:00,0.0001,4.654e-05,
2022-10-06 08:00:00+00:00,0.0001,-3.424e-05,
2022-10-06 16:00:00+00:00,0.0001,0.0001,
2022-10-07 00:00:00+00:00,0.0001,0.0001,
2022-10-07 08:00:00+00:00,0.0001,0.0001,
2022-10-07 16:00:00+00:00,7.513e-05,0.0001,
2022-10-08 00:00:00+00:00,3.85e-05,0.0001,
2022-10-08 08:00:00+00:00,7.345e-05,0.0001,
2022-10-08 16:00:00+00:00,4.149e-05,0.0001,
2022-10-09 00:00:00+00:00,3.246e-05,8.493e-05,
2022-10-09 08:00:00+00:00,1.776e-05,5.543e-05,
2022-10-09 16:00:00+00:00,1.951e-05,4.58e-06,
2022-10-10 00:00:00+00:00,6.241e-05,0.0001,
2022-10-10 08:00:00+00:00,6.069e-05,0.0001,
2022-10-10 16:00:00+00:00,0.0001,0.0001,
2022-10-11 00:00:00+00:00,0.0001,0.0001,
2022-10-11 08:00:00+00:00,0.0001,0.0001,
2022-10-11 16:00:00+00:00,0.0001,0.0001,
2022-10-12 00:00:00+00:00,0.0001,0.0001,
2022-10-12 08:00:00+00:00,0.0001,0.0001,
2022-10-12 16:00:00+00:00,0.0001,0.0001,
2022-10-13 00:00:00+00:00,7.466e-05,7.248e-05,
2022-10-13 08:00:00+00:00,0.0001,0.0001,
2022-10-13 16:00:00+00:00,3.936e-05,0.0001,
2022-10-14 00:00:00+00:00,3.235e-05,-2.655e-05,
2022-10-14 08:00:00+00:00,0.0001,-4.4e-07,
2022-10-14 16:00:00+00:00,8.395e-05,3.467e-05,
2022-10-15 00:00:00+00:00,4.317e-05,0.0001,
2022-10-15 08:00:00+00:00,3.772e-05,8.506e-05,
2022-10-15 16:00:00+00:00,4.563e-05,7.789e-05,
2022-10-16 00:00:00+00:00,2.735e-05,8.867e-05,
2022-10-16 08:00:00+00:00,4.61e-06,5.522e-05,
2022-10-16 16:00:00+00:00,3.394e-05,1.462e-05,
2022-10-17 00:00:00+00:00,3.31e-06,6.233e-05,
2022-10-17 08:00:00+00:00,4.84e-05,0.0001,
2022-10-17 16:00:00+00:00,6.458e-05,-6.329e-05,
2022-10-18 00:00:00+00:00,0.0001,4.257e-05,
2022-10-18 08:00:00+00:00,0.0001,3.258e-05,
2022-10-18 16:00:00+00:00,0.0001,3.261e-05,
2022-10-19 00:00:00+00:00,7.598e-05,0.0001,
2022-10-19 08:00:00+00:00,0.0001,0.0001,
2022-10-19 16:00:00+00:00,0.0001,0.0001,
2022-10-20 00:00:00+00:00,0.0001,0.0001,
2022-10-20 08:00:00+00:00,6.021e-05,0.0001,
2022-10-20 16:00:00+00:00,2.095e-05,0.0001,
2022-10-21 00:00:00+00:00,4.708e-05,0.0001,
2022-10-21 08:00:00+00:00,4.483e-05,0.0001,
2022-10-21 16:00:00+00:00,-8.9e-06,0.0001,
2022-10-22 00:00:00+00:00,3.721e-05,4.43e-06,
2022-10-22 08:00:00+00:00,8.36e-05,-5.87e-06,
2022-10-22 16:00:00+00:00,-3.19e-06,-5.909e-05,
2022-10-23 00:00:00+00:00,4.152e-05,6.36e-06,
2022-10-23 08:00:00+00:00,1.171e-05,-2.399e-05,
2022-10-23 16:00:00+00:00,5.174e-05,6.019e-05,
2022-10-24 00:00:00+00:00,0.0001,-1.02e-05,
2022-10-24 08:00:00+00:00,0.0001,7.201e-05,
2022-10-24 16:00:00+00:00,2.328e-05,4.289e-05,
2022-10-25 00:00:00+00:00,4.327e-05,2.585e-05,
2022-10-25 08:00:00+00:00,9.019e-05,9.32e-06,
2022-10-25 16:00:00+00:00,-1.66e-06,-8.074e-05,
2022-10-26 00:00:00+00:00,2.243e-05,-0.0002228,
2022-10-26 08:00:00+00:00,5.665e-05,-6.514e-05,
2022-10-26 16:00:00+00:00,6.122e-05,-7.27e-06,
2022-10-27 00:00:00+00:00,1.3e-07,-4.945e-05,
2022-10-27 08:00:00+00:00,-2.276e-05,-7.82e-05,
2022-10-27 16:00:00+00:00,1.376e-05,1.722e-05,
2022-10-28 00:00:00+00:00,-1.228e-05,-7.5e-07,
2022-10-28 08:00:00+00:00,3.541e-05,3.124e-05,
2022-10-28 16:00:00+00:00,-2.629e-05,1.22e-05,
2022-10-29 00:00:00+00:00,2.484e-05,4.921e-05,
2022-10-29 08:00:00+00:00,4.755e-05,2.896e-05,
2022-10-29 16:00:00+00:00,4.205e-05,3.414e-05,
2022-10-30 00:00:00+00:00,-2.515e-05,-3.045e-05,
2022-10-30 08:00:00+00:00,3.212e-05,-1.171e-05,
2022-10-30 16:00:00+00:00,5.135e-05,-1.97e-06,
2022-10-31 00:00:00+00:00,1.504e-05,1.346e-05,
2022-10-31 08:00:00+00:00,3.842e-05,4.618e-05,
2022-10-31 16:00:00+00:00,-4.34e-06,6.003e-05,
2022-11-01 00:00:00+00:00,7.22e-06,6.1e-07,
2022-11-01 08:00:00+00:00,-1.088e-05,-7.105e-05,
2022-11-01 16:00:00+00:00,1.302e-05,3.047e-05,
2022-11-02 00:00:00+00:00,4.787e-05,6.306e-05,
2022-11-02 08:00:00+00:00,1.203e-05,2.412e-05,
2022-11-02 16:00:00+00:00,6.046e-05,5.665e-05,
2022-11-03 00:00:00+00:00,2.68e-05,7.337e-05,
2022-11-03 08:00:00+00:00,4.4e-06,-2.029e-05,
2022-11-03 16:00:00+00:00,6.94e-05,6.498e-05,
2022-11-04 00:00:00+00:00,4.429e-05,4.4e-05,
2022-11-04 08:00:00+00:00,1.148e-05,-9.663e-05,
2022-11-04 16:00:00+00:00,6.899e-05,-0.00011263,
2022-11-05 00:00:00+00:00,4.409e-05,-2.33e-05,
2022-11-05 08:00:00+00:00,4.541e-05,-0.00017016,
2022-11-05 16:00:00+00:00,0.0001,2.445e-05,
2022-11-06 00:00:00+00:00,6.491e-05,-2.33e-05,
2022-11-06 08:00:00+00:00,9.732e-05,8.92e-06,
2022-11-06 16:00:00+00:00,6.866e-05,5.65e-05,
2022-11-07 00:00:00+00:00,7.813e-05,9.657e-05,
2022-11-07 08:00:00+00:00,0.0001,0.0001,
2022-11-07 16:00:00+00:00,0.0001,0.0001,
2022-11-08 00:00:00+00:00,6.515e-05,8.265e-05,
2022-11-08 08:00:00+00:00,-7.88e-06,8.615e-05,
2022-11-08 16:00:00+00:00,9.446e-05,8.632e-05,
2022-11-09 00:00:00+00:00,-0.00013884,-0.00013242,
2022-11-09 08:00:00+00:00,7.305e-05,-5.53e-05,
2022-11-09 16:00:00+00:00,-0.00032976,-0.00011464,
2022-11-10 00:00:00+00:00,-0.00119172,-0.00072479,
2022-11-10 08:00:00+00:00,-0.00111953,-0.00090728,
2022-11-10 16:00:00+00:00,-0.00023833,-0.0005293,
2022-11-11 00:00:00+00:00,-0.00019452,-0.00045079,
2022-11-11 08:00:00+00:00,-7.277e-05,-0.00023665,
2022-11-11 16:00:00+00:00,-5.802e-05,-0.00023126,
2022-11-12 00:00:00+00:00,5.3e-05,-6.05e-05,
2022-11-12 08:00:00+00:00,-2.406e-05,-6.859e-05,
2022-11-12 16:00:00+00:00,6.521e-05,-0.00023166,
2022-11-13 00:00:00+00:00,3.33e-06,-0.00024885,
2022-11-13 08:00:00+00:00,-7.357e-05,-0.00044079,
2022-11-13 16:00:00+00:00,2.816e-05,0.0001,
2022-11-14 00:00:00+00:00,-3.809e-05,0.0001,
2022-11-14 08:00:00+00:00,-7.645e-05,0.0001,
2022-11-14 16:00:00+00:00,-1.132e-05,-8.397e-05,
2022-11-15 00:00:00+00:00,-0.00010925,9.19e-06,
2022-11-15 08:00:00+00:00,-0.00017664,-0.00037155,
2022-11-15 16:00:00+00:00,2.275e-05,-0.00036679,
2022-11-16 00:00:00+00:00,-0.00013216,-0.00049718,
2022-11-16 08:00:00+00:00,1.121e-05,-0.0003861,
2022-11-16 16:00:00+00:00,-6.617e-05,-3.357e-05,
2022-11-17 00:00:00+00:00,-4.542e-05,-0.00011015,
2022-11-17 08:00:00+00:00,-5.138e-05,-0.00021659,
2022-11-17 16:00:00+00:00,-2.701e-05,-0.00043963,
2022-11-18 00:00:00+00:00,-2.836e-05,-0.00078386,
2022-11-18 08:00:00+00:00,2.398e-05,-0.00011694,
2022-11-18 16:00:00+00:00,9.55e-06,0.0001,
2022-11-19 00:00:00+00:00,5.556e-05,0.0001,
2022-11-19 08:00:00+00:00,7.897e-05,0.0001,
2022-11-19 16:00:00+00:00,-1.169e-05,2.644e-05,
2022-11-20 00:00:00+00:00,-7.79e-06,-0.00011447,
2022-11-20 08:00:00+00:00,3.552e-05,-4.416e-05,
2022-11-20 16:00:00+00:00,-9.79e-06,4.894e-05,
2022-11-21 00:00:00+00:00,7.898e-05,0.0001,
2022-11-21 08:00:00+00:00,-1.218e-05,0.0001,
2022-11-21 16:00:00+00:00,2.302e-05,0.0001,
2022-11-22 00:00:00+00:00,-7.485e-05,-0.00012841,
2022-11-22 08:00:00+00:00,2.033e-05,0.0001,
2022-11-22 16:00:00+00:00,7.881e-05,-4.299e-05,
2022-11-23 00:00:00+00:00,9.406e-05,4.463e-05,
2022-11-23 08:00:00+00:00,0.0001,-0.00031843,
2022-11-23 16:00:00+00:00,-3.9e-06,-0.00041738,
2022-11-24 00:00:00+00:00,5.42e-05,-0.00010098,
2022-11-24 08:00:00+00:00,2.012e-05,-0.00033361,
2022-11-24 16:00:00+00:00,6.272e-05,-4.314e-05,
2022-11-25 00:00:00+00:00,2.058e-05,-0.00013314,
2022-11-25 08:00:00+00:00,4.61e-06,4.307e-05,
2022-11-25 16:00:00+00:00,1.329e-05,-0.00016923,
2022-11-26 00:00:00+00:00,3.859e-05,-9.822e-05,
2022-11-26 08:00:00+00:00,-2.455e-05,-0.00028792,
2022-11-26 16:00:00+00:00,3.523e-05,-0.00016621,
2022-11-27 00:00:00+00:00,1.063e-05,4.987e-05,
2022-11-27 08:00:00+00:00,-3.066e-05,-8.743e-05,
2022-11-27 16:00:00+00:00,3.784e-05,-0.00014055,
2022-11-28 00:00:00+00:00,2.303e-05,-9.912e-05,
2022-11-28 08:00:00+00:00,5.36e-06,0.0001,
2022-11-28 16:00:00+00:00,2.1e-07,-0.0001755,
2022-11-29 00:00:00+00:00,4.76e-05,9.429e-05,
2022-11-29 08:00:00+00:00,-3.85e-06,3.629e-05,
2022-11-29 16:00:00+00:00,4.171e-05,-8.526e-05,
2022-11-30 00:00:00+00:00,3.404e-05,1.048e-05,
2022-11-30 08:00:00+00:00,4.038e-05,-6.76e-06,
2022-11-30 16:00:00+00:00,9.511e-05,0.0001,
2022-12-01 00:00:00+00:00,1.029e-05,-0.00018601,
2022-12-01 08:00:00+00:00,-5.001e-05,-0.00030662,
2022-12-01 16:00:00+00:00,0.0001,-9.57e-05,
2022-12-02 00:00:00+00:00,8.203e-05,0.0001,
2022-12-02 08:00:00+00:00,2.825e-05,0.0001,
2022-12-02 16:00:00+00:00,-3.753e-05,4.769e-05,
2022-12-03 00:00:00+00:00,3.302e-05,-0.00011683,
2022-12-03 08:00:00+00:00,5.123e-05,-0.00010381,
2022-12-03 16:00:00+00:00,0.0001,0.0001,
2022-12-04 00:00:00+00:00,6.174e-05,0.0001,
2022-12-04 08:00:00+00:00,6.437e-05,8.482e-05,
2022-12-04 16:00:00+00:00,4.581e-05,6.685e-05,
2022-12-05 00:00:00+00:00,5.4e-07,-0.00010183,
2022-12-05 08:00:00+00:00,-4.218e-05,-0.00030041,
2022-12-05 16:00:00+00:00,4.603e-05,-0.00026486,
2022-12-06 00:00:00+00:00,2.206e-05,0.0001,
2022-12-06 08:00:00+00:00,4.118e-05,0.0001,
2022-12-06 16:00:00+00:00,2.305e-05,9.862e-05,
2022-12-07 00:00:00+00:00,7.887e-05,9.301e-05,
2022-12-07 08:00:00+00:00,6.58e-06,0.0001,
2022-12-07 16:00:00+00:00,-1.492e-05,0.0001,
2022-12-08 00:00:00+00:00,1.183e-05,-6.29e-06,
2022-12-08 08:00:00+00:00,2.152e-05,-8.519e-05,
2022-12-08 16:00:00+00:00,1.67e-06,-2.65e-05,
2022-12-09 00:00:00+00:00,1.178e-05,-0.0003213,
2022-12-09 08:00:00+00:00,4.007e-05,-0.00019539,
2022-12-09 16:00:00+00:00,3.198e-05,-7.354e-05,
2022-12-10 00:00:00+00:00,-1.669e-05,-3.7e-05,
2022-12-10 08:00:00+00:00,-6.87e-06,-4.695e-05,
2022-12-10 16:00:00+00:00,1.711e-05,-3.214e-05,
2022-12-11 00:00:00+00:00,9.29e-06,-0.00024822,
2022-12-11 08:00:00+00:00,8.73e-06,-7.33e-05,
2022-12-11 16:00:00+00:00,6.92e-06,-7.369e-05,
2022-12-12 00:00:00+00:00,2.406e-05,1.826e-05,
2022-12-12 08:00:00+00:00,2.638e-05,7.832e-05,
2022-12-12 16:00:00+00:00,-1.67e-05,-5.78e-05,
2022-12-13 00:00:00+00:00,3.003e-05,-0.0002016,
2022-12-13 08:00:00+00:00,1.971e-05,-0.00022398,
2022-12-13 16:00:00+00:00,0.0001,-0.00038555,
2022-12-14 00:00:00+00:00,0.0001,-0.00032917,
2022-12-14 08:00:00+00:00,0.0001,3.926e-05,
2022-12-14 16:00:00+00:00,0.0001,-0.00023733,
2022-12-15 00:00:00+00:00,0.0001,-0.0006066,
2022-12-15 08:00:00+00:00,0.0001,-0.00014548,
2022-12-15 16:00:00+00:00,5.18e-05,-6.123e-05,
2022-12-16 00:00:00+00:00,4.842e-05,0.0001,
2022-12-16 08:00:00+00:00,5.706e-05,-0.00019453,
2022-12-16 16:00:00+00:00,-1.987e-05,-7.165e-05,
2022-12-17 00:00:00+00:00,2.013e-05,0.0001,
2022-12-17 08:00:00+00:00,7.81e-05,0.0001,
2022-12-17 16:00:00+00:00,9.707e-05,9.731e-05,
2022-12-18 00:00:00+00:00,6.274e-05,9.656e-05,
2022-12-18 08:00:00+00:00,6.828e-05,5.52e-05,
2022-12-18 16:00:00+00:00,-6.47e-06,5.37e-06,
2022-12-19 00:00:00+00:00,6.468e-05,7.116e-05,
2022-12-19 08:00:00+00:00,3.493e-05,-4.437e-05,
2022-12-19 16:00:00+00:00,4.496e-05,3.085e-05,
2022-12-20 00:00:00+00:00,5.611e-05,0.0001,
2022-12-20 08:00:00+00:00,-1.2e-07,0.0001,
2022-12-20 16:00:00+00:00,3.401e-05,6.004e-05,
2022-12-21 00:00:00+00:00,3.778e-05,6.598e-05,
2022-12-21 08:00:00+00:00,7.742e-05,0.0001,
2022-12-21 16:00:00+00:00,7.582e-05,0.0001,
2022-12-22 00:00:00+00:00,2.918e-05,0.0001,
2022-12-22 08:00:00+00:00,8.167e-05,7.265e-05,
2022-12-22 16:00:00+00:00,7.198e-05,0.0001,
2022-12-23 00:00:00+00:00,0.0001,0.0001,
2022-12-23 08:00:00+00:00,0.0001,0.0001,
2022-12-23 16:00:00+00:00,8.903e-05,0.0001,
2022-12-24 00:00:00+00:00,0.0001,0.0001,
2022-12-24 08:00:00+00:00,4.748e-05,0.0001,
2022-12-24 16:00:00+00:00,6.222e-05,0.0001,
2022-12-25 00:00:00+00:00,5.21e-06,0.0001,
2022-12-25 08:00:00+00:00,1.855e-05,0.0001,
2022-12-25 16:00:00+00:00,3.06e-05,0.0001,
2022-12-26 00:00:00+00:00,3.319e-05,0.0001,
2022-12-26 08:00:00+00:00,-5.064e-05,4.361e-05,
2022-12-26 16:00:00+00:00,2.871e-05,9.139e-05,
2022-12-27 00:00:00+00:00,8.655e-05,0.0001,
2022-12-27 08:00:00+00:00,1.102e-05,8.357e-05,
2022-12-27 16:00:00+00:00,1.951e-05,0.0001,
2022-12-28 00:00:00+00:00,4.252e-05,0.0001,
2022-12-28 08:00:00+00:00,9.764e-05,0.0001,
2022-12-28 16:00:00+00:00,2.111e-05,0.0001,
2022-12-29 00:00:00+00:00,9.985e-05,0.0001,
2022-12-29 08:00:00+00:00,8.532e-05,0.0001,
2022-12-29 16:00:00+00:00,0.0001,0.0001,
2022-12-30 00:00:00+00:00,0.0001,0.0001,
2022-12-30 08:00:00+00:00,7.132e-05,0.0001,
2022-12-30 16:00:00+00:00,0.0001,0.0001,
2022-12-31 00:00:00+00:00,0.0001,0.00014457,
2022-12-31 08:00:00+00:00,0.0001,0.0003689,
2022-12-31 16:00:00+00:00,0.0001,0.00035736,
2023-01-01 00:00:00+00:00,0.0001,0.00024639,
2023-01-01 08:00:00+00:00,0.0001,0.0003643,
2023-01-01 16:00:00+00:00,6.91e-06,0.00019145,
2023-01-02 00:00:00+00:00,-1.488e-05,0.0001,
2023-01-02 08:00:00+00:00,-4.356e-05,0.0001,
2023-01-02 16:00:00+00:00,2.67e-05,0.0001,
2023-01-03 00:00:00+00:00,0.0001,0.0001,
2023-01-03 08:00:00+00:00,8.977e-05,0.0001,
2023-01-03 16:00:00+00:00,3.322e-05,0.0001,
2023-01-04 00:00:00+00:00,6.489e-05,0.0001,
2023-01-04 08:00:00+00:00,3.388e-05,0.0001,
2023-01-04 16:00:00+00:00,4.931e-05,0.0001,
2023-01-05 00:00:00+00:00,5.417e-05,6.612e-05,
2023-01-05 08:00:00+00:00,4.436e-05,3.569e-05,
2023-01-05 16:00:00+00:00,7.264e-05,0.0001,
2023-01-06 00:00:00+00:00,5.587e-05,-3.394e-05,
2023-01-06 08:00:00+00:00,6.591e-05,8.281e-05,
2023-01-06 16:00:00+00:00,8.658e-05,0.0001,
2023-01-07 00:00:00+00:00,2.508e-05,5.82e-06,
2023-01-07 08:00:00+00:00,6.71e-06,2.609e-05,
2023-01-07 16:00:00+00:00,0.0001,0.0001,
2023-01-08 00:00:00+00:00,5.657e-05,0.0001,
2023-01-08 08:00:00+00:00,0.0001,0.0001,
2023-01-08 16:00:00+00:00,7.452e-05,0.0001,
2023-01-09 00:00:00+00:00,5.796e-05,0.0001,
2023-01-09 08:00:00+00:00,-6.66e-06,-0.00011396,
2023-01-09 16:00:00+00:00,9.05e-06,-0.00021,
2023-01-10 00:00:00+00:00,2.417e-05,-0.00015672,
2023-01-10 08:00:00+00:00,9.685e-05,1.103e-05,
2023-01-10 16:00:00+00:00,3.129e-05,-0.00017739,
2023-01-11 00:00:00+00:00,2.761e-05,-0.0004199,
2023-01-11 08:00:00+00:00,2.477e-05,-0.00016625,
2023-01-11 16:00:00+00:00,-2.11e-06,1.701e-05,
2023-01-12 00:00:00+00:00,7.549e-05,-0.00025655,
2023-01-12 08:00:00+00:00,0.0001,-0.00019061,
2023-01-12 16:00:00+00:00,0.0001,-1.809e-05,
2023-01-13 00:00:00+00:00,0.0001,-0.00035608,
2023-01-13 08:00:00+00:00,0.0001,-0.00042722,
2023-01-13 16:00:00+00:00,7.16e-05,-0.00029924,
2023-01-14 00:00:00+00:00,8.746e-05,-0.00045309,
2023-01-14 08:00:00+00:00,0.00045847,0.0001,
2023-01-14 16:00:00+00:00,0.0001,0.0001,
2023-01-15 00:00:00+00:00,0.00013712,0.0001,
2023-01-15 08:00:00+00:00,0.00012434,0.0001,
2023-01-15 16:00:00+00:00,0.00019892,0.0001,
2023-01-16 00:00:00+00:00,0.0001,0.0001,
2023-01-16 08:00:00+00:00,0.0001,0.0001,
2023-01-16 16:00:00+00:00,0.0001,0.0001,
2023-01-17 00:00:00+00:00,0.0001,0.0001,
2023-01-17 08:00:00+00:00,0.0001,0.0001,
2023-01-17 16:00:00+00:00,0.0001,0.0001,
2023-01-18 00:00:00+00:00,0.0001,-9.82e-05,
2023-01-18 08:00:00+00:00,0.0001,0.0001,
2023-01-18 16:00:00+00:00,0.0001,1.262e-05,
2023-01-19 00:00:00+00:00,0.0001,0.0001,
2023-01-19 08:00:00+00:00,0.0001,0.0001,
2023-01-19 16:00:00+00:00,0.0001,-1.471e-05,
2023-01-20 00:00:00+00:00,0.0001,-0.00018378,
2023-01-20 08:00:00+00:00,0.0001,-1.235e-05,
2023-01-20 16:00:00+00:00,0.0001,9.14e-06,
2023-01-21 00:00:00+00:00,0.0001,9.66e-06,
2023-01-21 08:00:00+00:00,0.0001,0.0001,
2023-01-21 16:00:00+00:00,0.0001,0.0001,
2023-01-22 00:00:00+00:00,0.0001,0.0001,
2023-01-22 08:00:00+00:00,0.0001,0.0001,
2023-01-22 16:00:00+00:00,0.0001,0.0001,
2023-01-23 00:00:00+00:00,0.0001,0.0001,
2023-01-23 08:00:00+00:00,0.0001,0.0001,
2023-01-23 16:00:00+00:00,0.0001,0.0001,
2023-01-24 00:00:00+00:00,0.0001,0.0001,
2023-01-24 08:00:00+00:00,0.0001,0.0001,
2023-01-24 16:00:00+00:00,0.0001,0.0001,
2023-01-25 00:00:00+00:00,0.0001,0.0001,
2023-01-25 08:00:00+00:00,0.0001,0.0001,
2023-01-25 16:00:00+00:00,0.0001,0.0001,
2023-01-26 00:00:00+00:00,0.0001,0.0001,
2023-01-26 08:00:00+00:00,0.0001,0.0001,
2023-01-26 16:00:00+00:00,0.0001,0.0001,
2023-01-27 00:00:00+00:00,0.0001,0.0001,
2023-01-27 08:00:00+00:00,9.541e-05,0.0001,
2023-01-27 16:00:00+00:00,0.0001,0.0001,
2023-01-28 00:00:00+00:00,0.0001,0.0001,
2023-01-28 08:00:00+00:00,0.0001,0.0001,
2023-01-28 16:00:00+00:00,0.0001,0.0001,
2023-01-29 00:00:00+00:00,0.0001,0.0001,
2023-01-29 08:00:00+00:00,0.0001,0.0001,
2023-01-29 16:00:00+00:00,0.0001,0.0001,
2023-01-30 00:00:00+00:00,0.0001,0.0001,
2023-01-30 08:00:00+00:00,0.0001,0.0001,
2023-01-30 16:00:00+00:00,0.0001,0.0001,
2023-01-31 00:00:00+00:00,0.0001,0.0001,
2023-01-31 08:00:00+00:00,0.0001,0.0001,
2023-01-31 16:00:00+00:00,0.0001,0.0001,
2023-02-01 00:00:00+00:00,0.0001,0.0001,
2023-02-01 08:00:00+00:00,0.0001,0.0001,
2023-02-01 16:00:00+00:00,0.0001,0.0001,
2023-02-02 00:00:00+00:00,0.0001,0.0001,
2023-02-02 08:00:00+00:00,0.0001,0.0001,
2023-02-02 16:00:00+00:00,0.0001,0.0001,
2023-02-03 00:00:00+00:00,0.0001,0.0001,
2023-02-03 08:00:00+00:00,0.0001,0.0001,
2023-02-03 16:00:00+00:00,0.0001,0.0001,
2023-02-04 00:00:00+00:00,0.0001,0.0001,
2023-02-04 08:00:00+00:00,0.0001,0.0001,
2023-02-04 16:00:00+00:00,0.0001,0.0001,
2023-02-05 00:00:00+00:00,0.0001,0.0001,
2023-02-05 08:00:00+00:00,0.0001,0.0001,
2023-02-05 16:00:00+00:00,0.0001,0.0001,
2023-02-06 00:00:00+00:00,0.0001,0.0001,
2023-02-06 08:00:00+00:00,0.0001,0.0001,
2023-02-06 16:00:00+00:00,0.0001,0.0001,
2023-02-07 00:00:00+00:00,0.0001,0.0001,
2023-02-07 08:00:00+00:00,0.0001,0.0001,
2023-02-07 16:00:00+00:00,0.0001,0.0001,
2023-02-08 00:00:00+00:00,0.0001,0.0001,
2023-02-08 08:00:00+00:00,0.0001,0.0001,
2023-02-08 16:00:00+00:00,0.0001,0.0001,
2023-02-09 00:00:00+00:00,0.0001,0.0001,
2023-02-09 08:00:00+00:00,0.0001,0.0001,
2023-02-09 16:00:00+00:00,0.0001,5.169e-05,
2023-02-10 00:00:00+00:00,0.0001,0.0001,
2023-02-10 08:00:00+00:00,0.0001,0.0001,
2023-02-10 16:00:00+00:00,0.0001,0.0001,
2023-02-11 00:00:00+00:00,7.684e-05,0.0001,
2023-02-11 08:00:00+00:00,5.572e-05,5.648e-05,
2023-02-11 16:00:00+00:00,5.241e-05,0.0001,
2023-02-12 00:00:00+00:00,5.343e-05,0.0001,
2023-02-12 08:00:00+00:00,0.0001,0.0001,
2023-02-12 16:00:00+00:00,2.27e-05,0.0001,
2023-02-13 00:00:00+00:00,2.074e-05,3.235e-05,
2023-02-13 08:00:00+00:00,6.323e-05,0.0001,
2023-02-13 16:00:00+00:00,0.0001,0.0001,
2023-02-14 00:00:00+00:00,0.0001,0.0001,
2023-02-14 08:00:00+00:00,0.0001,0.0001,
2023-02-14 16:00:00+00:00,8.887e-05,0.0001,
2023-02-15 00:00:00+00:00,2.377e-05,1.311e-05,
2023-02-15 08:00:00+00:00,2.63e-05,5.8e-07,
2023-02-15 16:00:00+00:00,9.071e-05,7.91e-06,
2023-02-16 00:00:00+00:00,0.0001,0.0001,
2023-02-16 08:00:00+00:00,0.0001,0.0001,
2023-02-16 16:00:00+00:00,0.00023171,0.00014868,
2023-02-17 00:00:00+00:00,0.0001,0.0001,
2023-02-17 08:00:00+00:00,0.0001,0.0001,
2023-02-17 16:00:00+00:00,0.0001,0.0001,
2023-02-18 00:00:00+00:00,0.0001,0.0001,
2023-02-18 08:00:00+00:00,0.0001,0.0001,
2023-02-18 16:00:00+00:00,0.0001,0.0001,
2023-02-19 00:00:00+00:00,0.0001,0.0001,
2023-02-19 08:00:00+00:00,0.0001,0.0001,
2023-02-19 16:00:00+00:00,0.0001,0.0001,
2023-02-20 00:00:00+00:00,0.0001,0.0001,
2023-02-20 08:00:00+00:00,0.0001,0.0001,
2023-02-20 16:00:00+00:00,0.0001,0.0001,
2023-02-21 00:00:00+00:00,0.0001,0.0001,
2023-02-21 08:00:00+00:00,0.0001,0.0001,
2023-02-21 16:00:00+00:00,0.0001,0.0001,
2023-02-22 00:00:00+00:00,0.0001,0.0001,
2023-02-22 08:00:00+00:00,0.0001,0.0001,
2023-02-22 16:00:00+00:00,0.0001,0.0001,
2023-02-23 00:00:00+00:00,0.0001,0.0001,
2023-02-23 08:00:00+00:00,3.506e-05,0.0001,
2023-02-23 16:00:00+00:00,3.631e-05,0.0001,
2023-02-24 00:00:00+00:00,4.978e-05,0.0001,
2023-02-24 08:00:00+00:00,4.949e-05,0.0001,
2023-02-24 16:00:00+00:00,5.44e-05,0.0001,
2023-02-25 00:00:00+00:00,1.183e-05,0.0001,
2023-02-25 08:00:00+00:00,6.1e-06,0.0001,
2023-02-25 16:00:00+00:00,-4.8e-07,0.0001,
2023-02-26 00:00:00+00:00,7.372e-05,0.0001,
2023-02-26 08:00:00+00:00,2.76e-05,0.0001,
2023-02-26 16:00:00+00:00,6.581e-05,0.0001,
2023-02-27 00:00:00+00:00,8.144e-05,0.0001,
2023-02-27 08:00:00+00:00,1.196e-05,0.0001,
2023-02-27 16:00:00+00:00,6.826e-05,0.0001,
2023-02-28 00:00:00+00:00,3.414e-05,0.0001,
2023-02-28 08:00:00+00:00,1.985e-05,0.0001,
2023-02-28 16:00:00+00:00,5.95e-05,0.0001,
2023-03-01 00:00:00+00:00,1.85e-06,0.0001,
2023-03-01 08:00:00+00:00,0.0001,0.0001,
2023-03-01 16:00:00+00:00,0.0001,0.0001,
2023-03-02 00:00:00+00:00,8.612e-05,0.0001,
2023-03-02 08:00:00+00:00,8.703e-05,0.0001,
2023-03-02 16:00:00+00:00,8.395e-05,0.0001,
2023-03-03 00:00:00+00:00,0.0001,0.0001,
2023-03-03 08:00:00+00:00,-4.203e-05,0.0001,
2023-03-03 16:00:00+00:00,-2.26e-06,0.0001,
2023-03-04 00:00:00+00:00,5.3e-06,0.0001,
2023-03-04 08:00:00+00:00,3.812e-05,5.761e-05,
2023-03-04 16:00:00+00:00,2.104e-05,2.137e-05,
2023-03-05 00:00:00+00:00,1.874e-05,0.0001,
2023-03-05 08:00:00+00:00,5.44e-06,3.899e-05,
2023-03-05 16:00:00+00:00,3.706e-05,0.0001,
2023-03-06 00:00:00+00:00,4.054e-05,3.621e-05,
2023-03-06 08:00:00+00:00,5.46e-05,-8.53e-06,
2023-03-06 16:00:00+00:00,5.414e-05,3.329e-05,
2023-03-07 00:00:00+00:00,1.173e-05,3.018e-05,
2023-03-07 08:00:00+00:00,4.375e-05,3.779e-05,
2023-03-07 16:00:00+00:00,2.631e-05,0.0001,
2023-03-08 00:00:00+00:00,2.917e-05,0.0001,
2023-03-08 08:00:00+00:00,3.816e-05,5.819e-05,
2023-03-08 16:00:00+00:00,0.0001,0.0001,
2023-03-09 00:00:00+00:00,0.0001,0.0001,
2023-03-09 08:00:00+00:00,0.0001,0.0001,
2023-03-09 16:00:00+00:00,0.0001,0.0001,
2023-03-10 00:00:00+00:00,-8.895e-05,0.0001,
2023-03-10 08:00:00+00:00,5.26e-06,2.191e-05,
2023-03-10 16:00:00+00:00,-1.647e-05,5.194e-05,
2023-03-11 00:00:00+00:00,2.364e-05,7.963e-05,
2023-03-11 08:00:00+00:00,-2.296e-05,2.727e-05,
2023-03-11 16:00:00+00:00,-2.341e-05,0.0001,
2023-03-12 00:00:00+00:00,3.76e-06,0.0001,
2023-03-12 08:00:00+00:00,9.088e-05,0.0001,
2023-03-12 16:00:00+00:00,-4.068e-05,9.121e-05,
2023-03-13 00:00:00+00:00,0.0001,0.0001,
2023-03-13 08:00:00+00:00,6.011e-05,-2.81e-05,
2023-03-13 16:00:00+00:00,0.0001,0.0001,
2023-03-14 00:00:00+00:00,0.00015042,0.00012226,
2023-03-14 08:00:00+00:00,0.0001,0.0001,
2023-03-14 16:00:00+00:00,0.00029811,0.0001,
2023-03-15 00:00:00+00:00,0.0001,0.0001,
2023-03-15 08:00:00+00:00,0.00024127,0.0001719,
2023-03-15 16:00:00+00:00,0.00022126,0.0001,
2023-03-16 00:00:00+00:00,0.0001,0.0001,
2023-03-16 08:00:00+00:00,0.0001,0.0001,
2023-03-16 16:00:00+00:00,0.0001,0.0001,
2023-03-17 00:00:00+00:00,3.311e-05,0.0001,
2023-03-17 08:00:00+00:00,0.0001,0.0001,
2023-03-17 16:00:00+00:00,0.0001,0.0001,
2023-03-18 00:00:00+00:00,0.0001,0.0001,
2023-03-18 08:00:00+00:00,0.0001,0.0001,
2023-03-18 16:00:00+00:00,0.0001,0.0001,
2023-03-19 00:00:00+00:00,0.0001,0.0001,
2023-03-19 08:00:00+00:00,0.0001,0.0001,
2023-03-19 16:00:00+00:00,0.0001,0.0001,
2023-03-20 00:00:00+00:00,0.0001,0.0001,
2023-03-20 08:00:00+00:00,9.081e-05,0.0001,
2023-03-20 16:00:00+00:00,0.0001,0.0001,
2023-03-21 00:00:00+00:00,8.118e-05,0.0001,
2023-03-21 08:00:00+00:00,1.254e-05,3.085e-05,
2023-03-21 16:00:00+00:00,2.92e-06,7.882e-05,
2023-03-22 00:00:00+00:00,2.68e-06,-7.95e-06,
2023-03-22 08:00:00+00:00,6e-08,6.154e-05,
2023-03-22 16:00:00+00:00,5.334e-05,6.755e-05,
2023-03-23 00:00:00+00:00,2.48e-06,-8.95e-06,
2023-03-23 08:00:00+00:00,-1.09e-05,8.682e-05,
2023-03-23 16:00:00+00:00,0.0001,0.0001,
2023-03-24 00:00:00+00:00,0.0001,0.0001,
2023-03-24 08:00:00+00:00,0.0001,0.0001,
2023-03-24 16:00:00+00:00,0.0001,6.691e-05,
2023-03-25 00:00:00+00:00,-3.1e-06,0.0001,
2023-03-25 08:00:00+00:00,4.25e-06,0.0001,
2023-03-25 16:00:00+00:00,2.92e-06,3.954e-05,
2023-03-26 00:00:00+00:00,6.1e-07,2.751e-05,
2023-03-26 08:00:00+00:00,-3.326e-05,-4.2e-05,
2023-03-26 16:00:00+00:00,3.634e-05,4.325e-05,
2023-03-27 00:00:00+00:00,2.905e-05,7.762e-05,
2023-03-27 08:00:00+00:00,2.409e-05,9.65e-06,
2023-03-27 16:00:00+00:00,-3.96e-06,4.464e-05,
2023-03-28 00:00:00+00:00,-1.428e-05,1.868e-05,
2023-03-28 08:00:00+00:00,1.123e-05,8.063e-05,
2023-03-28 16:00:00+00:00,7.531e-05,0.0001,
2023-03-29 00:00:00+00:00,6.075e-05,-5.442e-05,
2023-03-29 08:00:00+00:00,7.098e-05,-1.909e-05,
2023-03-29 16:00:00+00:00,0.0001,0.0001,
2023-03-30 00:00:00+00:00,6.987e-05,0.0001,
2023-03-30 08:00:00+00:00,5.638e-05,0.0001,
2023-03-30 16:00:00+00:00,1.123e-05,0.0001,
2023-03-31 00:00:00+00:00,-2.712e-05,8.299e-05,
2023-03-31 08:00:00+00:00,6.358e-05,3.594e-05,
2023-03-31 16:00:00+00:00,0.0001,-2.597e-05,
2023-04-01 00:00:00+00:00,0.0001,1.2e-07,
2023-04-01 08:00:00+00:00,0.0001,-1.623e-05,
2023-04-01 16:00:00+00:00,8.84e-05,1.4e-06,
2023-04-02 00:00:00+00:00,4.527e-05,1.637e-05,
2023-04-02 08:00:00+00:00,6.893e-05,4.341e-05,
2023-04-02 16:00:00+00:00,4.514e-05,4.779e-05,
2023-04-03 00:00:00+00:00,1.759e-05,9.336e-05,
2023-04-03 08:00:00+00:00,-1.24e-05,4.414e-05,
2023-04-03 16:00:00+00:00,5.688e-05,2.306e-05,
2023-04-04 00:00:00+00:00,-6.009e-05,-5.31e-06,
2023-04-04 08:00:00+00:00,-1.357e-05,-8.16e-06,
2023-04-04 16:00:00+00:00,-1.276e-05,-1.772e-05,
2023-04-05 00:00:00+00:00,2.76e-05,-8.251e-05,
2023-04-05 08:00:00+00:00,8.517e-05,0.0001,
2023-04-05 16:00:00+00:00,5.265e-05,0.0001,
2023-04-06 00:00:00+00:00,1.442e-05,3.404e-05,
2023-04-06 08:00:00+00:00,3.598e-05,1.126e-05,
2023-04-06 16:00:00+00:00,-2.975e-05,-3.96e-06,
2023-04-07 00:00:00+00:00,1.004e-05,7.384e-05,
2023-04-07 08:00:00+00:00,-1.473e-05,9.198e-05,
2023-04-07 16:00:00+00:00,1.055e-05,4.025e-05,
2023-04-08 00:00:00+00:00,2.68e-06,5.402e-05,
2023-04-08 08:00:00+00:00,4.66e-06,4.401e-05,
2023-04-08 16:00:00+00:00,3.192e-05,5.449e-05,
2023-04-09 00:00:00+00:00,9.5e-06,8.156e-05,
2023-04-09 08:00:00+00:00,-9.04e-06,1.394e-05,
2023-04-09 16:00:00+00:00,-8.53e-06,6.249e-05,
2023-04-10 00:00:00+00:00,0.0001,2.949e-05,
2023-04-10 08:00:00+00:00,0.0001,-5.131e-05,
2023-04-10 16:00:00+00:00,6.167e-05,-2.71e-06,
2023-04-11 00:00:00+00:00,0.0001,-6.38e-06,
2023-04-11 08:00:00+00:00,0.0001,0.0001,
2023-04-11 16:00:00+00:00,0.0001,0.0001,
2023-04-12 00:00:00+00:00,9.582e-05,0.0001,
2023-04-12 08:00:00+00:00,8.195e-05,0.0001,
2023-04-12 16:00:00+00:00,1.747e-05,6.271e-05,
2023-04-13 00:00:00+00:00,6.665e-05,5.908e-05,
2023-04-13 08:00:00+00:00,4.427e-05,0.0001,
2023-04-13 16:00:00+00:00,0.0001,0.0001,
2023-04-14 00:00:00+00:00,-1.13e-06,0.0001,
2023-04-14 08:00:00+00:00,0.0001,0.0001,
2023-04-14 16:00:00+00:00,3.42e-05,0.0001,
2023-04-15 00:00:00+00:00,-4.975e-05,4.07e-06,
2023-04-15 08:00:00+00:00,8.455e-05,0.0001,
2023-04-15 16:00:00+00:00,0.0001,0.0001,
2023-04-16 00:00:00+00:00,7.144e-05,0.0001,
2023-04-16 08:00:00+00:00,0.0001,0.0001,
2023-04-16 16:00:00+00:00,0.0001,0.0001,
2023-04-17 00:00:00+00:00,0.0001,0.0001,
2023-04-17 08:00:00+00:00,7.376e-05,0.0001,
2023-04-17 16:00:00+00:00,0.0001,0.0001,
2023-04-18 00:00:00+00:00,4.683e-05,0.0001,
2023-04-18 08:00:00+00:00,-5.1e-06,0.0001,
2023-04-18 16:00:00+00:00,6.772e-05,0.0001,
2023-04-19 00:00:00+00:00,0.0001,0.0001,
2023-04-19 08:00:00+00:00,6.231e-05,0.0001,
2023-04-19 16:00:00+00:00,-8.1e-07,0.0001,
2023-04-20 00:00:00+00:00,8.579e-05,0.0001,
2023-04-20 08:00:00+00:00,3.668e-05,0.0001,
2023-04-20 16:00:00+00:00,5.898e-05,0.0001,
2023-04-21 00:00:00+00:00,6.297e-05,0.0001,
2023-04-21 08:00:00+00:00,0.0001,0.0001,
2023-04-21 16:00:00+00:00,0.0001,0.0001,
2023-04-22 00:00:00+00:00,0.0001,0.0001,
2023-04-22 08:00:00+00:00,6.858e-05,0.0001,
2023-04-22 16:00:00+00:00,2.09e-05,0.0001,
2023-04-23 00:00:00+00:00,3.768e-05,0.0001,
2023-04-23 08:00:00+00:00,1.376e-05,0.0001,
2023-04-23 16:00:00+00:00,2.369e-05,8.685e-05,
2023-04-24 00:00:00+00:00,4.679e-05,0.0001,
2023-04-24 08:00:00+00:00,3.694e-05,0.0001,
2023-04-24 16:00:00+00:00,2.63e-05,3.695e-05,
2023-04-25 00:00:00+00:00,5.066e-05,7.732e-05,
2023-04-25 08:00:00+00:00,6.606e-05,0.0001,
2023-04-25 16:00:00+00:00,8.541e-05,7.472e-05,
2023-04-26 00:00:00+00:00,4.346e-05,-6.6e-07,
2023-04-26 08:00:00+00:00,1.686e-05,1.456e-05,
2023-04-26 16:00:00+00:00,0.0001,5.947e-05,
2023-04-27 00:00:00+00:00,2.518e-05,0.0001,
2023-04-27 08:00:00+00:00,5.769e-05,8.932e-05,
2023-04-27 16:00:00+00:00,3.265e-05,5.14e-05,
2023-04-28 00:00:00+00:00,0.0001,5.434e-05,
2023-04-28 08:00:00+00:00,0.0001,0.0001,
2023-04-28 16:00:00+00:00,4.476e-05,8.576e-05,
2023-04-29 00:00:00+00:00,3.7e-07,6.136e-05,
2023-04-29 08:00:00+00:00,6.751e-05,-4.155e-05,
2023-04-29 16:00:00+00:00,7.826e-05,1.043e-05,
2023-04-30 00:00:00+00:00,3.132e-05,1.06e-06,
2023-04-30 08:00:00+00:00,3.501e-05,1.77e-06,
2023-04-30 16:00:00+00:00,6.078e-05,-3.648e-05,
2023-05-01 00:00:00+00:00,2.435e-05,8.58e-05,
2023-05-01 08:00:00+00:00,-6.37e-05,5.264e-05,
2023-05-01 16:00:00+00:00,5.66e-06,1.07e-06,
2023-05-02 00:00:00+00:00,9.68e-06,0.0001,
2023-05-02 08:00:00+00:00,6.135e-05,5.136e-05,
2023-05-02 16:00:00+00:00,1.204e-05,4.872e-05,
2023-05-03 00:00:00+00:00,8.568e-05,-4.562e-05,
2023-05-03 08:00:00+00:00,5.435e-05,0.0001,
2023-05-03 16:00:00+00:00,5.701e-05,0.0001,
2023-05-04 00:00:00+00:00,0.0001,0.0001,
2023-05-04 08:00:00+00:00,9.992e-05,0.0001,
2023-05-04 16:00:00+00:00,4.314e-05,0.0001,
2023-05-05 00:00:00+00:00,3.731e-05,4.261e-05,
2023-05-05 08:00:00+00:00,9.909e-05,0.0001,
2023-05-05 16:00:00+00:00,8.548e-05,0.0001,
2023-05-06 00:00:00+00:00,0.0001,0.0001,
2023-05-06 08:00:00+00:00,0.0001,0.0001,
2023-05-06 16:00:00+00:00,0.0001,0.0001,
2023-05-07 00:00:00+00:00,4.321e-05,9.624e-05,
2023-05-07 08:00:00+00:00,4.047e-05,-3.8e-06,
2023-05-07 16:00:00+00:00,6.046e-05,3.148e-05,
2023-05-08 00:00:00+00:00,7.2e-06,8.703e-05,
2023-05-08 08:00:00+00:00,4.07e-06,8.905e-05,
2023-05-08 16:00:00+00:00,3.902e-05,7.05e-05,
2023-05-09 00:00:00+00:00,5.11e-05,0.0001,
2023-05-09 08:00:00+00:00,6.841e-05,8.542e-05,
2023-05-09 16:00:00+00:00,3.78e-06,8.356e-05,
2023-05-10 00:00:00+00:00,3.752e-05,7.871e-05,
2023-05-10 08:00:00+00:00,4.785e-05,5.003e-05,
2023-05-10 16:00:00+00:00,3.792e-05,-1.589e-05,
2023-05-11 00:00:00+00:00,1.596e-05,-1.436e-05,
2023-05-11 08:00:00+00:00,6.926e-05,3.42e-05,
2023-05-11 16:00:00+00:00,5.207e-05,1.364e-05,
2023-05-12 00:00:00+00:00,3.633e-05,3.612e-05,
2023-05-12 08:00:00+00:00,3.964e-05,6.721e-05,
2023-05-12 16:00:00+00:00,2.762e-05,6.428e-05,
2023-05-13 00:00:00+00:00,-1e-07,3.724e-05,
2023-05-13 08:00:00+00:00,5.385e-05,3.879e-05,
2023-05-13 16:00:00+00:00,4.494e-05,3.553e-05,
2023-05-14 00:00:00+00:00,1.715e-05,7.907e-05,
2023-05-14 08:00:00+00:00,3.039e-05,4.795e-05,
2023-05-14 16:00:00+00:00,3.537e-05,8.298e-05,
2023-05-15 00:00:00+00:00,4.407e-05,7.979e-05,
2023-05-15 08:00:00+00:00,-1.576e-05,1.918e-05,
2023-05-15 16:00:00+00:00,-1.9e-06,5.153e-05,
2023-05-16 00:00:00+00:00,8.66e-05,3.473e-05,
2023-05-16 08:00:00+00:00,3.165e-05,7.758e-05,
2023-05-16 16:00:00+00:00,5.8e-05,8.434e-05,
2023-05-17 00:00:00+00:00,8.392e-05,0.0001,
2023-05-17 08:00:00+00:00,7.029e-05,0.0001,
2023-05-17 16:00:00+00:00,4.461e-05,7.675e-05,
2023-05-18 00:00:00+00:00,0.0001,5.809e-05,
2023-05-18 08:00:00+00:00,0.0001,-9.5e-06,
2023-05-18 16:00:00+00:00,8.342e-05,0.0001,
2023-05-19 00:00:00+00:00,2.716e-05,7.105e-05,
2023-05-19 08:00:00+00:00,4.474e-05,9.379e-05,
2023-05-19 16:00:00+00:00,3.815e-05,7.141e-05,
2023-05-20 00:00:00+00:00,5.313e-05,0.0001,
2023-05-20 08:00:00+00:00,2.455e-05,0.0001,
2023-05-20 16:00:00+00:00,-8.49e-06,2.041e-05,
2023-05-21 00:00:00+00:00,4.776e-05,-1.167e-05,
2023-05-21 08:00:00+00:00,7.262e-05,0.0001,
2023-05-21 16:00:00+00:00,5.071e-05,0.0001,
2023-05-22 00:00:00+00:00,3.019e-05,0.0001,
2023-05-22 08:00:00+00:00,2.1e-06,0.0001,
2023-05-22 16:00:00+00:00,4.77e-05,0.0001,
2023-05-23 00:00:00+00:00,0.0001,6.784e-05,
2023-05-23 08:00:00+00:00,0.0001,4.273e-05,
2023-05-23 16:00:00+00:00,0.0001,2.217e-05,
2023-05-24 00:00:00+00:00,0.0001,0.0001,
2023-05-24 08:00:00+00:00,2.067e-05,0.0001,
2023-05-24 16:00:00+00:00,4.362e-05,0.0001,
2023-05-25 00:00:00+00:00,5.82e-05,0.0001,
2023-05-25 08:00:00+00:00,0.0001,5.76e-05,
2023-05-25 16:00:00+00:00,0.0001,5.212e-05,
2023-05-26 00:00:00+00:00,0.0001,3.485e-05,
2023-05-26 08:00:00+00:00,9.583e-05,-1.91e-05,
2023-05-26 16:00:00+00:00,4.953e-05,0.0001,
2023-05-27 00:00:00+00:00,7.146e-05,-1.856e-05,
2023-05-27 08:00:00+00:00,8.564e-05,9.096e-05,
2023-05-27 16:00:00+00:00,7.362e-05,8.723e-05,
2023-05-28 00:00:00+00:00,9.88e-05,6.006e-05,
2023-05-28 08:00:00+00:00,0.0001,-5.538e-05,
2023-05-28 16:00:00+00:00,0.0001,-3.221e-05,
2023-05-29 00:00:00+00:00,0.0001,3.516e-05,
2023-05-29 08:00:00+00:00,0.0001,9.328e-05,
2023-05-29 16:00:00+00:00,0.0001,0.0001,
2023-05-30 00:00:00+00:00,6.187e-05,0.0001,
2023-05-30 08:00:00+00:00,9.036e-05,0.0001,
2023-05-30 16:00:00+00:00,3.861e-05,0.0001,
2023-05-31 00:00:00+00:00,2.344e-05,0.0001,
2023-05-31 08:00:00+00:00,2.864e-05,0.0001,
2023-05-31 16:00:00+00:00,9.865e-05,0.0001,
2023-06-01 00:00:00+00:00,2.096e-05,0.0001,
2023-06-01 08:00:00+00:00,9.641e-05,0.0001,
2023-06-01 16:00:00+00:00,0.0001,0.0001,
2023-06-02 00:00:00+00:00,4.77e-05,0.0001,
2023-06-02 08:00:00+00:00,9.266e-05,0.0001,
2023-06-02 16:00:00+00:00,9.946e-05,0.0001,
2023-06-03 00:00:00+00:00,7.42e-05,0.0001,
2023-06-03 08:00:00+00:00,0.0001,0.0001,
2023-06-03 16:00:00+00:00,5.566e-05,0.0001,
2023-06-04 00:00:00+00:00,4.85e-05,0.0001,
2023-06-04 08:00:00+00:00,0.0001,0.0001,
2023-06-04 16:00:00+00:00,0.0001,0.0001,
2023-06-05 00:00:00+00:00,0.0001,0.0001,
2023-06-05 08:00:00+00:00,9.538e-05,0.0001,
2023-06-05 16:00:00+00:00,7.856e-05,0.0001,
2023-06-06 00:00:00+00:00,-7.157e-05,0.0001,
2023-06-06 08:00:00+00:00,-3.047e-05,4.867e-05,
2023-06-06 16:00:00+00:00,4.288e-05,0.0001,
2023-06-07 00:00:00+00:00,0.0001,9.526e-05,
2023-06-07 08:00:00+00:00,0.0001,0.0001,
2023-06-07 16:00:00+00:00,4.005e-05,0.0001,
2023-06-08 00:00:00+00:00,5.504e-05,5.74e-05,
2023-06-08 08:00:00+00:00,3.09e-05,2.319e-05,
2023-06-08 16:00:00+00:00,4.011e-05,6.353e-05,
2023-06-09 00:00:00+00:00,6.588e-05,6.681e-05,
2023-06-09 08:00:00+00:00,7.916e-05,4.68e-06,
2023-06-09 16:00:00+00:00,4.404e-05,3.707e-05,
2023-06-10 00:00:00+00:00,8.702e-05,8.18e-05,
2023-06-10 08:00:00+00:00,2.417e-05,0.0001,
2023-06-10 16:00:00+00:00,3.854e-05,0.0001,
2023-06-11 00:00:00+00:00,4.45e-05,0.0001,
2023-06-11 08:00:00+00:00,3.197e-05,9.044e-05,
2023-06-11 16:00:00+00:00,5.925e-05,0.0001,
2023-06-12 00:00:00+00:00,8.66e-05,0.0001,
2023-06-12 08:00:00+00:00,3.065e-05,8.01e-05,
2023-06-12 16:00:00+00:00,3.624e-05,6.05e-05,
2023-06-13 00:00:00+00:00,0.0001,0.0001,
2023-06-13 08:00:00+00:00,6.18e-05,5.611e-05,
2023-06-13 16:00:00+00:00,6.503e-05,8.05e-06,
2023-06-14 00:00:00+00:00,2.438e-05,3.376e-05,
2023-06-14 08:00:00+00:00,2.716e-05,2.453e-05,
2023-06-14 16:00:00+00:00,3.661e-05,-1.58e-05,
2023-06-15 00:00:00+00:00,-3.265e-05,4.939e-05,
2023-06-15 08:00:00+00:00,6.193e-05,0.0001,
2023-06-15 16:00:00+00:00,6.687e-05,0.0001,
2023-06-16 00:00:00+00:00,3.971e-05,0.0001,
2023-06-16 08:00:00+00:00,7.81e-06,0.0001,
2023-06-16 16:00:00+00:00,2.36e-06,7.284e-05,
2023-06-17 00:00:00+00:00,9.868e-05,-3.008e-05,
2023-06-17 08:00:00+00:00,0.0001,7.489e-05,
2023-06-17 16:00:00+00:00,7.543e-05,0.0001,
2023-06-18 00:00:00+00:00,3.706e-05,0.0001,
2023-06-18 08:00:00+00:00,8.233e-05,3.544e-05,
2023-06-18 16:00:00+00:00,6.705e-05,4.409e-05,
2023-06-19 00:00:00+00:00,7.04e-05,8e-05,
2023-06-19 08:00:00+00:00,6.397e-05,0.0001,
2023-06-19 16:00:00+00:00,3.69e-05,9.362e-05,
2023-06-20 00:00:00+00:00,4.35e-05,3.54e-05,
2023-06-20 08:00:00+00:00,-4.48e-06,-2.504e-05,
2023-06-20 16:00:00+00:00,-2.597e-05,4.621e-05,
2023-06-21 00:00:00+00:00,6.295e-05,-8.64e-05,
2023-06-21 08:00:00+00:00,0.0001,3.78e-06,
2023-06-21 16:00:00+00:00,2.551e-05,1.5e-07,
2023-06-22 00:00:00+00:00,0.0001,0.0001,
2023-06-22 08:00:00+00:00,0.0001,9.829e-05,
2023-06-22 16:00:00+00:00,9.236e-05,0.0001,
2023-06-23 00:00:00+00:00,0.0001,0.0001,
2023-06-23 08:00:00+00:00,0.0001,0.0001,
2023-06-23 16:00:00+00:00,0.0001,0.0001,
2023-06-24 00:00:00+00:00,0.0001,0.0001,
2023-06-24 08:00:00+00:00,0.0001,0.0001,
2023-06-24 16:00:00+00:00,0.0001,0.0001,
2023-06-25 00:00:00+00:00,0.0001,0.0001,
2023-06-25 08:00:00+00:00,0.0001,0.0001,
2023-06-25 16:00:00+00:00,0.0001,0.0001,
2023-06-26 00:00:00+00:00,0.0001,0.0001,
2023-06-26 08:00:00+00:00,0.0001,0.0001,
2023-06-26 16:00:00+00:00,0.0001,0.0001,
2023-06-27 00:00:00+00:00,0.0001,0.0001,
2023-06-27 08:00:00+00:00,0.0001,0.0001,
2023-06-27 16:00:00+00:00,0.0001,0.0001,
2023-06-28 00:00:00+00:00,0.0001,6.62e-05,
2023-06-28 08:00:00+00:00,9.302e-05,8.981e-05,
2023-06-28 16:00:00+00:00,4.598e-05,5.861e-05,
2023-06-29 00:00:00+00:00,6.574e-05,9.221e-05,
2023-06-29 08:00:00+00:00,9.3e-05,6.167e-05,
2023-06-29 16:00:00+00:00,0.0001,0.0001,
2023-06-30 00:00:00+00:00,0.0001,0.0001,
2023-06-30 08:00:00+00:00,0.0001,0.0001,
2023-06-30 16:00:00+00:00,0.0001,-3.168e-05,
2023-07-01 00:00:00+00:00,0.0001,0.0001,
2023-07-01 08:00:00+00:00,0.0001,0.0001,
2023-07-01 16:00:00+00:00,0.0001,0.0001,
2023-07-02 00:00:00+00:00,0.0001,0.0001,
2023-07-02 08:00:00+00:00,0.0001,0.0001,
2023-07-02 16:00:00+00:00,0.0001,0.0001,
2023-07-03 00:00:00+00:00,0.0001,0.0001,
2023-07-03 08:00:00+00:00,0.0001,0.0001,
2023-07-03 16:00:00+00:00,0.0001,9.481e-05,
2023-07-04 00:00:00+00:00,0.0001,0.0001,
2023-07-04 08:00:00+00:00,0.0001,0.0001,
2023-07-04 16:00:00+00:00,0.0001,0.0001,
2023-07-05 00:00:00+00:00,0.0001,0.0001,
2023-07-05 08:00:00+00:00,0.0001,0.0001,
2023-07-05 16:00:00+00:00,0.0001,7.615e-05,
2023-07-06 00:00:00+00:00,0.0001,4.675e-05,
2023-07-06 08:00:00+00:00,7.72e-05,6.954e-05,
2023-07-06 16:00:00+00:00,1.492e-05,4.427e-05,
2023-07-07 00:00:00+00:00,6.98e-06,8.78e-05,
2023-07-07 08:00:00+00:00,4.221e-05,0.0001,
2023-07-07 16:00:00+00:00,-6.58e-06,1.305e-05,
2023-07-08 00:00:00+00:00,3.757e-05,-2.498e-05,
2023-07-08 08:00:00+00:00,2.631e-05,0.0001,
2023-07-08 16:00:00+00:00,1.686e-05,8.567e-05,
2023-07-09 00:00:00+00:00,5.707e-05,5.799e-05,
2023-07-09 08:00:00+00:00,6.821e-05,0.0001,
2023-07-09 16:00:00+00:00,6.153e-05,0.0001,
2023-07-10 00:00:00+00:00,-2.182e-05,0.0001,
2023-07-10 08:00:00+00:00,4.85e-05,0.0001,
2023-07-10 16:00:00+00:00,2.995e-05,7.674e-05,
2023-07-11 00:00:00+00:00,8.01e-05,1.659e-05,
2023-07-11 08:00:00+00:00,8.265e-05,5.316e-05,
2023-07-11 16:00:00+00:00,3.954e-05,0.0001,
2023-07-12 00:00:00+00:00,7.041e-05,8.964e-05,
2023-07-12 08:00:00+00:00,6.479e-05,7.769e-05,
2023-07-12 16:00:00+00:00,4.65e-05,4.64e-06,
2023-07-13 00:00:00+00:00,-1.135e-05,4.083e-05,
2023-07-13 08:00:00+00:00,6.12e-05,6.11e-05,
2023-07-13 16:00:00+00:00,5.29e-06,-9.45e-06,
2023-07-14 00:00:00+00:00,0.0001,0.0001,
2023-07-14 08:00:00+00:00,0.0001,0.0001,
2023-07-14 16:00:00+00:00,0.0001,0.0001,
2023-07-15 00:00:00+00:00,-7.313e-05,9.997e-05,
2023-07-15 08:00:00+00:00,3.007e-05,1.832e-05,
2023-07-15 16:00:00+00:00,2.984e-05,4.004e-05,
2023-07-16 00:00:00+00:00,1.993e-05,3.392e-05,
2023-07-16 08:00:00+00:00,7.772e-05,0.0001,
2023-07-16 16:00:00+00:00,4.583e-05,8.931e-05,
2023-07-17 00:00:00+00:00,2.785e-05,0.0001,
2023-07-17 08:00:00+00:00,6.278e-05,6.438e-05,
2023-07-17 16:00:00+00:00,6.261e-05,7.613e-05,
2023-07-18 00:00:00+00:00,3.983e-05,8.08e-06,
2023-07-18 08:00:00+00:00,6.798e-05,-3.259e-05,
2023-07-18 16:00:00+00:00,7.477e-05,6.215e-05,
2023-07-19 00:00:00+00:00,0.0001,7.668e-05,
2023-07-19 08:00:00+00:00,5.224e-05,0.0001,
2023-07-19 16:00:00+00:00,7.69e-05,6.233e-05,
2023-07-20 00:00:00+00:00,2.652e-05,6.37e-06,
2023-07-20 08:00:00+00:00,9.641e-05,9.372e-05,
2023-07-20 16:00:00+00:00,5.563e-05,5.461e-05,
2023-07-21 00:00:00+00:00,2.877e-05,1.987e-05,
2023-07-21 08:00:00+00:00,7.77e-06,3.805e-05,
2023-07-21 16:00:00+00:00,3.717e-05,-9.73e-06,
2023-07-22 00:00:00+00:00,2.195e-05,9.48e-06,
2023-07-22 08:00:00+00:00,9.44e-06,9.716e-05,
2023-07-22 16:00:00+00:00,1.77e-06,6.647e-05,
2023-07-23 00:00:00+00:00,2.908e-05,9.174e-05,
2023-07-23 08:00:00+00:00,0.0001,2.64e-06,
2023-07-23 16:00:00+00:00,9.372e-05,4.184e-05,
2023-07-24 00:00:00+00:00,0.0001,-1.27e-06,
2023-07-24 08:00:00+00:00,4.338e-05,5.915e-05,
2023-07-24 16:00:00+00:00,0.0001,5.623e-05,
2023-07-25 00:00:00+00:00,7.702e-05,7.692e-05,
2023-07-25 08:00:00+00:00,6.913e-05,-6.11e-06,
2023-07-25 16:00:00+00:00,9.465e-05,-9.7e-06,
2023-07-26 00:00:00+00:00,9.451e-05,3.565e-05,
2023-07-26 08:00:00+00:00,0.0001,8.84e-05,
2023-07-26 16:00:00+00:00,5.768e-05,1.48e-05,
2023-07-27 00:00:00+00:00,3.136e-05,1.276e-05,
2023-07-27 08:00:00+00:00,3.83e-05,4.395e-05,
2023-07-27 16:00:00+00:00,2.876e-05,3.725e-05,
2023-07-28 00:00:00+00:00,4.373e-05,4.497e-05,
2023-07-28 08:00:00+00:00,6.675e-05,1.787e-05,
2023-07-28 16:00:00+00:00,0.0001,3.948e-05,
2023-07-29 00:00:00+00:00,0.0001,0.0001,
2023-07-29 08:00:00+00:00,4.567e-05,6.411e-05,
2023-07-29 16:00:00+00:00,7.53e-05,7.558e-05,
2023-07-30 00:00:00+00:00,8.151e-05,5.174e-05,
2023-07-30 08:00:00+00:00,5.56e-05,3.28e-05,
2023-07-30 16:00:00+00:00,4.357e-05,6.935e-05,
2023-07-31 00:00:00+00:00,2.369e-05,2.494e-05,
2023-07-31 08:00:00+00:00,7.362e-05,2.445e-05,
2023-07-31 16:00:00+00:00,8.239e-05,1.912e-05,
2023-08-01 00:00:00+00:00,6.3e-05,0.0001,
2023-08-01 08:00:00+00:00,6.768e-05,0.0001,
2023-08-01 16:00:00+00:00,0.0001,0.0001,
2023-08-02 00:00:00+00:00,0.0001,0.0001,
2023-08-02 08:00:00+00:00,0.0001,0.0001,
2023-08-02 16:00:00+00:00,0.0001,0.0001,
2023-08-03 00:00:00+00:00,0.0001,0.0001,
2023-08-03 08:00:00+00:00,0.0001,0.0001,
2023-08-03 16:00:00+00:00,0.0001,0.0001,
2023-08-04 00:00:00+00:00,8.116e-05,0.0001,
2023-08-04 08:00:00+00:00,0.0001,0.0001,
2023-08-04 16:00:00+00:00,0.0001,0.0001,
2023-08-05 00:00:00+00:00,4.181e-05,0.0001,
2023-08-05 08:00:00+00:00,0.0001,8.422e-05,
2023-08-05 16:00:00+00:00,0.0001,0.0001,
2023-08-06 00:00:00+00:00,0.0001,0.0001,
2023-08-06 08:00:00+00:00,0.0001,0.0001,
2023-08-06 16:00:00+00:00,0.0001,0.0001,
2023-08-07 00:00:00+00:00,0.0001,0.0001,
2023-08-07 08:00:00+00:00,7.669e-05,8.676e-05,
2023-08-07 16:00:00+00:00,0.0001,0.0001,
2023-08-08 00:00:00+00:00,0.0001,0.0001,
2023-08-08 08:00:00+00:00,9.136e-05,2.398e-05,
2023-08-08 16:00:00+00:00,5.944e-05,-1.053e-05,
2023-08-09 00:00:00+00:00,8.11e-05,6.33e-06,
2023-08-09 08:00:00+00:00,9.527e-05,7.799e-05,
2023-08-09 16:00:00+00:00,8.877e-05,0.0001,
2023-08-10 00:00:00+00:00,0.0001,0.0001,
2023-08-10 08:00:00+00:00,0.0001,0.0001,
2023-08-10 16:00:00+00:00,8.277e-05,0.0001,
2023-08-11 00:00:00+00:00,0.0001,0.0001,
2023-08-11 08:00:00+00:00,0.0001,0.0001,
2023-08-11 16:00:00+00:00,7.123e-05,6.988e-05,
2023-08-12 00:00:00+00:00,0.0001,0.0001,
2023-08-12 08:00:00+00:00,0.0001,0.0001,
2023-08-12 16:00:00+00:00,9.305e-05,0.0001,
2023-08-13 00:00:00+00:00,0.0001,0.0001,
2023-08-13 08:00:00+00:00,4.637e-05,0.0001,
2023-08-13 16:00:00+00:00,0.0001,0.0001,
2023-08-14 00:00:00+00:00,0.0001,0.0001,
2023-08-14 08:00:00+00:00,0.0001,0.0001,
2023-08-14 16:00:00+00:00,0.0001,0.0001,
2023-08-15 00:00:00+00:00,0.0001,0.0001,
2023-08-15 08:00:00+00:00,0.0001,0.0001,
2023-08-15 16:00:00+00:00,0.0001,0.0001,
2023-08-16 00:00:00+00:00,0.0001,0.0001,
2023-08-16 08:00:00+00:00,0.0001,0.0001,
2023-08-16 16:00:00+00:00,0.0001,0.0001,
2023-08-17 00:00:00+00:00,0.0001,0.0001,
2023-08-17 08:00:00+00:00,0.0001,0.0001,
2023-08-17 16:00:00+00:00,0.0001,0.0001,
2023-08-18 00:00:00+00:00,0.0001,6.393e-05,
2023-08-18 08:00:00+00:00,-4.6e-07,-4.92e-06,
2023-08-18 16:00:00+00:00,5.166e-05,-6.2e-07,
2023-08-19 00:00:00+00:00,-2.74e-06,-1.898e-05,
2023-08-19 08:00:00+00:00,-3.22e-06,-7.12e-06,
2023-08-19 16:00:00+00:00,-5.286e-05,8.78e-06,
2023-08-20 00:00:00+00:00,-3.069e-05,5.549e-05,
2023-08-20 08:00:00+00:00,-4.364e-05,5.412e-05,
2023-08-20 16:00:00+00:00,-1.93e-06,1.83e-05,
2023-08-21 00:00:00+00:00,-2.797e-05,-4.073e-05,
2023-08-21 08:00:00+00:00,8.16e-06,-2.506e-05,
2023-08-21 16:00:00+00:00,-1.619e-05,1.392e-05,
2023-08-22 00:00:00+00:00,-3.08e-06,1e-05,
2023-08-22 08:00:00+00:00,-1.928e-05,-5.498e-05,
2023-08-22 16:00:00+00:00,3.048e-05,-3.76e-06,
2023-08-23 00:00:00+00:00,7.39e-06,5.461e-05,
2023-08-23 08:00:00+00:00,-1.02e-05,5.724e-05,
2023-08-23 16:00:00+00:00,3.247e-05,1.921e-05,
2023-08-24 00:00:00+00:00,-2.822e-05,-1.954e-05,
2023-08-24 08:00:00+00:00,2.506e-05,2.141e-05,
2023-08-24 16:00:00+00:00,4.9e-05,8.403e-05,
2023-08-25 00:00:00+00:00,-6.59e-06,5.872e-05,
2023-08-25 08:00:00+00:00,2.802e-05,-1.352e-05,
2023-08-25 16:00:00+00:00,5.218e-05,5.08e-06,
2023-08-26 00:00:00+00:00,3.82e-05,8.77e-06,
2023-08-26 08:00:00+00:00,5.334e-05,-3.137e-05,
2023-08-26 16:00:00+00:00,2.096e-05,2.24e-06,
2023-08-27 00:00:00+00:00,9.9e-07,6.063e-05,
2023-08-27 08:00:00+00:00,3.976e-05,-2.401e-05,
2023-08-27 16:00:00+00:00,1.232e-05,3.66e-05,
2023-08-28 00:00:00+00:00,-3.95e-06,5.189e-05,
2023-08-28 08:00:00+00:00,4.424e-05,9.912e-05,
2023-08-28 16:00:00+00:00,4.524e-05,2.413e-05,
2023-08-29 00:00:00+00:00,8.24e-06,1.152e-05,
2023-08-29 08:00:00+00:00,3.769e-05,-1.24e-05,
2023-08-29 16:00:00+00:00,-0.00010934,7.3e-05,
2023-08-30 00:00:00+00:00,4.868e-05,4.032e-05,
2023-08-30 08:00:00+00:00,5.731e-05,6.125e-05,
2023-08-30 16:00:00+00:00,3.944e-05,0.0001,
2023-08-31 00:00:00+00:00,2.909e-05,1.69e-05,
2023-08-31 08:00:00+00:00,6.859e-05,5.61e-05,
2023-08-31 16:00:00+00:00,8.105e-05,8.82e-06,
2023-09-01 00:00:00+00:00,2.583e-05,2.115e-05,
2023-09-01 08:00:00+00:00,5.968e-05,1.899e-05,
2023-09-01 16:00:00+00:00,6.254e-05,1.638e-05,
2023-09-02 00:00:00+00:00,4.998e-05,5.825e-05,
2023-09-02 08:00:00+00:00,1.937e-05,2.816e-05,
2023-09-02 16:00:00+00:00,-2.018e-05,2.341e-05,
2023-09-03 00:00:00+00:00,4.839e-05,0.0001,
2023-09-03 08:00:00+00:00,2.35e-06,3.091e-05,
2023-09-03 16:00:00+00:00,2.89e-05,3.99e-06,
2023-09-04 00:00:00+00:00,2.69e-05,3.093e-05,
2023-09-04 08:00:00+00:00,1.469e-05,3.004e-05,
2023-09-04 16:00:00+00:00,-1.059e-05,8.406e-05,
2023-09-05 00:00:00+00:00,5.3e-07,2.449e-05,
2023-09-05 08:00:00+00:00,1.975e-05,8.05e-06,
2023-09-05 16:00:00+00:00,3.366e-05,1.126e-05,
2023-09-06 00:00:00+00:00,1.737e-05,1.267e-05,
2023-09-06 08:00:00+00:00,-2.763e-05,6.42e-06,
2023-09-06 16:00:00+00:00,2.135e-05,6.336e-05,
2023-09-07 00:00:00+00:00,3.83e-05,3.892e-05,
2023-09-07 08:00:00+00:00,3.883e-05,0.0001,
2023-09-07 16:00:00+00:00,6.924e-05,2.06e-05,
2023-09-08 00:00:00+00:00,-1.525e-05,3.593e-05,
2023-09-08 08:00:00+00:00,5.12e-06,5.989e-05,
2023-09-08 16:00:00+00:00,-1.691e-05,4.996e-05,
2023-09-09 00:00:00+00:00,-5.057e-05,4.74e-05,
2023-09-09 08:00:00+00:00,-3.77e-06,4.25e-06,
2023-09-09 16:00:00+00:00,1.423e-05,1.661e-05,
2023-09-10 00:00:00+00:00,-7.3e-07,3.389e-05,
2023-09-10 08:00:00+00:00,3.294e-05,6.603e-05,
2023-09-10 16:00:00+00:00,2.609e-05,9.439e-05,
2023-09-11 00:00:00+00:00,-3e-06,7.35e-05,
2023-09-11 08:00:00+00:00,1.823e-05,2.295e-05,
2023-09-11 16:00:00+00:00,1.838e-05,-4.52e-06,
2023-09-12 00:00:00+00:00,2.73e-05,4.155e-05,
2023-09-12 08:00:00+00:00,5.425e-05,5.007e-05,
2023-09-12 16:00:00+00:00,-3.502e-05,6.583e-05,
2023-09-13 00:00:00+00:00,2.342e-05,2.247e-05,
2023-09-13 08:00:00+00:00,1.26e-05,-3.967e-05,
2023-09-13 16:00:00+00:00,3.099e-05,3.77e-06,
2023-09-14 00:00:00+00:00,4.61e-06,-2.862e-05,
2023-09-14 08:00:00+00:00,3.428e-05,-3.89e-06,
2023-09-14 16:00:00+00:00,-4.748e-05,1.107e-05,
2023-09-15 00:00:00+00:00,-2.641e-05,-1.362e-05,
2023-09-15 08:00:00+00:00,-7.61e-06,1.452e-05,
2023-09-15 16:00:00+00:00,7.561e-05,7.45e-05,
2023-09-16 00:00:00+00:00,-1.381e-05,-5.021e-05,
2023-09-16 08:00:00+00:00,-4.32e-05,-1.001e-05,
2023-09-16 16:00:00+00:00,-3.161e-05,5.574e-05,
2023-09-17 00:00:00+00:00,8.97e-06,7.234e-05,
2023-09-17 08:00:00+00:00,1.142e-05,3.727e-05,
2023-09-17 16:00:00+00:00,6.49e-06,2.862e-05,
2023-09-18 00:00:00+00:00,-5.08e-06,1.53e-06,
2023-09-18 08:00:00+00:00,5.79e-06,0.0001,
2023-09-18 16:00:00+00:00,-6.774e-05,4.192e-05,
2023-09-19 00:00:00+00:00,2.468e-05,5.882e-05,
2023-09-19 08:00:00+00:00,-1.972e-05,5.051e-05,
2023-09-19 16:00:00+00:00,-1.756e-05,8.455e-05,
2023-09-20 00:00:00+00:00,-2.614e-05,5.883e-05,
2023-09-20 08:00:00+00:00,-3.777e-05,3.112e-05,
2023-09-20 16:00:00+00:00,-9.91e-06,2.605e-05,
2023-09-21 00:00:00+00:00,-2.9e-07,3.228e-05,
2023-09-21 08:00:00+00:00,4.303e-05,5.862e-05,
2023-09-21 16:00:00+00:00,7.429e-05,2.769e-05,
2023-09-22 00:00:00+00:00,-6.2e-07,-2.319e-05,
2023-09-22 08:00:00+00:00,1.034e-05,1.66e-06,
2023-09-22 16:00:00+00:00,2.136e-05,2.708e-05,
2023-09-23 00:00:00+00:00,6.676e-05,2.088e-05,
2023-09-23 08:00:00+00:00,1.556e-05,-1.691e-05,
2023-09-23 16:00:00+00:00,2.09e-06,2.647e-05,
2023-09-24 00:00:00+00:00,-1.392e-05,5.368e-05,
2023-09-24 08:00:00+00:00,4.721e-05,3.652e-05,
2023-09-24 16:00:00+00:00,2.887e-05,6.269e-05,
2023-09-25 00:00:00+00:00,-1.26e-05,1.607e-05,
2023-09-25 08:00:00+00:00,8.565e-05,-6.38e-06,
2023-09-25 16:00:00+00:00,4.792e-05,1.864e-05,
2023-09-26 00:00:00+00:00,-3.91e-05,-5.563e-05,
2023-09-26 08:00:00+00:00,-1.215e-05,1.948e-05,
2023-09-26 16:00:00+00:00,5.626e-05,4.889e-05,
2023-09-27 00:00:00+00:00,9.944e-05,-2.91e-06,
2023-09-27 08:00:00+00:00,3.378e-05,2.315e-05,
2023-09-27 16:00:00+00:00,2.074e-05,-5.203e-05,
2023-09-28 00:00:00+00:00,6.74e-06,5.036e-05,
2023-09-28 08:00:00+00:00,-1.581e-05,-9.43e-06,
2023-09-28 16:00:00+00:00,-4.732e-05,-3.652e-05,
2023-09-29 00:00:00+00:00,-3.894e-05,-2.847e-05,
2023-09-29 08:00:00+00:00,-2.567e-05,1.418e-05,
2023-09-29 16:00:00+00:00,4.76e-06,2.607e-05,
2023-09-30 00:00:00+00:00,6.43e-06,0.0001,
2023-09-30 08:00:00+00:00,1.864e-05,5.418e-05,
2023-09-30 16:00:00+00:00,1.525e-05,0.0001,
2023-10-01 00:00:00+00:00,2.95e-06,0.0001,
2023-10-01 08:00:00+00:00,-6.19e-06,9.189e-05,
2023-10-01 16:00:00+00:00,-2.263e-05,5.051e-05,
2023-10-02 00:00:00+00:00,5.831e-05,3.324e-05,
2023-10-02 08:00:00+00:00,7.28e-06,-4.87e-05,
2023-10-02 16:00:00+00:00,-1.477e-05,-3.239e-05,
2023-10-03 00:00:00+00:00,4.172e-05,9.645e-05,
2023-10-03 08:00:00+00:00,1.667e-05,0.0001,
2023-10-03 16:00:00+00:00,2.5e-05,6.702e-05,
2023-10-04 00:00:00+00:00,6.031e-05,0.0001,
2023-10-04 08:00:00+00:00,6.2e-05,7.308e-05,
2023-10-04 16:00:00+00:00,-2.857e-05,9.079e-05,
2023-10-05 00:00:00+00:00,-3.807e-05,8.474e-05,
2023-10-05 08:00:00+00:00,-4.268e-05,7.741e-05,
2023-10-05 16:00:00+00:00,-2.302e-05,1.476e-05,
2023-10-06 00:00:00+00:00,-1.106e-05,5.881e-05,
2023-10-06 08:00:00+00:00,1.436e-05,5.197e-05,
2023-10-06 16:00:00+00:00,-3.149e-05,4.57e-06,
2023-10-07 00:00:00+00:00,2.124e-05,3.193e-05,
2023-10-07 08:00:00+00:00,2.849e-05,4.409e-05,
2023-10-07 16:00:00+00:00,2.083e-05,-3.952e-05,
2023-10-08 00:00:00+00:00,3.14e-06,-8.017e-05,
2023-10-08 08:00:00+00:00,9.74e-06,-1.736e-05,
2023-10-08 16:00:00+00:00,5.163e-05,3.078e-05,
2023-10-09 00:00:00+00:00,3.992e-05,-2.543e-05,
2023-10-09 08:00:00+00:00,3.515e-05,-1.491e-05,
2023-10-09 16:00:00+00:00,7.838e-05,-1.275e-05,
2023-10-10 00:00:00+00:00,6.349e-05,9.735e-05,
2023-10-10 08:00:00+00:00,1.894e-05,2.403e-05,
2023-10-10 16:00:00+00:00,4.548e-05,3.746e-05,
2023-10-11 00:00:00+00:00,5.918e-05,8.565e-05,
2023-10-11 08:00:00+00:00,8.33e-05,7.159e-05,
2023-10-11 16:00:00+00:00,6.319e-05,0.0001,
2023-10-12 00:00:00+00:00,0.0001,0.0001,
2023-10-12 08:00:00+00:00,2.661e-05,9.346e-05,
2023-10-12 16:00:00+00:00,7.304e-05,0.0001,
2023-10-13 00:00:00+00:00,2.294e-05,0.0001,
2023-10-13 08:00:00+00:00,2.039e-05,8.044e-05,
2023-10-13 16:00:00+00:00,2.326e-05,0.0001,
2023-10-14 00:00:00+00:00,1.05e-06,0.0001,
2023-10-14 08:00:00+00:00,2.211e-05,9.749e-05,
2023-10-14 16:00:00+00:00,2.456e-05,0.0001,
2023-10-15 00:00:00+00:00,-1.509e-05,5.329e-05,
2023-10-15 08:00:00+00:00,4.292e-05,6.929e-05,
2023-10-15 16:00:00+00:00,2.224e-05,8.953e-05,
2023-10-16 00:00:00+00:00,5.11e-06,1.139e-05,
2023-10-16 08:00:00+00:00,2.8e-07,-2.151e-05,
2023-10-16 16:00:00+00:00,9.644e-05,5.177e-05,
2023-10-17 00:00:00+00:00,2.04e-06,5.47e-05,
2023-10-17 08:00:00+00:00,1.493e-05,5.961e-05,
2023-10-17 16:00:00+00:00,-2.311e-05,5.1e-05,
2023-10-18 00:00:00+00:00,-3.343e-05,-1.695e-05,
2023-10-18 08:00:00+00:00,-1.216e-05,5.001e-05,
2023-10-18 16:00:00+00:00,1.644e-05,2.251e-05,
2023-10-19 00:00:00+00:00,-1.028e-05,4.369e-05,
2023-10-19 08:00:00+00:00,-6.24e-06,-2.73e-06,
2023-10-19 16:00:00+00:00,-0.00011006,1.257e-05,
2023-10-20 00:00:00+00:00,-9.272e-05,-1.658e-05,
2023-10-20 08:00:00+00:00,1.938e-05,5.458e-05,
2023-10-20 16:00:00+00:00,2.687e-05,8.577e-05,
2023-10-21 00:00:00+00:00,-1.585e-05,0.0001,
2023-10-21 08:00:00+00:00,4.374e-05,0.0001,
2023-10-21 16:00:00+00:00,5.827e-05,2.99e-06,
2023-10-22 00:00:00+00:00,2.567e-05,3.98e-06,
2023-10-22 08:00:00+00:00,2.579e-05,1.297e-05,
2023-10-22 16:00:00+00:00,3.115e-05,5.399e-05,
2023-10-23 00:00:00+00:00,8.25e-05,5.084e-05,
2023-10-23 08:00:00+00:00,9.59e-05,0.0001,
2023-10-23 16:00:00+00:00,6.48e-06,0.0001,
2023-10-24 00:00:00+00:00,0.0001,0.0001,
2023-10-24 08:00:00+00:00,0.0001,0.0001,
2023-10-24 16:00:00+00:00,0.0001,0.0001,
2023-10-25 00:00:00+00:00,0.0001,0.0001,
2023-10-25 08:00:00+00:00,0.0001,0.0001,
2023-10-25 16:00:00+00:00,0.0001,0.0001,
2023-10-26 00:00:00+00:00,0.0001,0.0001,
2023-10-26 08:00:00+00:00,0.0001,0.0001,
2023-10-26 16:00:00+00:00,0.0001,0.0001,
2023-10-27 00:00:00+00:00,0.0001,0.0001,
2023-10-27 08:00:00+00:00,0.0001,0.0001,
2023-10-27 16:00:00+00:00,0.0001,0.0001,
2023-10-28 00:00:00+00:00,0.0001,0.0001,
2023-10-28 08:00:00+00:00,0.0001,0.00017876,
2023-10-28 16:00:00+00:00,0.0001,0.0001,
2023-10-29 00:00:00+00:00,0.0001,0.0001,
2023-10-29 08:00:00+00:00,0.0001,0.0001,
2023-10-29 16:00:00+00:00,0.0001,0.0001,
2023-10-30 00:00:00+00:00,0.0001,0.0001,
2023-10-30 08:00:00+00:00,0.0001,0.0001,
2023-10-30 16:00:00+00:00,0.0001,0.0001,
2023-10-31 00:00:00+00:00,0.0001,0.0001,
2023-10-31 08:00:00+00:00,0.0001,0.0001,
2023-10-31 16:00:00+00:00,0.0001,0.00010516,
2023-11-01 00:00:00+00:00,0.0001,0.0001,
2023-11-01 08:00:00+00:00,0.0001,0.0001193,
2023-11-01 16:00:00+00:00,0.0001,0.0001,
2023-11-02 00:00:00+00:00,0.0001,0.00014309,
2023-11-02 08:00:00+00:00,0.0001,0.00018541,
2023-11-02 16:00:00+00:00,0.0001,0.00011649,
2023-11-03 00:00:00+00:00,0.0001,0.0001,
2023-11-03 08:00:00+00:00,0.0001,0.0001,
2023-11-03 16:00:00+00:00,0.0001,0.0001,
2023-11-04 00:00:00+00:00,0.0001,0.0001,
2023-11-04 08:00:00+00:00,0.0001,0.0001,
2023-11-04 16:00:00+00:00,0.0001,0.0001,
2023-11-05 00:00:00+00:00,0.0001,0.0001,
2023-11-05 08:00:00+00:00,0.0001,0.0001,
2023-11-05 16:00:00+00:00,0.0001,0.0001,
2023-11-06 00:00:00+00:00,0.0001,0.00012243,
2023-11-06 08:00:00+00:00,0.0001,0.0001,
2023-11-06 16:00:00+00:00,0.0001,0.00026302,
2023-11-07 00:00:00+00:00,0.0001,0.0001,
2023-11-07 08:00:00+00:00,0.0001,0.0001,
2023-11-07 16:00:00+00:00,0.0001,0.00010434,
2023-11-08 00:00:00+00:00,0.0001,0.00011888,
2023-11-08 08:00:00+00:00,0.0001,0.00025842,
2023-11-08 16:00:00+00:00,0.0001,0.000157,
2023-11-09 00:00:00+00:00,0.0001,0.00013904,
2023-11-09 08:00:00+00:00,0.0001,0.0002041,
2023-11-09 16:00:00+00:00,0.00020027,0.0004003,
2023-11-10 00:00:00+00:00,0.0001,0.00018027,
2023-11-10 08:00:00+00:00,0.00011682,0.00045315,
2023-11-10 16:00:00+00:00,0.0001,0.0002972,
2023-11-11 00:00:00+00:00,0.0001,0.0002613,
2023-11-11 08:00:00+00:00,0.00016607,0.00023984,
2023-11-11 16:00:00+00:00,0.00014648,0.00025548,
2023-11-12 00:00:00+00:00,0.0001543,0.00019689,
2023-11-12 08:00:00+00:00,0.00023487,0.00020745,
2023-11-12 16:00:00+00:00,0.00027221,0.0002686,
2023-11-13 00:00:00+00:00,0.00032467,0.00031492,
2023-11-13 08:00:00+00:00,0.00010893,0.00032407,
2023-11-13 16:00:00+00:00,0.00020492,0.00037847,
2023-11-14 00:00:00+00:00,0.00017382,0.00014184,
2023-11-14 08:00:00+00:00,0.00016369,0.00017047,
2023-11-14 16:00:00+00:00,0.00014477,0.00011821,
2023-11-15 00:00:00+00:00,0.0001,0.0001,
2023-11-15 08:00:00+00:00,0.0001,0.0001,
2023-11-15 16:00:00+00:00,0.0001,0.0001,
2023-11-16 00:00:00+00:00,0.0001,0.0001,
2023-11-16 08:00:00+00:00,0.00015199,0.00020167,
2023-11-16 16:00:00+00:00,0.00012014,0.00014161,
2023-11-17 00:00:00+00:00,0.0001,0.0001,
2023-11-17 08:00:00+00:00,0.0001,0.0001,
2023-11-17 16:00:00+00:00,0.0001,0.0001,
2023-11-18 00:00:00+00:00,0.0001,0.0001,
2023-11-18 08:00:00+00:00,0.0001,0.0001,
2023-11-18 16:00:00+00:00,0.0001,0.0001,
2023-11-19 00:00:00+00:00,0.0001,0.0001,
2023-11-19 08:00:00+00:00,0.0001,0.0001,
2023-11-19 16:00:00+00:00,0.0001,0.0001,
2023-11-20 00:00:00+00:00,0.0001,0.0001,
2023-11-20 08:00:00+00:00,0.0001,0.0001,
2023-11-20 16:00:00+00:00,0.0001,0.00015534,
2023-11-21 00:00:00+00:00,0.0001,0.0001,
2023-11-21 08:00:00+00:00,0.0001,0.0001,
2023-11-21 16:00:00+00:00,0.0001,0.0001,
2023-11-22 00:00:00+00:00,0.0001,0.0001,
2023-11-22 08:00:00+00:00,0.0001,0.0001,
2023-11-22 16:00:00+00:00,0.0001,0.0001,
2023-11-23 00:00:00+00:00,0.0001,0.0001,
2023-11-23 08:00:00+00:00,0.0001,0.0001,
2023-11-23 16:00:00+00:00,0.0001,0.0001,
2023-11-24 00:00:00+00:00,0.0001,0.0001,
2023-11-24 08:00:00+00:00,0.0001,0.0001,
2023-11-24 16:00:00+00:00,0.0001,0.0001,
2023-11-25 00:00:00+00:00,0.0001,0.0001,
2023-11-25 08:00:00+00:00,0.0001,0.0001,
2023-11-25 16:00:00+00:00,0.0001,0.0001,
2023-11-26 00:00:00+00:00,0.0001,0.0001,
2023-11-26 08:00:00+00:00,0.0001,0.0001,
2023-11-26 16:00:00+00:00,0.0001,0.0001,
2023-11-27 00:00:00+00:00,0.0001,0.0001,
2023-11-27 08:00:00+00:00,0.0001,0.0001,
2023-11-27 16:00:00+00:00,0.0001,0.0001,
2023-11-28 00:00:00+00:00,0.0001,0.0001,
2023-11-28 08:00:00+00:00,0.0001,0.0001,
2023-11-28 16:00:00+00:00,0.0001,0.0001,
2023-11-29 00:00:00+00:00,0.0001,0.0001,
2023-11-29 08:00:00+00:00,0.0001,0.0001,
2023-11-29 16:00:00+00:00,0.0001,0.0001,
2023-11-30 00:00:00+00:00,0.0001,0.0001,
2023-11-30 08:00:00+00:00,0.0001,0.0001,
2023-11-30 16:00:00+00:00,0.0001,0.0001,
2023-12-01 00:00:00+00:00,0.0001,0.0001,
2023-12-01 08:00:00+00:00,0.0001,0.0001,
2023-12-01 16:00:00+00:00,0.0001,0.0001,
2023-12-02 00:00:00+00:00,9.95e-05,0.0001,
2023-12-02 08:00:00+00:00,6.973e-05,0.0001,
2023-12-02 16:00:00+00:00,8.541e-05,0.0001,
2023-12-03 00:00:00+00:00,0.0001,0.0001,
2023-12-03 08:00:00+00:00,0.0001,0.0001,
2023-12-03 16:00:00+00:00,0.0001,0.0001,
2023-12-04 00:00:00+00:00,0.0001,0.0001,
2023-12-04 08:00:00+00:00,0.0001,0.00039246,
2023-12-04 16:00:00+00:00,0.0001,0.0001,
2023-12-05 00:00:00+00:00,0.0001,0.0001,
2023-12-05 08:00:00+00:00,0.0001,0.0001,
2023-12-05 16:00:00+00:00,0.0001,0.0001,
2023-12-06 00:00:00+00:00,0.0001,0.0001,
2023-12-06 08:00:00+00:00,0.0001,0.0001,
2023-12-06 16:00:00+00:00,0.0001,0.0001,
2023-12-07 00:00:00+00:00,0.0001,0.0001,
2023-12-07 08:00:00+00:00,0.0001,0.00010721,
2023-12-07 16:00:00+00:00,0.0001,0.00016767,
2023-12-08 00:00:00+00:00,0.0001,0.00023913,
2023-12-08 08:00:00+00:00,0.00023288,0.00044041,
2023-12-08 16:00:00+00:00,0.00020242,0.00034051,
2023-12-09 00:00:00+00:00,0.00011504,0.00011864,
2023-12-09 08:00:00+00:00,0.00030159,0.00049285,
2023-12-09 16:00:00+00:00,0.00017192,0.00032929,
2023-12-10 00:00:00+00:00,0.00020724,0.00033498,
2023-12-10 08:00:00+00:00,0.00020383,0.0003097,
2023-12-10 16:00:00+00:00,0.00023923,0.00039354,
2023-12-11 00:00:00+00:00,0.0001473,0.00033285,
2023-12-11 08:00:00+00:00,0.0001,0.00015948,
2023-12-11 16:00:00+00:00,0.0001,0.0001,
2023-12-12 00:00:00+00:00,0.0001,0.00021542,
2023-12-12 08:00:00+00:00,0.0001,0.00016545,
2023-12-12 16:00:00+00:00,0.0001,0.0001,
2023-12-13 00:00:00+00:00,0.00011909,0.00018236,
2023-12-13 08:00:00+00:00,0.00010162,0.00015492,
2023-12-13 16:00:00+00:00,0.00012601,0.00016232,
2023-12-14 00:00:00+00:00,0.0001,0.00010146,
2023-12-14 08:00:00+00:00,0.0001,0.00012332,
2023-12-14 16:00:00+00:00,0.0001,0.00011106,
2023-12-15 00:00:00+00:00,0.0001,0.00010466,
2023-12-15 08:00:00+00:00,0.0001,0.00015354,
2023-12-15 16:00:00+00:00,0.0001,0.00013415,
2023-12-16 00:00:00+00:00,0.0001,0.0001,
2023-12-16 08:00:00+00:00,0.0001,0.00024408,
2023-12-16 16:00:00+00:00,0.0001,0.00017406,
2023-12-17 00:00:00+00:00,0.0001,0.00017286,
2023-12-17 08:00:00+00:00,0.0001,0.0001,
2023-12-17 16:00:00+00:00,0.0001,0.0001,
2023-12-18 00:00:00+00:00,0.00013355,0.00013303,
2023-12-18 08:00:00+00:00,0.0001,0.0001,
2023-12-18 16:00:00+00:00,0.00015611,0.00010731,
2023-12-19 00:00:00+00:00,0.0001,0.0001,
2023-12-19 08:00:00+00:00,0.0001,0.00017727,
2023-12-19 16:00:00+00:00,0.0001,0.00013946,
2023-12-20 00:00:00+00:00,0.00010506,0.0001,
2023-12-20 08:00:00+00:00,0.0001,0.0001,
2023-12-20 16:00:00+00:00,0.00023637,0.00018725,
2023-12-21 00:00:00+00:00,0.00027143,0.000152,
2023-12-21 08:00:00+00:00,0.00029216,0.00022504,
2023-12-21 16:00:00+00:00,0.00028948,0.00033844,
2023-12-22 00:00:00+00:00,0.00030806,0.00024215,
2023-12-22 08:00:00+00:00,0.0002961,0.00030643,
2023-12-22 16:00:00+00:00,0.00018011,0.00020031,
2023-12-23 00:00:00+00:00,0.00016285,0.00015263,
2023-12-23 08:00:00+00:00,0.0001,0.0001,
2023-12-23 16:00:00+00:00,0.00015066,0.0001,
2023-12-24 00:00:00+00:00,0.0001,0.0001,
2023-12-24 08:00:00+00:00,0.0002079,0.00025197,
2023-12-24 16:00:00+00:00,0.00019729,0.0001,
2023-12-25 00:00:00+00:00,0.0001,0.0001,
2023-12-25 08:00:00+00:00,0.0001,0.0001,
2023-12-25 16:00:00+00:00,0.00037908,0.00018708,
2023-12-26 00:00:00+00:00,0.00043391,0.0003048,
2023-12-26 08:00:00+00:00,0.00023757,0.00027919,
2023-12-26 16:00:00+00:00,0.00029559,0.00032104,
2023-12-27 00:00:00+00:00,0.00027621,0.00040735,
2023-12-27 08:00:00+00:00,0.00037942,0.00042225,
2023-12-27 16:00:00+00:00,0.00032304,0.0005221,
2023-12-28 00:00:00+00:00,0.00013021,0.00019269,
2023-12-28 08:00:00+00:00,0.00037879,0.00038854,
2023-12-28 16:00:00+00:00,0.00050152,0.00057322,
2023-12-29 00:00:00+00:00,0.0005517,0.00059775,
2023-12-29 08:00:00+00:00,0.00049912,0.00044001,
2023-12-29 16:00:00+00:00,0.00047082,0.000435,
2023-12-30 00:00:00+00:00,0.00033033,0.00039208,
2023-12-30 08:00:00+00:00,0.0004358,0.00036923,
2023-12-30 16:00:00+00:00,0.00037842,0.00024277,
2023-12-31 00:00:00+00:00,0.00027855,0.00026419,
2023-12-31 08:00:00+00:00,0.00034573,0.00040148,
2023-12-31 16:00:00+00:00,0.00033597,0.00044151,
2024-01-01 00:00:00+00:00,0.00037409,0.00043294,
2024-01-01 08:00:00+00:00,0.00027213,0.00049955,
2024-01-01 16:00:00+00:00,0.00033601,0.00037274,
2024-01-02 00:00:00+00:00,0.00065846,0.00057167,
2024-01-02 08:00:00+00:00,0.00035179,0.00049958,
2024-01-02 16:00:00+00:00,0.0005373,0.00066228,
2024-01-03 00:00:00+00:00,0.00021159,0.00045739,
2024-01-03 08:00:00+00:00,0.00017123,0.00035429,
2024-01-03 16:00:00+00:00,0.0001,0.0001,
2024-01-04 00:00:00+00:00,0.0001,0.0001,
2024-01-04 08:00:00+00:00,0.0001,0.0001,
2024-01-04 16:00:00+00:00,0.0001,0.0001,
2024-01-05 00:00:00+00:00,0.0001,0.0001,
2024-01-05 08:00:00+00:00,0.0001,0.0001,
2024-01-05 16:00:00+00:00,0.0001,0.0001,
2024-01-06 00:00:00+00:00,0.0001,0.0001,
2024-01-06 08:00:00+00:00,0.0001,0.0001,
2024-01-06 16:00:00+00:00,0.0001,0.0001,
2024-01-07 00:00:00+00:00,0.0001,0.0001,
2024-01-07 08:00:00+00:00,0.0001,0.0001,
2024-01-07 16:00:00+00:00,0.0001,0.0001,
2024-01-08 00:00:00+00:00,0.0001,0.0001,
2024-01-08 08:00:00+00:00,0.0001,0.0001,
2024-01-08 16:00:00+00:00,0.0001,0.0001,
2024-01-09 00:00:00+00:00,0.0001,0.0001,
2024-01-09 08:00:00+00:00,0.0001,0.0001,
2024-01-09 16:00:00+00:00,0.0001,0.0001,
2024-01-10 00:00:00+00:00,0.0001,0.0001,
2024-01-10 08:00:00+00:00,0.0001,0.0001,
2024-01-10 16:00:00+00:00,0.0001,0.0001,
2024-01-11 00:00:00+00:00,0.0001,0.0001,
2024-01-11 08:00:00+00:00,0.0001,0.0001,
2024-01-11 16:00:00+00:00,0.0001,0.0001,
2024-01-12 00:00:00+00:00,0.0001,0.0001,
2024-01-12 08:00:00+00:00,0.0001,0.0001,
2024-01-12 16:00:00+00:00,0.0001,0.0001,
2024-01-13 00:00:00+00:00,0.0001,0.0001,
2024-01-13 08:00:00+00:00,0.0001,0.0001,
2024-01-13 16:00:00+00:00,0.0001,0.0001,
2024-01-14 00:00:00+00:00,0.0001,0.0001,
2024-01-14 08:00:00+00:00,0.0001,0.0001,
2024-01-14 16:00:00+00:00,0.0001,0.0001,
2024-01-15 00:00:00+00:00,0.0001,0.0001,
2024-01-15 08:00:00+00:00,0.0001,0.0001,
2024-01-15 16:00:00+00:00,0.0001,0.0001,
2024-01-16 00:00:00+00:00,0.0001,0.0001,
2024-01-16 08:00:00+00:00,0.0001,0.0001,
2024-01-16 16:00:00+00:00,0.0001,0.0001,
2024-01-17 00:00:00+00:00,0.0001,0.0001,
2024-01-17 08:00:00+00:00,0.0001,0.0001,
2024-01-17 16:00:00+00:00,0.0001,0.0001,
2024-01-18 00:00:00+00:00,0.0001,0.0001,
2024-01-18 08:00:00+00:00,0.0001,0.0001,
2024-01-18 16:00:00+00:00,0.0001,0.0001,
2024-01-19 00:00:00+00:00,0.0001,0.0001,
2024-01-19 08:00:00+00:00,0.0001,0.0001,
2024-01-19 16:00:00+00:00,0.0001,0.0001,
2024-01-20 00:00:00+00:00,0.0001,0.0001,
2024-01-20 08:00:00+00:00,0.0001,0.0001,
2024-01-20 16:00:00+00:00,0.0001,0.0001,
2024-01-21 00:00:00+00:00,0.0001,0.0001,
2024-01-21 08:00:00+00:00,0.0001,0.0001,
2024-01-21 16:00:00+00:00,0.0001,0.0001,
2024-01-22 00:00:00+00:00,0.0001,0.0001,
2024-01-22 08:00:00+00:00,0.0001,0.0001,
2024-01-22 16:00:00+00:00,0.0001,0.0001,
2024-01-23 00:00:00+00:00,0.0001,0.0001,
2024-01-23 08:00:00+00:00,0.0001,0.0001,
2024-01-23 16:00:00+00:00,0.0001,0.0001,
2024-01-24 00:00:00+00:00,0.0001,0.0001,
2024-01-24 08:00:00+00:00,0.0001,0.0001,
2024-01-24 16:00:00+00:00,0.0001,0.0001,
2024-01-25 00:00:00+00:00,0.0001,0.0001,
2024-01-25 08:00:00+00:00,0.0001,0.0001,
2024-01-25 16:00:00+00:00,0.0001,0.0001,
2024-01-26 00:00:00+00:00,0.0001,0.0001,
2024-01-26 08:00:00+00:00,0.0001,0.0001,
2024-01-26 16:00:00+00:00,0.0001,0.0001,
2024-01-27 00:00:00+00:00,8.966e-05,0.0001,
2024-01-27 08:00:00+00:00,0.0001,0.0001,
2024-01-27 16:00:00+00:00,8.3e-05,0.0001,
2024-01-28 00:00:00+00:00,0.0001,6.78e-06,
2024-01-28 08:00:00+00:00,4.725e-05,5.43e-06,
2024-01-28 16:00:00+00:00,0.0001,0.0001,
2024-01-29 00:00:00+00:00,0.0001,0.0001,
2024-01-29 08:00:00+00:00,9.142e-05,0.0001,
2024-01-29 16:00:00+00:00,0.0001,0.0001,
2024-01-30 00:00:00+00:00,0.0001,8.201e-05,
2024-01-30 08:00:00+00:00,9.492e-05,0.0001,
2024-01-30 16:00:00+00:00,5.149e-05,0.0001,
2024-01-31 00:00:00+00:00,2.154e-05,1.302e-05,
2024-01-31 08:00:00+00:00,0.0001,0.0001,
2024-01-31 16:00:00+00:00,0.0001,0.0001,
2024-02-01 00:00:00+00:00,0.0001,5.432e-05,
2024-02-01 08:00:00+00:00,0.0001,0.0001,
2024-02-01 16:00:00+00:00,0.0001,0.0001,
2024-02-02 00:00:00+00:00,0.0001,7.298e-05,
2024-02-02 08:00:00+00:00,0.0001,0.0001,
2024-02-02 16:00:00+00:00,0.0001,0.0001,
2024-02-03 00:00:00+00:00,7.627e-05,8.511e-05,
2024-02-03 08:00:00+00:00,9.042e-05,4.735e-05,
2024-02-03 16:00:00+00:00,8.028e-05,0.0001,
2024-02-04 00:00:00+00:00,8.307e-05,8.642e-05,
2024-02-04 08:00:00+00:00,8.846e-05,0.0001,
2024-02-04 16:00:00+00:00,0.0001,0.0001,
2024-02-05 00:00:00+00:00,0.0001,8.355e-05,
2024-02-05 08:00:00+00:00,0.0001,0.0001,
2024-02-05 16:00:00+00:00,0.0001,0.0001,
2024-02-06 00:00:00+00:00,0.0001,0.0001,
2024-02-06 08:00:00+00:00,6.723e-05,0.0001,
2024-02-06 16:00:00+00:00,0.0001,0.0001,
2024-02-07 00:00:00+00:00,7.527e-05,5.488e-05,
2024-02-07 08:00:00+00:00,5.373e-05,0.0001,
2024-02-07 16:00:00+00:00,8.306e-05,0.0001,
2024-02-08 00:00:00+00:00,0.0001,0.0001,
2024-02-08 08:00:00+00:00,6.535e-05,6.283e-05,
2024-02-08 16:00:00+00:00,2.59e-05,3.61e-06,
2024-02-09 00:00:00+00:00,3.16e-05,-2.88e-05,
2024-02-09 08:00:00+00:00,0.0001,0.0001,
2024-02-09 16:00:00+00:00,9.801e-05,0.0001,
2024-02-10 00:00:00+00:00,8.041e-05,0.0001,
2024-02-10 08:00:00+00:00,0.0001,0.0001,
2024-02-10 16:00:00+00:00,0.0001,0.0001,
2024-02-11 00:00:00+00:00,0.0001,0.0001,
2024-02-11 08:00:00+00:00,0.0001,0.0001,
2024-02-11 16:00:00+00:00,0.0001,0.0001,
2024-02-12 00:00:00+00:00,0.0001,0.0001,
2024-02-12 08:00:00+00:00,0.0001,0.0001,
2024-02-12 16:00:00+00:00,0.0001,0.0001,
2024-02-13 00:00:00+00:00,0.0001,0.0001,
2024-02-13 08:00:00+00:00,0.0001,0.0001,
2024-02-13 16:00:00+00:00,0.0001,0.0001,
2024-02-14 00:00:00+00:00,0.0001,0.0001,
2024-02-14 08:00:00+00:00,0.0001,0.0001,
2024-02-14 16:00:00+00:00,0.00012283,0.00011153,
2024-02-15 00:00:00+00:00,0.0001,0.0001,
2024-02-15 08:00:00+00:00,0.0001,0.00014722,
2024-02-15 16:00:00+00:00,0.0001,0.00010861,
2024-02-16 00:00:00+00:00,0.0001,0.0001,
2024-02-16 08:00:00+00:00,0.0001,0.0001,
2024-02-16 16:00:00+00:00,0.0001,0.0001,
2024-02-17 00:00:00+00:00,0.0001,0.0001,
2024-02-17 08:00:00+00:00,0.0001,0.0001,
2024-02-17 16:00:00+00:00,0.00016041,0.0001,
2024-02-18 00:00:00+00:00,0.0001724,0.00012154,
2024-02-18 08:00:00+00:00,0.00015305,0.0001,
2024-02-18 16:00:00+00:00,0.00017095,0.0001,
2024-02-19 00:00:00+00:00,0.00023064,0.00017748,
2024-02-19 08:00:00+00:00,0.00019594,0.00013098,
2024-02-19 16:00:00+00:00,0.00013327,0.00019352,
2024-02-20 00:00:00+00:00,0.00010461,0.0001,
2024-02-20 08:00:00+00:00,0.00010912,0.0001,
2024-02-20 16:00:00+00:00,0.00020259,0.0001,
2024-02-21 00:00:00+00:00,0.0001,0.0001,
2024-02-21 08:00:00+00:00,0.00011242,0.0001,
2024-02-21 16:00:00+00:00,0.0001,0.0001,
2024-02-22 00:00:00+00:00,0.0001,0.0001,
2024-02-22 08:00:00+00:00,0.0001348,0.0001,
2024-02-22 16:00:00+00:00,0.00012557,0.0001,
2024-02-23 00:00:00+00:00,0.0001,0.0001,
2024-02-23 08:00:00+00:00,0.0001,0.0001,
2024-02-23 16:00:00+00:00,0.00012991,0.0001,
2024-02-24 00:00:00+00:00,0.0001,0.0001,
2024-02-24 08:00:00+00:00,0.0001,0.0001,
2024-02-24 16:00:00+00:00,0.0001,0.00010658,
2024-02-25 00:00:00+00:00,0.00011438,0.0001,
2024-02-25 08:00:00+00:00,0.00015012,0.0001,
2024-02-25 16:00:00+00:00,0.00015062,0.0001,
2024-02-26 00:00:00+00:00,0.00026761,0.0001,
2024-02-26 08:00:00+00:00,0.00021567,0.0001,
2024-02-26 16:00:00+00:00,0.00027227,0.0001,
2024-02-27 00:00:00+00:00,0.00032262,0.00026308,
2024-02-27 08:00:00+00:00,0.00073521,0.00067187,
2024-02-27 16:00:00+00:00,0.00022965,0.00030171,
2024-02-28 00:00:00+00:00,0.00026729,0.00023372,
2024-02-28 08:00:00+00:00,0.00023682,0.00019212,
2024-02-28 16:00:00+00:00,0.00053538,0.0005031,
2024-02-29 00:00:00+00:00,0.00069091,0.00061432,
2024-02-29 08:00:00+00:00,0.00076337,0.00072478,
2024-02-29 16:00:00+00:00,0.00057031,0.00069292,
2024-03-01 00:00:00+00:00,0.00053322,0.0003927,
2024-03-01 08:00:00+00:00,0.00064824,0.00039022,
2024-03-01 16:00:00+00:00,0.0004601,0.00040755,
2024-03-02 00:00:00+00:00,0.00033426,0.00013237,
2024-03-02 08:00:00+00:00,0.00057174,0.00023839,
2024-03-02 16:00:00+00:00,0.00056396,0.00059366,
2024-03-03 00:00:00+00:00,0.00046267,0.0005429,
2024-03-03 08:00:00+00:00,0.00042989,0.00041238,
2024-03-03 16:00:00+00:00,0.00044598,0.00048175,
2024-03-04 00:00:00+00:00,0.00055071,0.00045429,
2024-03-04 08:00:00+00:00,0.00046833,0.00067979,
2024-03-04 16:00:00+00:00,0.0006362,0.00082996,
2024-03-05 00:00:00+00:00,0.0004896,0.00080029,
2024-03-05 08:00:00+00:00,0.00082969,0.00112788,
2024-03-05 16:00:00+00:00,0.00088148,0.0009208,
2024-03-06 00:00:00+00:00,0.0003628,0.00028173,
2024-03-06 08:00:00+00:00,0.00033876,0.00024214,
2024-03-06 16:00:00+00:00,0.00049354,0.00047896,
2024-03-07 00:00:00+00:00,0.00030311,0.00027527,
2024-03-07 08:00:00+00:00,0.00040984,0.00024008,
2024-03-07 16:00:00+00:00,0.00054217,0.00050302,
2024-03-08 00:00:00+00:00,0.00034819,0.00035863,
2024-03-08 08:00:00+00:00,0.00043497,0.00040848,
2024-03-08 16:00:00+00:00,0.00062913,0.00072305,
2024-03-09 00:00:00+00:00,0.00019134,0.00023097,
2024-03-09 08:00:00+00:00,0.00031281,0.0002609,
2024-03-09 16:00:00+00:00,0.00026407,0.00028422,
2024-03-10 00:00:00+00:00,0.0003101,0.00033129,
2024-03-10 08:00:00+00:00,0.00063451,0.00058798,
2024-03-10 16:00:00+00:00,0.00054479,0.00065671,
2024-03-11 00:00:00+00:00,0.00035489,0.00041946,
2024-03-11 08:00:00+00:00,0.00078428,0.00077869,
2024-03-11 16:00:00+00:00,0.00066396,0.00074316,
2024-03-12 00:00:00+00:00,0.0004447,0.00049803,
2024-03-12 08:00:00+00:00,0.000453,0.00051935,
2024-03-12 16:00:00+00:00,0.00047935,0.00055529,
2024-03-13 00:00:00+00:00,0.00033224,0.00034133,
2024-03-13 08:00:00+00:00,0.0006442,0.0007759,
2024-03-13 16:00:00+00:00,0.00045402,0.0004918,
2024-03-14 00:00:00+00:00,0.00024393,0.00028643,
2024-03-14 08:00:00+00:00,0.00038753,0.00048932,
2024-03-14 16:00:00+00:00,0.00038258,0.00049306,
2024-03-15 00:00:00+00:00,0.00038515,0.00050945,
2024-03-15 08:00:00+00:00,0.00014328,0.0001,
2024-03-15 16:00:00+00:00,0.00015306,0.0001,
2024-03-16 00:00:00+00:00,0.0001,0.0001,
2024-03-16 08:00:00+00:00,0.00023202,0.0001,
2024-03-16 16:00:00+00:00,0.00020813,0.0001,
2024-03-17 00:00:00+00:00,0.00013089,0.0001,
2024-03-17 08:00:00+00:00,0.00017773,0.0001,
2024-03-17 16:00:00+00:00,0.00024827,0.00019339,
2024-03-18 00:00:00+00:00,0.00020181,0.00013515,
2024-03-18 08:00:00+00:00,0.00030597,0.00030244,
2024-03-18 16:00:00+00:00,0.00027195,0.0001,
2024-03-19 00:00:00+00:00,0.00026923,0.0001,
2024-03-19 08:00:00+00:00,0.00029065,0.0001,
2024-03-19 16:00:00+00:00,0.00024018,0.00011542,
2024-03-20 00:00:00+00:00,0.00015847,0.0001,
2024-03-20 08:00:00+00:00,0.00018388,0.0001,
2024-03-20 16:00:00+00:00,0.0001,0.0001,
2024-03-21 00:00:00+00:00,0.00010403,0.0001,
2024-03-21 08:00:00+00:00,0.00019304,0.0001,
2024-03-21 16:00:00+00:00,0.0001951,0.0001,
2024-03-22 00:00:00+00:00,0.00016271,0.0001,
2024-03-22 08:00:00+00:00,0.0001,0.0001,
2024-03-22 16:00:00+00:00,0.00011993,0.0001,
2024-03-23 00:00:00+00:00,0.0001,0.0001,
2024-03-23 08:00:00+00:00,0.0001,0.0001,
2024-03-23 16:00:00+00:00,0.00010806,0.0001,
2024-03-24 00:00:00+00:00,0.00010351,0.0001,
2024-03-24 08:00:00+00:00,0.00014616,0.0001,
2024-03-24 16:00:00+00:00,0.00015884,0.0001,
2024-03-25 00:00:00+00:00,0.00025549,0.0001,
2024-03-25 08:00:00+00:00,0.00016324,0.0001,
2024-03-25 16:00:00+00:00,0.00028815,0.00025614,
2024-03-26 00:00:00+00:00,0.00021963,0.00010181,
2024-03-26 08:00:00+00:00,0.00018348,0.00023139,
2024-03-26 16:00:00+00:00,0.00026764,0.00032273,
2024-03-27 00:00:00+00:00,0.00028757,0.00046291,
2024-03-27 08:00:00+00:00,0.00029551,0.00032533,
2024-03-27 16:00:00+00:00,0.00043631,0.00042313,
2024-03-28 00:00:00+00:00,0.00024195,0.00037678,
2024-03-28 08:00:00+00:00,0.00029899,0.00052851,
2024-03-28 16:00:00+00:00,0.0002943,0.00047308,
2024-03-29 00:00:00+00:00,0.0001825,0.00043346,
2024-03-29 08:00:00+00:00,0.00025456,0.0003284,
2024-03-29 16:00:00+00:00,0.0003017,0.00037754,
2024-03-30 00:00:00+00:00,0.00019624,0.00026099,
2024-03-30 08:00:00+00:00,0.00032267,0.0004336,
2024-03-30 16:00:00+00:00,0.0003436,0.00035292,
2024-03-31 00:00:00+00:00,0.00032351,0.0003051,
2024-03-31 08:00:00+00:00,0.00039889,0.00044673,
2024-03-31 16:00:00+00:00,0.00040301,0.00049276,
2024-04-01 00:00:00+00:00,0.00070161,0.00065297,
2024-04-01 08:00:00+00:00,0.00033491,0.00029626,
2024-04-01 16:00:00+00:00,0.00027469,0.00024903,
2024-04-02 00:00:00+00:00,0.00010926,0.00024486,
2024-04-02 08:00:00+00:00,0.0001,0.0001,
2024-04-02 16:00:00+00:00,0.00016456,0.0001,
2024-04-03 00:00:00+00:00,0.0001,0.0001,
2024-04-03 08:00:00+00:00,0.0001,0.0001,
2024-04-03 16:00:00+00:00,0.0001,0.0001,
2024-04-04 00:00:00+00:00,0.0001,0.0001,
2024-04-04 08:00:00+00:00,0.0001,0.0001,
2024-04-04 16:00:00+00:00,0.0001,0.0001,
2024-04-05 00:00:00+00:00,0.0001,0.0001,
2024-04-05 08:00:00+00:00,0.0001,0.0001,
2024-04-05 16:00:00+00:00,0.0001,0.0001,
2024-04-06 00:00:00+00:00,0.0001,0.0001,
2024-04-06 08:00:00+00:00,0.0001,0.0001,
2024-04-06 16:00:00+00:00,0.0001,0.0001,
2024-04-07 00:00:00+00:00,0.0001,0.0001,
2024-04-07 08:00:00+00:00,0.0001,0.0001,
2024-04-07 16:00:00+00:00,0.0001,0.0001,
2024-04-08 00:00:00+00:00,0.0001,0.0001,
2024-04-08 08:00:00+00:00,0.0001,0.0001,
2024-04-08 16:00:00+00:00,0.00035189,0.00021323,
2024-04-09 00:00:00+00:00,0.00020915,0.00020982,
2024-04-09 08:00:00+00:00,0.00020603,0.00015607,
2024-04-09 16:00:00+00:00,0.00019061,0.00016704,
2024-04-10 00:00:00+00:00,0.00011929,0.00011987,
2024-04-10 08:00:00+00:00,0.00012457,0.0001,
2024-04-10 16:00:00+00:00,0.0001,0.0001,
2024-04-11 00:00:00+00:00,0.00013979,0.0001,
2024-04-11 08:00:00+00:00,0.00020153,0.0001,
2024-04-11 16:00:00+00:00,0.00019763,0.0001,
2024-04-12 00:00:00+00:00,0.00011258,0.0001,
2024-04-12 08:00:00+00:00,0.0002563,0.0001,
2024-04-12 16:00:00+00:00,0.00012214,0.0001,
2024-04-13 00:00:00+00:00,0.0001,0.0001,
2024-04-13 08:00:00+00:00,0.0001,0.0001,
2024-04-13 16:00:00+00:00,0.0001,0.0001,
2024-04-14 00:00:00+00:00,0.0001,7.356e-05,
2024-04-14 08:00:00+00:00,0.0001,0.0001,
2024-04-14 16:00:00+00:00,0.0001,0.0001,
2024-04-15 00:00:00+00:00,0.0001,8.288e-05,
2024-04-15 08:00:00+00:00,1.759e-05,-3.849e-05,
2024-04-15 16:00:00+00:00,0.0001,5.41e-06,
2024-04-16 00:00:00+00:00,5.953e-05,8.676e-05,
2024-04-16 08:00:00+00:00,9.525e-05,6.221e-05,
2024-04-16 16:00:00+00:00,3.513e-05,6.552e-05,
2024-04-17 00:00:00+00:00,6.375e-05,3.688e-05,
2024-04-17 08:00:00+00:00,3.574e-05,6.63e-06,
2024-04-17 16:00:00+00:00,6.534e-05,4.406e-05,
2024-04-18 00:00:00+00:00,6.937e-05,7.307e-05,
2024-04-18 08:00:00+00:00,5.982e-05,-4.087e-05,
2024-04-18 16:00:00+00:00,-3.334e-05,-5.366e-05,
2024-04-19 00:00:00+00:00,-3.12e-05,-2.998e-05,
2024-04-19 08:00:00+00:00,6.641e-05,0.0001,
2024-04-19 16:00:00+00:00,5.88e-05,5.565e-05,
2024-04-20 00:00:00+00:00,0.0001,3.58e-05,
2024-04-20 08:00:00+00:00,-7.66e-06,9.43e-06,
2024-04-20 16:00:00+00:00,4.204e-05,-6.986e-05,
2024-04-21 00:00:00+00:00,3.186e-05,-1.858e-05,
2024-04-21 08:00:00+00:00,-2.093e-05,4.833e-05,
2024-04-21 16:00:00+00:00,8.271e-05,5.023e-05,
2024-04-22 00:00:00+00:00,4.409e-05,9.377e-05,
2024-04-22 08:00:00+00:00,2.497e-05,0.0001,
2024-04-22 16:00:00+00:00,8.98e-06,-7.379e-05,
2024-04-23 00:00:00+00:00,-1.236e-05,-0.00015398,
2024-04-23 08:00:00+00:00,5.24e-05,-1.744e-05,
2024-04-23 16:00:00+00:00,-1.083e-05,7.572e-05,
2024-04-24 00:00:00+00:00,1.413e-05,0.0001,
2024-04-24 08:00:00+00:00,5.302e-05,0.0001,
2024-04-24 16:00:00+00:00,7.047e-05,4.93e-05,
2024-04-25 00:00:00+00:00,7.02e-05,0.0001,
2024-04-25 08:00:00+00:00,4.069e-05,-1.371e-05,
2024-04-25 16:00:00+00:00,1.14e-05,2.499e-05,
2024-04-26 00:00:00+00:00,1.709e-05,-1.077e-05,
2024-04-26 08:00:00+00:00,6.85e-06,-3.421e-05,
2024-04-26 16:00:00+00:00,5.562e-05,6.161e-05,
2024-04-27 00:00:00+00:00,0.0001,0.0001,
2024-04-27 08:00:00+00:00,7.47e-05,0.0001,
2024-04-27 16:00:00+00:00,2.834e-05,0.0001,
2024-04-28 00:00:00+00:00,1.006e-05,4.02e-05,
2024-04-28 08:00:00+00:00,-2.081e-05,7.92e-05,
2024-04-28 16:00:00+00:00,2.782e-05,7.9e-05,
2024-04-29 00:00:00+00:00,2.472e-05,1.802e-05,
2024-04-29 08:00:00+00:00,5.544e-05,-5.782e-05,
2024-04-29 16:00:00+00:00,6.828e-05,0.0001,
2024-04-30 00:00:00+00:00,9.74e-05,1.43e-05,
2024-04-30 08:00:00+00:00,9.154e-05,6.38e-06,
2024-04-30 16:00:00+00:00,0.0001,8.364e-05,
2024-05-01 00:00:00+00:00,0.0001,0.0001,
2024-05-01 08:00:00+00:00,8.946e-05,0.0001,
2024-05-01 16:00:00+00:00,9.902e-05,5.046e-05,
2024-05-02 00:00:00+00:00,6.634e-05,1.443e-05,
2024-05-02 08:00:00+00:00,6.169e-05,0.0001,
2024-05-02 16:00:00+00:00,-1.23e-06,-0.0001045,
2024-05-03 00:00:00+00:00,-1.549e-05,-9.395e-05,
2024-05-03 08:00:00+00:00,-3.764e-05,-5.166e-05,
2024-05-03 16:00:00+00:00,8.091e-05,-8.669e-05,
2024-05-04 00:00:00+00:00,2.703e-05,-9.541e-05,
2024-05-04 08:00:00+00:00,7.455e-05,1.769e-05,
2024-05-04 16:00:00+00:00,6.265e-05,-2.317e-05,
2024-05-05 00:00:00+00:00,6.906e-05,3.013e-05,
2024-05-05 08:00:00+00:00,6.47e-06,7.133e-05,
2024-05-05 16:00:00+00:00,3.893e-05,0.0001,
2024-05-06 00:00:00+00:00,6.02e-06,4.545e-05,
2024-05-06 08:00:00+00:00,-1.031e-05,7.226e-05,
2024-05-06 16:00:00+00:00,7.746e-05,8.717e-05,
2024-05-07 00:00:00+00:00,6.064e-05,0.0001,
2024-05-07 08:00:00+00:00,1.581e-05,0.0001,
2024-05-07 16:00:00+00:00,9.028e-05,0.0001,
2024-05-08 00:00:00+00:00,4.891e-05,0.0001,
2024-05-08 08:00:00+00:00,5.553e-05,0.0001,
2024-05-08 16:00:00+00:00,9.292e-05,0.0001,
2024-05-09 00:00:00+00:00,5.648e-05,0.0001,
2024-05-09 08:00:00+00:00,3.315e-05,4.634e-05,
2024-05-09 16:00:00+00:00,7.253e-05,8.999e-05,
2024-05-10 00:00:00+00:00,1.026e-05,2.72e-06,
2024-05-10 08:00:00+00:00,5.934e-05,1.145e-05,
2024-05-10 16:00:00+00:00,7.653e-05,0.0001,
2024-05-11 00:00:00+00:00,8.881e-05,0.0001,
2024-05-11 08:00:00+00:00,3.771e-05,0.0001,
2024-05-11 16:00:00+00:00,5.067e-05,0.0001,
2024-05-12 00:00:00+00:00,2.604e-05,0.0001,
2024-05-12 08:00:00+00:00,2.83e-05,5.654e-05,
2024-05-12 16:00:00+00:00,0.0001,0.0001,
2024-05-13 00:00:00+00:00,0.0001,-1.44e-06,
2024-05-13 08:00:00+00:00,8.469e-05,9.033e-05,
2024-05-13 16:00:00+00:00,9.151e-05,9.59e-06,
2024-05-14 00:00:00+00:00,9.866e-05,-2.451e-05,
2024-05-14 08:00:00+00:00,0.0001,0.0001,
2024-05-14 16:00:00+00:00,4.392e-05,9.399e-05,
2024-05-15 00:00:00+00:00,0.0001,6.589e-05,
2024-05-15 08:00:00+00:00,-3.85e-06,3.598e-05,
2024-05-15 16:00:00+00:00,2.373e-05,-6.766e-05,
2024-05-16 00:00:00+00:00,2.103e-05,3.295e-05,
2024-05-16 08:00:00+00:00,5.148e-05,6.558e-05,
2024-05-16 16:00:00+00:00,3.543e-05,2.947e-05,
2024-05-17 00:00:00+00:00,4.647e-05,0.0001,
2024-05-17 08:00:00+00:00,8.15e-06,0.0001,
2024-05-17 16:00:00+00:00,-2.98e-06,0.0001,
2024-05-18 00:00:00+00:00,6.28e-06,2.216e-05,
2024-05-18 08:00:00+00:00,8.012e-05,7.849e-05,
2024-05-18 16:00:00+00:00,-7.92e-06,1.546e-05,
2024-05-19 00:00:00+00:00,3.339e-05,4.445e-05,
2024-05-19 08:00:00+00:00,5.21e-05,9.105e-05,
2024-05-19 16:00:00+00:00,4.779e-05,7.228e-05,
2024-05-20 00:00:00+00:00,5.607e-05,1.894e-05,
2024-05-20 08:00:00+00:00,2.479e-05,0.0001,
2024-05-20 16:00:00+00:00,2.552e-05,6.146e-05,
2024-05-21 00:00:00+00:00,0.0001,0.0001,
2024-05-21 08:00:00+00:00,0.00010517,0.0001,
2024-05-21 16:00:00+00:00,0.0001,0.0001,
2024-05-22 00:00:00+00:00,0.0001,0.0001,
2024-05-22 08:00:00+00:00,0.00015759,0.0001,
2024-05-22 16:00:00+00:00,0.0001,0.0001,
2024-05-23 00:00:00+00:00,0.0001,0.0001,
2024-05-23 08:00:00+00:00,0.0001,0.00015256,
2024-05-23 16:00:00+00:00,0.0001,0.00010356,
2024-05-24 00:00:00+00:00,0.0001,0.0001,
2024-05-24 08:00:00+00:00,0.0001,0.0001,
2024-05-24 16:00:00+00:00,0.0001,0.0001,
2024-05-25 00:00:00+00:00,0.0001,0.0001,
2024-05-25 08:00:00+00:00,0.0001,0.0001,
2024-05-25 16:00:00+00:00,0.0001,0.0001,
2024-05-26 00:00:00+00:00,0.0001,0.0001,
2024-05-26 08:00:00+00:00,0.0001,0.0001,
2024-05-26 16:00:00+00:00,0.0001,0.0001,
2024-05-27 00:00:00+00:00,0.0001,0.0001,
2024-05-27 08:00:00+00:00,0.0001,0.0001,
2024-05-27 16:00:00+00:00,0.0001,0.0001,
2024-05-28 00:00:00+00:00,0.0001,0.0001,
2024-05-28 08:00:00+00:00,0.0001,0.0001,
2024-05-28 16:00:00+00:00,0.0001,0.0001,
2024-05-29 00:00:00+00:00,0.0001,0.0001,
2024-05-29 08:00:00+00:00,0.0001,0.00010687,
2024-05-29 16:00:00+00:00,0.00012558,0.0001,
2024-05-30 00:00:00+00:00,0.0001,0.0001,
2024-05-30 08:00:00+00:00,0.0001,0.0001,
2024-05-30 16:00:00+00:00,0.0001,0.0001,
2024-05-31 00:00:00+00:00,0.00014599,0.0001,
2024-05-31 08:00:00+00:00,0.00012268,0.0001,
2024-05-31 16:00:00+00:00,0.0001,0.0001,
2024-06-01 00:00:00+00:00,0.0001,0.0001,
2024-06-01 08:00:00+00:00,0.0001,0.0001,
2024-06-01 16:00:00+00:00,0.0001025,0.0001,
2024-06-02 00:00:00+00:00,0.0001,0.0001,
2024-06-02 08:00:00+00:00,0.0001,0.0001,
2024-06-02 16:00:00+00:00,0.0001,0.0001,
2024-06-03 00:00:00+00:00,0.0001,0.0001,
2024-06-03 08:00:00+00:00,0.00014135,0.0001,
2024-06-03 16:00:00+00:00,0.0001,0.0001,
2024-06-04 00:00:00+00:00,0.00012008,0.0001,
2024-06-04 08:00:00+00:00,0.0001,0.00016251,
2024-06-04 16:00:00+00:00,0.0001,0.0001,
2024-06-05 00:00:00+00:00,0.0001,0.0001,
2024-06-05 08:00:00+00:00,0.00016387,0.0001104,
2024-06-05 16:00:00+00:00,0.00013226,0.0001,
2024-06-06 00:00:00+00:00,0.0001,0.0001,
2024-06-06 08:00:00+00:00,0.00010438,0.0001,
2024-06-06 16:00:00+00:00,0.0001177,0.0001,
2024-06-07 00:00:00+00:00,0.0001,0.0001,
2024-06-07 08:00:00+00:00,0.0001,0.0001,
2024-06-07 16:00:00+00:00,0.00010166,0.00014636,
2024-06-08 00:00:00+00:00,0.0001,0.00015015,
2024-06-08 08:00:00+00:00,0.0001,0.0001,
2024-06-08 16:00:00+00:00,0.0001,0.0001,
2024-06-09 00:00:00+00:00,0.0001,0.0001,
2024-06-09 08:00:00+00:00,0.0001,0.0001,
2024-06-09 16:00:00+00:00,0.0001,0.0001,
2024-06-10 00:00:00+00:00,0.0001,0.0001,
2024-06-10 08:00:00+00:00,0.0001,0.0001,
2024-06-10 16:00:00+00:00,0.0001,0.0001,
2024-06-11 00:00:00+00:00,0.0001,0.0001,
2024-06-11 08:00:00+00:00,0.0001,0.0001,
2024-06-11 16:00:00+00:00,0.0001,0.0001,
2024-06-12 00:00:00+00:00,0.0001,2.722e-05,
2024-06-12 08:00:00+00:00,0.0001,1.528e-05,
2024-06-12 16:00:00+00:00,0.0001,2.555e-05,
2024-06-13 00:00:00+00:00,0.0001,0.0001,
2024-06-13 08:00:00+00:00,0.0001,4.526e-05,
2024-06-13 16:00:00+00:00,0.0001,4.705e-05,
2024-06-14 00:00:00+00:00,0.0001,2.162e-05,
2024-06-14 08:00:00+00:00,0.0001,0.0001,
2024-06-14 16:00:00+00:00,0.0001,4.866e-05,
2024-06-15 00:00:00+00:00,0.0001,8.49e-06,
2024-06-15 08:00:00+00:00,0.0001,9.013e-05,
2024-06-15 16:00:00+00:00,0.0001,2.833e-05,
2024-06-16 00:00:00+00:00,0.0001,1.204e-05,
2024-06-16 08:00:00+00:00,0.0001,-1.968e-05,
2024-06-16 16:00:00+00:00,0.0001,-2.464e-05,
2024-06-17 00:00:00+00:00,0.0001,-2.987e-05,
2024-06-17 08:00:00+00:00,0.0001,4.1e-06,
2024-06-17 16:00:00+00:00,0.0001,-9.86e-06,
2024-06-18 00:00:00+00:00,0.0001,2.32e-06,
2024-06-18 08:00:00+00:00,8.236e-05,0.0001,
2024-06-18 16:00:00+00:00,0.0001,6.445e-05,
2024-06-19 00:00:00+00:00,0.0001,0.0001,
2024-06-19 08:00:00+00:00,4.127e-05,7.993e-05,
2024-06-19 16:00:00+00:00,2.967e-05,1.73e-06,
2024-06-20 00:00:00+00:00,3.934e-05,8.409e-05,
2024-06-20 08:00:00+00:00,5.953e-05,0.0001,
2024-06-20 16:00:00+00:00,6.879e-05,0.0001,
2024-06-21 00:00:00+00:00,3.344e-05,7.6e-05,
2024-06-21 08:00:00+00:00,7.328e-05,-1.57e-06,
2024-06-21 16:00:00+00:00,0.0001,-3.133e-05,
2024-06-22 00:00:00+00:00,0.0001,9.131e-05,
2024-06-22 08:00:00+00:00,4.146e-05,-7.713e-05,
2024-06-22 16:00:00+00:00,0.0001,1.375e-05,
2024-06-23 00:00:00+00:00,0.0001,1.361e-05,
2024-06-23 08:00:00+00:00,2.307e-05,-2.913e-05,
2024-06-23 16:00:00+00:00,4.676e-05,3.299e-05,
2024-06-24 00:00:00+00:00,9.534e-05,1.505e-05,
2024-06-24 08:00:00+00:00,0.0001,-6.977e-05,
2024-06-24 16:00:00+00:00,7.488e-05,-0.0001414,
2024-06-25 00:00:00+00:00,7.447e-05,-0.0001186,
2024-06-25 08:00:00+00:00,5.949e-05,-8.286e-05,
2024-06-25 16:00:00+00:00,7.752e-05,-2.683e-05,
2024-06-26 00:00:00+00:00,0.0001,-0.00012635,
2024-06-26 08:00:00+00:00,0.0001,-9.366e-05,
2024-06-26 16:00:00+00:00,0.0001,-6.612e-05,
2024-06-27 00:00:00+00:00,0.0001,-3.526e-05,
2024-06-27 08:00:00+00:00,0.0001,4.902e-05,
2024-06-27 16:00:00+00:00,0.0001,8.267e-05,
2024-06-28 00:00:00+00:00,0.0001,3.226e-05,
2024-06-28 08:00:00+00:00,0.0001,2.455e-05,
2024-06-28 16:00:00+00:00,0.0001,-2.545e-05,
2024-06-29 00:00:00+00:00,0.0001,0.0001,
2024-06-29 08:00:00+00:00,0.0001,-0.0001494,
2024-06-29 16:00:00+00:00,0.0001,5.126e-05,
2024-06-30 00:00:00+00:00,0.0001,-5.87e-05,
2024-06-30 08:00:00+00:00,0.0001,-6.335e-05,
2024-06-30 16:00:00+00:00,0.0001,-0.00014348,
2024-07-01 00:00:00+00:00,0.0001,-1.829e-05,
2024-07-01 08:00:00+00:00,0.0001,-0.00011856,
2024-07-01 16:00:00+00:00,0.0001,-3.625e-05,
2024-07-02 00:00:00+00:00,0.0001,-6.61e-05,
2024-07-02 08:00:00+00:00,0.0001,-5.81e-06,
2024-07-02 16:00:00+00:00,0.0001,5.178e-05,
2024-07-03 00:00:00+00:00,0.0001,4.183e-05,
2024-07-03 08:00:00+00:00,0.0001,3.338e-05,
2024-07-03 16:00:00+00:00,0.0001,-2.314e-05,
2024-07-04 00:00:00+00:00,0.0001,5.803e-05,
2024-07-04 08:00:00+00:00,0.0001,3.251e-05,
2024-07-04 16:00:00+00:00,0.0001,-2.617e-05,
2024-07-05 00:00:00+00:00,0.0001,4.545e-05,
2024-07-05 08:00:00+00:00,0.0001,0.0001,
2024-07-05 16:00:00+00:00,1.762e-05,1.577e-05,
2024-07-06 00:00:00+00:00,5.729e-05,-1.215e-05,
2024-07-06 08:00:00+00:00,7.512e-05,7.586e-05,
2024-07-06 16:00:00+00:00,3.25e-05,5.275e-05,
2024-07-07 00:00:00+00:00,8.164e-05,-5.467e-05,
2024-07-07 08:00:00+00:00,0.0001,0.0001,
2024-07-07 16:00:00+00:00,0.0001,5.711e-05,
2024-07-08 00:00:00+00:00,7.905e-05,-2.263e-05,
2024-07-08 08:00:00+00:00,8.222e-05,8.711e-05,
2024-07-08 16:00:00+00:00,0.0001,0.0001,
2024-07-09 00:00:00+00:00,0.0001,8.992e-05,
2024-07-09 08:00:00+00:00,8.61e-06,0.0001,
2024-07-09 16:00:00+00:00,0.0001,0.0001,
2024-07-10 00:00:00+00:00,0.0001,0.0001,
2024-07-10 08:00:00+00:00,9.225e-05,3.916e-05,
2024-07-10 16:00:00+00:00,5.485e-05,0.0001,
2024-07-11 00:00:00+00:00,0.0001,0.0001,
2024-07-11 08:00:00+00:00,0.0001,4.13e-05,
2024-07-11 16:00:00+00:00,0.0001,7.84e-06,
2024-07-12 00:00:00+00:00,6.378e-05,0.0001,
2024-07-12 08:00:00+00:00,3.026e-05,4.673e-05,
2024-07-12 16:00:00+00:00,4.037e-05,-3.418e-05,
2024-07-13 00:00:00+00:00,8.319e-05,-1.64e-06,
2024-07-13 08:00:00+00:00,6.865e-05,9.8e-07,
2024-07-13 16:00:00+00:00,0.0001,7.82e-05,
2024-07-14 00:00:00+00:00,8.737e-05,5.461e-05,
2024-07-14 08:00:00+00:00,3.71e-05,0.0001,
2024-07-14 16:00:00+00:00,8.342e-05,2.743e-05,
2024-07-15 00:00:00+00:00,4.59e-05,1.34e-06,
2024-07-15 08:00:00+00:00,3.202e-05,-4.93e-06,
2024-07-15 16:00:00+00:00,-5.14e-06,0.0001,
2024-07-16 00:00:00+00:00,-5.062e-05,-4.633e-05,
2024-07-16 08:00:00+00:00,8.814e-05,0.0001,
2024-07-16 16:00:00+00:00,2.717e-05,0.0001,
2024-07-17 00:00:00+00:00,-3.419e-05,8.038e-05,
2024-07-17 08:00:00+00:00,1.775e-05,0.0001,
2024-07-17 16:00:00+00:00,2.143e-05,-1.974e-05,
2024-07-18 00:00:00+00:00,6.89e-06,2.66e-06,
2024-07-18 08:00:00+00:00,1.546e-05,5.085e-05,
2024-07-18 16:00:00+00:00,3.127e-05,1.33e-05,
2024-07-19 00:00:00+00:00,4.029e-05,9.438e-05,
2024-07-19 08:00:00+00:00,4.855e-05,0.0001,
2024-07-19 16:00:00+00:00,4.606e-05,0.0001,
2024-07-20 00:00:00+00:00,-3.077e-05,9.501e-05,
2024-07-20 08:00:00+00:00,1.944e-05,4.95e-05,
2024-07-20 16:00:00+00:00,1.622e-05,3.897e-05,
2024-07-21 00:00:00+00:00,-5.313e-05,8.307e-05,
2024-07-21 08:00:00+00:00,2.194e-05,6.724e-05,
2024-07-21 16:00:00+00:00,6.46e-06,0.0001,
2024-07-22 00:00:00+00:00,9.136e-05,0.0001,
2024-07-22 08:00:00+00:00,5.953e-05,0.0001,
2024-07-22 16:00:00+00:00,2.769e-05,0.0001,
2024-07-23 00:00:00+00:00,4.709e-05,5.306e-05,
2024-07-23 08:00:00+00:00,4.31e-05,0.0001,
2024-07-23 16:00:00+00:00,4.642e-05,3.978e-05,
2024-07-24 00:00:00+00:00,0.0001,0.0001,
2024-07-24 08:00:00+00:00,0.0001,0.0001,
2024-07-24 16:00:00+00:00,0.0001,0.0001,
2024-07-25 00:00:00+00:00,0.0001,0.0001,
2024-07-25 08:00:00+00:00,0.0001,0.0001,
2024-07-25 16:00:00+00:00,0.0001,0.0001,
2024-07-26 00:00:00+00:00,0.0001,2.176e-05,
2024-07-26 08:00:00+00:00,0.0001,6.204e-05,
2024-07-26 16:00:00+00:00,3.34e-05,5.936e-05,
2024-07-27 00:00:00+00:00,6.547e-05,8.304e-05,
2024-07-27 08:00:00+00:00,8.022e-05,0.0001,
2024-07-27 16:00:00+00:00,9.109e-05,0.0001,
2024-07-28 00:00:00+00:00,8.18e-05,0.0001,
2024-07-28 08:00:00+00:00,9.177e-05,0.0001,
2024-07-28 16:00:00+00:00,2.804e-05,0.0001,
2024-07-29 00:00:00+00:00,8.361e-05,0.0001,
2024-07-29 08:00:00+00:00,5.623e-05,0.0001,
2024-07-29 16:00:00+00:00,0.0001,0.0001,
2024-07-30 00:00:00+00:00,3.396e-05,0.0001,
2024-07-30 08:00:00+00:00,3.562e-05,-0.00011367,
2024-07-30 16:00:00+00:00,7.691e-05,7.656e-05,
2024-07-31 00:00:00+00:00,3.063e-05,0.0001,
2024-07-31 08:00:00+00:00,7.178e-05,0.0001,
2024-07-31 16:00:00+00:00,3.826e-05,4.863e-05,
2024-08-01 00:00:00+00:00,8.208e-05,9.544e-05,
2024-08-01 08:00:00+00:00,0.0001,7.135e-05,
2024-08-01 16:00:00+00:00,0.0001,3.459e-05,
2024-08-02 00:00:00+00:00,0.0001,0.0001,
2024-08-02 08:00:00+00:00,0.0001,0.0001,
2024-08-02 16:00:00+00:00,0.0001,2.532e-05,
2024-08-03 00:00:00+00:00,0.0001,2.23e-06,
2024-08-03 08:00:00+00:00,9.788e-05,-5.581e-05,
2024-08-03 16:00:00+00:00,4.247e-05,7.3e-07,
2024-08-04 00:00:00+00:00,0.0001,3.485e-05,
2024-08-04 08:00:00+00:00,5.343e-05,3.978e-05,
2024-08-04 16:00:00+00:00,0.0001,5.03e-06,
2024-08-05 00:00:00+00:00,0.0001,1.975e-05,
2024-08-05 08:00:00+00:00,4.429e-05,-5.92e-06,
2024-08-05 16:00:00+00:00,5.967e-05,-5.066e-05,
2024-08-06 00:00:00+00:00,3.566e-05,7.57e-06,
2024-08-06 08:00:00+00:00,-2.845e-05,1.866e-05,
2024-08-06 16:00:00+00:00,4.485e-05,0.0001,
2024-08-07 00:00:00+00:00,-7.3e-06,2.722e-05,
2024-08-07 08:00:00+00:00,-6.859e-05,6.767e-05,
2024-08-07 16:00:00+00:00,3.241e-05,0.0001,
2024-08-08 00:00:00+00:00,2.637e-05,4.616e-05,
2024-08-08 08:00:00+00:00,3.086e-05,9.389e-05,
2024-08-08 16:00:00+00:00,1.147e-05,-2.911e-05,
2024-08-09 00:00:00+00:00,4.994e-05,-1.92e-05,
2024-08-09 08:00:00+00:00,2.184e-05,2.569e-05,
2024-08-09 16:00:00+00:00,4.846e-05,-1.845e-05,
2024-08-10 00:00:00+00:00,-3.942e-05,4.448e-05,
2024-08-10 08:00:00+00:00,-1.379e-05,0.0001,
2024-08-10 16:00:00+00:00,-1.949e-05,5.312e-05,
2024-08-11 00:00:00+00:00,4.049e-05,8.623e-05,
2024-08-11 08:00:00+00:00,-1.839e-05,3.775e-05,
2024-08-11 16:00:00+00:00,1.185e-05,-2.976e-05,
2024-08-12 00:00:00+00:00,1.113e-05,0.0001,
2024-08-12 08:00:00+00:00,8.783e-05,0.0001,
2024-08-12 16:00:00+00:00,-2.238e-05,2.174e-05,
2024-08-13 00:00:00+00:00,6.14e-05,-1.23e-06,
2024-08-13 08:00:00+00:00,5.21e-06,0.0001,
2024-08-13 16:00:00+00:00,-3.902e-05,4.726e-05,
2024-08-14 00:00:00+00:00,1.152e-05,-1.85e-05,
2024-08-14 08:00:00+00:00,-1.33e-05,-3.16e-06,
2024-08-14 16:00:00+00:00,-7.811e-05,-1.699e-05,
2024-08-15 00:00:00+00:00,-8.488e-05,1.011e-05,
2024-08-15 08:00:00+00:00,6.339e-05,1.92e-05,
2024-08-15 16:00:00+00:00,-6.181e-05,5.472e-05,
2024-08-16 00:00:00+00:00,-0.00011235,3.989e-05,
2024-08-16 08:00:00+00:00,-7.387e-05,4.876e-05,
2024-08-16 16:00:00+00:00,-5.57e-06,3.934e-05,
2024-08-17 00:00:00+00:00,1.912e-05,6.207e-05,
2024-08-17 08:00:00+00:00,4.177e-05,6.351e-05,
2024-08-17 16:00:00+00:00,-1.52e-06,8.377e-05,
2024-08-18 00:00:00+00:00,3.966e-05,7.872e-05,
2024-08-18 08:00:00+00:00,-1.323e-05,-3.12e-06,
2024-08-18 16:00:00+00:00,-3.149e-05,1.326e-05,
2024-08-19 00:00:00+00:00,-3.616e-05,1.276e-05,
2024-08-19 08:00:00+00:00,-6.75e-05,-1.638e-05,
2024-08-19 16:00:00+00:00,-1.957e-05,4.69e-06,
2024-08-20 00:00:00+00:00,-2.656e-05,-2.908e-05,
2024-08-20 08:00:00+00:00,1.349e-05,6.912e-05,
2024-08-20 16:00:00+00:00,1.419e-05,1.082e-05,
2024-08-21 00:00:00+00:00,-6.756e-05,-3.496e-05,
2024-08-21 08:00:00+00:00,-5.91e-06,-2.723e-05,
2024-08-21 16:00:00+00:00,3.96e-06,9.6e-07,
2024-08-22 00:00:00+00:00,-2.229e-05,-7.61e-06,
2024-08-22 08:00:00+00:00,1.338e-05,4.547e-05,
2024-08-22 16:00:00+00:00,-7.261e-05,6.23e-05,
2024-08-23 00:00:00+00:00,-3.329e-05,0.0001,
2024-08-23 08:00:00+00:00,2.391e-05,7.561e-05,
2024-08-23 16:00:00+00:00,-4.317e-05,2.511e-05,
2024-08-24 00:00:00+00:00,-7.72e-06,-2.164e-05,
2024-08-24 08:00:00+00:00,-7.23e-06,8.709e-05,
2024-08-24 16:00:00+00:00,6.395e-05,9.036e-05,
2024-08-25 00:00:00+00:00,-4.806e-05,0.0001,
2024-08-25 08:00:00+00:00,-1.531e-05,3.955e-05,
2024-08-25 16:00:00+00:00,3.108e-05,0.0001,
2024-08-26 00:00:00+00:00,2.439e-05,8.24e-05,
2024-08-26 08:00:00+00:00,3.448e-05,3.8e-06,
2024-08-26 16:00:00+00:00,3.789e-05,6.223e-05,
2024-08-27 00:00:00+00:00,2.795e-05,8.141e-05,
2024-08-27 08:00:00+00:00,1.751e-05,7.353e-05,
2024-08-27 16:00:00+00:00,7.753e-05,0.0001,
2024-08-28 00:00:00+00:00,-6.803e-05,-7.89e-06,
2024-08-28 08:00:00+00:00,2.433e-05,-5.81e-06,
2024-08-28 16:00:00+00:00,1.143e-05,-3.24e-05,
2024-08-29 00:00:00+00:00,-9.76e-06,1.018e-05,
2024-08-29 08:00:00+00:00,-1.644e-05,3.501e-05,
2024-08-29 16:00:00+00:00,5.59e-06,6.16e-06,
2024-08-30 00:00:00+00:00,9.36e-06,-0.0001219,
2024-08-30 08:00:00+00:00,3.578e-05,1.737e-05,
2024-08-30 16:00:00+00:00,2.927e-05,1.815e-05,
2024-08-31 00:00:00+00:00,-1.749e-05,3.389e-05,
2024-08-31 08:00:00+00:00,3.578e-05,7.128e-05,
2024-08-31 16:00:00+00:00,3.8e-05,4.759e-05,
2024-09-01 00:00:00+00:00,4.113e-05,9.478e-05,
2024-09-01 08:00:00+00:00,-3.432e-05,4.649e-05,
2024-09-01 16:00:00+00:00,-3.82e-06,-9.28e-06,
2024-09-02 00:00:00+00:00,-3.386e-05,-2.521e-05,
2024-09-02 08:00:00+00:00,2.48e-06,-4.265e-05,
2024-09-02 16:00:00+00:00,-3.63e-06,3.884e-05,
2024-09-03 00:00:00+00:00,6.245e-05,2.799e-05,
2024-09-03 08:00:00+00:00,5.123e-05,2.372e-05,
2024-09-03 16:00:00+00:00,4.598e-05,7.738e-05,
2024-09-04 00:00:00+00:00,2.209e-05,4.569e-05,
2024-09-04 08:00:00+00:00,1.05e-05,3.58e-06,
2024-09-04 16:00:00+00:00,-1.47e-05,-2.771e-05,
2024-09-05 00:00:00+00:00,9.016e-05,-4.165e-05,
2024-09-05 08:00:00+00:00,2.025e-05,-2.39e-06,
2024-09-05 16:00:00+00:00,2.49e-05,8.48e-06,
2024-09-06 00:00:00+00:00,2.28e-05,-4.633e-05,
2024-09-06 08:00:00+00:00,-1e-08,-1.66e-05,
2024-09-06 16:00:00+00:00,1.428e-05,1.86e-06,
2024-09-07 00:00:00+00:00,-5.57e-06,2.842e-05,
2024-09-07 08:00:00+00:00,-7.634e-05,2.43e-05,
2024-09-07 16:00:00+00:00,-7.236e-05,3.364e-05,
2024-09-08 00:00:00+00:00,3.745e-05,4.68e-05,
2024-09-08 08:00:00+00:00,-5.999e-05,1.751e-05,
2024-09-08 16:00:00+00:00,-5.245e-05,3.261e-05,
2024-09-09 00:00:00+00:00,-7.585e-05,9.883e-05,
2024-09-09 08:00:00+00:00,-7.108e-05,9.123e-05,
2024-09-09 16:00:00+00:00,-3.875e-05,-3.54e-05,
2024-09-10 00:00:00+00:00,-6.028e-05,0.0001,
2024-09-10 08:00:00+00:00,-2.93e-05,1.276e-05,
2024-09-10 16:00:00+00:00,-1.126e-05,9.95e-06,
2024-09-11 00:00:00+00:00,-8.953e-05,4.027e-05,
2024-09-11 08:00:00+00:00,-2.247e-05,1.728e-05,
2024-09-11 16:00:00+00:00,-5.212e-05,9.155e-05,
2024-09-12 00:00:00+00:00,-1.951e-05,3.15e-06,
2024-09-12 08:00:00+00:00,-5.46e-06,6.624e-05,
2024-09-12 16:00:00+00:00,-2.95e-05,2.538e-05,
2024-09-13 00:00:00+00:00,-6.9e-07,3.154e-05,
2024-09-13 08:00:00+00:00,-8.69e-06,-4.31e-05,
2024-09-13 16:00:00+00:00,-2.443e-05,1.552e-05,
2024-09-14 00:00:00+00:00,-8.699e-05,-1.724e-05,
2024-09-14 08:00:00+00:00,8.59e-06,-7.95e-06,
2024-09-14 16:00:00+00:00,2.326e-05,-2.375e-05,
2024-09-15 00:00:00+00:00,-4.91e-06,7.514e-05,
2024-09-15 08:00:00+00:00,1e-08,2.08e-06,
2024-09-15 16:00:00+00:00,4.02e-06,7.324e-05,
2024-09-16 00:00:00+00:00,2.402e-05,3.377e-05,
2024-09-16 08:00:00+00:00,3.564e-05,2.239e-05,
2024-09-16 16:00:00+00:00,6.762e-05,4.538e-05,
2024-09-17 00:00:00+00:00,8.529e-05,0.0001,
2024-09-17 08:00:00+00:00,1.911e-05,7.666e-05,
2024-09-17 16:00:00+00:00,5.327e-05,2.251e-05,
2024-09-18 00:00:00+00:00,1.344e-05,6.48e-06,
2024-09-18 08:00:00+00:00,1.678e-05,5.549e-05,
2024-09-18 16:00:00+00:00,4.648e-05,8.846e-05,
2024-09-19 00:00:00+00:00,3.512e-05,9.784e-05,
2024-09-19 08:00:00+00:00,2.949e-05,6.603e-05,
2024-09-19 16:00:00+00:00,4.072e-05,5.137e-05,
2024-09-20 00:00:00+00:00,8.065e-05,3.807e-05,
2024-09-20 08:00:00+00:00,-5.03e-06,-1.615e-05,
2024-09-20 16:00:00+00:00,5.543e-05,0.0001,
2024-09-21 00:00:00+00:00,4.638e-05,0.0,
2024-09-21 08:00:00+00:00,0.0001,-5.4e-06,
2024-09-21 16:00:00+00:00,8.234e-05,-1.119e-05,
2024-09-22 00:00:00+00:00,6.285e-05,-5.58e-06,
2024-09-22 08:00:00+00:00,9.254e-05,-4.374e-05,
2024-09-22 16:00:00+00:00,5.537e-05,5.468e-05,
2024-09-23 00:00:00+00:00,6.546e-05,0.0001,
2024-09-23 08:00:00+00:00,1.364e-05,-1.126e-05,
2024-09-23 16:00:00+00:00,5.304e-05,4.386e-05,
2024-09-24 00:00:00+00:00,2.324e-05,8.154e-05,
2024-09-24 08:00:00+00:00,2.895e-05,7.883e-05,
2024-09-24 16:00:00+00:00,-1.82e-06,2.404e-05,
2024-09-25 00:00:00+00:00,1.223e-05,0.0001,
2024-09-25 08:00:00+00:00,1.141e-05,0.0001,
2024-09-25 16:00:00+00:00,1.336e-05,0.0001,
2024-09-26 00:00:00+00:00,1.65e-05,0.0001,
2024-09-26 08:00:00+00:00,6.246e-05,0.0001,
2024-09-26 16:00:00+00:00,0.0001,9.007e-05,
2024-09-27 00:00:00+00:00,0.0001,7.718e-05,
2024-09-27 08:00:00+00:00,6.722e-05,8.68e-05,
2024-09-27 16:00:00+00:00,2.275e-05,3.78e-05,
2024-09-28 00:00:00+00:00,5.455e-05,4.588e-05,
2024-09-28 08:00:00+00:00,8.3e-05,0.0001,
2024-09-28 16:00:00+00:00,1.414e-05,6.532e-05,
2024-09-29 00:00:00+00:00,7.25e-06,0.0001,
2024-09-29 08:00:00+00:00,3.128e-05,0.0001,
2024-09-29 16:00:00+00:00,7.253e-05,0.0001,
2024-09-30 00:00:00+00:00,3.077e-05,0.0001,
2024-09-30 08:00:00+00:00,7.939e-05,0.0001,
2024-09-30 16:00:00+00:00,0.0001,0.0001,
2024-10-01 00:00:00+00:00,0.0001,2.677e-05,
2024-10-01 08:00:00+00:00,0.0001,2.08e-06,
2024-10-01 16:00:00+00:00,0.0001,5.26e-05,
2024-10-02 00:00:00+00:00,6.632e-05,0.0001,
2024-10-02 08:00:00+00:00,8.409e-05,9.064e-05,
2024-10-02 16:00:00+00:00,8.191e-05,-9.13e-06,
2024-10-03 00:00:00+00:00,4.381e-05,7.216e-05,
2024-10-03 08:00:00+00:00,3.746e-05,0.0001,
2024-10-03 16:00:00+00:00,4.99e-05,7.355e-05,
2024-10-04 00:00:00+00:00,7.097e-05,0.0001,
2024-10-04 08:00:00+00:00,2.119e-05,8.78e-06,
2024-10-04 16:00:00+00:00,2.43e-06,6.585e-05,
2024-10-05 00:00:00+00:00,-1.596e-05,1.457e-05,
2024-10-05 08:00:00+00:00,1.088e-05,3.716e-05,
2024-10-05 16:00:00+00:00,8.61e-06,7.081e-05,
2024-10-06 00:00:00+00:00,5.72e-06,0.0001,
2024-10-06 08:00:00+00:00,3.288e-05,0.0001,
2024-10-06 16:00:00+00:00,4.18e-05,4.254e-05,
2024-10-07 00:00:00+00:00,4.573e-05,1.298e-05,
2024-10-07 08:00:00+00:00,-9.52e-06,1.09e-06,
2024-10-07 16:00:00+00:00,2.177e-05,8.184e-05,
2024-10-08 00:00:00+00:00,-1.678e-05,-2.285e-05,
2024-10-08 08:00:00+00:00,7.094e-05,-6.39e-06,
2024-10-08 16:00:00+00:00,8.1e-05,6e-07,
2024-10-09 00:00:00+00:00,0.0001,2.239e-05,
2024-10-09 08:00:00+00:00,5.138e-05,8.393e-05,
2024-10-09 16:00:00+00:00,7.939e-05,8.869e-05,
2024-10-10 00:00:00+00:00,2.09e-05,2.703e-05,
2024-10-10 08:00:00+00:00,1.532e-05,5.089e-05,
2024-10-10 16:00:00+00:00,0.0001,6.638e-05,
2024-10-11 00:00:00+00:00,2.231e-05,7.44e-06,
2024-10-11 08:00:00+00:00,-1.874e-05,4.712e-05,
2024-10-11 16:00:00+00:00,1.2e-06,0.0001,
2024-10-12 00:00:00+00:00,4.558e-05,0.0001,
2024-10-12 08:00:00+00:00,7.664e-05,0.0001,
2024-10-12 16:00:00+00:00,-1.489e-05,6.714e-05,
2024-10-13 00:00:00+00:00,6.93e-06,9.18e-05,
2024-10-13 08:00:00+00:00,1.638e-05,5.896e-05,
2024-10-13 16:00:00+00:00,3.938e-05,6.966e-05,
2024-10-14 00:00:00+00:00,5.429e-05,6.128e-05,
2024-10-14 08:00:00+00:00,0.0001,0.0001,
2024-10-14 16:00:00+00:00,0.0001,0.0001,
2024-10-15 00:00:00+00:00,0.0001,0.0001,
2024-10-15 08:00:00+00:00,0.0001,0.0001,
2024-10-15 16:00:00+00:00,0.0001,0.0001,
2024-10-16 00:00:00+00:00,8.325e-05,0.0001,
2024-10-16 08:00:00+00:00,8.5e-05,0.0001,
2024-10-16 16:00:00+00:00,0.0001,0.0001,
2024-10-17 00:00:00+00:00,0.0001,0.0001,
2024-10-17 08:00:00+00:00,0.0001,0.0001,
2024-10-17 16:00:00+00:00,0.0001,0.0001,
2024-10-18 00:00:00+00:00,0.0001,8.463e-05,
2024-10-18 08:00:00+00:00,0.0001,0.0001,
2024-10-18 16:00:00+00:00,0.0001,0.0001,
2024-10-19 00:00:00+00:00,0.0001,0.0001,
2024-10-19 08:00:00+00:00,0.0001,0.0001,
2024-10-19 16:00:00+00:00,0.0001,0.0001,
2024-10-20 00:00:00+00:00,0.0001,0.0001,
2024-10-20 08:00:00+00:00,0.0001,0.0001,
2024-10-20 16:00:00+00:00,0.0001,0.0001,
2024-10-21 00:00:00+00:00,0.0001,0.0001,
2024-10-21 08:00:00+00:00,0.0001,0.0001,
2024-10-21 16:00:00+00:00,0.0001,0.0001,
2024-10-22 00:00:00+00:00,0.0001,0.0001,
2024-10-22 08:00:00+00:00,0.0001,0.0001,
2024-10-22 16:00:00+00:00,0.0001,0.0001,
2024-10-23 00:00:00+00:00,0.0001,0.0001,
2024-10-23 08:00:00+00:00,0.0001,0.0001,
2024-10-23 16:00:00+00:00,0.0001,0.0001,
2024-10-24 00:00:00+00:00,0.0001,0.0001,
2024-10-24 08:00:00+00:00,0.0001,0.0001,
2024-10-24 16:00:00+00:00,0.0001,0.0001,
2024-10-25 00:00:00+00:00,0.0001,0.0001,
2024-10-25 08:00:00+00:00,0.0001,7.097e-05,
2024-10-25 16:00:00+00:00,0.0001,0.0001,
2024-10-26 00:00:00+00:00,4.755e-05,7.515e-05,
2024-10-26 08:00:00+00:00,7.569e-05,0.0001,
2024-10-26 16:00:00+00:00,0.0001,8.614e-05,
2024-10-27 00:00:00+00:00,0.0001,8.659e-05,
2024-10-27 08:00:00+00:00,9.724e-05,0.0001,
2024-10-27 16:00:00+00:00,0.0001,9.734e-05,
2024-10-28 00:00:00+00:00,9.425e-05,0.0001,
2024-10-28 08:00:00+00:00,0.0001,0.0001,
2024-10-28 16:00:00+00:00,8.946e-05,0.0001,
2024-10-29 00:00:00+00:00,0.0001,0.0001,
2024-10-29 08:00:00+00:00,0.0001,0.0001,
2024-10-29 16:00:00+00:00,0.0001,0.0001,
2024-10-30 00:00:00+00:00,0.0001,0.0001,
2024-10-30 08:00:00+00:00,0.0001,0.0001,
2024-10-30 16:00:00+00:00,0.0001,0.0001,
2024-10-31 00:00:00+00:00,0.0001,0.0001,
2024-10-31 08:00:00+00:00,0.0001,0.0001,
2024-10-31 16:00:00+00:00,0.0001,0.0001,
2024-11-01 00:00:00+00:00,0.0001,0.0001,
2024-11-01 08:00:00+00:00,0.0001,0.0001,
2024-11-01 16:00:00+00:00,0.0001,0.0001,
2024-11-02 00:00:00+00:00,0.0001,0.0001,
2024-11-02 08:00:00+00:00,0.0001,0.0001,
2024-11-02 16:00:00+00:00,0.0001,0.0001,
2024-11-03 00:00:00+00:00,0.0001,0.0001,
2024-11-03 08:00:00+00:00,0.0001,0.0001,
2024-11-03 16:00:00+00:00,0.0001,0.0001,
2024-11-04 00:00:00+00:00,0.0001,0.0001,
2024-11-04 08:00:00+00:00,0.0001,0.0001,
2024-11-04 16:00:00+00:00,0.0001,0.0001,
2024-11-05 00:00:00+00:00,0.0001,0.0001,
2024-11-05 08:00:00+00:00,0.0001,0.0001,
2024-11-05 16:00:00+00:00,0.0001,0.0001,
2024-11-06 00:00:00+00:00,0.0001,7.377e-05,
2024-11-06 08:00:00+00:00,0.0001,0.0001,
2024-11-06 16:00:00+00:00,0.0001,0.0001,
2024-11-07 00:00:00+00:00,0.0001,0.0001,
2024-11-07 08:00:00+00:00,0.0001,0.00011201,
2024-11-07 16:00:00+00:00,0.0001,0.0001,
2024-11-08 00:00:00+00:00,0.0001,0.0001,
2024-11-08 08:00:00+00:00,0.0001,0.0001,
2024-11-08 16:00:00+00:00,0.0001,0.0001,
2024-11-09 00:00:00+00:00,0.0001,0.0001,
2024-11-09 08:00:00+00:00,0.0001,0.0001,
2024-11-09 16:00:00+00:00,0.0001,0.0001,
2024-11-10 00:00:00+00:00,0.0001,0.0001,
2024-11-10 08:00:00+00:00,0.00025603,0.00032792,
2024-11-10 16:00:00+00:00,0.00014113,0.00018979,
2024-11-11 00:00:00+00:00,0.00036878,0.00039065,
2024-11-11 08:00:00+00:00,0.0001,0.00017995,
2024-11-11 16:00:00+00:00,0.0001,0.0001,
2024-11-12 00:00:00+00:00,0.00049133,0.00038564,
2024-11-12 08:00:00+00:00,0.00043737,0.00061844,
2024-11-12 16:00:00+00:00,0.00038754,0.00050342,
2024-11-13 00:00:00+00:00,0.0001,0.00014477,
2024-11-13 08:00:00+00:00,0.00013101,0.0001,
2024-11-13 16:00:00+00:00,0.00021856,0.00035174,
2024-11-14 00:00:00+00:00,0.0001,0.0001,
2024-11-14 08:00:00+00:00,0.0001,0.00016549,
2024-11-14 16:00:00+00:00,0.0001,0.00012832,
2024-11-15 00:00:00+00:00,0.0001,0.0001,
2024-11-15 08:00:00+00:00,0.0001,0.0001,
2024-11-15 16:00:00+00:00,0.00010977,0.0001,
2024-11-16 00:00:00+00:00,0.0001,0.00019471,
2024-11-16 08:00:00+00:00,0.0001,0.00039173,
2024-11-16 16:00:00+00:00,0.00013231,0.00025031,
2024-11-17 00:00:00+00:00,0.00015765,0.00029261,
2024-11-17 08:00:00+00:00,0.0001,0.00030785,
2024-11-17 16:00:00+00:00,0.00010577,0.00035655,
2024-11-18 00:00:00+00:00,0.0001,0.00021098,
2024-11-18 08:00:00+00:00,0.0003645,0.0005391,
2024-11-18 16:00:00+00:00,0.00021318,0.00033111,
2024-11-19 00:00:00+00:00,0.00021606,0.00031835,
2024-11-19 08:00:00+00:00,0.00030216,0.00039932,
2024-11-19 16:00:00+00:00,0.00017959,0.00024229,
2024-11-20 00:00:00+00:00,0.0001,0.0001,
2024-11-20 08:00:00+00:00,0.0001,0.00011458,
2024-11-20 16:00:00+00:00,0.0001,0.00016424,
2024-11-21 00:00:00+00:00,0.0001,0.0001,
2024-11-21 08:00:00+00:00,0.0001,0.00014189,
2024-11-21 16:00:00+00:00,0.0001,0.00017392,
2024-11-22 00:00:00+00:00,0.0001,0.00015928,
2024-11-22 08:00:00+00:00,0.0001,0.00028963,
2024-11-22 16:00:00+00:00,0.0001,0.00023833,
2024-11-23 00:00:00+00:00,0.0001,0.0001,
2024-11-23 08:00:00+00:00,0.0001,0.00017386,
2024-11-23 16:00:00+00:00,0.0001,0.00025348,
2024-11-24 00:00:00+00:00,0.0001,0.00034942,
2024-11-24 08:00:00+00:00,0.00016148,0.00032388,
2024-11-24 16:00:00+00:00,0.00023228,0.00029092,
2024-11-25 00:00:00+00:00,0.00021035,0.00036288,
2024-11-25 08:00:00+00:00,0.0001,0.00035212,
2024-11-25 16:00:00+00:00,0.00025233,0.00034875,
2024-11-26 00:00:00+00:00,0.00021902,0.0001,
2024-11-26 08:00:00+00:00,0.00017936,0.00012749,
2024-11-26 16:00:00+00:00,0.00029599,0.0001,
2024-11-27 00:00:00+00:00,0.00031205,0.00023609,
2024-11-27 08:00:00+00:00,0.00016795,0.00023229,
2024-11-27 16:00:00+00:00,0.0001,0.00027093,
2024-11-28 00:00:00+00:00,0.0001,0.00019422,
2024-11-28 08:00:00+00:00,0.00014326,0.00019894,
2024-11-28 16:00:00+00:00,0.00011859,0.00023188,
2024-11-29 00:00:00+00:00,0.00020619,0.00030861,
2024-11-29 08:00:00+00:00,0.00011747,0.0002543,
2024-11-29 16:00:00+00:00,0.00021921,0.00035268,
2024-11-30 00:00:00+00:00,0.0001,0.00016876,
2024-11-30 08:00:00+00:00,0.00015909,0.00028189,
2024-11-30 16:00:00+00:00,0.00012063,0.00015012,
2024-12-01 00:00:00+00:00,0.00015901,0.0001532,
2024-12-01 08:00:00+00:00,0.00019581,0.0003311,
2024-12-01 16:00:00+00:00,0.0001,0.00016625,
2024-12-02 00:00:00+00:00,0.00025726,0.00015058,
2024-12-02 08:00:00+00:00,0.00024556,0.00014214,
2024-12-02 16:00:00+00:00,0.00013387,0.0001,
2024-12-03 00:00:00+00:00,0.00012779,0.0001,
2024-12-03 08:00:00+00:00,0.00024926,0.00025103,
2024-12-03 16:00:00+00:00,0.00011952,0.00012348,
2024-12-04 00:00:00+00:00,0.00026634,0.00027771,
2024-12-04 08:00:00+00:00,0.00026254,0.00042588,
2024-12-04 16:00:00+00:00,0.00023234,0.00036313,
2024-12-05 00:00:00+00:00,0.00027625,0.00031187,
2024-12-05 08:00:00+00:00,0.00072446,0.00108552,
2024-12-05 16:00:00+00:00,0.00047059,0.00064806,
2024-12-06 00:00:00+00:00,0.0001,0.00013466,
2024-12-06 08:00:00+00:00,0.00014634,0.0001,
2024-12-06 16:00:00+00:00,0.0001,0.0001,
2024-12-07 00:00:00+00:00,0.00031972,0.00015125,
2024-12-07 08:00:00+00:00,0.00012374,0.0001,
2024-12-07 16:00:00+00:00,0.0001409,0.0001,
2024-12-08 00:00:00+00:00,0.00016985,0.00026121,
2024-12-08 08:00:00+00:00,0.00016572,0.00024888,
2024-12-08 16:00:00+00:00,0.0001758,0.00029123,
2024-12-09 00:00:00+00:00,0.00030413,0.00017858,
2024-12-09 08:00:00+00:00,0.00021032,0.0001,
2024-12-09 16:00:00+00:00,0.00011115,0.00015788,
2024-12-10 00:00:00+00:00,0.0001,0.0001,
2024-12-10 08:00:00+00:00,0.0001,0.0001,
2024-12-10 16:00:00+00:00,0.0001,0.0001,
2024-12-11 00:00:00+00:00,0.0001,0.0001,
2024-12-11 08:00:00+00:00,0.0001,0.0001,
2024-12-11 16:00:00+00:00,0.0001,0.0001,
2024-12-12 00:00:00+00:00,0.0001,0.0001,
2024-12-12 08:00:00+00:00,0.0001,0.0001,
2024-12-12 16:00:00+00:00,0.0001,0.0001,
2024-12-13 00:00:00+00:00,0.0001,0.0001,
2024-12-13 08:00:00+00:00,0.0001,0.0001,
2024-12-13 16:00:00+00:00,0.0001,0.0001,
2024-12-14 00:00:00+00:00,6.75e-05,0.0001,
2024-12-14 08:00:00+00:00,0.0001,0.0001,
2024-12-14 16:00:00+00:00,0.0001,0.0001,
2024-12-15 00:00:00+00:00,0.0001,0.0001,
2024-12-15 08:00:00+00:00,8.194e-05,0.0001,
2024-12-15 16:00:00+00:00,0.0001,0.0001,
2024-12-16 00:00:00+00:00,0.0001,0.0001,
2024-12-16 08:00:00+00:00,0.0001,0.0001,
2024-12-16 16:00:00+00:00,9.181e-05,0.0001,
2024-12-17 00:00:00+00:00,7.866e-05,0.0001,
2024-12-17 08:00:00+00:00,0.0001,0.0001,
2024-12-17 16:00:00+00:00,0.0001,0.0001,
2024-12-18 00:00:00+00:00,0.0001,0.0001,
2024-12-18 08:00:00+00:00,9.159e-05,9.332e-05,
2024-12-18 16:00:00+00:00,0.0001,0.0001,
2024-12-19 00:00:00+00:00,0.0001,6.854e-05,
2024-12-19 08:00:00+00:00,0.0001,-4.531e-05,
2024-12-19 16:00:00+00:00,0.0001,-2.748e-05,
2024-12-20 00:00:00+00:00,0.0001,-4.799e-05,
2024-12-20 08:00:00+00:00,0.0001,2.774e-05,
2024-12-20 16:00:00+00:00,0.0001,9.101e-05,
2024-12-21 00:00:00+00:00,0.0001,-2.976e-05,
2024-12-21 08:00:00+00:00,1.206e-05,-3.727e-05,
2024-12-21 16:00:00+00:00,0.0001,-1.912e-05,
2024-12-22 00:00:00+00:00,0.0001,1.532e-05,
2024-12-22 08:00:00+00:00,0.0001,4.56e-05,
2024-12-22 16:00:00+00:00,9.629e-05,2.233e-05,
2024-12-23 00:00:00+00:00,0.0001,2.123e-05,
2024-12-23 08:00:00+00:00,0.0001,4.35e-06,
2024-12-23 16:00:00+00:00,8.981e-05,3.701e-05,
2024-12-24 00:00:00+00:00,0.0001,4.98e-05,
2024-12-24 08:00:00+00:00,0.0001,5.237e-05,
2024-12-24 16:00:00+00:00,0.0001,8.079e-05,
2024-12-25 00:00:00+00:00,0.0001,0.0001,
2024-12-25 08:00:00+00:00,0.0001,0.0001,
2024-12-25 16:00:00+00:00,0.0001,0.0001,
2024-12-26 00:00:00+00:00,9.827e-05,0.0001,
2024-12-26 08:00:00+00:00,7.453e-05,6.989e-05,
2024-12-26 16:00:00+00:00,8.585e-05,4.138e-05,
2024-12-27 00:00:00+00:00,0.0001,1.089e-05,
2024-12-27 08:00:00+00:00,0.0001,5.263e-05,
2024-12-27 16:00:00+00:00,0.0001,3.27e-06,
2024-12-28 00:00:00+00:00,0.0001,6.93e-06,
2024-12-28 08:00:00+00:00,7.639e-05,-3.321e-05,
2024-12-28 16:00:00+00:00,5.173e-05,5.77e-06,
2024-12-29 00:00:00+00:00,8.013e-05,3.548e-05,
2024-12-29 08:00:00+00:00,0.0001,6e-07,
2024-12-29 16:00:00+00:00,0.0001,3.159e-05,
2024-12-30 00:00:00+00:00,-4.2e-07,-5.981e-05,
2024-12-30 08:00:00+00:00,8.791e-05,-1.761e-05,
2024-12-30 16:00:00+00:00,0.0001,-2.975e-05,
2024-12-31 00:00:00+00:00,0.0001,8.65e-06,
2024-12-31 08:00:00+00:00,0.0001,-1.9e-06,
2024-12-31 16:00:00+00:00,0.0001,0.0001,
2025-01-01 00:00:00+00:00,0.0001,0.0001,
2025-01-01 08:00:00+00:00,0.0001,7.085e-05,
2025-01-01 16:00:00+00:00,0.0001,6.921e-05,
2025-01-02 00:00:00+00:00,0.0001,0.0001,
2025-01-02 08:00:00+00:00,0.0001,0.0001,
2025-01-02 16:00:00+00:00,0.0001,0.0001,
2025-01-03 00:00:00+00:00,0.0001,0.0001,
2025-01-03 08:00:00+00:00,0.0001,9.015e-05,
2025-01-03 16:00:00+00:00,5.242e-05,0.0001,
2025-01-04 00:00:00+00:00,7.699e-05,3.779e-05,
2025-01-04 08:00:00+00:00,0.0001,9.859e-05,
2025-01-04 16:00:00+00:00,7.98e-06,5.258e-05,
2025-01-05 00:00:00+00:00,0.0001,0.0001,
2025-01-05 08:00:00+00:00,0.0001,0.0001,
2025-01-05 16:00:00+00:00,8.32e-05,7.478e-05,
2025-01-06 00:00:00+00:00,0.0001,0.0001,
2025-01-06 08:00:00+00:00,0.0001,0.0001,
2025-01-06 16:00:00+00:00,0.0001,0.0001,
2025-01-07 00:00:00+00:00,0.0001,5.254e-05,
2025-01-07 08:00:00+00:00,8.903e-05,2.899e-05,
2025-01-07 16:00:00+00:00,8.279e-05,0.0001,
2025-01-08 00:00:00+00:00,0.0001,8.585e-05,
2025-01-08 08:00:00+00:00,0.0001,4.936e-05,
2025-01-08 16:00:00+00:00,0.0001,9.631e-05,
2025-01-09 00:00:00+00:00,0.0001,6.43e-05,
2025-01-09 08:00:00+00:00,9.834e-05,5.118e-05,
2025-01-09 16:00:00+00:00,-5.44e-06,-8.46e-06,
2025-01-10 00:00:00+00:00,3.966e-05,6.938e-05,
2025-01-10 08:00:00+00:00,-1.06e-05,9.02e-06,
2025-01-10 16:00:00+00:00,8.078e-05,7.043e-05,
2025-01-11 00:00:00+00:00,5.68e-05,6.08e-05,
2025-01-11 08:00:00+00:00,4.055e-05,6.697e-05,
2025-01-11 16:00:00+00:00,2.608e-05,4.981e-05,
2025-01-12 00:00:00+00:00,5.009e-05,8.31e-05,
2025-01-12 08:00:00+00:00,3.21e-05,6.034e-05,
2025-01-12 16:00:00+00:00,6.647e-05,8.847e-05,
2025-01-13 00:00:00+00:00,5.266e-05,9.996e-05,
2025-01-13 08:00:00+00:00,6.989e-05,7.361e-05,
2025-01-13 16:00:00+00:00,8.81e-06,6.61e-06,
2025-01-14 00:00:00+00:00,0.0001,0.0001,
2025-01-14 08:00:00+00:00,0.0001,0.0001,
2025-01-14 16:00:00+00:00,9.496e-05,0.0001,
2025-01-15 00:00:00+00:00,4.989e-05,5.343e-05,
2025-01-15 08:00:00+00:00,8.795e-05,7.032e-05,
2025-01-15 16:00:00+00:00,5.844e-05,0.0001,
2025-01-16 00:00:00+00:00,7.28e-06,5.755e-05,
2025-01-16 08:00:00+00:00,7.568e-05,0.0001,
2025-01-16 16:00:00+00:00,4.598e-05,0.0001,
2025-01-17 00:00:00+00:00,4.597e-05,7.555e-05,
2025-01-17 08:00:00+00:00,9.386e-05,0.0001,
2025-01-17 16:00:00+00:00,3.432e-05,0.0001,
2025-01-18 00:00:00+00:00,6.707e-05,9.347e-05,
2025-01-18 08:00:00+00:00,0.0001,0.0001,
2025-01-18 16:00:00+00:00,0.0001,0.0001,
2025-01-19 00:00:00+00:00,0.0001,0.0001,
2025-01-19 08:00:00+00:00,0.0001,0.0001,
2025-01-19 16:00:00+00:00,0.0001,0.0001,
2025-01-20 00:00:00+00:00,0.0001,0.0001,
2025-01-20 08:00:00+00:00,0.0001,0.0001,
2025-01-20 16:00:00+00:00,0.0001,0.0001,
2025-01-21 00:00:00+00:00,0.0001,0.0001,
2025-01-21 08:00:00+00:00,0.0001,0.0001,
2025-01-21 16:00:00+00:00,0.0001,0.0001,
2025-01-22 00:00:00+00:00,0.0001,0.0001,
2025-01-22 08:00:00+00:00,0.0001,0.0001,
2025-01-22 16:00:00+00:00,0.0001,0.0001,
2025-01-23 00:00:00+00:00,8.654e-05,0.0001,
2025-01-23 08:00:00+00:00,0.0001,0.0001,
2025-01-23 16:00:00+00:00,8.616e-05,0.0001,
2025-01-24 00:00:00+00:00,3.34e-06,4.386e-05,
2025-01-24 08:00:00+00:00,7.537e-05,9.463e-05,
2025-01-24 16:00:00+00:00,9.54e-05,0.0001,
2025-01-25 00:00:00+00:00,5.702e-05,0.0001,
2025-01-25 08:00:00+00:00,8.495e-05,7.472e-05,
2025-01-25 16:00:00+00:00,7.782e-05,5.217e-05,
2025-01-26 00:00:00+00:00,8.363e-05,0.0001,
2025-01-26 08:00:00+00:00,0.0001,0.0001,
2025-01-26 16:00:00+00:00,8.443e-05,0.0001,
2025-01-27 00:00:00+00:00,9.084e-05,0.0001,
2025-01-27 08:00:00+00:00,3.712e-05,2.53e-06,
2025-01-27 16:00:00+00:00,9.8e-07,1.349e-05,
2025-01-28 00:00:00+00:00,0.0001,5.81e-06,
2025-01-28 08:00:00+00:00,3.714e-05,5.241e-05,
2025-01-28 16:00:00+00:00,9.848e-05,6.59e-06,
2025-01-29 00:00:00+00:00,0.0001,-2.196e-05,
2025-01-29 08:00:00+00:00,0.0001,1.792e-05,
2025-01-29 16:00:00+00:00,9.949e-05,6.486e-05,
2025-01-30 00:00:00+00:00,7.59e-05,7.587e-05,
2025-01-30 08:00:00+00:00,0.0001,0.0001,
2025-01-30 16:00:00+00:00,9.499e-05,0.0001,
2025-01-31 00:00:00+00:00,1.225e-05,1.241e-05,
2025-01-31 08:00:00+00:00,0.0001,3.319e-05,
2025-01-31 16:00:00+00:00,0.0001,2.658e-05,
2025-02-01 00:00:00+00:00,8.098e-05,-0.00014857,
2025-02-01 08:00:00+00:00,5.369e-05,-0.00011979,
2025-02-01 16:00:00+00:00,5.968e-05,-2.399e-05,
2025-02-02 00:00:00+00:00,5.824e-05,-1.242e-05,
2025-02-02 08:00:00+00:00,3.38e-05,-1.722e-05,
2025-02-02 16:00:00+00:00,-8.61e-06,-2.013e-05,
2025-02-03 00:00:00+00:00,0.0001,6.421e-05,
2025-02-03 08:00:00+00:00,0.0001,1.227e-05,
2025-02-03 16:00:00+00:00,4.845e-05,-5.11e-05,
2025-02-04 00:00:00+00:00,2.612e-05,-1.274e-05,
2025-02-04 08:00:00+00:00,6.8e-05,0.0001,
2025-02-04 16:00:00+00:00,4.138e-05,7.932e-05,
2025-02-05 00:00:00+00:00,-4.61e-06,1.167e-05,
2025-02-05 08:00:00+00:00,4.774e-05,2.633e-05,
2025-02-05 16:00:00+00:00,1.61e-05,0.0001,
2025-02-06 00:00:00+00:00,2.186e-05,6.568e-05,
2025-02-06 08:00:00+00:00,-2.38e-06,8.01e-05,
2025-02-06 16:00:00+00:00,5.903e-05,6.781e-05,
2025-02-07 00:00:00+00:00,7.983e-05,7.196e-05,
2025-02-07 08:00:00+00:00,6.989e-05,3.448e-05,
2025-02-07 16:00:00+00:00,5.167e-05,8.283e-05,
2025-02-08 00:00:00+00:00,-4.1e-05,-5.658e-05,
2025-02-08 08:00:00+00:00,1.137e-05,1.686e-05,
2025-02-08 16:00:00+00:00,3.24e-06,6.56e-06,
2025-02-09 00:00:00+00:00,3.873e-05,2.052e-05,
2025-02-09 08:00:00+00:00,9.6e-05,9.27e-06,
2025-02-09 16:00:00+00:00,2.839e-05,3.139e-05,
2025-02-10 00:00:00+00:00,1.802e-05,2.217e-05,
2025-02-10 08:00:00+00:00,9.176e-05,8.57e-05,
2025-02-10 16:00:00+00:00,7.457e-05,9.182e-05,
2025-02-11 00:00:00+00:00,4.218e-05,7.625e-05,
2025-02-11 08:00:00+00:00,7.09e-05,5.578e-05,
2025-02-11 16:00:00+00:00,-2.446e-05,-1.778e-05,
2025-02-12 00:00:00+00:00,1.298e-05,1.737e-05,
2025-02-12 08:00:00+00:00,4.899e-05,3.227e-05,
2025-02-12 16:00:00+00:00,4.96e-05,5.23e-06,
2025-02-13 00:00:00+00:00,0.0001,9.802e-05,
2025-02-13 08:00:00+00:00,4.117e-05,6.447e-05,
2025-02-13 16:00:00+00:00,8.05e-06,4.455e-05,
2025-02-14 00:00:00+00:00,4.1e-05,8.865e-05,
2025-02-14 08:00:00+00:00,5.51e-05,0.0001,
2025-02-14 16:00:00+00:00,7.093e-05,0.0001,
2025-02-15 00:00:00+00:00,5.5e-07,3.027e-05,
2025-02-15 08:00:00+00:00,3.297e-05,6.2e-07,
2025-02-15 16:00:00+00:00,3.735e-05,5.122e-05,
2025-02-16 00:00:00+00:00,3.39e-05,5.342e-05,
2025-02-16 08:00:00+00:00,1.82e-06,-1.542e-05,
2025-02-16 16:00:00+00:00,3.799e-05,3.3e-06,
2025-02-17 00:00:00+00:00,6.239e-05,9.39e-06,
2025-02-17 08:00:00+00:00,6.397e-05,3.11e-05,
2025-02-17 16:00:00+00:00,2.009e-05,4.1e-07,
2025-02-18 00:00:00+00:00,9.488e-05,2.818e-05,
2025-02-18 08:00:00+00:00,0.0001,1.517e-05,
2025-02-18 16:00:00+00:00,0.0001,9.433e-05,
2025-02-19 00:00:00+00:00,7.007e-05,9.711e-05,
2025-02-19 08:00:00+00:00,7.779e-05,0.0001,
2025-02-19 16:00:00+00:00,8.96e-05,0.0001,
2025-02-20 00:00:00+00:00,2.42e-05,0.0001,
2025-02-20 08:00:00+00:00,3.269e-05,0.0001,
2025-02-20 16:00:00+00:00,7.346e-05,7.78e-05,
2025-02-21 00:00:00+00:00,1.23e-06,1.268e-05,
2025-02-21 08:00:00+00:00,2.286e-05,8.046e-05,
2025-02-21 16:00:00+00:00,-9.7e-07,3.323e-05,
2025-02-22 00:00:00+00:00,0.0001,0.0005139,
2025-02-22 08:00:00+00:00,6.466e-05,0.00025044,
2025-02-22 16:00:00+00:00,2.318e-05,0.0001,
2025-02-23 00:00:00+00:00,4.112e-05,0.0001,
2025-02-23 08:00:00+00:00,3.14e-05,0.0001,
2025-02-23 16:00:00+00:00,1.478e-05,0.0001,
2025-02-24 00:00:00+00:00,-2.97e-05,0.0001,
2025-02-24 08:00:00+00:00,6.881e-05,0.0001,
2025-02-24 16:00:00+00:00,2.05e-05,0.0001,
2025-02-25 00:00:00+00:00,0.0001,0.0001,
2025-02-25 08:00:00+00:00,5.245e-05,0.0001,
2025-02-25 16:00:00+00:00,1.385e-05,0.0001,
2025-02-26 00:00:00+00:00,3.521e-05,0.0001,
2025-02-26 08:00:00+00:00,6.005e-05,0.0001,
2025-02-26 16:00:00+00:00,0.0001,9.698e-05,
2025-02-27 00:00:00+00:00,9.305e-05,-0.00014527,
2025-02-27 08:00:00+00:00,-6.17e-06,-9.552e-05,
2025-02-27 16:00:00+00:00,9.433e-05,8.877e-05,
2025-02-28 00:00:00+00:00,9.444e-05,0.0001,
2025-02-28 08:00:00+00:00,9.521e-05,2.61e-05,
2025-02-28 16:00:00+00:00,-3.73e-06,-0.00014671,
2025-03-01 00:00:00+00:00,-1.4e-07,0.0001,
2025-03-01 08:00:00+00:00,-6.108e-05,4.533e-05,
2025-03-01 16:00:00+00:00,-8.58e-06,9.17e-06,
2025-03-02 00:00:00+00:00,-1.094e-05,7.239e-05,
2025-03-02 08:00:00+00:00,-2.783e-05,0.0001,
2025-03-02 16:00:00+00:00,-2.869e-05,6.936e-05,
2025-03-03 00:00:00+00:00,-5.518e-05,0.0001,
2025-03-03 08:00:00+00:00,7.91e-06,0.0001,
2025-03-03 16:00:00+00:00,5.272e-05,0.0001,
2025-03-04 00:00:00+00:00,-1.526e-05,-3.351e-05,
2025-03-04 08:00:00+00:00,-2.7e-06,2.96e-06,
2025-03-04 16:00:00+00:00,1.306e-05,1.23e-05,
2025-03-05 00:00:00+00:00,4.113e-05,0.0001,
2025-03-05 08:00:00+00:00,2.722e-05,0.0001,
2025-03-05 16:00:00+00:00,5.028e-05,0.0001,
2025-03-06 00:00:00+00:00,3.538e-05,2.585e-05,
2025-03-06 08:00:00+00:00,6.413e-05,0.0001,
2025-03-06 16:00:00+00:00,6.818e-05,1.038e-05,
2025-03-07 00:00:00+00:00,-6.12e-06,1.342e-05,
2025-03-07 08:00:00+00:00,-1.539e-05,8.04e-05,
2025-03-07 16:00:00+00:00,2.028e-05,0.0001,
2025-03-08 00:00:00+00:00,5.328e-05,0.0001,
2025-03-08 08:00:00+00:00,3.73e-06,6.44e-05,
2025-03-08 16:00:00+00:00,1.208e-05,1.288e-05,
2025-03-09 00:00:00+00:00,-2.779e-05,3.824e-05,
2025-03-09 08:00:00+00:00,3.218e-05,4.848e-05,
2025-03-09 16:00:00+00:00,0.0001,-3.2e-05,
2025-03-10 00:00:00+00:00,3.952e-05,-0.00029357,
2025-03-10 08:00:00+00:00,1.344e-05,-7.275e-05,
2025-03-10 16:00:00+00:00,4.037e-05,-8.207e-05,
2025-03-11 00:00:00+00:00,4.705e-05,8.32e-06,
2025-03-11 08:00:00+00:00,3.26e-05,-1.591e-05,
2025-03-11 16:00:00+00:00,8.746e-05,6.844e-05,
2025-03-12 00:00:00+00:00,5.76e-06,8.765e-05,
2025-03-12 08:00:00+00:00,5.815e-05,7.949e-05,
2025-03-12 16:00:00+00:00,4.013e-05,4.824e-05,
2025-03-13 00:00:00+00:00,4.3e-06,5.496e-05,
2025-03-13 08:00:00+00:00,2.069e-05,8.477e-05,
2025-03-13 16:00:00+00:00,3.19e-05,-1.285e-05,
2025-03-14 00:00:00+00:00,5.386e-05,-0.00015919,
2025-03-14 08:00:00+00:00,5.331e-05,4.476e-05,
2025-03-14 16:00:00+00:00,3.57e-06,0.0001,
2025-03-15 00:00:00+00:00,-6.035e-05,0.0001,
2025-03-15 08:00:00+00:00,-2.389e-05,0.0001,
2025-03-15 16:00:00+00:00,-3.21e-06,2.487e-05,
2025-03-16 00:00:00+00:00,4.32e-06,9.014e-05,
2025-03-16 08:00:00+00:00,4.236e-05,2.721e-05,
2025-03-16 16:00:00+00:00,1.247e-05,-6.539e-05,
2025-03-17 00:00:00+00:00,1.065e-05,-1.937e-05,
2025-03-17 08:00:00+00:00,8.474e-05,6.645e-05,
2025-03-17 16:00:00+00:00,8.59e-06,-7.12e-06,
2025-03-18 00:00:00+00:00,7.03e-06,-1.91e-05,
2025-03-18 08:00:00+00:00,2.059e-05,1.801e-05,
2025-03-18 16:00:00+00:00,3.514e-05,8.4e-07,
2025-03-19 00:00:00+00:00,2e-06,-6.12e-05,
2025-03-19 08:00:00+00:00,5.961e-05,7.579e-05,
2025-03-19 16:00:00+00:00,5.024e-05,7.731e-05,
2025-03-20 00:00:00+00:00,1.944e-05,1.139e-05,
2025-03-20 08:00:00+00:00,3.79e-05,7.139e-05,
2025-03-20 16:00:00+00:00,1.086e-05,-9.81e-06,
2025-03-21 00:00:00+00:00,1.615e-05,-1.414e-05,
2025-03-21 08:00:00+00:00,5.324e-05,2.088e-05,
2025-03-21 16:00:00+00:00,2.518e-05,-5.34e-06,
2025-03-22 00:00:00+00:00,2.836e-05,4.702e-05,
2025-03-22 08:00:00+00:00,-1.77e-05,2.873e-05,
2025-03-22 16:00:00+00:00,5.092e-05,2.95e-06,
2025-03-23 00:00:00+00:00,2.099e-05,-1.499e-05,
2025-03-23 08:00:00+00:00,-1.84e-06,1.609e-05,
2025-03-23 16:00:00+00:00,4.02e-05,-3.516e-05,
2025-03-24 00:00:00+00:00,2.039e-05,1.997e-05,
2025-03-24 08:00:00+00:00,5.512e-05,9.114e-05,
2025-03-24 16:00:00+00:00,-3.422e-05,2.952e-05,
2025-03-25 00:00:00+00:00,-2.47e-06,1.676e-05,
2025-03-25 08:00:00+00:00,1.15e-05,-4.48e-06,
2025-03-25 16:00:00+00:00,-3.776e-05,7.84e-06,
2025-03-26 00:00:00+00:00,-2.99e-05,-1.721e-05,
2025-03-26 08:00:00+00:00,1.659e-05,7.133e-05,
2025-03-26 16:00:00+00:00,-3.082e-05,-4.927e-05,
2025-03-27 00:00:00+00:00,3.136e-05,-1.904e-05,
2025-03-27 08:00:00+00:00,5.512e-05,4.7e-05,
2025-03-27 16:00:00+00:00,-3.76e-05,-3.998e-05,
2025-03-28 00:00:00+00:00,1.584e-05,-5.41e-06,
2025-03-28 08:00:00+00:00,-4.57e-06,-7.06e-06,
2025-03-28 16:00:00+00:00,8.118e-05,3.856e-05,
2025-03-29 00:00:00+00:00,5.364e-05,3.739e-05,
2025-03-29 08:00:00+00:00,8.214e-05,-1.692e-05,
2025-03-29 16:00:00+00:00,2.53e-05,6.68e-06,
2025-03-30 00:00:00+00:00,3.41e-06,4.207e-05,
2025-03-30 08:00:00+00:00,4.27e-06,-4.333e-05,
2025-03-30 16:00:00+00:00,4.588e-05,4.13e-06,
2025-03-31 00:00:00+00:00,2.643e-05,-3.11e-06,
2025-03-31 08:00:00+00:00,6.02e-05,2.713e-05,
2025-03-31 16:00:00+00:00,1.845e-05,-3.19e-06,
2025-04-01 00:00:00+00:00,3.961e-05,-0.00011844,
2025-04-01 08:00:00+00:00,2.889e-05,2.705e-05,
2025-04-01 16:00:00+00:00,3.573e-05,1.751e-05,
2025-04-02 00:00:00+00:00,-2.112e-05,2.346e-05,
2025-04-02 08:00:00+00:00,3.036e-05,-2.533e-05,
2025-04-02 16:00:00+00:00,7.33e-06,-2.791e-05,
2025-04-03 00:00:00+00:00,5.862e-05,-2.095e-05,
2025-04-03 08:00:00+00:00,5.038e-05,1.376e-05,
2025-04-03 16:00:00+00:00,6.484e-05,-8.99e-06,
2025-04-04 00:00:00+00:00,4.283e-05,0.0001,
2025-04-04 08:00:00+00:00,4.736e-05,9.307e-05,
2025-04-04 16:00:00+00:00,8.038e-05,3.029e-05,
2025-04-05 00:00:00+00:00,8.559e-05,9.537e-05,
2025-04-05 08:00:00+00:00,7.437e-05,9.739e-05,
2025-04-05 16:00:00+00:00,4.08e-06,3.366e-05,
2025-04-06 00:00:00+00:00,2.21e-06,9.173e-05,
2025-04-06 08:00:00+00:00,5.363e-05,9.894e-05,
2025-04-06 16:00:00+00:00,-6.03e-06,3.77e-06,
2025-04-07 00:00:00+00:00,4.946e-05,1.25e-06,
2025-04-07 08:00:00+00:00,6.857e-05,-3.202e-05,
2025-04-07 16:00:00+00:00,4.998e-05,3.657e-05,
2025-04-08 00:00:00+00:00,4.074e-05,9.02e-06,
2025-04-08 08:00:00+00:00,3.575e-05,7.245e-05,
2025-04-08 16:00:00+00:00,3.134e-05,3.545e-05,
2025-04-09 00:00:00+00:00,9.568e-05,2.267e-05,
2025-04-09 08:00:00+00:00,-2.252e-05,-2.068e-05,
2025-04-09 16:00:00+00:00,6.856e-05,0.0001,
2025-04-10 00:00:00+00:00,7.705e-05,9.218e-05,
2025-04-10 08:00:00+00:00,1.14e-06,0.0001,
2025-04-10 16:00:00+00:00,6.775e-05,4.691e-05,
2025-04-11 00:00:00+00:00,2.065e-05,-3.007e-05,
2025-04-11 08:00:00+00:00,-4.294e-05,4.989e-05,
2025-04-11 16:00:00+00:00,3.29e-05,0.0001,
2025-04-12 00:00:00+00:00,3.654e-05,6.951e-05,
2025-04-12 08:00:00+00:00,5.64e-05,-9.06e-06,
2025-04-12 16:00:00+00:00,5.388e-05,1.472e-05,
2025-04-13 00:00:00+00:00,5.057e-05,7.698e-05,
2025-04-13 08:00:00+00:00,8.429e-05,1.214e-05,
2025-04-13 16:00:00+00:00,9.642e-05,-3.89e-06,
2025-04-14 00:00:00+00:00,8.113e-05,-3.415e-05,
2025-04-14 08:00:00+00:00,7.127e-05,5.162e-05,
2025-04-14 16:00:00+00:00,2.428e-05,3.854e-05,
2025-04-15 00:00:00+00:00,-2.073e-05,3.92e-06,
2025-04-15 08:00:00+00:00,6.606e-05,0.0001,
2025-04-15 16:00:00+00:00,1.883e-05,7.167e-05,
2025-04-16 00:00:00+00:00,2.428e-05,-6.198e-05,
2025-04-16 08:00:00+00:00,6.917e-05,-9.053e-05,
2025-04-16 16:00:00+00:00,1.978e-05,-1.926e-05,
2025-04-17 00:00:00+00:00,1.404e-05,-9.84e-06,
2025-04-17 08:00:00+00:00,5.679e-05,8.12e-06,
2025-04-17 16:00:00+00:00,3.425e-05,-1.058e-05,
2025-04-18 00:00:00+00:00,1.788e-05,3.447e-05,
2025-04-18 08:00:00+00:00,7.071e-05,2.96e-06,
2025-04-18 16:00:00+00:00,2.995e-05,-5.146e-05,
2025-04-19 00:00:00+00:00,2.93e-05,-1.215e-05,
2025-04-19 08:00:00+00:00,6.024e-05,6.867e-05,
2025-04-19 16:00:00+00:00,-1.953e-05,0.0001,
2025-04-20 00:00:00+00:00,-2.98e-06,7.048e-05,
2025-04-20 08:00:00+00:00,-1.078e-05,-1.807e-05,
2025-04-20 16:00:00+00:00,-2.258e-05,-7.66e-05,
2025-04-21 00:00:00+00:00,5.232e-05,1.937e-05,
2025-04-21 08:00:00+00:00,5.403e-05,0.0001,
2025-04-21 16:00:00+00:00,1.553e-05,9.109e-05,
2025-04-22 00:00:00+00:00,7.749e-05,3.961e-05,
2025-04-22 08:00:00+00:00,-7.44e-06,4.038e-05,
2025-04-22 16:00:00+00:00,-7.045e-05,-1.936e-05,
2025-04-23 00:00:00+00:00,-1.389e-05,-2.647e-05,
2025-04-23 08:00:00+00:00,1.374e-05,5.975e-05,
2025-04-23 16:00:00+00:00,4.587e-05,2.238e-05,
2025-04-24 00:00:00+00:00,-2.671e-05,-3.794e-05,
2025-04-24 08:00:00+00:00,5.21e-05,1.49e-05,
2025-04-24 16:00:00+00:00,-2.165e-05,-6.18e-06,
2025-04-25 00:00:00+00:00,-1.764e-05,8.908e-05,
2025-04-25 08:00:00+00:00,1.7e-06,3.245e-05,
2025-04-25 16:00:00+00:00,1.2e-06,4.921e-05,
2025-04-26 00:00:00+00:00,-0.00010085,-7.485e-05,
2025-04-26 08:00:00+00:00,-2.774e-05,1.459e-05,
2025-04-26 16:00:00+00:00,2.855e-05,4.978e-05,
2025-04-27 00:00:00+00:00,-1.5e-05,-6.573e-05,
2025-04-27 08:00:00+00:00,-6.6e-06,-1.749e-05,
2025-04-27 16:00:00+00:00,-4.21e-06,-3.295e-05,
2025-04-28 00:00:00+00:00,3.73e-06,1.103e-05,
2025-04-28 08:00:00+00:00,2.46e-06,5.621e-05,
2025-04-28 16:00:00+00:00,-5.821e-05,5.89e-06,
2025-04-29 00:00:00+00:00,-7.73e-06,-4.385e-05,
2025-04-29 08:00:00+00:00,4.13e-06,3.872e-05,
2025-04-29 16:00:00+00:00,1.305e-05,1.268e-05,
2025-04-30 00:00:00+00:00,-5.181e-05,-2.275e-05,
2025-04-30 08:00:00+00:00,2.939e-05,9.197e-05,
2025-04-30 16:00:00+00:00,-3.797e-05,2.9e-07,
2025-05-01 00:00:00+00:00,3.519e-05,-4.8e-07,
2025-05-01 08:00:00+00:00,5.755e-05,5.255e-05,
2025-05-01 16:00:00+00:00,-8.028e-05,3.782e-05,
2025-05-02 00:00:00+00:00,-0.00012232,-3.523e-05,
2025-05-02 08:00:00+00:00,-9.382e-05,2.857e-05,
2025-05-02 16:00:00+00:00,-8.689e-05,-3.03e-05,
2025-05-03 00:00:00+00:00,-5.953e-05,-0.00011068,
2025-05-03 08:00:00+00:00,3.198e-05,-1.484e-05,
2025-05-03 16:00:00+00:00,-1.483e-05,-6.553e-05,
2025-05-04 00:00:00+00:00,3.7e-06,3.12e-06,
2025-05-04 08:00:00+00:00,3.229e-05,4.616e-05,
2025-05-04 16:00:00+00:00,3.745e-05,3.498e-05,
2025-05-05 00:00:00+00:00,-2.404e-05,-7.123e-05,
2025-05-05 08:00:00+00:00,3.636e-05,6.744e-05,
2025-05-05 16:00:00+00:00,-2.247e-05,2.175e-05,
2025-05-06 00:00:00+00:00,1.978e-05,-1.78e-05,
2025-05-06 08:00:00+00:00,4.44e-05,-6.83e-06,
2025-05-06 16:00:00+00:00,7.57e-06,2.767e-05,
2025-05-07 00:00:00+00:00,1.218e-05,1.728e-05,
2025-05-07 08:00:00+00:00,-2.5e-07,8.919e-05,
2025-05-07 16:00:00+00:00,1.32e-05,1.529e-05,
2025-05-08 00:00:00+00:00,2.318e-05,6.604e-05,
2025-05-08 08:00:00+00:00,4.608e-05,0.0001,
2025-05-08 16:00:00+00:00,5.728e-05,0.0001,
2025-05-09 00:00:00+00:00,0.0001,0.0001,
2025-05-09 08:00:00+00:00,0.0001,9.238e-05,
2025-05-09 16:00:00+00:00,4.378e-05,5.521e-05,
2025-05-10 00:00:00+00:00,9.657e-05,7.638e-05,
2025-05-10 08:00:00+00:00,0.0001,0.0001,
2025-05-10 16:00:00+00:00,4.257e-05,0.0001,
2025-05-11 00:00:00+00:00,0.0001,8.081e-05,
2025-05-11 08:00:00+00:00,4.15e-05,0.0001,
2025-05-11 16:00:00+00:00,0.0001,0.0001,
2025-05-12 00:00:00+00:00,4.454e-05,0.0001,
2025-05-12 08:00:00+00:00,0.0001,0.0001,
2025-05-12 16:00:00+00:00,2.301e-05,7.469e-05,
2025-05-13 00:00:00+00:00,6.847e-05,6.072e-05,
2025-05-13 08:00:00+00:00,0.0001,4.172e-05,
2025-05-13 16:00:00+00:00,7.256e-05,1.231e-05,
2025-05-14 00:00:00+00:00,9.921e-05,2.701e-05,
2025-05-14 08:00:00+00:00,7.542e-05,5.778e-05,
2025-05-14 16:00:00+00:00,3.175e-05,-1.591e-05,
2025-05-15 00:00:00+00:00,2.978e-05,-3.808e-05,
2025-05-15 08:00:00+00:00,5.336e-05,-2.825e-05,
2025-05-15 16:00:00+00:00,1.439e-05,3.38e-05,
2025-05-16 00:00:00+00:00,4.504e-05,-8.4e-06,
2025-05-16 08:00:00+00:00,7.535e-05,3.052e-05,
2025-05-16 16:00:00+00:00,4.768e-05,1.606e-05,
2025-05-17 00:00:00+00:00,2.821e-05,-1.98e-06,
2025-05-17 08:00:00+00:00,3.34e-05,1.723e-05,
2025-05-17 16:00:00+00:00,5.97e-06,2.515e-05,
2025-05-18 00:00:00+00:00,6.742e-05,6.156e-05,
2025-05-18 08:00:00+00:00,5.903e-05,3.858e-05,
2025-05-18 16:00:00+00:00,0.0001,0.0001,
2025-05-19 00:00:00+00:00,5.99e-05,0.0001,
2025-05-19 08:00:00+00:00,6.04e-05,1.146e-05,
2025-05-19 16:00:00+00:00,2.11e-05,5.514e-05,
2025-05-20 00:00:00+00:00,8.378e-05,5.531e-05,
2025-05-20 08:00:00+00:00,7.107e-05,7.096e-05,
2025-05-20 16:00:00+00:00,1.266e-05,4.4e-06,
2025-05-21 00:00:00+00:00,8.767e-05,5.146e-05,
2025-05-21 08:00:00+00:00,7.147e-05,7.956e-05,
2025-05-21 16:00:00+00:00,5.119e-05,4.226e-05,
2025-05-22 00:00:00+00:00,0.0001,7.967e-05,
2025-05-22 08:00:00+00:00,0.0001,0.0001,
2025-05-22 16:00:00+00:00,0.0001,9.599e-05,
2025-05-23 00:00:00+00:00,9.321e-05,2.206e-05,
2025-05-23 08:00:00+00:00,7.261e-05,5.364e-05,
2025-05-23 16:00:00+00:00,8.614e-05,6.534e-05,
2025-05-24 00:00:00+00:00,3.524e-05,2.203e-05,
2025-05-24 08:00:00+00:00,4.59e-05,3.436e-05,
2025-05-24 16:00:00+00:00,7.837e-05,4.126e-05,
2025-05-25 00:00:00+00:00,9.794e-05,7.422e-05,
2025-05-25 08:00:00+00:00,5.113e-05,0.0001,
2025-05-25 16:00:00+00:00,3.651e-05,5.451e-05,
2025-05-26 00:00:00+00:00,7.331e-05,0.0001,
2025-05-26 08:00:00+00:00,0.0001,0.0001,
2025-05-26 16:00:00+00:00,9.782e-05,9.627e-05,
2025-05-27 00:00:00+00:00,7.65e-05,0.0001,
2025-05-27 08:00:00+00:00,7.266e-05,3.247e-05,
2025-05-27 16:00:00+00:00,2.476e-05,2.161e-05,
2025-05-28 00:00:00+00:00,3.26e-05,-0.00015645,
2025-05-28 08:00:00+00:00,2.164e-05,-9.526e-05,
2025-05-28 16:00:00+00:00,5.368e-05,3.181e-05,
2025-05-29 00:00:00+00:00,3.186e-05,7.753e-05,
2025-05-29 08:00:00+00:00,2.812e-05,5.974e-05,
2025-05-29 16:00:00+00:00,8.379e-05,-1.219e-05,
2025-05-30 00:00:00+00:00,2.622e-05,0.0001,
2025-05-30 08:00:00+00:00,3.849e-05,9.532e-05,
2025-05-30 16:00:00+00:00,7.392e-05,0.0001,
2025-05-31 00:00:00+00:00,8.506e-05,0.0001,
2025-05-31 08:00:00+00:00,7.552e-05,0.0001,
2025-05-31 16:00:00+00:00,4.687e-05,0.0001,
2025-06-01 00:00:00+00:00,-5.82e-06,0.0001,
2025-06-01 08:00:00+00:00,2.335e-05,9.391e-05,
2025-06-01 16:00:00+00:00,4.117e-05,7.421e-05,
2025-06-02 00:00:00+00:00,-6.42e-06,0.0001,
2025-06-02 08:00:00+00:00,5.593e-05,6.634e-05,
2025-06-02 16:00:00+00:00,4.467e-05,5.94e-06,
2025-06-03 00:00:00+00:00,5.005e-05,2.472e-05,
2025-06-03 08:00:00+00:00,6.066e-05,-1.601e-05,
2025-06-03 16:00:00+00:00,4.456e-05,5.591e-05,
2025-06-04 00:00:00+00:00,-1.1e-07,-5.82e-06,
2025-06-04 08:00:00+00:00,2.611e-05,-4.859e-05,
2025-06-04 16:00:00+00:00,9.62e-06,3.102e-05,
2025-06-05 00:00:00+00:00,7.4e-07,3.35e-06,
2025-06-05 08:00:00+00:00,2.871e-05,-2.24e-06,
2025-06-05 16:00:00+00:00,5.156e-05,1.778e-05,
2025-06-06 00:00:00+00:00,-3.491e-05,6.6e-05,
2025-06-06 08:00:00+00:00,-3.03e-05,4.75e-06,
2025-06-06 16:00:00+00:00,-2.995e-05,1.407e-05,
2025-06-07 00:00:00+00:00,-2.89e-05,-5.637e-05,
2025-06-07 08:00:00+00:00,-3.158e-05,0.0001,
2025-06-07 16:00:00+00:00,2.94e-06,1.688e-05,
2025-06-08 00:00:00+00:00,4.808e-05,3.43e-05,
2025-06-08 08:00:00+00:00,5.613e-05,-1.743e-05,
2025-06-08 16:00:00+00:00,-3.602e-05,-2.669e-05,
2025-06-09 00:00:00+00:00,-2.164e-05,-3.739e-05,
2025-06-09 08:00:00+00:00,4.024e-05,2.264e-05,
2025-06-09 16:00:00+00:00,3.057e-05,0.0001,
2025-06-10 00:00:00+00:00,6.374e-05,8.11e-05,
2025-06-10 08:00:00+00:00,0.0001,8.419e-05,
2025-06-10 16:00:00+00:00,8.165e-05,0.0001,
2025-06-11 00:00:00+00:00,8.779e-05,7.171e-05,
2025-06-11 08:00:00+00:00,8.39e-05,4.509e-05,
2025-06-11 16:00:00+00:00,5.039e-05,5.768e-05,
2025-06-12 00:00:00+00:00,1.856e-05,5.521e-05,
2025-06-12 08:00:00+00:00,7.247e-05,7.557e-05,
2025-06-12 16:00:00+00:00,1.198e-05,4.748e-05,
2025-06-13 00:00:00+00:00,-1.801e-05,-1.155e-05,
2025-06-13 08:00:00+00:00,-2.7e-06,6.608e-05,
2025-06-13 16:00:00+00:00,3.857e-05,4.363e-05,
2025-06-14 00:00:00+00:00,1.958e-05,5.74e-06,
2025-06-14 08:00:00+00:00,3.858e-05,-1.611e-05,
2025-06-14 16:00:00+00:00,1.135e-05,-2.466e-05,
2025-06-15 00:00:00+00:00,-3.641e-05,7.299e-05,
2025-06-15 08:00:00+00:00,1.439e-05,7.17e-05,
2025-06-15 16:00:00+00:00,7.369e-05,0.0001,
2025-06-16 00:00:00+00:00,9.36e-06,4.753e-05,
2025-06-16 08:00:00+00:00,5.07e-05,0.0001,
2025-06-16 16:00:00+00:00,2.793e-05,4.729e-05,
2025-06-17 00:00:00+00:00,1.847e-05,3.074e-05,
2025-06-17 08:00:00+00:00,5.776e-05,6.718e-05,
2025-06-17 16:00:00+00:00,2.211e-05,3.008e-05,
2025-06-18 00:00:00+00:00,-1.752e-05,-1.427e-05,
2025-06-18 08:00:00+00:00,3.695e-05,2.43e-06,
2025-06-18 16:00:00+00:00,6.692e-05,2.945e-05,
2025-06-19 00:00:00+00:00,8.45e-06,1.655e-05,
2025-06-19 08:00:00+00:00,6.16e-06,1.318e-05,
2025-06-19 16:00:00+00:00,2.396e-05,-9.7e-07,
2025-06-20 00:00:00+00:00,3.565e-05,7.635e-05,
2025-06-20 08:00:00+00:00,7.862e-05,6.425e-05,
2025-06-20 16:00:00+00:00,2.4e-05,7.09e-06,
2025-06-21 00:00:00+00:00,3.977e-05,3.019e-05,
2025-06-21 08:00:00+00:00,1.933e-05,-2.522e-05,
2025-06-21 16:00:00+00:00,7.44e-05,3.388e-05,
2025-06-22 00:00:00+00:00,2.883e-05,-5.39e-06,
2025-06-22 08:00:00+00:00,0.0001,7.054e-05,
2025-06-22 16:00:00+00:00,4.145e-05,6.17e-06,
2025-06-23 00:00:00+00:00,-1.061e-05,-8.53e-06,
2025-06-23 08:00:00+00:00,-2.809e-05,1.988e-05,
2025-06-23 16:00:00+00:00,4.889e-05,-3.379e-05,
2025-06-24 00:00:00+00:00,1.245e-05,3.432e-05,
2025-06-24 08:00:00+00:00,1.218e-05,5.734e-05,
2025-06-24 16:00:00+00:00,4.47e-06,6.19e-06,
2025-06-25 00:00:00+00:00,-3.174e-05,-2.753e-05,
2025-06-25 08:00:00+00:00,2.747e-05,4.784e-05,
2025-06-25 16:00:00+00:00,9.62e-06,-2.087e-05,
2025-06-26 00:00:00+00:00,1.41e-06,-7.601e-05,
2025-06-26 08:00:00+00:00,3.805e-05,6.85e-06,
2025-06-26 16:00:00+00:00,6.82e-06,-6.6e-07,
2025-06-27 00:00:00+00:00,1.113e-05,-1.85e-05,
2025-06-27 08:00:00+00:00,2.663e-05,1.488e-05,
2025-06-27 16:00:00+00:00,2.557e-05,3.673e-05,
2025-06-28 00:00:00+00:00,-1.161e-05,-4.711e-05,
2025-06-28 08:00:00+00:00,6.053e-05,1.239e-05,
2025-06-28 16:00:00+00:00,4.434e-05,6.048e-05,
2025-06-29 00:00:00+00:00,1.25e-05,4.098e-05,
2025-06-29 08:00:00+00:00,5.36e-05,1.443e-05,
2025-06-29 16:00:00+00:00,0.0001,8.52e-06,
2025-06-30 00:00:00+00:00,1.084e-05,1.024e-05,
2025-06-30 08:00:00+00:00,2.959e-05,4.958e-05,
2025-06-30 16:00:00+00:00,4.923e-05,-9.29e-06,
2025-07-01 00:00:00+00:00,1.053e-05,-3.21e-06,
2025-07-01 08:00:00+00:00,4.334e-05,-2.184e-05,
2025-07-01 16:00:00+00:00,1.109e-05,1.879e-05,
2025-07-02 00:00:00+00:00,1.807e-05,4.989e-05,
2025-07-02 08:00:00+00:00,3.403e-05,6.496e-05,
2025-07-02 16:00:00+00:00,4.13e-05,5.727e-05,
2025-07-03 00:00:00+00:00,4.871e-05,5.264e-05,
2025-07-03 08:00:00+00:00,3.562e-05,5.847e-05,
2025-07-03 16:00:00+00:00,5.028e-05,7.064e-05,
2025-07-04 00:00:00+00:00,5.23e-05,5.716e-05,
2025-07-04 08:00:00+00:00,5.009e-05,2.295e-05,
2025-07-04 16:00:00+00:00,1.797e-05,2.892e-05,
2025-07-05 00:00:00+00:00,1.066e-05,0.0001,
2025-07-05 08:00:00+00:00,3.055e-05,6.637e-05,
2025-07-05 16:00:00+00:00,4.005e-05,6.102e-05,
2025-07-06 00:00:00+00:00,1.941e-05,1.647e-05,
2025-07-06 08:00:00+00:00,1.665e-05,1.14e-06,
2025-07-06 16:00:00+00:00,1.028e-05,4.813e-05,
2025-07-07 00:00:00+00:00,2.36e-05,8.67e-05,
2025-07-07 08:00:00+00:00,3.438e-05,7.141e-05,
2025-07-07 16:00:00+00:00,4.271e-05,2.928e-05,
2025-07-08 00:00:00+00:00,1.073e-05,-5.019e-05,
2025-07-08 08:00:00+00:00,4.563e-05,3.413e-05,
2025-07-08 16:00:00+00:00,3.601e-05,3.93e-05,
2025-07-09 00:00:00+00:00,3.093e-05,3.556e-05,
2025-07-09 08:00:00+00:00,3.396e-05,4.809e-05,
2025-07-09 16:00:00+00:00,4.253e-05,6.67e-05,
2025-07-10 00:00:00+00:00,0.0001,8.704e-05,
2025-07-10 08:00:00+00:00,8.523e-05,6.1e-05,
2025-07-10 16:00:00+00:00,1.908e-05,7.94e-05,
2025-07-11 00:00:00+00:00,0.0001,0.0001,
2025-07-11 08:00:00+00:00,0.0001,0.0001,
2025-07-11 16:00:00+00:00,0.0001,0.0001,
2025-07-12 00:00:00+00:00,0.0001,0.0001,
2025-07-12 08:00:00+00:00,0.0001,0.0001,
2025-07-12 16:00:00+00:00,0.0001,0.0001,
2025-07-13 00:00:00+00:00,0.0001,7.909e-05,
2025-07-13 08:00:00+00:00,0.0001,8.875e-05,
2025-07-13 16:00:00+00:00,0.0001,9.26e-05,
2025-07-14 00:00:00+00:00,8.051e-05,6.157e-05,
2025-07-14 08:00:00+00:00,0.0001,0.0001,
2025-07-14 16:00:00+00:00,0.0001,0.0001,
2025-07-15 00:00:00+00:00,0.0001,0.0001,
2025-07-15 08:00:00+00:00,0.0001,0.0001,
2025-07-15 16:00:00+00:00,0.0001,0.0001,
2025-07-16 00:00:00+00:00,0.0001,0.0001,
2025-07-16 08:00:00+00:00,0.0001,0.0001,
2025-07-16 16:00:00+00:00,0.0001,0.0001,
2025-07-17 00:00:00+00:00,0.0001,0.0001,
2025-07-17 08:00:00+00:00,0.0001,0.0001,
2025-07-17 16:00:00+00:00,0.0001,0.0001,
2025-07-18 00:00:00+00:00,0.0001,0.0001,
2025-07-18 08:00:00+00:00,0.0001,0.0001,
2025-07-18 16:00:00+00:00,0.0001,0.0001,
2025-07-19 00:00:00+00:00,0.0001,0.0001,
2025-07-19 08:00:00+00:00,0.0001,0.0001,
2025-07-19 16:00:00+00:00,0.0001,0.0001,
2025-07-20 00:00:00+00:00,0.0001,0.0001,
2025-07-20 08:00:00+00:00,0.0001,0.0001,
2025-07-20 16:00:00+00:00,0.0001,0.0001,
2025-07-21 00:00:00+00:00,0.0001,0.0001,
2025-07-21 08:00:00+00:00,0.0001,0.0001,
2025-07-21 16:00:00+00:00,0.0001,0.0001,
2025-07-22 00:00:00+00:00,0.0001,0.0001,
2025-07-22 08:00:00+00:00,0.0001,0.0001,
2025-07-22 16:00:00+00:00,0.0001,0.0001,
2025-07-23 00:00:00+00:00,0.0001,0.00011431,
2025-07-23 08:00:00+00:00,0.0001,0.0001,
2025-07-23 16:00:00+00:00,0.0001,0.0001,
2025-07-24 00:00:00+00:00,0.0001,0.0001,
2025-07-24 08:00:00+00:00,0.0001,0.0001,
2025-07-24 16:00:00+00:00,0.0001,0.0001,
2025-07-25 00:00:00+00:00,0.0001,0.0001,
2025-07-25 08:00:00+00:00,0.0001,0.0001,
2025-07-25 16:00:00+00:00,0.0001,0.0001,
2025-07-26 00:00:00+00:00,0.0001,0.0001,
2025-07-26 08:00:00+00:00,0.0001,0.0001,
2025-07-26 16:00:00+00:00,0.0001,0.0001,
2025-07-27 00:00:00+00:00,0.0001,0.0001,
2025-07-27 08:00:00+00:00,0.0001,0.0001,
2025-07-27 16:00:00+00:00,0.0001,0.0001,
2025-07-28 00:00:00+00:00,0.0001,0.0001,
2025-07-28 08:00:00+00:00,0.0001,0.0001,
2025-07-28 16:00:00+00:00,0.0001,0.0001,
2025-07-29 00:00:00+00:00,0.0001,0.0001,
2025-07-29 08:00:00+00:00,0.0001,0.0001,
2025-07-29 16:00:00+00:00,0.0001,0.0001,
2025-07-30 00:00:00+00:00,0.0001,0.0001,
2025-07-30 08:00:00+00:00,0.0001,0.0001,
2025-07-30 16:00:00+00:00,0.0001,0.0001,
2025-07-31 00:00:00+00:00,5.694e-05,0.0001,
2025-07-31 08:00:00+00:00,0.0001,0.0001,
2025-07-31 16:00:00+00:00,0.0001,0.0001,
2025-08-01 00:00:00+00:00,-1.408e-05,-1.656e-05,
2025-08-01 08:00:00+00:00,1.549e-05,-6.328e-05,
2025-08-01 16:00:00+00:00,5.681e-05,3.78e-05,
2025-08-02 00:00:00+00:00,4.81e-05,0.0001,
2025-08-02 08:00:00+00:00,8.94e-06,0.0001,
2025-08-02 16:00:00+00:00,4.437e-05,0.0001,
2025-08-03 00:00:00+00:00,5.633e-05,0.0001,
2025-08-03 08:00:00+00:00,4.533e-05,0.0001,
2025-08-03 16:00:00+00:00,7.504e-05,7.948e-05,
2025-08-04 00:00:00+00:00,4.188e-05,4.923e-05,
2025-08-04 08:00:00+00:00,5.719e-05,5.76e-05,
2025-08-04 16:00:00+00:00,3.912e-05,1.817e-05,
2025-08-05 00:00:00+00:00,7.101e-05,7.602e-05,
2025-08-05 08:00:00+00:00,8.589e-05,0.0001,
2025-08-05 16:00:00+00:00,4.784e-05,4.579e-05,
2025-08-06 00:00:00+00:00,5.172e-05,0.0001,
2025-08-06 08:00:00+00:00,9.275e-05,0.0001,
2025-08-06 16:00:00+00:00,8.288e-05,8.685e-05,
2025-08-07 00:00:00+00:00,4.843e-05,7.728e-05,
2025-08-07 08:00:00+00:00,7.574e-05,9.173e-05,
2025-08-07 16:00:00+00:00,6.275e-05,1.388e-05,
2025-08-08 00:00:00+00:00,2.403e-05,-3.108e-05,
2025-08-08 08:00:00+00:00,1.729e-05,3.508e-05,
2025-08-08 16:00:00+00:00,7.973e-05,8.916e-05,
2025-08-09 00:00:00+00:00,8.835e-05,2.37e-06,
2025-08-09 08:00:00+00:00,9.087e-05,7.59e-05,
2025-08-09 16:00:00+00:00,5.151e-05,-3.166e-05,
2025-08-10 00:00:00+00:00,9.849e-05,1.96e-06,
2025-08-10 08:00:00+00:00,0.0001,0.0001,
2025-08-10 16:00:00+00:00,0.0001,0.0001,
2025-08-11 00:00:00+00:00,0.0001,0.0001,
2025-08-11 08:00:00+00:00,0.0001,0.0001,
2025-08-11 16:00:00+00:00,0.0001,0.0001,
2025-08-12 00:00:00+00:00,0.0001,0.0001,
2025-08-12 08:00:00+00:00,7.988e-05,0.0001,
2025-08-12 16:00:00+00:00,8.543e-05,3.101e-05,
2025-08-13 00:00:00+00:00,7.123e-05,0.0001,
2025-08-13 08:00:00+00:00,0.0001,0.0001,
2025-08-13 16:00:00+00:00,0.0001,0.0001,
2025-08-14 00:00:00+00:00,0.0001,0.0001,
2025-08-14 08:00:00+00:00,0.0001,0.0001,
2025-08-14 16:00:00+00:00,0.0001,0.0001,
2025-08-15 00:00:00+00:00,1.939e-05,9.395e-05,
2025-08-15 08:00:00+00:00,7.99e-05,0.0001,
2025-08-15 16:00:00+00:00,3.722e-05,0.0001,
2025-08-16 00:00:00+00:00,8.85e-05,3.229e-05,
2025-08-16 08:00:00+00:00,8.268e-05,5.518e-05,
2025-08-16 16:00:00+00:00,9.023e-05,5.028e-05,
2025-08-17 00:00:00+00:00,8.206e-05,-7.25e-06,
2025-08-17 08:00:00+00:00,4.68e-05,6.699e-05,
2025-08-17 16:00:00+00:00,1.862e-05,6.233e-05,
2025-08-18 00:00:00+00:00,2.846e-05,0.0001,
2025-08-18 08:00:00+00:00,-6.82e-06,9.278e-05,
2025-08-18 16:00:00+00:00,5.296e-05,2.41e-05,
2025-08-19 00:00:00+00:00,7.137e-05,5.472e-05,
2025-08-19 08:00:00+00:00,6.262e-05,-9.7e-06,
2025-08-19 16:00:00+00:00,3.167e-05,2.078e-05,
2025-08-20 00:00:00+00:00,4.543e-05,0.0001,
2025-08-20 08:00:00+00:00,1.364e-05,0.0001,
2025-08-20 16:00:00+00:00,4.936e-05,0.0001,
2025-08-21 00:00:00+00:00,1.143e-05,8.933e-05,
2025-08-21 08:00:00+00:00,7.757e-05,0.0001,
2025-08-21 16:00:00+00:00,7.414e-05,0.0001,
2025-08-22 00:00:00+00:00,7.296e-05,7.466e-05,
2025-08-22 08:00:00+00:00,0.0001,0.0001,
2025-08-22 16:00:00+00:00,5.867e-05,7.665e-05,
2025-08-23 00:00:00+00:00,0.0001,0.0001,
2025-08-23 08:00:00+00:00,0.0001,0.0001,
2025-08-23 16:00:00+00:00,9.711e-05,0.0001,
2025-08-24 00:00:00+00:00,0.0001,0.0001,
2025-08-24 08:00:00+00:00,0.0001,0.0001,
2025-08-24 16:00:00+00:00,0.0001,0.0001,
2025-08-25 00:00:00+00:00,0.0001,0.0001,
2025-08-25 08:00:00+00:00,0.0001,0.0001,
2025-08-25 16:00:00+00:00,8.344e-05,0.0001,
2025-08-26 00:00:00+00:00,4.522e-05,0.0001,
2025-08-26 08:00:00+00:00,3.9e-05,0.0001,
2025-08-26 16:00:00+00:00,0.0001,0.0001,
2025-08-27 00:00:00+00:00,1.802e-05,0.0001,
2025-08-27 08:00:00+00:00,5.503e-05,0.0001,
2025-08-27 16:00:00+00:00,3.496e-05,4.016e-05,
2025-08-28 00:00:00+00:00,5.297e-05,3.951e-05,
2025-08-28 08:00:00+00:00,9.693e-05,8.813e-05,
2025-08-28 16:00:00+00:00,7.512e-05,7.6e-05,
2025-08-29 00:00:00+00:00,4.261e-05,4.099e-05,
2025-08-29 08:00:00+00:00,5.856e-05,3.251e-05,
2025-08-29 16:00:00+00:00,6.44e-06,4.476e-05,
2025-08-30 00:00:00+00:00,7.523e-05,0.0001,
2025-08-30 08:00:00+00:00,7.979e-05,0.0001,
2025-08-30 16:00:00+00:00,8.042e-05,0.0001,
2025-08-31 00:00:00+00:00,-1.232e-05,0.0001,
2025-08-31 08:00:00+00:00,4.749e-05,3.706e-05,
2025-08-31 16:00:00+00:00,0.0001,5.329e-05,
2025-09-01 00:00:00+00:00,4.66e-05,4.929e-05,
2025-09-01 08:00:00+00:00,0.0001,0.0001,
2025-09-01 16:00:00+00:00,4.963e-05,0.0001,
2025-09-02 00:00:00+00:00,6.946e-05,0.0001,
2025-09-02 08:00:00+00:00,8.805e-05,0.0001,
2025-09-02 16:00:00+00:00,6.356e-05,0.0001,
2025-09-03 00:00:00+00:00,7.67e-06,0.0001,
2025-09-03 08:00:00+00:00,5.127e-05,0.0001,
2025-09-03 16:00:00+00:00,2.344e-05,0.0001,
2025-09-04 00:00:00+00:00,1.808e-05,9.011e-05,
2025-09-04 08:00:00+00:00,4.385e-05,5.43e-05,
2025-09-04 16:00:00+00:00,7.941e-05,5.321e-05,
2025-09-05 00:00:00+00:00,7.532e-05,9.591e-05,
2025-09-05 08:00:00+00:00,0.0001,0.0001,
2025-09-05 16:00:00+00:00,7.872e-05,9.934e-05,
2025-09-06 00:00:00+00:00,1.297e-05,8.521e-05,
2025-09-06 08:00:00+00:00,5.66e-05,4.635e-05,
2025-09-06 16:00:00+00:00,5.11e-05,-8.97e-06,
2025-09-07 00:00:00+00:00,1.97e-05,4.448e-05,
2025-09-07 08:00:00+00:00,3.611e-05,0.0001,
2025-09-07 16:00:00+00:00,6.969e-05,7.039e-05,
2025-09-08 00:00:00+00:00,9.404e-05,0.0001,
2025-09-08 08:00:00+00:00,6.682e-05,2.857e-05,
2025-09-08 16:00:00+00:00,7.311e-05,7.948e-05,
2025-09-09 00:00:00+00:00,3.799e-05,2.551e-05,
2025-09-09 08:00:00+00:00,0.0001,1.604e-05,
2025-09-09 16:00:00+00:00,0.0001,1.388e-05,
2025-09-10 00:00:00+00:00,5.805e-05,3.935e-05,
2025-09-10 08:00:00+00:00,5.026e-05,0.0001,
2025-09-10 16:00:00+00:00,0.0001,7.774e-05,
2025-09-11 00:00:00+00:00,5.843e-05,8.19e-06,
2025-09-11 08:00:00+00:00,4.283e-05,4.762e-05,
2025-09-11 16:00:00+00:00,3.326e-05,0.0001,
2025-09-12 00:00:00+00:00,6.137e-05,9.416e-05,
2025-09-12 08:00:00+00:00,3.768e-05,6.127e-05,
2025-09-12 16:00:00+00:00,6.891e-05,9.896e-05,
2025-09-13 00:00:00+00:00,-1.554e-05,-3.243e-05,
2025-09-13 08:00:00+00:00,2.251e-05,3.148e-05,
2025-09-13 16:00:00+00:00,3.137e-05,6.08e-05,
2025-09-14 00:00:00+00:00,8.182e-05,2.142e-05,
2025-09-14 08:00:00+00:00,4.78e-05,-1.938e-05,
2025-09-14 16:00:00+00:00,3.115e-05,5.701e-05,
2025-09-15 00:00:00+00:00,6.207e-05,7.622e-05,
2025-09-15 08:00:00+00:00,8.259e-05,0.0001,
2025-09-15 16:00:00+00:00,8.189e-05,7.98e-05,
2025-09-16 00:00:00+00:00,9.97e-06,0.0001,
2025-09-16 08:00:00+00:00,6.991e-05,0.0001,
2025-09-16 16:00:00+00:00,6.472e-05,3.464e-05,
2025-09-17 00:00:00+00:00,6.972e-05,8.059e-05,
2025-09-17 08:00:00+00:00,8.441e-05,4.581e-05,
2025-09-17 16:00:00+00:00,6.303e-05,4.605e-05,
2025-09-18 00:00:00+00:00,4.941e-05,0.0001,
2025-09-18 08:00:00+00:00,8.928e-05,0.0001,
2025-09-18 16:00:00+00:00,4.208e-05,8.669e-05,
2025-09-19 00:00:00+00:00,-2.31e-06,6.74e-05,
2025-09-19 08:00:00+00:00,2.109e-05,6.754e-05,
2025-09-19 16:00:00+00:00,5.264e-05,3.193e-05,
2025-09-20 00:00:00+00:00,3.757e-05,2.92e-05,
2025-09-20 08:00:00+00:00,-2.7e-07,8.845e-05,
2025-09-20 16:00:00+00:00,-1.006e-05,0.0001,
2025-09-21 00:00:00+00:00,-5.322e-05,6.911e-05,
2025-09-21 08:00:00+00:00,2.563e-05,0.0001,
2025-09-21 16:00:00+00:00,3.742e-05,8.065e-05,
2025-09-22 00:00:00+00:00,6.665e-05,4.095e-05,
2025-09-22 08:00:00+00:00,1.743e-05,8.326e-05,
2025-09-22 16:00:00+00:00,4.838e-05,8.6e-07,
2025-09-23 00:00:00+00:00,7.062e-05,3.469e-05,
2025-09-23 08:00:00+00:00,7.083e-05,-1.646e-05,
2025-09-23 16:00:00+00:00,7.478e-05,-2.302e-05,
2025-09-24 00:00:00+00:00,5.794e-05,-2.517e-05,
2025-09-24 08:00:00+00:00,6.267e-05,1.004e-05,
2025-09-24 16:00:00+00:00,4.886e-05,6.94e-05,
2025-09-25 00:00:00+00:00,-2.2e-06,4.029e-05,
2025-09-25 08:00:00+00:00,1.73e-05,-3.74e-06,
2025-09-25 16:00:00+00:00,9.56e-05,-2.638e-05,
2025-09-26 00:00:00+00:00,3.143e-05,5.93e-05,
2025-09-26 08:00:00+00:00,4.36e-05,3.018e-05,
2025-09-26 16:00:00+00:00,7.716e-05,7.381e-05,
2025-09-27 00:00:00+00:00,-1e-07,6.796e-05,
2025-09-27 08:00:00+00:00,3.425e-05,6.45e-05,
2025-09-27 16:00:00+00:00,7.821e-05,6.911e-05,
2025-09-28 00:00:00+00:00,3.314e-05,0.0001,
2025-09-28 08:00:00+00:00,4.976e-05,1.443e-05,
2025-09-28 16:00:00+00:00,5.261e-05,5.984e-05,
2025-09-29 00:00:00+00:00,2.312e-05,0.0001,
2025-09-29 08:00:00+00:00,1.304e-05,6.586e-05,
2025-09-29 16:00:00+00:00,3.2e-07,0.0001,
2025-09-30 00:00:00+00:00,2.353e-05,6.638e-05,
2025-09-30 08:00:00+00:00,5.893e-05,8.111e-05,
2025-09-30 16:00:00+00:00,2.584e-05,1.288e-05,
2025-10-01 00:00:00+00:00,3.355e-05,0.0001,
2025-10-01 08:00:00+00:00,3.457e-05,0.0001,
2025-10-01 16:00:00+00:00,0.0001,2.801e-05,
2025-10-02 00:00:00+00:00,7.784e-05,4.183e-05,
2025-10-02 08:00:00+00:00,0.0001,6.812e-05,
2025-10-02 16:00:00+00:00,9.543e-05,9.106e-05,
2025-10-03 00:00:00+00:00,9.926e-05,1.482e-05,
2025-10-03 08:00:00+00:00,0.0001,6.6e-07,
2025-10-03 16:00:00+00:00,0.0001,1.396e-05,
2025-10-04 00:00:00+00:00,0.0001,8.84e-06,
2025-10-04 08:00:00+00:00,0.0001,5.991e-05,
2025-10-04 16:00:00+00:00,8.312e-05,4.757e-05,
2025-10-05 00:00:00+00:00,8.648e-05,0.0001,
2025-10-05 08:00:00+00:00,0.0001,0.0001,
2025-10-05 16:00:00+00:00,9.566e-05,7.664e-05,
2025-10-06 00:00:00+00:00,7.672e-05,9.618e-05,
2025-10-06 08:00:00+00:00,9.708e-05,0.0001,
2025-10-06 16:00:00+00:00,5.831e-05,7.58e-05,
2025-10-07 00:00:00+00:00,0.0001,2.46e-06,
2025-10-07 08:00:00+00:00,8.608e-05,-2.887e-05,
2025-10-07 16:00:00+00:00,6.194e-05,0.0001,
2025-10-08 00:00:00+00:00,2.542e-05,0.0001,
2025-10-08 08:00:00+00:00,0.0001,0.0001,
2025-10-08 16:00:00+00:00,5.396e-05,0.0001,
2025-10-09 00:00:00+00:00,1.344e-05,3.109e-05,
2025-10-09 08:00:00+00:00,5.35e-05,3.706e-05,
2025-10-09 16:00:00+00:00,1.455e-05,5.581e-05,
2025-10-10 00:00:00+00:00,7.85e-06,0.0001,
2025-10-10 08:00:00+00:00,3.879e-05,0.0001,
2025-10-10 16:00:00+00:00,1.013e-05,4.578e-05,
2025-10-11 00:00:00+00:00,0.0001,-0.00014131,
2025-10-11 08:00:00+00:00,0.0001,0.0001,
2025-10-11 16:00:00+00:00,4.67e-06,0.0001,
2025-10-12 00:00:00+00:00,-3.055e-05,-7.37e-06,
2025-10-12 08:00:00+00:00,2.865e-05,2.84e-05,
2025-10-12 16:00:00+00:00,-0.00010915,6.092e-05,
2025-10-13 00:00:00+00:00,-3.942e-05,0.0001,
2025-10-13 08:00:00+00:00,2.519e-05,0.0001,
2025-10-13 16:00:00+00:00,-2.305e-05,4.824e-05,
2025-10-14 00:00:00+00:00,-4.041e-05,7.775e-05,
2025-10-14 08:00:00+00:00,7.12e-06,-2.259e-05,
2025-10-14 16:00:00+00:00,-4.498e-05,3e-07,
2025-10-15 00:00:00+00:00,-5.425e-05,9.62e-06,
2025-10-15 08:00:00+00:00,3.973e-05,2.225e-05,
2025-10-15 16:00:00+00:00,2.25e-06,-1.58e-06,
2025-10-16 00:00:00+00:00,-2.741e-05,3.29e-06,
2025-10-16 08:00:00+00:00,-2.23e-05,-4.75e-06,
2025-10-16 16:00:00+00:00,-3.004e-05,-3.787e-05,
2025-10-17 00:00:00+00:00,-2.85e-06,9.25e-06,
2025-10-17 08:00:00+00:00,-6.34e-06,-8.91e-06,
2025-10-17 16:00:00+00:00,-2.91e-06,1.371e-05,
2025-10-18 00:00:00+00:00,-4.819e-05,-2.473e-05,
2025-10-18 08:00:00+00:00,-6.376e-05,-1.289e-05,
2025-10-18 16:00:00+00:00,-3.681e-05,5.928e-05,
2025-10-19 00:00:00+00:00,-1.411e-05,3.953e-05,
2025-10-19 08:00:00+00:00,1.512e-05,3.762e-05,
2025-10-19 16:00:00+00:00,2.787e-05,0.0001,
2025-10-20 00:00:00+00:00,-2.197e-05,5.677e-05,
2025-10-20 08:00:00+00:00,-6.65e-06,0.0001,
2025-10-20 16:00:00+00:00,-1.8e-07,0.0001,
2025-10-21 00:00:00+00:00,-5.567e-05,7.228e-05,
2025-10-21 08:00:00+00:00,2.222e-05,1.871e-05,
2025-10-21 16:00:00+00:00,-2.506e-05,8.799e-05,
2025-10-22 00:00:00+00:00,-4.212e-05,2.025e-05,
2025-10-22 08:00:00+00:00,2.445e-05,4.647e-05,
2025-10-22 16:00:00+00:00,5.702e-05,5.5e-05,
2025-10-23 00:00:00+00:00,8.911e-05,5.646e-05,
2025-10-23 08:00:00+00:00,2.673e-05,0.0001,
2025-10-23 16:00:00+00:00,3.933e-05,6.755e-05,
2025-10-24 00:00:00+00:00,3.391e-05,-1.64e-06,
2025-10-24 08:00:00+00:00,1.783e-05,0.0001,
2025-10-24 16:00:00+00:00,3.224e-05,4.654e-05,
2025-10-25 00:00:00+00:00,5.02e-05,3.168e-05,
2025-10-25 08:00:00+00:00,1.484e-05,0.0001,
2025-10-25 16:00:00+00:00,5.57e-05,0.0001,
2025-10-26 00:00:00+00:00,1.903e-05,9.909e-05,
2025-10-26 08:00:00+00:00,5.35e-06,5.578e-05,
2025-10-26 16:00:00+00:00,6.904e-05,0.0001,
2025-10-27 00:00:00+00:00,0.0001,0.0001,
2025-10-27 08:00:00+00:00,0.0001,0.0001,
2025-10-27 16:00:00+00:00,7.304e-05,5.882e-05,
2025-10-28 00:00:00+00:00,6.059e-05,1.045e-05,
2025-10-28 08:00:00+00:00,7.806e-05,3.558e-05,
2025-10-28 16:00:00+00:00,2.992e-05,8.991e-05,
2025-10-29 00:00:00+00:00,-3.2e-07,-3.96e-06,
2025-10-29 08:00:00+00:00,3.588e-05,1.593e-05,
2025-10-29 16:00:00+00:00,5.003e-05,1.663e-05,
2025-10-30 00:00:00+00:00,1.097e-05,2.081e-05,
2025-10-30 08:00:00+00:00,3.449e-05,3.62e-05,
2025-10-30 16:00:00+00:00,3.562e-05,-2.633e-05,
2025-10-31 00:00:00+00:00,2.13e-06,2.357e-05,
2025-10-31 08:00:00+00:00,0.0001,0.0001,
2025-10-31 16:00:00+00:00,0.0001,5.658e-05,
2025-11-01 00:00:00+00:00,0.0001,2.475e-05,
2025-11-01 08:00:00+00:00,0.0001,2.432e-05,
2025-11-01 16:00:00+00:00,9.782e-05,6.744e-05,
2025-11-02 00:00:00+00:00,8.2e-05,5.819e-05,
2025-11-02 08:00:00+00:00,8.15e-05,4.76e-05,
2025-11-02 16:00:00+00:00,5.635e-05,1.946e-05,
2025-11-03 00:00:00+00:00,6.098e-05,2.067e-05,
2025-11-03 08:00:00+00:00,6.853e-05,-4.708e-05,
2025-11-03 16:00:00+00:00,5.329e-05,5.29e-05,
2025-11-04 00:00:00+00:00,0.0001,3.846e-05,
2025-11-04 08:00:00+00:00,5.808e-05,-1.217e-05,
2025-11-04 16:00:00+00:00,6.339e-05,4.548e-05,
2025-11-05 00:00:00+00:00,7.132e-05,4.865e-05,
2025-11-05 08:00:00+00:00,2.831e-05,1.344e-05,
2025-11-05 16:00:00+00:00,2.816e-05,-1.14e-05,
2025-11-06 00:00:00+00:00,3.985e-05,2.099e-05,
2025-11-06 08:00:00+00:00,7.916e-05,3.291e-05,
2025-11-06 16:00:00+00:00,4.494e-05,4.827e-05,
2025-11-07 00:00:00+00:00,4.705e-05,-3.307e-05,
2025-11-07 08:00:00+00:00,4.227e-05,3.929e-05,
2025-11-07 16:00:00+00:00,8.631e-05,2.52e-05,
2025-11-08 00:00:00+00:00,7.776e-05,7.924e-05,
2025-11-08 08:00:00+00:00,3.047e-05,8.47e-06,
2025-11-08 16:00:00+00:00,3.74e-05,-7.44e-06,
2025-11-09 00:00:00+00:00,-1.64e-05,-1.71e-06,
2025-11-09 08:00:00+00:00,4.187e-05,3.745e-05,
2025-11-09 16:00:00+00:00,8.948e-05,7.699e-05,
2025-11-10 00:00:00+00:00,8.87e-05,9.233e-05,
2025-11-10 08:00:00+00:00,7.355e-05,8.068e-05,
2025-11-10 16:00:00+00:00,4.979e-05,4.716e-05,
2025-11-11 00:00:00+00:00,2.818e-05,1.35e-05,
2025-11-11 08:00:00+00:00,-2.775e-05,-4.885e-05,
2025-11-11 16:00:00+00:00,5.823e-05,5.706e-05,
2025-11-12 00:00:00+00:00,2.462e-05,6.811e-05,
2025-11-12 08:00:00+00:00,6.87e-06,3.386e-05,
2025-11-12 16:00:00+00:00,5.786e-05,9.323e-05,
2025-11-13 00:00:00+00:00,1.077e-05,-1.163e-05,
2025-11-13 08:00:00+00:00,9.352e-05,1.427e-05,
2025-11-13 16:00:00+00:00,7.448e-05,2.564e-05,
2025-11-14 00:00:00+00:00,8.569e-05,-4.056e-05,
2025-11-14 08:00:00+00:00,9.126e-05,1.296e-05,
2025-11-14 16:00:00+00:00,9.078e-05,5.789e-05,
2025-11-15 00:00:00+00:00,8.507e-05,4.552e-05,
2025-11-15 08:00:00+00:00,0.0001,7.12e-05,
2025-11-15 16:00:00+00:00,5.923e-05,4.47e-05,
2025-11-16 00:00:00+00:00,7.745e-05,9.79e-06,
2025-11-16 08:00:00+00:00,0.0001,3.754e-05,
2025-11-16 16:00:00+00:00,7.06e-05,4.955e-05,
2025-11-17 00:00:00+00:00,0.0001,5.953e-05,
2025-11-17 08:00:00+00:00,9.568e-05,0.0001,
2025-11-17 16:00:00+00:00,7.208e-05,7.101e-05,
2025-11-18 00:00:00+00:00,0.0001,8.162e-05,
2025-11-18 08:00:00+00:00,0.0001,4.31e-05,
2025-11-18 16:00:00+00:00,3.725e-05,0.0001,
2025-11-19 00:00:00+00:00,7.496e-05,4.908e-05,
2025-11-19 08:00:00+00:00,5.012e-05,-4.34e-06,
2025-11-19 16:00:00+00:00,3.98e-05,-9.81e-06,
2025-11-20 00:00:00+00:00,4.259e-05,4.555e-05,
2025-11-20 08:00:00+00:00,0.0001,0.0001,
2025-11-20 16:00:00+00:00,8.999e-05,1.338e-05,
2025-11-21 00:00:00+00:00,4.272e-05,-4.79e-06,
2025-11-21 08:00:00+00:00,4.524e-05,-7.26e-06,
2025-11-21 16:00:00+00:00,2.642e-05,5.602e-05,
2025-11-22 00:00:00+00:00,1.373e-05,3.39e-05,
2025-11-22 08:00:00+00:00,6.735e-05,2.259e-05,
2025-11-22 16:00:00+00:00,5.057e-05,6.123e-05,
2025-11-23 00:00:00+00:00,3.812e-05,4.974e-05,
2025-11-23 08:00:00+00:00,1.53e-06,4.368e-05,
2025-11-23 16:00:00+00:00,-8.93e-06,9.31e-06,
2025-11-24 00:00:00+00:00,-6e-08,-1.427e-05,
2025-11-24 08:00:00+00:00,-1.34e-06,-3.212e-05,
2025-11-24 16:00:00+00:00,5.044e-05,-1.6e-07,
2025-11-25 00:00:00+00:00,-5.29e-05,-6.725e-05,
2025-11-25 08:00:00+00:00,1.996e-05,-4.14e-06,
2025-11-25 16:00:00+00:00,-3.019e-05,-4.901e-05,
2025-11-26 00:00:00+00:00,4.038e-05,-9.27e-06,
2025-11-26 08:00:00+00:00,5.388e-05,-2.68e-06,
2025-11-26 16:00:00+00:00,-4.19e-06,1.62e-06,
2025-11-27 00:00:00+00:00,-2.599e-05,3.41e-05,
2025-11-27 08:00:00+00:00,2.408e-05,-3.03e-06,
2025-11-27 16:00:00+00:00,4.624e-05,-8.01e-06,
2025-11-28 00:00:00+00:00,1.771e-05,1.7e-06,
2025-11-28 08:00:00+00:00,6.007e-05,-3.78e-06,
2025-11-28 16:00:00+00:00,-1.703e-05,-7.46e-06,
2025-11-29 00:00:00+00:00,-1.982e-05,-9.691e-05,
2025-11-29 08:00:00+00:00,1.778e-05,-9.76e-06,
2025-11-29 16:00:00+00:00,2.635e-05,1.029e-05,
2025-11-30 00:00:00+00:00,6.082e-05,7.307e-05,
2025-11-30 08:00:00+00:00,3.556e-05,5.238e-05,
2025-11-30 16:00:00+00:00,3.88e-05,1.622e-05,
2025-12-01 00:00:00+00:00,3.593e-05,7.5e-06,
2025-12-01 08:00:00+00:00,3.153e-05,-6.05e-06,
2025-12-01 16:00:00+00:00,1.491e-05,-1.07e-06,
2025-12-02 00:00:00+00:00,-1.009e-05,-9.17e-06,
2025-12-02 08:00:00+00:00,2.643e-05,4.832e-05,
2025-12-02 16:00:00+00:00,3.999e-05,1.79e-05,
2025-12-03 00:00:00+00:00,-1.732e-05,9.24e-06,
2025-12-03 08:00:00+00:00,4.206e-05,2.73e-05,
2025-12-03 16:00:00+00:00,-8.85e-06,3.174e-05,
2025-12-04 00:00:00+00:00,-3.95e-06,7.408e-05,
2025-12-04 08:00:00+00:00,7.435e-05,3.057e-05,
2025-12-04 16:00:00+00:00,3.928e-05,-8.57e-06,
2025-12-05 00:00:00+00:00,4.837e-05,1.741e-05,
2025-12-05 08:00:00+00:00,4.944e-05,4.438e-05,
2025-12-05 16:00:00+00:00,3.91e-06,-8.68e-06,
2025-12-06 00:00:00+00:00,3.693e-05,-5.86e-06,
2025-12-06 08:00:00+00:00,1.919e-05,-3.31e-05,
2025-12-06 16:00:00+00:00,-1.822e-05,-4.707e-05,
2025-12-07 00:00:00+00:00,4.192e-05,-8.28e-06,
2025-12-07 08:00:00+00:00,1.666e-05,-1.167e-05,
2025-12-07 16:00:00+00:00,5.212e-05,2.284e-05,
2025-12-08 00:00:00+00:00,-5.39e-06,2.87e-05,
2025-12-08 08:00:00+00:00,6.545e-05,8.354e-05,
2025-12-08 16:00:00+00:00,3.395e-05,3.817e-05,
2025-12-09 00:00:00+00:00,8.52e-06,-1.767e-05,
2025-12-09 08:00:00+00:00,6.379e-05,1.299e-05,
2025-12-09 16:00:00+00:00,5.443e-05,1.324e-05,
2025-12-10 00:00:00+00:00,2.777e-05,3.203e-05,
2025-12-10 08:00:00+00:00,1.996e-05,1.545e-05,
2025-12-10 16:00:00+00:00,3.205e-05,1.461e-05,
2025-12-11 00:00:00+00:00,2.59e-05,3.674e-05,
2025-12-11 08:00:00+00:00,-1.577e-05,-2.557e-05,
2025-12-11 16:00:00+00:00,6.1e-05,3.62e-05,
2025-12-12 00:00:00+00:00,6.914e-05,8.389e-05,
2025-12-12 08:00:00+00:00,4.698e-05,9.806e-05,
2025-12-12 16:00:00+00:00,3.383e-05,2.758e-05,
2025-12-13 00:00:00+00:00,1.21e-06,-3.41e-06,
2025-12-13 08:00:00+00:00,6.02e-05,-2.63e-06,
2025-12-13 16:00:00+00:00,6.041e-05,3.709e-05,
2025-12-14 00:00:00+00:00,0.0001,3.698e-05,
2025-12-14 08:00:00+00:00,2.898e-05,1.145e-05,
2025-12-14 16:00:00+00:00,3.773e-05,-7.81e-06,
2025-12-15 00:00:00+00:00,1.9e-06,4.88e-06,
2025-12-15 08:00:00+00:00,-8.93e-06,2.867e-05,
2025-12-15 16:00:00+00:00,3.081e-05,3.887e-05,
2025-12-16 00:00:00+00:00,7.467e-05,7.57e-06,
2025-12-16 08:00:00+00:00,1.35e-05,-1.351e-05,
2025-12-16 16:00:00+00:00,4.089e-05,5.556e-05,
2025-12-17 00:00:00+00:00,6.221e-05,4.598e-05,
2025-12-17 08:00:00+00:00,8.987e-05,1.137e-05,
2025-12-17 16:00:00+00:00,5.917e-05,8.443e-05,
2025-12-18 00:00:00+00:00,6.23e-05,1.63e-06,
2025-12-18 08:00:00+00:00,-8.67e-06,7.539e-05,
2025-12-18 16:00:00+00:00,8.355e-05,0.0001,
2025-12-19 00:00:00+00:00,5.491e-05,-6.76e-06,
2025-12-19 08:00:00+00:00,0.0001,1.709e-05,
2025-12-19 16:00:00+00:00,0.0001,7.296e-05,
2025-12-20 00:00:00+00:00,0.0001,3.18e-05,
2025-12-20 08:00:00+00:00,1.234e-05,-7.1e-06,
2025-12-20 16:00:00+00:00,7.171e-05,-3.557e-05,
2025-12-21 00:00:00+00:00,9.682e-05,1.724e-05,
2025-12-21 08:00:00+00:00,8.873e-05,-5.37e-06,
2025-12-21 16:00:00+00:00,3.977e-05,-1.499e-05,
2025-12-22 00:00:00+00:00,4.389e-05,5.372e-05,
2025-12-22 08:00:00+00:00,4.524e-05,5.485e-05,
2025-12-22 16:00:00+00:00,6.654e-05,6.76e-05,
2025-12-23 00:00:00+00:00,2.633e-05,-2.911e-05,
2025-12-23 08:00:00+00:00,5.231e-05,-1.673e-05,
2025-12-23 16:00:00+00:00,1.795e-05,1.491e-05,
2025-12-24 00:00:00+00:00,0.0001,2.786e-05,
2025-12-24 08:00:00+00:00,8.455e-05,-2.072e-05,
2025-12-24 16:00:00+00:00,5.927e-05,4.572e-05,
2025-12-25 00:00:00+00:00,5.953e-05,9.492e-05,
2025-12-25 08:00:00+00:00,7.953e-05,7.46e-05,
2025-12-25 16:00:00+00:00,8.322e-05,5.249e-05,
2025-12-26 00:00:00+00:00,4.378e-05,3.744e-05,
2025-12-26 08:00:00+00:00,5.427e-05,0.0001,
2025-12-26 16:00:00+00:00,0.0001,0.0001,
2025-12-27 00:00:00+00:00,1.809e-05,3.048e-05,
2025-12-27 08:00:00+00:00,2.788e-05,2.438e-05,
2025-12-27 16:00:00+00:00,5.85e-05,6.103e-05,
2025-12-28 00:00:00+00:00,-3.6e-07,5.786e-05,
2025-12-28 08:00:00+00:00,7.955e-05,0.0001,
2025-12-28 16:00:00+00:00,9.464e-05,9.813e-05,
2025-12-29 00:00:00+00:00,0.0001,3.373e-05,
2025-12-29 08:00:00+00:00,0.0001,0.0001,
2025-12-29 16:00:00+00:00,4.826e-05,-2.482e-05,
2025-12-30 00:00:00+00:00,0.0001,5.475e-05,
2025-12-30 08:00:00+00:00,4.613e-05,-3.667e-05,
2025-12-30 16:00:00+00:00,8.345e-05,6.054e-05,
2025-12-31 00:00:00+00:00,2.922e-05,3.257e-05,
2025-12-31 08:00:00+00:00,1.453e-05,9.464e-05,
2025-12-31 16:00:00+00:00,3.75e-05,0.0001,
2026-01-01 00:00:00+00:00,0.0001,3.574e-05,
2026-01-01 08:00:00+00:00,0.0001,8.507e-05,
2026-01-01 16:00:00+00:00,1.711e-05,9.47e-06,
2026-01-02 00:00:00+00:00,5.608e-05,0.0001,
2026-01-02 08:00:00+00:00,4.219e-05,0.0001,
2026-01-02 16:00:00+00:00,4.813e-05,5.313e-05,
2026-01-03 00:00:00+00:00,3.11e-05,-2.524e-05,
2026-01-03 08:00:00+00:00,1.055e-05,2.096e-05,
2026-01-03 16:00:00+00:00,6.938e-05,5.118e-05,
2026-01-04 00:00:00+00:00,9.488e-05,0.0001,
2026-01-04 08:00:00+00:00,5.813e-05,6.052e-05,
2026-01-04 16:00:00+00:00,4.436e-05,-7.9e-07,
2026-01-05 00:00:00+00:00,8.893e-05,-1.535e-05,
2026-01-05 08:00:00+00:00,5.23e-05,5.121e-05,
2026-01-05 16:00:00+00:00,7.723e-05,4.996e-05,
2026-01-06 00:00:00+00:00,-1.376e-05,-4.661e-05,
2026-01-06 08:00:00+00:00,2.816e-05,-2.22e-05,
2026-01-06 16:00:00+00:00,2.691e-05,4.68e-05,
2026-01-07 00:00:00+00:00,6.582e-05,9.017e-05,
2026-01-07 08:00:00+00:00,0.0001,9.575e-05,
2026-01-07 16:00:00+00:00,2.885e-05,2.304e-05,
2026-01-08 00:00:00+00:00,8.693e-05,8.564e-05,
2026-01-08 08:00:00+00:00,0.0001,-1.38e-05,
2026-01-08 16:00:00+00:00,6.436e-05,5.29e-05,
2026-01-09 00:00:00+00:00,-2.813e-05,2.24e-06,
2026-01-09 08:00:00+00:00,7.258e-05,5.446e-05,
2026-01-09 16:00:00+00:00,2.18e-06,1.388e-05,
2026-01-10 00:00:00+00:00,5.643e-05,5.876e-05,
2026-01-10 08:00:00+00:00,7.657e-05,0.0001,
2026-01-10 16:00:00+00:00,6.235e-05,8.103e-05,
2026-01-11 00:00:00+00:00,8.744e-05,4.147e-05,
2026-01-11 08:00:00+00:00,4.67e-05,9.574e-05,
2026-01-11 16:00:00+00:00,1.667e-05,4.794e-05,
2026-01-12 00:00:00+00:00,1.813e-05,3.946e-05,
2026-01-12 08:00:00+00:00,2.902e-05,2.655e-05,
2026-01-12 16:00:00+00:00,4.65e-05,5.58e-06,
2026-01-13 00:00:00+00:00,2.245e-05,2.203e-05,
2026-01-13 08:00:00+00:00,9.838e-05,0.0001,
2026-01-13 16:00:00+00:00,3.445e-05,8.533e-05,
2026-01-14 00:00:00+00:00,1.29e-06,7.769e-05,
2026-01-14 08:00:00+00:00,2.497e-05,0.0001,
2026-01-14 16:00:00+00:00,4.076e-05,0.0001,
2026-01-15 00:00:00+00:00,-3.67e-06,-7.68e-06,
2026-01-15 08:00:00+00:00,1.749e-05,1.93e-06,
2026-01-15 16:00:00+00:00,1.526e-05,-4.41e-06,
2026-01-16 00:00:00+00:00,7.34e-05,-3.671e-05,
2026-01-16 08:00:00+00:00,7.337e-05,5.038e-05,
2026-01-16 16:00:00+00:00,2.495e-05,3.96e-06,
2026-01-17 00:00:00+00:00,-1.78e-06,6.897e-05,
2026-01-17 08:00:00+00:00,3.007e-05,1.796e-05,
2026-01-17 16:00:00+00:00,2.976e-05,4.64e-06,
2026-01-18 00:00:00+00:00,3.503e-05,4.95e-06,
2026-01-18 08:00:00+00:00,9.616e-05,4.877e-05,
2026-01-18 16:00:00+00:00,6.571e-05,1.662e-05,
2026-01-19 00:00:00+00:00,3.473e-05,-1.073e-05,
2026-01-19 08:00:00+00:00,1.943e-05,-2.772e-05,
2026-01-19 16:00:00+00:00,2.494e-05,2.1e-05,
2026-01-20 00:00:00+00:00,9.819e-05,3.081e-05,
2026-01-20 08:00:00+00:00,6.626e-05,-1.587e-05,
2026-01-20 16:00:00+00:00,5.652e-05,-1.241e-05,
2026-01-21 00:00:00+00:00,0.0001,3.191e-05,
2026-01-21 08:00:00+00:00,6.055e-05,3.3e-06,
2026-01-21 16:00:00+00:00,2.41e-05,4.007e-05,
2026-01-22 00:00:00+00:00,6.355e-05,5.715e-05,
2026-01-22 08:00:00+00:00,5.11e-05,3.047e-05,
2026-01-22 16:00:00+00:00,9.419e-05,4.6e-07,
2026-01-23 00:00:00+00:00,5.09e-05,4.883e-05,
2026-01-23 08:00:00+00:00,3.39e-05,2.626e-05,
2026-01-23 16:00:00+00:00,6.968e-05,-3.242e-05,
2026-01-24 00:00:00+00:00,1.531e-05,-9.22e-06,
2026-01-24 08:00:00+00:00,8.909e-05,-2.571e-05,
2026-01-24 16:00:00+00:00,3.901e-05,-2.308e-05,
2026-01-25 00:00:00+00:00,1.336e-05,-2.888e-05,
2026-01-25 08:00:00+00:00,8.051e-05,4.576e-05,
2026-01-25 16:00:00+00:00,4.917e-05,3.977e-05,
2026-01-26 00:00:00+00:00,4.067e-05,-2.42e-06,
2026-01-26 08:00:00+00:00,2.847e-05,4.497e-05,
2026-01-26 16:00:00+00:00,5.606e-05,3.7e-05,
2026-01-27 00:00:00+00:00,4.267e-05,3.771e-05,
2026-01-27 08:00:00+00:00,6.028e-05,1.233e-05,
2026-01-27 16:00:00+00:00,7.503e-05,-3.249e-05,
2026-01-28 00:00:00+00:00,6.237e-05,5.878e-05,
2026-01-28 08:00:00+00:00,6.174e-05,7.136e-05,
2026-01-28 16:00:00+00:00,3.83e-05,4.604e-05,
2026-01-29 00:00:00+00:00,7.21e-05,2.277e-05,
2026-01-29 08:00:00+00:00,5.856e-05,1.655e-05,
2026-01-29 16:00:00+00:00,4.023e-05,-6.85e-06,
2026-01-30 00:00:00+00:00,4.478e-05,-1.576e-05,
2026-01-30 08:00:00+00:00,1.714e-05,-6.865e-05,
2026-01-30 16:00:00+00:00,3.1e-06,-4.013e-05,
2026-01-31 00:00:00+00:00,9.693e-05,9.175e-05,
2026-01-31 08:00:00+00:00,3.548e-05,4.577e-05,
2026-01-31 16:00:00+00:00,6.585e-05,2.269e-05,
2026-02-01 00:00:00+00:00,-3.267e-05,8.18e-06,
2026-02-01 08:00:00+00:00,3.421e-05,-1.777e-05,
2026-02-01 16:00:00+00:00,1.722e-05,1.922e-05,
2026-02-02 00:00:00+00:00,6.8e-07,5.086e-05,
2026-02-02 08:00:00+00:00,-3.043e-05,3.33e-06,
2026-02-02 16:00:00+00:00,-5.713e-05,-2.239e-05,
2026-02-03 00:00:00+00:00,-2.203e-05,-2.664e-05,
2026-02-03 08:00:00+00:00,2.245e-05,2.969e-05,
2026-02-03 16:00:00+00:00,-4.65e-06,-4.127e-05,
2026-02-04 00:00:00+00:00,1.19e-06,2.78e-06,
2026-02-04 08:00:00+00:00,3.551e-05,9.059e-05,
2026-02-04 16:00:00+00:00,4.618e-05,4.301e-05,
2026-02-05 00:00:00+00:00,9.173e-05,4.71e-05,
2026-02-05 08:00:00+00:00,2.98e-06,2.503e-05,
2026-02-05 16:00:00+00:00,-4.957e-05,2.066e-05,
2026-02-06 00:00:00+00:00,-1.597e-05,8.72e-06,
2026-02-06 08:00:00+00:00,-0.00013688,-7.84e-06,
2026-02-06 16:00:00+00:00,-0.00013478,-9.333e-05,
2026-02-07 00:00:00+00:00,-0.00015178,-6.377e-05,
2026-02-07 08:00:00+00:00,-8.326e-05,1.339e-05,
2026-02-07 16:00:00+00:00,-2.907e-05,2.463e-05,
2026-02-08 00:00:00+00:00,-3.403e-05,6.51e-06,
2026-02-08 08:00:00+00:00,-3.546e-05,-4.565e-05,
2026-02-08 16:00:00+00:00,-4.864e-05,-9.66e-06,
2026-02-09 00:00:00+00:00,-3.075e-05,1.522e-05,
2026-02-09 08:00:00+00:00,1.846e-05,-1.797e-05,
2026-02-09 16:00:00+00:00,-4.284e-05,-3.862e-05,
2026-02-10 00:00:00+00:00,-8.798e-05,6.1e-05,
2026-02-10 08:00:00+00:00,-4.829e-05,-4.32e-05,
2026-02-10 16:00:00+00:00,-8.816e-05,-5.877e-05,
2026-02-11 00:00:00+00:00,1.4e-05,-2.347e-05,
2026-02-11 08:00:00+00:00,-8.417e-05,-6.234e-05,
2026-02-11 16:00:00+00:00,-1.169e-05,-8.41e-06,
2026-02-12 00:00:00+00:00,-1.381e-05,9.04e-06,
2026-02-12 08:00:00+00:00,3.499e-05,7.205e-05,
2026-02-12 16:00:00+00:00,-1.728e-05,0.0001,
2026-02-13 00:00:00+00:00,5.834e-05,1.48e-06,
2026-02-13 08:00:00+00:00,7.16e-06,3.691e-05,
2026-02-13 16:00:00+00:00,-1.274e-05,3.088e-05,
2026-02-14 00:00:00+00:00,1.291e-05,-1.529e-05,
2026-02-14 08:00:00+00:00,3.174e-05,-1.51e-05,
2026-02-14 16:00:00+00:00,-3.094e-05,8.737e-05,
2026-02-15 00:00:00+00:00,-1.068e-05,6.207e-05,
2026-02-15 08:00:00+00:00,4.664e-05,3.283e-05,
2026-02-15 16:00:00+00:00,-2.371e-05,2.12e-05,
2026-02-16 00:00:00+00:00,2.659e-05,7.436e-05,
2026-02-16 08:00:00+00:00,-3.277e-05,3.523e-05,
2026-02-16 16:00:00+00:00,-4.112e-05,-2.246e-05,
2026-02-17 00:00:00+00:00,5.883e-05,3.206e-05,
2026-02-17 08:00:00+00:00,2.672e-05,1.909e-05,
2026-02-17 16:00:00+00:00,5.077e-05,-1.232e-05,
2026-02-18 00:00:00+00:00,3.215e-05,1.873e-05,
2026-02-18 08:00:00+00:00,-1.41e-06,-1.7e-06,
2026-02-18 16:00:00+00:00,3.604e-05,4.04e-06,
2026-02-19 00:00:00+00:00,-4.014e-05,-1.595e-05,
2026-02-19 08:00:00+00:00,2.686e-05,5.2e-05,
2026-02-19 16:00:00+00:00,-3.052e-05,9.29e-06,
2026-02-20 00:00:00+00:00,5.365e-05,0.0001,
2026-02-20 08:00:00+00:00,1.302e-05,0.0001,
2026-02-20 16:00:00+00:00,-6.71e-06,7.455e-05,
2026-02-21 00:00:00+00:00,4.456e-05,0.0001,
2026-02-21 08:00:00+00:00,2.485e-05,9.803e-05,
2026-02-21 16:00:00+00:00,3.235e-05,8.445e-05,
2026-02-22 00:00:00+00:00,7.3e-06,1.996e-05,
2026-02-22 08:00:00+00:00,4.2e-07,-2.637e-05,
2026-02-22 16:00:00+00:00,4.972e-05,-7.55e-06,
2026-02-23 00:00:00+00:00,6.946e-05,-2.32e-06,
2026-02-23 08:00:00+00:00,-9.317e-05,-6.028e-05,
2026-02-23 16:00:00+00:00,2.251e-05,1.294e-05,
2026-02-24 00:00:00+00:00,5.706e-05,-4.456e-05,
2026-02-24 08:00:00+00:00,-1.193e-05,-8.39e-05,
2026-02-24 16:00:00+00:00,-1.82e-06,2.037e-05,
2026-02-25 00:00:00+00:00,2.375e-05,1.405e-05,
2026-02-25 08:00:00+00:00,3.3e-07,0.0001,
2026-02-25 16:00:00+00:00,-9.68e-06,5.544e-05,
2026-02-26 00:00:00+00:00,-1.998e-05,3.563e-05,
2026-02-26 08:00:00+00:00,-1.128e-05,0.0001,
2026-02-26 16:00:00+00:00,4.007e-05,4.048e-05,
2026-02-27 00:00:00+00:00,-9.91e-06,3.949e-05,
2026-02-27 08:00:00+00:00,-8.123e-05,-6.7e-06,
2026-02-27 16:00:00+00:00,-6.56e-06,-1.23e-06,
2026-02-28 00:00:00+00:00,4.041e-05,-1.3e-05,
2026-02-28 08:00:00+00:00,-3.727e-05,-4.555e-05,
2026-02-28 16:00:00+00:00,-4.305e-05,-2.304e-05,
2026-03-01 00:00:00+00:00,-6.88e-06,2.72e-05,
2026-03-01 08:00:00+00:00,4.563e-05,9.248e-05,
2026-03-01 16:00:00+00:00,2.948e-05,6.513e-05,
2026-03-02 00:00:00+00:00,-2.99e-06,1.312e-05,
2026-03-02 08:00:00+00:00,-1.956e-05,3.004e-05,
2026-03-02 16:00:00+00:00,-1.083e-05,2.662e-05,
2026-03-03 00:00:00+00:00,-1.86e-06,1.835e-05,
2026-03-03 08:00:00+00:00,1.437e-05,1.216e-05,
2026-03-03 16:00:00+00:00,1.481e-05,7.04e-06,
2026-03-04 00:00:00+00:00,-5.39e-05,2.232e-05,
2026-03-04 08:00:00+00:00,2.52e-05,-5.33e-06,
2026-03-04 16:00:00+00:00,4.683e-05,3.549e-05,
2026-03-05 00:00:00+00:00,3.567e-05,-5.395e-05,
2026-03-05 08:00:00+00:00,4.965e-05,-4.077e-05,
2026-03-05 16:00:00+00:00,1.74e-06,-4.675e-05,
2026-03-06 00:00:00+00:00,1.689e-05,-6.5e-06,
2026-03-06 08:00:00+00:00,-3.061e-05,1.7e-06,
2026-03-06 16:00:00+00:00,-2.176e-05,-3.68e-06,
2026-03-07 00:00:00+00:00,6.19e-06,-5.886e-05,
2026-03-07 08:00:00+00:00,3.525e-05,-2.954e-05,
2026-03-07 16:00:00+00:00,-4.217e-05,-1.84e-05,
2026-03-08 00:00:00+00:00,-4.496e-05,-3.754e-05,
2026-03-08 08:00:00+00:00,-1.115e-05,-4.305e-05,
2026-03-08 16:00:00+00:00,-2.868e-05,-3.147e-05,
2026-03-09 00:00:00+00:00,-5.77e-05,-3.904e-05,
2026-03-09 08:00:00+00:00,-4.579e-05,-2.969e-05,
2026-03-09 16:00:00+00:00,-3.431e-05,-4.027e-05,
2026-03-10 00:00:00+00:00,-2.394e-05,-6.036e-05,
2026-03-10 08:00:00+00:00,1.23e-05,5.053e-05,
2026-03-10 16:00:00+00:00,1.738e-05,3.653e-05,
2026-03-11 00:00:00+00:00,-0.00011052,-0.00010651,
2026-03-11 08:00:00+00:00,-5.252e-05,-4.524e-05,
2026-03-11 16:00:00+00:00,-5.824e-05,-3.643e-05,
2026-03-12 00:00:00+00:00,-7.802e-05,-6.084e-05,
2026-03-12 08:00:00+00:00,-5.392e-05,-5.94e-05,
2026-03-12 16:00:00+00:00,-7.381e-05,-3.673e-05,
2026-03-13 00:00:00+00:00,-2.789e-05,-4.285e-05,
2026-03-13 08:00:00+00:00,4.263e-05,5.018e-05,
2026-03-13 16:00:00+00:00,-6.38e-06,8.1e-07,
2026-03-14 00:00:00+00:00,-3.79e-06,-6.159e-05,
2026-03-14 08:00:00+00:00,-3.988e-05,-3.443e-05,
2026-03-14 16:00:00+00:00,-4.851e-05,-8.727e-05,
2026-03-15 00:00:00+00:00,-1.883e-05,-5.834e-05,
2026-03-15 08:00:00+00:00,-6.461e-05,4.94e-06,
2026-03-15 16:00:00+00:00,2.659e-05,3.891e-05,
2026-03-16 00:00:00+00:00,2.513e-05,-1.303e-05,
2026-03-16 08:00:00+00:00,7.139e-05,6.555e-05,7.8885664794e-05
2026-03-16 16:00:00+00:00,2.015e-05,-9.1e-07,-1.648756255e-07
2026-03-17 00:00:00+00:00,2.41e-06,9.33e-05,5.00328523885e-05
2026-03-17 08:00:00+00:00,-2.505e-05,4.348e-05,4.16486037836e-05
2026-03-17 16:00:00+00:00,-1.26e-05,-3.818e-05,3.9450946648e-06
2026-03-18 00:00:00+00:00,-6.569e-05,4.29e-06,-2.45336260436e-05
2026-03-18 08:00:00+00:00,-4.813e-05,1.092e-05,3.36895262029e-05
2026-03-18 16:00:00+00:00,2.418e-05,-3.817e-05,1.23692285928e-05
2026-03-19 00:00:00+00:00,-9.74e-06,1.783e-05,-2.7648992258e-05
2026-03-19 08:00:00+00:00,-3.012e-05,1.935e-05,1.60589892444e-05
2026-03-19 16:00:00+00:00,1.205e-05,2.36e-06,5.49617269995e-05
2026-03-20 00:00:00+00:00,6.25e-06,5.293e-05,-3.6905678952e-05
2026-03-20 08:00:00+00:00,7.53e-06,4.069e-05,2.2698433752e-06
2026-03-20 16:00:00+00:00,-2.23e-06,1.439e-05,6.68030328443e-05
2026-03-21 00:00:00+00:00,-1.493e-05,5.021e-05,6.7856864602e-06
2026-03-21 08:00:00+00:00,-7.38e-06,3.867e-05,-2.47462758734e-05
2026-03-21 16:00:00+00:00,1.093e-05,-2.305e-05,-5.2769333675e-06
2026-03-22 00:00:00+00:00,8.06e-06,-9.613e-05,1.64339575202e-05
2026-03-22 08:00:00+00:00,-4.425e-05,-6.035e-05,-5.15599694098e-05
2026-03-22 16:00:00+00:00,-6.837e-05,-1.448e-05,-7.14489917954e-05
2026-03-23 00:00:00+00:00,-2.079e-05,-3.128e-05,-4.05035515868e-05
2026-03-23 08:00:00+00:00,-2.863e-05,9.98e-06,-8.2662703162e-06
2026-03-23 16:00:00+00:00,1.6e-06,5.61e-05,1.70797364529e-05
2026-03-24 00:00:00+00:00,4.229e-05,3.782e-05,-3.5453151373e-06
2026-03-24 08:00:00+00:00,3.675e-05,1.995e-05,8.09354252358e-05
2026-03-24 16:00:00+00:00,3.056e-05,5.202e-05,5.86921208147e-05
2026-03-25 00:00:00+00:00,2.31e-05,5.529e-05,1.76070262256e-05
2026-03-25 08:00:00+00:00,1.074e-05,0.0001,3.12259263346e-05
2026-03-25 16:00:00+00:00,4.721e-05,-5.1e-07,2.59915621775e-05
2026-03-26 00:00:00+00:00,2.448e-05,8.72e-06,7.63095564466e-05
2026-03-26 08:00:00+00:00,1.379e-05,-6.81e-06,0.0001
2026-03-26 16:00:00+00:00,-2.103e-05,7.21e-06,3.36134989715e-05
2026-03-27 00:00:00+00:00,2.925e-05,6.279e-05,7.57377571938e-05
2026-03-27 08:00:00+00:00,-6.298e-05,1.085e-05,6.64216597265e-05
2026-03-27 16:00:00+00:00,-5.841e-05,-4.22e-05,-4.3944230417e-05
2026-03-28 00:00:00+00:00,-8.088e-05,6.645e-05,-3.01444125971e-05
2026-03-28 08:00:00+00:00,-7.604e-05,-1.938e-05,1.08919631806e-05
2026-03-28 16:00:00+00:00,-1.73e-06,-3.452e-05,7.0108210259e-06
2026-03-29 00:00:00+00:00,-3.68e-05,-1.612e-05,8.0041340323e-06
2026-03-29 08:00:00+00:00,-1.2e-07,-2.567e-05,-5.35964612843e-05
2026-03-29 16:00:00+00:00,2.677e-05,1.795e-05,3.57270982646e-05
2026-03-30 00:00:00+00:00,3e-06,1.496e-05,2.92937196826e-05
2026-03-30 08:00:00+00:00,4.92e-06,-8.47e-06,6.22041878665e-05
2026-03-30 16:00:00+00:00,7.58e-06,-6.93e-06,2.0762196202e-05
2026-03-31 00:00:00+00:00,1.16e-06,-4.15e-05,1.91571494699e-05
2026-03-31 08:00:00+00:00,-1.921e-05,3.004e-05,0.0001
2026-03-31 16:00:00+00:00,-2.763e-05,2.679e-05,1.51375879817e-05
2026-04-01 00:00:00+00:00,-3.449e-05,1.245e-05,3.48803230529e-05
2026-04-01 08:00:00+00:00,-4.61e-06,8.087e-05,5.24268041689e-05
2026-04-01 16:00:00+00:00,5.77e-06,2.341e-05,6.68365785286e-05
2026-04-02 00:00:00+00:00,3.521e-05,-5.38e-06,2.17940143106e-05
2026-04-02 08:00:00+00:00,8.45e-06,-5.339e-05,-2.60123913411e-05
2026-04-02 16:00:00+00:00,-7.398e-05,-5.711e-05,-5.01320273047e-05
2026-04-03 00:00:00+00:00,-8.31e-06,2.082e-05,7.4845120418e-06
2026-04-03 08:00:00+00:00,-5.99e-06,-2.173e-05,1.90281918057e-05
2026-04-03 16:00:00+00:00,3.51e-06,1.606e-05,3.80139757857e-05
2026-04-04 00:00:00+00:00,3.761e-05,4.64e-05,1.91412379853e-05
2026-04-04 08:00:00+00:00,4.115e-05,3.085e-05,3.3980082706e-06
2026-04-04 16:00:00+00:00,1.651e-05,1.429e-05,-1.1320966547e-06
2026-04-05 00:00:00+00:00,2.407e-05,2.88e-06,-9.2438007197e-06
2026-04-05 08:00:00+00:00,3.812e-05,-3.078e-05,1.87158112044e-05
2026-04-05 16:00:00+00:00,1.889e-05,1.708e-05,2.10979251291e-05
2026-04-06 00:00:00+00:00,7.073e-05,4.917e-05,7.09300578928e-05
2026-04-06 08:00:00+00:00,5.544e-05,6.702e-05,6.24348100084e-05
2026-04-06 16:00:00+00:00,4.23e-06,-1.085e-05,6.87874653249e-05
2026-04-07 00:00:00+00:00,-3.15e-06,-6.556e-05,-3.25038879303e-05
2026-04-07 08:00:00+00:00,3.703e-05,-2.482e-05,3.91224579442e-05
2026-04-07 16:00:00+00:00,7.393e-05,3.37e-06,5.33162602047e-05
2026-04-08 00:00:00+00:00,6.02e-05,8.173e-05,7.88734342289e-05
2026-04-08 08:00:00+00:00,1.563e-05,7.604e-05,0.0001
2026-04-08 16:00:00+00:00,4.048e-05,3.729e-05,0.0001
2026-04-09 00:00:00+00:00,-1.47e-06,1.289e-05,4.31589561822e-05
2026-04-09 08:00:00+00:00,5.239e-05,2.268e-05,4.67784476811e-05
2026-04-09 16:00:00+00:00,-1.986e-05,6.094e-05,0.0001
2026-04-10 00:00:00+00:00,4.11e-06,8.631e-05,2.71916702567e-05
2026-04-10 08:00:00+00:00,2.458e-05,0.0001,6.12589001435e-05
2026-04-10 16:00:00+00:00,-2.187e-05,5.532e-05,-2.61465843046e-05
2026-04-11 00:00:00+00:00,-7.225e-05,-1.994e-05,-9.499073562e-07
2026-04-11 08:00:00+00:00,-6.083e-05,-3.168e-05,4.67297830294e-05
2026-04-11 16:00:00+00:00,-6.755e-05,3.19e-06,5.53208680148e-05
2026-04-12 00:00:00+00:00,-8.108e-05,3.126e-05,5.43867076809e-05
2026-04-12 08:00:00+00:00,-3.69e-05,-1.32e-05,-3.93759385751e-05
2026-04-12 16:00:00+00:00,-3.35e-06,1.26e-06,7.34161268999e-05
2026-04-13 00:00:00+00:00,-2.34e-06,-3.174e-05,3.65276623483e-05
2026-04-13 08:00:00+00:00,-1.83e-06,2.357e-05,7.45735407553e-05
2026-04-13 16:00:00+00:00,-5.409e-05,-5.728e-05,-4.09165288315e-05
2026-04-14 00:00:00+00:00,-5.854e-05,-2.325e-05,6.53638562014e-05
2026-04-14 08:00:00+00:00,2.732e-05,7.874e-05,8.43247781537e-05
2026-04-14 16:00:00+00:00,-5.234e-05,-5.4e-07,-4.25181840774e-05
2026-04-15 00:00:00+00:00,-9.313e-05,-0.00016192,-0.0001094883251061
2026-04-15 08:00:00+00:00,-5.085e-05,-7.656e-05,-1.49855594031e-05
2026-04-15 16:00:00+00:00,-7.151e-05,-7.156e-05,-5.71022621168e-05
2026-04-16 00:00:00+00:00,-3.418e-05,-1.653e-05,-5.11257282684e-05
2026-04-16 08:00:00+00:00,-2.841e-05,-3.46e-05,-3.15058973773e-05
2026-04-16 16:00:00+00:00,-2.225e-05,-8.038e-05,-1.3061247762e-05
2026-04-17 00:00:00+00:00,3.297e-05,1.867e-05,9.0974170654e-06
2026-04-17 08:00:00+00:00,2.781e-05,-1.646e-05,-4.2082641739e-06
2026-04-17 16:00:00+00:00,-0.00010789,-1.54e-06,-8.69934861105e-05
2026-04-18 00:00:00+00:00,-8.098e-05,-8.918e-05,7.3572911425e-06
2026-04-18 08:00:00+00:00,-7.082e-05,-7.785e-05,-6.8674141482e-06
2026-04-18 16:00:00+00:00,-4.586e-05,-9.15e-05,-1.17053776205e-05
2026-04-19 00:00:00+00:00,-8.395e-05,-2.841e-05,-7.14846856104e-05
2026-04-19 08:00:00+00:00,-7.219e-05,-1.889e-05,-1.00773355932e-05
2026-04-19 16:00:00+00:00,-0.00012276,5.26e-06,-5.7104566861e-05
2026-04-20 00:00:00+00:00,-4.615e-05,-1.423e-05,1.14536200264e-05
2026-04-20 08:00:00+00:00,-4.778e-05,-1.42e-05,4.03213557316e-05
2026-04-20 16:00:00+00:00,-2.745e-05,-6.7e-07,-4.08986196174e-05
2026-04-21 00:00:00+00:00,-7.937e-05,-8.607e-05,-4.12862011945e-05
2026-04-21 08:00:00+00:00,-5.824e-05,-6.603e-05,3.52378802456e-05
2026-04-21 16:00:00+00:00,-4.242e-05,-3.805e-05,1.0889705699e-05
2026-04-22 00:00:00+00:00,-2.237e-05,1.119e-05,-1.83064589195e-05
2026-04-22 08:00:00+00:00,3.56e-05,2.767e-05,2.56388069934e-05
2026-04-22 16:00:00+00:00,-7.49e-06,-5.123e-05,-3.34068078345e-05
2026-04-23 00:00:00+00:00,-7.87e-05,-6.104e-05,-4.08133686615e-05
2026-04-23 08:00:00+00:00,-3.553e-05,-5.324e-05,-8.00159588428e-05
2026-04-23 16:00:00+00:00,-6.696e-05,2.2e-07,-2.77255814208e-05
2026-04-24 00:00:00+00:00,-3.829e-05,-3.354e-05,-4.75768414734e-05
2026-04-24 08:00:00+00:00,-7.865e-05,2.763e-05,-4.9164856571e-06
2026-04-24 16:00:00+00:00,-3.152e-05,-4.07e-05,-1.87689866551e-05
2026-04-25 00:00:00+00:00,-1.077e-05,-5.45e-06,-1.83864133702e-05
2026-04-25 08:00:00+00:00,-6.235e-05,-2.79e-06,-3.82878019307e-05
2026-04-25 16:00:00+00:00,-5.699e-05,-3.09e-05,-6.14399950985e-05
2026-04-26 00:00:00+00:00,2.41e-06,1.835e-05,1.24680904313e-05
2026-04-26 08:00:00+00:00,1.53e-06,2.842e-05,4.58259885384e-05
2026-04-26 16:00:00+00:00,1.95e-06,8.89e-06,-4.4625313279e-06
2026-04-27 00:00:00+00:00,2.49e-06,4.45e-06,-3.94161045277e-05
2026-04-27 08:00:00+00:00,-8.659e-05,2.977e-05,-6.29907601197e-05
2026-04-27 16:00:00+00:00,-5.678e-05,-1.593e-05,-5.29784340521e-05
2026-04-28 00:00:00+00:00,-3.951e-05,1.46e-05,-9.95378713288e-05
2026-04-28 08:00:00+00:00,-3.204e-05,-7.225e-05,-8.46945606982e-05
2026-04-28 16:00:00+00:00,5.242e-05,-8.35e-06,4.30025983087e-05
2026-04-29 00:00:00+00:00,1.305e-05,-1.99e-06,3.84770050159e-05
2026-04-29 08:00:00+00:00,-2.84e-05,-5.559e-05,-4.28255342382e-05
2026-04-29 16:00:00+00:00,3.571e-05,-5.871e-05,1.81048476583e-05
2026-04-30 00:00:00+00:00,-4.22e-05,-3.31e-06,-1.23350143559e-05
2026-04-30 08:00:00+00:00,-1.837e-05,-2.85e-05,-5.436910025e-06
2026-04-30 16:00:00+00:00,-2.904e-05,-4.675e-05,-6.00960022696e-05
2026-05-01 00:00:00+00:00,-3.746e-05,-5.18e-05,-2.59477550239e-05
2026-05-01 08:00:00+00:00,-1.81e-05,-2.354e-05,-9.210843292e-07
2026-05-01 16:00:00+00:00,-3.143e-05,-2.639e-05,-3.24683936345e-05
2026-05-02 00:00:00+00:00,-8.22e-06,-7.815e-05,-2.96713622132e-05
2026-05-02 08:00:00+00:00,-5.103e-05,-4.432e-05,7.65314976e-07
2026-05-02 16:00:00+00:00,-2.54e-05,-3.682e-05,-6.4207282441e-06
2026-05-03 00:00:00+00:00,2.29e-05,2.292e-05,3.1232914232e-05
2026-05-03 08:00:00+00:00,-1.398e-05,-3.062e-05,-4.40210772168e-05
2026-05-03 16:00:00+00:00,7.03e-06,6.191e-05,2.48259660801e-05
2026-05-04 00:00:00+00:00,4.304e-05,6.88e-05,1.31643449698e-05
2026-05-04 08:00:00+00:00,-1.58e-06,3.395e-05,8.0446591039e-05
2026-05-04 16:00:00+00:00,-3.16e-05,-3.68e-05,-4.58047277264e-05
2026-05-05 00:00:00+00:00,-3.83e-06,-6.316e-05,-4.80020790019e-05
2026-05-05 08:00:00+00:00,-4.626e-05,1.73e-06,3.67601291506e-05
2026-05-05 16:00:00+00:00,-8.24e-05,-2.771e-05,-2.49329738473e-05
2026-05-06 00:00:00+00:00,-9.153e-05,-9.189e-05,7.131574874e-07
2026-05-06 08:00:00+00:00,-6.15e-05,-3.041e-05,-3.94546572329e-05
2026-05-06 16:00:00+00:00,-3.756e-05,2.016e-05,1.28483935393e-05
2026-05-07 00:00:00+00:00,-5.856e-05,-2.988e-05,-2.00730970558e-05
2026-05-07 08:00:00+00:00,-4.568e-05,9.17e-06,5.0983030498e-06
2026-05-07 16:00:00+00:00,-3.014e-05,4.301e-05,6.05485360377e-05
2026-05-08 00:00:00+00:00,-7.406e-05,4.014e-05,3.54460516195e-05
2026-05-08 08:00:00+00:00,2.415e-05,3.823e-05,3.489182255e-07
2026-05-08 16:00:00+00:00,-1.542e-05,2.934e-05,-6.2745502734e-06
2026-05-09 00:00:00+00:00,1.841e-05,2.557e-05,-4.9853222137e-06
2026-05-09 08:00:00+00:00,-3.792e-05,-1.618e-05,4.22967981051e-05
2026-05-09 16:00:00+00:00,3.645e-05,2.584e-05,-2.61407703311e-05
2026-05-10 00:00:00+00:00,9e-07,-3.074e-05,5.91990759781e-05
2026-05-10 08:00:00+00:00,4.626e-05,5.8e-06,3.53120541056e-05
2026-05-10 16:00:00+00:00,5.764e-05,3.436e-05,9.9003004207e-06
2026-05-11 00:00:00+00:00,5.798e-05,2.867e-05,2.50931472841e-05
2026-05-11 08:00:00+00:00,2.592e-05,5.033e-05,0.0001
2026-05-11 16:00:00+00:00,4.555e-05,1.899e-05,1.04419087999e-05
2026-05-12 00:00:00+00:00,-1.15e-06,1.583e-05,-5.63839236705e-05
2026-05-12 08:00:00+00:00,3.877e-05,-2.496e-05,2.63186836902e-05
2026-05-12 16:00:00+00:00,5.822e-05,1.992e-05,-6.3522672516e-05
2026-05-13 00:00:00+00:00,5.367e-05,-7.54e-06,-1.08837927404e-05
2026-05-13 08:00:00+00:00,5.437e-05,5.038e-05,4.43753742934e-05
2026-05-13 16:00:00+00:00,1.749e-05,-1.024e-05,8.669156372e-05
2026-05-14 00:00:00+00:00,3.928e-05,5.522e-05,6.62390119952e-05
2026-05-14 08:00:00+00:00,2.928e-05,2.389e-05,3.87292207018e-05
2026-05-14 16:00:00+00:00,4.094e-05,-7e-08,1.00278167472e-05
2026-05-15 00:00:00+00:00,-4.239e-05,-5.569e-05,3.56833691991e-05
2026-05-15 08:00:00+00:00,-1.893e-05,-1.847e-05,2.1478593278e-05
2026-05-15 16:00:00+00:00,1.548e-05,-1.843e-05,1.15656523982e-05
2026-05-16 00:00:00+00:00,3.938e-05,-4.507e-05,5.81911100179e-05
2026-05-16 08:00:00+00:00,-2.1e-06,-1.859e-05,8.54231884486e-05
2026-05-16 16:00:00+00:00,4.955e-05,2.209e-05,0.0001
2026-05-17 00:00:00+00:00,4.037e-05,4.075e-05,4.124226044e-05
2026-05-17 08:00:00+00:00,1.176e-05,1.199e-05,3.2084030747e-05
2026-05-17 16:00:00+00:00,4.8e-07,2.6e-07,-3.63449927545e-05
2026-05-18 00:00:00+00:00,-1.131e-05,-1.269e-05,-1.37406363163e-05
2026-05-18 08:00:00+00:00,5.778e-05,6.193e-05,6.60001578246e-05
2026-05-18 16:00:00+00:00,7.178e-05,5.491e-05,9.20522188935e-05
2026-05-19 00:00:00+00:00,5.164e-05,3.957e-05,8.6758144149e-05
2026-05-19 08:00:00+00:00,4.809e-05,4.736e-05,4.10900834455e-05
2026-05-19 16:00:00+00:00,5.563e-05,7.452e-05,0.0001
2026-05-20 00:00:00+00:00,3.254e-05,0.0001,6.8208650134e-05
2026-05-20 08:00:00+00:00,7.983e-05,9.058e-05,2.86372143688e-05
2026-05-20 16:00:00+00:00,6.858e-05,8.696e-05,6.95954753521e-05
2026-05-21 00:00:00+00:00,1.925e-05,2.703e-05,1.69303659234e-05
2026-05-21 08:00:00+00:00,4.003e-05,4.975e-05,2.13772759246e-05
2026-05-21 16:00:00+00:00,6.13e-05,4.854e-05,0.0001
2026-05-22 00:00:00+00:00,3.564e-05,6.411e-05,-1.64426833898e-05
2026-05-22 08:00:00+00:00,-8.2e-06,1.334e-05,2.32942747095e-05
2026-05-22 16:00:00+00:00,2.891e-05,7.855e-05,7.84947056895e-05
2026-05-23 00:00:00+00:00,1.783e-05,4.144e-05,2.28466439083e-05
2026-05-23 08:00:00+00:00,1.025e-05,-5.39e-06,3.8865087972e-05
2026-05-23 16:00:00+00:00,7.441e-05,7.53e-06,4.0288996575e-06
2026-05-24 00:00:00+00:00,9.044e-05,4.057e-05,6.46005503225e-05
2026-05-24 08:00:00+00:00,6.29e-05,8.428e-05,5.94269365717e-05
2026-05-24 16:00:00+00:00,6.265e-05,1.515e-05,4.37885346034e-05
2026-05-25 00:00:00+00:00,6.549e-05,1.907e-05,2.3288850922e-05
2026-05-25 08:00:00+00:00,3.527e-05,8.207e-05,-1.01054458323e-05
2026-05-25 16:00:00+00:00,1.426e-05,7.338e-05,5.9773379947e-06
2026-05-26 00:00:00+00:00,8.058e-05,4.014e-05,5.2431413321e-05
2026-05-26 08:00:00+00:00,3.852e-05,-8.67e-06,2.01047785825e-05
2026-05-26 16:00:00+00:00,5.776e-05,5.99e-06,6.24817032964e-05
2026-05-27 00:00:00+00:00,0.0001,1.507e-05,5.38321463723e-05
2026-05-27 08:00:00+00:00,8.948e-05,-9.095e-05,2.01365468022e-05
2026-05-27 16:00:00+00:00,9.914e-05,-5.58e-06,0.0001
2026-05-28 00:00:00+00:00,0.0001,3.609e-05,9.7347204197e-05
2026-05-28 08:00:00+00:00,5.011e-05,1.112e-05,9.01431920054e-05
2026-05-28 16:00:00+00:00,0.0001,8.955e-05,0.0001
2026-05-29 00:00:00+00:00,0.0001,0.0001,8.22613661661e-05
2026-05-29 08:00:00+00:00,5.391e-05,4.155e-05,6.90249741874e-05
2026-05-29 16:00:00+00:00,6.702e-05,2.605e-05,5.04528084404e-05
2026-05-30 00:00:00+00:00,3.464e-05,6.986e-05,2.76952137454e-05
2026-05-30 08:00:00+00:00,4.732e-05,2.284e-05,2.72922964657e-05
2026-05-30 16:00:00+00:00,6.214e-05,3.917e-05,1.3613413701e-05
2026-05-31 00:00:00+00:00,4.432e-05,7.356e-05,-2.6552209543e-06
2026-05-31 08:00:00+00:00,5.663e-05,5.136e-05,-1.4934683232e-06
2026-05-31 16:00:00+00:00,5.988e-05,6.798e-05,2.19344236021e-05
2026-06-01 00:00:00+00:00,5.703e-05,4.369e-05,4.66943658692e-05
2026-06-01 08:00:00+00:00,4.438e-05,-3.38e-06,2.36646806892e-05
2026-06-01 16:00:00+00:00,0.0001,7.23e-05,0.0001
2026-06-02 00:00:00+00:00,0.0001,0.0001,0.0001
2026-06-02 08:00:00+00:00,5.99e-05,0.0001,0.0001
2026-06-02 16:00:00+00:00,8.345e-05,9.202e-05,0.0001
2026-06-03 00:00:00+00:00,7.165e-05,6.68e-06,8.65678874748e-05
2026-06-03 08:00:00+00:00,5.229e-05,4.329e-05,2.78658186139e-05
2026-06-03 16:00:00+00:00,0.0001,8.14e-05,0.0001
2026-06-04 00:00:00+00:00,2.705e-05,-4.52e-06,9.87113820589e-05
2026-06-04 08:00:00+00:00,1.519e-05,3.034e-05,2.09870467977e-05
2026-06-04 16:00:00+00:00,-1.077e-05,-1.17e-06,1.5995235891e-06
2026-06-05 00:00:00+00:00,1.315e-05,-2.403e-05,3.66527172313e-05
2026-06-05 08:00:00+00:00,-1.431e-05,-3.588e-05,2.06005907985e-05
2026-06-05 16:00:00+00:00,-8.63e-06,-2.692e-05,-4.95880636278e-05
2026-06-06 00:00:00+00:00,-1.234e-05,2.774e-05,-2.51353994586e-05
2026-06-06 08:00:00+00:00,2.675e-05,3.805e-05,-3.37977745229e-05
2026-06-06 16:00:00+00:00,-5.11e-06,-4.06e-06,5.2962402562e-06
2026-06-07 00:00:00+00:00,-2.828e-05,-4.138e-05,-1.2707252249e-05
2026-06-07 08:00:00+00:00,4.07e-06,-1.916e-05,-7.81048412537e-05
2026-06-07 16:00:00+00:00,2.742e-05,1.038e-05,2.90588944828e-05
2026-06-08 00:00:00+00:00,3.533e-05,8.39e-06,5.51876461949e-05
2026-06-08 08:00:00+00:00,3.454e-05,2.491e-05,4.24550662021e-05
2026-06-08 16:00:00+00:00,1.22e-06,3.697e-05,-7.55486509945e-05
2026-06-09 00:00:00+00:00,-1.565e-05,1.644e-05,-1.25192203038e-05
2026-06-09 08:00:00+00:00,3.041e-05,3.712e-05,-7.6999774469e-06
2026-06-09 16:00:00+00:00,6.06e-06,1.714e-05,3.6350401157e-05
2026-06-10 00:00:00+00:00,3.65e-06,4.476e-05,4.76144458983e-05
2026-06-10 08:00:00+00:00,-3.385e-05,-4.518e-05,-1.59316750235e-05
2026-06-10 16:00:00+00:00,2.542e-05,3.639e-05,-8.7786677452e-06
2026-06-11 00:00:00+00:00,-8.11e-06,-8.13e-06,-4.34625906886e-05
2026-06-11 08:00:00+00:00,2.525e-05,9.561e-05,-6.03239409731e-05
2026-06-11 16:00:00+00:00,2.736e-05,6.345e-05,-2.39606392713e-05
2026-06-12 00:00:00+00:00,-1.303e-05,8.605e-05,-4.9527169637e-06
2026-06-12 08:00:00+00:00,2.446e-05,2.498e-05,1.3381574222e-05
2026-06-12 16:00:00+00:00,8.4e-06,5.088e-05,-2.23589457138e-05
2026-06-13 00:00:00+00:00,5.357e-05,2.88e-05,9.1148532304e-06
2026-06-13 08:00:00+00:00,6e-07,1.355e-05,8.6943079192e-06
2026-06-13 16:00:00+00:00,9.38e-06,1.254e-05,-6.39574741838e-05
2026-06-14 00:00:00+00:00,-4.51e-05,4.8e-06,-3.1294023986e-05
2026-06-14 08:00:00+00:00,-4.657e-05,6.32e-06,-3.38984808092e-05
2026-06-14 16:00:00+00:00,-3.265e-05,1.454e-05,-7.59112940001e-05
2026-06-15 00:00:00+00:00,2.808e-05,2.186e-05,-5.83460493709e-05
2026-06-15 08:00:00+00:00,6.21e-06,1.124e-05,-6.89247750096e-05
2026-06-15 16:00:00+00:00,-6.079e-05,-1.115e-05,-7.39035810096e-05
2026-06-16 00:00:00+00:00,-4.28e-06,2.767e-05,-1.30999107801e-05
2026-06-16 08:00:00+00:00,-1.11e-05,-4.695e-05,-5.92277212018e-05
2026-06-16 16:00:00+00:00,2.46e-06,4.902e-05,-1.08643309843e-05
2026-06-17 00:00:00+00:00,1.957e-05,5.459e-05,3.59942934559e-05
2026-06-17 08:00:00+00:00,-6.685e-05,1.567e-05,-2.4895073548e-05
2026-06-17 16:00:00+00:00,-2.582e-05,3.6e-06,-3.42401528489e-05
2026-06-18 00:00:00+00:00,2.636e-05,-3.27e-06,4.9965386896e-06
2026-06-18 08:00:00+00:00,1.896e-05,-1.297e-05,2.71213062112e-05
2026-06-18 16:00:00+00:00,8.72e-06,-2.986e-05,3.5651907852e-05
2026-06-19 00:00:00+00:00,6.039e-05,-4.69e-05,1.3446105841e-06
2026-06-19 08:00:00+00:00,1.984e-05,-3.489e-05,3.24496957995e-05
2026-06-19 16:00:00+00:00,2.823e-05,-5.782e-05,-4.9910259435e-06
2026-06-20 00:00:00+00:00,5.814e-05,1.592e-05,2.05881918658e-05
2026-06-20 08:00:00+00:00,2.633e-05,2.03e-06,-1.88323191508e-05
2026-06-20 16:00:00+00:00,3.985e-05,4.672e-05,2.0836725788e-06
2026-06-21 00:00:00+00:00,7.78e-06,1.095e-05,-8.8262165972e-06
2026-06-21 08:00:00+00:00,3.034e-05,-2.58e-06,-1.4922291748e-05
2026-06-21 16:00:00+00:00,4.189e-05,-3.646e-05,
2026-06-22 00:00:00+00:00,6.572e-05,-1.456e-05,
2026-06-22 08:00:00+00:00,1.514e-05,1.727e-05,
2026-06-22 16:00:00+00:00,4.813e-05,4.573e-05,
2026-06-23 00:00:00+00:00,4.041e-05,2.79e-06,
2026-06-23 08:00:00+00:00,1.655e-05,1.158e-05,
2026-06-23 16:00:00+00:00,-1.889e-05,-2.607e-05,
2026-06-24 00:00:00+00:00,2.154e-05,-1.764e-05,
2026-06-24 08:00:00+00:00,2.134e-05,3.367e-05,
2026-06-24 16:00:00+00:00,2.7e-07,-5.744e-05,
2026-06-25 00:00:00+00:00,-1.423e-05,-3.746e-05,
2026-06-25 08:00:00+00:00,-1.803e-05,-1.995e-05,
2026-06-25 16:00:00+00:00,1.58e-05,-7.541e-05,
2026-06-26 00:00:00+00:00,5.298e-05,2.172e-05,
2026-06-26 08:00:00+00:00,5.904e-05,-1.395e-05,
2026-06-26 16:00:00+00:00,7.308e-05,3.099e-05,
2026-06-27 00:00:00+00:00,5.255e-05,2.108e-05,
2026-06-27 08:00:00+00:00,4.284e-05,7.01e-06,
2026-06-27 16:00:00+00:00,3.742e-05,-8.89e-06,
2026-06-28 00:00:00+00:00,4.258e-05,-3.417e-05,
2026-06-28 08:00:00+00:00,1.355e-05,-1.071e-05,
2026-06-28 16:00:00+00:00,4.43e-05,2.349e-05,
2026-06-29 00:00:00+00:00,3.112e-05,1.585e-05,
