openTime,open,high,low,close,volume
2019-09-08 16:00:00+00:00,10000.0,10412.65,10000.0,10391.63,3096.291
2019-09-09 00:00:00+00:00,10316.62,10316.68,10092.71,10149.47,3444.238
2019-09-09 08:00:00+00:00,10149.47,10475.54,10077.22,10314.26,5852.5
2019-09-09 16:00:00+00:00,10314.26,10420.65,10183.31,10307.0,5527.635
2019-09-10 00:00:00+00:00,10307.0,10382.97,10226.81,10272.46,3253.538
2019-09-10 08:00:00+00:00,10271.93,10290.01,10167.91,10179.1,2938.811
2019-09-10 16:00:00+00:00,10172.13,10237.41,9940.87,10102.02,2876.606
2019-09-11 00:00:00+00:00,10094.27,10293.11,9884.31,10067.46,2794.485
2019-09-11 08:00:00+00:00,10068.41,10138.01,9973.15,9991.84,2857.85
2019-09-11 16:00:00+00:00,9992.18,10184.66,9934.11,10159.55,5245.587
2019-09-12 00:00:00+00:00,10163.06,10205.46,10042.12,10078.96,5206.923
2019-09-12 08:00:00+00:00,10079.76,10365.15,10076.95,10326.58,5060.512
2019-09-12 16:00:00+00:00,10327.25,10450.13,10239.42,10415.13,5342.199
2019-09-13 00:00:00+00:00,10414.96,10440.55,10267.89,10284.03,6073.277
2019-09-13 08:00:00+00:00,10283.68,10344.0,10251.99,10296.57,6900.472
2019-09-13 16:00:00+00:00,10294.81,10355.85,10153.51,10341.34,6278.972
2019-09-14 00:00:00+00:00,10343.01,10353.72,10259.75,10316.67,6271.185
2019-09-14 08:00:00+00:00,10319.07,10396.4,10222.77,10358.0,7476.253
2019-09-14 16:00:00+00:00,10355.61,10419.97,10317.39,10332.25,6909.186
2019-09-15 00:00:00+00:00,10333.47,10359.2,10024.81,10308.96,6558.73
2019-09-15 08:00:00+00:00,10308.08,10320.0,10252.28,10306.37,7005.913
2019-09-15 16:00:00+00:00,10306.79,10332.61,10265.32,10302.22,6971.612
2019-09-16 00:00:00+00:00,10302.0,10353.81,10279.69,10302.3,6622.45
2019-09-16 08:00:00+00:00,10301.95,10316.71,10115.0,10120.07,6661.501
2019-09-16 16:00:00+00:00,10117.4,10329.38,10080.7,10249.27,6901.686
2019-09-17 00:00:00+00:00,10257.3,10261.36,10165.0,10201.89,7409.545
2019-09-17 08:00:00+00:00,10202.92,10244.27,10136.77,10201.14,7651.013
2019-09-17 16:00:00+00:00,10201.09,10270.63,10171.37,10186.52,7459.049
2019-09-18 00:00:00+00:00,10183.87,10256.65,10183.87,10198.54,7004.982
2019-09-18 08:00:00+00:00,10199.39,10210.0,10097.92,10172.91,7260.597
2019-09-18 16:00:00+00:00,10172.84,10212.25,10132.51,10155.16,6567.316
2019-09-19 00:00:00+00:00,10154.7,10185.55,9530.02,9872.38,8549.447
2019-09-19 08:00:00+00:00,9872.71,9895.37,9820.0,9880.36,7437.049
2019-09-19 16:00:00+00:00,9882.0,10331.62,9875.25,10245.3,10242.258
2019-09-20 00:00:00+00:00,10247.7,10279.3,10148.99,10156.45,7937.551
2019-09-20 08:00:00+00:00,10156.11,10236.19,10121.3,10180.66,7520.545
2019-09-20 16:00:00+00:00,10179.55,10189.13,10070.5,10166.35,7807.814
2019-09-21 00:00:00+00:00,10166.56,10175.3,9963.02,10079.89,8336.431
2019-09-21 08:00:00+00:00,10081.07,10081.07,9912.63,10037.11,7958.05
2019-09-21 16:00:00+00:00,10037.05,10056.0,9943.05,9983.33,7347.906
2019-09-22 00:00:00+00:00,9992.7,10053.56,9857.0,10023.53,8352.429
2019-09-22 08:00:00+00:00,10024.91,10089.52,9932.01,9989.89,7572.348
2019-09-22 16:00:00+00:00,9990.0,10073.46,9949.2,10023.04,7991.577
2019-09-23 00:00:00+00:00,10027.69,10046.91,9878.51,9904.0,8550.014
2019-09-23 08:00:00+00:00,9904.0,9968.49,9708.91,9867.06,11051.515
2019-09-23 16:00:00+00:00,9867.54,9883.89,9620.0,9701.96,12325.533
2019-09-24 00:00:00+00:00,9701.1,9792.83,9603.5,9755.67,6874.185
2019-09-24 08:00:00+00:00,9754.05,9768.0,9408.47,9530.0,19298.555
2019-09-24 16:00:00+00:00,8683.2,8689.49,8645.61,8645.61,10.814
2019-09-25 00:00:00+00:00,8493.32,8725.24,8200.0,8322.35,16106.624
2019-09-25 08:00:00+00:00,8325.28,8546.73,8215.0,8293.28,16562.258
2019-09-25 16:00:00+00:00,8295.79,8628.44,8223.71,8430.07,15553.22
2019-09-26 00:00:00+00:00,8428.15,8443.55,8316.61,8379.0,7405.768
2019-09-26 08:00:00+00:00,8378.75,8464.4,7825.89,7921.82,25370.663
2019-09-26 16:00:00+00:00,7924.55,8160.5,7700.67,8060.15,27289.514
2019-09-27 00:00:00+00:00,8061.98,8093.21,7940.37,8060.01,8336.599
2019-09-27 08:00:00+00:00,8060.0,8128.78,7851.94,7977.1,17998.778
2019-09-27 16:00:00+00:00,7976.3,8260.0,7934.73,8176.52,13699.276
2019-09-28 00:00:00+00:00,8178.26,8222.11,8120.02,8211.76,6159.385
2019-09-28 08:00:00+00:00,8212.47,8243.54,8001.14,8064.07,11124.565
2019-09-28 16:00:00+00:00,8067.1,8311.0,8038.28,8195.38,16536.969
2019-09-29 00:00:00+00:00,8199.0,8226.35,8040.11,8083.08,8679.183
2019-09-29 08:00:00+00:00,8086.33,8116.99,7888.98,7965.7,12710.217
2019-09-29 16:00:00+00:00,7965.7,8127.06,7918.75,8041.96,14576.656
2019-09-30 00:00:00+00:00,8042.08,8054.82,7709.01,7792.82,19656.986
2019-09-30 08:00:00+00:00,7793.19,8300.66,7775.01,8280.0,26128.526
2019-09-30 16:00:00+00:00,8277.05,8331.89,8162.0,8285.84,8627.008
2019-10-01 00:00:00+00:00,8285.31,8499.0,8171.0,8405.03,11104.588
2019-10-01 08:00:00+00:00,8400.79,8424.72,8270.0,8361.09,12342.595
2019-10-01 16:00:00+00:00,8361.18,8494.49,8225.03,8290.0,15765.621
2019-10-02 00:00:00+00:00,8290.0,8325.4,8149.35,8194.52,9905.402
2019-10-02 08:00:00+00:00,8194.76,8280.0,8185.28,8230.4,8787.909
2019-10-02 16:00:00+00:00,8230.41,8365.92,8177.29,8352.14,11635.868
2019-10-03 00:00:00+00:00,8353.4,8386.0,8237.37,8258.14,7764.734
2019-10-03 08:00:00+00:00,8258.9,8288.88,8020.0,8104.71,13391.822
2019-10-03 16:00:00+00:00,8104.41,8274.59,8086.0,8220.27,12273.674
2019-10-04 00:00:00+00:00,8219.95,8227.42,7979.95,8126.61,12656.02
2019-10-04 08:00:00+00:00,8130.0,8179.0,8080.81,8140.95,7258.959
2019-10-04 16:00:00+00:00,8142.63,8208.88,8121.1,8130.56,8506.132
2019-10-05 00:00:00+00:00,8130.0,8144.44,8089.5,8104.88,9310.691
2019-10-05 08:00:00+00:00,8104.88,8109.43,8010.0,8077.11,11097.41
2019-10-05 16:00:00+00:00,8075.3,8175.0,8028.14,8122.14,9853.905
2019-10-06 00:00:00+00:00,8122.01,8148.43,7889.64,7958.19,15133.615
2019-10-06 08:00:00+00:00,7959.39,8045.51,7859.03,7995.98,13812.293
2019-10-06 16:00:00+00:00,7995.98,8012.27,7760.0,7852.79,12963.131
2019-10-07 00:00:00+00:00,7851.01,7900.95,7764.42,7862.0,16422.059
2019-10-07 08:00:00+00:00,7862.0,8330.0,7862.0,8174.58,28635.741
2019-10-07 16:00:00+00:00,8173.58,8307.22,8133.52,8186.88,17702.499
2019-10-08 00:00:00+00:00,8188.55,8322.01,8188.04,8206.24,14682.035
2019-10-08 08:00:00+00:00,8206.24,8242.52,8132.0,8182.46,17163.257
2019-10-08 16:00:00+00:00,8183.46,8206.0,8103.88,8167.62,12869.873
2019-10-09 00:00:00+00:00,8168.33,8198.0,8113.0,8177.4,12256.443
2019-10-09 08:00:00+00:00,8173.72,8700.0,8154.34,8550.09,30644.83
2019-10-09 16:00:00+00:00,8549.48,8665.0,8490.9,8559.77,22552.37
2019-10-10 00:00:00+00:00,8559.77,8640.89,8495.7,8611.27,12525.826
2019-10-10 08:00:00+00:00,8611.75,8619.51,8419.34,8536.08,18915.256
2019-10-10 16:00:00+00:00,8536.03,8587.24,8482.48,8556.02,12844.586
2019-10-11 00:00:00+00:00,8557.0,8788.0,8332.6,8385.26,35942.508
2019-10-11 08:00:00+00:00,8384.6,8386.61,8268.51,8341.0,17869.243
2019-10-11 16:00:00+00:00,8341.0,8369.99,8210.0,8255.58,15346.213
2019-10-12 00:00:00+00:00,8255.54,8356.0,8248.34,8336.35,11784.866
2019-10-12 08:00:00+00:00,8336.33,8397.45,8289.26,8368.79,12732.846
2019-10-12 16:00:00+00:00,8368.94,8395.0,8290.5,8300.22,13243.802
2019-10-13 00:00:00+00:00,8300.31,8360.0,8277.32,8319.36,10207.708
2019-10-13 08:00:00+00:00,8318.76,8440.0,8316.06,8401.39,13814.333
2019-10-13 16:00:00+00:00,8401.39,8456.0,8137.3,8274.66,19798.872
2019-10-14 00:00:00+00:00,8274.33,8329.38,8243.87,8302.17,10899.274
2019-10-14 08:00:00+00:00,8302.13,8320.5,8241.19,8251.5,15058.666
2019-10-14 16:00:00+00:00,8252.34,8381.77,8205.02,8346.05,36041.881
2019-10-15 00:00:00+00:00,8346.31,8408.62,8272.0,8279.74,14940.869
2019-10-15 08:00:00+00:00,8278.14,8378.51,8235.0,8316.18,34475.813
2019-10-15 16:00:00+00:00,8316.16,8321.4,8080.0,8160.01,36830.067
2019-10-16 00:00:00+00:00,8160.55,8184.0,8119.48,8140.12,14619.389
2019-10-16 08:00:00+00:00,8135.0,8166.51,7900.24,7955.01,35671.826
2019-10-16 16:00:00+00:00,7952.23,8022.98,7901.01,7992.21,20143.237
2019-10-17 00:00:00+00:00,7994.76,7998.14,7930.0,7975.38,17566.778
2019-10-17 08:00:00+00:00,7975.0,8119.0,7971.91,8070.86,24878.211
2019-10-17 16:00:00+00:00,8069.84,8124.63,8036.93,8069.2,15909.613
2019-10-18 00:00:00+00:00,8069.41,8117.3,7821.01,7909.6,25662.231
2019-10-18 08:00:00+00:00,7909.6,7970.63,7812.0,7919.13,23207.003
2019-10-18 16:00:00+00:00,7916.23,7984.0,7906.22,7943.94,26382.118
2019-10-19 00:00:00+00:00,7945.57,7957.0,7892.85,7929.18,19254.793
2019-10-19 08:00:00+00:00,7929.18,8108.54,7852.12,7991.31,32594.254
2019-10-19 16:00:00+00:00,7994.1,7999.28,7883.14,7947.13,26175.348
2019-10-20 00:00:00+00:00,7947.78,7951.57,7871.17,7907.94,23653.436
2019-10-20 08:00:00+00:00,7906.94,8041.19,7890.0,8022.28,23727.86
2019-10-20 16:00:00+00:00,8023.35,8300.5,8007.0,8218.23,31282.619
2019-10-21 00:00:00+00:00,8218.23,8255.1,8178.0,8220.11,13564.74
2019-10-21 08:00:00+00:00,8220.03,8334.57,8160.0,8192.02,28566.25
2019-10-21 16:00:00+00:00,8193.0,8234.5,8150.0,8201.74,17797.526
2019-10-22 00:00:00+00:00,8201.0,8229.32,8164.78,8210.0,18363.138
2019-10-22 08:00:00+00:00,8210.72,8290.0,8165.0,8212.37,25650.717
2019-10-22 16:00:00+00:00,8212.74,8219.75,8000.0,8020.89,25493.025
2019-10-23 00:00:00+00:00,8020.68,8047.78,7917.11,7959.35,20712.959
2019-10-23 08:00:00+00:00,7959.35,8017.5,7402.0,7420.87,54541.832
2019-10-23 16:00:00+00:00,7425.0,7532.0,7172.76,7465.0,33229.348
2019-10-24 00:00:00+00:00,7465.18,7494.08,7337.44,7418.29,24435.507
2019-10-24 08:00:00+00:00,7417.23,7495.81,7388.92,7432.91,25726.732
2019-10-24 16:00:00+00:00,7433.27,7468.27,7409.0,7411.35,16557.295
2019-10-25 00:00:00+00:00,7410.07,7467.33,7359.0,7458.9,16734.878
2019-10-25 08:00:00+00:00,7458.32,8564.68,7440.0,8264.52,54487.465
2019-10-25 16:00:00+00:00,8267.5,8800.0,8257.25,8650.0,93896.583
2019-10-26 00:00:00+00:00,8650.0,10408.48,8626.89,9488.0,131217.968
2019-10-26 08:00:00+00:00,9488.0,9488.0,8951.62,9199.9,73665.288
2019-10-26 16:00:00+00:00,9199.89,9300.73,8873.98,9232.22,43277.905
2019-10-27 00:00:00+00:00,9234.75,9385.0,9066.07,9158.0,18864.214
2019-10-27 08:00:00+00:00,9158.01,9666.0,9157.25,9530.21,73742.417
2019-10-27 16:00:00+00:00,9531.36,9803.83,9381.34,9533.32,70937.388
2019-10-28 00:00:00+00:00,9534.37,9930.13,9282.12,9447.25,66414.444
2019-10-28 08:00:00+00:00,9447.25,9486.14,9254.47,9389.96,40134.176
2019-10-28 16:00:00+00:00,9389.98,9494.0,9156.03,9217.36,49051.355
2019-10-29 00:00:00+00:00,9215.78,9569.1,9200.0,9455.0,39508.108
2019-10-29 08:00:00+00:00,9454.58,9499.99,9269.0,9354.63,40017.312
2019-10-29 16:00:00+00:00,9352.65,9492.86,9070.0,9415.02,45177.594
2019-10-30 00:00:00+00:00,9415.02,9418.65,9155.0,9176.05,34574.221
2019-10-30 08:00:00+00:00,9176.08,9253.0,8975.72,9102.91,37971.262
2019-10-30 16:00:00+00:00,9103.86,9240.0,9020.0,9165.3,25919.375
2019-10-31 00:00:00+00:00,9163.4,9216.0,9065.0,9108.25,20503.701
2019-10-31 08:00:00+00:00,9106.53,9438.64,8933.0,9218.7,46503.801
2019-10-31 16:00:00+00:00,9218.7,9272.0,9011.0,9150.0,31828.542
2019-11-01 00:00:00+00:00,9149.88,9155.0,9051.0,9110.0,14823.136
2019-11-01 08:00:00+00:00,9110.46,9280.0,9062.0,9084.37,42477.077
2019-11-01 16:00:00+00:00,9084.37,9270.0,9050.27,9231.01,29956.736
2019-11-02 00:00:00+00:00,9231.7,9267.83,9194.98,9215.0,14504.526
2019-11-02 08:00:00+00:00,9215.0,9375.0,9200.01,9320.0,26350.541
2019-11-02 16:00:00+00:00,9319.0,9335.0,9266.0,9287.8,15746.988
2019-11-03 00:00:00+00:00,9288.96,9366.69,9223.53,9246.2,19145.635
2019-11-03 08:00:00+00:00,9246.2,9250.4,9105.0,9180.97,31056.768
2019-11-03 16:00:00+00:00,9180.97,9240.0,9073.0,9197.88,25410.319
2019-11-04 00:00:00+00:00,9197.86,9211.0,9126.01,9187.52,14690.409
2019-11-04 08:00:00+00:00,9187.0,9320.0,9158.0,9292.66,28597.626
2019-11-04 16:00:00+00:00,9292.68,9550.0,9245.7,9395.46,47145.322
2019-11-05 00:00:00+00:00,9395.47,9457.13,9164.33,9231.88,34184.238
2019-11-05 08:00:00+00:00,9233.05,9393.03,9201.45,9371.76,43632.593
2019-11-05 16:00:00+00:00,9372.15,9421.24,9250.0,9313.2,35921.395
2019-11-06 00:00:00+00:00,9313.1,9450.0,9272.0,9392.61,26749.151
2019-11-06 08:00:00+00:00,9392.64,9407.44,9315.0,9343.58,26105.125
2019-11-06 16:00:00+00:00,9343.6,9369.0,9259.48,9343.6,20913.635
2019-11-07 00:00:00+00:00,9344.29,9381.93,9220.0,9266.98,24021.639
2019-11-07 08:00:00+00:00,9267.0,9275.0,9130.0,9198.06,31915.934
2019-11-07 16:00:00+00:00,9198.56,9269.0,9091.2,9219.64,21451.996
2019-11-08 00:00:00+00:00,9221.63,9259.3,9120.0,9148.5,20989.378
2019-11-08 08:00:00+00:00,9148.66,9184.73,8669.85,8821.33,93231.221
2019-11-08 16:00:00+00:00,8823.66,8899.85,8720.0,8775.03,37630.561
2019-11-09 00:00:00+00:00,8775.6,8878.0,8730.0,8822.48,21927.284
2019-11-09 08:00:00+00:00,8821.6,8873.28,8762.99,8801.29,22998.497
2019-11-09 16:00:00+00:00,8801.58,8831.92,8727.0,8811.15,21920.611
2019-11-10 00:00:00+00:00,8811.3,8889.02,8760.0,8850.03,19867.646
2019-11-10 08:00:00+00:00,8848.51,8873.0,8787.01,8804.15,19351.142
2019-11-10 16:00:00+00:00,8803.84,9187.0,8792.01,9041.31,51880.409
2019-11-11 00:00:00+00:00,9041.31,9072.91,8720.0,8814.38,42535.234
2019-11-11 08:00:00+00:00,8814.22,8814.95,8611.11,8720.27,46861.846
2019-11-11 16:00:00+00:00,8719.62,8803.83,8698.78,8728.93,23976.682
2019-11-12 00:00:00+00:00,8729.89,8789.68,8706.17,8769.4,19225.68
2019-11-12 08:00:00+00:00,8769.18,8889.06,8552.12,8701.78,60210.14
2019-11-12 16:00:00+00:00,8701.78,8818.0,8680.03,8817.0,28084.726
2019-11-13 00:00:00+00:00,8817.94,8838.0,8712.0,8741.63,14168.755
2019-11-13 08:00:00+00:00,8741.6,8814.42,8732.0,8751.33,26075.036
2019-11-13 16:00:00+00:00,8751.95,8790.0,8742.3,8774.76,18342.02
2019-11-14 00:00:00+00:00,8774.78,8798.06,8649.4,8667.46,29533.142
2019-11-14 08:00:00+00:00,8669.29,8697.71,8581.39,8641.63,41596.319
2019-11-14 16:00:00+00:00,8641.63,8677.0,8626.36,8642.25,15970.534
2019-11-15 00:00:00+00:00,8642.47,8655.46,8515.0,8571.99,38332.546
2019-11-15 08:00:00+00:00,8571.98,8780.0,8380.0,8476.55,81605.147
2019-11-15 16:00:00+00:00,8476.51,8532.56,8430.89,8473.27,25664.804
2019-11-16 00:00:00+00:00,8473.3,8511.8,8435.0,8478.96,14916.163
2019-11-16 08:00:00+00:00,8479.17,8540.54,8455.0,8491.7,25480.017
2019-11-16 16:00:00+00:00,8492.2,8504.0,8455.0,8491.06,8260.86
2019-11-17 00:00:00+00:00,8491.18,8518.79,8382.87,8427.14,10059.964
2019-11-17 08:00:00+00:00,8425.14,8588.0,8355.78,8529.48,36841.508
2019-11-17 16:00:00+00:00,8529.48,8631.0,8481.73,8504.04,25250.794
2019-11-18 00:00:00+00:00,8504.13,8504.71,8417.0,8449.85,23772.855
2019-11-18 08:00:00+00:00,8450.11,8495.0,8372.07,8410.0,28983.44
2019-11-18 16:00:00+00:00,8410.0,8434.0,8050.0,8183.26,70720.847
2019-11-19 00:00:00+00:00,8183.3,8212.87,8091.77,8124.36,25687.497
2019-11-19 08:00:00+00:00,8125.0,8170.0,8000.0,8098.06,55242.091
2019-11-19 16:00:00+00:00,8097.93,8158.59,8051.61,8131.7,29924.442
2019-11-20 00:00:00+00:00,8131.12,8155.0,8077.86,8117.89,18673.209
2019-11-20 08:00:00+00:00,8117.8,8150.0,8037.5,8126.41,33914.995
2019-11-20 16:00:00+00:00,8127.52,8230.0,8067.0,8094.05,34764.176
2019-11-21 00:00:00+00:00,8094.57,8131.51,8072.1,8086.37,16140.916
2019-11-21 08:00:00+00:00,8086.37,8091.44,7432.0,7625.58,123050.015
2019-11-21 16:00:00+00:00,7625.09,7657.57,7545.25,7621.9,41098.258
2019-11-22 00:00:00+00:00,7621.89,7684.65,7389.68,7547.75,58510.085
2019-11-22 08:00:00+00:00,7548.06,7765.03,6762.73,7114.87,226598.805
2019-11-22 16:00:00+00:00,7115.82,7379.38,7092.0,7262.72,86105.061
2019-11-23 00:00:00+00:00,7261.89,7295.0,7118.8,7168.0,40590.836
2019-11-23 08:00:00+00:00,7167.81,7328.55,7073.38,7284.0,56165.811
2019-11-23 16:00:00+00:00,7284.54,7345.84,7220.0,7305.99,42886.664
2019-11-24 00:00:00+00:00,7306.19,7324.92,7150.0,7175.47,33628.65
2019-11-24 08:00:00+00:00,7176.11,7290.0,6941.29,6979.96,80022.285
2019-11-24 16:00:00+00:00,6979.75,7110.08,6855.91,6900.86,70025.143
2019-11-25 00:00:00+00:00,6899.77,6935.0,6510.19,6667.32,108051.294
2019-11-25 08:00:00+00:00,6667.36,7281.0,6629.27,7244.22,154105.712
2019-11-25 16:00:00+00:00,7245.0,7386.29,7081.72,7102.03,71830.908
2019-11-26 00:00:00+00:00,7103.34,7340.06,7060.0,7167.57,66105.988
2019-11-26 08:00:00+00:00,7167.56,7260.0,7011.9,7090.01,82407.11
2019-11-26 16:00:00+00:00,7090.0,7172.99,7025.0,7150.0,45448.996
2019-11-27 00:00:00+00:00,7149.97,7171.75,7032.18,7065.07,38558.764
2019-11-27 08:00:00+00:00,7066.19,7433.0,6850.0,7300.02,141500.719
2019-11-27 16:00:00+00:00,7300.72,7669.2,7209.4,7506.77,117783.511
2019-11-28 00:00:00+00:00,7506.78,7569.23,7411.63,7494.1,46013.986
2019-11-28 08:00:00+00:00,7493.93,7641.42,7416.0,7610.0,64951.881
2019-11-28 16:00:00+00:00,7609.0,7643.0,7356.0,7415.79,64034.742
2019-11-29 00:00:00+00:00,7417.0,7535.36,7394.57,7505.9,38757.465
2019-11-29 08:00:00+00:00,7507.41,7810.6,7400.0,7803.96,102348.736
2019-11-29 16:00:00+00:00,7804.95,7850.0,7660.0,7736.66,44712.985
2019-11-30 00:00:00+00:00,7737.23,7766.0,7713.67,7743.57,23442.272
2019-11-30 08:00:00+00:00,7743.69,7800.0,7511.11,7536.0,68284.318
2019-11-30 16:00:00+00:00,7536.0,7614.0,7444.18,7542.93,50239.802
2019-12-01 00:00:00+00:00,7541.08,7541.08,7226.27,7278.15,77719.246
2019-12-01 08:00:00+00:00,7277.19,7474.0,7222.29,7301.89,70641.493
2019-12-01 16:00:00+00:00,7301.86,7437.13,7271.04,7387.38,47930.513
2019-12-02 00:00:00+00:00,7388.0,7416.75,7137.74,7248.05,47231.852
2019-12-02 08:00:00+00:00,7248.06,7369.0,7180.0,7303.43,65844.377
2019-12-02 16:00:00+00:00,7303.42,7348.61,7251.01,7291.0,30890.724
2019-12-03 00:00:00+00:00,7291.74,7404.42,7257.0,7287.69,29888.561
2019-12-03 08:00:00+00:00,7287.67,7353.33,7231.35,7329.76,34990.106
2019-12-03 16:00:00+00:00,7329.19,7349.65,7280.0,7290.86,19820.803
2019-12-04 00:00:00+00:00,7290.85,7291.52,7092.97,7127.59,52423.946
2019-12-04 08:00:00+00:00,7127.49,7800.0,7070.0,7462.39,129000.26
2019-12-04 16:00:00+00:00,7463.0,7498.0,7074.41,7191.0,93455.275
2019-12-05 00:00:00+00:00,7189.42,7379.28,7142.54,7301.64,63961.764
2019-12-05 08:00:00+00:00,7301.66,7480.0,7283.28,7331.22,63487.473
2019-12-05 16:00:00+00:00,7331.0,7445.0,7258.0,7384.99,48865.871
2019-12-06 00:00:00+00:00,7384.66,7430.0,7310.0,7364.06,35799.652
2019-12-06 08:00:00+00:00,7363.84,7441.94,7295.73,7368.83,43482.666
2019-12-06 16:00:00+00:00,7368.94,7602.44,7367.4,7522.1,56936.389
2019-12-07 00:00:00+00:00,7521.13,7616.91,7493.8,7517.89,33375.221
2019-12-07 08:00:00+00:00,7517.87,7550.0,7467.44,7508.0,29551.373
2019-12-07 16:00:00+00:00,7508.01,7528.0,7469.43,7487.2,20282.188
2019-12-08 00:00:00+00:00,7487.19,7497.66,7376.0,7433.59,29636.749
2019-12-08 08:00:00+00:00,7433.6,7559.39,7415.02,7544.04,33581.183
2019-12-08 16:00:00+00:00,7544.04,7550.0,7500.0,7508.2,21162.406
2019-12-09 00:00:00+00:00,7507.87,7540.0,7455.0,7468.2,33762.198
2019-12-09 08:00:00+00:00,7468.78,7676.48,7388.0,7423.47,56461.01
2019-12-09 16:00:00+00:00,7422.7,7454.4,7269.05,7337.49,46216.968
2019-12-10 00:00:00+00:00,7338.2,7403.71,7313.25,7347.72,28720.926
2019-12-10 08:00:00+00:00,7347.62,7364.82,7210.99,7232.93,57009.403
2019-12-10 16:00:00+00:00,7232.96,7258.75,7152.0,7220.98,40932.465
2019-12-11 00:00:00+00:00,7220.92,7267.0,7177.77,7215.88,27340.593
2019-12-11 08:00:00+00:00,7215.84,7260.0,7117.74,7170.0,41702.857
2019-12-11 16:00:00+00:00,7170.0,7214.97,7152.01,7205.77,28277.277
2019-12-12 00:00:00+00:00,7206.78,7295.12,7080.0,7146.4,50599.865
2019-12-12 08:00:00+00:00,7146.02,7218.0,7110.37,7185.18,52796.064
2019-12-12 16:00:00+00:00,7185.11,7260.0,7170.94,7194.77,37198.176
2019-12-13 00:00:00+00:00,7194.08,7242.94,7190.0,7230.11,22045.092
2019-12-13 08:00:00+00:00,7229.71,7259.13,7203.43,7247.38,29489.701
2019-12-13 16:00:00+00:00,7247.55,7298.0,7220.0,7252.98,28644.04
2019-12-14 00:00:00+00:00,7252.98,7266.14,7231.0,7250.01,12692.284
2019-12-14 08:00:00+00:00,7250.0,7250.0,7022.38,7057.31,51608.296
2019-12-14 16:00:00+00:00,7057.3,7097.0,7007.86,7061.34,33536.932
2019-12-15 00:00:00+00:00,7060.79,7196.0,7004.77,7137.67,36864.972
2019-12-15 08:00:00+00:00,7137.67,7171.78,7051.88,7114.08,33967.893
2019-12-15 16:00:00+00:00,7114.42,7136.19,7078.22,7115.0,17100.368
2019-12-16 00:00:00+00:00,7115.45,7125.0,7037.03,7063.54,21474.562
2019-12-16 08:00:00+00:00,7063.5,7147.34,7050.0,7085.96,32083.601
2019-12-16 16:00:00+00:00,7086.03,7111.03,6831.0,6887.54,64039.727
2019-12-17 00:00:00+00:00,6887.48,6907.0,6856.52,6874.07,15945.42
2019-12-17 08:00:00+00:00,6874.37,6940.0,6662.93,6688.53,65487.148
2019-12-17 16:00:00+00:00,6689.16,6738.64,6550.0,6618.96,84978.721
2019-12-18 00:00:00+00:00,6618.96,6720.0,6588.81,6615.24,44202.631
2019-12-18 08:00:00+00:00,6615.49,6868.29,6427.0,6818.63,138255.561
2019-12-18 16:00:00+00:00,6818.4,7479.99,6765.98,7277.44,146031.401
2019-12-19 00:00:00+00:00,7278.11,7367.87,7080.48,7090.0,49527.254
2019-12-19 08:00:00+00:00,7090.21,7230.0,7042.82,7142.77,76369.021
2019-12-19 16:00:00+00:00,7142.76,7180.3,7105.33,7146.29,32953.291
2019-12-20 00:00:00+00:00,7146.29,7158.47,7078.17,7141.68,26792.495
2019-12-20 08:00:00+00:00,7141.43,7217.08,7090.0,7149.98,33052.312
2019-12-20 16:00:00+00:00,7150.0,7213.18,7129.9,7184.39,26604.759
2019-12-21 00:00:00+00:00,7184.39,7185.0,7121.66,7130.97,15437.572
2019-12-21 08:00:00+00:00,7130.96,7152.73,7108.0,7134.87,14244.648
2019-12-21 16:00:00+00:00,7135.18,7176.39,7120.0,7131.01,14658.645
2019-12-22 00:00:00+00:00,7131.02,7190.0,7122.0,7175.01,10475.198
2019-12-22 08:00:00+00:00,7175.87,7195.0,7147.37,7181.04,20380.704
2019-12-22 16:00:00+00:00,7181.18,7517.61,7161.24,7502.92,98941.493
2019-12-23 00:00:00+00:00,7502.92,7637.56,7452.0,7497.23,66121.12
2019-12-23 08:00:00+00:00,7497.22,7617.37,7471.39,7586.7,48537.682
2019-12-23 16:00:00+00:00,7586.66,7691.0,7262.0,7314.01,100639.985
2019-12-24 00:00:00+00:00,7314.03,7337.57,7230.16,7263.07,29962.256
2019-12-24 08:00:00+00:00,7262.71,7434.55,7225.0,7273.84,66463.599
2019-12-24 16:00:00+00:00,7273.21,7307.0,7156.08,7252.04,52655.149
2019-12-25 00:00:00+00:00,7251.57,7267.63,7200.0,7249.23,20841.751
2019-12-25 08:00:00+00:00,7248.77,7264.76,7170.77,7187.18,35130.122
2019-12-25 16:00:00+00:00,7187.71,7265.0,7123.19,7201.45,40993.199
2019-12-26 00:00:00+00:00,7201.67,7220.0,7175.73,7205.94,18162.985
2019-12-26 08:00:00+00:00,7205.96,7238.93,7181.0,7228.79,23249.509
2019-12-26 16:00:00+00:00,7228.57,7438.8,7151.0,7197.46,92561.039
2019-12-27 00:00:00+00:00,7197.84,7238.16,7172.0,7184.98,23890.474
2019-12-27 08:00:00+00:00,7184.98,7260.0,7078.89,7232.29,52527.981
2019-12-27 16:00:00+00:00,7233.9,7270.0,7171.95,7248.4,35866.155
2019-12-28 00:00:00+00:00,7248.4,7358.31,7235.0,7299.13,36649.578
2019-12-28 08:00:00+00:00,7299.36,7354.0,7256.13,7300.41,28136.071
2019-12-28 16:00:00+00:00,7300.41,7359.15,7273.35,7311.48,26507.233
2019-12-29 00:00:00+00:00,7310.29,7320.0,7283.6,7312.0,13663.439
2019-12-29 08:00:00+00:00,7312.0,7415.0,7304.0,7391.22,36713.93
2019-12-29 16:00:00+00:00,7391.68,7527.0,7350.0,7383.67,52166.605
2019-12-30 00:00:00+00:00,7383.68,7400.0,7305.41,7379.78,23038.761
2019-12-30 08:00:00+00:00,7379.78,7379.99,7252.0,7258.26,42422.063
2019-12-30 16:00:00+00:00,7258.54,7281.41,7215.58,7240.43,28914.538
2019-12-31 00:00:00+00:00,7240.8,7264.99,7190.0,7245.69,21746.159
2019-12-31 08:00:00+00:00,7245.69,7319.0,7181.78,7191.81,38383.237
2019-12-31 16:00:00+00:00,7191.8,7221.75,7141.0,7189.0,29074.041
2020-01-01 00:00:00+00:00,7189.43,7239.74,7170.15,7205.26,17794.11
2020-01-01 08:00:00+00:00,7205.26,7260.43,7174.0,7229.49,21046.821
2020-01-01 16:00:00+00:00,7229.66,7248.0,7174.0,7197.57,17960.398
2020-01-02 00:00:00+00:00,7197.57,7209.59,7101.0,7107.56,28974.261
2020-01-02 08:00:00+00:00,7107.53,7175.0,7103.0,7126.25,31988.367
2020-01-02 16:00:00+00:00,7126.25,7143.29,6922.0,6962.04,54333.049
2020-01-03 00:00:00+00:00,6962.34,7300.0,6863.44,7198.02,75971.956
2020-01-03 08:00:00+00:00,7198.02,7379.0,7198.0,7316.01,73654.452
2020-01-03 16:00:00+00:00,7315.36,7407.28,7255.84,7341.72,58867.05
2020-01-04 00:00:00+00:00,7341.6,7368.47,7279.0,7344.13,24447.492
2020-01-04 08:00:00+00:00,7344.11,7366.0,7286.16,7315.45,26999.604
2020-01-04 16:00:00+00:00,7315.94,7400.0,7269.21,7350.71,41138.937
2020-01-05 00:00:00+00:00,7350.54,7495.0,7350.54,7462.98,48354.25
2020-01-05 08:00:00+00:00,7463.42,7474.21,7385.76,7463.59,32911.609
2020-01-05 16:00:00+00:00,7463.76,7478.0,7303.0,7354.36,36500.113
2020-01-06 00:00:00+00:00,7354.36,7580.08,7345.0,7505.35,57110.317
2020-01-06 08:00:00+00:00,7505.36,7611.81,7481.74,7515.92,48406.02
2020-01-06 16:00:00+00:00,7516.03,7808.65,7507.0,7757.39,62633.98
2020-01-07 00:00:00+00:00,7757.74,8014.91,7757.0,7886.66,83029.124
2020-01-07 08:00:00+00:00,7886.95,7969.0,7746.0,7769.11,64152.992
2020-01-07 16:00:00+00:00,7769.73,8215.33,7733.0,8152.49,133627.046
2020-01-08 00:00:00+00:00,8150.9,8468.42,8144.02,8301.47,113618.483
2020-01-08 08:00:00+00:00,8301.5,8427.97,8201.1,8306.39,88098.446
2020-01-08 16:00:00+00:00,8308.23,8340.86,7870.11,8059.84,119508.185
2020-01-09 00:00:00+00:00,8059.77,8060.0,7898.0,7953.76,48708.968
2020-01-09 08:00:00+00:00,7953.99,7960.0,7851.91,7909.39,54035.532
2020-01-09 16:00:00+00:00,7909.81,8006.83,7750.01,7818.59,84518.643
2020-01-10 00:00:00+00:00,7817.91,7855.0,7718.05,7752.37,38078.014
2020-01-10 08:00:00+00:00,7752.31,8088.0,7670.0,8066.68,103237.776
2020-01-10 16:00:00+00:00,8068.26,8210.62,7912.95,8207.09,112468.158
2020-01-11 00:00:00+00:00,8207.2,8261.33,8048.0,8079.53,57317.082
2020-01-11 08:00:00+00:00,8079.17,8135.26,8012.29,8101.69,45484.049
2020-01-11 16:00:00+00:00,8101.69,8292.19,8003.87,8020.56,61940.584
2020-01-12 00:00:00+00:00,8020.58,8155.0,7956.28,8097.55,34100.985
2020-01-12 08:00:00+00:00,8099.33,8186.0,8088.3,8154.42,31125.609
2020-01-12 16:00:00+00:00,8154.35,8195.0,8070.13,8186.7,43403.37
2020-01-13 00:00:00+00:00,8186.22,8200.0,8053.78,8074.33,25335.702
2020-01-13 08:00:00+00:00,8075.0,8135.93,8055.0,8085.86,24784.921
2020-01-13 16:00:00+00:00,8085.86,8165.0,8072.0,8113.0,24460.741
2020-01-14 00:00:00+00:00,8112.99,8598.27,8109.02,8515.53,94940.755
2020-01-14 08:00:00+00:00,8514.95,8770.0,8476.0,8686.0,92697.119
2020-01-14 16:00:00+00:00,8686.0,8893.0,8520.0,8825.0,103140.107
2020-01-15 00:00:00+00:00,8825.0,8918.5,8570.52,8631.59,82742.634
2020-01-15 08:00:00+00:00,8631.38,8921.2,8610.68,8768.17,91691.599
2020-01-15 16:00:00+00:00,8768.17,8884.98,8680.42,8825.3,63199.604
2020-01-16 00:00:00+00:00,8825.35,8868.21,8596.25,8688.64,62906.382
2020-01-16 08:00:00+00:00,8688.65,8793.77,8607.05,8715.83,63426.917
2020-01-16 16:00:00+00:00,8715.84,8764.95,8634.0,8725.08,41625.664
2020-01-17 00:00:00+00:00,8724.99,9020.0,8680.0,8944.5,75642.222
2020-01-17 08:00:00+00:00,8943.99,9039.0,8785.0,8857.11,77404.845
2020-01-17 16:00:00+00:00,8857.65,8968.0,8816.14,8918.72,52670.619
2020-01-18 00:00:00+00:00,8918.73,8995.0,8816.0,8852.8,41451.175
2020-01-18 08:00:00+00:00,8854.79,8968.0,8832.0,8910.0,39038.065
2020-01-18 16:00:00+00:00,8909.29,8968.0,8855.0,8925.0,34219.442
2020-01-19 00:00:00+00:00,8925.0,9205.3,8898.88,9092.21,70829.047
2020-01-19 08:00:00+00:00,9091.84,9135.0,8505.0,8639.0,97098.914
2020-01-19 16:00:00+00:00,8639.0,8760.93,8440.91,8705.85,57386.564
2020-01-20 00:00:00+00:00,8705.98,8740.0,8628.06,8668.0,35988.138
2020-01-20 08:00:00+00:00,8667.98,8686.0,8526.06,8680.17,52899.063
2020-01-20 16:00:00+00:00,8680.9,8750.37,8612.51,8650.0,36274.474
2020-01-21 00:00:00+00:00,8650.0,8700.0,8621.27,8639.96,22091.028
2020-01-21 08:00:00+00:00,8639.96,8684.0,8608.71,8650.78,22797.046
2020-01-21 16:00:00+00:00,8650.5,8790.1,8448.6,8742.43,62689.079
2020-01-22 00:00:00+00:00,8742.78,8820.0,8709.0,8745.0,27336.299
2020-01-22 08:00:00+00:00,8744.76,8749.0,8616.09,8657.38,37715.501
2020-01-22 16:00:00+00:00,8657.39,8720.59,8585.85,8684.57,29253.696
2020-01-23 00:00:00+00:00,8684.47,8694.0,8504.0,8584.0,41806.903
2020-01-23 08:00:00+00:00,8582.93,8625.0,8334.72,8366.84,80489.831
2020-01-23 16:00:00+00:00,8366.49,8452.27,8326.0,8409.6,41110.33
2020-01-24 00:00:00+00:00,8410.0,8424.97,8283.4,8345.04,32451.095
2020-01-24 08:00:00+00:00,8345.68,8520.0,8247.0,8509.21,71760.733
2020-01-24 16:00:00+00:00,8509.21,8528.0,8418.0,8441.96,40573.563
2020-01-25 00:00:00+00:00,8442.82,8455.0,8272.0,8319.17,41367.042
2020-01-25 08:00:00+00:00,8319.68,8390.0,8290.9,8336.43,27711.158
2020-01-25 16:00:00+00:00,8336.4,8425.0,8326.0,8344.64,27883.514
2020-01-26 00:00:00+00:00,8344.37,8399.0,8300.0,8386.37,25115.247
2020-01-26 08:00:00+00:00,8386.39,8493.14,8386.39,8460.73,43442.828
2020-01-26 16:00:00+00:00,8460.84,8624.45,8454.0,8611.21,49340.841
2020-01-27 00:00:00+00:00,8611.21,8700.0,8611.0,8656.0,37807.969
2020-01-27 08:00:00+00:00,8656.09,8794.13,8565.0,8780.28,63712.688
2020-01-27 16:00:00+00:00,8780.31,9015.48,8752.0,8913.61,70714.671
2020-01-28 00:00:00+00:00,8913.61,9176.68,8913.61,9048.07,69508.185
2020-01-28 08:00:00+00:00,9048.02,9207.81,8952.41,9029.22,89680.081
2020-01-28 16:00:00+00:00,9030.0,9436.06,8905.0,9398.98,85279.28
2020-01-29 00:00:00+00:00,9399.72,9450.0,9291.5,9372.51,56920.213
2020-01-29 08:00:00+00:00,9372.51,9449.0,9242.0,9292.98,67818.452
2020-01-29 16:00:00+00:00,9292.99,9460.52,9268.14,9311.0,44721.978
2020-01-30 00:00:00+00:00,9311.23,9406.0,9210.42,9397.99,36661.803
2020-01-30 08:00:00+00:00,9397.97,9425.72,9301.35,9392.51,46802.575
2020-01-30 16:00:00+00:00,9392.41,9599.0,9223.0,9525.67,106673.158
2020-01-31 00:00:00+00:00,9525.67,9550.72,9328.22,9380.71,50576.857
2020-01-31 08:00:00+00:00,9380.64,9422.04,9220.0,9347.25,55580.343
2020-01-31 16:00:00+00:00,9347.45,9438.0,9264.65,9364.51,40486.826
2020-02-01 00:00:00+00:00,9364.5,9477.76,9357.42,9434.58,38612.496
2020-02-01 08:00:00+00:00,9434.58,9438.07,9306.0,9340.78,42368.821
2020-02-01 16:00:00+00:00,9341.58,9430.0,9334.67,9392.74,28058.968
2020-02-02 00:00:00+00:00,9392.99,9395.99,9160.01,9379.19,56452.863
2020-02-02 08:00:00+00:00,9379.4,9489.92,9355.5,9457.85,54975.196
2020-02-02 16:00:00+00:00,9457.83,9472.77,9325.0,9338.2,36974.918
2020-02-03 00:00:00+00:00,9340.49,9647.61,9290.0,9372.99,72235.482
2020-02-03 08:00:00+00:00,9373.0,9407.0,9280.0,9283.16,46047.639
2020-02-03 16:00:00+00:00,9283.93,9360.0,9250.0,9300.64,40766.264
2020-02-04 00:00:00+00:00,9300.63,9368.0,9226.4,9284.0,42177.003
2020-02-04 08:00:00+00:00,9284.0,9305.0,9105.0,9208.55,80436.166
2020-02-04 16:00:00+00:00,9208.56,9242.93,9153.0,9198.35,25230.733
2020-02-05 00:00:00+00:00,9198.32,9307.78,9179.88,9277.0,35339.435
2020-02-05 08:00:00+00:00,9276.05,9515.0,9237.4,9500.27,82226.234
2020-02-05 16:00:00+00:00,9500.28,9799.08,9484.86,9630.0,94746.028
2020-02-06 00:00:00+00:00,9630.0,9705.0,9550.0,9641.0,53142.001
2020-02-06 08:00:00+00:00,9641.01,9884.0,9612.3,9800.13,97801.045
2020-02-06 16:00:00+00:00,9800.13,9849.0,9662.0,9778.12,49613.321
2020-02-07 00:00:00+00:00,9777.97,9867.3,9743.21,9804.63,44435.436
2020-02-07 08:00:00+00:00,9804.5,9900.0,9743.34,9809.9,56638.405
2020-02-07 16:00:00+00:00,9810.47,9847.16,9736.66,9821.52,28666.926
2020-02-08 00:00:00+00:00,9821.52,9837.31,9680.55,9780.0,35475.241
2020-02-08 08:00:00+00:00,9779.01,9890.0,9765.0,9838.48,53016.041
2020-02-08 16:00:00+00:00,9837.97,9956.0,9822.24,9906.43,40775.987
2020-02-09 00:00:00+00:00,9906.09,10184.34,9892.15,10136.71,59718.949
2020-02-09 08:00:00+00:00,10136.72,10162.0,10026.0,10107.0,52013.478
2020-02-09 16:00:00+00:00,10107.0,10182.59,10070.0,10167.38,31674.586
2020-02-10 00:00:00+00:00,10167.37,10213.56,9750.0,9985.67,84045.58
2020-02-10 08:00:00+00:00,9985.69,9997.0,9771.31,9872.9,67286.983
2020-02-10 16:00:00+00:00,9872.1,9908.0,9808.35,9865.56,32910.174
2020-02-11 00:00:00+00:00,9865.56,9874.77,9729.36,9749.61,45815.9
2020-02-11 08:00:00+00:00,9749.61,10240.0,9742.22,10204.39,75359.981
2020-02-11 16:00:00+00:00,10204.89,10409.96,10201.75,10229.06,68943.934
2020-02-12 00:00:00+00:00,10230.74,10479.98,10229.71,10372.19,58808.23
2020-02-12 08:00:00+00:00,10371.76,10437.0,10235.52,10328.93,64910.462
2020-02-12 16:00:00+00:00,10328.97,10432.0,10311.91,10339.99,35955.566
2020-02-13 00:00:00+00:00,10339.64,10512.55,10327.18,10347.67,47965.851
2020-02-13 08:00:00+00:00,10347.64,10540.0,10101.0,10264.46,125898.001
2020-02-13 16:00:00+00:00,10264.86,10300.36,10155.0,10239.63,39188.865
2020-02-14 00:00:00+00:00,10240.02,10299.0,10123.37,10135.93,38384.927
2020-02-14 08:00:00+00:00,10135.93,10370.09,10125.01,10260.79,56691.801
2020-02-14 16:00:00+00:00,10260.79,10390.0,10255.0,10356.82,35899.018
2020-02-15 00:00:00+00:00,10356.27,10389.75,10203.98,10236.13,36256.559
2020-02-15 08:00:00+00:00,10236.14,10288.14,9752.3,9982.18,51786.562
2020-02-15 16:00:00+00:00,9983.03,10100.0,9821.11,9914.99,64103.006
2020-02-16 00:00:00+00:00,9914.31,10060.45,9865.0,9969.22,31592.566
2020-02-16 08:00:00+00:00,9969.28,10030.02,9832.99,9870.79,41504.8
2020-02-16 16:00:00+00:00,9871.2,10004.38,9626.64,9921.86,68450.59
2020-02-17 00:00:00+00:00,9921.87,9971.0,9720.23,9762.62,47056.645
2020-02-17 08:00:00+00:00,9762.62,9844.75,9461.89,9638.71,93100.591
2020-02-17 16:00:00+00:00,9638.71,9738.15,9590.0,9716.0,45180.943
2020-02-18 00:00:00+00:00,9716.0,9821.0,9635.74,9797.79,30710.489
2020-02-18 08:00:00+00:00,9797.78,9876.4,9598.0,9837.99,57207.99
2020-02-18 16:00:00+00:00,9837.96,10270.0,9830.0,10174.32,78200.89
2020-02-19 00:00:00+00:00,10174.53,10198.88,10037.26,10067.74,34774.734
2020-02-19 08:00:00+00:00,10068.19,10258.5,10026.08,10123.83,37787.077
2020-02-19 16:00:00+00:00,10124.56,10286.0,9293.07,9593.65,114934.116
2020-02-20 00:00:00+00:00,9593.31,9654.64,9500.0,9607.38,36244.84
2020-02-20 08:00:00+00:00,9607.94,9642.0,9523.86,9577.22,40846.978
2020-02-20 16:00:00+00:00,9577.4,9700.0,9382.59,9601.99,66013.769
2020-02-21 00:00:00+00:00,9601.51,9740.0,9572.06,9676.63,30900.918
2020-02-21 08:00:00+00:00,9676.66,9759.59,9616.76,9726.0,32946.06
2020-02-21 16:00:00+00:00,9726.97,9745.0,9547.0,9681.39,35107.31
2020-02-22 00:00:00+00:00,9681.39,9710.7,9565.0,9598.2,21992.244
2020-02-22 08:00:00+00:00,9596.01,9675.05,9596.01,9637.72,19840.921
2020-02-22 16:00:00+00:00,9637.5,9708.47,9613.77,9659.2,16586.382
2020-02-23 00:00:00+00:00,9658.95,9950.0,9657.0,9889.57,35755.698
2020-02-23 08:00:00+00:00,9889.57,10018.9,9815.25,9873.95,38752.975
2020-02-23 16:00:00+00:00,9873.24,9980.29,9852.0,9943.12,22625.685
2020-02-24 00:00:00+00:00,9943.12,10000.0,9560.0,9756.87,58658.947
2020-02-24 08:00:00+00:00,9756.86,9848.2,9676.24,9709.79,44979.533
2020-02-24 16:00:00+00:00,9710.32,9740.0,9487.38,9662.95,54327.191
2020-02-25 00:00:00+00:00,9662.88,9680.0,9497.5,9530.57,30921.364
2020-02-25 08:00:00+00:00,9530.56,9686.78,9357.6,9404.39,69913.97
2020-02-25 16:00:00+00:00,9404.93,9466.48,9247.0,9326.0,67806.391
2020-02-26 00:00:00+00:00,9326.0,9384.0,9117.71,9157.61,60104.408
2020-02-26 08:00:00+00:00,9158.52,9300.0,8981.06,9004.24,104930.298
2020-02-26 16:00:00+00:00,9004.08,9040.0,8610.0,8792.22,101970.466
2020-02-27 00:00:00+00:00,8793.96,8836.56,8533.9,8819.07,72235.657
2020-02-27 08:00:00+00:00,8817.71,8947.0,8742.2,8851.14,67130.28
2020-02-27 16:00:00+00:00,8851.14,8978.0,8684.46,8828.0,61272.551
2020-02-28 00:00:00+00:00,8827.12,8908.86,8702.0,8736.05,36441.933
2020-02-28 08:00:00+00:00,8736.33,8787.0,8450.0,8720.0,105708.072
2020-02-28 16:00:00+00:00,8720.01,8809.05,8500.0,8699.57,53916.105
2020-02-29 00:00:00+00:00,8699.86,8799.83,8670.0,8756.41,30536.365
2020-02-29 08:00:00+00:00,8756.5,8775.0,8580.0,8657.77,43321.294
2020-02-29 16:00:00+00:00,8657.77,8685.0,8530.0,8531.98,29667.026
2020-03-01 00:00:00+00:00,8532.5,8679.0,8520.06,8547.86,43241.056
2020-03-01 08:00:00+00:00,8548.4,8762.24,8530.0,8565.69,64755.012
2020-03-01 16:00:00+00:00,8565.82,8600.0,8409.0,8537.84,66336.848
2020-03-02 00:00:00+00:00,8537.84,8704.35,8504.95,8627.42,42041.538
2020-03-02 08:00:00+00:00,8627.41,8900.0,8622.73,8828.53,71973.156
2020-03-02 16:00:00+00:00,8829.52,8972.0,8823.89,8919.7,46279.79
2020-03-03 00:00:00+00:00,8919.7,8922.34,8752.29,8759.12,39597.922
2020-03-03 08:00:00+00:00,8759.13,8907.0,8660.0,8756.25,84911.851
2020-03-03 16:00:00+00:00,8754.76,8799.0,8657.41,8765.0,35613.832
2020-03-04 00:00:00+00:00,8765.0,8853.88,8731.08,8819.18,31062.596
2020-03-04 08:00:00+00:00,8819.19,8834.61,8669.23,8707.91,48984.178
2020-03-04 16:00:00+00:00,8708.24,8767.85,8676.0,8756.93,25415.346
2020-03-05 00:00:00+00:00,8755.98,8950.0,8755.98,8902.0,55864.195
2020-03-05 08:00:00+00:00,8902.92,9147.05,8896.32,9093.74,63932.365
2020-03-05 16:00:00+00:00,9093.74,9172.3,9039.0,9062.81,42044.063
2020-03-06 00:00:00+00:00,9062.62,9145.6,8994.14,9107.48,41076.146
2020-03-06 08:00:00+00:00,9107.83,9179.75,9016.53,9016.99,47724.903
2020-03-06 16:00:00+00:00,9017.0,9147.4,9016.0,9139.48,26210.534
2020-03-07 00:00:00+00:00,9139.77,9153.57,9056.1,9092.24,24886.66
2020-03-07 08:00:00+00:00,9093.17,9144.97,9079.0,9121.03,27671.306
2020-03-07 16:00:00+00:00,9121.01,9204.0,8850.0,8897.18,73247.033
2020-03-08 00:00:00+00:00,8895.62,8897.71,8707.28,8749.93,38999.411
2020-03-08 08:00:00+00:00,8749.93,8760.0,8299.06,8400.0,84075.793
2020-03-08 16:00:00+00:00,8399.99,8401.49,7997.7,8038.46,114331.824
2020-03-09 00:00:00+00:00,8038.99,8182.31,7672.85,7901.86,129411.24
2020-03-09 08:00:00+00:00,7902.52,7996.28,7635.21,7771.29,125903.525
2020-03-09 16:00:00+00:00,7771.9,7943.91,7695.42,7932.15,79084.342
2020-03-10 00:00:00+00:00,7932.45,7975.0,7842.72,7904.37,44717.984
2020-03-10 08:00:00+00:00,7903.67,8156.31,7744.71,7774.16,122988.361
2020-03-10 16:00:00+00:00,7773.39,8041.41,7733.0,7897.66,89362.357
2020-03-11 00:00:00+00:00,7898.21,7967.99,7817.25,7865.69,39556.167
2020-03-11 08:00:00+00:00,7865.7,7930.0,7740.0,7785.52,73338.132
2020-03-11 16:00:00+00:00,7786.96,7988.0,7593.29,7938.39,107643.082
2020-03-12 00:00:00+00:00,7938.39,7969.0,7340.0,7397.9,137488.634
2020-03-12 08:00:00+00:00,7397.35,7470.0,5199.17,6122.46,369764.578
2020-03-12 16:00:00+00:00,6122.46,6227.75,4347.0,4764.65,277493.808
2020-03-13 00:00:00+00:00,4762.28,5529.97,3621.81,5373.87,402373.923
2020-03-13 08:00:00+00:00,5374.15,5971.0,4888.0,5207.9,315531.886
2020-03-13 16:00:00+00:00,5205.49,5689.76,4739.22,5570.26,217583.433
2020-03-14 00:00:00+00:00,5569.84,5638.42,5307.44,5498.99,99469.913
2020-03-14 08:00:00+00:00,5498.99,5500.0,5161.03,5306.02,108730.152
2020-03-14 16:00:00+00:00,5307.9,5489.39,5040.0,5167.01,108042.521
2020-03-15 00:00:00+00:00,5167.21,5326.74,5089.12,5267.08,67448.354
2020-03-15 08:00:00+00:00,5267.31,5596.6,5207.06,5318.97,99274.134
2020-03-15 16:00:00+00:00,5319.96,5954.47,5169.6,5357.32,189589.277
2020-03-16 00:00:00+00:00,5354.81,5361.26,4757.44,4783.83,143258.266
2020-03-16 08:00:00+00:00,4783.05,5176.65,4413.62,5143.88,323285.567
2020-03-16 16:00:00+00:00,5137.68,5200.0,4815.0,5026.26,155011.959
2020-03-17 00:00:00+00:00,5027.11,5416.08,4913.49,5341.38,133719.511
2020-03-17 08:00:00+00:00,5342.31,5440.0,5054.62,5359.88,167647.347
2020-03-17 16:00:00+00:00,5359.79,5529.98,5281.0,5307.38,128541.24
2020-03-18 00:00:00+00:00,5306.42,5435.0,5091.5,5144.79,93967.771
2020-03-18 08:00:00+00:00,5144.26,5390.0,4982.75,5328.5,177808.358
2020-03-18 16:00:00+00:00,5327.27,5416.0,5133.0,5389.64,130229.574
2020-03-19 00:00:00+00:00,5389.94,5448.07,5246.5,5407.17,81740.177
2020-03-19 08:00:00+00:00,5406.98,5925.0,5365.0,5887.53,194403.496
2020-03-19 16:00:00+00:00,5887.66,6400.0,5780.0,6159.6,223247.517
2020-03-20 00:00:00+00:00,6159.41,6347.48,6055.0,6311.98,87839.223
2020-03-20 08:00:00+00:00,6311.98,6911.0,6300.0,6612.55,245672.895
2020-03-20 16:00:00+00:00,6611.57,6662.68,5650.0,6203.77,238385.898
2020-03-21 00:00:00+00:00,6204.47,6376.19,6035.01,6147.58,117265.264
2020-03-21 08:00:00+00:00,6147.01,6269.7,5854.01,6207.83,143144.919
2020-03-21 16:00:00+00:00,6208.0,6457.17,6035.0,6183.69,127269.466
2020-03-22 00:00:00+00:00,6183.84,6408.91,6100.57,6284.36,87726.191
2020-03-22 08:00:00+00:00,6284.87,6319.58,5900.0,6069.74,149453.147
2020-03-22 16:00:00+00:00,6070.56,6145.92,5730.35,5810.17,153823.457
2020-03-23 00:00:00+00:00,5810.3,5988.0,5670.0,5850.83,105813.557
2020-03-23 08:00:00+00:00,5851.38,6619.9,5726.79,6230.0,243375.633
2020-03-23 16:00:00+00:00,6229.48,6509.8,6225.01,6463.84,140556.897
2020-03-24 00:00:00+00:00,6463.21,6689.51,6369.0,6564.21,131850.054
2020-03-24 08:00:00+00:00,6564.22,6840.0,6456.78,6588.92,197933.987
2020-03-24 16:00:00+00:00,6589.38,6790.75,6512.0,6741.33,108184.512
2020-03-25 00:00:00+00:00,6740.86,6740.98,6522.34,6673.04,95580.077
2020-03-25 08:00:00+00:00,6673.0,6960.71,6436.26,6611.6,212471.369
2020-03-25 16:00:00+00:00,6612.73,6699.99,6550.0,6673.41,92633.096
2020-03-26 00:00:00+00:00,6673.57,6777.5,6555.0,6588.76,94176.916
2020-03-26 08:00:00+00:00,6588.35,6688.83,6500.0,6612.2,110554.441
2020-03-26 16:00:00+00:00,6612.21,6763.45,6591.0,6733.76,76514.271
2020-03-27 00:00:00+00:00,6733.76,6840.0,6613.38,6696.42,86546.066
2020-03-27 08:00:00+00:00,6695.55,6699.0,6566.0,6620.77,87498.653
2020-03-27 16:00:00+00:00,6620.33,6689.9,6230.0,6353.64,84168.8
2020-03-28 00:00:00+00:00,6353.64,6354.74,6060.0,6176.0,126374.473
2020-03-28 08:00:00+00:00,6176.33,6317.34,6131.65,6208.26,89089.909
2020-03-28 16:00:00+00:00,6208.26,6290.0,6004.0,6230.95,126479.803
2020-03-29 00:00:00+00:00,6231.81,6260.0,6109.0,6148.84,50087.258
2020-03-29 08:00:00+00:00,6148.98,6206.89,6060.0,6124.73,86606.092
2020-03-29 16:00:00+00:00,6124.51,6163.0,5857.6,5876.27,114642.569
2020-03-30 00:00:00+00:00,5876.27,6330.0,5850.0,6238.58,123106.461
2020-03-30 08:00:00+00:00,6238.4,6449.97,6230.25,6340.63,129557.215
2020-03-30 16:00:00+00:00,6340.6,6606.15,6300.0,6391.08,134658.322
2020-03-31 00:00:00+00:00,6389.52,6516.63,6374.0,6440.81,83916.796
2020-03-31 08:00:00+00:00,6441.76,6499.0,6320.0,6449.19,112418.667
2020-03-31 16:00:00+00:00,6448.81,6492.0,6390.0,6407.1,66187.181
2020-04-01 00:00:00+00:00,6407.1,6422.82,6240.0,6324.27,91922.582
2020-04-01 08:00:00+00:00,6324.28,6337.0,6154.94,6225.43,108633.612
2020-04-01 16:00:00+00:00,6225.44,6693.0,6140.0,6641.51,189973.408
2020-04-02 00:00:00+00:00,6641.22,6750.0,6542.73,6641.51,98960.792
2020-04-02 08:00:00+00:00,6641.42,6829.32,6600.0,6801.0,151483.371
2020-04-02 16:00:00+00:00,6801.0,7290.0,6640.05,6791.63,280877.265
2020-04-03 00:00:00+00:00,6791.65,6950.0,6720.05,6925.99,89310.409
2020-04-03 08:00:00+00:00,6926.69,7049.11,6670.36,6708.32,202588.451
2020-04-03 16:00:00+00:00,6708.04,6812.32,6600.0,6729.8,120046.067
2020-04-04 00:00:00+00:00,6729.8,6801.76,6660.0,6725.67,55332.895
2020-04-04 08:00:00+00:00,6725.66,6899.7,6629.99,6725.22,129210.098
2020-04-04 16:00:00+00:00,6725.22,7020.0,6706.0,6851.1,135306.764
2020-04-05 00:00:00+00:00,6851.4,6893.44,6729.1,6769.3,66862.79
2020-04-05 08:00:00+00:00,6769.17,6825.68,6734.99,6779.8,67499.274
2020-04-05 16:00:00+00:00,6779.96,6853.15,6668.02,6768.9,104862.444
2020-04-06 00:00:00+00:00,6768.9,7100.0,6760.0,7024.02,150222.941
2020-04-06 08:00:00+00:00,7024.45,7159.69,7010.64,7139.13,151370.734
2020-04-06 16:00:00+00:00,7138.74,7370.0,7070.0,7325.73,159737.338
2020-04-07 00:00:00+00:00,7325.73,7450.0,7221.5,7372.29,140790.154
2020-04-07 08:00:00+00:00,7372.88,7457.0,7253.05,7312.81,145471.119
2020-04-07 16:00:00+00:00,7312.81,7381.53,7070.43,7192.9,133310.767
2020-04-08 00:00:00+00:00,7192.9,7417.83,7145.14,7319.55,109954.67
2020-04-08 08:00:00+00:00,7319.58,7343.46,7192.0,7273.79,122644.914
2020-04-08 16:00:00+00:00,7273.81,7390.0,7250.0,7357.66,99999.991
2020-04-09 00:00:00+00:00,7357.15,7365.69,7235.51,7325.57,70103.979
2020-04-09 08:00:00+00:00,7325.57,7345.0,7105.98,7277.9,151541.938
2020-04-09 16:00:00+00:00,7277.51,7311.76,7225.09,7278.65,71992.664
2020-04-10 00:00:00+00:00,7278.83,7290.0,6860.0,6919.58,177489.409
2020-04-10 08:00:00+00:00,6919.58,6966.07,6741.0,6766.65,154017.775
2020-04-10 16:00:00+00:00,6767.64,6946.96,6744.39,6857.82,108641.269
2020-04-11 00:00:00+00:00,6858.0,6944.28,6835.0,6873.0,65936.891
2020-04-11 08:00:00+00:00,6873.0,6893.4,6802.22,6830.0,70528.712
2020-04-11 16:00:00+00:00,6829.2,6885.69,6757.29,6874.18,87692.241
2020-04-12 00:00:00+00:00,6874.17,6908.0,6775.66,6825.48,52130.022
2020-04-12 08:00:00+00:00,6825.85,7028.0,6821.45,7014.12,98801.0
2020-04-12 16:00:00+00:00,7014.29,7173.98,6877.94,6900.52,170663.8
2020-04-13 00:00:00+00:00,6900.19,6900.99,6558.0,6694.93,159875.823
2020-04-13 08:00:00+00:00,6694.92,6830.0,6592.96,6760.5,167616.238
2020-04-13 16:00:00+00:00,6761.22,6890.38,6726.78,6834.0,94462.712
2020-04-14 00:00:00+00:00,6834.01,6916.55,6801.0,6815.11,71208.159
2020-04-14 08:00:00+00:00,6815.01,6946.0,6751.0,6900.59,122788.499
2020-04-14 16:00:00+00:00,6900.59,6975.6,6825.99,6864.11,86448.769
2020-04-15 00:00:00+00:00,6864.11,6929.0,6805.0,6860.1,64067.375
2020-04-15 08:00:00+00:00,6860.1,6878.02,6672.1,6699.85,132820.062
2020-04-15 16:00:00+00:00,6699.85,6769.0,6602.59,6616.89,84249.252
2020-04-16 00:00:00+00:00,6616.88,6984.7,6465.33,6888.35,200389.936
2020-04-16 08:00:00+00:00,6888.35,7172.26,6864.59,7040.85,208967.008
2020-04-16 16:00:00+00:00,7041.51,7190.92,6950.0,7098.15,150511.659
2020-04-17 00:00:00+00:00,7098.15,7134.09,7003.16,7039.01,88280.094
2020-04-17 08:00:00+00:00,7039.11,7122.64,6981.0,7031.14,111827.897
2020-04-17 16:00:00+00:00,7031.77,7140.0,7010.0,7022.44,77231.61
2020-04-18 00:00:00+00:00,7022.0,7118.14,7008.11,7084.46,47497.478
2020-04-18 08:00:00+00:00,7084.48,7264.62,7050.0,7238.83,104308.157
2020-04-18 16:00:00+00:00,7238.55,7290.0,7151.0,7242.42,74001.536
2020-04-19 00:00:00+00:00,7242.49,7258.42,7100.0,7142.31,70661.506
2020-04-19 08:00:00+00:00,7142.15,7178.0,7055.0,7093.27,75836.475
2020-04-19 16:00:00+00:00,7093.27,7199.0,7081.26,7118.03,70477.133
2020-04-20 00:00:00+00:00,7118.04,7208.55,7081.04,7179.7,66174.732
2020-04-20 08:00:00+00:00,7179.69,7182.0,6911.99,7065.24,161774.62
2020-04-20 16:00:00+00:00,7065.3,7080.0,6735.95,6825.29,217155.629
2020-04-21 00:00:00+00:00,6825.28,6912.0,6809.48,6873.32,65218.733
2020-04-21 08:00:00+00:00,6873.32,6889.99,6759.16,6828.96,127089.205
2020-04-21 16:00:00+00:00,6828.75,6940.0,6806.16,6838.0,95716.59
2020-04-22 00:00:00+00:00,6838.0,6959.0,6812.57,6934.96,77416.317
2020-04-22 08:00:00+00:00,6934.66,7128.61,6915.0,7105.69,143872.292
2020-04-22 16:00:00+00:00,7105.7,7154.9,7065.39,7120.06,85193.554
2020-04-23 00:00:00+00:00,7120.06,7178.0,7020.0,7056.41,91076.502
2020-04-23 08:00:00+00:00,7056.42,7802.38,7040.05,7528.14,261296.499
2020-04-23 16:00:00+00:00,7528.15,7619.0,7431.0,7483.35,120137.046
2020-04-24 00:00:00+00:00,7483.36,7585.0,7463.22,7566.61,74477.69
2020-04-24 08:00:00+00:00,7566.61,7612.91,7388.0,7504.13,145424.536
2020-04-24 16:00:00+00:00,7504.61,7546.97,7471.41,7504.11,58476.142
2020-04-25 00:00:00+00:00,7504.62,7590.0,7433.0,7558.47,55072.219
2020-04-25 08:00:00+00:00,7558.67,7722.33,7510.0,7531.27,123491.127
2020-04-25 16:00:00+00:00,7531.2,7566.0,7468.3,7534.01,64703.461
2020-04-26 00:00:00+00:00,7534.01,7579.0,7517.6,7542.4,42817.374
2020-04-26 08:00:00+00:00,7542.41,7709.57,7476.86,7543.82,143269.992
2020-04-26 16:00:00+00:00,7543.28,7697.39,7530.86,7694.17,83834.57
2020-04-27 00:00:00+00:00,7693.63,7795.6,7630.6,7697.0,123229.421
2020-04-27 08:00:00+00:00,7696.99,7738.0,7623.98,7673.75,92791.744
2020-04-27 16:00:00+00:00,7673.75,7780.0,7641.0,7774.0,74315.004
2020-04-28 00:00:00+00:00,7774.0,7780.0,7662.71,7707.99,74519.455
2020-04-28 08:00:00+00:00,7708.0,7760.0,7662.49,7716.24,87315.167
2020-04-28 16:00:00+00:00,7716.37,7767.08,7701.0,7735.75,55818.139
2020-04-29 00:00:00+00:00,7735.76,7964.4,7710.0,7943.25,155880.94
2020-04-29 08:00:00+00:00,7942.56,8388.0,7926.12,8353.85,286492.797
2020-04-29 16:00:00+00:00,8353.66,8988.66,8322.51,8784.2,428823.832
2020-04-30 00:00:00+00:00,8784.05,9479.77,8710.0,9179.29,376043.861
2020-04-30 08:00:00+00:00,9180.28,9229.57,8548.9,8778.86,327033.472
2020-04-30 16:00:00+00:00,8778.86,8896.22,8400.0,8624.76,241134.378
2020-05-01 00:00:00+00:00,8623.61,8840.0,8619.84,8773.25,88820.922
2020-05-01 08:00:00+00:00,8773.07,9065.0,8720.0,8730.0,207738.666
2020-05-01 16:00:00+00:00,8729.99,8899.0,8656.0,8830.52,121260.798
2020-05-02 00:00:00+00:00,8830.52,8862.1,8755.01,8803.32,65484.15
2020-05-02 08:00:00+00:00,8804.2,8974.4,8773.24,8942.97,111544.656
2020-05-02 16:00:00+00:00,8942.78,9020.0,8808.35,8975.18,118740.922
2020-05-03 00:00:00+00:00,8975.18,9200.0,8906.61,8995.65,154868.507
2020-05-03 08:00:00+00:00,8995.65,9146.32,8727.24,8817.73,196686.202
2020-05-03 16:00:00+00:00,8817.73,8960.0,8785.36,8900.0,99768.004
2020-05-04 00:00:00+00:00,8899.99,8943.88,8526.0,8653.3,176617.186
2020-05-04 08:00:00+00:00,8653.22,8861.0,8596.78,8848.0,138537.661
2020-05-04 16:00:00+00:00,8848.0,8954.94,8745.1,8873.98,124980.46
2020-05-05 00:00:00+00:00,8873.99,9118.17,8820.0,9020.52,138904.634
2020-05-05 08:00:00+00:00,9021.05,9078.51,8766.12,8844.68,171969.898
2020-05-05 16:00:00+00:00,8846.04,9045.67,8822.33,9022.78,99045.598
2020-05-06 00:00:00+00:00,9022.76,9071.98,8916.01,9019.7,97288.734
2020-05-06 08:00:00+00:00,9019.27,9393.59,8994.6,9277.99,258375.604
2020-05-06 16:00:00+00:00,9277.99,9405.0,9055.0,9148.27,152089.462
2020-05-07 00:00:00+00:00,9148.29,9379.0,9022.0,9312.13,144738.322
2020-05-07 08:00:00+00:00,9311.32,9630.0,9251.99,9518.55,231439.838
2020-05-07 16:00:00+00:00,9518.55,10080.0,9505.63,9995.0,362742.059
2020-05-08 00:00:00+00:00,9994.74,10045.03,9726.0,9818.52,178080.27
2020-05-08 08:00:00+00:00,9818.61,10024.98,9800.0,9949.28,161807.411
2020-05-08 16:00:00+00:00,9949.61,10017.21,9765.83,9807.49,118146.53
2020-05-09 00:00:00+00:00,9809.63,9923.98,9577.71,9609.65,147922.289
2020-05-09 08:00:00+00:00,9608.49,9730.49,9528.23,9698.04,143756.532
2020-05-09 16:00:00+00:00,9697.3,9804.9,9530.0,9550.67,120263.136
2020-05-10 00:00:00+00:00,9550.25,9580.0,7940.0,8807.73,438005.515
2020-05-10 08:00:00+00:00,8805.67,8900.2,8565.0,8649.62,170729.623
2020-05-10 16:00:00+00:00,8649.73,8837.4,8250.0,8719.53,234173.893
2020-05-11 00:00:00+00:00,8723.23,8800.0,8610.42,8660.96,100470.447
2020-05-11 08:00:00+00:00,8661.0,9164.0,8472.01,8880.01,350764.539
2020-05-11 16:00:00+00:00,8880.0,8925.0,8151.12,8561.09,353929.978
2020-05-12 00:00:00+00:00,8560.73,8777.77,8520.43,8651.42,96145.541
2020-05-12 08:00:00+00:00,8651.75,8939.99,8626.58,8863.5,154495.611
2020-05-12 16:00:00+00:00,8862.73,8981.0,8725.0,8808.71,119074.889
2020-05-13 00:00:00+00:00,8808.71,8971.0,8790.04,8867.64,77785.699
2020-05-13 08:00:00+00:00,8866.83,9180.48,8828.0,9135.32,158017.272
2020-05-13 16:00:00+00:00,9134.18,9397.0,9042.0,9305.91,143916.029
2020-05-14 00:00:00+00:00,9305.91,9544.53,9250.66,9502.66,129775.863
2020-05-14 08:00:00+00:00,9502.44,9950.0,9472.84,9743.59,313268.032
2020-05-14 16:00:00+00:00,9743.56,9876.0,9570.0,9786.8,159484.543
2020-05-15 00:00:00+00:00,9787.62,9843.5,9231.0,9669.98,187453.603
2020-05-15 08:00:00+00:00,9668.44,9700.0,9405.0,9472.45,150467.029
2020-05-15 16:00:00+00:00,9472.93,9532.19,9100.0,9310.73,166186.464
2020-05-16 00:00:00+00:00,9311.21,9585.0,9210.03,9385.86,114021.749
2020-05-16 08:00:00+00:00,9385.87,9529.53,9326.0,9375.34,95315.322
2020-05-16 16:00:00+00:00,9375.34,9439.0,9260.0,9374.99,78431.13
2020-05-17 00:00:00+00:00,9374.99,9572.38,9317.16,9536.32,76612.911
2020-05-17 08:00:00+00:00,9536.22,9880.0,9447.13,9818.43,136514.995
2020-05-17 16:00:00+00:00,9818.43,9836.72,9600.0,9678.57,87731.434
2020-05-18 00:00:00+00:00,9677.31,9958.67,9677.19,9782.66,132161.653
2020-05-18 08:00:00+00:00,9781.46,9795.0,9450.0,9663.3,147921.255
2020-05-18 16:00:00+00:00,9664.09,9753.18,9540.01,9731.1,83649.462
2020-05-19 00:00:00+00:00,9731.11,9739.0,9462.0,9570.18,97158.18
2020-05-19 08:00:00+00:00,9570.0,9900.0,9555.0,9685.0,205526.722
2020-05-19 16:00:00+00:00,9684.99,9795.0,9617.13,9773.64,73628.943
2020-05-20 00:00:00+00:00,9772.66,9838.0,9635.0,9762.0,85512.062
2020-05-20 08:00:00+00:00,9761.82,9808.0,9281.42,9410.03,142397.022
2020-05-20 16:00:00+00:00,9410.02,9594.7,9353.0,9508.11,106514.506
2020-05-21 00:00:00+00:00,9508.0,9573.0,9413.98,9453.5,63471.237
2020-05-21 08:00:00+00:00,9453.61,9498.49,8932.13,9082.3,241835.334
2020-05-21 16:00:00+00:00,9081.89,9159.87,8812.2,9060.0,156132.622
2020-05-22 00:00:00+00:00,9060.0,9128.58,8920.0,9077.28,105539.899
2020-05-22 08:00:00+00:00,9077.28,9219.58,9041.0,9219.58,97983.961
2020-05-22 16:00:00+00:00,9219.58,9259.38,9124.15,9166.4,72484.213
2020-05-23 00:00:00+00:00,9166.43,9300.0,9166.43,9252.01,57531.253
2020-05-23 08:00:00+00:00,9252.0,9253.82,9076.9,9195.46,87922.066
2020-05-23 16:00:00+00:00,9195.49,9245.33,9112.34,9176.41,56136.341
2020-05-24 00:00:00+00:00,9176.32,9293.0,9111.0,9251.22,53724.659
2020-05-24 08:00:00+00:00,9251.22,9294.44,9006.0,9050.0,112700.383
2020-05-24 16:00:00+00:00,9050.0,9090.0,8674.0,8711.37,173218.336
2020-05-25 00:00:00+00:00,8711.37,8868.2,8623.38,8861.64,87874.257
2020-05-25 08:00:00+00:00,8861.65,8876.6,8657.0,8775.67,124889.877
2020-05-25 16:00:00+00:00,8775.68,8977.0,8756.6,8895.65,90215.972
2020-05-26 00:00:00+00:00,8895.66,8963.0,8817.36,8951.96,72615.055
2020-05-26 08:00:00+00:00,8951.98,9011.82,8700.0,8720.48,135569.214
2020-05-26 16:00:00+00:00,8720.59,8877.33,8693.18,8837.05,67434.889
2020-05-27 00:00:00+00:00,8837.88,8892.0,8811.0,8841.85,46744.537
2020-05-27 08:00:00+00:00,8841.73,9230.0,8841.23,9143.0,145960.825
2020-05-27 16:00:00+00:00,9142.88,9215.0,9046.1,9197.32,79548.636
2020-05-28 00:00:00+00:00,9197.32,9280.0,9120.0,9146.2,71031.878
2020-05-28 08:00:00+00:00,9145.78,9521.76,9110.97,9494.98,160989.554
2020-05-28 16:00:00+00:00,9494.97,9621.65,9392.57,9569.59,95390.942
2020-05-29 00:00:00+00:00,9569.58,9598.0,9455.02,9516.52,62067.294
2020-05-29 08:00:00+00:00,9516.52,9590.0,9317.42,9407.25,126437.997
2020-05-29 16:00:00+00:00,9407.37,9450.0,9369.0,9422.26,50186.008
2020-05-30 00:00:00+00:00,9422.11,9596.0,9326.01,9523.52,87533.783
2020-05-30 08:00:00+00:00,9523.71,9582.17,9462.0,9537.11,66644.09
2020-05-30 16:00:00+00:00,9537.1,9753.0,9390.0,9695.0,101056.185
2020-05-31 00:00:00+00:00,9694.38,9698.0,9515.0,9563.11,65982.12
2020-05-31 08:00:00+00:00,9563.11,9638.0,9436.04,9478.23,83438.478
2020-05-31 16:00:00+00:00,9478.65,9533.3,9371.76,9446.43,70408.758
2020-06-01 00:00:00+00:00,9446.49,9615.0,9420.85,9563.56,67910.231
2020-06-01 08:00:00+00:00,9563.55,9587.49,9486.89,9541.71,62502.229
2020-06-01 16:00:00+00:00,9542.44,10497.25,9533.0,10232.48,203327.997
2020-06-02 00:00:00+00:00,10232.41,10262.3,10057.0,10126.25,87086.053
2020-06-02 08:00:00+00:00,10126.33,10196.0,9264.15,9467.9,187882.796
2020-06-02 16:00:00+00:00,9466.78,9548.97,9413.0,9514.9,79199.668
2020-06-03 00:00:00+00:00,9514.9,9540.0,9382.33,9504.0,55539.196
2020-06-03 08:00:00+00:00,9504.0,9644.0,9472.62,9554.18,79153.22
2020-06-03 16:00:00+00:00,9554.19,9694.75,9509.3,9663.59,50696.996
2020-06-04 00:00:00+00:00,9663.58,9684.85,9594.91,9644.81,42618.704
2020-06-04 08:00:00+00:00,9644.81,9850.0,9440.0,9828.11,138181.334
2020-06-04 16:00:00+00:00,9828.11,9884.0,9725.0,9788.33,83715.281
2020-06-05 00:00:00+00:00,9788.32,9845.63,9726.01,9775.02,52710.604
2020-06-05 08:00:00+00:00,9775.01,9855.0,9580.52,9707.09,137404.956
2020-06-05 16:00:00+00:00,9707.08,9749.0,9615.08,9617.29,46987.482
2020-06-06 00:00:00+00:00,9616.64,9645.0,9528.0,9609.51,50189.151
2020-06-06 08:00:00+00:00,9609.18,9738.77,9580.0,9649.01,56934.987
2020-06-06 16:00:00+00:00,9649.01,9720.0,9579.0,9664.0,45402.565
2020-06-07 00:00:00+00:00,9664.01,9715.26,9622.46,9654.99,32110.894
2020-06-07 08:00:00+00:00,9655.0,9678.09,9373.0,9495.71,113883.051
2020-06-07 16:00:00+00:00,9495.7,9823.13,9455.0,9743.92,107992.368
2020-06-08 00:00:00+00:00,9743.92,9779.0,9701.0,9725.0,37244.476
2020-06-08 08:00:00+00:00,9724.99,9816.0,9631.0,9706.49,75848.983
2020-06-08 16:00:00+00:00,9706.64,9800.0,9661.1,9778.87,48992.96
2020-06-09 00:00:00+00:00,9778.87,9890.0,9550.03,9680.46,84024.779
2020-06-09 08:00:00+00:00,9680.86,9750.0,9622.23,9717.86,61037.906
2020-06-09 16:00:00+00:00,9717.91,9832.52,9682.0,9771.66,59360.134
2020-06-10 00:00:00+00:00,9771.66,9811.25,9712.34,9749.0,44040.262
2020-06-10 08:00:00+00:00,9749.0,9777.77,9706.0,9757.58,36621.909
2020-06-10 16:00:00+00:00,9757.58,10015.99,9681.21,9884.99,112965.978
2020-06-11 00:00:00+00:00,9884.99,9970.1,9755.0,9801.0,88866.313
2020-06-11 08:00:00+00:00,9801.0,9828.0,9503.0,9525.02,130057.017
2020-06-11 16:00:00+00:00,9525.02,9572.64,9055.07,9278.03,185123.283
2020-06-12 00:00:00+00:00,9277.72,9461.0,9238.0,9433.68,53021.194
2020-06-12 08:00:00+00:00,9434.0,9550.0,9368.01,9415.89,89278.234
2020-06-12 16:00:00+00:00,9415.37,9484.98,9289.23,9458.91,69311.912
2020-06-13 00:00:00+00:00,9458.77,9472.0,9361.0,9431.93,33491.519
2020-06-13 08:00:00+00:00,9431.93,9464.0,9383.3,9433.97,38112.583
2020-06-13 16:00:00+00:00,9433.95,9497.85,9340.0,9468.54,41844.973
2020-06-14 00:00:00+00:00,9468.55,9477.0,9377.0,9412.65,27647.484
2020-06-14 08:00:00+00:00,9412.64,9437.26,9305.3,9414.3,53265.612
2020-06-14 16:00:00+00:00,9414.31,9429.16,9240.97,9339.61,63065.427
2020-06-15 00:00:00+00:00,9339.7,9368.32,8888.43,9114.76,177367.943
2020-06-15 08:00:00+00:00,9114.99,9310.85,9035.73,9290.01,120850.874
2020-06-15 16:00:00+00:00,9290.01,9490.83,9273.38,9422.01,115646.91
2020-06-16 00:00:00+00:00,9422.01,9595.0,9370.0,9499.98,83963.097
2020-06-16 08:00:00+00:00,9500.0,9588.0,9400.0,9449.66,96481.131
2020-06-16 16:00:00+00:00,9449.16,9533.8,9425.9,9519.12,45269.019
2020-06-17 00:00:00+00:00,9519.13,9529.57,9416.0,9508.72,52890.335
2020-06-17 08:00:00+00:00,9508.71,9569.0,9355.0,9393.05,79249.844
2020-06-17 16:00:00+00:00,9392.99,9468.97,9231.03,9458.45,95337.211
2020-06-18 00:00:00+00:00,9458.45,9464.0,9394.27,9435.96,33777.463
2020-06-18 08:00:00+00:00,9435.97,9483.85,9373.3,9383.56,57912.127
2020-06-18 16:00:00+00:00,9383.91,9415.5,9272.41,9381.59,66659.657
2020-06-19 00:00:00+00:00,9381.99,9382.21,9239.0,9294.99,73457.988
2020-06-19 08:00:00+00:00,9295.0,9453.0,9270.08,9377.15,76736.834
2020-06-19 16:00:00+00:00,9377.15,9380.0,9257.0,9307.0,69315.237
2020-06-20 00:00:00+00:00,9307.0,9345.05,9283.34,9298.05,30146.138
2020-06-20 08:00:00+00:00,9298.05,9385.0,9165.0,9256.0,76136.712
2020-06-20 16:00:00+00:00,9256.39,9394.29,9235.83,9354.04,48179.44
2020-06-21 00:00:00+00:00,9353.84,9420.47,9337.94,9364.0,38027.676
2020-06-21 08:00:00+00:00,9364.0,9386.79,9325.7,9370.0,30386.791
2020-06-21 16:00:00+00:00,9369.99,9375.0,9279.0,9293.51,42185.091
2020-06-22 00:00:00+00:00,9293.39,9450.0,9273.0,9416.73,61267.005
2020-06-22 08:00:00+00:00,9416.74,9508.0,9405.51,9489.82,62545.413
2020-06-22 16:00:00+00:00,9489.82,9795.0,9472.3,9686.99,136749.229
2020-06-23 00:00:00+00:00,9686.99,9723.23,9612.0,9668.13,52411.581
2020-06-23 08:00:00+00:00,9668.14,9698.0,9585.0,9695.89,70661.735
2020-06-23 16:00:00+00:00,9695.88,9700.0,9592.74,9631.66,41600.183
2020-06-24 00:00:00+00:00,9631.65,9678.0,9503.0,9519.0,55915.958
2020-06-24 08:00:00+00:00,9518.88,9555.83,9210.0,9255.47,172587.309
2020-06-24 16:00:00+00:00,9255.48,9348.76,9230.0,9298.4,71946.984
2020-06-25 00:00:00+00:00,9298.78,9310.23,9005.0,9169.44,113300.741
2020-06-25 08:00:00+00:00,9169.44,9333.12,9157.74,9235.45,99677.6
2020-06-25 16:00:00+00:00,9235.44,9350.9,9207.64,9246.75,59588.161
2020-06-26 00:00:00+00:00,9246.75,9297.16,9087.04,9143.88,72416.11
2020-06-26 08:00:00+00:00,9143.66,9258.88,9038.52,9148.85,129705.092
2020-06-26 16:00:00+00:00,9148.85,9218.33,9087.42,9159.99,47227.468
2020-06-27 00:00:00+00:00,9159.99,9195.75,9102.91,9174.46,37715.356
2020-06-27 08:00:00+00:00,9174.37,9195.0,9107.34,9130.0,44372.995
2020-06-27 16:00:00+00:00,9130.0,9147.0,8816.4,9008.0,155751.814
2020-06-28 00:00:00+00:00,9008.0,9036.68,8932.68,9021.73,38611.886
2020-06-28 08:00:00+00:00,9021.73,9173.9,9000.43,9153.88,68150.814
2020-06-28 16:00:00+00:00,9153.97,9188.0,9070.0,9114.0,47080.191
2020-06-29 00:00:00+00:00,9114.01,9146.0,9061.0,9095.0,38641.515
2020-06-29 08:00:00+00:00,9095.0,9136.66,9022.0,9121.78,75149.082
2020-06-29 16:00:00+00:00,9121.78,9233.0,9101.0,9189.48,62869.928
2020-06-30 00:00:00+00:00,9189.99,9205.0,9111.8,9144.31,37226.979
2020-06-30 08:00:00+00:00,9144.31,9188.0,9063.97,9169.41,69132.225
2020-06-30 16:00:00+00:00,9169.22,9180.0,9095.0,9138.87,37110.628
2020-07-01 00:00:00+00:00,9138.88,9162.88,9090.0,9136.45,34614.078
2020-07-01 08:00:00+00:00,9136.45,9268.95,9135.0,9263.75,78342.809
2020-07-01 16:00:00+00:00,9263.75,9293.0,9210.0,9233.29,48685.298
2020-07-02 00:00:00+00:00,9233.29,9262.99,9177.0,9209.37,39832.236
2020-07-02 08:00:00+00:00,9209.38,9258.0,9011.0,9049.61,98316.66
2020-07-02 16:00:00+00:00,9049.62,9150.0,8936.0,9087.72,92598.623
2020-07-03 00:00:00+00:00,9087.72,9121.77,9065.82,9103.89,25317.364
2020-07-03 08:00:00+00:00,9103.88,9124.52,9036.06,9098.25,45050.982
2020-07-03 16:00:00+00:00,9098.24,9113.0,9041.0,9057.52,26578.992
2020-07-04 00:00:00+00:00,9058.07,9097.7,9045.37,9074.41,20757.618
2020-07-04 08:00:00+00:00,9074.41,9085.0,9042.84,9066.49,23743.603
2020-07-04 16:00:00+00:00,9066.49,9194.0,9062.0,9137.18,55714.217
2020-07-05 00:00:00+00:00,9137.18,9146.35,9040.0,9062.52,34068.637
2020-07-05 08:00:00+00:00,9062.51,9076.02,8986.51,9028.98,54185.144
2020-07-05 16:00:00+00:00,9028.98,9100.0,8900.0,9071.86,51291.785
2020-07-06 00:00:00+00:00,9071.87,9238.23,9058.1,9199.71,61506.627
2020-07-06 08:00:00+00:00,9199.72,9320.0,9171.0,9302.99,73173.768
2020-07-06 16:00:00+00:00,9302.99,9379.0,9255.1,9339.6,64963.433
2020-07-07 00:00:00+00:00,9339.59,9380.0,9237.05,9260.99,47534.94
2020-07-07 08:00:00+00:00,9260.99,9295.55,9220.0,9274.99,46145.33
2020-07-07 16:00:00+00:00,9274.99,9286.49,9201.23,9258.51,34153.705
2020-07-08 00:00:00+00:00,9258.51,9320.0,9233.47,9282.85,41358.651
2020-07-08 08:00:00+00:00,9282.86,9470.0,9264.53,9410.92,89212.681
2020-07-08 16:00:00+00:00,9410.91,9466.0,9381.64,9436.08,39671.669
2020-07-09 00:00:00+00:00,9436.08,9440.81,9360.0,9404.08,35790.218
2020-07-09 08:00:00+00:00,9404.08,9435.0,9164.33,9211.0,107961.527
2020-07-09 16:00:00+00:00,9210.99,9255.25,9190.32,9236.28,44604.111
2020-07-10 00:00:00+00:00,9236.29,9239.0,9121.42,9153.71,52462.497
2020-07-10 08:00:00+00:00,9153.85,9249.55,9152.0,9245.55,51041.173
2020-07-10 16:00:00+00:00,9245.43,9317.24,9207.0,9288.39,37346.204
2020-07-11 00:00:00+00:00,9288.39,9301.74,9254.0,9269.98,21309.867
2020-07-11 08:00:00+00:00,9269.97,9271.7,9178.91,9223.92,35258.363
2020-07-11 16:00:00+00:00,9223.92,9254.27,9202.35,9233.5,18408.291
2020-07-12 00:00:00+00:00,9233.5,9295.0,9231.03,9256.21,24246.53
2020-07-12 08:00:00+00:00,9256.21,9349.0,9180.17,9214.35,58380.45
2020-07-12 16:00:00+00:00,9214.35,9332.0,9155.0,9300.69,45214.902
2020-07-13 00:00:00+00:00,9300.7,9320.0,9237.32,9269.95,29121.909
2020-07-13 08:00:00+00:00,9269.96,9345.0,9265.0,9290.28,52664.47
2020-07-13 16:00:00+00:00,9290.29,9320.0,9200.0,9241.2,54331.28
2020-07-14 00:00:00+00:00,9241.18,9245.47,9152.0,9180.56,39081.131
2020-07-14 08:00:00+00:00,9180.56,9244.44,9116.0,9220.79,57393.067
2020-07-14 16:00:00+00:00,9220.78,9279.0,9211.0,9254.17,33230.08
2020-07-15 00:00:00+00:00,9254.17,9272.56,9216.01,9227.83,18682.25
2020-07-15 08:00:00+00:00,9227.83,9248.0,9190.0,9204.21,42409.019
2020-07-15 16:00:00+00:00,9204.2,9234.0,9156.0,9197.3,43016.439
2020-07-16 00:00:00+00:00,9197.75,9223.0,9080.0,9124.21,48072.836
2020-07-16 08:00:00+00:00,9124.2,9140.98,9044.02,9123.0,69977.825
2020-07-16 16:00:00+00:00,9123.0,9150.0,9091.25,9132.0,30038.789
2020-07-17 00:00:00+00:00,9132.0,9138.89,9087.0,9110.0,19740.67
2020-07-17 08:00:00+00:00,9110.0,9187.0,9096.9,9146.19,43179.849
2020-07-17 16:00:00+00:00,9146.19,9175.03,9128.33,9151.69,18020.065
2020-07-18 00:00:00+00:00,9151.7,9163.88,9121.98,9132.24,15558.204
2020-07-18 08:00:00+00:00,9132.23,9210.0,9125.05,9171.25,28590.675
2020-07-18 16:00:00+00:00,9171.25,9205.02,9151.2,9171.8,19084.717
2020-07-19 00:00:00+00:00,9171.79,9182.45,9142.63,9157.03,14475.652
2020-07-19 08:00:00+00:00,9157.02,9161.0,9108.0,9124.5,24713.008
2020-07-19 16:00:00+00:00,9124.5,9239.59,9120.68,9210.51,36365.919
2020-07-20 00:00:00+00:00,9210.68,9221.0,9170.0,9183.24,19434.231
2020-07-20 08:00:00+00:00,9183.24,9193.98,9131.01,9172.47,28643.841
2020-07-20 16:00:00+00:00,9172.48,9203.83,9145.0,9161.13,24351.619
2020-07-21 00:00:00+00:00,9161.28,9377.89,9152.62,9314.87,64797.296
2020-07-21 08:00:00+00:00,9315.0,9439.6,9300.01,9338.45,87061.49
2020-07-21 16:00:00+00:00,9338.44,9389.94,9320.67,9388.01,27352.561
2020-07-22 00:00:00+00:00,9388.0,9389.06,9272.0,9301.44,30338.494
2020-07-22 08:00:00+00:00,9301.44,9356.21,9292.56,9338.53,30377.104
2020-07-22 16:00:00+00:00,9338.53,9543.0,9327.0,9518.25,65883.304
2020-07-23 00:00:00+00:00,9518.25,9532.36,9463.0,9495.17,35524.246
2020-07-23 08:00:00+00:00,9495.18,9599.92,9439.86,9527.4,59233.765
2020-07-23 16:00:00+00:00,9527.39,9678.32,9512.42,9604.41,72232.136
2020-07-24 00:00:00+00:00,9604.41,9608.14,9470.0,9514.31,43102.988
2020-07-24 08:00:00+00:00,9514.3,9570.16,9490.0,9554.14,38053.036
2020-07-24 16:00:00+00:00,9554.76,9650.0,9515.0,9539.7,52819.044
2020-07-25 00:00:00+00:00,9539.7,9630.37,9526.31,9574.68,31184.063
2020-07-25 08:00:00+00:00,9574.68,9614.05,9555.0,9594.87,27823.28
2020-07-25 16:00:00+00:00,9594.86,9735.1,9575.96,9701.49,74370.246
2020-07-26 00:00:00+00:00,9701.54,9740.0,9655.2,9719.99,26768.087
2020-07-26 08:00:00+00:00,9719.98,10300.0,9705.0,9967.76,187660.689
2020-07-26 16:00:00+00:00,9968.64,9995.99,9850.0,9939.69,47570.01
2020-07-27 00:00:00+00:00,9939.68,10360.0,9928.61,10168.0,172601.914
2020-07-27 08:00:00+00:00,10167.99,10458.58,10128.99,10310.11,172768.076
2020-07-27 16:00:00+00:00,10310.11,11488.0,10304.1,11047.58,399382.41
2020-07-28 00:00:00+00:00,11047.58,11270.0,10837.39,10897.26,165839.72
2020-07-28 08:00:00+00:00,10897.27,11198.0,10580.0,11165.07,212380.908
2020-07-28 16:00:00+00:00,11165.07,11193.48,10855.0,10919.94,121266.051
2020-07-29 00:00:00+00:00,10919.94,11095.5,10844.34,11027.64,68553.033
2020-07-29 08:00:00+00:00,11027.65,11320.0,10922.0,11174.78,150323.734
2020-07-29 16:00:00+00:00,11173.32,11364.8,11054.68,11113.03,137311.994
2020-07-30 00:00:00+00:00,11113.01,11137.0,10905.0,10952.87,77539.289
2020-07-30 08:00:00+00:00,10952.98,11057.24,10826.55,11020.31,78138.265
2020-07-30 16:00:00+00:00,11020.32,11195.52,10983.11,11111.96,74650.434
2020-07-31 00:00:00+00:00,11111.97,11166.0,10971.78,11140.65,58913.425
2020-07-31 08:00:00+00:00,11141.0,11390.0,11100.0,11355.05,122657.844
2020-07-31 16:00:00+00:00,11355.05,11450.42,11223.0,11343.68,125828.462
2020-08-01 00:00:00+00:00,11343.67,11765.05,11201.0,11666.32,137381.644
2020-08-01 08:00:00+00:00,11666.32,11743.34,11505.0,11642.13,108898.335
2020-08-01 16:00:00+00:00,11642.13,11887.45,11580.0,11811.42,140042.663
2020-08-02 00:00:00+00:00,11811.43,12154.25,10490.0,11327.7,274164.612
2020-08-02 08:00:00+00:00,11327.7,11351.0,10915.42,11093.91,137659.235
2020-08-02 16:00:00+00:00,11093.91,11297.98,11001.0,11079.72,80979.504
2020-08-03 00:00:00+00:00,11080.7,11260.89,10923.0,11207.1,58226.743
2020-08-03 08:00:00+00:00,11207.1,11394.06,11133.73,11392.33,79015.614
2020-08-03 16:00:00+00:00,11392.33,11483.0,11140.09,11227.07,101412.234
2020-08-04 00:00:00+00:00,11227.07,11427.38,11206.0,11298.66,56444.475
2020-08-04 08:00:00+00:00,11298.66,11324.56,11025.0,11220.32,97950.928
2020-08-04 16:00:00+00:00,11220.32,11280.0,11141.0,11200.05,45649.531
2020-08-05 00:00:00+00:00,11200.06,11337.35,11103.0,11286.62,42847.562
2020-08-05 08:00:00+00:00,11286.62,11705.88,11283.0,11672.0,135854.316
2020-08-05 16:00:00+00:00,11672.01,11798.56,11518.02,11752.5,84808.133
2020-08-06 00:00:00+00:00,11752.5,11813.0,11571.78,11641.13,60536.232
2020-08-06 08:00:00+00:00,11641.13,11893.09,11635.22,11850.0,93666.686
2020-08-06 16:00:00+00:00,11849.97,11916.02,11613.05,11770.56,82256.677
2020-08-07 00:00:00+00:00,11769.97,11920.0,11732.0,11785.84,58243.14
2020-08-07 08:00:00+00:00,11786.45,11855.0,11488.0,11647.96,100181.644
2020-08-07 16:00:00+00:00,11647.96,11668.46,11318.93,11596.06,115510.343
2020-08-08 00:00:00+00:00,11596.26,11657.88,11513.69,11588.0,36908.088
2020-08-08 08:00:00+00:00,11588.0,11819.0,11565.0,11745.26,61043.908
2020-08-08 16:00:00+00:00,11745.25,11790.9,11575.0,11765.72,56755.307
2020-08-09 00:00:00+00:00,11765.72,11811.0,11641.0,11709.0,35984.034
2020-08-09 08:00:00+00:00,11709.0,11727.0,11542.0,11575.09,50763.778
2020-08-09 16:00:00+00:00,11575.08,11700.0,11526.9,11685.99,38715.651
2020-08-10 00:00:00+00:00,11685.99,12100.0,11685.99,11980.72,103960.513
2020-08-10 08:00:00+00:00,11980.72,12023.13,11384.9,11930.8,130734.296
2020-08-10 16:00:00+00:00,11930.96,11968.08,11760.0,11896.89,55723.205
2020-08-11 00:00:00+00:00,11896.86,11944.0,11712.0,11757.66,53795.259
2020-08-11 08:00:00+00:00,11757.66,11780.0,11340.0,11493.15,122437.308
2020-08-11 16:00:00+00:00,11493.15,11560.0,11127.0,11392.64,160629.071
2020-08-12 00:00:00+00:00,11392.64,11488.0,11140.0,11450.69,89190.356
2020-08-12 08:00:00+00:00,11450.77,11630.0,11425.0,11584.09,76586.609
2020-08-12 16:00:00+00:00,11584.09,11620.0,11472.63,11568.36,48022.526
2020-08-13 00:00:00+00:00,11568.37,11667.96,11501.0,11519.82,44452.947
2020-08-13 08:00:00+00:00,11519.44,11634.72,11272.0,11505.16,122849.025
2020-08-13 16:00:00+00:00,11505.01,11798.0,11450.0,11790.0,80912.753
2020-08-14 00:00:00+00:00,11790.0,11850.0,11644.6,11706.99,53226.055
2020-08-14 08:00:00+00:00,11706.99,11785.0,11645.0,11748.52,47245.335
2020-08-14 16:00:00+00:00,11748.44,11868.42,11708.0,11767.89,58548.569
2020-08-15 00:00:00+00:00,11767.89,11993.58,11767.89,11902.08,64564.234
2020-08-15 08:00:00+00:00,11902.08,11946.74,11682.0,11858.01,79375.596
2020-08-15 16:00:00+00:00,11859.44,11988.0,11740.0,11859.04,78323.157
2020-08-16 00:00:00+00:00,11858.91,11945.0,11780.0,11873.14,47523.052
2020-08-16 08:00:00+00:00,11873.08,11900.0,11688.0,11867.06,79193.112
2020-08-16 16:00:00+00:00,11867.06,11930.0,11800.47,11921.23,39017.557
2020-08-17 00:00:00+00:00,11921.32,11947.0,11780.0,11816.96,49300.642
2020-08-17 08:00:00+00:00,11816.96,12490.0,11799.26,12443.99,179936.99
2020-08-17 16:00:00+00:00,12443.99,12499.42,12224.88,12298.06,102197.48
2020-08-18 00:00:00+00:00,12298.06,12403.0,12206.0,12275.56,62825.36
2020-08-18 08:00:00+00:00,12275.62,12321.0,11810.0,11950.01,164463.446
2020-08-18 16:00:00+00:00,11950.01,12100.0,11866.6,11960.79,64061.082
2020-08-19 00:00:00+00:00,11962.03,12037.05,11620.0,11830.99,125425.051
2020-08-19 08:00:00+00:00,11830.99,11922.5,11705.05,11735.22,87224.84
2020-08-19 16:00:00+00:00,11735.02,11796.0,11574.78,11763.87,100617.175
2020-08-20 00:00:00+00:00,11763.88,11833.97,11676.03,11710.37,48504.609
2020-08-20 08:00:00+00:00,11710.69,11875.0,11690.47,11860.95,53593.859
2020-08-20 16:00:00+00:00,11861.0,11888.0,11811.36,11857.92,28882.576
2020-08-21 00:00:00+00:00,11858.53,11882.68,11785.06,11842.01,29956.976
2020-08-21 08:00:00+00:00,11842.01,11842.01,11628.79,11725.67,70238.954
2020-08-21 16:00:00+00:00,11725.86,11777.0,11491.0,11538.53,94910.606
2020-08-22 00:00:00+00:00,11538.53,11596.0,11385.06,11584.77,63940.485
2020-08-22 08:00:00+00:00,11584.77,11645.66,11550.0,11587.13,36767.997
2020-08-22 16:00:00+00:00,11587.0,11689.08,11560.0,11670.47,25988.248
2020-08-23 00:00:00+00:00,11670.48,11695.9,11565.0,11621.61,23769.459
2020-08-23 08:00:00+00:00,11621.6,11675.0,11522.15,11655.48,43891.493
2020-08-23 16:00:00+00:00,11655.47,11724.0,11625.0,11654.0,27947.081
2020-08-24 00:00:00+00:00,11654.0,11780.0,11595.0,11761.52,37753.556
2020-08-24 08:00:00+00:00,11762.14,11831.96,11731.29,11768.0,43623.159
2020-08-24 16:00:00+00:00,11767.87,11790.0,11706.61,11753.3,27404.41
2020-08-25 00:00:00+00:00,11753.29,11770.0,11556.0,11594.96,47522.209
2020-08-25 08:00:00+00:00,11594.96,11662.71,11344.4,11431.11,109064.786
2020-08-25 16:00:00+00:00,11431.1,11459.38,11130.0,11327.17,110647.776
2020-08-26 00:00:00+00:00,11327.18,11408.95,11257.71,11353.29,43371.814
2020-08-26 08:00:00+00:00,11353.3,11510.35,11255.95,11484.57,87967.901
2020-08-26 16:00:00+00:00,11484.57,11548.68,11436.31,11466.22,38965.309
2020-08-27 00:00:00+00:00,11466.22,11486.61,11335.0,11411.33,38893.087
2020-08-27 08:00:00+00:00,11411.32,11593.0,11257.8,11329.47,127465.909
2020-08-27 16:00:00+00:00,11329.47,11371.0,11130.82,11335.53,87419.346
2020-08-28 00:00:00+00:00,11335.83,11447.62,11283.19,11382.52,41344.018
2020-08-28 08:00:00+00:00,11382.52,11538.6,11360.0,11531.42,57432.338
2020-08-28 16:00:00+00:00,11531.42,11544.88,11456.34,11526.85,30701.271
2020-08-29 00:00:00+00:00,11526.85,11582.0,11465.0,11558.99,25499.817
2020-08-29 08:00:00+00:00,11558.99,11573.32,11419.34,11501.59,36487.239
2020-08-29 16:00:00+00:00,11501.59,11549.99,11459.73,11466.66,21728.173
2020-08-30 00:00:00+00:00,11466.27,11656.85,11457.88,11595.34,36741.958
2020-08-30 08:00:00+00:00,11595.26,11665.0,11556.0,11618.57,39644.462
2020-08-30 16:00:00+00:00,11618.44,11724.12,11583.29,11714.14,36880.252
2020-08-31 00:00:00+00:00,11714.13,11730.0,11604.3,11625.35,30101.819
2020-08-31 08:00:00+00:00,11625.35,11784.21,11575.78,11748.99,64232.896
2020-08-31 16:00:00+00:00,11749.0,11759.0,11621.14,11658.11,32937.663
2020-09-01 00:00:00+00:00,11658.11,11956.2,11531.34,11933.08,77271.839
2020-09-01 08:00:00+00:00,11934.24,12055.16,11812.0,12049.13,79121.624
2020-09-01 16:00:00+00:00,12049.12,12061.07,11867.0,11930.18,55287.365
2020-09-02 00:00:00+00:00,11930.17,11961.0,11730.02,11737.67,63266.024
2020-09-02 08:00:00+00:00,11737.66,11765.0,11156.0,11340.25,163386.556
2020-09-02 16:00:00+00:00,11340.84,11446.64,11246.04,11396.96,53759.384
2020-09-03 00:00:00+00:00,11396.44,11450.0,11251.0,11408.58,64567.379
2020-09-03 08:00:00+00:00,11408.61,11475.0,10443.6,10683.59,246812.86
2020-09-03 16:00:00+00:00,10683.82,10800.0,9901.16,10141.08,176432.498
2020-09-04 00:00:00+00:00,10141.4,10347.99,10056.0,10295.64,117704.434
2020-09-04 08:00:00+00:00,10295.78,10530.37,9878.65,10427.24,215188.44
2020-09-04 16:00:00+00:00,10428.91,10635.77,10306.29,10448.0,99670.967
2020-09-05 00:00:00+00:00,10448.0,10567.87,10356.48,10404.88,72839.424
2020-09-05 08:00:00+00:00,10404.88,10404.89,9975.85,10274.78,151331.739
2020-09-05 16:00:00+00:00,10274.95,10302.19,9808.58,10168.71,175136.119
2020-09-06 00:00:00+00:00,10168.23,10260.59,10003.0,10232.56,74164.334
2020-09-06 08:00:00+00:00,10232.42,10303.0,10125.56,10176.25,61994.04
2020-09-06 16:00:00+00:00,10176.25,10348.97,10145.34,10258.13,54049.28
2020-09-07 00:00:00+00:00,10258.13,10315.13,10050.01,10116.19,49582.968
2020-09-07 08:00:00+00:00,10116.2,10188.54,9879.68,10147.19,137784.771
2020-09-07 16:00:00+00:00,10147.25,10420.55,10089.15,10378.76,71109.21
2020-09-08 00:00:00+00:00,10379.3,10443.79,10227.15,10269.9,48913.927
2020-09-08 08:00:00+00:00,10270.81,10343.4,9923.08,10101.92,153821.62
2020-09-08 16:00:00+00:00,10102.36,10241.38,9842.01,10129.02,115066.775
2020-09-09 00:00:00+00:00,10130.0,10200.0,9981.13,10191.96,52629.576
2020-09-09 08:00:00+00:00,10191.92,10288.0,10143.0,10246.0,55462.336
2020-09-09 16:00:00+00:00,10246.0,10346.0,10176.0,10219.29,43130.777
2020-09-10 00:00:00+00:00,10219.29,10421.03,10211.67,10274.01,59214.806
2020-09-10 08:00:00+00:00,10274.19,10484.6,10233.0,10414.51,74806.896
2020-09-10 16:00:00+00:00,10414.51,10443.51,10250.01,10335.91,53646.171
2020-09-11 00:00:00+00:00,10335.91,10380.5,10200.8,10260.0,51830.353
2020-09-11 08:00:00+00:00,10260.0,10334.99,10251.32,10319.09,51713.05
2020-09-11 16:00:00+00:00,10319.09,10397.85,10270.0,10387.81,32385.9
2020-09-12 00:00:00+00:00,10387.81,10399.96,10303.53,10343.7,22786.556
2020-09-12 08:00:00+00:00,10343.7,10380.0,10271.0,10359.86,34646.364
2020-09-12 16:00:00+00:00,10359.86,10477.7,10349.0,10438.28,39996.117
2020-09-13 00:00:00+00:00,10438.29,10580.0,10402.0,10540.08,35994.888
2020-09-13 08:00:00+00:00,10540.05,10557.52,10260.0,10281.78,74112.604
2020-09-13 16:00:00+00:00,10281.78,10329.99,10209.01,10327.72,48914.351
2020-09-14 00:00:00+00:00,10327.72,10400.0,10241.57,10395.81,36287.996
2020-09-14 08:00:00+00:00,10396.23,10692.23,10320.79,10688.0,111931.922
2020-09-14 16:00:00+00:00,10687.99,10746.06,10614.09,10664.1,57040.318
2020-09-15 00:00:00+00:00,10664.1,10838.96,10643.45,10735.41,53495.629
2020-09-15 08:00:00+00:00,10735.06,10923.42,10592.0,10781.0,128797.185
2020-09-15 16:00:00+00:00,10780.01,10869.99,10690.37,10776.78,65364.416
2020-09-16 00:00:00+00:00,10776.88,10937.52,10661.9,10910.7,71224.922
2020-09-16 08:00:00+00:00,10910.68,11021.93,10820.0,10998.0,100486.115
2020-09-16 16:00:00+00:00,10998.0,11089.08,10934.77,10948.17,81169.982
2020-09-17 00:00:00+00:00,10948.16,11040.0,10838.2,10878.42,66121.138
2020-09-17 08:00:00+00:00,10878.42,10899.62,10740.0,10833.0,78634.594
2020-09-17 16:00:00+00:00,10833.0,10969.75,10791.82,10935.33,41728.629
2020-09-18 00:00:00+00:00,10935.97,10979.79,10870.63,10948.05,34550.679
2020-09-18 08:00:00+00:00,10948.05,11035.0,10861.96,10892.7,58827.432
2020-09-18 16:00:00+00:00,10892.71,10938.07,10810.1,10926.29,42650.24
2020-09-19 00:00:00+00:00,10926.3,10974.99,10891.9,10892.64,25094.345
2020-09-19 08:00:00+00:00,10892.63,11177.0,10880.0,11082.99,69794.47
2020-09-19 16:00:00+00:00,11082.99,11112.04,11000.4,11073.74,31350.417
2020-09-20 00:00:00+00:00,11073.2,11073.9,10890.29,10956.63,46434.235
2020-09-20 08:00:00+00:00,10956.63,10977.94,10785.0,10829.0,51040.501
2020-09-20 16:00:00+00:00,10829.27,10938.83,10751.0,10914.28,52975.826
2020-09-21 00:00:00+00:00,10915.52,10980.69,10882.91,10896.0,43236.006
2020-09-21 08:00:00+00:00,10896.0,10907.32,10281.0,10415.61,216813.84
2020-09-21 16:00:00+00:00,10415.61,10532.95,10352.06,10414.73,72997.299
2020-09-22 00:00:00+00:00,10414.73,10499.35,10353.1,10374.05,60746.255
2020-09-22 08:00:00+00:00,10374.23,10518.55,10373.0,10448.68,71390.592
2020-09-22 16:00:00+00:00,10448.68,10574.08,10444.09,10523.32,47763.839
2020-09-23 00:00:00+00:00,10523.32,10529.0,10374.12,10423.76,47330.691
2020-09-23 08:00:00+00:00,10423.77,10531.94,10398.45,10446.46,50678.016
2020-09-23 16:00:00+00:00,10446.46,10489.73,10132.21,10237.91,105018.835
2020-09-24 00:00:00+00:00,10237.91,10352.0,10191.0,10334.99,47823.382
2020-09-24 08:00:00+00:00,10335.0,10542.66,10276.91,10532.65,87181.719
2020-09-24 16:00:00+00:00,10532.65,10837.27,10529.25,10724.92,106641.472
2020-09-25 00:00:00+00:00,10724.91,10754.29,10613.39,10682.49,43323.827
2020-09-25 08:00:00+00:00,10682.49,10682.49,10551.56,10640.81,80546.937
2020-09-25 16:00:00+00:00,10640.81,10748.68,10620.4,10683.51,47060.009
2020-09-26 00:00:00+00:00,10683.5,10827.8,10642.23,10701.39,48106.418
2020-09-26 08:00:00+00:00,10701.39,10738.99,10659.54,10718.63,31806.264
2020-09-26 16:00:00+00:00,10718.29,10776.68,10678.03,10726.5,29427.809
2020-09-27 00:00:00+00:00,10726.5,10793.5,10620.0,10667.25,44014.702
2020-09-27 08:00:00+00:00,10667.26,10763.5,10584.0,10750.0,47031.324
2020-09-27 16:00:00+00:00,10749.99,10776.45,10700.0,10768.0,32394.69
2020-09-28 00:00:00+00:00,10768.0,11024.0,10767.99,10852.93,70174.422
2020-09-28 08:00:00+00:00,10852.92,10939.99,10829.23,10898.97,59501.843
2020-09-28 16:00:00+00:00,10898.97,10913.96,10627.19,10691.45,57429.112
2020-09-29 00:00:00+00:00,10691.94,10744.54,10655.0,10722.0,37779.686
2020-09-29 08:00:00+00:00,10722.01,10797.0,10700.11,10722.5,46884.763
2020-09-29 16:00:00+00:00,10722.49,10863.94,10631.49,10836.98,62223.87
2020-09-30 00:00:00+00:00,10836.99,10845.99,10669.25,10700.95,44618.402
2020-09-30 08:00:00+00:00,10701.6,10789.6,10660.05,10773.26,43181.861
2020-09-30 16:00:00+00:00,10772.64,10796.0,10676.23,10773.0,45033.853
2020-10-01 00:00:00+00:00,10773.0,10850.0,10773.0,10817.81,35712.629
2020-10-01 08:00:00+00:00,10817.82,10935.14,10706.03,10710.35,80086.663
2020-10-01 16:00:00+00:00,10710.36,10713.0,10442.0,10612.63,137820.33
2020-10-02 00:00:00+00:00,10612.62,10660.0,10378.38,10483.88,88318.529
2020-10-02 08:00:00+00:00,10483.89,10599.67,10371.03,10507.17,91351.013
2020-10-02 16:00:00+00:00,10507.18,10578.54,10460.0,10565.15,45077.495
2020-10-03 00:00:00+00:00,10565.44,10571.73,10491.11,10523.67,23173.865
2020-10-03 08:00:00+00:00,10523.49,10558.83,10493.86,10536.95,27345.693
2020-10-03 16:00:00+00:00,10536.95,10596.0,10520.88,10537.96,25796.353
2020-10-04 00:00:00+00:00,10537.96,10648.0,10514.0,10607.86,28478.253
2020-10-04 08:00:00+00:00,10607.86,10616.0,10564.39,10586.81,24053.498
2020-10-04 16:00:00+00:00,10586.81,10694.0,10572.74,10660.16,38380.354
2020-10-05 00:00:00+00:00,10660.16,10738.77,10608.9,10677.99,41203.782
2020-10-05 08:00:00+00:00,10677.99,10770.49,10650.0,10718.57,49761.639
2020-10-05 16:00:00+00:00,10718.58,10792.0,10675.5,10785.0,39623.716
2020-10-06 00:00:00+00:00,10784.99,10792.0,10701.0,10705.0,34617.351
2020-10-06 08:00:00+00:00,10705.0,10753.0,10613.0,10726.87,68041.599
2020-10-06 16:00:00+00:00,10726.87,10743.99,10510.66,10593.65,82236.3
2020-10-07 00:00:00+00:00,10593.65,10624.98,10540.29,10612.16,35294.169
2020-10-07 08:00:00+00:00,10612.17,10645.62,10563.08,10624.88,42189.521
2020-10-07 16:00:00+00:00,10624.87,10675.0,10593.0,10658.75,29216.832
2020-10-08 00:00:00+00:00,10658.75,10664.77,10557.14,10586.29,33739.692
2020-10-08 08:00:00+00:00,10586.3,10958.0,10523.0,10892.69,125009.486
2020-10-08 16:00:00+00:00,10892.69,10951.99,10836.34,10919.45,49189.683
2020-10-09 00:00:00+00:00,10919.45,10934.43,10818.44,10888.66,30971.601
2020-10-09 08:00:00+00:00,10888.66,11110.0,10863.81,11083.37,87202.472
2020-10-09 16:00:00+00:00,11083.8,11103.61,11011.0,11050.47,36162.745
2020-10-10 00:00:00+00:00,11050.46,11494.0,11050.46,11381.99,96189.639
2020-10-10 08:00:00+00:00,11381.99,11421.41,11237.49,11352.85,64867.97
2020-10-10 16:00:00+00:00,11352.5,11378.26,11264.4,11294.79,38340.403
2020-10-11 00:00:00+00:00,11294.78,11399.86,11273.77,11353.96,30693.909
2020-10-11 08:00:00+00:00,11353.96,11450.73,11330.26,11404.69,58553.516
2020-10-11 16:00:00+00:00,11404.7,11429.09,11278.0,11369.59,57075.651
2020-10-12 00:00:00+00:00,11369.59,11417.76,11327.9,11376.31,37612.033
2020-10-12 08:00:00+00:00,11376.24,11600.0,11157.0,11551.71,128761.31
2020-10-12 16:00:00+00:00,11551.67,11732.0,11435.0,11530.36,87843.86
2020-10-13 00:00:00+00:00,11530.37,11546.44,11412.0,11452.92,51877.089
2020-10-13 08:00:00+00:00,11452.91,11562.0,11308.0,11384.65,102771.961
2020-10-13 16:00:00+00:00,11384.53,11460.73,11338.98,11419.36,44466.065
2020-10-14 00:00:00+00:00,11419.36,11489.48,11355.17,11412.24,36680.407
2020-10-14 08:00:00+00:00,11412.27,11550.0,11280.5,11319.81,106216.884
2020-10-14 16:00:00+00:00,11319.81,11433.18,11285.06,11417.13,50039.679
2020-10-15 00:00:00+00:00,11417.12,11425.65,11354.73,11393.98,28395.042
2020-10-15 08:00:00+00:00,11393.99,11413.45,11250.0,11395.42,97190.842
2020-10-15 16:00:00+00:00,11395.42,11649.48,11362.0,11502.0,89674.515
2020-10-16 00:00:00+00:00,11502.0,11538.92,11175.0,11309.01,104294.224
2020-10-16 08:00:00+00:00,11309.01,11398.6,11215.0,11332.58,76630.424
2020-10-16 16:00:00+00:00,11332.57,11366.88,11273.1,11318.92,31414.437
2020-10-17 00:00:00+00:00,11319.51,11379.2,11260.0,11340.95,27062.663
2020-10-17 08:00:00+00:00,11340.95,11424.09,11250.0,11335.91,48500.407
2020-10-17 16:00:00+00:00,11335.9,11364.1,11300.42,11356.25,20329.896
2020-10-18 00:00:00+00:00,11356.25,11468.0,11342.54,11452.44,33025.409
2020-10-18 08:00:00+00:00,11452.45,11489.0,11398.0,11445.55,31747.071
2020-10-18 16:00:00+00:00,11445.54,11529.93,11411.0,11501.1,27699.711
2020-10-19 00:00:00+00:00,11501.5,11543.0,11404.01,11459.05,35972.133
2020-10-19 08:00:00+00:00,11459.05,11829.0,11442.62,11801.12,124346.417
2020-10-19 16:00:00+00:00,11801.12,11830.0,11656.01,11745.0,69843.098
2020-10-20 00:00:00+00:00,11744.99,11848.0,11673.0,11730.01,57055.979
2020-10-20 08:00:00+00:00,11730.22,11980.0,11696.0,11920.79,160304.883
2020-10-20 16:00:00+00:00,11920.76,12045.78,11851.0,11900.03,95450.94
2020-10-21 00:00:00+00:00,11900.03,12294.96,11876.0,12193.32,134964.746
2020-10-21 08:00:00+00:00,12193.32,12888.88,12125.0,12729.81,223320.493
2020-10-21 16:00:00+00:00,12729.81,13240.0,12630.0,12796.07,233677.83
2020-10-22 00:00:00+00:00,12796.06,12940.0,12675.5,12751.88,80025.562
2020-10-22 08:00:00+00:00,12751.88,13031.37,12690.0,12932.33,123654.162
2020-10-22 16:00:00+00:00,12932.33,13188.27,12915.02,12968.87,140171.942
2020-10-23 00:00:00+00:00,12970.39,13000.0,12835.75,12889.36,73148.513
2020-10-23 08:00:00+00:00,12889.35,13043.0,12856.0,12925.26,77227.481
2020-10-23 16:00:00+00:00,12925.26,12975.0,12725.04,12925.82,86666.532
2020-10-24 00:00:00+00:00,12925.82,13015.02,12871.07,12926.21,39189.013
2020-10-24 08:00:00+00:00,12926.2,13177.59,12906.12,13103.61,86849.864
2020-10-24 16:00:00+00:00,13103.87,13149.33,13020.66,13110.88,50107.754
2020-10-25 00:00:00+00:00,13110.88,13369.0,12715.0,13019.26,115231.548
2020-10-25 08:00:00+00:00,13019.26,13023.0,12887.42,12939.37,53537.943
2020-10-25 16:00:00+00:00,12939.17,13047.0,12909.26,13023.81,37243.161
2020-10-26 00:00:00+00:00,13024.21,13144.0,12964.11,13033.7,58450.37
2020-10-26 08:00:00+00:00,13033.69,13240.0,12830.0,12974.55,135523.636
2020-10-26 16:00:00+00:00,12974.0,13087.47,12729.0,13047.24,122529.29
2020-10-27 00:00:00+00:00,13047.24,13158.0,13041.3,13138.51,49384.507
2020-10-27 08:00:00+00:00,13138.51,13650.57,13080.06,13605.24,194432.835
2020-10-27 16:00:00+00:00,13605.16,13787.83,13512.74,13629.38,167692.164
2020-10-28 00:00:00+00:00,13629.89,13863.0,13521.23,13657.91,114791.861
2020-10-28 08:00:00+00:00,13657.91,13700.75,12876.0,13208.65,264793.533
2020-10-28 16:00:00+00:00,13208.65,13295.84,12996.01,13256.17,97408.395
2020-10-29 00:00:00+00:00,13255.79,13338.25,13110.63,13131.05,68084.475
2020-10-29 08:00:00+00:00,13131.06,13475.24,12965.0,13429.04,161162.847
2020-10-29 16:00:00+00:00,13428.88,13637.22,13373.74,13446.65,126105.014
2020-10-30 00:00:00+00:00,13446.65,13665.65,13100.0,13215.0,142319.697
2020-10-30 08:00:00+00:00,13215.0,13546.89,13140.11,13540.01,125963.122
2020-10-30 16:00:00+00:00,13540.01,13656.36,13451.3,13549.12,81607.754
2020-10-31 00:00:00+00:00,13549.12,13735.0,13403.36,13565.0,83111.806
2020-10-31 08:00:00+00:00,13565.01,14140.0,13500.02,13841.56,209040.804
2020-10-31 16:00:00+00:00,13841.06,13892.4,13671.0,13783.73,65700.62
2020-11-01 00:00:00+00:00,13783.73,13891.52,13605.9,13784.71,68531.294
2020-11-01 08:00:00+00:00,13784.71,13855.0,13650.0,13790.77,71563.768
2020-11-01 16:00:00+00:00,13790.02,13858.75,13631.0,13752.86,58300.169
2020-11-02 00:00:00+00:00,13752.87,13823.75,13632.76,13732.14,60080.593
2020-11-02 08:00:00+00:00,13732.13,13732.14,13195.0,13488.13,195020.131
2020-11-02 16:00:00+00:00,13488.13,13696.99,13440.03,13540.54,72891.044
2020-11-03 00:00:00+00:00,13541.55,13632.74,13276.33,13436.33,116006.365
2020-11-03 08:00:00+00:00,13436.34,13790.0,13395.0,13701.33,127192.096
2020-11-03 16:00:00+00:00,13701.33,14070.0,13637.02,14016.55,105532.049
2020-11-04 00:00:00+00:00,14016.55,14038.45,13512.0,13592.83,167479.159
2020-11-04 08:00:00+00:00,13592.84,13917.67,13560.01,13899.01,122082.055
2020-11-04 16:00:00+00:00,13899.0,14280.0,13869.16,14134.31,161872.206
2020-11-05 00:00:00+00:00,14134.32,14517.0,14088.01,14469.71,139812.619
2020-11-05 08:00:00+00:00,14469.71,15180.0,14333.0,15079.08,283257.878
2020-11-05 16:00:00+00:00,15080.25,15777.0,14750.0,15598.75,294419.2
2020-11-06 00:00:00+00:00,15598.74,15984.2,15397.0,15738.0,234233.151
2020-11-06 08:00:00+00:00,15738.0,15747.33,15310.0,15418.38,206246.688
2020-11-06 16:00:00+00:00,15418.79,15691.0,15177.0,15590.96,118900.221
2020-11-07 00:00:00+00:00,15590.95,15774.0,15430.28,15459.42,79733.389
2020-11-07 08:00:00+00:00,15459.42,15598.0,15183.94,15352.22,98240.73
2020-11-07 16:00:00+00:00,15352.25,15421.58,14350.0,14824.34,279608.562
2020-11-08 00:00:00+00:00,14824.33,15125.0,14710.0,14932.41,73936.986
2020-11-08 08:00:00+00:00,14932.42,15438.41,14901.0,15349.33,99717.634
2020-11-08 16:00:00+00:00,15350.0,15678.0,15247.0,15473.2,116961.773
2020-11-09 00:00:00+00:00,15473.2,15598.0,15281.0,15306.0,71175.08
2020-11-09 08:00:00+00:00,15306.0,15869.0,14939.0,15006.9,269309.421
2020-11-09 16:00:00+00:00,15006.89,15492.0,14822.0,15328.72,133697.482
2020-11-10 00:00:00+00:00,15328.72,15447.71,15181.5,15279.24,67176.263
2020-11-10 08:00:00+00:00,15280.42,15474.17,15071.0,15167.88,119665.694
2020-11-10 16:00:00+00:00,15167.88,15395.0,15107.57,15294.68,57231.538
2020-11-11 00:00:00+00:00,15294.68,15520.0,15274.89,15401.93,62830.323
2020-11-11 08:00:00+00:00,15401.93,15724.39,15365.49,15671.21,106235.709
2020-11-11 16:00:00+00:00,15671.21,16000.0,15558.0,15690.24,161706.82
2020-11-12 00:00:00+00:00,15690.24,15932.0,15437.7,15863.1,82868.692
2020-11-12 08:00:00+00:00,15863.1,16176.22,15609.0,16123.99,238266.701
2020-11-12 16:00:00+00:00,16123.99,16345.0,15875.51,16289.02,150623.733
2020-11-13 00:00:00+00:00,16289.01,16479.99,16180.0,16251.79,112035.773
2020-11-13 08:00:00+00:00,16253.27,16360.0,16072.0,16101.81,115207.82
2020-11-13 16:00:00+00:00,16101.81,16355.0,15955.6,16320.54,79412.766
2020-11-14 00:00:00+00:00,16320.54,16326.82,16020.0,16085.39,65445.182
2020-11-14 08:00:00+00:00,16085.39,16128.0,15743.0,15944.01,118865.157
2020-11-14 16:00:00+00:00,15944.0,16140.91,15700.0,16064.51,81896.598
2020-11-15 00:00:00+00:00,16064.51,16104.6,15865.66,16027.39,52268.905
2020-11-15 08:00:00+00:00,16027.38,16161.23,15919.2,16022.0,76807.408
2020-11-15 16:00:00+00:00,16022.0,16059.4,15768.0,15952.27,81242.14
2020-11-16 00:00:00+00:00,15951.93,16292.0,15862.0,16230.87,81168.423
2020-11-16 08:00:00+00:00,16232.93,16476.61,16162.24,16445.0,105410.166
2020-11-16 16:00:00+00:00,16445.0,16882.0,16429.11,16707.07,155880.74
2020-11-17 00:00:00+00:00,16707.0,16828.4,16550.0,16741.17,72673.229
2020-11-17 08:00:00+00:00,16741.18,17377.36,16629.49,17322.38,187541.068
2020-11-17 16:00:00+00:00,17321.27,17890.1,17267.22,17670.01,263880.4
2020-11-18 00:00:00+00:00,17670.01,18520.0,17215.03,18077.38,296957.091
2020-11-18 08:00:00+00:00,18077.33,18292.67,17284.0,17878.61,282656.783
2020-11-18 16:00:00+00:00,17880.9,18017.46,17500.0,17788.32,153323.223
2020-11-19 00:00:00+00:00,17788.32,18079.0,17581.64,17663.14,106405.721
2020-11-19 08:00:00+00:00,17663.13,18200.0,17347.27,18065.29,202964.687
2020-11-19 16:00:00+00:00,18065.29,18142.0,17715.7,17811.68,97130.569
2020-11-20 00:00:00+00:00,17811.68,18438.0,17748.92,18223.0,123028.042
2020-11-20 08:00:00+00:00,18221.69,18760.0,18108.03,18678.74,171871.368
2020-11-20 16:00:00+00:00,18678.74,18831.6,18421.2,18664.31,113027.392
2020-11-21 00:00:00+00:00,18662.85,18986.0,18453.0,18681.64,121484.997
2020-11-21 08:00:00+00:00,18681.64,18882.65,18302.08,18812.73,128711.726
2020-11-21 16:00:00+00:00,18812.73,18950.0,18537.23,18721.99,92215.767
2020-11-22 00:00:00+00:00,18721.99,18780.0,18310.0,18524.37,97067.304
2020-11-22 08:00:00+00:00,18524.37,18531.71,17645.98,18310.35,177475.632
2020-11-22 16:00:00+00:00,18310.0,18718.13,18281.09,18435.2,99236.481
2020-11-23 00:00:00+00:00,18434.17,18592.67,18013.97,18480.33,114646.986
2020-11-23 08:00:00+00:00,18481.28,18812.65,18246.7,18283.32,158115.652
2020-11-23 16:00:00+00:00,18283.31,18510.23,18156.52,18382.07,91458.74
2020-11-24 00:00:00+00:00,18382.07,18560.0,18000.0,18381.99,106864.274
2020-11-24 08:00:00+00:00,18382.0,19428.0,18381.99,19369.19,244026.299
2020-11-24 16:00:00+00:00,19369.19,19440.0,18872.0,19179.64,127077.716
2020-11-25 00:00:00+00:00,19178.53,19240.56,18635.01,18991.05,105806.176
2020-11-25 08:00:00+00:00,18991.64,19554.19,18983.26,19148.32,154039.813
2020-11-25 16:00:00+00:00,19148.31,19215.9,18509.12,18741.67,166431.001
2020-11-26 00:00:00+00:00,18741.66,18940.69,17100.0,17646.21,275390.209
2020-11-26 08:00:00+00:00,17646.2,17646.21,16312.0,16919.0,348657.035
2020-11-26 16:00:00+00:00,16919.0,17298.88,16181.0,17155.34,226645.612
2020-11-27 00:00:00+00:00,17155.37,17465.0,17024.2,17105.25,109263.205
2020-11-27 08:00:00+00:00,17106.79,17222.0,16444.83,16514.7,193803.831
2020-11-27 16:00:00+00:00,16511.03,17157.8,16476.75,17144.1,95005.897
2020-11-28 00:00:00+00:00,17144.11,17197.94,16865.78,17021.77,63095.143
2020-11-28 08:00:00+00:00,17021.77,17525.0,16870.73,17518.56,101223.014
2020-11-28 16:00:00+00:00,17519.42,17880.0,17519.41,17717.74,104515.592
2020-11-29 00:00:00+00:00,17717.74,17889.95,17523.0,17819.3,63319.033
2020-11-29 08:00:00+00:00,17819.29,18239.76,17805.03,18113.36,113684.115
2020-11-29 16:00:00+00:00,18113.44,18343.0,17919.74,18181.09,79020.858
2020-11-30 00:00:00+00:00,18180.43,18691.0,18178.82,18618.0,87744.26
2020-11-30 08:00:00+00:00,18618.0,19944.0,18336.48,19339.41,264452.309
2020-11-30 16:00:00+00:00,19340.45,19775.34,19047.0,19720.0,148286.005
2020-12-01 00:00:00+00:00,19722.09,19749.98,19301.0,19539.46,90490.313
2020-12-01 08:00:00+00:00,19539.46,19956.0,18050.0,19276.01,323868.821
2020-12-01 16:00:00+00:00,19276.0,19336.43,18624.0,18772.7,139526.199
2020-12-02 00:00:00+00:00,18770.33,19154.79,18329.58,19136.0,119993.61
2020-12-02 08:00:00+00:00,19135.65,19365.0,18734.39,18898.97,150102.14
2020-12-02 16:00:00+00:00,18898.98,19280.0,18776.95,19207.01,65621.732
2020-12-03 00:00:00+00:00,19207.01,19314.43,18865.0,19213.55,74706.794
2020-12-03 08:00:00+00:00,19215.98,19570.0,19100.0,19560.91,102671.157
2020-12-03 16:00:00+00:00,19560.91,19640.0,19207.5,19434.3,67642.625
2020-12-04 00:00:00+00:00,19432.66,19537.16,19115.0,19289.25,58151.412
2020-12-04 08:00:00+00:00,19289.26,19457.82,18669.13,18950.0,141826.75
2020-12-04 16:00:00+00:00,18950.0,19084.88,18570.0,18664.2,76293.777
2020-12-05 00:00:00+00:00,18662.72,18996.89,18510.0,18919.13,66746.687
2020-12-05 08:00:00+00:00,18919.12,19203.46,18919.12,19112.58,63168.196
2020-12-05 16:00:00+00:00,19112.59,19186.07,18978.44,19147.62,35997.764
2020-12-06 00:00:00+00:00,19147.63,19355.0,19112.0,19238.17,52066.06
2020-12-06 08:00:00+00:00,19238.17,19256.0,18855.35,19132.16,65539.753
2020-12-06 16:00:00+00:00,19132.17,19449.1,19023.94,19375.02,58398.793
2020-12-07 00:00:00+00:00,19375.0,19446.36,19152.18,19381.57,47661.966
2020-12-07 08:00:00+00:00,19381.58,19396.61,19100.0,19215.93,58780.681
2020-12-07 16:00:00+00:00,19215.94,19245.0,18908.66,19172.88,62959.724
2020-12-08 00:00:00+00:00,19172.87,19319.38,19079.64,19151.5,44219.899
2020-12-08 08:00:00+00:00,19151.51,19177.31,18600.51,18804.99,131083.694
2020-12-08 16:00:00+00:00,18805.0,18937.75,18133.33,18319.32,105410.539
2020-12-09 00:00:00+00:00,18319.33,18377.74,17850.0,17923.95,123411.314
2020-12-09 08:00:00+00:00,17923.27,18515.0,17650.0,18345.0,156134.358
2020-12-09 16:00:00+00:00,18344.99,18639.7,18158.0,18537.98,73578.017
2020-12-10 00:00:00+00:00,18537.97,18550.0,18280.0,18334.77,53384.061
2020-12-10 08:00:00+00:00,18334.99,18487.47,17916.0,18131.28,114116.906
2020-12-10 16:00:00+00:00,18131.28,18436.0,18077.0,18253.51,66459.274
2020-12-11 00:00:00+00:00,18254.0,18290.44,17680.0,17810.01,120563.079
2020-12-11 08:00:00+00:00,17810.0,18134.0,17555.0,18093.98,136154.762
2020-12-11 16:00:00+00:00,18093.72,18174.0,17870.0,18031.47,61148.229
2020-12-12 00:00:00+00:00,18031.71,18397.98,18012.21,18368.0,53305.802
2020-12-12 08:00:00+00:00,18368.0,18517.99,18308.0,18391.52,63477.711
2020-12-12 16:00:00+00:00,18391.51,18950.0,18358.0,18800.0,80178.769
2020-12-13 00:00:00+00:00,18800.0,19298.0,18705.46,19243.57,71927.661
2020-12-13 08:00:00+00:00,19243.58,19432.0,19101.54,19223.54,100976.722
2020-12-13 16:00:00+00:00,19223.54,19400.0,18969.82,19175.07,66855.706
2020-12-14 00:00:00+00:00,19175.06,19344.48,19004.72,19157.0,64491.644
2020-12-14 08:00:00+00:00,19157.0,19299.0,19026.0,19198.09,68855.134
2020-12-14 16:00:00+00:00,19198.09,19355.35,19105.0,19270.7,48209.045
2020-12-15 00:00:00+00:00,19270.71,19598.0,19039.64,19197.15,108693.762
2020-12-15 08:00:00+00:00,19197.14,19444.0,19070.0,19405.8,83367.705
2020-12-15 16:00:00+00:00,19405.81,19549.99,19333.0,19424.91,56682.587
2020-12-16 00:00:00+00:00,19424.9,19488.0,19274.55,19419.51,49925.462
2020-12-16 08:00:00+00:00,19419.5,20877.09,19370.0,20666.5,240797.051
2020-12-16 16:00:00+00:00,20666.49,21600.0,20550.0,21346.8,168579.499
2020-12-17 00:00:00+00:00,21346.81,22513.49,21231.5,22495.01,212555.367
2020-12-17 08:00:00+00:00,22495.0,23888.04,22300.0,23348.36,368239.324
2020-12-17 16:00:00+00:00,23348.36,23748.0,22349.97,22816.99,242641.13
2020-12-18 00:00:00+00:00,22816.99,23277.99,22475.47,23082.01,99720.286
2020-12-18 08:00:00+00:00,23084.0,23330.0,22363.94,22563.79,133144.066
2020-12-18 16:00:00+00:00,22563.79,23164.42,22488.0,23124.35,73132.87
2020-12-19 00:00:00+00:00,23124.35,23256.86,22829.03,22876.11,62254.117
2020-12-19 08:00:00+00:00,22876.11,23694.0,22735.81,23569.23,122396.356
2020-12-19 16:00:00+00:00,23569.03,24281.61,23474.67,23847.28,152884.965
2020-12-20 00:00:00+00:00,23847.28,23863.1,23100.0,23653.19,93357.781
2020-12-20 08:00:00+00:00,23653.19,23950.0,23312.0,23897.75,90454.206
2020-12-20 16:00:00+00:00,23899.94,24376.0,23076.25,23472.96,138477.787
2020-12-21 00:00:00+00:00,23472.96,24145.0,23305.61,23995.77,98160.181
2020-12-21 08:00:00+00:00,23997.36,24108.0,21920.0,23099.26,269260.115
2020-12-21 16:00:00+00:00,23099.26,23330.0,22652.33,22730.1,109036.293
2020-12-22 00:00:00+00:00,22736.05,23092.57,22490.0,22668.05,106192.698
2020-12-22 08:00:00+00:00,22668.04,23670.0,22387.0,23364.44,142661.181
2020-12-22 16:00:00+00:00,23364.45,23850.0,23237.0,23826.99,77270.434
2020-12-23 00:00:00+00:00,23826.74,24091.46,23336.0,23577.01,99177.254
2020-12-23 08:00:00+00:00,23577.01,24235.42,22800.66,23471.08,195499.716
2020-12-23 16:00:00+00:00,23471.54,23694.86,22572.52,23238.27,100077.969
2020-12-24 00:00:00+00:00,23237.73,23250.55,22700.0,23178.87,96963.991
2020-12-24 08:00:00+00:00,23178.87,23496.0,23034.56,23245.29,79542.192
2020-12-24 16:00:00+00:00,23247.88,23819.81,23134.1,23737.44,61248.074
2020-12-25 00:00:00+00:00,23738.75,23836.0,23450.0,23664.51,42403.226
2020-12-25 08:00:00+00:00,23668.73,24718.0,23610.0,24033.28,162369.425
2020-12-25 16:00:00+00:00,24032.93,24827.64,24001.0,24730.0,79750.78
2020-12-26 00:00:00+00:00,24729.99,25071.0,24507.24,24793.28,82168.892
2020-12-26 08:00:00+00:00,24793.27,25690.0,24552.0,25638.48,108933.143
2020-12-26 16:00:00+00:00,25636.71,26926.0,25582.15,26508.83,176163.52
2020-12-27 00:00:00+00:00,26508.84,27815.0,26454.6,27655.27,149128.037
2020-12-27 08:00:00+00:00,27655.4,28459.84,26592.0,27399.38,238712.056
2020-12-27 16:00:00+00:00,27399.5,27528.56,25850.0,26305.64,152424.055
2020-12-28 00:00:00+00:00,26301.76,27390.0,26117.1,27028.86,86583.823
2020-12-28 08:00:00+00:00,27028.86,27538.82,26600.0,26944.25,98983.851
2020-12-28 16:00:00+00:00,26944.25,27267.43,26423.96,27102.66,81995.794
2020-12-29 00:00:00+00:00,27101.45,27139.79,25913.01,26457.77,94900.214
2020-12-29 08:00:00+00:00,26457.74,27133.76,26454.18,26636.84,82520.418
2020-12-29 16:00:00+00:00,26636.84,27441.73,26266.15,27402.83,83338.817
2020-12-30 00:00:00+00:00,27402.83,28656.9,27402.82,28437.38,136076.159
2020-12-30 08:00:00+00:00,28437.38,28630.0,27401.0,28182.26,130018.399
2020-12-30 16:00:00+00:00,28180.36,29063.72,27921.27,28906.99,108643.097
2020-12-31 00:00:00+00:00,28906.99,29376.7,28071.59,29190.0,115277.912
2020-12-31 08:00:00+00:00,29190.0,29259.0,27848.0,28792.58,134613.477
2020-12-31 16:00:00+00:00,28792.58,29199.49,28327.78,28951.68,63757.446
2021-01-01 00:00:00+00:00,28948.19,29546.42,28706.0,29107.71,69892.247
2021-01-01 08:00:00+00:00,29107.72,29668.86,28900.0,29210.84,78705.582
2021-01-01 16:00:00+00:00,29210.85,29388.1,28627.12,29337.16,62118.569
2021-01-02 00:00:00+00:00,29337.15,29878.0,28958.24,29777.33,66334.88
2021-01-02 08:00:00+00:00,29778.77,31873.02,29491.09,31717.01,188304.586
2021-01-02 16:00:00+00:00,31720.79,33480.0,30528.0,32199.91,290901.614
2021-01-03 00:00:00+00:00,32198.41,34832.25,32000.02,34472.24,151990.845
2021-01-03 08:00:00+00:00,34476.0,34743.92,32826.35,33540.46,191344.034
2021-01-03 16:00:00+00:00,33538.81,33948.13,32400.0,33054.53,144152.11
2021-01-04 00:00:00+00:00,33053.93,33653.56,31692.1,32186.58,116821.753
2021-01-04 08:00:00+00:00,32187.38,32642.7,27800.0,31758.38,275875.912
2021-01-04 16:00:00+00:00,31755.02,32075.19,30661.66,32031.07,113430.358
2021-01-05 00:00:00+00:00,32029.55,32900.0,29900.0,30844.23,175097.54
2021-01-05 08:00:00+00:00,30844.25,32450.05,30840.0,32133.79,109164.945
2021-01-05 16:00:00+00:00,32130.05,34500.0,31802.25,33999.52,149458.348
2021-01-06 00:00:00+00:00,33999.51,35948.66,33356.46,34718.61,152694.736
2021-01-06 08:00:00+00:00,34716.88,35350.0,33650.0,34606.4,130808.533
2021-01-06 16:00:00+00:00,34606.39,37037.51,34330.0,36823.68,160516.561
2021-01-07 00:00:00+00:00,36825.77,37795.42,36500.0,36906.64,110054.967
2021-01-07 08:00:00+00:00,36909.86,39050.0,36337.36,39049.99,122336.583
2021-01-07 16:00:00+00:00,39050.0,40565.62,36690.56,39498.92,287756.358
2021-01-08 00:00:00+00:00,39498.32,39818.77,36539.77,38965.76,145814.868
2021-01-08 08:00:00+00:00,38965.8,42125.51,38250.87,40879.4,212002.543
2021-01-08 16:00:00+00:00,40877.97,41689.84,38655.0,40637.23,160263.415
2021-01-09 00:00:00+00:00,40638.91,41045.93,38733.28,39683.38,99499.387
2021-01-09 08:00:00+00:00,39683.38,41539.88,39330.24,40600.0,98911.657
2021-01-09 16:00:00+00:00,40600.01,40980.48,39850.0,40136.04,62471.761
2021-01-10 00:00:00+00:00,40136.05,41412.12,40100.0,41056.69,72392.869
2021-01-10 08:00:00+00:00,41056.69,41226.26,38500.0,39723.0,137766.888
2021-01-10 16:00:00+00:00,39723.0,39813.81,35268.0,38221.67,226599.291
2021-01-11 00:00:00+00:00,38200.01,38322.18,32600.0,34399.95,335358.479
2021-01-11 08:00:00+00:00,34399.95,36399.99,31146.15,31618.49,304128.361
2021-01-11 16:00:00+00:00,31618.49,35619.0,30448.0,35408.46,266788.811
2021-01-12 00:00:00+00:00,35406.92,36693.44,33727.32,36452.84,125718.9
2021-01-12 08:00:00+00:00,36447.1,36550.0,32600.0,33861.95,187957.701
2021-01-12 16:00:00+00:00,33861.94,35584.79,33300.0,34056.9,135389.092
2021-01-13 00:00:00+00:00,34065.53,35200.0,32420.0,35019.26,158209.683
2021-01-13 08:00:00+00:00,35019.26,35325.39,34035.0,34711.76,123256.054
2021-01-13 16:00:00+00:00,34711.35,37880.0,34421.39,37421.07,116722.351
2021-01-14 00:00:00+00:00,37416.34,38665.0,36764.33,38240.0,100718.35
2021-01-14 08:00:00+00:00,38235.8,40189.39,37760.0,39580.96,138967.23
2021-01-14 16:00:00+00:00,39580.96,40061.83,38385.0,39163.31,113456.806
2021-01-15 00:00:00+00:00,39163.31,39790.0,37630.0,38510.21,94369.922
2021-01-15 08:00:00+00:00,38510.21,38850.0,35350.0,35691.31,144169.335
2021-01-15 16:00:00+00:00,35692.45,36930.0,34478.0,36755.24,199070.856
2021-01-16 00:00:00+00:00,36755.25,37687.0,35528.72,36599.68,94795.002
2021-01-16 08:00:00+00:00,36599.7,38000.0,36405.59,37513.79,110636.179
2021-01-16 16:00:00+00:00,37513.79,37793.43,35366.0,36025.66,95671.296
2021-01-17 00:00:00+00:00,36025.65,36789.0,34522.88,34787.55,85725.642
2021-01-17 08:00:00+00:00,34787.76,36000.0,33863.5,35749.53,127529.595
2021-01-17 16:00:00+00:00,35744.9,36898.0,35561.0,35869.83,74430.892
2021-01-18 00:00:00+00:00,35875.72,36298.0,34808.47,36139.12,72249.438
2021-01-18 08:00:00+00:00,36139.11,37547.94,35831.8,36448.42,111084.203
2021-01-18 16:00:00+00:00,36448.41,36835.84,35436.27,36686.86,70053.062
2021-01-19 00:00:00+00:00,36690.0,37420.0,36210.0,37225.61,70115.94
2021-01-19 08:00:00+00:00,37226.0,37661.36,36680.0,37376.48,90212.314
2021-01-19 16:00:00+00:00,37376.48,37961.0,35850.0,35891.03,97561.165
2021-01-20 00:00:00+00:00,35891.74,36461.44,34750.0,35679.08,97169.274
2021-01-20 08:00:00+00:00,35679.08,35985.0,34020.0,34226.78,132322.493
2021-01-20 16:00:00+00:00,34226.79,35721.0,33403.0,35500.0,99700.652
2021-01-21 00:00:00+00:00,35499.23,35636.17,34000.0,34681.91,79449.004
2021-01-21 08:00:00+00:00,34681.91,34728.2,31032.66,31422.1,284528.541
2021-01-21 16:00:00+00:00,31426.01,32749.0,30069.9,30879.97,186584.732
2021-01-22 00:00:00+00:00,30875.77,32090.37,28880.0,30875.13,206892.193
2021-01-22 08:00:00+00:00,30875.13,32736.0,30515.55,32454.51,139924.275
2021-01-22 16:00:00+00:00,32454.95,33831.52,31959.51,32986.34,106752.07
2021-01-23 00:00:00+00:00,32990.08,33495.0,32059.33,32950.0,84574.822
2021-01-23 08:00:00+00:00,32948.71,33128.24,31405.0,31883.58,107087.168
2021-01-23 16:00:00+00:00,31883.57,32565.0,31766.76,32086.48,65114.421
2021-01-24 00:00:00+00:00,32086.48,33125.75,31612.77,32834.85,63050.633
2021-01-24 08:00:00+00:00,32828.48,33070.0,31870.0,31967.5,67778.123
2021-01-24 16:00:00+00:00,31968.53,32389.81,30914.2,32275.63,81278.288
2021-01-25 00:00:00+00:00,32274.88,33863.09,32185.0,33377.96,84863.537
2021-01-25 08:00:00+00:00,33377.97,34880.0,32800.0,34507.81,103068.156
2021-01-25 16:00:00+00:00,34509.01,34658.19,31921.47,32253.68,128755.831
2021-01-26 00:00:00+00:00,32253.68,32853.53,31112.58,31640.7,105939.621
2021-01-26 08:00:00+00:00,31640.71,32500.77,30810.0,31764.99,138078.081
2021-01-26 16:00:00+00:00,31768.19,32950.0,31318.69,32474.14,102844.005
2021-01-27 00:00:00+00:00,32474.81,32562.2,31354.0,31751.41,73611.975
2021-01-27 08:00:00+00:00,31751.4,31768.16,29240.0,30318.63,193394.092
2021-01-27 16:00:00+00:00,30318.63,31674.65,29507.61,30381.04,164016.772
2021-01-28 00:00:00+00:00,30382.96,31908.04,29843.33,31201.32,95175.839
2021-01-28 08:00:00+00:00,31201.32,32260.4,30835.74,31937.9,113405.623
2021-01-28 16:00:00+00:00,31937.9,33778.95,31660.0,33399.75,102946.911
2021-01-29 00:00:00+00:00,33399.99,34380.0,31960.0,32306.15,134681.332
2021-01-29 08:00:00+00:00,32307.25,38641.1,32040.54,37176.39,376580.723
2021-01-29 16:00:00+00:00,37176.39,37600.52,33521.0,34269.35,202317.73
2021-01-30 00:00:00+00:00,34267.04,34988.88,32849.06,34073.81,113796.653
2021-01-30 08:00:00+00:00,34076.55,34572.0,33505.0,34240.0,90470.354
2021-01-30 16:00:00+00:00,34242.34,34829.25,33550.32,34289.85,63594.865
2021-01-31 00:00:00+00:00,34284.76,34393.22,33452.24,33632.41,54404.521
2021-01-31 08:00:00+00:00,33631.01,34268.0,32550.0,32875.93,87946.445
2021-01-31 16:00:00+00:00,32878.84,33280.73,32193.04,33126.21,68942.925
2021-02-01 00:00:00+00:00,33125.11,34484.1,32322.47,33827.0,95462.393
2021-02-01 08:00:00+00:00,33828.41,34720.0,33173.14,33178.13,95499.978
2021-02-01 16:00:00+00:00,33181.26,34121.89,33161.0,33546.09,49669.954
2021-02-02 00:00:00+00:00,33546.08,34455.0,33450.0,34261.84,53020.717
2021-02-02 08:00:00+00:00,34261.81,35720.0,34150.0,34750.83,114685.385
2021-02-02 16:00:00+00:00,34750.83,36041.0,34600.04,35504.06,72150.128
2021-02-03 00:00:00+00:00,35504.07,36915.06,35410.0,36358.28,71049.691
2021-02-03 08:00:00+00:00,36355.83,36976.34,35598.79,36891.1,86702.206
2021-02-03 16:00:00+00:00,36891.1,37700.0,36671.6,37652.51,82556.181
2021-02-04 00:00:00+00:00,37651.92,38388.73,37370.0,37884.43,87061.104
2021-02-04 08:00:00+00:00,37884.42,38833.0,36233.0,36604.61,145893.971
2021-02-04 16:00:00+00:00,36605.43,37859.33,36450.89,36976.93,73759.947
2021-02-05 00:00:00+00:00,36975.19,37780.0,36586.68,37708.46,57904.384
2021-02-05 08:00:00+00:00,37708.46,38411.82,37242.67,38006.64,76512.481
2021-02-05 16:00:00+00:00,38006.64,38393.93,37250.0,38362.65,61860.579
2021-02-06 00:00:00+00:00,38357.17,39800.0,38269.0,39410.68,106379.491
2021-02-06 08:00:00+00:00,39410.69,40900.0,39410.68,40886.91,111492.155
2021-02-06 16:00:00+00:00,40886.91,40992.4,39100.0,39249.54,92954.669
2021-02-07 00:00:00+00:00,39249.53,39666.05,37967.03,39056.38,101640.073
2021-02-07 08:00:00+00:00,39056.38,39757.87,37600.0,37965.79,112420.11
2021-02-07 16:00:00+00:00,37965.79,39144.19,37403.27,38849.25,82661.742
2021-02-08 00:00:00+00:00,38849.24,39450.0,38037.0,39307.82,62290.444
2021-02-08 08:00:00+00:00,39307.82,45063.24,38920.38,43785.81,202720.722
2021-02-08 16:00:00+00:00,43785.81,47146.0,42649.0,46451.32,175155.927
2021-02-09 00:00:00+00:00,46451.32,48266.36,45617.57,47612.4,145752.921
2021-02-09 08:00:00+00:00,47614.65,48164.15,45057.65,46835.77,147068.694
2021-02-09 16:00:00+00:00,46844.75,47600.0,46110.0,46492.54,88655.811
2021-02-10 00:00:00+00:00,46492.53,47100.0,45690.0,46676.91,77167.56
2021-02-10 08:00:00+00:00,46676.9,47475.0,43770.0,44397.24,171473.612
2021-02-10 16:00:00+00:00,44397.24,45395.98,43870.01,44850.0,86337.845
2021-02-11 00:00:00+00:00,44850.0,45781.83,44038.97,44750.25,68313.162
2021-02-11 08:00:00+00:00,44750.11,48720.0,44555.43,48070.75,147858.707
2021-02-11 16:00:00+00:00,48069.65,48810.0,46566.84,48060.21,114368.176
2021-02-12 00:00:00+00:00,48060.21,49278.98,46817.47,47398.6,97889.868
2021-02-12 08:00:00+00:00,47398.59,48273.0,46121.0,47083.34,92334.889
2021-02-12 16:00:00+00:00,47083.34,48281.39,47000.0,47361.03,68961.531
2021-02-13 00:00:00+00:00,47364.0,48290.0,47010.0,47036.2,53386.661
2021-02-13 08:00:00+00:00,47037.89,47660.2,46252.1,47127.31,99581.02
2021-02-13 16:00:00+00:00,47129.21,47484.0,46710.19,47221.62,46997.716
2021-02-14 00:00:00+00:00,47221.63,49545.64,47093.16,48823.85,85144.586
2021-02-14 08:00:00+00:00,48823.84,49875.16,48200.0,48630.09,101484.161
2021-02-14 16:00:00+00:00,48630.08,49400.0,48493.7,48655.21,55306.919
2021-02-15 00:00:00+00:00,48655.21,49100.0,45349.21,47294.44,112953.865
2021-02-15 08:00:00+00:00,47293.37,48308.0,47164.01,47978.09,70242.472
2021-02-15 16:00:00+00:00,47978.1,48872.9,47700.0,47981.58,65764.067
2021-02-16 00:00:00+00:00,47981.6,50298.0,47101.02,49224.0,110153.402
2021-02-16 08:00:00+00:00,49224.01,50953.44,48331.82,49036.02,147185.472
2021-02-16 16:00:00+00:00,49036.02,49380.98,47780.0,49197.94,86253.137
2021-02-17 00:00:00+00:00,49197.93,51400.0,49029.62,51181.48,122450.13
2021-02-17 08:00:00+00:00,51188.71,51806.46,50650.0,51271.2,114775.328
2021-02-17 16:00:00+00:00,51271.2,52800.0,50850.0,52194.62,74782.0
2021-02-18 00:00:00+00:00,52194.62,52640.0,51355.0,51992.96,54767.018
2021-02-18 08:00:00+00:00,51992.97,52388.99,50948.0,51663.64,83863.817
2021-02-18 16:00:00+00:00,51663.63,52300.0,51530.0,51619.7,46859.055
2021-02-19 00:00:00+00:00,51612.46,52035.65,50800.0,51812.0,64838.098
2021-02-19 08:00:00+00:00,51812.0,53980.0,51808.11,53944.7,88972.31
2021-02-19 16:00:00+00:00,53939.51,56582.0,53678.02,56004.1,104101.464
2021-02-20 00:00:00+00:00,56005.85,56766.66,55242.42,55313.47,63639.332
2021-02-20 08:00:00+00:00,55312.05,57699.0,55113.27,56226.39,87805.944
2021-02-20 16:00:00+00:00,56231.96,57536.1,53905.0,55917.41,88851.032
2021-02-21 00:00:00+00:00,55908.45,57066.24,55564.5,56169.88,51963.967
2021-02-21 08:00:00+00:00,56169.88,58011.57,55917.51,57408.48,75008.888
2021-02-21 16:00:00+00:00,57410.0,58472.14,57030.0,57487.43,69847.718
2021-02-22 00:00:00+00:00,57475.5,57591.87,55200.0,56489.93,107142.145
2021-02-22 08:00:00+00:00,56486.5,56699.0,47751.42,53277.04,264971.113
2021-02-22 16:00:00+00:00,53276.12,55023.85,51651.0,54121.1,108546.929
2021-02-23 00:00:00+00:00,54125.55,54260.12,48600.0,49680.0,204256.433
2021-02-23 08:00:00+00:00,49680.0,50061.62,44893.82,48634.4,392211.345
2021-02-23 16:00:00+00:00,48632.45,49295.17,45285.0,48930.0,152269.684
2021-02-24 00:00:00+00:00,48930.01,51380.0,47000.0,50145.53,128177.284
2021-02-24 08:00:00+00:00,50148.93,51435.58,48501.0,49863.34,126839.921
2021-02-24 16:00:00+00:00,49863.34,50200.0,48015.9,49702.03,78398.014
2021-02-25 00:00:00+00:00,49702.05,50932.1,49550.45,50406.0,76075.715
2021-02-25 08:00:00+00:00,50414.54,52134.96,48578.67,50874.99,132384.54
2021-02-25 16:00:00+00:00,50875.0,51411.0,46685.43,47089.37,141482.761
2021-02-26 00:00:00+00:00,47087.97,47830.0,44100.0,44970.77,177474.277
2021-02-26 08:00:00+00:00,44996.68,47888.88,44944.0,47620.54,150647.923
2021-02-26 16:00:00+00:00,47620.54,48438.01,45078.0,46313.13,112548.12
2021-02-27 00:00:00+00:00,46313.12,48476.05,46192.05,47198.4,88036.175
2021-02-27 08:00:00+00:00,47198.02,47911.53,46255.0,46573.05,88886.354
2021-02-27 16:00:00+00:00,46566.43,47615.89,44926.77,46102.63,79104.545
2021-02-28 00:00:00+00:00,46097.09,46678.0,43765.0,44426.62,142276.535
2021-02-28 08:00:00+00:00,44427.53,45573.2,43200.0,43424.6,123923.289
2021-02-28 16:00:00+00:00,43424.79,45949.24,43002.05,45163.36,104159.001
2021-03-01 00:00:00+00:00,45162.64,46836.16,44972.49,46314.44,82697.08
2021-03-01 08:00:00+00:00,46315.28,49300.0,46287.32,49184.51,133268.366
2021-03-01 16:00:00+00:00,49184.51,49800.0,47891.0,49592.7,99694.485
2021-03-02 00:00:00+00:00,49594.99,50221.77,48310.97,48345.01,75449.513
2021-03-02 08:00:00+00:00,48345.01,49714.72,48287.11,48689.39,87335.074
2021-03-02 16:00:00+00:00,48689.38,48740.0,47058.06,48450.57,110315.848
2021-03-03 00:00:00+00:00,48454.21,49956.0,48110.66,49769.54,67914.272
2021-03-03 08:00:00+00:00,49763.58,52681.51,49754.32,50796.23,190338.789
2021-03-03 16:00:00+00:00,50796.23,51644.75,50288.0,50373.75,92058.173
2021-03-04 00:00:00+00:00,50373.75,51800.0,49070.0,49708.93,114410.176
2021-03-04 08:00:00+00:00,49706.38,50765.66,48550.0,49438.63,154745.475
2021-03-04 16:00:00+00:00,49438.64,50070.83,47500.0,48385.77,118273.306
2021-03-05 00:00:00+00:00,48385.77,48404.52,46320.0,47394.41,107916.438
2021-03-05 08:00:00+00:00,47394.41,48750.0,46421.42,47888.0,132438.535
2021-03-05 16:00:00+00:00,47888.11,49470.0,46909.55,48770.57,114247.783
2021-03-06 00:00:00+00:00,48772.68,49174.0,48115.0,48833.21,55738.777
2021-03-06 08:00:00+00:00,48833.2,49139.95,47090.0,47284.11,83257.263
2021-03-06 16:00:00+00:00,47282.01,49253.63,47138.01,48908.21,76096.87
2021-03-07 00:00:00+00:00,48908.21,50232.81,48908.21,50084.61,69789.175
2021-03-07 08:00:00+00:00,50084.61,51326.53,50082.48,50618.66,99355.395
2021-03-07 16:00:00+00:00,50618.65,51480.0,49800.0,50995.27,79253.546
2021-03-08 00:00:00+00:00,50991.35,51870.36,49550.0,49783.97,100804.994
2021-03-08 08:00:00+00:00,49787.39,51280.5,49310.0,51082.65,124521.549
2021-03-08 16:00:00+00:00,51083.03,52450.0,50600.0,52429.43,83013.323
2021-03-09 00:00:00+00:00,52429.43,54500.0,51880.0,53602.41,116280.238
2021-03-09 08:00:00+00:00,53602.41,54844.78,53322.85,54127.61,103259.254
2021-03-09 16:00:00+00:00,54127.61,54950.0,53653.0,54917.78,66065.306
2021-03-10 00:00:00+00:00,54917.78,55890.0,53061.0,54190.9,127501.061
2021-03-10 08:00:00+00:00,54202.1,56592.18,54076.47,56373.52,126590.47
2021-03-10 16:00:00+00:00,56374.82,57500.92,55613.41,55947.98,147067.962
2021-03-11 00:00:00+00:00,55949.3,56604.75,55050.0,55105.5,86130.7
2021-03-11 08:00:00+00:00,55105.51,57312.84,54356.44,56429.56,150753.856
2021-03-11 16:00:00+00:00,56431.36,58283.0,56342.0,57844.52,127796.762
2021-03-12 00:00:00+00:00,57842.64,58186.33,56400.0,56718.79,89388.074
2021-03-12 08:00:00+00:00,56714.76,57172.0,55074.3,57014.47,148922.321
2021-03-12 16:00:00+00:00,57007.49,57840.0,56299.68,57291.03,97184.647
2021-03-13 00:00:00+00:00,57291.04,57450.0,56136.0,57389.96,64728.438
2021-03-13 08:00:00+00:00,57387.99,60518.92,57213.42,59740.78,159498.937
2021-03-13 16:00:00+00:00,59737.64,61950.0,59510.0,61267.41,96094.798
2021-03-14 00:00:00+00:00,61267.41,61798.0,60556.0,60600.67,56085.76
2021-03-14 08:00:00+00:00,60605.03,61200.0,59449.0,59761.93,96698.934
2021-03-14 16:00:00+00:00,59753.91,60833.85,59005.0,59037.12,79207.207
2021-03-15 00:00:00+00:00,59037.11,60740.0,57210.0,57830.61,135954.371
2021-03-15 08:00:00+00:00,57832.36,58437.85,54517.28,56259.14,219692.753
2021-03-15 16:00:00+00:00,56255.04,56990.0,55521.03,55646.61,93173.706
2021-03-16 00:00:00+00:00,55646.61,56115.0,53335.0,55267.51,151526.68
2021-03-16 08:00:00+00:00,55267.52,56446.64,54700.0,55885.38,112313.306
2021-03-16 16:00:00+00:00,55885.37,56988.0,55010.0,56954.19,75878.216
2021-03-17 00:00:00+00:00,56953.23,57238.0,55216.28,55862.73,76210.616
2021-03-17 08:00:00+00:00,55863.76,56109.14,54154.93,54959.45,128268.575
2021-03-17 16:00:00+00:00,54959.44,59078.79,54775.66,58959.0,134918.521
2021-03-18 00:00:00+00:00,58959.01,59615.0,58165.63,58398.23,74187.506
2021-03-18 08:00:00+00:00,58395.01,59717.86,57553.3,59592.67,104790.81
2021-03-18 16:00:00+00:00,59592.68,60510.0,57072.0,57700.01,126121.71
2021-03-19 00:00:00+00:00,57700.01,58555.0,56301.27,57885.36,79912.704
2021-03-19 08:00:00+00:00,57885.17,59300.0,57520.0,59016.14,105380.089
2021-03-19 16:00:00+00:00,59018.88,59550.0,58042.42,58089.11,73746.686
2021-03-20 00:00:00+00:00,58089.11,58990.0,57881.0,58472.13,44861.149
2021-03-20 08:00:00+00:00,58472.13,59948.0,58472.13,59285.22,95571.458
2021-03-20 16:00:00+00:00,59284.71,59539.78,58048.68,58145.61,63247.542
2021-03-21 00:00:00+00:00,58144.44,58638.7,56700.0,57011.46,76397.514
2021-03-21 08:00:00+00:00,57011.46,57620.7,55403.55,57200.91,102298.42
2021-03-21 16:00:00+00:00,57200.91,58185.99,56761.83,57415.18,58822.762
2021-03-22 00:00:00+00:00,57415.19,57950.0,56329.98,57641.44,65889.229
2021-03-22 08:00:00+00:00,57643.92,58500.0,56550.0,57121.2,92275.808
2021-03-22 16:00:00+00:00,57121.19,57260.31,53635.81,54129.56,134897.91
2021-03-23 00:00:00+00:00,54129.56,55354.69,52981.4,54196.11,106042.96
2021-03-23 08:00:00+00:00,54196.82,55499.0,53877.0,55215.67,90981.013
2021-03-23 16:00:00+00:00,55216.58,55890.68,54237.56,54400.0,79175.068
2021-03-24 00:00:00+00:00,54400.0,55665.06,53600.0,55485.7,95865.955
2021-03-24 08:00:00+00:00,55485.66,57234.79,55484.69,56359.57,115807.43
2021-03-24 16:00:00+00:00,56359.57,56470.45,51666.0,52311.54,182499.141
2021-03-25 00:00:00+00:00,52307.89,53255.2,51500.0,52298.34,113042.942
2021-03-25 08:00:00+00:00,52298.33,53160.2,50452.08,51024.33,185136.327
2021-03-25 16:00:00+00:00,51024.33,52750.0,50570.93,51325.21,118668.822
2021-03-26 00:00:00+00:00,51325.21,53600.0,51260.0,53574.29,86371.478
2021-03-26 08:00:00+00:00,53572.31,53850.0,52550.0,53328.84,91742.431
2021-03-26 16:00:00+00:00,53328.22,55123.0,52893.95,55030.0,93843.933
2021-03-27 00:00:00+00:00,55030.0,55555.55,54500.0,54966.6,70033.834
2021-03-27 08:00:00+00:00,54962.1,55179.0,54001.0,54977.0,81432.339
2021-03-27 16:00:00+00:00,54976.67,56658.76,54964.15,55828.0,82969.173
2021-03-28 00:00:00+00:00,55828.0,56500.0,55575.61,56209.31,49755.889
2021-03-28 08:00:00+00:00,56209.3,56588.31,55300.0,56375.31,72545.556
2021-03-28 16:00:00+00:00,56376.12,56510.0,54694.91,55805.08,78302.323
2021-03-29 00:00:00+00:00,55804.16,56200.0,54931.15,55949.99,61062.177
2021-03-29 08:00:00+00:00,55950.0,58490.11,55942.99,57765.26,142322.091
2021-03-29 16:00:00+00:00,57765.25,58361.68,57107.0,57677.64,73831.0
2021-03-30 00:00:00+00:00,57676.14,58350.0,57110.0,58173.44,63994.681
2021-03-30 08:00:00+00:00,58173.44,59560.0,57772.0,58615.66,115178.656
2021-03-30 16:00:00+00:00,58617.67,59229.52,58400.43,58794.16,53650.728
2021-03-31 00:00:00+00:00,58794.17,59920.0,57400.0,58244.24,112119.46
2021-03-31 08:00:00+00:00,58238.52,59500.0,56812.0,59367.07,136959.99
2021-03-31 16:00:00+00:00,59367.07,59752.49,58431.29,58807.24,87958.899
2021-04-01 00:00:00+00:00,58810.99,59427.21,58552.86,58880.94,47392.527
2021-04-01 08:00:00+00:00,58880.95,59592.22,58150.0,59040.89,86258.462
2021-04-01 16:00:00+00:00,59040.9,59221.35,58002.0,58794.01,62681.125
2021-04-02 00:00:00+00:00,58797.56,60397.85,58520.0,59515.91,80156.426
2021-04-02 08:00:00+00:00,59515.91,59780.0,59050.0,59547.65,54461.182
2021-04-02 16:00:00+00:00,59548.71,59689.89,58490.03,59031.36,54774.35
2021-04-03 00:00:00+00:00,59028.99,59650.0,59008.38,59372.99,33686.556
2021-04-03 08:00:00+00:00,59372.99,59925.0,58807.02,58888.74,63810.593
2021-04-03 16:00:00+00:00,58888.74,59202.16,56900.0,57134.65,101139.022
2021-04-04 00:00:00+00:00,57134.65,57735.15,56517.23,57674.33,62279.466
2021-04-04 08:00:00+00:00,57674.33,58553.0,57024.0,57957.58,60243.732
2021-04-04 16:00:00+00:00,57960.37,58345.0,57716.68,58234.61,29930.924
2021-04-05 00:00:00+00:00,58234.61,58450.26,56852.1,57290.53,53692.339
2021-04-05 08:00:00+00:00,57290.53,59385.0,56808.94,59098.01,71802.651
2021-04-05 16:00:00+00:00,59098.0,59324.63,58569.72,59243.39,48843.656
2021-04-06 00:00:00+00:00,59243.4,59626.18,58401.4,58638.34,47019.524
2021-04-06 08:00:00+00:00,58643.09,59116.71,57500.0,57876.95,80760.768
2021-04-06 16:00:00+00:00,57876.55,58384.93,57637.72,58059.99,37781.737
2021-04-07 00:00:00+00:00,58060.0,58720.0,57245.46,57887.07,72137.181
2021-04-07 08:00:00+00:00,57887.08,57992.99,55669.32,56527.38,126469.105
2021-04-07 16:00:00+00:00,56524.25,56901.89,55536.07,56018.18,66665.421
2021-04-08 00:00:00+00:00,56018.17,57415.03,55759.13,57067.4,45901.093
2021-04-08 08:00:00+00:00,57065.97,57966.66,56401.0,57795.24,73895.253
2021-04-08 16:00:00+00:00,57795.23,58200.0,57501.99,58122.26,41593.512
2021-04-09 00:00:00+00:00,58122.93,58466.0,57700.0,58109.8,37157.901
2021-04-09 08:00:00+00:00,58110.09,58950.0,57711.34,58301.32,67303.257
2021-04-09 16:00:00+00:00,58301.31,58650.0,57889.0,58176.03,37228.986
2021-04-10 00:00:00+00:00,58176.04,61800.0,57943.95,60614.65,106905.361
2021-04-10 08:00:00+00:00,60614.66,61146.76,60022.93,60348.46,58840.522
2021-04-10 16:00:00+00:00,60348.7,60685.82,58420.0,59832.43,75161.709
2021-04-11 00:00:00+00:00,59832.43,60816.88,59424.29,59725.5,55906.75
2021-04-11 08:00:00+00:00,59726.05,60247.27,59304.02,59730.0,47383.346
2021-04-11 16:00:00+00:00,59730.01,60328.72,59462.0,60090.2,45209.728
2021-04-12 00:00:00+00:00,60093.26,61449.91,59672.67,60832.23,72611.171
2021-04-12 08:00:00+00:00,60834.3,61000.0,59500.0,60075.19,86308.526
2021-04-12 16:00:00+00:00,60075.19,60346.92,59750.0,59911.18,37227.864
2021-04-13 00:00:00+00:00,59911.19,61550.0,59873.01,61133.17,80499.851
2021-04-13 08:00:00+00:00,61133.16,63799.0,61126.47,63420.34,138002.052
2021-04-13 16:00:00+00:00,63421.77,63850.0,62633.94,63649.71,60887.589
2021-04-14 00:00:00+00:00,63645.05,64986.11,63131.11,64382.35,76090.956
2021-04-14 08:00:00+00:00,64382.35,64903.71,62400.0,63132.48,137919.046
2021-04-14 16:00:00+00:00,63132.48,63853.17,61404.0,63019.1,109444.878
2021-04-15 00:00:00+00:00,63018.34,63560.0,62410.14,62933.31,61697.224
2021-04-15 08:00:00+00:00,62932.83,63223.6,62157.89,62787.12,60286.473
2021-04-15 16:00:00+00:00,62787.12,63905.83,62410.61,63232.55,56620.501
2021-04-16 00:00:00+00:00,63232.56,63600.0,61111.0,61513.57,95743.325
2021-04-16 08:00:00+00:00,61513.57,61737.97,60100.0,61620.18,111844.35
2021-04-16 16:00:00+00:00,61617.61,62145.04,61184.03,61424.67,48178.218
2021-04-17 00:00:00+00:00,61424.67,62610.0,61201.19,62165.28,42215.3
2021-04-17 08:00:00+00:00,62165.29,62550.0,60152.13,60338.15,89780.547
2021-04-17 16:00:00+00:00,60338.15,61035.16,59620.0,60090.14,62116.452
2021-04-18 00:00:00+00:00,60090.14,60450.0,50050.0,56216.8,268675.767
2021-04-18 08:00:00+00:00,56216.96,56533.97,53100.0,55470.0,180435.151
2021-04-18 16:00:00+00:00,55470.01,56683.77,54876.61,56140.05,72895.358
2021-04-19 00:00:00+00:00,56140.05,57487.0,55677.9,57325.01,66130.967
2021-04-19 08:00:00+00:00,57325.01,57532.7,54200.0,54577.19,135250.276
2021-04-19 16:00:00+00:00,54577.19,56607.14,54344.68,55634.39,83660.473
2021-04-20 00:00:00+00:00,55634.38,55798.52,53330.82,54435.0,127929.783
2021-04-20 08:00:00+00:00,54433.67,56478.99,54248.41,55348.87,115876.036
2021-04-20 16:00:00+00:00,55348.87,57060.0,55117.67,56410.56,80688.266
2021-04-21 00:00:00+00:00,56411.25,56756.78,54948.28,55291.42,70560.223
2021-04-21 08:00:00+00:00,55291.42,56356.87,54257.88,56147.88,102885.824
2021-04-21 16:00:00+00:00,56146.85,56326.62,53610.0,53800.0,79155.925
2021-04-22 00:00:00+00:00,53794.72,54845.0,52505.0,54159.51,125706.47
2021-04-22 08:00:00+00:00,54160.0,55470.51,53080.29,54672.07,114368.613
2021-04-22 16:00:00+00:00,54676.74,55191.43,50534.34,51714.61,213414.102
2021-04-23 00:00:00+00:00,51714.62,52152.0,47705.18,48000.81,271718.537
2021-04-23 08:00:00+00:00,48000.81,50320.0,47546.16,49852.52,188110.852
2021-04-23 16:00:00+00:00,49850.0,51278.54,49504.37,51122.62,94836.637
2021-04-24 00:00:00+00:00,51122.63,51183.51,49344.23,49852.31,94633.672
2021-04-24 08:00:00+00:00,49852.31,50400.0,48690.0,50225.36,127541.388
2021-04-24 16:00:00+00:00,50225.37,51046.89,49680.0,50092.4,77488.071
2021-04-25 00:00:00+00:00,50094.27,50483.2,49113.17,49697.06,64104.621
2021-04-25 08:00:00+00:00,49695.29,50577.9,49210.01,50273.29,99170.929
2021-04-25 16:00:00+00:00,50273.28,50448.0,46930.43,49063.94,147030.951
2021-04-26 00:00:00+00:00,49063.94,53092.0,48763.0,52816.0,157417.907
2021-04-26 08:00:00+00:00,52816.01,53952.0,52285.43,53572.76,116260.424
2021-04-26 16:00:00+00:00,53576.65,54364.89,52600.0,53984.33,116815.817
2021-04-27 00:00:00+00:00,53984.34,54869.09,53225.14,54524.36,67463.598
2021-04-27 08:00:00+00:00,54524.37,55337.77,54322.45,54985.0,98278.22
2021-04-27 16:00:00+00:00,54985.01,55500.0,54261.73,55006.25,59698.543
2021-04-28 00:00:00+00:00,55006.25,55733.0,53852.0,54278.97,80371.759
2021-04-28 08:00:00+00:00,54278.96,55343.7,53951.79,54367.05,79315.154
2021-04-28 16:00:00+00:00,54367.04,56574.13,54010.0,54861.77,103483.646
2021-04-29 00:00:00+00:00,54861.76,55222.02,53460.0,54469.06,72423.055
2021-04-29 08:00:00+00:00,54469.07,54746.31,53333.89,53748.77,92663.326
2021-04-29 16:00:00+00:00,53748.78,53858.11,52350.0,53558.8,91958.809
2021-04-30 00:00:00+00:00,53558.57,54568.58,53043.62,54354.01,66943.501
2021-04-30 08:00:00+00:00,54354.01,57270.0,54100.0,57138.23,134834.833
2021-04-30 16:00:00+00:00,57139.14,57935.0,56323.03,57684.16,92905.417
2021-05-01 00:00:00+00:00,57688.29,58488.17,57410.0,57770.19,74744.181
2021-05-01 08:00:00+00:00,57771.38,58097.79,57051.23,57399.06,82032.005
2021-05-01 16:00:00+00:00,57395.33,58075.39,57249.44,57836.34,51078.212
2021-05-02 00:00:00+00:00,57836.35,57959.97,56200.0,56682.01,73736.02
2021-05-02 08:00:00+00:00,56682.01,57355.0,56100.0,56654.38,77622.071
2021-05-02 16:00:00+00:00,56654.37,57205.85,56250.0,56630.33,52354.424
2021-05-03 00:00:00+00:00,56630.34,58907.6,56559.8,58845.47,84217.974
2021-05-03 08:00:00+00:00,58847.37,59056.59,57322.94,57682.93,100038.907
2021-05-03 16:00:00+00:00,57682.93,58230.0,56500.65,57214.83,87477.091
2021-05-04 00:00:00+00:00,57214.84,57253.76,54450.31,55951.22,126643.907
2021-05-04 08:00:00+00:00,55955.03,56670.0,53558.57,53881.84,155731.249
2021-05-04 16:00:00+00:00,53876.71,54879.76,53094.59,53263.32,106613.598
2021-05-05 00:00:00+00:00,53263.32,55462.8,52880.38,54901.33,91018.191
2021-05-05 08:00:00+00:00,54901.33,57700.0,54750.87,57596.1,135959.19
2021-05-05 16:00:00+00:00,57596.09,57940.0,56694.66,57497.77,90834.324
2021-05-06 00:00:00+00:00,57497.76,57674.98,56423.01,56865.01,74658.129
2021-05-06 08:00:00+00:00,56865.02,58450.0,56843.0,57173.49,97137.861
2021-05-06 16:00:00+00:00,57173.48,57564.88,55297.91,56435.35,103675.214
2021-05-07 00:00:00+00:00,56435.35,57179.13,55300.0,55854.4,75060.303
2021-05-07 08:00:00+00:00,55854.41,57730.36,55645.25,57558.06,87942.852
2021-05-07 16:00:00+00:00,57558.07,58800.0,56820.0,57350.88,93156.349
2021-05-08 00:00:00+00:00,57350.89,58688.0,56961.25,58500.0,67110.124
2021-05-08 08:00:00+00:00,58500.0,59513.69,57529.94,57660.76,121138.079
2021-05-08 16:00:00+00:00,57660.76,59590.96,57660.76,58924.98,76658.526
2021-05-09 00:00:00+00:00,58926.36,59335.19,57731.37,57997.2,83842.472
2021-05-09 08:00:00+00:00,57997.21,58437.02,56316.0,57461.83,105955.991
2021-05-09 16:00:00+00:00,57461.84,58472.55,57085.95,58292.53,56155.551
2021-05-10 00:00:00+00:00,58292.53,59654.0,58088.88,58465.01,75661.786
2021-05-10 08:00:00+00:00,58465.0,58695.57,56700.0,58359.23,135569.005
2021-05-10 16:00:00+00:00,58359.24,58671.01,53250.0,55869.67,185006.342
2021-05-11 00:00:00+00:00,55869.41,56500.0,54541.33,55792.83,100717.898
2021-05-11 08:00:00+00:00,55792.83,56262.61,54821.0,56084.25,101836.906
2021-05-11 16:00:00+00:00,56086.62,56908.66,55800.0,56710.43,64671.3
2021-05-12 00:00:00+00:00,56712.7,58049.99,56600.0,57177.01,72177.946
2021-05-12 08:00:00+00:00,57176.69,57265.0,55300.0,55540.65,134271.586
2021-05-12 16:00:00+00:00,55540.65,55719.49,48503.74,49595.76,265879.62
2021-05-13 00:00:00+00:00,49596.75,51358.0,45596.32,50893.36,232157.417
2021-05-13 08:00:00+00:00,50893.36,50963.89,48500.0,49679.57,197753.853
2021-05-13 16:00:00+00:00,49678.96,50464.21,46994.97,49707.9,222565.419
2021-05-14 00:00:00+00:00,49706.27,50414.05,48870.41,50043.74,107642.927
2021-05-14 08:00:00+00:00,50045.73,51533.0,49941.05,51241.26,109346.802
2021-05-14 16:00:00+00:00,51240.99,51348.35,49064.71,49873.27,102079.273
2021-05-15 00:00:00+00:00,49873.26,50709.43,48404.0,48510.0,118435.046
2021-05-15 08:00:00+00:00,48510.01,49594.42,47809.27,49019.96,140513.622
2021-05-15 16:00:00+00:00,49019.97,49033.08,46584.32,46793.41,183074.828
2021-05-16 00:00:00+00:00,46794.62,49520.0,46481.14,49400.0,120114.124
2021-05-16 08:00:00+00:00,49400.0,49829.39,47694.71,47812.34,128860.061
2021-05-16 16:00:00+00:00,47812.33,48162.92,43866.0,46429.28,355563.445
2021-05-17 00:00:00+00:00,46429.28,46655.0,42200.0,45182.45,319839.908
2021-05-17 08:00:00+00:00,45175.74,45874.2,43207.31,43401.14,218467.728
2021-05-17 16:00:00+00:00,43401.14,44995.0,42151.0,43566.18,270821.729
2021-05-18 00:00:00+00:00,43565.11,45846.61,43189.26,45175.91,155125.366
2021-05-18 08:00:00+00:00,45175.9,45692.56,42675.0,43000.01,231277.761
2021-05-18 16:00:00+00:00,43000.0,43849.41,42268.0,42882.53,203955.465
2021-05-19 00:00:00+00:00,42882.54,43615.93,38500.0,40372.57,445211.508
2021-05-19 08:00:00+00:00,40369.92,40853.0,28688.0,37304.85,581539.299
2021-05-19 16:00:00+00:00,37304.85,40497.81,36080.74,36689.14,347101.042
2021-05-20 00:00:00+00:00,36689.14,40800.0,34882.0,39946.92,271425.148
2021-05-20 08:00:00+00:00,39946.92,42460.0,38737.2,41448.84,244207.986
2021-05-20 16:00:00+00:00,41445.8,41859.35,38091.68,40500.3,259551.979
2021-05-21 00:00:00+00:00,40500.0,42270.42,39208.22,39822.0,162735.416
2021-05-21 08:00:00+00:00,39820.89,41740.26,36380.0,36818.07,372455.379
2021-05-21 16:00:00+00:00,36818.53,37811.74,33400.0,37211.02,395480.952
2021-05-22 00:00:00+00:00,37210.01,38065.0,35201.11,36259.78,205923.535
2021-05-22 08:00:00+00:00,36258.88,38851.34,36245.37,38139.69,244977.05
2021-05-22 16:00:00+00:00,38140.97,38534.78,37160.4,37432.58,137266.199
2021-05-23 00:00:00+00:00,37436.0,38261.71,35501.01,35911.08,156145.893
2021-05-23 08:00:00+00:00,35904.05,35916.86,32566.82,33306.95,484915.361
2021-05-23 16:00:00+00:00,33307.0,34955.0,31096.7,34651.6,355753.763
2021-05-24 00:00:00+00:00,34656.53,36881.39,34366.0,36612.34,188904.106
2021-05-24 08:00:00+00:00,36612.34,38600.0,35860.42,37535.2,286160.107
2021-05-24 16:00:00+00:00,37538.03,39917.09,36842.11,38779.66,232838.858
2021-05-25 00:00:00+00:00,38783.58,39790.05,37606.6,38985.21,181264.321
2021-05-25 08:00:00+00:00,38985.22,39122.77,36439.32,38269.99,291555.08
2021-05-25 16:00:00+00:00,38270.0,38735.0,37120.11,38326.84,126017.01
2021-05-26 00:00:00+00:00,38326.84,40771.29,37804.76,40436.0,163142.357
2021-05-26 08:00:00+00:00,40436.0,40900.0,38501.0,38779.56,235652.117
2021-05-26 16:00:00+00:00,38779.56,39430.98,37900.0,39224.2,178238.336
2021-05-27 00:00:00+00:00,39224.21,39224.21,37133.22,38269.73,175220.769
2021-05-27 08:00:00+00:00,38268.07,40438.82,37820.0,39690.04,215120.71
2021-05-27 16:00:00+00:00,39690.04,39745.22,38184.15,38527.38,152997.087
2021-05-28 00:00:00+00:00,38527.38,38888.35,36435.15,36965.27,217236.933
2021-05-28 08:00:00+00:00,36965.27,37264.0,35122.0,36741.5,328827.164
2021-05-28 16:00:00+00:00,36741.49,36848.49,34689.57,35670.99,286299.328
2021-05-29 00:00:00+00:00,35670.99,37375.0,35611.0,36180.71,191093.262
2021-05-29 08:00:00+00:00,36179.68,36393.54,33833.0,34452.15,324244.129
2021-05-29 16:00:00+00:00,34452.15,35105.74,33650.0,34611.94,218565.434
2021-05-30 00:00:00+00:00,34611.95,36239.73,33356.0,35999.99,202835.926
2021-05-30 08:00:00+00:00,35997.5,36501.0,35150.0,35489.78,187713.471
2021-05-30 16:00:00+00:00,35490.0,36350.0,35323.88,35651.81,121285.349
2021-05-31 00:00:00+00:00,35651.8,36022.3,34150.0,35853.59,225125.057
2021-05-31 08:00:00+00:00,35851.45,37282.81,35592.75,36944.12,265577.12
2021-05-31 16:00:00+00:00,36944.13,37500.0,36512.0,37243.38,144379.944
2021-06-01 00:00:00+00:00,37244.36,37893.76,36458.48,36817.43,167448.742
2021-06-01 08:00:00+00:00,36817.44,37462.79,35500.0,36233.59,274270.674
2021-06-01 16:00:00+00:00,36233.59,36800.0,35712.0,36693.41,149103.124
2021-06-02 00:00:00+00:00,36694.37,37400.0,35905.0,37218.19,141799.107
2021-06-02 08:00:00+00:00,37218.19,38232.99,36851.0,38032.66,183718.43
2021-06-02 16:00:00+00:00,38032.67,38196.35,37319.79,37569.99,116202.269
2021-06-03 00:00:00+00:00,37570.0,39072.02,37150.15,38631.51,169071.605
2021-06-03 08:00:00+00:00,38631.51,39470.0,38360.0,38546.06,222407.918
2021-06-03 16:00:00+00:00,38547.17,39250.0,38441.0,39247.4,115949.482
2021-06-04 00:00:00+00:00,39247.4,39297.35,36324.01,36631.46,280453.941
2021-06-04 08:00:00+00:00,36631.46,37191.0,35552.51,36944.23,295468.168
2021-06-04 16:00:00+00:00,36945.01,37252.0,36450.69,36828.03,124703.757
2021-06-05 00:00:00+00:00,36828.03,37900.49,36610.05,37581.0,142715.985
2021-06-05 08:00:00+00:00,37576.93,37850.0,35200.0,36316.45,308574.462
2021-06-05 16:00:00+00:00,36316.45,36345.35,34800.0,35498.62,179738.001
2021-06-06 00:00:00+00:00,35497.93,36521.16,35401.49,36131.74,139673.926
2021-06-06 08:00:00+00:00,36131.73,36496.73,35440.0,36159.24,181002.145
2021-06-06 16:00:00+00:00,36159.27,36328.99,35201.86,35801.71,122924.993
2021-06-07 00:00:00+00:00,35801.71,36820.0,35515.0,36152.91,162269.541
2021-06-07 08:00:00+00:00,36152.9,36799.0,35859.72,36039.99,187494.998
2021-06-07 16:00:00+00:00,36040.0,36096.03,33200.0,33550.96,286971.334
2021-06-08 00:00:00+00:00,33550.97,34061.57,32000.0,32945.48,345202.076
2021-06-08 08:00:00+00:00,32944.56,33350.0,30969.0,31686.94,368265.407
2021-06-08 16:00:00+00:00,31686.94,33866.09,31551.0,33372.58,263225.543
2021-06-09 00:00:00+00:00,33372.58,34489.0,32390.0,34143.5,286074.468
2021-06-09 08:00:00+00:00,34143.5,36866.6,33783.01,36339.26,456344.356
2021-06-09 16:00:00+00:00,36339.25,37511.31,35650.0,37368.45,288595.263
2021-06-10 00:00:00+00:00,37369.99,37661.7,36511.01,36940.88,189925.075
2021-06-10 08:00:00+00:00,36940.88,38489.0,36229.23,36893.51,391447.243
2021-06-10 16:00:00+00:00,36893.51,37158.6,35750.0,36669.66,221813.381
2021-06-11 00:00:00+00:00,36669.65,37395.0,35900.0,37123.76,210514.467
2021-06-11 08:00:00+00:00,37123.76,37679.54,36728.25,36805.77,205462.901
2021-06-11 16:00:00+00:00,36805.78,37480.68,36500.1,37300.42,170145.53
2021-06-12 00:00:00+00:00,37300.41,37432.95,35000.45,35271.65,258504.914
2021-06-12 08:00:00+00:00,35271.66,36200.0,34585.9,35381.37,254615.201
2021-06-12 16:00:00+00:00,35381.36,36125.3,35290.0,35537.05,110412.361
2021-06-13 00:00:00+00:00,35535.95,35900.0,34739.06,35263.02,160133.631
2021-06-13 08:00:00+00:00,35263.02,36150.0,35152.0,36007.59,180919.584
2021-06-13 16:00:00+00:00,36007.59,39374.18,35929.99,38993.65,305982.099
2021-06-14 00:00:00+00:00,38993.66,39822.64,38720.0,39529.99,208933.014
2021-06-14 08:00:00+00:00,39529.99,41000.0,38790.0,40677.54,289214.882
2021-06-14 16:00:00+00:00,40676.17,40729.03,39291.97,40489.1,206831.985
2021-06-15 00:00:00+00:00,40489.1,40860.0,39840.0,40350.98,160135.894
2021-06-15 08:00:00+00:00,40350.97,40464.41,39527.0,40056.8,230506.253
2021-06-15 16:00:00+00:00,40056.8,41413.0,39500.0,40132.86,241424.847
2021-06-16 00:00:00+00:00,40132.86,40495.0,39605.5,40130.0,150334.581
2021-06-16 08:00:00+00:00,40129.99,40259.22,38533.0,38768.3,249690.944
2021-06-16 16:00:00+00:00,38768.29,39700.0,38105.0,38344.97,273209.971
2021-06-17 00:00:00+00:00,38344.97,39400.0,38200.01,39198.03,147797.844
2021-06-17 08:00:00+00:00,39198.03,39565.0,38334.0,39002.18,208494.714
2021-06-17 16:00:00+00:00,39002.19,39108.61,37334.76,38060.71,247557.303
2021-06-18 00:00:00+00:00,38060.71,38198.0,37200.62,37689.99,180385.835
2021-06-18 08:00:00+00:00,37689.99,38000.0,36300.0,36363.91,325889.133
2021-06-18 16:00:00+00:00,36363.91,36708.31,35100.0,35811.41,284104.281
2021-06-19 00:00:00+00:00,35811.41,36288.0,34704.08,35767.59,244388.729
2021-06-19 08:00:00+00:00,35767.59,36471.8,35525.15,36104.67,236284.737
2021-06-19 16:00:00+00:00,36104.67,36200.0,35336.75,35483.0,161511.916
2021-06-20 00:00:00+00:00,35483.01,35916.44,35107.99,35614.39,150858.947
2021-06-20 08:00:00+00:00,35614.39,35669.88,33312.0,34383.37,434698.632
2021-06-20 16:00:00+00:00,34383.37,36155.0,34246.95,35588.64,244338.862
2021-06-21 00:00:00+00:00,35588.63,35746.28,32200.0,32985.72,444966.986
2021-06-21 08:00:00+00:00,32985.72,33555.0,31666.0,32664.1,600283.749
2021-06-21 16:00:00+00:00,32664.09,32950.0,31250.51,31606.0,352079.927
2021-06-22 00:00:00+00:00,31606.0,33240.0,31150.0,32641.51,265823.972
2021-06-22 08:00:00+00:00,32641.52,32654.47,28780.01,31635.72,847894.193
2021-06-22 16:00:00+00:00,31635.71,33274.0,31525.0,32496.0,418106.685
2021-06-23 00:00:00+00:00,32496.0,34380.0,31711.5,33959.13,340202.125
2021-06-23 08:00:00+00:00,33959.97,34867.77,33345.0,33488.23,363287.061
2021-06-23 16:00:00+00:00,33488.24,33932.99,32726.51,33649.0,257211.183
2021-06-24 00:00:00+00:00,33650.0,33851.4,32300.0,32833.59,245076.187
2021-06-24 08:00:00+00:00,32834.87,34588.0,32804.29,33851.0,300515.325
2021-06-24 16:00:00+00:00,33851.0,35406.74,33751.0,34644.64,229307.653
2021-06-25 00:00:00+00:00,34644.65,35500.0,33933.0,34262.69,264932.974
2021-06-25 08:00:00+00:00,34262.69,34479.1,32330.56,32618.31,430606.492
2021-06-25 16:00:00+00:00,32618.33,32924.99,31250.0,31568.07,397511.909
2021-06-26 00:00:00+00:00,31569.18,32720.52,30620.0,30700.0,307865.57
2021-06-26 08:00:00+00:00,30700.0,31984.87,30120.0,31511.57,525517.774
2021-06-26 16:00:00+00:00,31512.07,32289.92,30760.67,32255.56,258001.405
2021-06-27 00:00:00+00:00,32250.15,33450.0,31960.0,33252.0,286259.941
2021-06-27 08:00:00+00:00,33252.0,33562.0,32333.0,33171.2,338831.732
2021-06-27 16:00:00+00:00,33171.26,34762.0,32377.3,34687.71,272055.78
2021-06-28 00:00:00+00:00,34687.71,35279.38,34233.27,35007.58,214530.699
2021-06-28 08:00:00+00:00,35006.22,35136.14,33855.0,34946.66,295371.941
2021-06-28 16:00:00+00:00,34947.41,35000.0,33932.68,34487.22,196255.905
2021-06-29 00:00:00+00:00,34486.58,35450.0,34206.0,34841.15,250025.425
2021-06-29 08:00:00+00:00,34841.15,36422.5,34711.72,36244.89,361153.273
2021-06-29 16:00:00+00:00,36244.88,36623.0,35733.3,35911.26,194961.631
2021-06-30 00:00:00+00:00,35910.64,36089.96,34661.23,35227.67,242009.114
2021-06-30 08:00:00+00:00,35227.68,35328.0,34060.0,34191.68,275746.437
2021-06-30 16:00:00+00:00,34191.69,35191.0,34042.74,35031.39,201987.432
2021-07-01 00:00:00+00:00,35031.39,35044.98,33264.8,33337.58,250231.952
2021-07-01 08:00:00+00:00,33338.99,33844.0,32968.0,33417.74,306406.345
2021-07-01 16:00:00+00:00,33417.74,33639.5,32672.04,33489.96,202328.196
2021-07-02 00:00:00+00:00,33489.96,33960.0,32684.0,33340.17,224940.918
2021-07-02 08:00:00+00:00,33340.18,33700.0,32751.0,33684.88,282164.879
2021-07-02 16:00:00+00:00,33686.5,33880.0,33012.0,33760.94,157817.405
2021-07-03 00:00:00+00:00,33760.94,34650.0,33296.98,34477.46,178419.823
2021-07-03 08:00:00+00:00,34476.47,34800.0,34372.09,34592.56,182179.314
2021-07-03 16:00:00+00:00,34592.56,34948.16,34251.0,34652.94,150015.121
2021-07-04 00:00:00+00:00,34653.32,35731.3,34340.75,35565.98,173195.81
2021-07-04 08:00:00+00:00,35565.99,35660.0,35215.0,35486.35,132917.644
2021-07-04 16:00:00+00:00,35486.35,35955.55,35214.86,35280.16,144888.102
2021-07-05 00:00:00+00:00,35280.17,35281.55,34000.0,34237.24,255364.586
2021-07-05 08:00:00+00:00,34237.24,34538.0,33290.0,33575.23,265770.725
2021-07-05 16:00:00+00:00,33575.22,34259.68,33032.0,33672.72,215571.098
2021-07-06 00:00:00+00:00,33672.72,34948.0,33603.7,34853.46,185028.852
2021-07-06 08:00:00+00:00,34853.46,35120.0,33700.0,34031.17,311015.533
2021-07-06 16:00:00+00:00,34034.35,34357.11,33500.0,34206.01,148184.622
2021-07-07 00:00:00+00:00,34206.0,34905.0,33925.0,34699.66,154325.326
2021-07-07 08:00:00+00:00,34699.66,35089.56,34447.6,34534.9,175539.334
2021-07-07 16:00:00+00:00,34534.89,34770.0,33756.48,33845.64,126354.249
2021-07-08 00:00:00+00:00,33845.63,33910.0,32216.0,32476.39,269441.621
2021-07-08 08:00:00+00:00,32473.66,32968.0,32066.0,32874.95,245983.473
2021-07-08 16:00:00+00:00,32874.95,33195.0,32500.0,32852.04,134892.57
2021-07-09 00:00:00+00:00,32855.0,33300.0,32250.0,32878.87,171520.248
2021-07-09 08:00:00+00:00,32878.58,33700.0,32588.0,33537.49,200205.125
2021-07-09 16:00:00+00:00,33537.49,34100.0,33254.26,33805.01,113937.506
2021-07-10 00:00:00+00:00,33805.01,34248.58,33423.96,33747.98,137136.818
2021-07-10 08:00:00+00:00,33747.98,33969.03,33550.0,33840.28,113968.819
2021-07-10 16:00:00+00:00,33840.27,34190.0,33010.0,33497.98,159166.342
2021-07-11 00:00:00+00:00,33497.98,33812.53,33306.03,33501.53,93322.159
2021-07-11 08:00:00+00:00,33501.53,33985.0,33416.48,33926.19,121221.2
2021-07-11 16:00:00+00:00,33926.19,34629.62,33690.55,34253.81,129361.991
2021-07-12 00:00:00+00:00,34253.88,34662.73,34024.26,34271.16,119156.791
2021-07-12 08:00:00+00:00,34271.16,34450.0,33301.0,33340.32,196993.272
2021-07-12 16:00:00+00:00,33340.32,33433.0,32650.0,33070.87,186597.695
2021-07-13 00:00:00+00:00,33070.86,33336.0,32741.99,33159.99,132733.73
2021-07-13 08:00:00+00:00,33160.0,33329.84,32259.0,32781.41,199623.211
2021-07-13 16:00:00+00:00,32779.05,32957.44,32186.99,32709.09,134210.772
2021-07-14 00:00:00+00:00,32708.66,32800.0,31620.0,31910.38,178886.838
2021-07-14 08:00:00+00:00,31910.39,32945.0,31556.02,32772.97,230479.338
2021-07-14 16:00:00+00:00,32772.96,33176.47,32560.0,32803.01,111774.234
2021-07-15 00:00:00+00:00,32803.0,33170.0,32350.89,32461.0,129934.671
2021-07-15 08:00:00+00:00,32461.0,32620.0,31401.2,31673.4,244078.003
2021-07-15 16:00:00+00:00,31673.4,31876.0,31140.0,31866.43,165098.993
2021-07-16 00:00:00+00:00,31865.53,32042.81,31534.41,31768.61,119733.747
2021-07-16 08:00:00+00:00,31768.61,32187.0,31018.59,32105.81,252093.767
2021-07-16 16:00:00+00:00,32105.81,32245.0,31325.0,31382.95,144750.229
2021-07-17 00:00:00+00:00,31382.96,31633.41,31150.02,31497.05,136328.021
2021-07-17 08:00:00+00:00,31497.06,31945.0,31225.63,31737.92,186187.184
2021-07-17 16:00:00+00:00,31737.87,31909.98,31465.0,31496.65,100135.213
2021-07-18 00:00:00+00:00,31496.65,32435.93,31451.0,31705.0,155350.762
2021-07-18 08:00:00+00:00,31705.0,31850.0,31075.1,31349.07,147898.969
2021-07-18 16:00:00+00:00,31348.11,31899.83,31268.08,31767.0,108939.67
2021-07-19 00:00:00+00:00,31765.23,31890.0,31417.92,31595.92,110766.762
2021-07-19 08:00:00+00:00,31595.92,31659.44,30358.77,30672.99,287316.041
2021-07-19 16:00:00+00:00,30672.99,30960.0,30529.0,30823.62,88222.824
2021-07-20 00:00:00+00:00,30823.62,31050.0,29452.53,29797.81,257315.786
2021-07-20 08:00:00+00:00,29797.81,29978.0,29242.24,29860.11,238360.067
2021-07-20 16:00:00+00:00,29860.12,29955.0,29480.12,29775.9,107012.337
2021-07-21 00:00:00+00:00,29775.89,30933.19,29472.41,30797.85,210062.267
2021-07-21 08:00:00+00:00,30797.85,31949.0,30700.0,31904.38,243023.432
2021-07-21 16:00:00+00:00,31904.43,32883.9,31502.12,32120.0,333991.691
2021-07-22 00:00:00+00:00,32120.0,32350.0,31760.0,32115.11,123332.078
2021-07-22 08:00:00+00:00,32115.11,32583.48,31700.0,32482.65,181309.969
2021-07-22 16:00:00+00:00,32481.84,32574.51,32050.0,32268.11,92616.889
2021-07-23 00:00:00+00:00,32268.12,32930.0,32182.32,32478.19,129352.865
2021-07-23 08:00:00+00:00,32478.19,32599.98,32200.0,32305.83,102754.2
2021-07-23 16:00:00+00:00,32305.9,33650.0,31970.82,33634.46,172542.951
2021-07-24 00:00:00+00:00,33631.74,33930.52,33379.81,33793.83,124666.434
2021-07-24 08:00:00+00:00,33793.83,34100.0,33526.0,33831.17,111907.249
2021-07-24 16:00:00+00:00,33831.16,34471.0,33660.0,34230.0,139472.345
2021-07-25 00:00:00+00:00,34230.0,34768.53,33812.0,34672.76,124289.01
2021-07-25 08:00:00+00:00,34672.76,34780.0,33853.0,34152.77,143365.056
2021-07-25 16:00:00+00:00,34152.77,35400.0,34063.14,35370.66,136460.778
2021-07-26 00:00:00+00:00,35370.67,48168.6,35185.49,38157.02,477075.293
2021-07-26 08:00:00+00:00,38159.99,38882.89,37666.0,38537.0,206414.928
2021-07-26 16:00:00+00:00,38536.93,40578.93,36700.0,37218.09,478842.636
2021-07-27 00:00:00+00:00,37218.09,37500.0,36384.31,37103.66,197848.265
2021-07-27 08:00:00+00:00,37103.67,38748.53,36958.87,38203.37,271121.721
2021-07-27 16:00:00+00:00,38203.37,39546.34,37325.0,39442.33,206134.171
2021-07-28 00:00:00+00:00,39448.06,40388.0,38861.61,39888.0,227142.739
2021-07-28 08:00:00+00:00,39887.99,40894.0,39306.04,39670.0,253814.07
2021-07-28 16:00:00+00:00,39670.0,40682.0,38753.0,40003.08,255239.425
2021-07-29 00:00:00+00:00,40003.08,40281.93,39203.83,39925.01,141103.959
2021-07-29 08:00:00+00:00,39925.01,40665.0,39400.0,39926.5,196973.91
2021-07-29 16:00:00+00:00,39926.5,40400.0,39365.33,40012.9,125840.003
2021-07-30 00:00:00+00:00,40012.89,40238.0,39560.0,39729.99,91339.877
2021-07-30 08:00:00+00:00,39730.0,39768.08,38320.0,39056.09,204049.273
2021-07-30 16:00:00+00:00,39055.42,42316.6,38851.12,42203.25,266085.159
2021-07-31 00:00:00+00:00,42202.6,42494.0,41200.0,41537.59,144022.352
2021-07-31 08:00:00+00:00,41537.6,41993.24,41101.0,41529.67,123274.25
2021-07-31 16:00:00+00:00,41529.68,42010.0,41030.19,41448.11,114225.297
2021-08-01 00:00:00+00:00,41448.1,42614.98,41091.77,41704.99,145935.244
2021-08-01 08:00:00+00:00,41705.0,41952.6,41150.73,41303.72,111478.38
2021-08-01 16:00:00+00:00,41303.72,41512.87,39350.4,39846.78,230115.42
2021-08-02 00:00:00+00:00,39846.78,40450.0,39229.12,40099.99,134783.247
2021-08-02 08:00:00+00:00,40097.47,40166.5,38838.0,39678.0,178984.971
2021-08-02 16:00:00+00:00,39678.01,39960.0,38658.0,39147.48,138103.91
2021-08-03 00:00:00+00:00,39147.47,39774.93,37920.0,38569.99,186216.798
2021-08-03 08:00:00+00:00,38569.99,38799.56,37658.69,38170.37,192948.905
2021-08-03 16:00:00+00:00,38170.37,38642.3,37600.0,38203.26,138053.814
2021-08-04 00:00:00+00:00,38201.33,38554.27,37661.1,37827.97,129520.634
2021-08-04 08:00:00+00:00,37827.96,39444.0,37500.0,39289.96,215432.045
2021-08-04 16:00:00+00:00,39289.95,39975.32,39221.0,39731.31,134607.794
2021-08-05 00:00:00+00:00,39731.31,39856.63,38750.0,38889.08,117136.833
2021-08-05 08:00:00+00:00,38889.07,39369.71,37291.0,38723.29,349453.184
2021-08-05 16:00:00+00:00,38721.79,41350.0,38704.0,40882.4,279659.695
2021-08-06 00:00:00+00:00,40882.39,41219.76,39849.82,40727.86,201641.747
2021-08-06 08:00:00+00:00,40725.4,42500.0,40282.01,42213.52,231298.73
2021-08-06 16:00:00+00:00,42211.53,43400.0,42208.43,42825.43,220510.677
2021-08-07 00:00:00+00:00,42825.43,43945.0,42577.0,43207.27,153607.671
2021-08-07 08:00:00+00:00,43207.26,44588.0,43101.81,43362.44,233669.13
2021-08-07 16:00:00+00:00,43362.43,44753.01,42395.2,44601.11,196474.09
2021-08-08 00:00:00+00:00,44601.11,45350.0,43800.0,44796.46,177933.128
2021-08-08 08:00:00+00:00,44796.46,45197.89,43742.39,44000.56,199619.069
2021-08-08 16:00:00+00:00,43998.89,44587.24,43265.0,43787.71,176132.501
2021-08-09 00:00:00+00:00,43787.71,43966.41,42785.0,43790.0,145243.571
2021-08-09 08:00:00+00:00,43790.01,46444.01,43590.7,45872.11,282429.198
2021-08-09 16:00:00+00:00,45871.79,46483.0,44907.42,46259.7,198547.734
2021-08-10 00:00:00+00:00,46259.7,46800.0,45318.0,45972.43,131250.746
2021-08-10 08:00:00+00:00,45972.43,46201.0,44850.0,45178.06,199707.758
2021-08-10 16:00:00+00:00,45178.07,45960.0,44670.05,45589.99,129520.357
2021-08-11 00:00:00+00:00,45589.99,46450.0,45354.0,46367.38,120020.812
2021-08-11 08:00:00+00:00,46367.37,46754.27,45825.0,46448.0,147340.392
2021-08-11 16:00:00+00:00,46448.0,46690.0,45520.06,45522.12,123299.367
2021-08-12 00:00:00+00:00,45522.13,46226.67,44820.0,45230.0,145365.122
2021-08-12 08:00:00+00:00,45230.0,45680.0,43925.0,44203.37,208926.828
2021-08-12 16:00:00+00:00,44203.37,44549.0,43800.0,44385.09,113984.106
2021-08-13 00:00:00+00:00,44385.09,46349.46,44208.88,46108.85,147821.147
2021-08-13 08:00:00+00:00,46108.85,46681.82,45950.0,46371.2,149741.416
2021-08-13 16:00:00+00:00,46371.2,47980.69,46230.0,47792.52,140462.897
2021-08-14 00:00:00+00:00,47792.52,47839.11,47400.0,47639.81,61540.112
2021-08-14 08:00:00+00:00,47639.8,48300.0,46000.0,46943.19,216638.549
2021-08-14 16:00:00+00:00,46941.69,47419.0,46311.0,47083.74,96190.135
2021-08-15 00:00:00+00:00,47083.75,47388.75,45666.0,45788.25,109782.265
2021-08-15 08:00:00+00:00,45788.25,46537.03,45480.0,46163.48,141939.438
2021-08-15 16:00:00+00:00,46161.77,47328.0,45659.1,47006.02,119229.104
2021-08-16 00:00:00+00:00,47006.02,48074.23,46769.91,47335.09,126571.611
2021-08-16 08:00:00+00:00,47335.09,47750.0,45922.39,46350.8,172327.141
2021-08-16 16:00:00+00:00,46350.8,46694.41,45682.03,45926.23,113638.853
2021-08-17 00:00:00+00:00,45926.23,46645.0,45240.0,45959.99,133794.743
2021-08-17 08:00:00+00:00,45959.99,47194.0,45670.0,45754.47,174720.898
2021-08-17 16:00:00+00:00,45754.47,46220.23,44412.01,44704.84,165800.759
2021-08-18 00:00:00+00:00,44704.85,45500.0,44227.32,44957.76,126973.048
2021-08-18 08:00:00+00:00,44957.76,45850.0,44677.03,45827.23,136890.894
2021-08-18 16:00:00+00:00,45827.73,46050.0,44401.01,44714.09,131972.216
2021-08-19 00:00:00+00:00,44714.09,45243.81,43938.38,44684.87,127534.096
2021-08-19 08:00:00+00:00,44684.26,45816.88,44151.0,45789.99,168066.78
2021-08-19 16:00:00+00:00,45790.0,47100.0,45427.01,46772.0,143801.286
2021-08-20 00:00:00+00:00,46772.0,47499.9,46650.0,46871.29,101036.683
2021-08-20 08:00:00+00:00,46871.29,48765.46,46766.8,48752.38,175047.816
2021-08-20 16:00:00+00:00,48750.99,49500.0,48324.28,49332.74,125414.582
2021-08-21 00:00:00+00:00,49332.99,49380.0,48600.0,48985.51,79781.718
2021-08-21 08:00:00+00:00,48985.5,49500.0,48250.0,49198.9,151827.605
2021-08-21 16:00:00+00:00,49198.9,49833.0,48771.54,48848.29,115985.128
2021-08-22 00:00:00+00:00,48846.11,49299.9,48616.41,49212.4,69591.917
2021-08-22 08:00:00+00:00,49212.4,49500.0,48075.81,48549.78,122441.991
2021-08-22 16:00:00+00:00,48550.0,49556.2,48205.63,49273.28,102638.315
2021-08-23 00:00:00+00:00,49273.28,50476.0,49100.0,50180.25,130643.373
2021-08-23 08:00:00+00:00,50180.26,50600.0,49314.14,49571.64,134426.269
2021-08-23 16:00:00+00:00,49571.64,49856.0,49075.01,49523.91,90663.854
2021-08-24 00:00:00+00:00,49523.23,49882.81,48801.01,49800.0,93480.866
2021-08-24 08:00:00+00:00,49800.0,49888.88,48252.0,48370.25,164284.083
2021-08-24 16:00:00+00:00,48370.26,48469.71,47600.0,47719.36,140917.053
2021-08-25 00:00:00+00:00,47719.37,48636.74,47700.0,48159.67,95017.629
2021-08-25 08:00:00+00:00,48159.4,48850.0,47130.57,48811.99,196954.17
2021-08-25 16:00:00+00:00,48811.99,49297.8,48510.0,48992.65,97128.585
2021-08-26 00:00:00+00:00,48992.65,49380.0,46600.0,46920.11,204388.646
2021-08-26 08:00:00+00:00,46920.11,47454.74,46280.0,46820.38,185261.553
2021-08-26 16:00:00+00:00,46822.12,47438.53,46519.19,46853.06,85532.924
2021-08-27 00:00:00+00:00,46854.22,47688.88,46359.97,47483.55,146095.816
2021-08-27 08:00:00+00:00,47482.05,48444.0,47003.0,48199.56,165298.312
2021-08-27 16:00:00+00:00,48199.56,49220.0,48000.0,49083.98,92272.884
2021-08-28 00:00:00+00:00,49082.13,49333.0,48671.89,48978.13,74343.194
2021-08-28 08:00:00+00:00,48978.14,49121.83,48395.65,48840.0,86622.89
2021-08-28 16:00:00+00:00,48839.99,49199.69,48520.0,48931.99,61826.94
2021-08-29 00:00:00+00:00,48931.99,49769.2,47741.31,48498.0,140977.364
2021-08-29 08:00:00+00:00,48497.01,48691.0,48122.84,48489.96,82438.711
2021-08-29 16:00:00+00:00,48489.96,49446.66,48344.6,48795.41,91689.424
2021-08-30 00:00:00+00:00,48795.42,48916.25,47597.29,47981.01,116302.699
2021-08-30 08:00:00+00:00,47981.01,48248.0,47400.0,48039.99,107071.364
2021-08-30 16:00:00+00:00,48039.99,48746.81,46876.49,47024.7,128456.691
2021-08-31 00:00:00+00:00,47024.69,47920.83,46731.03,47789.0,118310.983
2021-08-31 08:00:00+00:00,47788.55,48298.0,47165.3,47439.56,163763.944
2021-08-31 16:00:00+00:00,47439.56,47617.36,46767.37,47150.32,83473.282
2021-09-01 00:00:00+00:00,47150.32,47506.77,46550.99,47214.0,99634.808
2021-09-01 08:00:00+00:00,47214.0,47888.0,47156.16,47527.69,98733.685
2021-09-01 16:00:00+00:00,47527.69,49160.79,47440.0,48842.94,151739.881
2021-09-02 00:00:00+00:00,48842.93,50420.0,48631.2,49891.07,149735.525
2021-09-02 08:00:00+00:00,49891.08,50399.0,49338.0,49604.46,141710.138
2021-09-02 16:00:00+00:00,49604.47,49893.19,49251.0,49299.14,70417.392
2021-09-03 00:00:00+00:00,49299.14,49779.0,48333.0,49353.7,117520.639
2021-09-03 08:00:00+00:00,49353.7,51111.0,49306.44,50589.99,227388.129
2021-09-03 16:00:00+00:00,50589.99,50761.81,49610.0,50027.08,85417.618
2021-09-04 00:00:00+00:00,50027.09,50500.3,49615.0,50230.07,79658.193
2021-09-04 08:00:00+00:00,50230.07,50582.08,49711.1,49917.51,104281.264
2021-09-04 16:00:00+00:00,49917.51,50299.09,49360.0,49940.74,91017.385
2021-09-05 00:00:00+00:00,49942.2,50341.16,49462.59,49890.96,77584.386
2021-09-05 08:00:00+00:00,49890.96,50517.34,49840.0,50250.69,103871.3
2021-09-05 16:00:00+00:00,50250.68,51950.0,50146.49,51799.57,107528.438
2021-09-06 00:00:00+00:00,51799.56,52035.65,51450.0,51824.8,69488.394
2021-09-06 08:00:00+00:00,51824.79,52244.0,51040.0,51631.84,130756.513
2021-09-06 16:00:00+00:00,51631.84,52830.0,51501.58,52683.97,97489.377
2021-09-07 00:00:00+00:00,52683.98,52950.0,52112.31,52379.52,87611.918
2021-09-07 08:00:00+00:00,52379.51,52397.46,42088.0,46644.0,454841.686
2021-09-07 16:00:00+00:00,46640.55,47546.75,45943.97,46864.39,221686.535
2021-09-08 00:00:00+00:00,46864.38,47347.0,45030.0,45111.16,151476.278
2021-09-08 08:00:00+00:00,45111.16,46834.31,44431.0,46099.44,198850.531
2021-09-08 16:00:00+00:00,46099.44,46808.99,45834.08,46062.29,85476.202
2021-09-09 00:00:00+00:00,46060.02,46386.25,45500.0,46271.64,87493.397
2021-09-09 08:00:00+00:00,46271.64,47243.35,45623.27,46989.14,146062.855
2021-09-09 16:00:00+00:00,46989.15,47400.0,46053.22,46413.88,75459.498
2021-09-10 00:00:00+00:00,46413.88,47037.5,45893.6,46172.21,70323.459
2021-09-10 08:00:00+00:00,46169.1,46538.5,44758.15,45441.49,181645.746
2021-09-10 16:00:00+00:00,45441.5,45845.04,44120.0,44860.83,91563.864
2021-09-11 00:00:00+00:00,44860.83,45530.0,44737.4,45068.61,71108.787
2021-09-11 08:00:00+00:00,45068.6,45800.0,44853.86,45589.34,64237.38
2021-09-11 16:00:00+00:00,45589.33,45999.0,45000.0,45193.78,58797.948
2021-09-12 00:00:00+00:00,45194.19,45499.0,44746.51,45364.48,57676.577
2021-09-12 08:00:00+00:00,45364.48,46276.91,45314.55,45906.4,79454.887
2021-09-12 16:00:00+00:00,45906.39,46512.2,44901.53,46046.73,86403.166
2021-09-13 00:00:00+00:00,46048.02,46319.82,44200.0,44492.14,128363.723
2021-09-13 08:00:00+00:00,44488.48,46933.89,43323.93,44361.98,255659.214
2021-09-13 16:00:00+00:00,44361.75,45547.0,44170.0,44975.96,64919.131
2021-09-14 00:00:00+00:00,44975.96,45915.59,44692.9,45731.1,71047.919
2021-09-14 08:00:00+00:00,45729.41,46950.0,45687.88,46747.45,133379.597
2021-09-14 16:00:00+00:00,46747.45,47272.98,46330.0,47087.18,73498.205
2021-09-15 00:00:00+00:00,47087.18,47478.76,46675.0,47166.3,65557.912
2021-09-15 08:00:00+00:00,47166.29,48267.99,47010.78,48255.86,116599.249
2021-09-15 16:00:00+00:00,48255.86,48440.93,47831.57,48106.12,62069.209
2021-09-16 00:00:00+00:00,48106.13,48488.0,47330.0,48320.0,79850.248
2021-09-16 08:00:00+00:00,48319.99,48327.46,47206.09,48012.96,109984.952
2021-09-16 16:00:00+00:00,48012.96,48160.0,47038.21,47745.55,70209.527
2021-09-17 00:00:00+00:00,47745.55,48150.0,47455.59,47726.77,58536.45
2021-09-17 08:00:00+00:00,47726.77,47988.0,47123.96,47531.0,80414.13
2021-09-17 16:00:00+00:00,47530.99,47740.0,46750.0,47303.11,87242.76
2021-09-18 00:00:00+00:00,47303.11,48792.0,47044.32,48621.6,85620.233
2021-09-18 08:00:00+00:00,48621.6,48850.0,48256.0,48420.21,63237.744
2021-09-18 16:00:00+00:00,48420.22,48521.65,47813.66,48285.15,59042.436
2021-09-19 00:00:00+00:00,48284.61,48364.64,47590.33,48156.25,51572.358
2021-09-19 08:00:00+00:00,48159.2,48343.56,47050.0,47656.61,91621.108
2021-09-19 16:00:00+00:00,47656.62,47800.0,46840.0,47256.91,69438.467
2021-09-20 00:00:00+00:00,47256.92,47345.0,44377.55,44825.72,151393.115
2021-09-20 08:00:00+00:00,44825.73,45300.0,42467.86,43836.9,303909.089
2021-09-20 16:00:00+00:00,43836.9,44260.0,42561.62,43026.6,145462.425
2021-09-21 00:00:00+00:00,43026.61,43330.0,40129.23,43282.03,221764.59
2021-09-21 08:00:00+00:00,43281.63,43629.6,42151.0,43066.21,142287.066
2021-09-21 16:00:00+00:00,43065.58,43272.81,39503.58,40726.1,319190.346
2021-09-22 00:00:00+00:00,40727.83,42730.24,40551.49,42522.33,136190.765
2021-09-22 08:00:00+00:00,42522.33,43290.0,41838.04,43198.05,124377.559
2021-09-22 16:00:00+00:00,43198.06,43989.98,42823.53,43520.0,140281.428
2021-09-23 00:00:00+00:00,43520.0,44413.45,43056.0,44211.73,95556.578
2021-09-23 08:00:00+00:00,44211.25,44278.0,43351.0,43740.46,120738.937
2021-09-23 16:00:00+00:00,43740.48,44976.48,43580.0,44828.29,113958.01
2021-09-24 00:00:00+00:00,44828.29,45134.33,43873.11,44785.01,99648.918
2021-09-24 08:00:00+00:00,44785.01,45050.0,40650.0,41927.65,410939.906
2021-09-24 16:00:00+00:00,41927.63,43196.82,41722.8,42798.49,98006.696
2021-09-25 00:00:00+00:00,42798.49,42938.0,42010.76,42357.97,82570.159
2021-09-25 08:00:00+00:00,42350.1,42950.0,41630.26,42644.01,134094.432
2021-09-25 16:00:00+00:00,42644.01,42800.0,42340.0,42651.58,60420.204
2021-09-26 00:00:00+00:00,42646.84,42714.0,40725.01,41214.97,113424.372
2021-09-26 08:00:00+00:00,41214.97,43755.0,41030.61,43314.19,169401.34
2021-09-26 16:00:00+00:00,43314.19,43940.0,42650.0,43150.0,71568.204
2021-09-27 00:00:00+00:00,43150.01,44350.0,42914.04,43665.96,82826.811
2021-09-27 08:00:00+00:00,43662.7,44100.0,43019.0,43266.54,111089.635
2021-09-27 16:00:00+00:00,43266.54,43398.57,42059.13,42122.69,91395.16
2021-09-28 00:00:00+00:00,42122.69,42749.0,41629.01,41762.05,94671.788
2021-09-28 08:00:00+00:00,41763.93,42566.85,41254.41,41446.3,168256.461
2021-09-28 16:00:00+00:00,41443.37,41999.0,40854.0,41006.32,96817.289
2021-09-29 00:00:00+00:00,41002.96,42493.72,40708.73,42429.27,102196.812
2021-09-29 08:00:00+00:00,42429.28,42576.8,41613.3,41694.15,98625.987
2021-09-29 16:00:00+00:00,41694.15,41820.0,40887.0,41499.71,92484.79
2021-09-30 00:00:00+00:00,41499.7,43822.85,41387.78,43276.02,130402.756
2021-09-30 08:00:00+00:00,43276.02,43778.88,42710.4,43126.77,145043.674
2021-09-30 16:00:00+00:00,43126.77,44100.0,42810.06,43796.57,113739.216
2021-10-01 00:00:00+00:00,43799.49,44793.97,43260.01,44753.98,110568.074
2021-10-01 08:00:00+00:00,44753.98,47925.41,44679.84,47339.99,239246.292
2021-10-01 16:00:00+00:00,47340.0,48450.0,47210.92,48123.94,99677.402
2021-10-02 00:00:00+00:00,48123.93,48218.8,47410.0,47702.96,53853.135
2021-10-02 08:00:00+00:00,47701.38,48338.68,47450.81,47812.24,71987.455
2021-10-02 16:00:00+00:00,47812.23,48270.2,47536.67,47626.61,56725.398
2021-10-03 00:00:00+00:00,47626.62,48080.0,47071.26,47874.99,54419.009
2021-10-03 08:00:00+00:00,47875.0,48150.0,47601.26,47863.5,47732.632
2021-10-03 16:00:00+00:00,47863.51,49304.12,47608.55,48187.3,110258.734
2021-10-04 00:00:00+00:00,48187.99,48268.98,47214.58,47836.39,70549.6
2021-10-04 08:00:00+00:00,47836.4,48500.0,46885.29,47747.79,112968.657
2021-10-04 16:00:00+00:00,47747.79,49544.48,47680.61,49198.22,140906.58
2021-10-05 00:00:00+00:00,49199.78,49888.0,49009.21,49447.41,64659.435
2021-10-05 08:00:00+00:00,49444.97,50364.38,49360.0,49770.9,123636.809
2021-10-05 16:00:00+00:00,49770.91,51888.0,49614.59,51455.12,125747.569
2021-10-06 00:00:00+00:00,51460.22,51839.99,50905.0,51430.03,67752.137
2021-10-06 08:00:00+00:00,51430.03,56416.02,50410.0,55014.04,261589.417
2021-10-06 16:00:00+00:00,55014.04,55817.0,54510.0,55321.6,89390.194
2021-10-07 00:00:00+00:00,55327.45,55337.8,54145.42,54808.39,82448.802
2021-10-07 08:00:00+00:00,54807.63,54826.87,53374.34,53959.27,119252.671
2021-10-07 16:00:00+00:00,53959.28,54659.38,53455.3,53814.99,61273.072
2021-10-08 00:00:00+00:00,53814.99,55046.88,53647.3,54851.88,59952.197
2021-10-08 08:00:00+00:00,54851.89,56208.73,54000.0,54349.03,137446.113
2021-10-08 16:00:00+00:00,54349.04,54798.53,53768.0,53975.0,57811.725
2021-10-09 00:00:00+00:00,53974.99,55206.27,53656.66,54943.45,56870.723
2021-10-09 08:00:00+00:00,54943.46,55589.0,54509.02,55016.38,69200.298
2021-10-09 16:00:00+00:00,55016.38,55188.61,54342.36,54960.77,41424.372
2021-10-10 00:00:00+00:00,54960.79,56165.51,54101.0,55699.0,88358.182
2021-10-10 08:00:00+00:00,55699.0,55980.0,54641.0,55383.24,82189.295
2021-10-10 16:00:00+00:00,55383.23,56789.0,54329.39,54700.0,118525.341
2021-10-11 00:00:00+00:00,54700.0,57164.92,54458.0,56819.99,117498.077
2021-10-11 08:00:00+00:00,56820.0,57685.86,55910.0,57500.0,120355.075
2021-10-11 16:00:00+00:00,57500.0,57880.0,56810.0,57500.01,77014.898
2021-10-12 00:00:00+00:00,57500.01,57756.52,56440.01,57335.3,92221.97
2021-10-12 08:00:00+00:00,57335.31,57630.0,56060.0,56352.17,123225.317
2021-10-12 16:00:00+00:00,56352.17,56560.62,53750.0,56011.84,133700.488
2021-10-13 00:00:00+00:00,56011.83,56624.1,54569.16,54640.19,98638.926
2021-10-13 08:00:00+00:00,54638.97,56432.0,54271.24,56170.86,135300.503
2021-10-13 16:00:00+00:00,56170.08,57822.38,56080.0,57393.65,93774.889
2021-10-14 00:00:00+00:00,57393.65,58586.67,57168.15,57416.57,85871.528
2021-10-14 08:00:00+00:00,57416.58,58199.2,56980.31,57379.56,90625.855
2021-10-14 16:00:00+00:00,57379.56,58131.3,56800.0,57378.19,78222.368
2021-10-15 00:00:00+00:00,57377.12,60100.0,56900.0,59290.78,156982.076
2021-10-15 08:00:00+00:00,59290.79,60480.0,58802.41,60090.68,131337.614
2021-10-15 16:00:00+00:00,60086.78,63997.61,60040.55,61702.33,205046.823
2021-10-16 00:00:00+00:00,61702.33,62444.23,61151.0,61782.64,64162.419
2021-10-16 08:00:00+00:00,61782.65,62138.37,60500.0,60988.97,88872.093
2021-10-16 16:00:00+00:00,60988.97,61400.0,60220.0,60925.56,60217.387
2021-10-17 00:00:00+00:00,60925.56,61500.0,60360.0,60389.57,50792.673
2021-10-17 08:00:00+00:00,60389.57,61547.56,60375.57,60820.55,66645.155
2021-10-17 16:00:00+00:00,60820.55,61796.47,58850.0,61571.45,122694.686
2021-10-18 00:00:00+00:00,61571.45,62800.0,61442.01,61929.37,86577.406
2021-10-18 08:00:00+00:00,61929.38,62529.14,59897.61,62021.07,173241.753
2021-10-18 16:00:00+00:00,62021.07,62428.0,61070.3,62037.92,73459.322
2021-10-19 00:00:00+00:00,62037.92,63088.0,61694.65,62320.32,80918.463
2021-10-19 08:00:00+00:00,62320.32,63349.67,61300.0,62427.11,168861.418
2021-10-19 16:00:00+00:00,62427.1,64500.0,62350.0,64316.7,129463.837
2021-10-20 00:00:00+00:00,64314.75,64400.0,63518.81,64033.57,57634.744
2021-10-20 08:00:00+00:00,64033.57,67150.0,63777.0,66914.74,180895.345
2021-10-20 16:00:00+00:00,66918.39,67024.2,65535.8,66064.24,86207.779
2021-10-21 00:00:00+00:00,66064.25,66109.3,64200.0,65128.87,133597.943
2021-10-21 08:00:00+00:00,65128.88,66750.0,62000.0,63040.21,231785.041
2021-10-21 16:00:00+00:00,63040.21,63701.02,62020.82,62260.33,113227.474
2021-10-22 00:00:00+00:00,62260.33,63481.02,62181.91,63424.53,72567.783
2021-10-22 08:00:00+00:00,63424.53,63796.2,60550.0,60744.92,160518.804
2021-10-22 16:00:00+00:00,60744.55,61450.0,60011.9,60734.27,117272.94
2021-10-23 00:00:00+00:00,60734.28,61594.55,60393.56,60925.49,51236.506
2021-10-23 08:00:00+00:00,60925.49,61780.0,59622.0,61486.24,122076.754
2021-10-23 16:00:00+00:00,61486.24,61673.0,60856.84,61325.11,49240.218
2021-10-24 00:00:00+00:00,61325.09,61550.0,60610.0,60745.15,43582.279
2021-10-24 08:00:00+00:00,60745.15,61350.0,59664.12,59918.44,129461.172
2021-10-24 16:00:00+00:00,59918.45,61399.99,59504.46,60902.82,72773.37
2021-10-25 00:00:00+00:00,60902.82,62952.88,60701.0,62683.86,74975.231
2021-10-25 08:00:00+00:00,62683.87,63694.67,62551.01,63654.4,93148.834
2021-10-25 16:00:00+00:00,63654.39,63795.98,62595.27,63127.04,66077.035
2021-10-26 00:00:00+00:00,63129.25,63362.06,62244.87,62495.28,47054.087
2021-10-26 08:00:00+00:00,62495.36,63194.0,61851.37,62555.13,90971.504
2021-10-26 16:00:00+00:00,62558.21,62799.73,59838.05,60358.75,114231.333
2021-10-27 00:00:00+00:00,60358.74,61550.0,59942.71,59999.0,84798.78
2021-10-27 08:00:00+00:00,59998.99,60018.86,57865.0,58857.61,167489.476
2021-10-27 16:00:00+00:00,58857.61,59652.9,58233.0,58449.36,76824.14
2021-10-28 00:00:00+00:00,58449.36,59250.0,58100.0,59027.0,66749.908
2021-10-28 08:00:00+00:00,59027.0,61900.0,59026.8,61186.92,102842.472
2021-10-28 16:00:00+00:00,61186.92,62641.26,57550.0,60622.03,163730.736
2021-10-29 00:00:00+00:00,60622.02,62150.0,60222.0,60610.32,73634.127
2021-10-29 08:00:00+00:00,60610.33,62625.0,60447.21,62346.25,91075.031
2021-10-29 16:00:00+00:00,62346.26,63069.71,61950.0,62308.22,53646.615
2021-10-30 00:00:00+00:00,62308.21,62415.85,61308.0,61635.05,41538.73
2021-10-30 08:00:00+00:00,61638.83,62327.84,60631.23,61417.73,78641.589
2021-10-30 16:00:00+00:00,61416.62,62000.0,61130.02,61895.19,35861.204
2021-10-31 00:00:00+00:00,61895.19,62462.99,61111.0,61413.34,50572.601
2021-10-31 08:00:00+00:00,61413.33,61435.83,60008.0,60521.99,88844.506
2021-10-31 16:00:00+00:00,60522.0,61680.0,60260.0,61348.61,44182.417
2021-11-01 00:00:00+00:00,61347.14,62440.0,59400.0,62257.67,112204.384
2021-11-01 08:00:00+00:00,62257.67,62543.58,61350.0,61600.01,72452.109
2021-11-01 16:00:00+00:00,61600.0,61619.78,60376.0,60942.87,61501.868
2021-11-02 00:00:00+00:00,60942.87,61888.0,60659.58,61576.57,52587.225
2021-11-02 08:00:00+00:00,61579.48,64349.55,61417.81,64042.66,112364.299
2021-11-02 16:00:00+00:00,64042.66,64324.99,62651.35,63266.69,52640.538
2021-11-03 00:00:00+00:00,63266.69,63613.0,62777.97,63437.1,41686.457
2021-11-03 08:00:00+00:00,63437.1,63475.81,61623.56,62210.59,82484.195
2021-11-03 16:00:00+00:00,62210.59,63431.07,60300.0,62946.45,87019.531
2021-11-04 00:00:00+00:00,62946.45,63149.0,61850.1,61899.68,43069.967
2021-11-04 08:00:00+00:00,61899.68,62414.62,60833.2,61098.91,87981.77
2021-11-04 16:00:00+00:00,61099.97,61583.77,60703.0,61431.86,53625.342
2021-11-05 00:00:00+00:00,61433.9,62671.48,60863.62,62183.9,49433.296
2021-11-05 08:00:00+00:00,62183.91,62309.34,60762.0,60832.8,69617.72
2021-11-05 16:00:00+00:00,60832.8,61500.0,60777.0,61006.0,38518.621
2021-11-06 00:00:00+00:00,61006.0,61645.75,60517.38,60823.63,43004.299
2021-11-06 08:00:00+00:00,60825.87,61436.68,60100.0,60690.75,74015.808
2021-11-06 16:00:00+00:00,60690.76,61534.83,60450.0,61511.3,37899.011
2021-11-07 00:00:00+00:00,61511.3,62424.17,61368.26,61814.29,46302.582
2021-11-07 08:00:00+00:00,61814.29,62400.0,61528.0,61979.7,48840.542
2021-11-07 16:00:00+00:00,61979.69,63377.58,61977.53,63316.4,47735.084
2021-11-08 00:00:00+00:00,63316.4,66485.05,63308.7,65996.72,118929.361
2021-11-08 08:00:00+00:00,65996.72,66610.24,65235.51,66443.67,79978.25
2021-11-08 16:00:00+00:00,66443.68,67932.89,65614.69,67606.96,76024.535
2021-11-09 00:00:00+00:00,67606.96,68675.16,67174.1,67895.48,76135.691
2021-11-09 08:00:00+00:00,67898.7,68300.0,66700.0,66875.0,90625.648
2021-11-09 16:00:00+00:00,66874.99,67846.22,66300.0,67009.98,65082.495
2021-11-10 00:00:00+00:00,67010.65,67453.98,66300.0,66504.39,46068.331
2021-11-10 08:00:00+00:00,66504.4,69198.7,65850.0,68398.96,108873.756
2021-11-10 16:00:00+00:00,68398.96,68841.6,62400.51,64920.13,192893.486
2021-11-11 00:00:00+00:00,64920.13,65411.0,64147.12,65258.43,64559.368
2021-11-11 08:00:00+00:00,65259.14,65646.98,64450.0,64848.18,77809.451
2021-11-11 16:00:00+00:00,64848.19,65364.41,64625.0,64831.3,35910.456
2021-11-12 00:00:00+00:00,64831.2,65500.0,64105.0,64534.11,56063.566
2021-11-12 08:00:00+00:00,64534.58,65000.0,62900.0,63214.89,120941.554
2021-11-12 16:00:00+00:00,63214.9,64577.63,62313.0,64156.08,87571.205
2021-11-13 00:00:00+00:00,64156.08,64490.0,63555.36,64079.99,32365.021
2021-11-13 08:00:00+00:00,64079.99,64850.0,63430.01,64744.23,51244.749
2021-11-13 16:00:00+00:00,64744.22,65073.24,63842.37,64427.0,40856.723
2021-11-14 00:00:00+00:00,64426.99,65400.0,64426.99,64677.59,45508.844
2021-11-14 08:00:00+00:00,64677.6,64850.0,64024.6,64117.84,45697.33
2021-11-14 16:00:00+00:00,64117.84,65569.99,63640.0,65568.39,55218.527
2021-11-15 00:00:00+00:00,65568.38,66255.53,65550.0,65626.03,52677.285
2021-11-15 08:00:00+00:00,65626.04,66395.05,64308.0,64348.95,81792.531
2021-11-15 16:00:00+00:00,64348.95,64500.0,63351.58,63654.49,75556.786
2021-11-16 00:00:00+00:00,63654.49,63655.77,60283.72,60840.59,194508.245
2021-11-16 08:00:00+00:00,60840.6,61423.7,58397.14,60700.01,190783.177
2021-11-16 16:00:00+00:00,60700.01,61171.76,59143.03,60106.03,89734.284
2021-11-17 00:00:00+00:00,60106.03,60470.1,58571.42,59724.98,108071.133
2021-11-17 08:00:00+00:00,59724.97,60848.85,58336.68,59670.0,117791.063
2021-11-17 16:00:00+00:00,59670.0,60680.0,59426.48,60366.96,61526.677
2021-11-18 00:00:00+00:00,60366.97,60999.0,59533.54,59782.69,66184.729
2021-11-18 08:00:00+00:00,59782.7,59998.17,57534.99,58142.13,168445.103
2021-11-18 16:00:00+00:00,58134.86,58500.0,56505.48,56921.05,177391.84
2021-11-19 00:00:00+00:00,56921.04,57560.0,55604.0,56026.37,95815.704
2021-11-19 08:00:00+00:00,56025.8,58177.62,56016.5,57896.32,101293.699
2021-11-19 16:00:00+00:00,57889.37,58333.0,57555.0,58069.51,48246.718
2021-11-20 00:00:00+00:00,58069.52,58980.0,57960.0,58405.34,51877.768
2021-11-20 08:00:00+00:00,58400.34,58851.91,57532.0,57633.69,52271.771
2021-11-20 16:00:00+00:00,57633.69,59873.84,57372.0,59716.29,69547.803
2021-11-21 00:00:00+00:00,59716.28,59782.44,58564.56,59005.1,42403.01
2021-11-21 08:00:00+00:00,59005.1,59394.42,58518.88,59214.54,51463.971
2021-11-21 16:00:00+00:00,59214.54,60052.82,58550.0,58661.39,50020.29
2021-11-22 00:00:00+00:00,58648.87,58777.42,56800.0,57280.0,89167.396
2021-11-22 08:00:00+00:00,57280.0,59624.56,56577.0,58206.7,120134.29
2021-11-22 16:00:00+00:00,58206.71,58262.89,55600.0,56268.31,116883.195
2021-11-23 00:00:00+00:00,56268.31,57280.0,55849.03,56058.24,65720.565
2021-11-23 08:00:00+00:00,56055.21,57776.0,55250.0,56921.98,150887.301
2021-11-23 16:00:00+00:00,56921.97,57888.0,56916.93,57574.23,51182.459
2021-11-24 00:00:00+00:00,57574.24,57775.27,56166.04,56544.37,57260.356
2021-11-24 08:00:00+00:00,56544.38,57499.02,55900.0,56750.7,86884.606
2021-11-24 16:00:00+00:00,56750.7,57505.93,56516.33,57165.08,50538.795
2021-11-25 00:00:00+00:00,57165.09,58369.34,57029.0,57676.05,58679.942
2021-11-25 08:00:00+00:00,57676.04,59200.0,57375.38,59087.59,82018.762
2021-11-25 16:00:00+00:00,59087.68,59449.62,58555.0,58988.21,51213.949
2021-11-26 00:00:00+00:00,58988.36,59186.41,56680.18,57014.61,74146.67
2021-11-26 08:00:00+00:00,57014.61,57014.61,53500.0,54363.1,244920.315
2021-11-26 16:00:00+00:00,54363.1,54673.74,53530.0,53755.65,59583.934
2021-11-27 00:00:00+00:00,53755.66,54657.0,53640.69,54413.02,43171.368
2021-11-27 08:00:00+00:00,54413.01,55300.0,54301.92,54917.69,61134.082
2021-11-27 16:00:00+00:00,54917.68,55253.28,54024.69,54738.77,50813.667
2021-11-28 00:00:00+00:00,54738.77,54860.7,53700.0,54533.56,49586.584
2021-11-28 08:00:00+00:00,54533.55,54973.32,54061.0,54334.0,42399.686
2021-11-28 16:00:00+00:00,54332.26,57474.76,53245.0,57315.73,121614.345
2021-11-29 00:00:00+00:00,57315.72,58338.0,57174.0,57536.53,74109.76
2021-11-29 08:00:00+00:00,57536.52,57655.2,56715.0,57143.02,64395.023
2021-11-29 16:00:00+00:00,57143.02,58924.21,57031.0,57827.98,76606.683
2021-11-30 00:00:00+00:00,57827.97,58023.06,55900.0,56527.82,80258.591
2021-11-30 08:00:00+00:00,56532.13,59224.99,56270.0,57260.01,140214.737
2021-11-30 16:00:00+00:00,57260.01,58416.3,56520.0,56975.0,117150.82
2021-12-01 00:00:00+00:00,56978.06,57715.0,56669.49,57205.42,55812.629
2021-12-01 08:00:00+00:00,57205.42,58876.62,56750.0,58650.25,109046.893
2021-12-01 16:00:00+00:00,58650.14,59100.0,56500.0,57209.29,109099.582
2021-12-02 00:00:00+00:00,57209.28,57428.49,55800.0,56833.48,88056.211
2021-12-02 08:00:00+00:00,56833.47,57394.99,56046.2,56536.6,94968.111
2021-12-02 16:00:00+00:00,56536.61,57244.0,56039.96,56513.57,66960.933
2021-12-03 00:00:00+00:00,56513.56,57080.0,56101.81,56777.14,51311.379
2021-12-03 08:00:00+00:00,56777.13,57670.0,55800.0,56030.73,101221.275
2021-12-03 16:00:00+00:00,56026.67,56026.67,50604.0,53612.0,221599.362
2021-12-04 00:00:00+00:00,53611.86,53889.69,40888.89,47241.93,342348.318
2021-12-04 08:00:00+00:00,47241.92,48500.0,46102.36,48162.0,153286.074
2021-12-04 16:00:00+00:00,48162.0,49467.64,47744.0,49135.66,103140.597
2021-12-05 00:00:00+00:00,49135.66,49699.49,48317.31,49267.19,77564.693
2021-12-05 08:00:00+00:00,49267.19,49666.0,47755.0,47954.99,106443.848
2021-12-05 16:00:00+00:00,47954.99,49517.0,47900.0,49376.6,102425.841
2021-12-06 00:00:00+00:00,49373.83,49436.45,47695.18,48393.9,84105.553
2021-12-06 08:00:00+00:00,48398.07,49499.99,47000.0,48922.12,180716.538
2021-12-06 16:00:00+00:00,48923.27,50888.0,48647.62,50424.72,92888.938
2021-12-07 00:00:00+00:00,50424.72,51499.99,50322.3,50890.15,62462.613
2021-12-07 08:00:00+00:00,50892.43,51929.0,50639.0,51721.54,89195.731
2021-12-07 16:00:00+00:00,51717.31,51857.68,50012.0,50577.2,73012.274
2021-12-08 00:00:00+00:00,50577.2,50789.38,50079.04,50489.99,43309.398
2021-12-08 08:00:00+00:00,50489.99,51210.6,48533.33,50626.17,140674.428
2021-12-08 16:00:00+00:00,50625.94,50847.53,50044.0,50455.61,54246.058
2021-12-09 00:00:00+00:00,50459.61,50773.03,49142.0,49987.9,61992.205
2021-12-09 08:00:00+00:00,49987.91,49992.56,48062.5,48454.96,111566.287
2021-12-09 16:00:00+00:00,48452.02,48853.37,47312.89,47539.76,99527.594
2021-12-10 00:00:00+00:00,47539.34,48785.88,47438.0,47685.3,73558.225
2021-12-10 08:00:00+00:00,47685.3,50188.42,47624.47,47973.4,128826.57
2021-12-10 16:00:00+00:00,47973.4,48525.55,46828.23,47136.35,100589.634
2021-12-11 00:00:00+00:00,47132.31,48893.08,46724.35,48018.81,82568.642
2021-12-11 08:00:00+00:00,48018.54,48934.06,47835.9,48730.51,69552.449
2021-12-11 16:00:00+00:00,48730.51,49499.05,48370.0,49381.15,58838.901
2021-12-12 00:00:00+00:00,49379.51,49684.55,48800.14,49276.18,40498.458
2021-12-12 08:00:00+00:00,49276.19,49927.23,48616.16,49609.38,70450.408
2021-12-12 16:00:00+00:00,49609.39,50768.0,49500.0,50057.01,72485.419
2021-12-13 00:00:00+00:00,50057.02,50180.0,48411.47,48731.03,79655.162
2021-12-13 08:00:00+00:00,48731.02,49160.0,47000.0,47239.07,108615.731
2021-12-13 16:00:00+00:00,47239.07,47900.0,45600.0,46679.93,160280.429
2021-12-14 00:00:00+00:00,46679.93,47200.0,46255.6,46981.79,68541.025
2021-12-14 08:00:00+00:00,46981.78,47958.62,46590.0,46833.09,102135.101
2021-12-14 16:00:00+00:00,46833.08,48657.92,46435.25,48324.04,95537.501
2021-12-15 00:00:00+00:00,48324.0,48784.23,47830.0,48200.0,53177.105
2021-12-15 08:00:00+00:00,48199.99,48763.23,46545.21,46622.38,102470.936
2021-12-15 16:00:00+00:00,46621.85,49479.75,46518.73,48870.48,189591.85
2021-12-16 00:00:00+00:00,48870.48,49270.0,48503.13,48718.17,46474.42
2021-12-16 08:00:00+00:00,48718.16,49439.79,48244.05,48584.85,88762.967
2021-12-16 16:00:00+00:00,48584.84,48700.0,47500.0,47624.5,80636.8
2021-12-17 00:00:00+00:00,47629.1,47988.27,46700.0,46990.01,65836.911
2021-12-17 08:00:00+00:00,46990.0,47362.52,45373.11,46487.19,135374.005
2021-12-17 16:00:00+00:00,46490.5,47430.0,45500.0,46125.33,125247.219
2021-12-18 00:00:00+00:00,46125.33,46847.6,45438.43,46324.6,79490.827
2021-12-18 08:00:00+00:00,46327.75,47336.99,46169.17,46846.39,68748.548
2021-12-18 16:00:00+00:00,46845.24,47098.6,46310.0,46815.99,42767.04
2021-12-19 00:00:00+00:00,46815.99,48055.0,46399.37,47507.85,72295.342
2021-12-19 08:00:00+00:00,47507.85,48461.17,46800.0,47228.69,104851.984
2021-12-19 16:00:00+00:00,47230.34,47549.79,46447.05,46668.63,64551.215
2021-12-20 00:00:00+00:00,46668.65,47203.22,46069.65,46421.66,79533.304
2021-12-20 08:00:00+00:00,46421.66,46548.04,45530.67,45969.0,107464.715
2021-12-20 16:00:00+00:00,45969.13,47533.42,45850.33,46898.14,86806.24
2021-12-21 00:00:00+00:00,46896.82,48800.0,46650.0,48574.38,102522.974
2021-12-21 08:00:00+00:00,48574.39,49298.78,48295.67,48408.64,100641.165
2021-12-21 16:00:00+00:00,48408.64,49280.0,48327.0,48875.15,56844.219
2021-12-22 00:00:00+00:00,48875.88,49599.0,48571.37,49175.75,65942.531
2021-12-22 08:00:00+00:00,49175.75,49522.28,48420.02,48858.42,82758.738
2021-12-22 16:00:00+00:00,48858.42,49250.0,48500.15,48569.69,59762.42
2021-12-23 00:00:00+00:00,48569.69,48721.81,48020.0,48118.0,63615.94
2021-12-23 08:00:00+00:00,48118.01,48850.0,48067.57,48788.0,59069.563
2021-12-23 16:00:00+00:00,48788.0,51377.74,48656.98,50817.92,133199.977
2021-12-24 00:00:00+00:00,50817.94,51498.87,50633.19,50990.0,59335.347
2021-12-24 08:00:00+00:00,50989.99,51453.07,50379.25,50923.47,73374.866
2021-12-24 16:00:00+00:00,50923.47,51805.0,50470.0,50808.55,87498.512
2021-12-25 00:00:00+00:00,50809.37,51122.95,50600.0,50916.29,33583.03
2021-12-25 08:00:00+00:00,50916.3,51009.5,50550.0,50669.01,38345.727
2021-12-25 16:00:00+00:00,50669.01,51190.0,50105.0,50403.64,75733.681
2021-12-26 00:00:00+00:00,50403.64,50677.2,49611.45,49915.86,68940.078
2021-12-26 08:00:00+00:00,49915.87,50278.67,49350.0,50039.1,55288.703
2021-12-26 16:00:00+00:00,50039.1,51300.0,49899.42,50765.73,60571.835
2021-12-27 00:00:00+00:00,50765.73,51133.0,50450.0,50693.01,49577.594
2021-12-27 08:00:00+00:00,50693.01,51686.28,50501.71,51449.29,78187.208
2021-12-27 16:00:00+00:00,51449.29,52134.0,50620.02,50707.72,88460.461
2021-12-28 00:00:00+00:00,50707.72,50713.56,48555.0,49197.91,118170.637
2021-12-28 08:00:00+00:00,49197.91,49429.4,48113.26,48921.84,94946.794
2021-12-28 16:00:00+00:00,48921.83,48961.77,47290.0,47522.03,122965.909
2021-12-29 00:00:00+00:00,47522.02,48125.97,47420.0,47558.5,47806.169
2021-12-29 08:00:00+00:00,47561.68,48084.8,46559.46,47941.37,133892.974
2021-12-29 16:00:00+00:00,47941.37,48033.0,46000.0,46436.54,93096.235
2021-12-30 00:00:00+00:00,46436.53,47088.82,45880.0,46953.32,77861.215
2021-12-30 08:00:00+00:00,46953.31,47694.1,46650.0,47144.27,75007.158
2021-12-30 16:00:00+00:00,47144.8,47911.68,46700.0,47095.02,77062.915
2021-12-31 00:00:00+00:00,47095.02,47545.0,46803.81,47168.94,63522.515
2021-12-31 08:00:00+00:00,47168.94,48575.0,47051.42,48004.73,104161.768
2021-12-31 16:00:00+00:00,48004.76,48110.35,45650.0,46210.56,119501.72
2022-01-01 00:00:00+00:00,46210.57,47566.66,46210.55,47186.83,59761.438
2022-01-01 08:00:00+00:00,47186.83,47488.64,46700.09,47194.78,57715.017
2022-01-01 16:00:00+00:00,47194.77,47943.77,47157.59,47704.35,61957.129
2022-01-02 00:00:00+00:00,47704.35,47745.61,46749.99,47171.04,52156.741
2022-01-02 08:00:00+00:00,47171.39,47500.0,46963.66,47329.68,49000.547
2022-01-02 16:00:00+00:00,47329.68,48000.0,46605.68,47280.0,83637.805
2022-01-03 00:00:00+00:00,47280.01,47288.28,46717.26,47041.11,47625.125
2022-01-03 08:00:00+00:00,47042.77,47575.22,46560.0,46689.99,90947.643
2022-01-03 16:00:00+00:00,46689.99,46800.0,45665.4,46445.81,106209.025
2022-01-04 00:00:00+00:00,46445.8,46550.89,45931.61,46521.68,59667.946
2022-01-04 08:00:00+00:00,46521.69,47524.36,46270.54,46925.28,106369.508
2022-01-04 16:00:00+00:00,46925.28,46986.54,45445.57,45833.42,126112.296
2022-01-05 00:00:00+00:00,45833.41,46580.0,45710.23,46399.33,47103.919
2022-01-05 08:00:00+00:00,46399.34,47075.29,45900.0,46611.46,136190.848
2022-01-05 16:00:00+00:00,46611.47,46670.0,42270.0,43421.69,302182.802
2022-01-06 00:00:00+00:00,43421.7,43766.0,42566.73,43222.22,109852.951
2022-01-06 08:00:00+00:00,43222.22,43253.23,42385.83,42947.79,121237.927
2022-01-06 16:00:00+00:00,42947.78,43564.78,42742.0,43080.01,68418.973
2022-01-07 00:00:00+00:00,43080.01,43135.0,40900.0,41691.61,169479.814
2022-01-07 08:00:00+00:00,41699.41,42960.0,40456.56,41297.41,192884.49
2022-01-07 16:00:00+00:00,41297.14,42345.81,40900.0,41553.86,110850.545
2022-01-08 00:00:00+00:00,41553.87,42247.36,41553.86,41902.21,49923.327
2022-01-08 08:00:00+00:00,41902.21,42191.84,41300.0,41600.72,72181.226
2022-01-08 16:00:00+00:00,41600.72,42335.0,40500.0,41688.05,161632.671
2022-01-09 00:00:00+00:00,41688.05,42168.0,41380.0,41784.63,58637.329
2022-01-09 08:00:00+00:00,41784.62,42000.0,41170.0,41611.09,75696.328
2022-01-09 16:00:00+00:00,41611.09,42773.85,41550.0,41851.22,88801.295
2022-01-10 00:00:00+00:00,41851.22,42219.84,41572.0,42034.99,56360.007
2022-01-10 08:00:00+00:00,42035.0,42098.52,39610.0,40973.56,230391.891
2022-01-10 16:00:00+00:00,40973.56,42140.28,40502.1,41801.55,166892.218
2022-01-11 00:00:00+00:00,41801.55,42369.99,41537.0,42191.79,67134.582
2022-01-11 08:00:00+00:00,42191.81,42698.34,41255.0,41716.42,125011.203
2022-01-11 16:00:00+00:00,41716.41,43118.0,41662.16,42700.68,131614.906
2022-01-12 00:00:00+00:00,42700.69,42949.97,42415.0,42550.09,49656.008
2022-01-12 08:00:00+00:00,42550.1,44091.93,42487.74,43549.99,158582.592
2022-01-12 16:00:00+00:00,43550.0,44300.0,43300.0,43880.72,73100.694
2022-01-13 00:00:00+00:00,43880.72,44034.98,43419.11,43682.7,43639.414
2022-01-13 08:00:00+00:00,43682.7,44396.68,42847.86,43170.0,136318.444
2022-01-13 16:00:00+00:00,43170.0,43500.0,42301.16,42534.32,109331.322
2022-01-14 00:00:00+00:00,42538.72,42950.7,42350.0,42635.62,51289.44
2022-01-14 08:00:00+00:00,42635.64,43350.0,41666.0,43082.57,155216.538
2022-01-14 16:00:00+00:00,43082.58,43450.0,42758.46,43042.4,66011.099
2022-01-15 00:00:00+00:00,43042.4,43161.54,42676.19,43073.99,39675.14
2022-01-15 08:00:00+00:00,43073.99,43389.66,42530.64,43370.01,78078.999
2022-01-15 16:00:00+00:00,43370.0,43800.0,43058.57,43070.51,66895.018
2022-01-16 00:00:00+00:00,43070.51,43229.83,42816.0,43173.02,41366.3
2022-01-16 08:00:00+00:00,43173.02,43409.42,42531.69,43207.81,84012.17
2022-01-16 16:00:00+00:00,43208.01,43464.71,42731.07,43060.66,52072.005
2022-01-17 00:00:00+00:00,43060.66,43159.32,42222.0,42639.51,66087.492
2022-01-17 08:00:00+00:00,42638.1,42887.63,42345.78,42467.49,63962.785
2022-01-17 16:00:00+00:00,42467.49,42527.0,41523.68,42176.34,102698.068
2022-01-18 00:00:00+00:00,42176.34,42413.0,41855.0,42040.0,54675.143
2022-01-18 08:00:00+00:00,42040.0,42040.0,41260.0,41574.09,127199.142
2022-01-18 16:00:00+00:00,41574.09,42680.0,41370.64,42337.58,85598.18
2022-01-19 00:00:00+00:00,42337.58,42498.87,41133.73,41271.21,90587.128
2022-01-19 08:00:00+00:00,41271.21,42545.0,41115.64,41971.31,151603.901
2022-01-19 16:00:00+00:00,41971.31,42366.95,41557.0,41657.89,91761.066
2022-01-20 00:00:00+00:00,41656.9,42145.71,41631.3,42039.99,46244.035
2022-01-20 08:00:00+00:00,42040.0,43440.0,41803.0,43275.74,145063.745
2022-01-20 16:00:00+00:00,43275.75,43495.0,40550.0,40661.69,208510.272
2022-01-21 00:00:00+00:00,40662.06,41095.76,38200.0,39106.42,259029.374
2022-01-21 08:00:00+00:00,39106.43,39272.13,37648.16,38831.88,216133.338
2022-01-21 16:00:00+00:00,38831.88,39045.0,35380.92,36425.98,315158.197
2022-01-22 00:00:00+00:00,36426.46,36817.74,35101.0,35374.14,181843.391
2022-01-22 08:00:00+00:00,35377.17,36181.08,33950.0,34829.93,294512.081
2022-01-22 16:00:00+00:00,34829.93,35756.0,34211.5,35043.73,199917.432
2022-01-23 00:00:00+00:00,35043.73,35742.0,34800.0,35553.2,96265.657
2022-01-23 08:00:00+00:00,35552.0,36118.05,35021.12,35265.33,139102.982
2022-01-23 16:00:00+00:00,35265.32,36496.92,34588.8,36230.01,134004.264
2022-01-24 00:00:00+00:00,36230.0,36249.53,34798.2,34875.53,108279.774
2022-01-24 08:00:00+00:00,34875.54,35580.0,32853.83,34217.72,431717.75
2022-01-24 16:00:00+00:00,34218.81,37528.0,33758.49,36648.31,283003.178
2022-01-25 00:00:00+00:00,36648.3,36667.62,35693.0,36035.0,89598.606
2022-01-25 08:00:00+00:00,36033.41,37161.33,35950.41,36522.01,178579.763
2022-01-25 16:00:00+00:00,36526.33,37561.03,36404.17,36934.26,141357.148
2022-01-26 00:00:00+00:00,36934.26,37973.78,36536.0,37321.95,103587.087
2022-01-26 08:00:00+00:00,37321.96,38485.39,37311.81,37962.11,161567.174
2022-01-26 16:00:00+00:00,37962.11,38886.58,36232.42,36787.43,289303.123
2022-01-27 00:00:00+00:00,36787.42,37067.62,35471.53,36150.76,125258.909
2022-01-27 08:00:00+00:00,36151.81,37200.0,35788.02,36625.3,135194.511
2022-01-27 16:00:00+00:00,36625.29,37200.0,35513.13,37131.0,161553.502
2022-01-28 00:00:00+00:00,37131.0,37488.99,36601.16,36788.86,105324.058
2022-01-28 08:00:00+00:00,36788.86,37293.22,36149.02,37169.99,157278.058
2022-01-28 16:00:00+00:00,37169.99,38000.0,36750.0,37696.21,104907.027
2022-01-29 00:00:00+00:00,37696.22,37979.0,37431.1,37822.15,57341.947
2022-01-29 08:00:00+00:00,37822.15,38211.05,37252.0,37543.79,88583.202
2022-01-29 16:00:00+00:00,37543.79,38750.94,37297.34,38150.01,92732.615
2022-01-30 00:00:00+00:00,38150.0,38283.55,37716.38,38228.0,49236.912
2022-01-30 08:00:00+00:00,38228.0,38420.3,37706.1,37962.13,70371.413
2022-01-30 16:00:00+00:00,37962.61,38240.0,37334.83,37870.01,75420.8
2022-01-31 00:00:00+00:00,37870.0,37938.0,36620.0,37098.68,84394.579
2022-01-31 08:00:00+00:00,37098.68,37880.0,36800.0,37694.46,112724.79
2022-01-31 16:00:00+00:00,37694.46,38741.73,37650.17,38439.04,121321.023
2022-02-01 00:00:00+00:00,38439.04,38630.0,38145.0,38420.65,57451.2
2022-02-01 08:00:00+00:00,38420.65,39100.0,37969.0,38604.97,184950.129
2022-02-01 16:00:00+00:00,38605.26,39260.26,38322.0,38680.51,110952.792
2022-02-02 00:00:00+00:00,38680.51,38834.18,38173.3,38268.32,58963.452
2022-02-02 08:00:00+00:00,38269.0,38725.5,37338.14,37419.51,138165.192
2022-02-02 16:00:00+00:00,37419.53,37646.09,36529.81,36892.03,140442.29
2022-02-03 00:00:00+00:00,36892.05,37074.0,36700.0,36995.5,57938.531
2022-02-03 08:00:00+00:00,36995.5,37084.63,36204.3,36876.56,160440.815
2022-02-03 16:00:00+00:00,36876.56,37395.0,36256.0,37289.86,100276.882
2022-02-04 00:00:00+00:00,37287.33,38198.0,37011.0,37858.99,91951.829
2022-02-04 08:00:00+00:00,37859.0,39863.27,37278.93,39481.72,242198.987
2022-02-04 16:00:00+00:00,39481.72,41741.76,39426.91,41550.0,185954.954
2022-02-05 00:00:00+00:00,41550.0,41922.0,41155.45,41368.14,80880.483
2022-02-05 08:00:00+00:00,41367.74,41875.43,41194.62,41731.74,80421.497
2022-02-05 16:00:00+00:00,41731.74,41837.98,40920.0,41374.69,80882.09
2022-02-06 00:00:00+00:00,41374.68,41700.0,41300.0,41588.0,36486.573
2022-02-06 08:00:00+00:00,41586.94,42400.0,41100.0,41494.99,101452.489
2022-02-06 16:00:00+00:00,41494.99,42656.8,41385.56,42361.35,77384.888
2022-02-07 00:00:00+00:00,42361.34,43092.0,41609.76,42712.8,111764.135
2022-02-07 08:00:00+00:00,42712.79,43887.81,42201.68,43805.26,147440.914
2022-02-07 16:00:00+00:00,43805.26,44541.16,43470.09,43829.99,158848.725
2022-02-08 00:00:00+00:00,43829.99,45600.0,43550.0,44842.26,118318.165
2022-02-08 08:00:00+00:00,44842.27,44910.0,42822.0,43406.53,198219.905
2022-02-08 16:00:00+00:00,43406.53,44395.0,42641.0,44021.57,151477.351
2022-02-09 00:00:00+00:00,44021.58,44325.52,43089.08,43798.9,84937.782
2022-02-09 08:00:00+00:00,43798.9,44436.44,43164.79,43855.17,124013.918
2022-02-09 16:00:00+00:00,43855.18,44826.0,43600.0,44358.08,91318.362
2022-02-10 00:00:00+00:00,44358.09,44386.48,43531.1,44066.19,70988.933
2022-02-10 08:00:00+00:00,44066.19,45700.0,43136.96,44936.02,298807.056
2022-02-10 16:00:00+00:00,44936.81,45847.5,43288.36,43471.29,194126.086
2022-02-11 00:00:00+00:00,43471.3,43739.89,42555.0,43330.46,110945.55
2022-02-11 08:00:00+00:00,43329.87,43900.0,42811.42,43648.87,128678.015
2022-02-11 16:00:00+00:00,43648.86,43746.52,41914.23,42366.0,175022.628
2022-02-12 00:00:00+00:00,42365.99,42491.19,41711.0,42090.76,59177.398
2022-02-12 08:00:00+00:00,42090.75,42440.73,41756.57,42115.6,92378.628
2022-02-12 16:00:00+00:00,42115.61,42980.0,41540.0,42199.87,104713.299
2022-02-13 00:00:00+00:00,42199.88,42491.85,42035.6,42385.69,41845.459
2022-02-13 08:00:00+00:00,42385.69,42755.97,42158.01,42548.47,69445.514
2022-02-13 16:00:00+00:00,42549.59,42570.0,41850.0,42041.13,80777.039
2022-02-14 00:00:00+00:00,42041.12,42357.91,41526.0,42290.41,75330.377
2022-02-14 08:00:00+00:00,42290.41,42846.84,41906.44,42565.0,121803.631
2022-02-14 16:00:00+00:00,42565.0,42888.0,41783.11,42525.14,106856.925
2022-02-15 00:00:00+00:00,42525.14,43777.0,42406.23,43665.7,80258.477
2022-02-15 08:00:00+00:00,43665.8,44489.0,43579.4,44190.3,122692.513
2022-02-15 16:00:00+00:00,44190.3,44777.0,43850.0,44529.6,73784.431
2022-02-16 00:00:00+00:00,44529.7,44536.8,43650.4,44165.5,65188.581
2022-02-16 08:00:00+00:00,44165.6,44313.1,43277.8,43588.5,103861.621
2022-02-16 16:00:00+00:00,43591.6,44377.0,43336.5,43860.7,86740.085
2022-02-17 00:00:00+00:00,43860.8,44150.0,43320.1,43902.4,68323.799
2022-02-17 08:00:00+00:00,43902.3,44020.0,41664.0,41907.7,182997.49
2022-02-17 16:00:00+00:00,41907.8,42089.8,40020.1,40491.7,182637.695
2022-02-18 00:00:00+00:00,40491.8,40944.1,40273.0,40637.0,61550.256
2022-02-18 08:00:00+00:00,40637.1,40938.0,39605.8,39805.1,183503.193
2022-02-18 16:00:00+00:00,39805.2,40429.7,39422.0,39966.8,132626.333
2022-02-19 00:00:00+00:00,39966.8,40438.7,39896.8,40245.8,40564.931
2022-02-19 08:00:00+00:00,40246.1,40278.8,39610.3,39950.1,86763.99
2022-02-19 16:00:00+00:00,39950.1,40341.5,39777.0,40052.6,58295.754
2022-02-20 00:00:00+00:00,40052.6,40100.1,38553.5,38770.4,110373.919
2022-02-20 08:00:00+00:00,38770.3,38830.0,37905.0,38308.9,136260.891
2022-02-20 16:00:00+00:00,38309.0,38958.2,38026.2,38368.1,83105.634
2022-02-21 00:00:00+00:00,38367.9,39510.0,38177.0,39266.2,107991.891
2022-02-21 08:00:00+00:00,39266.0,39335.0,37171.2,38804.5,283284.074
2022-02-21 16:00:00+00:00,38804.5,39138.0,36762.0,36986.4,255115.85
2022-02-22 00:00:00+00:00,36986.4,37449.4,36310.1,36748.6,151891.33
2022-02-22 08:00:00+00:00,36748.7,38318.0,36727.1,37744.7,183142.899
2022-02-22 16:00:00+00:00,37744.6,38450.0,37350.0,38212.0,130279.268
2022-02-23 00:00:00+00:00,38212.1,38335.2,37500.4,38121.6,85162.152
2022-02-23 08:00:00+00:00,38121.5,39250.0,38052.8,38504.9,157947.166
2022-02-23 16:00:00+00:00,38505.0,38770.0,36963.2,37227.8,164946.937
2022-02-24 00:00:00+00:00,37227.9,37400.0,34303.7,35282.3,335760.491
2022-02-24 08:00:00+00:00,35282.3,36126.1,34763.2,35892.2,277366.426
2022-02-24 16:00:00+00:00,35892.2,40376.1,35700.1,38315.1,306693.99
2022-02-25 00:00:00+00:00,38316.2,39000.0,38116.3,38462.5,105106.815
2022-02-25 08:00:00+00:00,38462.5,39750.0,37999.2,39388.5,195187.716
2022-02-25 16:00:00+00:00,39388.5,39594.6,38519.2,39205.4,116021.835
2022-02-26 00:00:00+00:00,39205.4,40441.1,38935.6,39199.8,86789.03
2022-02-26 08:00:00+00:00,39199.8,39577.0,38561.7,39192.0,95837.0
2022-02-26 16:00:00+00:00,39192.0,39700.0,38800.0,39099.3,69266.171
2022-02-27 00:00:00+00:00,39099.3,39244.0,38162.0,38770.3,73302.12
2022-02-27 08:00:00+00:00,38769.8,39868.6,38500.0,39329.1,171129.449
2022-02-27 16:00:00+00:00,39330.1,39447.7,36934.6,37672.0,178765.678
2022-02-28 00:00:00+00:00,37672.1,38460.0,37414.4,38317.1,123593.201
2022-02-28 08:00:00+00:00,38317.4,40900.0,37891.0,40792.8,233109.83
2022-02-28 16:00:00+00:00,40792.8,44341.0,40674.6,43155.0,258688.13
2022-03-01 00:00:00+00:00,43155.0,43790.0,42850.0,43471.7,97525.762
2022-03-01 08:00:00+00:00,43471.7,44935.0,42765.4,43625.9,237696.66
2022-03-01 16:00:00+00:00,43626.0,44500.0,43202.1,44394.1,113261.224
2022-03-02 00:00:00+00:00,44393.6,44744.0,43646.0,43963.0,95157.038
2022-03-02 08:00:00+00:00,43962.8,45350.0,43321.0,44116.1,221116.591
2022-03-02 16:00:00+00:00,44116.1,44487.7,43412.0,43885.7,91330.092
2022-03-03 00:00:00+00:00,43885.8,44048.7,42858.0,43468.0,81120.924
2022-03-03 08:00:00+00:00,43468.0,44080.0,42333.0,42549.5,142749.651
2022-03-03 16:00:00+00:00,42549.5,42761.4,41831.0,42449.5,141695.257
2022-03-04 00:00:00+00:00,42449.6,42525.3,41050.0,41427.6,107423.163
2022-03-04 08:00:00+00:00,41427.7,41887.5,40540.0,40694.6,187388.684
2022-03-04 16:00:00+00:00,40694.6,40954.6,38521.0,39127.7,174326.527
2022-03-05 00:00:00+00:00,39127.7,39176.3,38547.6,39003.9,65967.299
2022-03-05 08:00:00+00:00,39004.0,39350.0,38754.5,39133.8,71827.597
2022-03-05 16:00:00+00:00,39133.8,39580.0,39104.1,39375.1,60952.997
2022-03-06 00:00:00+00:00,39375.0,39690.0,38766.0,39369.6,68849.125
2022-03-06 08:00:00+00:00,39369.7,39369.7,38056.0,38845.0,146576.876
2022-03-06 16:00:00+00:00,38845.0,39340.0,38111.0,38401.1,96279.259
2022-03-07 00:00:00+00:00,38401.1,38547.6,37529.9,37878.2,112323.32
2022-03-07 08:00:00+00:00,37878.2,39267.0,37630.6,39062.3,160754.953
2022-03-07 16:00:00+00:00,39062.3,39550.0,37134.0,37963.8,217176.243
2022-03-08 00:00:00+00:00,37963.7,38931.1,37853.0,38530.4,106392.49
2022-03-08 08:00:00+00:00,38530.4,39200.0,38259.0,38648.9,167900.542
2022-03-08 16:00:00+00:00,38649.8,39340.5,38117.9,38709.9,147169.335
2022-03-09 00:00:00+00:00,38709.9,41893.5,38638.7,41773.8,191119.86
2022-03-09 08:00:00+00:00,41770.6,42647.5,41605.0,42509.0,179893.517
2022-03-09 16:00:00+00:00,42508.9,42552.0,41671.1,41937.5,91046.434
2022-03-10 00:00:00+00:00,41939.5,42034.3,38652.9,39219.9,191612.489
2022-03-10 08:00:00+00:00,39220.0,40288.7,38512.0,39155.7,231622.902
2022-03-10 16:00:00+00:00,39154.3,39662.5,38869.2,39407.2,97409.795
2022-03-11 00:00:00+00:00,39407.1,39426.2,38200.1,39111.8,130881.3
2022-03-11 08:00:00+00:00,39111.6,40242.0,38780.0,39070.0,233477.196
2022-03-11 16:00:00+00:00,39070.0,39167.1,38287.0,38713.0,102720.396
2022-03-12 00:00:00+00:00,38713.1,39289.6,38630.0,39092.8,50312.14
2022-03-12 08:00:00+00:00,39092.7,39274.4,38637.9,39018.3,71304.327
2022-03-12 16:00:00+00:00,39019.6,39578.4,38700.0,38792.6,50878.358
2022-03-13 00:00:00+00:00,38792.7,39300.0,38667.5,39075.4,44159.744
2022-03-13 08:00:00+00:00,39075.4,39120.0,38333.0,38913.7,103802.642
2022-03-13 16:00:00+00:00,38913.3,39050.0,37500.0,37743.7,88661.308
2022-03-14 00:00:00+00:00,37743.0,39176.8,37522.1,39062.2,114080.006
2022-03-14 08:00:00+00:00,39062.2,39287.4,38602.9,38940.9,121397.518
2022-03-14 16:00:00+00:00,38939.3,39989.0,38400.0,39653.8,124580.834
2022-03-15 00:00:00+00:00,39651.6,39800.0,38073.8,38428.0,103463.847
2022-03-15 08:00:00+00:00,38428.1,39250.0,38236.6,39000.8,122162.862
2022-03-15 16:00:00+00:00,39000.8,39901.8,38910.0,39271.0,119392.534
2022-03-16 00:00:00+00:00,39270.9,41804.0,38700.0,39561.0,221181.004
2022-03-16 08:00:00+00:00,39560.9,41188.0,39538.0,40609.0,181871.415
2022-03-16 16:00:00+00:00,40609.0,41473.6,39270.0,41105.8,247537.242
2022-03-17 00:00:00+00:00,41105.9,41498.4,40540.1,40720.6,87814.241
2022-03-17 08:00:00+00:00,40720.6,41250.0,40442.8,40788.0,103348.98
2022-03-17 16:00:00+00:00,40788.3,41071.5,40530.0,40898.1,52825.573
2022-03-18 00:00:00+00:00,40898.0,40914.0,40170.1,40560.7,64392.517
2022-03-18 08:00:00+00:00,40562.1,41086.0,40084.2,40902.2,113295.931
2022-03-18 16:00:00+00:00,40902.2,42322.8,40874.2,41751.5,121445.995
2022-03-19 00:00:00+00:00,41751.6,41988.0,41500.0,41605.1,50561.255
2022-03-19 08:00:00+00:00,41605.0,42086.7,41563.5,41909.0,57848.659
2022-03-19 16:00:00+00:00,41909.0,42446.6,41702.8,42188.2,78050.04
2022-03-20 00:00:00+00:00,42188.2,42269.3,41728.8,41848.7,52928.097
2022-03-20 08:00:00+00:00,41848.7,41928.0,41200.0,41334.2,91218.169
2022-03-20 16:00:00+00:00,41334.2,41666.0,40900.0,41261.0,91627.863
2022-03-21 00:00:00+00:00,41261.0,41443.8,40430.0,41076.4,91262.564
2022-03-21 08:00:00+00:00,41076.5,41544.4,40727.7,41198.3,129086.697
2022-03-21 16:00:00+00:00,41198.3,41350.0,40730.1,40982.0,88047.199
2022-03-22 00:00:00+00:00,40982.0,43517.7,40852.0,42197.9,184754.329
2022-03-22 08:00:00+00:00,42198.0,43188.0,42063.3,42567.2,120972.41
2022-03-22 16:00:00+00:00,42567.1,42870.0,42200.0,42349.8,68570.935
2022-03-23 00:00:00+00:00,42349.9,42518.0,41731.3,42094.1,85376.092
2022-03-23 08:00:00+00:00,42094.2,42724.0,41852.0,42588.7,112510.236
2022-03-23 16:00:00+00:00,42588.7,43051.0,42025.0,42867.9,84745.412
2022-03-24 00:00:00+00:00,42867.8,43500.0,42622.2,43061.0,100604.583
2022-03-24 08:00:00+00:00,43060.9,44020.0,42525.0,43967.0,152774.662
2022-03-24 16:00:00+00:00,43970.7,44200.0,43741.8,43973.4,78060.812
2022-03-25 00:00:00+00:00,43973.2,44444.0,43831.4,43902.4,69312.698
2022-03-25 08:00:00+00:00,43902.4,45142.0,43575.1,44320.2,189151.658
2022-03-25 16:00:00+00:00,44320.2,44600.0,44000.0,44290.6,90155.766
2022-03-26 00:00:00+00:00,44290.6,44529.7,44041.0,44482.8,40413.775
2022-03-26 08:00:00+00:00,44482.8,44569.7,44118.3,44193.6,43225.906
2022-03-26 16:00:00+00:00,44193.6,44785.0,44128.0,44489.2,57072.906
2022-03-27 00:00:00+00:00,44489.3,44987.4,44456.5,44719.9,43207.806
2022-03-27 08:00:00+00:00,44719.9,44922.0,44416.0,44836.1,57667.024
2022-03-27 16:00:00+00:00,44836.1,47047.0,44653.1,46820.8,168405.398
2022-03-28 00:00:00+00:00,46820.9,47731.2,46651.2,46984.5,96160.153
2022-03-28 08:00:00+00:00,46984.5,47948.0,46834.8,47410.9,107494.999
2022-03-28 16:00:00+00:00,47410.9,48200.0,46855.0,47121.9,113910.63
2022-03-29 00:00:00+00:00,47121.8,47752.2,47042.5,47330.1,56780.845
2022-03-29 08:00:00+00:00,47330.0,48100.0,47312.0,47424.0,106614.548
2022-03-29 16:00:00+00:00,47424.0,47880.0,46911.0,47418.5,95645.442
2022-03-30 00:00:00+00:00,47418.5,47585.4,46535.0,47371.6,74167.95
2022-03-30 08:00:00+00:00,47371.5,47506.4,46850.0,47153.7,78513.668
2022-03-30 16:00:00+00:00,47151.0,47688.6,46819.9,47053.2,82328.274
2022-03-31 00:00:00+00:00,47053.1,47408.7,46890.0,47140.0,40438.875
2022-03-31 08:00:00+00:00,47140.0,47619.4,46200.0,46450.0,135908.789
2022-03-31 16:00:00+00:00,46450.1,46495.6,45185.0,45506.0,123489.946
2022-04-01 00:00:00+00:00,45505.9,45638.9,44206.2,44993.8,128106.311
2022-04-01 08:00:00+00:00,44993.7,46700.0,44680.9,46523.5,158769.656
2022-04-01 16:00:00+00:00,46523.6,46585.3,45883.9,46266.2,73858.586
2022-04-02 00:00:00+00:00,46266.2,47236.8,46056.8,46578.0,67299.006
2022-04-02 08:00:00+00:00,46577.9,46947.8,46112.5,46284.1,76997.132
2022-04-02 16:00:00+00:00,46284.0,46499.0,45600.0,45794.6,82117.219
2022-04-03 00:00:00+00:00,45792.3,46586.1,45501.0,46363.7,57175.834
2022-04-03 08:00:00+00:00,46363.7,46715.0,46068.5,46397.9,59063.072
2022-04-03 16:00:00+00:00,46398.0,47448.0,46192.2,46392.4,96350.107
2022-04-04 00:00:00+00:00,46392.3,46445.6,45735.0,46158.3,65864.642
2022-04-04 08:00:00+00:00,46158.3,46350.0,45532.0,45627.0,91776.347
2022-04-04 16:00:00+00:00,45627.0,46895.5,45094.0,46580.9,115155.552
2022-04-05 00:00:00+00:00,46580.9,46878.0,46404.8,46705.4,41586.154
2022-04-05 08:00:00+00:00,46705.4,47188.0,45622.0,45740.5,128745.939
2022-04-05 16:00:00+00:00,45740.5,46180.0,45300.0,45477.4,87192.546
2022-04-06 00:00:00+00:00,45477.5,45494.2,44349.7,45255.0,87575.718
2022-04-06 08:00:00+00:00,45254.9,45449.3,43666.0,44159.4,150748.666
2022-04-06 16:00:00+00:00,44159.4,44297.6,43100.0,43159.7,146034.991
2022-04-07 00:00:00+00:00,43159.8,43550.5,42685.0,43416.6,75778.365
2022-04-07 08:00:00+00:00,43416.6,43888.0,42996.0,43305.0,93775.102
2022-04-07 16:00:00+00:00,43305.0,43816.3,43173.0,43417.1,60014.513
2022-04-08 00:00:00+00:00,43417.1,43765.1,43279.5,43742.5,42111.169
2022-04-08 08:00:00+00:00,43742.4,43968.1,42728.0,43636.3,139352.052
2022-04-08 16:00:00+00:00,43636.3,43707.2,42074.0,42229.2,128632.608
2022-04-09 00:00:00+00:00,42229.1,42630.0,42100.3,42466.5,44465.099
2022-04-09 08:00:00+00:00,42466.4,42534.8,42150.0,42243.9,33873.718
2022-04-09 16:00:00+00:00,42243.9,42796.7,42164.0,42727.7,41383.837
2022-04-10 00:00:00+00:00,42727.8,42888.2,42555.0,42610.1,28039.043
2022-04-10 08:00:00+00:00,42610.1,42850.0,42419.9,42722.6,43869.179
2022-04-10 16:00:00+00:00,42722.5,43399.4,41838.0,42140.4,109996.248
2022-04-11 00:00:00+00:00,42140.3,42399.9,41650.0,42282.6,73154.605
2022-04-11 08:00:00+00:00,42282.5,42338.5,40536.0,40575.7,168805.186
2022-04-11 16:00:00+00:00,40575.6,40892.07,39136.7,39505.6,197570.229
2022-04-12 00:00:00+00:00,39505.6,40174.4,39250.0,40154.9,90501.275
2022-04-12 08:00:00+00:00,40154.9,40700.0,39761.3,40163.9,148320.012
2022-04-12 16:00:00+00:00,40163.9,40410.0,39224.0,40060.7,111062.344
2022-04-13 00:00:00+00:00,40060.7,40272.0,39569.8,40112.0,64845.047
2022-04-13 08:00:00+00:00,40112.0,41400.0,39600.6,41134.5,168532.693
2022-04-13 16:00:00+00:00,41134.4,41580.0,40800.0,41129.8,91533.191
2022-04-14 00:00:00+00:00,41129.8,41474.8,41041.9,41245.0,45957.269
2022-04-14 08:00:00+00:00,41244.9,41310.0,39908.0,39943.2,135397.217
2022-04-14 16:00:00+00:00,39943.2,40054.5,39522.0,39915.9,80611.905
2022-04-15 00:00:00+00:00,39915.9,40465.9,39734.2,40225.6,59882.562
2022-04-15 08:00:00+00:00,40225.6,40888.0,39849.2,40397.9,92019.132
2022-04-15 16:00:00+00:00,40397.9,40631.0,40188.0,40529.5,42778.977
2022-04-16 00:00:00+00:00,40529.6,40700.0,40350.0,40376.0,30826.306
2022-04-16 08:00:00+00:00,40376.0,40569.0,39944.9,40039.8,55536.825
2022-04-16 16:00:00+00:00,40039.7,40697.3,39981.9,40361.0,41341.926
2022-04-17 00:00:00+00:00,40360.9,40428.5,40094.3,40271.9,29857.21
2022-04-17 08:00:00+00:00,40271.9,40574.1,40164.0,40430.7,47389.616
2022-04-17 16:00:00+00:00,40430.6,40461.8,39510.0,39649.1,93084.998
2022-04-18 00:00:00+00:00,39649.1,39870.0,38465.7,38902.1,102862.05
2022-04-18 08:00:00+00:00,38902.2,39600.0,38780.0,39239.2,99877.841
2022-04-18 16:00:00+00:00,39239.2,41310.0,39022.1,40785.6,159695.428
2022-04-19 00:00:00+00:00,40785.7,41306.0,40543.7,40671.6,56659.838
2022-04-19 08:00:00+00:00,40671.6,41788.0,40550.0,41433.3,110073.266
2022-04-19 16:00:00+00:00,41432.1,41530.6,41143.7,41472.9,47671.167
2022-04-20 00:00:00+00:00,41472.9,41639.9,41211.6,41325.6,37758.68
2022-04-20 08:00:00+00:00,41325.6,42166.8,41037.3,41247.1,141528.832
2022-04-20 16:00:00+00:00,41247.0,41660.0,40800.0,41327.7,78094.915
2022-04-21 00:00:00+00:00,41326.0,41940.0,41292.0,41833.7,48841.813
2022-04-21 08:00:00+00:00,41833.7,42966.0,41716.4,42129.2,169179.298
2022-04-21 16:00:00+00:00,42129.2,42171.9,39630.0,40449.8,175128.845
2022-04-22 00:00:00+00:00,40449.7,40786.1,40200.7,40687.1,75927.567
2022-04-22 08:00:00+00:00,40687.1,40760.0,39300.1,39414.6,147495.731
2022-04-22 16:00:00+00:00,39414.5,39799.0,39133.0,39674.2,91512.455
2022-04-23 00:00:00+00:00,39674.3,39845.0,39259.0,39578.2,40221.712
2022-04-23 08:00:00+00:00,39578.2,39797.9,39469.6,39759.9,39130.322
2022-04-23 16:00:00+00:00,39759.9,40000.0,39275.5,39415.1,45694.783
2022-04-24 00:00:00+00:00,39413.8,39800.0,39384.4,39725.7,33954.872
2022-04-24 08:00:00+00:00,39725.7,39930.6,39320.0,39640.0,62621.027
2022-04-24 16:00:00+00:00,39639.9,39786.0,38884.1,39433.4,83795.863
2022-04-25 00:00:00+00:00,39433.4,39488.8,38111.0,38437.2,132743.507
2022-04-25 08:00:00+00:00,38437.2,39429.7,38170.0,38967.4,174268.65
2022-04-25 16:00:00+00:00,38967.4,40650.0,38900.0,40411.0,141865.736
2022-04-26 00:00:00+00:00,40411.0,40800.0,40354.2,40573.2,58592.786
2022-04-26 08:00:00+00:00,40573.1,40799.0,38530.2,38546.9,180584.575
2022-04-26 16:00:00+00:00,38547.0,38855.0,37671.8,38093.7,213954.837
2022-04-27 00:00:00+00:00,38093.7,39070.0,37844.5,39064.8,72983.519
2022-04-27 08:00:00+00:00,39070.0,39470.0,38402.0,38990.3,217178.939
2022-04-27 16:00:00+00:00,38990.3,39393.9,38650.0,39209.0,95482.907
2022-04-28 00:00:00+00:00,39209.0,39690.0,39127.0,39365.0,71407.94
2022-04-28 08:00:00+00:00,39365.0,40334.0,38861.8,39428.2,217484.57
2022-04-28 16:00:00+00:00,39428.1,40376.6,39301.1,39732.5,124650.898
2022-04-29 00:00:00+00:00,39732.5,39924.8,39249.6,39583.9,59556.997
2022-04-29 08:00:00+00:00,39584.0,39619.5,38586.7,38988.1,147429.636
2022-04-29 16:00:00+00:00,38988.0,39073.5,38160.0,38572.2,101129.742
2022-04-30 00:00:00+00:00,38572.2,38782.6,38471.6,38634.9,37369.019
2022-04-30 08:00:00+00:00,38634.9,38678.8,38135.0,38439.9,62335.598
2022-04-30 16:00:00+00:00,38439.8,38587.4,37550.0,37614.5,82105.765
2022-05-01 00:00:00+00:00,37614.4,38159.0,37350.0,37944.1,74187.049
2022-05-01 08:00:00+00:00,37944.0,38680.6,37812.0,38470.2,62666.344
2022-05-01 16:00:00+00:00,38470.4,38666.0,37625.0,38440.5,99696.069
2022-05-02 00:00:00+00:00,38440.2,39155.0,38340.0,38869.6,79468.013
2022-05-02 08:00:00+00:00,38869.6,39222.0,38218.0,38692.1,151241.799
2022-05-02 16:00:00+00:00,38692.2,38911.6,38032.2,38525.6,106135.553
2022-05-03 00:00:00+00:00,38525.5,38674.7,38315.1,38553.1,47610.969
2022-05-03 08:00:00+00:00,38553.0,38659.7,38126.0,38327.3,87252.215
2022-05-03 16:00:00+00:00,38327.2,38397.0,37500.1,37712.9,114123.038
2022-05-04 00:00:00+00:00,37713.0,38770.0,37655.2,38673.1,74953.139
2022-05-04 08:00:00+00:00,38673.1,39200.0,38643.8,38969.0,144601.212
2022-05-04 16:00:00+00:00,38969.1,40071.7,38600.0,39684.0,204944.467
2022-05-05 00:00:00+00:00,39684.1,39845.0,39515.8,39585.4,44272.378
2022-05-05 08:00:00+00:00,39585.4,39636.0,35535.1,36886.4,267778.922
2022-05-05 16:00:00+00:00,36886.5,37332.3,35388.0,36534.7,235157.7
2022-05-06 00:00:00+00:00,36533.7,36679.3,35800.0,36359.3,82222.189
2022-05-06 08:00:00+00:00,36359.3,36510.8,35200.0,35989.1,266016.982
2022-05-06 16:00:00+00:00,35989.1,36234.6,35800.0,35995.3,83740.069
2022-05-07 00:00:00+00:00,35995.2,36044.7,35702.9,35900.0,40654.636
2022-05-07 08:00:00+00:00,35900.0,36138.0,35840.2,35947.1,42978.109
2022-05-07 16:00:00+00:00,35947.1,35986.9,34700.0,35466.7,116632.088
2022-05-08 00:00:00+00:00,35466.7,35504.0,34150.0,34593.0,166928.498
2022-05-08 08:00:00+00:00,34592.9,34872.8,34256.5,34360.6,89976.625
2022-05-08 16:00:00+00:00,34360.6,34765.0,33665.0,34032.0,169967.461
2022-05-09 00:00:00+00:00,34032.1,34243.3,33255.0,33509.7,133695.613
2022-05-09 08:00:00+00:00,33509.7,33789.2,32044.0,32339.9,363612.567
2022-05-09 16:00:00+00:00,32340.0,32599.3,30003.6,30056.6,581471.532
2022-05-10 00:00:00+00:00,30056.0,32650.0,29701.4,31603.1,354224.28
2022-05-10 08:00:00+00:00,31602.8,32387.4,30828.1,31314.3,299123.287
2022-05-10 16:00:00+00:00,31314.3,31788.0,30129.6,31002.1,209831.394
2022-05-11 00:00:00+00:00,31002.1,31908.8,30188.0,30598.9,194813.971
2022-05-11 08:00:00+00:00,30598.9,32197.6,29000.0,30971.3,528404.451
2022-05-11 16:00:00+00:00,30971.4,31129.9,27651.0,29074.7,378657.55
2022-05-12 00:00:00+00:00,29077.9,30257.0,26631.0,28151.9,407892.902
2022-05-12 08:00:00+00:00,28151.4,29799.0,27450.0,29015.1,347090.167
2022-05-12 16:00:00+00:00,29015.0,29959.8,27968.6,29020.7,209492.52
2022-05-13 00:00:00+00:00,29020.8,31072.6,28730.4,30172.3,186753.093
2022-05-13 08:00:00+00:00,30172.4,31020.0,30160.6,30327.4,163190.857
2022-05-13 16:00:00+00:00,30327.5,30516.3,29180.1,29274.3,157676.155
2022-05-14 00:00:00+00:00,29274.2,29799.9,29203.3,29414.1,71099.515
2022-05-14 08:00:00+00:00,29414.0,29589.0,28644.0,28812.6,109726.895
2022-05-14 16:00:00+00:00,28812.5,30352.2,28602.3,30079.8,134930.485
2022-05-15 00:00:00+00:00,30079.5,30262.7,29448.0,29811.6,76676.857
2022-05-15 08:00:00+00:00,29811.5,30555.0,29525.1,30003.5,128258.538
2022-05-15 16:00:00+00:00,30003.4,31462.0,29919.5,31324.4,131837.744
2022-05-16 00:00:00+00:00,31324.3,31327.4,29280.0,29572.8,146827.112
2022-05-16 08:00:00+00:00,29572.7,30288.0,29309.5,29663.1,214881.406
2022-05-16 16:00:00+00:00,29663.1,30257.0,29052.3,29866.7,145534.648
2022-05-17 00:00:00+00:00,29866.4,30576.4,29750.1,30394.3,94951.526
2022-05-17 08:00:00+00:00,30394.2,30794.0,29928.0,30130.7,154540.18
2022-05-17 16:00:00+00:00,30130.7,30684.8,29420.0,30437.0,149132.813
2022-05-18 00:00:00+00:00,30437.0,30700.0,29633.4,29893.7,104743.386
2022-05-18 08:00:00+00:00,29893.7,30038.2,28850.0,28971.9,164288.271
2022-05-18 16:00:00+00:00,28971.9,29534.4,28629.6,28700.6,157668.8
2022-05-19 00:00:00+00:00,28700.6,29438.0,28670.5,29181.9,102103.085
2022-05-19 08:00:00+00:00,29182.0,30550.0,28838.8,30386.4,222102.341
2022-05-19 16:00:00+00:00,30386.4,30492.0,29932.0,30319.9,124651.298
2022-05-20 00:00:00+00:00,30319.9,30784.4,29839.3,30251.5,112403.795
2022-05-20 08:00:00+00:00,30251.6,30540.0,29058.5,29142.0,209126.907
2022-05-20 16:00:00+00:00,29141.4,29380.0,28702.0,29188.9,163908.469
2022-05-21 00:00:00+00:00,29188.9,29555.0,28927.0,29411.1,62179.683
2022-05-21 08:00:00+00:00,29411.1,29650.0,29131.8,29531.5,85388.197
2022-05-21 16:00:00+00:00,29531.4,29646.0,29295.5,29427.4,55236.209
2022-05-22 00:00:00+00:00,29427.4,29537.5,29223.6,29430.1,38196.027
2022-05-22 08:00:00+00:00,29430.1,30330.0,29400.0,29834.8,172212.299
2022-05-22 16:00:00+00:00,29834.8,30500.0,29730.6,30284.0,86708.114
2022-05-23 00:00:00+00:00,30284.0,30658.0,30040.1,30446.7,86958.496
2022-05-23 08:00:00+00:00,30446.8,30624.9,29907.2,30358.8,175313.474
2022-05-23 16:00:00+00:00,30358.8,30531.8,28840.7,29097.7,213448.78
2022-05-24 00:00:00+00:00,29097.8,29431.6,29040.0,29387.3,64733.604
2022-05-24 08:00:00+00:00,29387.3,29672.0,28637.6,29373.9,193264.811
2022-05-24 16:00:00+00:00,29374.0,29887.3,29080.0,29643.1,124126.034
2022-05-25 00:00:00+00:00,29643.0,30246.7,29539.3,29695.6,122179.436
2022-05-25 08:00:00+00:00,29695.7,29949.2,29330.0,29616.1,163773.715
2022-05-25 16:00:00+00:00,29616.0,30046.0,29415.7,29536.7,127506.333
2022-05-26 00:00:00+00:00,29536.7,29877.0,29480.1,29714.9,89404.822
2022-05-26 08:00:00+00:00,29715.0,29729.8,27952.1,29374.4,373768.808
2022-05-26 16:00:00+00:00,29374.5,29788.0,29164.1,29194.0,138963.456
2022-05-27 00:00:00+00:00,29194.0,29387.0,28617.8,28977.0,166748.101
2022-05-27 08:00:00+00:00,28977.9,29369.8,28621.9,28835.5,185516.074
2022-05-27 16:00:00+00:00,28835.6,29043.5,28259.6,28623.2,154374.709
2022-05-28 00:00:00+00:00,28623.3,28937.5,28520.0,28870.9,69361.83
2022-05-28 08:00:00+00:00,28871.0,29265.7,28755.0,28974.7,79441.125
2022-05-28 16:00:00+00:00,28974.7,29150.0,28800.0,29018.8,44841.328
2022-05-29 00:00:00+00:00,29018.8,29058.6,28825.0,29000.4,42416.451
2022-05-29 08:00:00+00:00,29000.4,29500.0,28941.0,29210.5,106830.011
2022-05-29 16:00:00+00:00,29210.6,29595.2,29067.9,29452.8,65893.472
2022-05-30 00:00:00+00:00,29452.6,30983.0,29301.1,30625.3,171392.909
2022-05-30 08:00:00+00:00,30625.3,30964.6,30255.0,30617.9,143357.612
2022-05-30 16:00:00+00:00,30618.0,32307.6,30533.0,31726.5,187961.655
2022-05-31 00:00:00+00:00,31726.5,31848.7,31425.1,31570.4,82892.678
2022-05-31 08:00:00+00:00,31570.5,32189.9,31222.0,32045.9,168526.208
2022-05-31 16:00:00+00:00,32045.9,32427.5,31562.0,31797.8,132269.379
2022-06-01 00:00:00+00:00,31797.9,31986.1,31358.0,31479.6,80990.157
2022-06-01 08:00:00+00:00,31479.6,31888.0,30710.1,30733.7,190924.286
2022-06-01 16:00:00+00:00,30733.6,30745.0,29300.0,29796.9,285078.313
2022-06-02 00:00:00+00:00,29796.9,30113.5,29566.1,29952.8,78316.574
2022-06-02 08:00:00+00:00,29952.8,30380.0,29579.9,30194.4,190171.322
2022-06-02 16:00:00+00:00,30194.4,30750.0,29948.6,30437.1,102436.791
2022-06-03 00:00:00+00:00,30437.1,30693.2,30256.9,30424.3,68604.586
2022-06-03 08:00:00+00:00,30424.2,30520.0,29220.0,29486.7,213315.482
2022-06-03 16:00:00+00:00,29486.8,29878.1,29381.6,29682.8,75190.309
2022-06-04 00:00:00+00:00,29682.8,29750.9,29465.0,29690.5,49783.261
2022-06-04 08:00:00+00:00,29690.4,29988.0,29456.0,29839.9,84765.642
2022-06-04 16:00:00+00:00,29839.9,29968.7,29592.4,29848.4,52971.631
2022-06-05 00:00:00+00:00,29848.5,29884.9,29630.3,29630.6,40686.345
2022-06-05 08:00:00+00:00,29630.6,29975.0,29524.0,29958.3,69663.471
2022-06-05 16:00:00+00:00,29958.4,30250.0,29746.4,29909.9,95036.015
2022-06-06 00:00:00+00:00,29910.0,31473.9,29876.2,31277.9,162460.753
2022-06-06 08:00:00+00:00,31277.8,31780.0,31138.4,31529.8,166948.185
2022-06-06 16:00:00+00:00,31529.7,31596.0,31053.0,31361.2,107113.936
2022-06-07 00:00:00+00:00,31361.2,31373.9,29190.0,29569.0,252879.529
2022-06-07 08:00:00+00:00,29569.1,30050.0,29320.0,29876.0,149607.619
2022-06-07 16:00:00+00:00,29876.0,31599.0,29730.0,31118.1,289227.837
2022-06-08 00:00:00+00:00,31118.0,31325.0,29825.0,30547.9,216248.72
2022-06-08 08:00:00+00:00,30547.9,30888.0,30031.6,30458.0,148738.974
2022-06-08 16:00:00+00:00,30461.0,30536.6,29900.0,30192.5,90698.943
2022-06-09 00:00:00+00:00,30192.6,30479.7,30055.3,30477.3,58875.027
2022-06-09 08:00:00+00:00,30477.4,30691.9,29914.5,30285.8,163199.888
2022-06-09 16:00:00+00:00,30285.9,30456.2,29952.6,30093.3,85237.26
2022-06-10 00:00:00+00:00,30093.4,30374.1,29470.5,30041.6,103027.013
2022-06-10 08:00:00+00:00,30041.6,30177.4,29200.0,29438.2,211354.456
2022-06-10 16:00:00+00:00,29438.2,29470.2,28805.0,29077.7,131547.19
2022-06-11 00:00:00+00:00,29077.7,29427.9,29033.7,29309.0,45531.959
2022-06-11 08:00:00+00:00,29309.0,29329.8,28227.7,28392.3,232508.291
2022-06-11 16:00:00+00:00,28392.6,28786.9,28080.0,28416.7,113327.564
2022-06-12 00:00:00+00:00,28416.6,28530.3,27162.7,27629.4,182044.495
2022-06-12 08:00:00+00:00,27629.5,28337.7,26850.0,28077.8,202913.443
2022-06-12 16:00:00+00:00,28077.8,28234.4,26538.7,26564.7,175876.193
2022-06-13 00:00:00+00:00,26564.7,26877.0,24552.0,24801.2,510654.32
2022-06-13 08:00:00+00:00,24801.1,24934.3,22559.7,23253.1,720637.5
2022-06-13 16:00:00+00:00,23255.3,24193.7,21900.0,22471.5,391229.74
2022-06-14 00:00:00+00:00,22471.4,23424.2,20823.0,22863.2,617870.889
2022-06-14 08:00:00+00:00,22863.3,22980.0,21712.0,22672.6,381598.783
2022-06-14 16:00:00+00:00,22672.6,22770.0,21350.0,22122.7,248140.124
2022-06-15 00:00:00+00:00,22122.7,22290.0,20617.2,20707.5,355494.751
2022-06-15 08:00:00+00:00,20707.5,21794.7,20100.2,21408.8,535995.643
2022-06-15 16:00:00+00:00,21408.8,22800.0,20179.9,22567.5,617810.775
2022-06-16 00:00:00+00:00,22567.5,23000.0,21635.3,21748.9,197695.852
2022-06-16 08:00:00+00:00,21748.9,21883.7,20739.0,21067.0,409839.703
2022-06-16 16:00:00+00:00,21067.7,21483.0,20222.0,20387.4,275098.665
2022-06-17 00:00:00+00:00,20387.4,21288.0,20228.0,21087.5,309465.62
2022-06-17 08:00:00+00:00,21087.9,21388.0,20375.5,20656.0,323840.722
2022-06-17 16:00:00+00:00,20656.0,20785.5,20350.0,20457.3,142846.915
2022-06-18 00:00:00+00:00,20457.3,20768.4,19000.0,19244.9,294941.278
2022-06-18 08:00:00+00:00,19245.0,19529.5,18690.0,18946.6,344335.703
2022-06-18 16:00:00+00:00,18946.7,19500.0,17593.2,18959.7,629314.407
2022-06-19 00:00:00+00:00,18959.7,19189.9,17935.9,18297.2,313666.854
2022-06-19 08:00:00+00:00,18297.1,20100.0,18255.5,19816.3,457388.918
2022-06-19 16:00:00+00:00,19816.3,20821.0,19363.8,20564.2,318219.902
2022-06-20 00:00:00+00:00,20564.3,20653.7,19630.0,20076.7,256265.905
2022-06-20 08:00:00+00:00,20076.7,21099.9,20010.0,20815.4,401176.553
2022-06-20 16:00:00+00:00,20815.4,20817.7,19814.8,20570.1,278373.672
2022-06-21 00:00:00+00:00,20570.0,21354.0,20337.8,21107.7,257145.24
2022-06-21 08:00:00+00:00,21107.8,21740.0,20841.3,21382.8,334119.182
2022-06-21 16:00:00+00:00,21382.9,21540.0,20535.2,20713.1,195909.514
2022-06-22 00:00:00+00:00,20713.1,20729.7,19920.0,20091.6,218138.22
2022-06-22 08:00:00+00:00,20091.6,20888.0,20023.1,20075.4,323324.667
2022-06-22 16:00:00+00:00,20075.4,20373.8,19745.7,19977.4,270721.306
2022-06-23 00:00:00+00:00,19977.5,20666.0,19874.0,20446.2,194867.8
2022-06-23 08:00:00+00:00,20446.2,20855.0,20264.7,20339.9,252500.43
2022-06-23 16:00:00+00:00,20339.9,21250.0,20158.1,21096.6,251384.81
2022-06-24 00:00:00+00:00,21096.6,21379.2,20732.5,20903.9,169446.275
2022-06-24 08:00:00+00:00,20903.8,21491.4,20736.0,20875.4,274762.791
2022-06-24 16:00:00+00:00,20875.5,21563.5,20771.5,21231.2,201241.712
2022-06-25 00:00:00+00:00,21231.2,21627.6,21110.0,21495.5,145921.782
2022-06-25 08:00:00+00:00,21495.5,21549.8,20894.0,20958.9,161538.773
2022-06-25 16:00:00+00:00,20959.0,21600.0,20907.5,21481.9,126656.892
2022-06-26 00:00:00+00:00,21481.9,21539.7,21263.7,21390.1,94385.755
2022-06-26 08:00:00+00:00,21390.1,21888.0,21180.0,21314.2,206305.11
2022-06-26 16:00:00+00:00,21314.2,21431.2,20952.0,21029.1,142096.871
2022-06-27 00:00:00+00:00,21029.1,21387.0,20908.8,21354.9,118059.456
2022-06-27 08:00:00+00:00,21354.9,21560.0,20575.0,20744.0,264319.418
2022-06-27 16:00:00+00:00,20744.0,20966.0,20500.0,20730.0,156956.135
2022-06-28 00:00:00+00:00,20730.0,20920.0,20510.0,20868.2,134334.65
2022-06-28 08:00:00+00:00,20868.3,21198.0,20575.2,20595.4,247026.253
2022-06-28 16:00:00+00:00,20595.7,20757.9,20188.0,20268.6,201555.205
2022-06-29 00:00:00+00:00,20268.7,20385.1,19887.1,20080.6,190430.451
2022-06-29 08:00:00+00:00,20080.5,20235.6,19817.2,20076.3,258066.646
2022-06-29 16:00:00+00:00,20076.3,20430.0,19920.0,20109.9,160408.893
2022-06-30 00:00:00+00:00,20109.9,20165.0,19300.0,19423.5,193643.622
2022-06-30 08:00:00+00:00,19423.1,19429.9,18702.0,19133.5,373719.502
2022-06-30 16:00:00+00:00,19133.4,19965.6,18563.0,19923.5,292618.291
2022-07-01 00:00:00+00:00,19923.3,20926.4,19303.0,19566.1,422267.699
2022-07-01 08:00:00+00:00,19566.1,19794.8,18948.8,19279.5,326913.192
2022-07-01 16:00:00+00:00,19279.4,19686.8,19207.6,19272.0,166218.472
2022-07-02 00:00:00+00:00,19272.0,19383.2,19043.6,19119.9,123032.521
2022-07-02 08:00:00+00:00,19120.0,19456.0,18959.0,19219.9,164043.791
2022-07-02 16:00:00+00:00,19219.9,19400.0,19181.6,19240.9,95775.213
2022-07-03 00:00:00+00:00,19241.0,19392.6,18780.1,19127.8,166521.185
2022-07-03 08:00:00+00:00,19127.7,19147.0,18921.9,19035.3,121073.252
2022-07-03 16:00:00+00:00,19035.3,19645.4,19008.7,19305.9,161913.894
2022-07-04 00:00:00+00:00,19306.0,19333.1,19046.3,19115.2,97925.457
2022-07-04 08:00:00+00:00,19115.1,20123.0,19102.3,19792.4,331258.182
2022-07-04 16:00:00+00:00,19792.4,20350.0,19666.3,20226.6,204126.548
2022-07-05 00:00:00+00:00,20226.3,20474.0,20150.0,20207.7,163856.518
2022-07-05 08:00:00+00:00,20207.8,20209.2,19291.6,19507.0,340132.691
2022-07-05 16:00:00+00:00,19507.0,20749.2,19478.0,20170.0,350249.658
2022-07-06 00:00:00+00:00,20170.1,20396.7,19753.0,20150.9,247919.085
2022-07-06 08:00:00+00:00,20151.0,20372.1,19950.0,20140.1,228317.803
2022-07-06 16:00:00+00:00,20140.1,20667.6,20125.3,20554.1,205839.57
2022-07-07 00:00:00+00:00,20554.2,20588.0,20244.9,20432.8,112041.822
2022-07-07 08:00:00+00:00,20432.8,21050.0,20367.9,20881.9,246170.082
2022-07-07 16:00:00+00:00,20882.0,21830.0,20816.2,21613.4,341629.712
2022-07-08 00:00:00+00:00,21614.5,22579.9,21570.4,21791.3,244710.985
2022-07-08 08:00:00+00:00,21791.3,22127.7,21175.2,21947.3,406210.808
2022-07-08 16:00:00+00:00,21947.4,22048.0,21515.0,21587.9,197222.702
2022-07-09 00:00:00+00:00,21587.8,21740.4,21400.0,21644.7,127945.248
2022-07-09 08:00:00+00:00,21644.7,21785.0,21309.6,21538.7,138099.478
2022-07-09 16:00:00+00:00,21538.6,22000.0,21503.1,21580.0,127327.64
2022-07-10 00:00:00+00:00,21580.0,21594.2,21095.4,21329.9,133545.608
2022-07-10 08:00:00+00:00,21329.9,21433.3,20808.2,20892.5,165862.819
2022-07-10 16:00:00+00:00,20892.5,21170.0,20600.0,20853.8,168768.112
2022-07-11 00:00:00+00:00,20853.8,20853.9,20345.8,20429.3,164246.345
2022-07-11 08:00:00+00:00,20429.3,20778.1,20260.0,20430.1,202330.215
2022-07-11 16:00:00+00:00,20430.2,20733.8,19870.0,19954.3,194669.427
2022-07-12 00:00:00+00:00,19954.3,20048.9,19618.2,19722.9,181339.01
2022-07-12 08:00:00+00:00,19722.9,19999.5,19552.4,19876.9,238943.192
2022-07-12 16:00:00+00:00,19876.9,19993.0,19228.3,19322.9,220278.521
2022-07-13 00:00:00+00:00,19322.9,19890.0,19260.0,19699.5,139090.257
2022-07-13 08:00:00+00:00,19699.8,20150.0,18901.0,19445.1,523384.718
2022-07-13 16:00:00+00:00,19445.1,20401.6,19228.1,20220.1,313463.19
2022-07-14 00:00:00+00:00,20220.1,20436.6,19894.0,19981.3,182388.967
2022-07-14 08:00:00+00:00,19981.3,20463.3,19600.0,20379.3,322387.493
2022-07-14 16:00:00+00:00,20379.4,20900.0,20130.0,20578.6,261213.07
2022-07-15 00:00:00+00:00,20578.6,20940.0,20364.3,20823.4,195368.59
2022-07-15 08:00:00+00:00,20823.3,21090.0,20711.3,20785.1,244582.913
2022-07-15 16:00:00+00:00,20785.1,21200.0,20622.0,20823.1,186812.189
2022-07-16 00:00:00+00:00,20823.1,20854.2,20471.0,20541.0,114477.521
2022-07-16 08:00:00+00:00,20541.0,20950.0,20534.3,20935.0,131270.67
2022-07-16 16:00:00+00:00,20934.9,21580.0,20900.0,21183.5,293458.679
2022-07-17 00:00:00+00:00,21183.6,21674.1,21071.7,21460.0,147400.717
2022-07-17 08:00:00+00:00,21460.0,21545.7,21070.0,21158.0,187909.827
2022-07-17 16:00:00+00:00,21158.0,21349.2,20742.0,20794.4,150227.184
2022-07-18 00:00:00+00:00,20794.4,22401.4,20764.4,22243.4,300402.951
2022-07-18 08:00:00+00:00,22243.3,22800.0,21900.7,22674.2,344916.928
2022-07-18 16:00:00+00:00,22673.6,22706.7,21385.7,22423.9,337547.855
2022-07-19 00:00:00+00:00,22423.5,22950.0,21575.0,21761.0,312551.918
2022-07-19 08:00:00+00:00,21760.9,23200.0,21686.3,23116.2,426973.888
2022-07-19 16:00:00+00:00,23117.1,23817.9,22942.4,23385.9,384503.276
2022-07-20 00:00:00+00:00,23385.9,23861.0,22922.0,23376.7,227252.788
2022-07-20 08:00:00+00:00,23377.0,24277.0,23298.5,24153.4,360715.668
2022-07-20 16:00:00+00:00,24153.5,24182.9,22912.4,23221.5,358679.359
2022-07-21 00:00:00+00:00,23221.5,23441.1,22636.0,22926.7,216564.286
2022-07-21 08:00:00+00:00,22926.6,23069.0,22340.2,22633.7,273517.347
2022-07-21 16:00:00+00:00,22633.7,23295.5,22625.3,23144.5,233461.833
2022-07-22 00:00:00+00:00,23144.5,23342.2,22803.0,23109.2,141183.254
2022-07-22 08:00:00+00:00,23109.3,23750.0,23060.0,23286.7,282300.314
2022-07-22 16:00:00+00:00,23286.7,23335.0,22500.0,22675.1,210424.366
2022-07-23 00:00:00+00:00,22675.0,22990.0,22540.1,22764.2,116806.71
2022-07-23 08:00:00+00:00,22764.2,22871.0,22032.0,22209.9,227887.384
2022-07-23 16:00:00+00:00,22209.9,22548.0,21933.5,22440.2,161193.579
2022-07-24 00:00:00+00:00,22440.1,22828.8,22256.4,22692.4,149055.045
2022-07-24 08:00:00+00:00,22692.4,22935.0,22428.1,22837.0,176112.752
2022-07-24 16:00:00+00:00,22837.0,22999.0,22503.0,22570.6,137791.156
2022-07-25 00:00:00+00:00,22570.6,22656.8,21734.1,21951.3,208244.442
2022-07-25 08:00:00+00:00,21951.2,22095.0,21650.0,21884.3,210577.775
2022-07-25 16:00:00+00:00,21884.4,22252.6,21232.0,21300.0,276948.438
2022-07-26 00:00:00+00:00,21300.0,21334.4,20820.8,21053.7,183023.36
2022-07-26 08:00:00+00:00,21053.7,21181.6,20689.6,20737.6,187422.476
2022-07-26 16:00:00+00:00,20737.6,21294.0,20730.3,21241.0,182053.067
2022-07-27 00:00:00+00:00,21241.0,21442.0,21031.0,21335.0,128891.783
2022-07-27 08:00:00+00:00,21335.0,21531.8,21102.5,21516.4,150838.538
2022-07-27 16:00:00+00:00,21516.5,23100.0,21431.0,22941.1,473639.982
2022-07-28 00:00:00+00:00,22941.1,23480.0,22691.0,22916.9,171204.741
2022-07-28 08:00:00+00:00,22916.4,23999.6,22583.1,23739.4,354261.095
2022-07-28 16:00:00+00:00,23739.4,24194.6,23661.7,23836.2,231276.0
2022-07-29 00:00:00+00:00,23836.2,24500.0,23700.0,23938.0,164378.684
2022-07-29 08:00:00+00:00,23938.0,24220.0,23426.3,24003.0,286007.043
2022-07-29 16:00:00+00:00,24003.0,24129.9,23600.0,23771.1,191951.324
2022-07-30 00:00:00+00:00,23771.0,23965.0,23621.8,23869.8,98178.736
2022-07-30 08:00:00+00:00,23869.8,24700.0,23726.0,24522.8,215273.742
2022-07-30 16:00:00+00:00,24522.8,24585.0,23505.0,23629.9,180372.338
2022-07-31 00:00:00+00:00,23630.0,23890.0,23511.3,23704.9,79504.374
2022-07-31 08:00:00+00:00,23704.9,23856.4,23555.0,23764.2,97798.602
2022-07-31 16:00:00+00:00,23764.2,24187.3,23222.0,23290.1,208666.874
2022-08-01 00:00:00+00:00,23290.1,23458.3,23100.0,23313.4,96300.925
2022-08-01 08:00:00+00:00,23313.3,23497.0,22933.5,23315.1,229609.313
2022-08-01 16:00:00+00:00,23315.1,23407.0,22836.2,23257.6,172468.054
2022-08-02 00:00:00+00:00,23257.6,23436.3,22700.0,22875.5,151453.354
2022-08-02 08:00:00+00:00,22875.5,23140.0,22603.0,22962.9,254812.737
2022-08-02 16:00:00+00:00,22962.8,23448.7,22846.3,22975.1,218961.821
2022-08-03 00:00:00+00:00,22975.1,23065.3,22665.3,22979.5,125239.216
2022-08-03 08:00:00+00:00,22979.6,23650.0,22979.2,23346.0,260089.13
2022-08-03 16:00:00+00:00,23345.9,23566.7,22707.0,22801.5,183933.422
2022-08-04 00:00:00+00:00,22801.5,23211.3,22780.8,22935.0,157241.066
2022-08-04 08:00:00+00:00,22934.9,23133.0,22728.5,22914.3,212665.916
2022-08-04 16:00:00+00:00,22914.2,22966.0,22370.0,22608.9,178361.834
2022-08-05 00:00:00+00:00,22608.9,23430.3,22580.6,23176.9,175044.444
2022-08-05 08:00:00+00:00,23176.9,23450.0,22867.8,22979.1,267675.37
2022-08-05 16:00:00+00:00,22979.1,23318.8,22746.9,23298.1,151272.316
2022-08-06 00:00:00+00:00,23298.0,23341.8,23130.8,23196.5,73895.928
2022-08-06 08:00:00+00:00,23196.4,23249.6,23083.2,23191.2,58406.916
2022-08-06 16:00:00+00:00,23191.2,23250.0,22883.6,22943.3,95356.55
2022-08-07 00:00:00+00:00,22943.2,23034.6,22830.9,23000.0,70573.017
2022-08-07 08:00:00+00:00,23000.0,23180.0,22878.1,23012.1,89246.913
2022-08-07 16:00:00+00:00,23012.2,23400.0,22984.0,23167.8,111692.132
2022-08-08 00:00:00+00:00,23167.9,23848.0,23153.1,23796.8,155485.07
2022-08-08 08:00:00+00:00,23796.8,24243.0,23757.4,23986.9,263013.323
2022-08-08 16:00:00+00:00,23986.8,24097.5,23666.0,23804.4,146585.826
2022-08-09 00:00:00+00:00,23804.3,23913.4,23617.6,23866.2,91124.636
2022-08-09 08:00:00+00:00,23866.2,23878.1,22850.0,23061.7,304098.155
2022-08-09 16:00:00+00:00,23061.6,23248.0,22963.0,23140.2,103064.152
2022-08-10 00:00:00+00:00,23140.1,23140.2,22608.0,22951.2,151434.943
2022-08-10 08:00:00+00:00,22951.2,24179.0,22951.2,23983.6,388693.187
2022-08-10 16:00:00+00:00,23983.6,24235.2,23454.0,23940.9,220610.074
2022-08-11 00:00:00+00:00,23941.0,24760.0,23907.6,24429.5,266920.427
2022-08-11 08:00:00+00:00,24429.4,24972.0,24261.8,24336.6,304313.539
2022-08-11 16:00:00+00:00,24336.4,24413.7,23840.6,23917.2,189221.279
2022-08-12 00:00:00+00:00,23917.3,24088.0,23750.0,23949.2,118044.16
2022-08-12 08:00:00+00:00,23949.2,24149.5,23560.0,23966.7,207370.748
2022-08-12 16:00:00+00:00,23966.7,24438.8,23938.5,24387.5,152319.137
2022-08-13 00:00:00+00:00,24387.5,24879.0,24319.3,24566.1,183816.864
2022-08-13 08:00:00+00:00,24566.1,24647.7,24267.5,24501.8,167073.242
2022-08-13 16:00:00+00:00,24501.8,24584.5,24309.7,24429.0,80203.553
2022-08-14 00:00:00+00:00,24429.0,25065.0,24332.1,24867.1,145551.886
2022-08-14 08:00:00+00:00,24867.2,24872.6,24379.3,24512.1,155652.234
2022-08-14 16:00:00+00:00,24512.0,24548.8,24138.0,24294.1,136110.2
2022-08-15 00:00:00+00:00,24294.1,25200.0,23916.7,24010.8,374544.755
2022-08-15 08:00:00+00:00,24010.7,24296.8,23860.2,24211.8,216255.302
2022-08-15 16:00:00+00:00,24211.8,24272.2,23762.0,24085.2,148590.664
2022-08-16 00:00:00+00:00,24085.2,24234.0,23788.0,24054.1,148124.823
2022-08-16 08:00:00+00:00,24054.4,24138.0,23650.0,23886.3,178318.078
2022-08-16 16:00:00+00:00,23886.2,24050.0,23676.5,23843.0,134477.093
2022-08-17 00:00:00+00:00,23843.0,24437.0,23754.0,23774.2,219410.517
2022-08-17 08:00:00+00:00,23774.2,23908.2,23312.9,23385.7,251931.149
2022-08-17 16:00:00+00:00,23385.7,23619.7,23170.0,23333.1,169259.237
2022-08-18 00:00:00+00:00,23333.1,23505.2,23280.0,23402.5,84944.188
2022-08-18 08:00:00+00:00,23402.5,23595.0,23336.1,23439.4,135791.996
2022-08-18 16:00:00+00:00,23439.5,23458.6,23101.0,23185.1,126962.822
2022-08-19 00:00:00+00:00,23185.0,23200.0,21220.0,21892.8,309265.958
2022-08-19 08:00:00+00:00,21892.9,21906.0,21235.8,21431.1,324171.282
2022-08-19 16:00:00+00:00,21431.0,21646.1,20760.0,20824.9,273172.585
2022-08-20 00:00:00+00:00,20825.0,21368.9,20783.8,21295.1,163431.302
2022-08-20 08:00:00+00:00,21295.2,21328.8,21107.2,21291.7,113861.139
2022-08-20 16:00:00+00:00,21291.8,21350.0,20742.9,21127.8,213214.601
2022-08-21 00:00:00+00:00,21127.7,21320.4,21055.0,21241.7,96098.423
2022-08-21 08:00:00+00:00,21241.7,21580.1,21217.0,21407.7,162201.882
2022-08-21 16:00:00+00:00,21407.7,21804.6,21259.7,21505.6,165982.119
2022-08-22 00:00:00+00:00,21505.6,21520.5,21038.6,21089.1,130171.643
2022-08-22 08:00:00+00:00,21089.2,21439.2,20858.6,21388.0,285738.473
2022-08-22 16:00:00+00:00,21388.0,21550.0,20950.0,21387.0,172854.481
2022-08-23 00:00:00+00:00,21387.0,21460.0,20874.8,21297.3,189915.356
2022-08-23 08:00:00+00:00,21297.2,21667.2,21279.0,21460.6,292978.181
2022-08-23 16:00:00+00:00,21460.7,21662.0,21350.0,21518.2,126851.733
2022-08-24 00:00:00+00:00,21518.2,21541.2,21132.3,21305.6,164245.649
2022-08-24 08:00:00+00:00,21305.6,21635.0,21254.2,21605.6,161623.129
2022-08-24 16:00:00+00:00,21605.6,21925.6,21350.0,21354.9,176859.42
2022-08-25 00:00:00+00:00,21355.0,21750.0,21295.3,21732.2,138079.015
2022-08-25 08:00:00+00:00,21732.2,21810.9,21475.0,21557.0,163906.096
2022-08-25 16:00:00+00:00,21557.0,21677.0,21385.5,21548.3,113772.881
2022-08-26 00:00:00+00:00,21548.3,21603.7,21311.0,21438.4,113651.566
2022-08-26 08:00:00+00:00,21438.3,21867.6,20560.0,20770.1,534978.055
2022-08-26 16:00:00+00:00,20769.6,20822.0,20100.0,20228.7,247844.735
2022-08-27 00:00:00+00:00,20228.7,20367.7,19901.0,20255.0,180406.995
2022-08-27 08:00:00+00:00,20255.0,20263.7,19744.0,19966.1,160045.638
2022-08-27 16:00:00+00:00,19966.0,20088.9,19825.7,20023.9,129145.391
2022-08-28 00:00:00+00:00,20024.0,20155.0,19918.0,20045.0,86607.457
2022-08-28 08:00:00+00:00,20045.0,20098.0,19793.8,20007.5,130470.956
2022-08-28 16:00:00+00:00,20007.6,20140.0,19508.0,19547.5,169326.782
2022-08-29 00:00:00+00:00,19547.5,19945.0,19539.4,19885.3,168558.749
2022-08-29 08:00:00+00:00,19885.3,20365.6,19754.1,20249.1,269945.054
2022-08-29 16:00:00+00:00,20249.1,20440.0,20069.3,20275.5,159572.866
2022-08-30 00:00:00+00:00,20275.5,20574.0,20100.0,20423.3,162085.791
2022-08-30 08:00:00+00:00,20423.3,20496.6,19634.4,19743.8,318530.163
2022-08-30 16:00:00+00:00,19743.7,20085.0,19524.4,19803.1,287099.039
2022-08-31 00:00:00+00:00,19803.2,20496.0,19787.9,20247.5,217283.541
2022-08-31 08:00:00+00:00,20247.5,20419.0,19850.0,20130.5,295582.662
2022-08-31 16:00:00+00:00,20130.6,20329.0,19870.2,20041.5,198773.136
2022-09-01 00:00:00+00:00,20041.4,20198.3,19790.4,19885.7,172352.549
2022-09-01 08:00:00+00:00,19885.6,20115.1,19644.7,19775.8,270282.826
2022-09-01 16:00:00+00:00,19775.7,20171.0,19555.0,20122.5,248959.346
2022-09-02 00:00:00+00:00,20122.6,20290.0,19947.9,20100.5,132191.792
2022-09-02 08:00:00+00:00,20100.4,20434.3,19978.0,20344.8,263895.547
2022-09-02 16:00:00+00:00,20344.8,20368.0,19736.0,19941.0,272960.477
2022-09-03 00:00:00+00:00,19941.0,20050.0,19740.1,19808.2,90292.529
2022-09-03 08:00:00+00:00,19808.1,19894.0,19700.6,19764.3,105255.875
2022-09-03 16:00:00+00:00,19764.3,19840.0,19628.7,19820.7,89692.585
2022-09-04 00:00:00+00:00,19820.7,19847.9,19600.0,19618.5,69144.003
2022-09-04 08:00:00+00:00,19618.4,19930.0,19570.0,19781.6,186551.409
2022-09-04 16:00:00+00:00,19781.6,20022.4,19713.0,19992.7,141102.772
2022-09-05 00:00:00+00:00,19992.7,20046.7,19668.0,19740.0,139097.546
2022-09-05 08:00:00+00:00,19739.9,19944.0,19620.2,19848.1,173947.611
2022-09-05 16:00:00+00:00,19848.1,19904.5,19660.0,19784.9,133661.253
2022-09-06 00:00:00+00:00,19784.9,20174.7,19665.0,19900.7,266475.799
2022-09-06 08:00:00+00:00,19900.7,20023.2,19650.4,19810.1,250842.756
2022-09-06 16:00:00+00:00,19810.2,19847.1,18600.0,18781.5,428170.587
2022-09-07 00:00:00+00:00,18781.4,18861.9,18500.0,18791.5,169283.157
2022-09-07 08:00:00+00:00,18791.4,18960.0,18663.6,18863.3,166299.876
2022-09-07 16:00:00+00:00,18863.3,19455.0,18844.8,19287.0,260053.66
2022-09-08 00:00:00+00:00,19287.0,19373.8,19047.9,19164.0,139656.764
2022-09-08 08:00:00+00:00,19164.0,19400.0,19003.8,19240.4,264994.253
2022-09-08 16:00:00+00:00,19240.5,19450.0,19080.0,19309.3,132617.627
2022-09-09 00:00:00+00:00,19309.3,20804.9,19283.0,20623.6,386119.893
2022-09-09 08:00:00+00:00,20623.6,21345.0,20618.5,21258.5,376108.581
2022-09-09 16:00:00+00:00,21258.5,21666.0,21117.0,21352.0,230268.626
2022-09-10 00:00:00+00:00,21352.0,21670.0,21153.6,21274.9,157888.846
2022-09-10 08:00:00+00:00,21275.0,21384.0,21112.2,21213.3,118954.077
2022-09-10 16:00:00+00:00,21213.3,21825.0,21166.5,21639.5,214700.283
2022-09-11 00:00:00+00:00,21639.5,21673.0,21336.0,21599.9,117625.964
2022-09-11 08:00:00+00:00,21600.0,21761.5,21450.1,21633.9,130795.266
2022-09-11 16:00:00+00:00,21634.0,21883.4,21438.5,21820.3,172558.096
2022-09-12 00:00:00+00:00,21820.3,22388.0,21540.0,22180.9,332653.101
2022-09-12 08:00:00+00:00,22180.8,22471.0,21961.1,22106.0,321506.087
2022-09-12 16:00:00+00:00,22105.9,22474.0,22010.0,22386.0,164442.744
2022-09-13 00:00:00+00:00,22386.0,22659.9,22048.4,22267.8,197937.974
2022-09-13 08:00:00+00:00,22267.9,22850.0,20729.0,20823.9,621948.456
2022-09-13 16:00:00+00:00,20823.9,20920.6,19840.0,20162.5,398883.497
2022-09-14 00:00:00+00:00,20162.6,20528.5,20031.1,20235.3,166034.318
2022-09-14 08:00:00+00:00,20235.4,20413.1,20050.0,20165.6,222294.204
2022-09-14 16:00:00+00:00,20165.6,20384.4,19600.0,20217.0,273474.075
2022-09-15 00:00:00+00:00,20217.0,20315.0,19903.5,20195.2,198374.6
2022-09-15 08:00:00+00:00,20195.1,20213.3,19453.0,19728.8,306475.052
2022-09-15 16:00:00+00:00,19728.8,19936.3,19561.5,19690.8,161012.415
2022-09-16 00:00:00+00:00,19690.8,19849.6,19573.1,19730.5,96942.676
2022-09-16 08:00:00+00:00,19730.4,19878.0,19385.2,19653.3,251077.032
2022-09-16 16:00:00+00:00,19653.3,19819.5,19300.0,19792.5,196589.096
2022-09-17 00:00:00+00:00,19792.4,20068.8,19757.6,19834.0,123346.714
2022-09-17 08:00:00+00:00,19834.1,20019.0,19739.4,19951.6,89869.058
2022-09-17 16:00:00+00:00,19951.7,20182.6,19926.0,20102.0,121462.786
2022-09-18 00:00:00+00:00,20102.0,20105.3,19938.4,20041.2,69403.048
2022-09-18 08:00:00+00:00,20041.3,20093.9,19707.0,19804.5,190508.384
2022-09-18 16:00:00+00:00,19804.4,19869.9,19325.8,19404.5,240005.042
2022-09-19 00:00:00+00:00,19404.5,19507.0,18215.0,18459.6,339242.069
2022-09-19 08:00:00+00:00,18459.7,19424.4,18360.0,19071.1,378613.987
2022-09-19 16:00:00+00:00,19071.1,19686.3,18868.2,19528.6,275920.296
2022-09-20 00:00:00+00:00,19528.6,19625.0,19148.4,19349.9,186031.006
2022-09-20 08:00:00+00:00,19349.9,19417.6,18759.7,19225.6,345576.395
2022-09-20 16:00:00+00:00,19225.7,19316.7,18690.1,18866.8,263016.531
2022-09-21 00:00:00+00:00,18866.7,19123.0,18784.2,18938.8,140621.313
2022-09-21 08:00:00+00:00,18938.7,19476.2,18811.4,19182.5,283519.803
2022-09-21 16:00:00+00:00,19182.6,20154.1,18084.3,18447.5,743927.863
2022-09-22 00:00:00+00:00,18447.5,18962.1,18345.2,18923.8,219795.54
2022-09-22 08:00:00+00:00,18923.8,19310.0,18782.7,18975.5,386058.488
2022-09-22 16:00:00+00:00,18975.5,19504.8,18767.6,19392.5,247044.363
2022-09-23 00:00:00+00:00,19392.5,19492.0,19191.1,19216.4,133442.953
2022-09-23 08:00:00+00:00,19216.5,19265.4,18518.5,18704.4,392541.257
2022-09-23 16:00:00+00:00,18704.4,19398.0,18561.1,19280.7,312509.536
2022-09-24 00:00:00+00:00,19280.7,19304.5,18914.4,18985.6,132839.838
2022-09-24 08:00:00+00:00,18985.6,19217.0,18931.8,19115.2,128002.87
2022-09-24 16:00:00+00:00,19115.2,19187.8,18798.0,18911.0,116315.507
2022-09-25 00:00:00+00:00,18910.9,19121.9,18902.1,19089.2,79512.133
2022-09-25 08:00:00+00:00,19089.1,19196.0,18834.0,18978.3,141534.515
2022-09-25 16:00:00+00:00,18978.4,19115.9,18621.0,18799.7,189414.955
2022-09-26 00:00:00+00:00,18799.7,18939.7,18671.0,18902.3,179913.622
2022-09-26 08:00:00+00:00,18902.3,19311.5,18795.7,19103.9,426669.805
2022-09-26 16:00:00+00:00,19103.8,19255.0,18958.6,19216.3,171224.091
2022-09-27 00:00:00+00:00,19216.3,20368.0,19182.0,20174.2,415877.236
2022-09-27 08:00:00+00:00,20174.2,20375.0,19860.4,19885.3,329801.112
2022-09-27 16:00:00+00:00,19885.3,19948.1,18801.5,19070.1,554887.81
2022-09-28 00:00:00+00:00,19070.1,19228.3,18460.0,18770.6,306540.991
2022-09-28 08:00:00+00:00,18770.5,19496.6,18558.6,19477.9,506509.308
2022-09-28 16:00:00+00:00,19477.9,19787.6,19250.0,19407.3,328172.473
2022-09-29 00:00:00+00:00,19407.4,19620.0,19259.4,19353.1,208264.861
2022-09-29 08:00:00+00:00,19353.2,19537.0,18827.2,19280.7,470242.191
2022-09-29 16:00:00+00:00,19280.7,19648.8,19114.2,19582.5,313171.172
2022-09-30 00:00:00+00:00,19582.5,19698.6,19305.0,19560.8,182672.728
2022-09-30 08:00:00+00:00,19560.8,20172.7,19066.0,19749.4,531353.734
2022-09-30 16:00:00+00:00,19749.5,19865.2,19222.9,19411.7,357436.472
2022-10-01 00:00:00+00:00,19411.6,19474.0,19254.9,19305.5,95277.299
2022-10-01 08:00:00+00:00,19305.5,19396.5,19140.0,19322.8,116615.295
2022-10-01 16:00:00+00:00,19322.9,19345.0,19190.4,19304.0,82564.415
2022-10-02 00:00:00+00:00,19304.0,19389.0,19213.6,19276.5,83807.562
2022-10-02 08:00:00+00:00,19276.5,19292.9,19025.0,19137.5,157713.021
2022-10-02 16:00:00+00:00,19137.1,19339.2,18896.0,19049.4,173449.868
2022-10-03 00:00:00+00:00,19049.3,19309.9,18950.8,19190.0,152934.768
2022-10-03 08:00:00+00:00,19190.0,19489.9,19116.3,19329.9,252036.204
2022-10-03 16:00:00+00:00,19330.0,19723.7,19300.1,19622.0,216845.357
2022-10-04 00:00:00+00:00,19621.9,19969.5,19480.1,19957.0,193146.287
2022-10-04 08:00:00+00:00,19957.0,20300.0,19805.4,20092.2,352424.007
2022-10-04 16:00:00+00:00,20092.2,20500.0,19871.0,20333.0,251108.468
2022-10-05 00:00:00+00:00,20332.9,20356.1,20071.1,20218.9,129040.685
2022-10-05 08:00:00+00:00,20218.8,20236.9,19707.0,19994.6,327684.794
2022-10-05 16:00:00+00:00,19994.6,20350.0,19946.0,20150.0,262851.67
2022-10-06 00:00:00+00:00,20149.9,20443.9,20134.6,20214.7,224627.504
2022-10-06 08:00:00+00:00,20214.7,20322.0,19867.5,20004.4,370259.434
2022-10-06 16:00:00+00:00,20004.3,20264.1,19843.3,19954.0,187147.731
2022-10-07 00:00:00+00:00,19954.0,20046.0,19800.0,19916.8,111612.985
2022-10-07 08:00:00+00:00,19916.7,20067.0,19454.2,19574.1,379098.285
2022-10-07 16:00:00+00:00,19574.1,19635.7,19304.4,19520.9,182695.832
2022-10-08 00:00:00+00:00,19520.9,19619.6,19416.3,19489.8,72772.434
2022-10-08 08:00:00+00:00,19489.8,19539.3,19411.0,19480.0,70947.634
2022-10-08 16:00:00+00:00,19479.9,19522.8,19200.0,19406.2,109537.133
2022-10-09 00:00:00+00:00,19406.3,19444.2,19310.0,19398.2,67052.546
2022-10-09 08:00:00+00:00,19398.3,19550.0,19365.0,19524.5,104857.888
2022-10-09 16:00:00+00:00,19524.5,19543.0,19333.0,19430.0,95268.361
2022-10-10 00:00:00+00:00,19430.0,19513.0,19361.0,19401.3,85574.375
2022-10-10 08:00:00+00:00,19401.3,19430.0,19113.7,19261.7,274526.258
2022-10-10 16:00:00+00:00,19261.7,19355.5,19000.0,19124.0,200820.271
2022-10-11 00:00:00+00:00,19124.1,19125.7,18935.7,19075.1,169367.682
2022-10-11 08:00:00+00:00,19075.1,19260.0,18850.0,19137.6,293162.593
2022-10-11 16:00:00+00:00,19137.6,19175.7,18910.3,19055.0,140828.049
2022-10-12 00:00:00+00:00,19055.0,19193.9,19019.8,19103.4,109776.238
2022-10-12 08:00:00+00:00,19103.4,19190.0,18924.3,19130.5,194006.186
2022-10-12 16:00:00+00:00,19130.6,19240.0,19030.6,19148.0,102987.864
2022-10-13 00:00:00+00:00,19148.1,19166.7,18945.0,19000.1,114350.541
2022-10-13 08:00:00+00:00,19000.0,19043.7,17917.8,18947.7,667689.712
2022-10-13 16:00:00+00:00,18947.7,19498.6,18892.8,19365.5,322574.748
2022-10-14 00:00:00+00:00,19365.4,19947.9,19330.1,19633.2,277332.712
2022-10-14 08:00:00+00:00,19633.2,19843.5,19300.0,19352.9,380783.64
2022-10-14 16:00:00+00:00,19352.9,19395.0,19059.6,19164.6,203336.858
2022-10-15 00:00:00+00:00,19164.6,19218.8,19120.2,19159.0,53637.542
2022-10-15 08:00:00+00:00,19159.1,19188.0,19027.3,19119.5,106751.381
2022-10-15 16:00:00+00:00,19119.5,19154.9,18966.0,19060.4,81131.262
2022-10-16 00:00:00+00:00,19060.4,19159.7,19058.0,19124.2,47035.713
2022-10-16 08:00:00+00:00,19124.1,19188.0,19080.0,19148.6,66615.681
2022-10-16 16:00:00+00:00,19148.7,19415.9,19092.0,19251.9,154269.798
2022-10-17 00:00:00+00:00,19251.8,19311.6,19148.0,19285.0,86298.777
2022-10-17 08:00:00+00:00,19285.0,19666.0,19237.0,19524.5,294597.684
2022-10-17 16:00:00+00:00,19524.4,19618.9,19430.4,19540.6,121423.298
2022-10-18 00:00:00+00:00,19540.7,19706.4,19475.9,19655.8,133125.987
2022-10-18 08:00:00+00:00,19655.8,19674.0,19275.0,19364.1,276174.787
2022-10-18 16:00:00+00:00,19364.1,19434.4,19081.0,19320.9,225042.38
2022-10-19 00:00:00+00:00,19320.9,19349.8,19136.0,19210.0,100305.204
2022-10-19 08:00:00+00:00,19210.0,19300.0,19050.0,19259.8,190275.796
2022-10-19 16:00:00+00:00,19259.8,19271.3,19070.8,19116.7,113789.458
2022-10-20 00:00:00+00:00,19116.6,19199.6,18882.4,19138.0,153932.929
2022-10-20 08:00:00+00:00,19138.0,19350.0,19098.0,19244.3,186089.594
2022-10-20 16:00:00+00:00,19244.2,19244.3,18912.4,19034.7,197604.525
2022-10-21 00:00:00+00:00,19034.8,19126.8,18982.2,19019.4,81268.616
2022-10-21 08:00:00+00:00,19019.4,19170.0,18600.0,19158.7,351814.935
2022-10-21 16:00:00+00:00,19158.6,19240.0,19080.0,19150.9,148795.354
2022-10-22 00:00:00+00:00,19151.0,19175.6,19103.5,19155.3,42726.427
2022-10-22 08:00:00+00:00,19155.2,19250.0,19128.4,19223.7,73355.001
2022-10-22 16:00:00+00:00,19223.8,19236.8,19122.0,19195.1,57973.614
2022-10-23 00:00:00+00:00,19195.1,19214.0,19136.0,19151.6,47850.216
2022-10-23 08:00:00+00:00,19151.6,19204.9,19050.0,19180.6,76335.35
2022-10-23 16:00:00+00:00,19180.6,19690.0,19160.3,19560.7,234425.976
2022-10-24 00:00:00+00:00,19560.6,19593.3,19235.4,19318.4,166662.665
2022-10-24 08:00:00+00:00,19318.4,19439.8,19146.0,19291.7,213901.88
2022-10-24 16:00:00+00:00,19291.8,19415.2,19215.4,19318.1,96111.991
2022-10-25 00:00:00+00:00,19318.1,19369.0,19242.2,19296.9,73392.456
2022-10-25 08:00:00+00:00,19296.9,19799.9,19228.0,19740.3,264983.819
2022-10-25 16:00:00+00:00,19740.3,20415.0,19711.9,20068.3,438930.259
2022-10-26 00:00:00+00:00,20068.3,20368.3,20041.1,20333.7,151004.292
2022-10-26 08:00:00+00:00,20333.6,21030.0,20270.0,20835.7,486967.001
2022-10-26 16:00:00+00:00,20835.6,20985.4,20631.7,20758.3,203893.689
2022-10-27 00:00:00+00:00,20758.4,20863.7,20561.5,20703.6,113630.635
2022-10-27 08:00:00+00:00,20703.6,20773.1,20420.0,20554.0,286772.862
2022-10-27 16:00:00+00:00,20554.1,20670.0,20170.0,20285.5,214506.548
2022-10-28 00:00:00+00:00,20285.6,20326.9,20050.1,20069.9,144547.005
2022-10-28 08:00:00+00:00,20069.9,20585.0,19951.0,20473.2,297337.908
2022-10-28 16:00:00+00:00,20473.2,20740.0,20438.8,20582.8,153653.969
2022-10-29 00:00:00+00:00,20582.7,20822.6,20547.8,20765.7,107536.741
2022-10-29 08:00:00+00:00,20765.8,21088.0,20637.0,20913.2,262156.636
2022-10-29 16:00:00+00:00,20913.2,20974.9,20696.0,20796.7,112523.793
2022-10-30 00:00:00+00:00,20796.7,20925.2,20694.6,20842.5,71178.178
2022-10-30 08:00:00+00:00,20841.8,20876.0,20607.1,20667.6,130739.069
2022-10-30 16:00:00+00:00,20667.7,20739.4,20503.0,20615.6,93472.443
2022-10-31 00:00:00+00:00,20615.5,20664.3,20416.0,20537.2,95485.833
2022-10-31 08:00:00+00:00,20537.2,20838.7,20225.4,20390.4,278346.698
2022-10-31 16:00:00+00:00,20390.5,20523.5,20318.5,20482.0,104964.735
2022-11-01 00:00:00+00:00,20482.1,20649.0,20429.6,20590.2,89484.455
2022-11-01 08:00:00+00:00,20590.2,20687.0,20320.0,20435.6,162614.011
2022-11-01 16:00:00+00:00,20435.6,20511.0,20366.8,20472.1,62577.721
2022-11-02 00:00:00+00:00,20472.1,20550.0,20343.4,20414.2,85248.557
2022-11-02 08:00:00+00:00,20414.2,20529.9,20323.0,20400.2,105704.544
2022-11-02 16:00:00+00:00,20400.2,20796.0,20050.0,20140.1,460582.66
2022-11-03 00:00:00+00:00,20140.2,20400.0,20111.0,20293.8,107342.382
2022-11-03 08:00:00+00:00,20293.7,20329.9,20026.0,20241.0,199704.316
2022-11-03 16:00:00+00:00,20241.1,20304.8,20149.2,20199.7,65074.363
2022-11-04 00:00:00+00:00,20199.8,20677.0,20171.6,20603.3,142360.117
2022-11-04 08:00:00+00:00,20603.3,21297.0,20350.0,20829.3,447031.688
2022-11-04 16:00:00+00:00,20829.2,21200.0,20660.0,21137.6,235123.41
2022-11-05 00:00:00+00:00,21137.6,21473.7,21071.1,21374.4,128781.019
2022-11-05 08:00:00+00:00,21374.4,21426.0,21202.8,21289.7,121511.476
2022-11-05 16:00:00+00:00,21289.7,21373.1,21227.0,21289.9,53690.877
2022-11-06 00:00:00+00:00,21289.8,21355.8,21133.8,21185.3,70501.386
2022-11-06 08:00:00+00:00,21185.2,21301.0,21166.1,21233.7,78012.635
2022-11-06 16:00:00+00:00,21233.8,21272.3,20863.3,20900.0,128634.625
2022-11-07 00:00:00+00:00,20900.0,21062.6,20606.0,20628.1,209168.488
2022-11-07 08:00:00+00:00,20628.1,20808.4,20563.2,20756.2,179454.269
2022-11-07 16:00:00+00:00,20756.3,20885.6,20374.0,20578.6,165785.559
2022-11-08 00:00:00+00:00,20578.5,20664.4,19335.0,19785.6,428751.468
2022-11-08 08:00:00+00:00,19785.6,19787.7,19200.0,19513.8,293204.333
2022-11-08 16:00:00+00:00,19513.8,20685.0,16830.0,18534.0,1324520.512
2022-11-09 00:00:00+00:00,18533.9,18574.9,17976.4,18224.9,270142.689
2022-11-09 08:00:00+00:00,18225.0,18245.2,16884.0,17098.4,857385.948
2022-11-09 16:00:00+00:00,17096.8,17308.0,15462.6,15905.0,938077.775
2022-11-10 00:00:00+00:00,15905.0,16891.0,15730.0,16739.5,423485.21
2022-11-10 08:00:00+00:00,16739.5,17947.5,16250.2,17541.6,646539.712
2022-11-10 16:00:00+00:00,17541.6,18230.0,17101.0,17588.0,427068.68
2022-11-11 00:00:00+00:00,17588.0,17678.0,16880.0,17397.3,278962.44
2022-11-11 08:00:00+00:00,17397.3,17550.0,16343.0,16864.8,432897.262
2022-11-11 16:00:00+00:00,16864.7,17145.0,16528.1,17058.3,243484.9
2022-11-12 00:00:00+00:00,17058.4,17110.8,16623.8,16811.3,126691.18
2022-11-12 08:00:00+00:00,16811.4,16996.0,16716.6,16925.4,118873.361
2022-11-12 16:00:00+00:00,16925.5,16957.9,16752.3,16806.9,58891.176
2022-11-13 00:00:00+00:00,16806.9,16950.0,16550.0,16765.5,89199.254
2022-11-13 08:00:00+00:00,16765.4,16786.2,16413.8,16568.4,135647.595
2022-11-13 16:00:00+00:00,16568.4,16616.1,16210.3,16321.2,124895.987
2022-11-14 00:00:00+00:00,16321.3,16894.5,15805.5,16813.0,357290.137
2022-11-14 08:00:00+00:00,16813.1,17188.0,16405.2,16582.7,354664.092
2022-11-14 16:00:00+00:00,16582.6,16760.1,16165.6,16605.2,222438.255
2022-11-15 00:00:00+00:00,16605.3,16931.8,16516.7,16834.9,151364.668
2022-11-15 08:00:00+00:00,16834.9,17127.2,16695.0,16978.0,286590.617
2022-11-15 16:00:00+00:00,16977.7,17060.8,16606.0,16888.3,211394.173
2022-11-16 00:00:00+00:00,16888.3,17007.4,16756.7,16814.0,109659.656
2022-11-16 08:00:00+00:00,16814.1,16840.6,16358.0,16424.1,289676.62
2022-11-16 16:00:00+00:00,16424.4,16770.6,16391.7,16650.6,137905.369
2022-11-17 00:00:00+00:00,16650.7,16741.7,16403.3,16602.0,109986.647
2022-11-17 08:00:00+00:00,16602.0,16710.0,16420.2,16526.8,176333.212
2022-11-17 16:00:00+00:00,16526.7,16740.0,16508.8,16682.1,122669.426
2022-11-18 00:00:00+00:00,16682.1,16984.4,16672.0,16739.8,147664.279
2022-11-18 08:00:00+00:00,16739.7,16844.9,16600.0,16686.8,140920.092
2022-11-18 16:00:00+00:00,16686.7,16725.9,16541.1,16689.7,100028.471
2022-11-19 00:00:00+00:00,16689.7,16696.8,16543.8,16592.2,53802.826
2022-11-19 08:00:00+00:00,16592.2,16677.7,16574.1,16648.5,48520.641
2022-11-19 16:00:00+00:00,16648.5,16814.5,16600.1,16692.9,69499.448
2022-11-20 00:00:00+00:00,16693.0,16743.9,16658.8,16710.2,45838.489
2022-11-20 08:00:00+00:00,16710.1,16725.9,16454.2,16570.3,142735.617
2022-11-20 16:00:00+00:00,16570.4,16604.0,16167.1,16272.6,139025.108
2022-11-21 00:00:00+00:00,16272.7,16304.3,15888.0,16032.2,240314.797
2022-11-21 08:00:00+00:00,16032.1,16273.0,15955.2,16122.7,175058.362
2022-11-21 16:00:00+00:00,16122.6,16131.7,15443.2,15773.0,374846.206
2022-11-22 00:00:00+00:00,15772.9,15960.0,15610.3,15754.9,161681.159
2022-11-22 08:00:00+00:00,15754.9,16309.0,15653.8,16232.8,285745.047
2022-11-22 16:00:00+00:00,16232.8,16282.4,16040.0,16220.6,131907.438
2022-11-23 00:00:00+00:00,16220.5,16659.1,16155.5,16572.9,188167.927
2022-11-23 08:00:00+00:00,16572.9,16694.0,16338.0,16415.9,180403.275
2022-11-23 16:00:00+00:00,16415.9,16703.4,16313.1,16595.8,178143.708
2022-11-24 00:00:00+00:00,16595.8,16800.0,16528.0,16613.8,132270.351
2022-11-24 08:00:00+00:00,16613.8,16631.1,16450.0,16549.0,123300.867
2022-11-24 16:00:00+00:00,16548.9,16669.6,16506.7,16592.4,95453.2
2022-11-25 00:00:00+00:00,16592.5,16610.0,16331.7,16453.8,110304.743
2022-11-25 08:00:00+00:00,16453.7,16583.9,16400.0,16505.4,122168.929
2022-11-25 16:00:00+00:00,16505.3,16639.9,16451.0,16516.1,74086.444
2022-11-26 00:00:00+00:00,16516.2,16699.1,16505.2,16576.9,88233.389
2022-11-26 08:00:00+00:00,16576.9,16680.0,16471.5,16506.4,92840.807
2022-11-26 16:00:00+00:00,16506.4,16539.9,16369.1,16449.2,72327.463
2022-11-27 00:00:00+00:00,16449.2,16594.2,16441.0,16553.9,57181.261
2022-11-27 08:00:00+00:00,16553.9,16589.0,16505.5,16566.2,58360.766
2022-11-27 16:00:00+00:00,16566.3,16588.0,16396.0,16422.6,73828.318
2022-11-28 00:00:00+00:00,16422.5,16475.0,16040.0,16215.1,189304.665
2022-11-28 08:00:00+00:00,16215.1,16300.0,16101.6,16136.7,128278.652
2022-11-28 16:00:00+00:00,16136.7,16390.4,15984.1,16204.5,179554.552
2022-11-29 00:00:00+00:00,16204.6,16535.0,16088.0,16455.9,147251.174
2022-11-29 08:00:00+00:00,16456.0,16543.0,16312.6,16384.8,153294.953
2022-11-29 16:00:00+00:00,16384.9,16521.9,16335.1,16433.2,90864.727
2022-11-30 00:00:00+00:00,16433.3,17082.2,16421.5,16874.1,243148.816
2022-11-30 08:00:00+00:00,16874.1,16926.2,16750.8,16856.8,120430.691
2022-11-30 16:00:00+00:00,16856.8,17248.3,16700.0,17153.3,256745.443
2022-12-01 00:00:00+00:00,17153.4,17222.1,17054.0,17062.6,96222.678
2022-12-01 08:00:00+00:00,17062.5,17348.5,16887.1,16970.5,229435.764
2022-12-01 16:00:00+00:00,16970.5,16991.7,16851.2,16970.5,85392.867
2022-12-02 00:00:00+00:00,16970.5,17038.0,16852.4,16947.1,76623.441
2022-12-02 08:00:00+00:00,16947.0,17096.3,16760.0,16928.9,184411.983
2022-12-02 16:00:00+00:00,16928.9,17088.4,16894.0,17083.0,74003.791
2022-12-03 00:00:00+00:00,17083.0,17160.0,16915.7,16954.7,68597.253
2022-12-03 08:00:00+00:00,16954.7,16978.0,16881.4,16953.8,60547.984
2022-12-03 16:00:00+00:00,16953.9,16975.0,16850.1,16879.5,56112.005
2022-12-04 00:00:00+00:00,16879.5,17075.9,16874.1,16987.9,75430.204
2022-12-04 08:00:00+00:00,16987.9,17061.6,16892.0,17022.2,93891.931
2022-12-04 16:00:00+00:00,17022.2,17206.2,16965.1,17099.5,122768.733
2022-12-05 00:00:00+00:00,17099.5,17430.0,17068.0,17303.7,199733.135
2022-12-05 08:00:00+00:00,17303.7,17378.3,17010.0,17073.8,172074.19
2022-12-05 16:00:00+00:00,17073.8,17124.6,16860.6,16958.3,148154.065
2022-12-06 00:00:00+00:00,16958.2,17094.6,16949.1,16993.6,87126.611
2022-12-06 08:00:00+00:00,16993.7,17034.7,16899.9,16974.9,126663.957
2022-12-06 16:00:00+00:00,16974.9,17100.0,16901.6,17078.6,107540.045
2022-12-07 00:00:00+00:00,17078.7,17130.0,16719.1,16755.4,139678.801
2022-12-07 08:00:00+00:00,16755.4,16886.5,16655.0,16829.1,138977.951
2022-12-07 16:00:00+00:00,16829.1,16856.8,16768.5,16828.0,59122.173
2022-12-08 00:00:00+00:00,16828.0,16880.0,16772.5,16816.7,67245.178
2022-12-08 08:00:00+00:00,16816.8,16948.7,16710.4,16907.7,132478.722
2022-12-08 16:00:00+00:00,16907.7,17294.9,16901.0,17216.0,202433.435
2022-12-09 00:00:00+00:00,17216.0,17288.7,17179.1,17203.7,65790.81
2022-12-09 08:00:00+00:00,17203.7,17365.4,17060.0,17170.4,164127.982
2022-12-09 16:00:00+00:00,17170.3,17178.5,17052.0,17122.0,60312.391
2022-12-10 00:00:00+00:00,17122.0,17170.2,17106.5,17144.6,37513.133
2022-12-10 08:00:00+00:00,17144.5,17228.6,17105.0,17200.3,57253.839
2022-12-10 16:00:00+00:00,17200.3,17220.0,17081.0,17120.0,47128.235
2022-12-11 00:00:00+00:00,17120.1,17189.0,17114.0,17173.4,35458.532
2022-12-11 08:00:00+00:00,17173.4,17175.6,17121.0,17145.5,36589.682
2022-12-11 16:00:00+00:00,17145.5,17265.0,17060.0,17077.3,98955.897
2022-12-12 00:00:00+00:00,17077.3,17078.6,16865.0,16916.2,120648.519
2022-12-12 08:00:00+00:00,16916.2,17050.0,16895.5,16999.9,107822.785
2022-12-12 16:00:00+00:00,17000.0,17237.9,16973.9,17200.0,107384.954
2022-12-13 00:00:00+00:00,17200.0,17229.0,17076.0,17157.0,92554.63
2022-12-13 08:00:00+00:00,17156.9,18100.0,17146.7,17749.6,385630.372
2022-12-13 16:00:00+00:00,17749.5,17836.8,17617.9,17777.1,118666.289
2022-12-14 00:00:00+00:00,17777.1,17844.9,17734.8,17807.1,52985.592
2022-12-14 08:00:00+00:00,17807.1,18111.5,17784.0,18054.8,174825.349
2022-12-14 16:00:00+00:00,18054.8,18400.0,17659.4,17803.9,399700.758
2022-12-15 00:00:00+00:00,17804.0,17849.5,17560.0,17686.0,102311.444
2022-12-15 08:00:00+00:00,17685.9,17716.6,17355.0,17424.0,199328.409
2022-12-15 16:00:00+00:00,17424.0,17467.7,17258.0,17351.8,135644.184
2022-12-16 00:00:00+00:00,17351.9,17528.0,17338.3,17496.6,77191.529
2022-12-16 08:00:00+00:00,17496.6,17510.5,16870.6,16961.8,296126.791
2022-12-16 16:00:00+00:00,16961.8,16969.5,16521.1,16624.1,248831.925
2022-12-17 00:00:00+00:00,16624.1,16764.0,16571.8,16738.0,112086.668
2022-12-17 08:00:00+00:00,16737.9,16750.0,16633.1,16692.4,78824.877
2022-12-17 16:00:00+00:00,16692.3,16790.0,16639.0,16768.0,57553.728
2022-12-18 00:00:00+00:00,16768.1,16795.0,16695.7,16739.9,45942.628
2022-12-18 08:00:00+00:00,16739.9,16758.7,16656.0,16676.4,60621.841
2022-12-18 16:00:00+00:00,16676.4,16872.0,16670.0,16730.3,79333.744
2022-12-19 00:00:00+00:00,16730.4,16809.6,16620.4,16714.4,77816.331
2022-12-19 08:00:00+00:00,16714.5,16776.6,16656.4,16660.2,81607.607
2022-12-19 16:00:00+00:00,16660.3,16694.9,16210.0,16429.2,185304.614
2022-12-20 00:00:00+00:00,16429.2,16880.2,16390.3,16796.1,179909.893
2022-12-20 08:00:00+00:00,16796.2,17049.6,16684.0,16910.9,179035.713
2022-12-20 16:00:00+00:00,16910.8,16927.5,16763.6,16887.2,117225.492
2022-12-21 00:00:00+00:00,16887.3,16918.2,16761.2,16809.2,61063.637
2022-12-21 08:00:00+00:00,16809.1,16924.2,16694.2,16854.6,104002.869
2022-12-21 16:00:00+00:00,16854.6,16858.6,16717.0,16819.6,62685.829
2022-12-22 00:00:00+00:00,16819.7,16852.8,16778.0,16820.0,40013.034
2022-12-22 08:00:00+00:00,16820.0,16861.9,16600.0,16631.5,126236.807
2022-12-22 16:00:00+00:00,16631.5,16849.4,16556.1,16815.5,140361.12
2022-12-23 00:00:00+00:00,16815.5,16895.0,16764.0,16842.0,65101.927
2022-12-23 08:00:00+00:00,16842.0,16960.0,16690.0,16825.9,154472.624
2022-12-23 16:00:00+00:00,16826.0,16852.5,16762.5,16776.4,44978.869
2022-12-24 00:00:00+00:00,16776.3,16850.0,16774.4,16840.3,31293.759
2022-12-24 08:00:00+00:00,16840.2,16841.0,16807.7,16830.2,25483.777
2022-12-24 16:00:00+00:00,16830.3,16859.9,16803.6,16828.9,25633.254
2022-12-25 00:00:00+00:00,16829.0,16844.0,16788.0,16816.8,21381.824
2022-12-25 08:00:00+00:00,16816.7,16850.0,16700.0,16784.1,68694.585
2022-12-25 16:00:00+00:00,16784.2,16840.2,16723.6,16824.4,53999.434
2022-12-26 00:00:00+00:00,16824.5,16919.8,16813.2,16836.6,53359.892
2022-12-26 08:00:00+00:00,16836.7,16863.0,16781.1,16801.2,46783.395
2022-12-26 16:00:00+00:00,16801.1,16936.8,16792.0,16912.9,47985.412
2022-12-27 00:00:00+00:00,16912.8,16968.0,16830.0,16859.6,57915.807
2022-12-27 08:00:00+00:00,16859.6,16874.8,16723.2,16790.7,97465.795
2022-12-27 16:00:00+00:00,16790.7,16795.4,16580.0,16698.2,107446.962
2022-12-28 00:00:00+00:00,16698.2,16745.0,16541.0,16639.0,98705.76
2022-12-28 08:00:00+00:00,16639.1,16778.3,16560.7,16571.3,123460.855
2022-12-28 16:00:00+00:00,16571.3,16660.0,16455.6,16539.0,122483.243
2022-12-29 00:00:00+00:00,16538.9,16588.6,16485.1,16553.0,56391.277
2022-12-29 08:00:00+00:00,16553.0,16659.0,16514.6,16610.1,92904.756
2022-12-29 16:00:00+00:00,16610.1,16649.0,16551.0,16630.3,59295.498
2022-12-30 00:00:00+00:00,16630.3,16641.1,16410.0,16467.5,82614.923
2022-12-30 08:00:00+00:00,16467.6,16568.5,16320.0,16547.7,143403.206
2022-12-30 16:00:00+00:00,16547.7,16666.6,16510.0,16601.2,69612.361
2022-12-31 00:00:00+00:00,16601.2,16611.5,16530.0,16564.4,31256.506
2022-12-31 08:00:00+00:00,16564.4,16640.0,16538.0,16586.0,56309.244
2022-12-31 16:00:00+00:00,16586.1,16609.3,16461.8,16537.6,46896.406
2023-01-01 00:00:00+00:00,16537.5,16557.1,16488.0,16519.6,32204.874
2023-01-01 08:00:00+00:00,16519.5,16565.9,16496.8,16553.1,30660.16
2023-01-01 16:00:00+00:00,16553.0,16618.8,16552.6,16610.3,42637.931
2023-01-02 00:00:00+00:00,16610.4,16767.8,16541.2,16712.5,89977.218
2023-01-02 08:00:00+00:00,16712.6,16764.0,16665.0,16729.2,73411.867
2023-01-02 16:00:00+00:00,16729.2,16799.0,16650.0,16666.0,51772.091
2023-01-03 00:00:00+00:00,16665.9,16774.0,16639.5,16723.1,51449.818
2023-01-03 08:00:00+00:00,16723.1,16764.9,16610.0,16670.8,95819.672
2023-01-03 16:00:00+00:00,16670.9,16688.2,16600.3,16667.2,55800.715
2023-01-04 00:00:00+00:00,16667.3,16904.4,16645.7,16862.5,114963.808
2023-01-04 08:00:00+00:00,16862.5,16913.6,16759.3,16846.5,95156.339
2023-01-04 16:00:00+00:00,16846.5,16984.6,16766.0,16842.1,139627.691
2023-01-05 00:00:00+00:00,16842.2,16869.0,16782.4,16816.1,36055.815
2023-01-05 08:00:00+00:00,16816.1,16872.8,16740.4,16836.6,92044.533
2023-01-05 16:00:00+00:00,16836.7,16867.8,16794.0,16823.8,48268.999
2023-01-06 00:00:00+00:00,16823.8,16865.0,16773.0,16785.6,44926.238
2023-01-06 08:00:00+00:00,16785.6,16843.0,16664.8,16834.2,145824.731
2023-01-06 16:00:00+00:00,16834.1,17030.0,16801.6,16943.8,126222.66
2023-01-07 00:00:00+00:00,16943.9,16973.6,16915.8,16939.8,28600.179
2023-01-07 08:00:00+00:00,16939.8,16946.4,16900.1,16934.5,30187.808
2023-01-07 16:00:00+00:00,16934.5,16945.8,16910.4,16936.5,19185.118
2023-01-08 00:00:00+00:00,16936.5,16949.3,16905.0,16945.5,23065.376
2023-01-08 08:00:00+00:00,16945.5,17015.6,16912.7,16991.0,42584.705
2023-01-08 16:00:00+00:00,16990.9,17181.1,16910.2,17124.7,92067.237
2023-01-09 00:00:00+00:00,17124.6,17248.0,17098.2,17189.7,121058.978
2023-01-09 08:00:00+00:00,17189.8,17325.0,17180.0,17260.4,131128.76
2023-01-09 16:00:00+00:00,17260.4,17387.8,17118.3,17169.7,148090.071
2023-01-10 00:00:00+00:00,17169.6,17228.0,17140.4,17194.7,45739.459
2023-01-10 08:00:00+00:00,17194.6,17368.7,17181.2,17317.5,129847.98
2023-01-10 16:00:00+00:00,17317.6,17485.4,17273.3,17428.8,121732.932
2023-01-11 00:00:00+00:00,17428.8,17500.0,17360.0,17437.1,68302.052
2023-01-11 08:00:00+00:00,17437.1,17464.0,17306.4,17325.3,87309.964
2023-01-11 16:00:00+00:00,17325.2,18013.2,17320.3,17935.7,230665.09
2023-01-12 00:00:00+00:00,17935.6,18400.0,17902.4,18129.3,219343.598
2023-01-12 08:00:00+00:00,18129.2,18377.4,17907.3,18077.7,367947.0
2023-01-12 16:00:00+00:00,18077.6,19120.0,18045.7,18838.0,453044.162
2023-01-13 00:00:00+00:00,18838.1,18881.7,18711.0,18817.7,79420.692
2023-01-13 08:00:00+00:00,18817.7,19299.2,18801.4,19252.5,303183.638
2023-01-13 16:00:00+00:00,19252.6,19997.8,19053.0,19924.2,424203.502
2023-01-14 00:00:00+00:00,19924.3,21544.0,19882.6,20913.1,476564.249
2023-01-14 08:00:00+00:00,20913.0,21240.0,20257.3,20796.9,395806.002
2023-01-14 16:00:00+00:00,20796.9,21092.0,20670.7,20962.8,138296.432
2023-01-15 00:00:00+00:00,20962.8,21012.0,20556.0,20750.0,131419.701
2023-01-15 08:00:00+00:00,20750.1,21028.0,20581.4,20925.0,146324.976
2023-01-15 16:00:00+00:00,20925.0,21073.8,20670.0,20882.7,150741.882
2023-01-16 00:00:00+00:00,20882.7,21449.3,20780.2,21116.0,231232.328
2023-01-16 08:00:00+00:00,21116.0,21121.7,20606.6,21000.6,216127.752
2023-01-16 16:00:00+00:00,21000.6,21498.0,20921.0,21188.3,218788.121
2023-01-17 00:00:00+00:00,21188.2,21308.9,20827.8,21134.7,122062.831
2023-01-17 08:00:00+00:00,21134.8,21640.0,21024.3,21175.6,282830.525
2023-01-17 16:00:00+00:00,21175.7,21426.0,21080.3,21130.9,142497.237
2023-01-18 00:00:00+00:00,21130.8,21376.3,21103.6,21307.7,84775.356
2023-01-18 08:00:00+00:00,21307.8,21672.0,20810.0,21035.5,314570.738
2023-01-18 16:00:00+00:00,21035.5,21138.0,20386.0,20680.0,414439.423
2023-01-19 00:00:00+00:00,20680.1,20882.0,20659.9,20818.2,74261.749
2023-01-19 08:00:00+00:00,20818.2,20962.7,20661.0,20870.7,147482.482
2023-01-19 16:00:00+00:00,20870.8,21183.9,20786.8,21068.3,152989.386
2023-01-20 00:00:00+00:00,21068.3,21223.2,20856.4,20954.2,103446.827
2023-01-20 08:00:00+00:00,20954.1,21250.0,20895.4,21139.7,136784.695
2023-01-20 16:00:00+00:00,21139.7,22750.0,21136.1,22661.1,483413.678
2023-01-21 00:00:00+00:00,22661.0,22812.4,22422.0,22631.5,123926.508
2023-01-21 08:00:00+00:00,22631.6,23330.0,22555.0,22996.2,412040.344
2023-01-21 16:00:00+00:00,22996.2,23390.0,22670.0,22781.9,228714.248
2023-01-22 00:00:00+00:00,22781.8,22974.3,22600.2,22893.2,118725.944
2023-01-22 08:00:00+00:00,22893.2,23080.2,22631.1,22792.9,151397.352
2023-01-22 16:00:00+00:00,22793.0,22962.8,22287.0,22704.6,212406.515
2023-01-23 00:00:00+00:00,22704.7,22825.9,22596.8,22692.4,84286.431
2023-01-23 08:00:00+00:00,22692.4,23160.0,22500.0,22852.0,252765.375
2023-01-23 16:00:00+00:00,22852.1,23193.1,22653.0,22913.1,188751.034
2023-01-24 00:00:00+00:00,22913.3,23158.7,22863.3,23052.3,89433.771
2023-01-24 08:00:00+00:00,23052.3,23086.4,22677.9,22924.0,207039.699
2023-01-24 16:00:00+00:00,22924.0,23085.1,22450.0,22627.4,209142.346
2023-01-25 00:00:00+00:00,22627.5,22766.7,22310.5,22703.9,132737.087
2023-01-25 08:00:00+00:00,22703.9,22747.1,22327.2,22573.3,185473.605
2023-01-25 16:00:00+00:00,22573.4,23837.4,22508.1,23060.6,374575.915
2023-01-26 00:00:00+00:00,23060.6,23278.7,22885.7,22961.3,111726.688
2023-01-26 08:00:00+00:00,22961.3,23241.9,22843.8,22947.3,209597.573
2023-01-26 16:00:00+00:00,22947.2,23161.0,22850.0,23001.9,106436.525
2023-01-27 00:00:00+00:00,23001.9,23098.0,22516.6,23068.1,144892.571
2023-01-27 08:00:00+00:00,23068.1,23145.3,22830.0,22928.8,159915.857
2023-01-27 16:00:00+00:00,22928.8,23500.0,22919.0,23068.0,205111.879
2023-01-28 00:00:00+00:00,23068.1,23185.0,22942.9,22984.3,60099.473
2023-01-28 08:00:00+00:00,22984.3,23038.0,22870.8,23004.7,86128.404
2023-01-28 16:00:00+00:00,23004.6,23050.6,22935.1,23015.9,40173.066
2023-01-29 00:00:00+00:00,23016.0,23520.0,22961.5,23200.4,152364.833
2023-01-29 08:00:00+00:00,23200.4,23680.0,23151.0,23522.7,203293.961
2023-01-29 16:00:00+00:00,23522.7,23962.7,23473.7,23740.3,206369.437
2023-01-30 00:00:00+00:00,23740.2,23804.6,23568.0,23648.1,86441.541
2023-01-30 08:00:00+00:00,23648.0,23678.6,22930.0,23178.6,292831.191
2023-01-30 16:00:00+00:00,23178.6,23247.0,22484.2,22819.9,193264.675
2023-01-31 00:00:00+00:00,22819.9,22980.0,22715.3,22967.7,89349.875
2023-01-31 08:00:00+00:00,22967.7,23200.0,22803.0,23113.9,159414.685
2023-01-31 16:00:00+00:00,23114.0,23330.0,22804.0,23119.4,154962.406
2023-02-01 00:00:00+00:00,23119.5,23177.7,22988.0,23071.0,74085.484
2023-02-01 08:00:00+00:00,23070.9,23143.6,22911.3,22975.7,121816.706
2023-02-01 16:00:00+00:00,22975.6,23852.4,22747.0,23730.0,375527.521
2023-02-02 00:00:00+00:00,23730.1,24281.4,23660.0,23787.0,185791.59
2023-02-02 08:00:00+00:00,23787.0,23950.0,23520.0,23843.3,187079.53
2023-02-02 16:00:00+00:00,23843.4,24149.0,23365.0,23493.1,242869.218
2023-02-03 00:00:00+00:00,23493.0,23592.0,23412.0,23457.1,79444.327
2023-02-03 08:00:00+00:00,23457.1,23712.7,23222.0,23601.1,247654.918
2023-02-03 16:00:00+00:00,23601.1,23719.9,23201.0,23424.7,143732.193
2023-02-04 00:00:00+00:00,23424.7,23464.0,23250.0,23322.4,54485.905
2023-02-04 08:00:00+00:00,23322.4,23591.4,23288.3,23420.1,89792.622
2023-02-04 16:00:00+00:00,23420.1,23474.4,23258.0,23322.6,52839.866
2023-02-05 00:00:00+00:00,23322.6,23436.0,23211.0,23377.0,54444.238
2023-02-05 08:00:00+00:00,23377.0,23418.7,23000.0,23094.2,123618.795
2023-02-05 16:00:00+00:00,23094.2,23155.5,22741.0,22929.2,178602.001
2023-02-06 00:00:00+00:00,22929.3,23094.0,22600.0,22873.0,100743.77
2023-02-06 08:00:00+00:00,22873.1,23054.9,22733.9,23040.5,143302.592
2023-02-06 16:00:00+00:00,23040.5,23159.4,22622.1,22757.7,173113.781
2023-02-07 00:00:00+00:00,22757.8,22977.8,22742.4,22905.6,67368.815
2023-02-07 08:00:00+00:00,22905.5,23061.0,22854.8,22898.8,101310.304
2023-02-07 16:00:00+00:00,22898.9,23368.6,22762.0,23234.1,278594.375
2023-02-08 00:00:00+00:00,23234.1,23450.0,23173.7,23226.9,73826.129
2023-02-08 08:00:00+00:00,23227.0,23232.2,22849.9,22862.4,135683.607
2023-02-08 16:00:00+00:00,22862.4,23029.9,22662.9,22955.9,173955.745
2023-02-09 00:00:00+00:00,22955.9,23007.8,22341.1,22668.7,198792.904
2023-02-09 08:00:00+00:00,22668.8,22840.0,22550.0,22603.8,154912.651
2023-02-09 16:00:00+00:00,22603.8,22614.7,21684.7,21793.4,378589.795
2023-02-10 00:00:00+00:00,21793.3,21933.8,21595.8,21901.9,114403.892
2023-02-10 08:00:00+00:00,21902.0,21917.8,21484.0,21649.0,168963.921
2023-02-10 16:00:00+00:00,21648.9,21794.4,21405.0,21618.6,156618.684
2023-02-11 00:00:00+00:00,21618.6,21718.8,21594.4,21681.9,52207.618
2023-02-11 08:00:00+00:00,21681.9,21770.0,21646.6,21727.0,54128.401
2023-02-11 16:00:00+00:00,21726.9,21891.9,21600.0,21851.3,82913.648
2023-02-12 00:00:00+00:00,21851.2,21874.7,21752.9,21788.2,37696.24
2023-02-12 08:00:00+00:00,21788.2,22000.5,21750.0,21931.4,105240.24
2023-02-12 16:00:00+00:00,21931.4,22080.9,21618.0,21771.1,133850.613
2023-02-13 00:00:00+00:00,21771.0,21888.0,21606.0,21857.2,104594.975
2023-02-13 08:00:00+00:00,21857.1,21865.1,21410.0,21553.3,217189.952
2023-02-13 16:00:00+00:00,21553.3,21840.0,21338.0,21766.2,189810.766
2023-02-14 00:00:00+00:00,21766.1,21806.5,21670.8,21759.9,55579.485
2023-02-14 08:00:00+00:00,21760.0,22320.0,21485.2,22033.3,372855.906
2023-02-14 16:00:00+00:00,22033.4,22275.0,21910.2,22187.4,170356.118
2023-02-15 00:00:00+00:00,22187.4,22190.8,22038.5,22097.5,59476.333
2023-02-15 08:00:00+00:00,22097.4,22924.9,22075.9,22798.1,293225.434
2023-02-15 16:00:00+00:00,22798.0,24420.0,22730.1,24332.6,471974.704
2023-02-16 00:00:00+00:00,24332.7,24934.1,24287.0,24630.8,234622.983
2023-02-16 08:00:00+00:00,24630.8,25104.8,24312.0,25090.2,262821.467
2023-02-16 16:00:00+00:00,25090.2,25290.0,23518.0,23526.6,462018.709
2023-02-17 00:00:00+00:00,23526.6,23924.7,23350.0,23636.0,185342.665
2023-02-17 08:00:00+00:00,23635.9,24293.6,23520.0,24131.4,306485.798
2023-02-17 16:00:00+00:00,24131.3,25043.2,23916.0,24581.5,430888.685
2023-02-18 00:00:00+00:00,24581.3,24799.2,24430.6,24522.8,85105.032
2023-02-18 08:00:00+00:00,24522.7,24750.0,24436.4,24670.0,92420.264
2023-02-18 16:00:00+00:00,24670.0,24887.5,24516.7,24636.9,84030.26
2023-02-19 00:00:00+00:00,24636.8,24867.6,24553.6,24576.7,88068.018
2023-02-19 08:00:00+00:00,24576.6,25073.5,24556.9,24929.7,138248.607
2023-02-19 16:00:00+00:00,24929.7,25200.0,24179.4,24265.9,317190.003
2023-02-20 00:00:00+00:00,24265.9,24555.5,23827.0,24500.1,178483.38
2023-02-20 08:00:00+00:00,24500.1,25140.0,24361.2,24944.6,326784.237
2023-02-20 16:00:00+00:00,24944.7,24955.1,24585.1,24849.9,141133.455
2023-02-21 00:00:00+00:00,24849.9,25120.0,24787.2,25004.6,123437.998
2023-02-21 08:00:00+00:00,25004.6,25347.6,24388.0,24554.0,359416.001
2023-02-21 16:00:00+00:00,24554.0,24745.0,24150.0,24443.4,246436.576
2023-02-22 00:00:00+00:00,24443.3,24468.5,23851.5,24059.6,212866.504
2023-02-22 08:00:00+00:00,24059.5,24231.7,23621.0,23707.8,278280.843
2023-02-22 16:00:00+00:00,23707.5,24209.6,23572.0,24171.3,239266.754
2023-02-23 00:00:00+00:00,24171.3,24588.0,24115.0,24365.3,158280.214
2023-02-23 08:00:00+00:00,24365.2,24483.0,23590.0,23940.0,406408.297
2023-02-23 16:00:00+00:00,23940.0,24061.6,23711.5,23928.8,186650.903
2023-02-24 00:00:00+00:00,23928.7,24138.6,23754.0,23821.5,114903.161
2023-02-24 08:00:00+00:00,23821.6,24029.3,23310.5,23337.2,292004.516
2023-02-24 16:00:00+00:00,23337.1,23339.3,22800.0,23175.6,324670.265
2023-02-25 00:00:00+00:00,23175.5,23210.5,23010.1,23108.7,59527.025
2023-02-25 08:00:00+00:00,23108.7,23147.6,22845.6,22996.4,121222.236
2023-02-25 16:00:00+00:00,22996.4,23176.1,22700.0,23146.2,130046.387
2023-02-26 00:00:00+00:00,23146.2,23243.2,23050.0,23142.7,69843.501
2023-02-26 08:00:00+00:00,23142.8,23332.4,23102.8,23239.7,105695.043
2023-02-26 16:00:00+00:00,23239.8,23675.0,23130.0,23545.3,195856.512
2023-02-27 00:00:00+00:00,23545.2,23634.9,23331.0,23411.1,101456.789
2023-02-27 08:00:00+00:00,23411.1,23888.0,23320.0,23546.5,231810.251
2023-02-27 16:00:00+00:00,23546.5,23603.9,23088.0,23480.0,243487.926
2023-02-28 00:00:00+00:00,23480.0,23539.0,23210.0,23223.3,88158.599
2023-02-28 08:00:00+00:00,23223.4,23571.1,23190.2,23511.2,178207.281
2023-02-28 16:00:00+00:00,23511.1,23592.8,23010.0,23129.6,190553.958
2023-03-01 00:00:00+00:00,23129.7,23852.6,23008.4,23709.6,214614.269
2023-03-01 08:00:00+00:00,23709.6,24022.7,23558.0,23702.8,225449.833
2023-03-01 16:00:00+00:00,23702.9,23739.0,23281.6,23619.8,177186.209
2023-03-02 00:00:00+00:00,23619.8,23790.5,23325.0,23381.9,116175.033
2023-03-02 08:00:00+00:00,23381.8,23460.0,23183.0,23350.3,173353.971
2023-03-02 16:00:00+00:00,23350.3,23560.0,23222.1,23457.1,129727.597
2023-03-03 00:00:00+00:00,23457.1,23468.5,21883.2,22347.8,324167.284
2023-03-03 08:00:00+00:00,22347.8,22495.2,22120.1,22323.9,160377.995
2023-03-03 16:00:00+00:00,22324.0,22437.9,22126.0,22342.8,123972.858
2023-03-04 00:00:00+00:00,22342.8,22400.0,22262.2,22346.6,54008.349
2023-03-04 08:00:00+00:00,22346.6,22390.0,22292.9,22306.3,40161.045
2023-03-04 16:00:00+00:00,22306.2,22358.5,22147.5,22335.7,81139.817
2023-03-05 00:00:00+00:00,22335.8,22650.0,22174.9,22365.2,143620.231
2023-03-05 08:00:00+00:00,22365.2,22480.0,22302.0,22424.4,63689.491
2023-03-05 16:00:00+00:00,22424.5,22555.0,22310.0,22419.4,74952.023
2023-03-06 00:00:00+00:00,22419.3,22499.4,22240.1,22380.9,93157.078
2023-03-06 08:00:00+00:00,22380.9,22594.5,22345.3,22543.6,98955.302
2023-03-06 16:00:00+00:00,22543.6,22576.1,22307.9,22397.1,106864.017
2023-03-07 00:00:00+00:00,22397.1,22550.0,22364.2,22408.4,56719.726
2023-03-07 08:00:00+00:00,22408.5,22482.6,21908.0,22307.5,284344.281
2023-03-07 16:00:00+00:00,22307.6,22387.6,21929.0,22187.1,207430.092
2023-03-08 00:00:00+00:00,22187.1,22276.4,21800.0,21962.2,140685.182
2023-03-08 08:00:00+00:00,21962.2,22222.0,21880.0,22129.5,205432.776
2023-03-08 16:00:00+00:00,22129.6,22209.2,21540.5,21695.4,201750.009
2023-03-09 00:00:00+00:00,21695.3,21798.0,21616.5,21680.9,83838.631
2023-03-09 08:00:00+00:00,21680.9,21823.0,21511.1,21637.4,213861.864
2023-03-09 16:00:00+00:00,21637.4,21666.4,20003.5,20348.3,654202.865
2023-03-10 00:00:00+00:00,20348.4,20351.8,19752.0,19942.9,372592.136
2023-03-10 08:00:00+00:00,19943.0,20293.0,19521.6,19995.0,567322.71
2023-03-10 16:00:00+00:00,19995.0,20298.0,19815.6,20140.3,298220.419
2023-03-11 00:00:00+00:00,20140.3,20674.5,19812.2,19844.3,347705.708
2023-03-11 08:00:00+00:00,19844.4,20200.0,19752.5,20052.3,220408.578
2023-03-11 16:00:00+00:00,20052.3,20531.0,19968.3,20447.3,185365.272
2023-03-12 00:00:00+00:00,20447.3,20490.0,20262.2,20335.6,108930.64
2023-03-12 08:00:00+00:00,20335.6,20488.5,20270.0,20347.9,124823.558
2023-03-12 16:00:00+00:00,20347.8,22184.0,20332.5,21986.2,647768.204
2023-03-13 00:00:00+00:00,21986.2,22598.0,21856.0,22451.6,327678.691
2023-03-13 08:00:00+00:00,22451.5,24517.2,21804.0,24009.0,890118.574
2023-03-13 16:00:00+00:00,24009.0,24437.9,23777.0,24119.5,317184.911
2023-03-14 00:00:00+00:00,24119.5,24850.0,23990.0,24251.9,258692.815
2023-03-14 08:00:00+00:00,24252.3,26489.9,24121.7,25911.3,729192.613
2023-03-14 16:00:00+00:00,25911.3,26025.7,23951.0,24682.5,584677.207
2023-03-15 00:00:00+00:00,24682.5,25088.0,24318.0,24892.0,193552.187
2023-03-15 08:00:00+00:00,24892.0,25200.0,24266.0,24480.1,550643.466
2023-03-15 16:00:00+00:00,24480.0,24645.4,23888.0,24288.0,357860.776
2023-03-16 00:00:00+00:00,24287.9,24694.9,24120.5,24614.5,156563.632
2023-03-16 08:00:00+00:00,24614.5,25060.0,24370.0,24880.6,358579.122
2023-03-16 16:00:00+00:00,24880.7,25167.9,24590.9,24990.4,220304.192
2023-03-17 00:00:00+00:00,24990.5,26200.0,24875.3,26046.9,362116.216
2023-03-17 08:00:00+00:00,26046.9,26980.0,25912.5,26412.6,541280.01
2023-03-17 16:00:00+00:00,26412.7,27763.4,26250.0,27384.0,437762.838
2023-03-18 00:00:00+00:00,27383.9,27726.4,27050.0,27351.9,212956.975
2023-03-18 08:00:00+00:00,27351.9,27658.4,27037.0,27218.9,234972.633
2023-03-18 16:00:00+00:00,27218.9,27490.0,26555.5,26907.0,292302.708
2023-03-19 00:00:00+00:00,26907.0,27282.7,26815.9,26963.4,116932.247
2023-03-19 08:00:00+00:00,26963.4,27799.9,26868.7,27534.3,234478.53
2023-03-19 16:00:00+00:00,27533.7,28397.0,27456.0,27955.7,407956.301
2023-03-20 00:00:00+00:00,27955.8,28261.9,27120.6,28168.5,294086.154
2023-03-20 08:00:00+00:00,28168.5,28483.2,27570.0,27679.7,388087.173
2023-03-20 16:00:00+00:00,27679.7,28180.8,27445.0,27704.1,255050.121
2023-03-21 00:00:00+00:00,27704.1,27960.7,27288.0,27490.9,159650.276
2023-03-21 08:00:00+00:00,27490.9,28252.5,27382.5,28028.7,309863.676
2023-03-21 16:00:00+00:00,28028.7,28460.0,27902.0,28091.1,215973.762
2023-03-22 00:00:00+00:00,28091.1,28286.3,27930.0,28088.2,116898.018
2023-03-22 08:00:00+00:00,28088.2,28758.1,27962.1,28586.2,282620.035
2023-03-22 16:00:00+00:00,28586.1,28881.0,26590.0,27233.8,680875.217
2023-03-23 00:00:00+00:00,27233.8,27680.0,27101.0,27616.4,148383.831
2023-03-23 08:00:00+00:00,27616.3,28777.0,27267.0,28574.5,348002.641
2023-03-23 16:00:00+00:00,28574.6,28645.2,27757.1,28284.1,311787.575
2023-03-24 00:00:00+00:00,28284.0,28369.1,28078.4,28269.9,90058.173
2023-03-24 08:00:00+00:00,28270.0,28289.1,27312.5,27997.2,352700.931
2023-03-24 16:00:00+00:00,27997.2,28040.0,26960.0,27438.9,253316.266
2023-03-25 00:00:00+00:00,27439.0,27648.4,27360.0,27473.5,81531.579
2023-03-25 08:00:00+00:00,27473.5,27788.0,27302.0,27631.4,124060.435
2023-03-25 16:00:00+00:00,27631.4,27721.0,27131.8,27447.3,130082.041
2023-03-26 00:00:00+00:00,27447.2,27640.0,27400.0,27492.4,63603.359
2023-03-26 08:00:00+00:00,27492.4,28186.9,27460.9,27790.1,219940.994
2023-03-26 16:00:00+00:00,27790.1,28138.3,27590.6,27954.3,116212.632
2023-03-27 00:00:00+00:00,27954.3,28019.4,27650.0,27794.5,94352.744
2023-03-27 08:00:00+00:00,27794.5,27986.8,26480.0,26887.3,359938.132
2023-03-27 16:00:00+00:00,26887.3,27300.0,26838.8,27112.0,188143.946
2023-03-28 00:00:00+00:00,27112.0,27162.5,26800.0,26947.2,123427.087
2023-03-28 08:00:00+00:00,26947.3,27200.0,26610.0,26984.9,252283.78
2023-03-28 16:00:00+00:00,26984.8,27500.0,26720.3,27249.7,209369.905
2023-03-29 00:00:00+00:00,27249.7,28210.7,27223.6,28077.7,201131.194
2023-03-29 08:00:00+00:00,28077.8,28649.9,28025.5,28426.3,303448.843
2023-03-29 16:00:00+00:00,28426.4,28500.0,28119.5,28338.5,151272.934
2023-03-30 00:00:00+00:00,28338.6,29184.8,28066.0,28706.6,324802.813
2023-03-30 08:00:00+00:00,28706.5,28734.2,28146.4,28282.8,196036.807
2023-03-30 16:00:00+00:00,28282.8,28285.1,27654.1,28015.0,250126.48
2023-03-31 00:00:00+00:00,28015.0,28367.9,27500.0,27733.3,184769.081
2023-03-31 08:00:00+00:00,27733.3,28675.3,27670.0,28488.5,293518.408
2023-03-31 16:00:00+00:00,28488.6,28632.5,28250.1,28454.9,133269.801
2023-04-01 00:00:00+00:00,28454.8,28845.3,28328.0,28416.1,112537.083
2023-04-01 08:00:00+00:00,28416.1,28476.9,28180.0,28387.2,78536.636
2023-04-01 16:00:00+00:00,28387.2,28575.0,28259.2,28443.8,65413.503
2023-04-02 00:00:00+00:00,28443.7,28516.5,28340.0,28401.3,50891.772
2023-04-02 08:00:00+00:00,28401.3,28432.9,28022.0,28110.2,123361.801
2023-04-02 16:00:00+00:00,28110.1,28218.2,27820.0,28161.2,142405.097
2023-04-03 00:00:00+00:00,28161.3,28171.3,27552.4,27946.5,151804.932
2023-04-03 08:00:00+00:00,27946.5,28540.0,27933.0,28032.5,311627.19
2023-04-03 16:00:00+00:00,28034.1,28230.0,27166.0,27786.1,278233.441
2023-04-04 00:00:00+00:00,27786.1,28141.6,27650.2,28013.2,115247.957
2023-04-04 08:00:00+00:00,28013.2,28450.0,27909.3,28011.7,219965.575
2023-04-04 16:00:00+00:00,28011.7,28300.0,27952.8,28155.2,97157.08
2023-04-05 00:00:00+00:00,28155.1,28800.0,28085.8,28515.7,164107.058
2023-04-05 08:00:00+00:00,28515.7,28741.0,27830.1,28014.9,246022.814
2023-04-05 16:00:00+00:00,28015.0,28300.0,27775.0,28154.0,133582.966
2023-04-06 00:00:00+00:00,28154.0,28166.7,27855.0,27896.8,94671.496
2023-04-06 08:00:00+00:00,27896.7,28175.0,27684.2,28079.3,181394.781
2023-04-06 16:00:00+00:00,28079.3,28156.2,27873.5,28022.8,79850.505
2023-04-07 00:00:00+00:00,28022.9,28096.0,27755.0,27822.0,71919.945
2023-04-07 08:00:00+00:00,27822.1,27981.1,27772.6,27930.2,106885.399
2023-04-07 16:00:00+00:00,27930.2,27975.0,27822.9,27890.7,40444.834
2023-04-08 00:00:00+00:00,27890.7,28153.6,27850.1,28073.8,64899.06
2023-04-08 08:00:00+00:00,28073.8,28107.7,27925.1,28004.3,45853.95
2023-04-08 16:00:00+00:00,28004.3,28010.5,27855.0,27924.9,48376.55
2023-04-09 00:00:00+00:00,27924.9,28078.1,27820.0,27888.2,77730.99
2023-04-09 08:00:00+00:00,27888.2,27960.0,27762.8,27873.6,67000.835
2023-04-09 16:00:00+00:00,27873.6,28539.1,27860.3,28309.4,161130.055
2023-04-10 00:00:00+00:00,28309.4,28420.0,28180.0,28278.2,71616.066
2023-04-10 08:00:00+00:00,28278.3,28590.0,28153.6,28427.7,125671.074
2023-04-10 16:00:00+00:00,28427.7,29840.0,28368.9,29623.1,382774.785
2023-04-11 00:00:00+00:00,29623.1,30491.0,29573.9,30095.3,278202.483
2023-04-11 08:00:00+00:00,30095.3,30280.0,29938.9,30179.4,170725.763
2023-04-11 16:00:00+00:00,30179.5,30564.0,29896.0,30185.1,180050.245
2023-04-12 00:00:00+00:00,30185.1,30350.0,29811.0,29979.4,141292.158
2023-04-12 08:00:00+00:00,29979.5,30480.0,29620.0,29948.0,304263.078
2023-04-12 16:00:00+00:00,29948.0,30087.7,29736.0,29875.0,118113.194
2023-04-13 00:00:00+00:00,29874.9,30270.0,29836.7,30054.1,81298.268
2023-04-13 08:00:00+00:00,30054.0,30648.9,30025.7,30422.5,239374.281
2023-04-13 16:00:00+00:00,30422.6,30539.7,30185.0,30362.7,115509.945
2023-04-14 00:00:00+00:00,30362.7,31059.0,30293.0,30739.9,238836.108
2023-04-14 08:00:00+00:00,30739.9,30840.0,30080.1,30226.7,225695.32
2023-04-14 16:00:00+00:00,30226.7,30500.0,29925.0,30453.1,150860.187
2023-04-15 00:00:00+00:00,30453.0,30599.9,30270.0,30416.6,61449.948
2023-04-15 08:00:00+00:00,30416.6,30460.0,30270.7,30319.9,57780.681
2023-04-15 16:00:00+00:00,30319.9,30350.0,30186.0,30280.4,61003.453
2023-04-16 00:00:00+00:00,30280.4,30397.4,30102.0,30330.8,47812.16
2023-04-16 08:00:00+00:00,30330.8,30363.2,30142.5,30324.7,63168.661
2023-04-16 16:00:00+00:00,30324.7,30560.0,30170.9,30286.6,99245.198
2023-04-17 00:00:00+00:00,30286.6,30307.4,29714.1,29831.1,144858.488
2023-04-17 08:00:00+00:00,29831.2,29913.6,29219.9,29346.5,225771.358
2023-04-17 16:00:00+00:00,29346.5,29565.0,29316.3,29420.0,84888.702
2023-04-18 00:00:00+00:00,29420.1,29790.0,29078.1,29756.8,125537.899
2023-04-18 08:00:00+00:00,29756.8,30480.0,29678.2,30170.2,264160.768
2023-04-18 16:00:00+00:00,30170.1,30450.0,29927.6,30365.8,143490.603
2023-04-19 00:00:00+00:00,30365.8,30410.0,29960.0,30064.8,99963.755
2023-04-19 08:00:00+00:00,30064.7,30067.1,28800.0,29247.9,323041.461
2023-04-19 16:00:00+00:00,29248.0,29357.2,28557.3,28795.1,220860.894
2023-04-20 00:00:00+00:00,28795.0,29078.0,28520.2,28857.7,150860.713
2023-04-20 08:00:00+00:00,28857.7,28940.0,28300.0,28492.3,232483.022
2023-04-20 16:00:00+00:00,28492.4,28650.0,27983.0,28229.9,255835.551
2023-04-21 00:00:00+00:00,28229.9,28368.9,27800.0,28142.3,178191.251
2023-04-21 08:00:00+00:00,28142.4,28300.0,27904.4,28032.8,207509.123
2023-04-21 16:00:00+00:00,28032.8,28086.4,27100.0,27252.5,302132.459
2023-04-22 00:00:00+00:00,27252.6,27387.8,27126.0,27268.4,81804.539
2023-04-22 08:00:00+00:00,27268.4,27556.1,27166.0,27477.1,125093.407
2023-04-22 16:00:00+00:00,27477.1,27888.0,27470.5,27807.2,138651.075
2023-04-23 00:00:00+00:00,27807.2,27807.3,27390.3,27704.6,99270.618
2023-04-23 08:00:00+00:00,27704.7,27760.0,27279.7,27460.2,120422.179
2023-04-23 16:00:00+00:00,27460.2,27679.6,27307.0,27576.0,112389.558
2023-04-24 00:00:00+00:00,27575.9,28000.0,27331.0,27440.8,165455.837
2023-04-24 08:00:00+00:00,27440.9,27700.0,27140.0,27256.0,236934.15
2023-04-24 16:00:00+00:00,27255.9,27577.0,26919.3,27497.5,178878.281
2023-04-25 00:00:00+00:00,27497.4,27583.6,27222.7,27252.3,89189.928
2023-04-25 08:00:00+00:00,27252.4,27466.0,27176.6,27329.5,141503.419
2023-04-25 16:00:00+00:00,27329.5,28379.9,27302.4,28286.7,277561.168
2023-04-26 00:00:00+00:00,28286.7,28588.0,28232.8,28365.0,134210.907
2023-04-26 08:00:00+00:00,28364.9,30048.2,28357.1,29803.0,519847.237
2023-04-26 16:00:00+00:00,29803.1,29899.0,27200.0,28395.9,630866.524
2023-04-27 00:00:00+00:00,28396.0,29480.0,28365.3,28880.0,344282.226
2023-04-27 08:00:00+00:00,28880.1,29600.0,28650.0,29136.7,304900.893
2023-04-27 16:00:00+00:00,29136.6,29898.0,29001.0,29459.0,303401.62
2023-04-28 00:00:00+00:00,29459.0,29591.1,29314.9,29473.9,128249.091
2023-04-28 08:00:00+00:00,29473.8,29493.7,28870.0,29133.9,256775.848
2023-04-28 16:00:00+00:00,29134.0,29433.4,29080.3,29300.0,123325.216
2023-04-29 00:00:00+00:00,29300.0,29443.9,29180.0,29333.9,76706.155
2023-04-29 08:00:00+00:00,29333.8,29385.0,29200.2,29258.1,73819.144
2023-04-29 16:00:00+00:00,29258.0,29300.0,29000.4,29212.7,67487.945
2023-04-30 00:00:00+00:00,29212.7,29287.5,29067.4,29252.0,49892.618
2023-04-30 08:00:00+00:00,29251.9,29950.0,29150.0,29644.2,175720.45
2023-04-30 16:00:00+00:00,29644.4,29860.0,29145.3,29223.0,192185.778
2023-05-01 00:00:00+00:00,29223.0,29325.5,28200.0,28610.0,221417.868
2023-05-01 08:00:00+00:00,28609.9,28659.2,28052.1,28158.3,169641.61
2023-05-01 16:00:00+00:00,28158.5,28402.3,27650.0,28054.4,233915.01
2023-05-02 00:00:00+00:00,28054.5,28158.0,27854.0,28045.0,84209.347
2023-05-02 08:00:00+00:00,28045.1,28778.0,27900.0,28521.1,270747.396
2023-05-02 16:00:00+00:00,28521.0,28888.0,28412.0,28656.5,158589.526
2023-05-03 00:00:00+00:00,28656.4,28682.1,28324.4,28638.3,102286.055
2023-05-03 08:00:00+00:00,28638.4,28758.9,28080.0,28292.7,187353.142
2023-05-03 16:00:00+00:00,28292.6,29258.4,28200.0,29018.4,386827.033
2023-05-04 00:00:00+00:00,29018.4,29228.1,28938.5,29048.6,99169.153
2023-05-04 08:00:00+00:00,29048.7,29380.0,28660.0,28850.0,224024.473
2023-05-04 16:00:00+00:00,28850.0,28966.0,28660.0,28826.0,103231.958
2023-05-05 00:00:00+00:00,28826.0,29551.0,28802.8,29059.0,167748.988
2023-05-05 08:00:00+00:00,29058.9,29437.5,28618.3,29347.4,236751.476
2023-05-05 16:00:00+00:00,29347.5,29693.0,29304.0,29491.5,173984.713
2023-05-06 00:00:00+00:00,29491.5,29840.0,29225.3,29350.2,119716.746
2023-05-06 08:00:00+00:00,29350.2,29359.2,28333.0,28557.9,239727.826
2023-05-06 16:00:00+00:00,28557.9,28963.9,28519.4,28837.8,116184.329
2023-05-07 00:00:00+00:00,28837.9,29137.0,28730.2,28891.9,91105.251
2023-05-07 08:00:00+00:00,28891.8,29088.3,28691.2,28933.1,103535.738
2023-05-07 16:00:00+00:00,28933.1,29019.9,28370.0,28419.4,113769.654
2023-05-08 00:00:00+00:00,28419.5,28624.6,27800.0,27957.8,225191.503
2023-05-08 08:00:00+00:00,27957.7,28074.9,27550.0,27874.1,219101.789
2023-05-08 16:00:00+00:00,27874.2,27918.0,27250.0,27659.8,213895.485
2023-05-09 00:00:00+00:00,27659.8,27747.9,27423.9,27649.3,93616.181
2023-05-09 08:00:00+00:00,27649.3,27815.6,27316.8,27385.8,161601.083
2023-05-09 16:00:00+00:00,27385.8,27769.4,27334.6,27610.2,112447.422
2023-05-10 00:00:00+00:00,27610.2,27848.7,27507.0,27532.4,79628.57
2023-05-10 08:00:00+00:00,27532.3,28297.0,27457.8,28141.2,253829.742
2023-05-10 16:00:00+00:00,28141.2,28290.0,26666.6,27582.9,389044.364
2023-05-11 00:00:00+00:00,27583.0,27611.5,27352.3,27437.5,96071.731
2023-05-11 08:00:00+00:00,27437.5,27630.0,26924.0,27166.3,242541.569
2023-05-11 16:00:00+00:00,27166.3,27214.4,26688.8,26956.4,200209.063
2023-05-12 00:00:00+00:00,26956.4,27090.0,26100.1,26294.1,222507.0
2023-05-12 08:00:00+00:00,26294.0,26599.4,26220.0,26307.7,153841.454
2023-05-12 16:00:00+00:00,26307.6,26882.8,25751.0,26785.1,239297.054
2023-05-13 00:00:00+00:00,26785.2,26974.1,26674.9,26759.3,88723.363
2023-05-13 08:00:00+00:00,26759.2,26897.0,26722.8,26802.0,68574.349
2023-05-13 16:00:00+00:00,26802.0,27051.5,26730.0,26762.7,85397.217
2023-05-14 00:00:00+00:00,26762.8,26888.7,26557.0,26839.9,67867.27
2023-05-14 08:00:00+00:00,26839.9,27200.0,26730.0,27071.4,104481.913
2023-05-14 16:00:00+00:00,27071.4,27115.1,26809.0,26901.9,75230.244
2023-05-15 00:00:00+00:00,26901.9,27550.0,26694.4,27398.6,194063.3
2023-05-15 08:00:00+00:00,27398.6,27525.0,27200.0,27383.0,119798.534
2023-05-15 16:00:00+00:00,27383.0,27650.0,27100.0,27152.5,136401.242
2023-05-16 00:00:00+00:00,27152.5,27284.7,26832.0,27240.6,139514.38
2023-05-16 08:00:00+00:00,27240.6,27274.2,26880.1,27027.9,151771.014
2023-05-16 16:00:00+00:00,27027.9,27144.0,26862.0,27024.8,81887.557
2023-05-17 00:00:00+00:00,27024.7,27238.5,26700.0,26831.9,101951.831
2023-05-17 08:00:00+00:00,26831.8,26907.5,26527.5,26788.0,190747.017
2023-05-17 16:00:00+00:00,26788.1,27500.0,26730.0,27395.8,197366.37
2023-05-18 00:00:00+00:00,27395.7,27482.7,27139.0,27375.1,97783.531
2023-05-18 08:00:00+00:00,27375.1,27471.5,27007.1,27075.2,187378.003
2023-05-18 16:00:00+00:00,27075.2,27100.0,26335.3,26809.3,259810.445
2023-05-19 00:00:00+00:00,26809.4,26950.0,26733.4,26841.9,66324.427
2023-05-19 08:00:00+00:00,26842.0,27180.0,26611.2,26869.9,189995.681
2023-05-19 16:00:00+00:00,26870.0,26966.8,26763.2,26870.1,67777.848
2023-05-20 00:00:00+00:00,26870.1,26902.0,26813.5,26841.8,23470.576
2023-05-20 08:00:00+00:00,26841.9,26969.8,26841.8,26936.0,40759.919
2023-05-20 16:00:00+00:00,26936.0,27144.4,26900.1,27089.5,73284.859
2023-05-21 00:00:00+00:00,27089.6,27288.0,27031.0,27044.5,62073.376
2023-05-21 08:00:00+00:00,27044.6,27077.7,26750.0,26885.0,110311.229
2023-05-21 16:00:00+00:00,26885.1,26928.0,26642.0,26732.8,66391.82
2023-05-22 00:00:00+00:00,26732.8,26898.9,26500.0,26830.7,106452.46
2023-05-22 08:00:00+00:00,26830.8,27097.8,26690.0,26863.2,161006.384
2023-05-22 16:00:00+00:00,26863.3,26955.9,26765.0,26840.2,60571.676
2023-05-23 00:00:00+00:00,26840.2,27527.5,26782.6,27295.8,195918.323
2023-05-23 08:00:00+00:00,27295.8,27383.0,27159.3,27310.7,96197.882
2023-05-23 16:00:00+00:00,27310.8,27319.4,27080.0,27209.9,77060.413
2023-05-24 00:00:00+00:00,27209.9,27212.9,26566.5,26664.2,177460.764
2023-05-24 08:00:00+00:00,26664.2,26834.0,26060.0,26306.9,237197.074
2023-05-24 16:00:00+00:00,26306.9,26476.0,26145.4,26313.8,120533.839
2023-05-25 00:00:00+00:00,26313.9,26384.5,25850.0,26118.9,135519.197
2023-05-25 08:00:00+00:00,26118.9,26489.5,26107.8,26216.9,150480.159
2023-05-25 16:00:00+00:00,26216.9,26644.0,26193.5,26461.8,108535.869
2023-05-26 00:00:00+00:00,26461.7,26532.0,26313.9,26491.3,73560.887
2023-05-26 08:00:00+00:00,26491.2,26925.0,26342.9,26737.5,170714.188
2023-05-26 16:00:00+00:00,26737.5,26829.0,26601.0,26689.9,80200.471
2023-05-27 00:00:00+00:00,26689.8,26776.4,26621.0,26715.3,36531.764
2023-05-27 08:00:00+00:00,26715.2,26774.9,26528.6,26682.1,66944.137
2023-05-27 16:00:00+00:00,26682.2,26890.0,26605.0,26841.6,60206.034
2023-05-28 00:00:00+00:00,26841.6,27279.0,26746.0,27218.9,130623.393
2023-05-28 08:00:00+00:00,27219.0,27387.0,27081.7,27264.1,79718.146
2023-05-28 16:00:00+00:00,27264.1,28252.8,27200.1,28055.7,229773.855
2023-05-29 00:00:00+00:00,28055.8,28442.0,27822.7,27895.0,164294.916
2023-05-29 08:00:00+00:00,27895.0,27966.7,27570.6,27622.1,130202.873
2023-05-29 16:00:00+00:00,27622.0,27803.5,27513.5,27722.0,116792.76
2023-05-30 00:00:00+00:00,27722.1,27933.0,27569.3,27721.0,82337.447
2023-05-30 08:00:00+00:00,27721.1,28038.6,27602.0,27665.0,165882.352
2023-05-30 16:00:00+00:00,27665.0,27849.8,27530.0,27680.1,86159.514
2023-05-31 00:00:00+00:00,27680.0,27825.0,26942.0,27150.4,195816.04
2023-05-31 08:00:00+00:00,27150.4,27219.6,26835.5,26900.1,176215.936
2023-05-31 16:00:00+00:00,26900.0,27290.0,26826.0,27201.1,99349.914
2023-06-01 00:00:00+00:00,27201.1,27347.9,26600.0,26790.2,160369.275
2023-06-01 08:00:00+00:00,26790.1,26974.0,26773.2,26884.2,95291.043
2023-06-01 16:00:00+00:00,26884.2,27180.0,26635.0,26805.3,149127.254
2023-06-02 00:00:00+00:00,26805.3,27200.0,26477.6,27038.3,147089.588
2023-06-02 08:00:00+00:00,27038.3,27249.3,26840.5,27081.3,156734.939
2023-06-02 16:00:00+00:00,27081.3,27290.0,26985.1,27227.8,87285.566
2023-06-03 00:00:00+00:00,27227.8,27230.4,27077.0,27161.3,42748.315
2023-06-03 08:00:00+00:00,27161.4,27340.2,27100.0,27292.7,52437.661
2023-06-03 16:00:00+00:00,27292.8,27312.0,26900.0,27054.9,87278.124
2023-06-04 00:00:00+00:00,27054.9,27154.0,26935.3,27141.0,48892.809
2023-06-04 08:00:00+00:00,27141.0,27290.0,27110.0,27166.9,67913.114
2023-06-04 16:00:00+00:00,27167.0,27460.0,27026.0,27102.4,101465.621
2023-06-05 00:00:00+00:00,27102.4,27125.0,26719.9,26819.2,132861.525
2023-06-05 08:00:00+00:00,26819.2,26831.2,25971.0,25991.9,238303.603
2023-06-05 16:00:00+00:00,25991.9,26072.2,25360.1,25714.7,329337.42
2023-06-06 00:00:00+00:00,25714.6,25809.9,25585.4,25706.4,78397.944
2023-06-06 08:00:00+00:00,25706.3,26139.0,25321.6,26051.2,289845.453
2023-06-06 16:00:00+00:00,26051.2,27358.1,26051.2,27221.5,363202.252
2023-06-07 00:00:00+00:00,27221.5,27394.4,26714.3,26786.7,161383.12
2023-06-07 08:00:00+00:00,26786.8,26968.0,26230.0,26333.9,353765.245
2023-06-07 16:00:00+00:00,26333.9,26548.0,26111.0,26325.9,144896.172
2023-06-08 00:00:00+00:00,26325.9,26516.3,26195.4,26431.5,90600.115
2023-06-08 08:00:00+00:00,26431.6,26800.0,26283.4,26705.9,158668.311
2023-06-08 16:00:00+00:00,26705.8,26720.7,26387.9,26485.9,83836.413
2023-06-09 00:00:00+00:00,26486.0,26589.9,26236.0,26482.7,92873.341
2023-06-09 08:00:00+00:00,26482.7,26775.0,26436.8,26465.1,127454.648
2023-06-09 16:00:00+00:00,26465.2,26521.1,26371.0,26468.1,63391.209
2023-06-10 00:00:00+00:00,26468.2,26525.0,25445.0,25637.2,292915.926
2023-06-10 08:00:00+00:00,25637.3,25743.9,25556.4,25620.0,81139.45
2023-06-10 16:00:00+00:00,25619.9,26144.0,25300.0,25826.6,234862.193
2023-06-11 00:00:00+00:00,25826.6,25850.0,25621.3,25728.0,64205.877
2023-06-11 08:00:00+00:00,25728.0,25839.0,25661.0,25741.2,54577.91
2023-06-11 16:00:00+00:00,25741.1,26199.0,25726.2,25909.9,160581.776
2023-06-12 00:00:00+00:00,25910.0,26025.1,25600.0,25793.3,97456.78
2023-06-12 08:00:00+00:00,25793.2,26097.7,25722.0,25809.3,115848.409
2023-06-12 16:00:00+00:00,25809.3,25962.5,25640.0,25894.8,85595.279
2023-06-13 00:00:00+00:00,25894.8,26155.5,25806.0,26060.2,104486.232
2023-06-13 08:00:00+00:00,26060.3,26430.5,25708.0,25750.9,252211.193
2023-06-13 16:00:00+00:00,25750.9,25973.0,25727.0,25918.0,77839.329
2023-06-14 00:00:00+00:00,25918.0,26045.8,25820.0,25884.1,63385.404
2023-06-14 08:00:00+00:00,25884.1,26077.0,25872.5,25976.4,70541.496
2023-06-14 16:00:00+00:00,25976.4,26099.3,24796.8,25115.9,330754.702
2023-06-15 00:00:00+00:00,25115.9,25198.8,24856.0,24974.6,109033.844
2023-06-15 08:00:00+00:00,24974.6,25100.0,24777.0,24948.4,138927.511
2023-06-15 16:00:00+00:00,24948.4,25750.0,24918.2,25586.1,226010.02
2023-06-16 00:00:00+00:00,25586.0,25620.0,25420.1,25526.1,83508.399
2023-06-16 08:00:00+00:00,25526.1,25896.0,25142.1,25832.4,195038.059
2023-06-16 16:00:00+00:00,25832.4,26526.9,25756.0,26336.0,254598.498
2023-06-17 00:00:00+00:00,26335.9,26900.0,26170.8,26587.6,144599.319
2023-06-17 08:00:00+00:00,26587.7,26649.0,26288.5,26399.9,107719.839
2023-06-17 16:00:00+00:00,26399.9,26590.0,26364.3,26508.9,53419.238
2023-06-18 00:00:00+00:00,26508.8,26675.1,26367.8,26572.0,67737.542
2023-06-18 08:00:00+00:00,26572.0,26587.9,26425.8,26547.5,60818.106
2023-06-18 16:00:00+00:00,26547.5,26709.4,26230.9,26329.7,113421.836
2023-06-19 00:00:00+00:00,26329.6,26468.5,26241.2,26415.3,51772.884
2023-06-19 08:00:00+00:00,26415.2,26569.7,26328.0,26431.1,90544.663
2023-06-19 16:00:00+00:00,26431.1,27077.0,26290.3,26828.5,258216.211
2023-06-20 00:00:00+00:00,26828.6,27177.3,26733.6,26820.4,137783.735
2023-06-20 08:00:00+00:00,26820.5,27125.5,26633.9,27054.2,156016.562
2023-06-20 16:00:00+00:00,27054.3,28397.8,26983.3,28290.6,464376.0
2023-06-21 00:00:00+00:00,28290.7,29086.6,28236.4,28860.4,245413.524
2023-06-21 08:00:00+00:00,28860.4,30018.3,28783.0,29837.0,430834.149
2023-06-21 16:00:00+00:00,29836.9,30822.0,29745.5,29988.5,447226.754
2023-06-22 00:00:00+00:00,29988.5,30488.0,29880.0,30094.5,144267.75
2023-06-22 08:00:00+00:00,30094.5,30353.9,29500.1,29837.3,270252.792
2023-06-22 16:00:00+00:00,29837.3,30260.0,29811.9,29875.0,146531.2
2023-06-23 00:00:00+00:00,29875.0,30079.9,29792.0,29927.0,75578.862
2023-06-23 08:00:00+00:00,29926.9,31500.0,29899.9,31232.9,327579.339
2023-06-23 16:00:00+00:00,31232.9,31440.5,30441.1,30673.4,295914.87
2023-06-24 00:00:00+00:00,30673.5,30790.0,30388.6,30563.4,86460.67
2023-06-24 08:00:00+00:00,30563.3,30796.5,30262.0,30390.9,103053.262
2023-06-24 16:00:00+00:00,30390.8,30688.9,30222.0,30524.2,90025.356
2023-06-25 00:00:00+00:00,30524.2,31053.2,30456.9,30714.0,115582.611
2023-06-25 08:00:00+00:00,30714.0,30754.2,30425.0,30574.1,97764.631
2023-06-25 16:00:00+00:00,30574.1,30649.6,30252.6,30458.0,88185.912
2023-06-26 00:00:00+00:00,30458.0,30580.0,29920.0,30395.6,147713.496
2023-06-26 08:00:00+00:00,30395.5,30667.3,30115.1,30400.5,132002.208
2023-06-26 16:00:00+00:00,30400.7,30425.7,29890.1,30260.1,135383.652
2023-06-27 00:00:00+00:00,30260.1,30488.0,30213.0,30404.5,77658.131
2023-06-27 08:00:00+00:00,30404.5,30998.5,30322.2,30487.4,228944.245
2023-06-27 16:00:00+00:00,30487.4,30762.4,30435.9,30683.2,99470.972
2023-06-28 00:00:00+00:00,30683.2,30701.8,30127.0,30176.0,106456.797
2023-06-28 08:00:00+00:00,30176.0,30485.0,29992.5,30399.8,168188.261
2023-06-28 16:00:00+00:00,30399.8,30457.0,29804.6,30066.3,142011.376
2023-06-29 00:00:00+00:00,30066.3,30420.0,30036.1,30333.9,72131.935
2023-06-29 08:00:00+00:00,30333.9,30837.0,30320.3,30468.3,211991.313
2023-06-29 16:00:00+00:00,30468.2,30661.9,30222.0,30439.9,97949.598
2023-06-30 00:00:00+00:00,30439.9,31300.0,30337.4,30759.1,219240.96
2023-06-30 08:00:00+00:00,30759.2,31127.3,29500.0,30052.0,399300.286
2023-06-30 16:00:00+00:00,30052.0,30729.5,29908.3,30460.2,190790.059
2023-07-01 00:00:00+00:00,30460.2,30527.2,30311.3,30448.1,53309.776
2023-07-01 08:00:00+00:00,30448.1,30668.2,30405.0,30561.5,56584.081
2023-07-01 16:00:00+00:00,30561.5,30626.0,30533.8,30573.6,25626.389
2023-07-02 00:00:00+00:00,30573.6,30650.0,30458.0,30504.7,43662.803
2023-07-02 08:00:00+00:00,30504.7,30626.2,30149.9,30491.4,75372.218
2023-07-02 16:00:00+00:00,30491.4,30800.0,30358.3,30612.7,112831.167
2023-07-03 00:00:00+00:00,30612.7,30798.3,30575.3,30662.8,69400.061
2023-07-03 08:00:00+00:00,30662.9,31179.0,30559.4,31068.0,128509.352
2023-07-03 16:00:00+00:00,31068.0,31395.2,30810.2,31149.0,172383.823
2023-07-04 00:00:00+00:00,31149.0,31319.4,30860.0,30902.3,96664.376
2023-07-04 08:00:00+00:00,30902.2,31080.0,30856.0,30959.3,83865.055
2023-07-04 16:00:00+00:00,30959.3,31145.0,30600.0,30756.1,120302.829
2023-07-05 00:00:00+00:00,30756.1,30875.2,30737.8,30765.9,38005.358
2023-07-05 08:00:00+00:00,30765.9,30797.4,30175.8,30345.0,183465.548
2023-07-05 16:00:00+00:00,30345.1,30579.6,30321.2,30488.4,73425.672
2023-07-06 00:00:00+00:00,30488.4,30846.8,30305.0,30792.3,86853.097
2023-07-06 08:00:00+00:00,30792.2,31568.0,29865.0,30390.3,498987.105
2023-07-06 16:00:00+00:00,30390.3,30450.7,29818.0,29874.4,135427.017
2023-07-07 00:00:00+00:00,29874.3,30297.3,29680.0,29992.9,128647.67
2023-07-07 08:00:00+00:00,29992.9,30430.0,29957.6,30375.4,143199.607
2023-07-07 16:00:00+00:00,30375.5,30443.6,30100.0,30327.9,65954.377
2023-07-08 00:00:00+00:00,30328.0,30380.0,30122.0,30174.8,46868.927
2023-07-08 08:00:00+00:00,30174.8,30315.0,30132.5,30196.7,40747.544
2023-07-08 16:00:00+00:00,30196.8,30313.0,30026.8,30269.3,51118.022
2023-07-09 00:00:00+00:00,30269.2,30397.0,30218.2,30250.0,42509.251
2023-07-09 08:00:00+00:00,30250.0,30443.4,30163.6,30336.8,66197.63
2023-07-09 16:00:00+00:00,30336.9,30336.9,30042.0,30147.8,53589.382
2023-07-10 00:00:00+00:00,30147.8,30235.0,29928.8,30100.0,80200.966
2023-07-10 08:00:00+00:00,30100.0,30359.7,29966.6,30297.6,99953.727
2023-07-10 16:00:00+00:00,30297.5,31040.0,30100.0,30396.9,248960.844
2023-07-11 00:00:00+00:00,30396.9,30660.0,30348.7,30528.5,82221.122
2023-07-11 08:00:00+00:00,30528.6,30804.9,30261.4,30585.5,137148.434
2023-07-11 16:00:00+00:00,30585.5,30684.6,30383.9,30608.4,79535.191
2023-07-12 00:00:00+00:00,30608.3,30849.2,30485.0,30730.8,78748.484
2023-07-12 08:00:00+00:00,30730.7,30980.5,30447.0,30510.2,232601.346
2023-07-12 16:00:00+00:00,30510.1,30529.0,30186.0,30368.9,113708.427
2023-07-13 00:00:00+00:00,30368.9,30423.0,30233.0,30355.1,54960.057
2023-07-13 08:00:00+00:00,30355.1,31205.3,30328.2,30915.4,236058.067
2023-07-13 16:00:00+00:00,30915.5,31850.0,30700.0,31441.7,405005.386
2023-07-14 00:00:00+00:00,31441.6,31640.0,31068.5,31096.0,107683.454
2023-07-14 08:00:00+00:00,31095.9,31364.9,31037.4,31236.5,104075.956
2023-07-14 16:00:00+00:00,31236.6,31272.7,29876.6,30293.3,326932.836
2023-07-15 00:00:00+00:00,30293.3,30380.0,30220.2,30317.6,48010.707
2023-07-15 08:00:00+00:00,30317.7,30360.0,30237.0,30290.5,37003.322
2023-07-15 16:00:00+00:00,30290.4,30341.5,30238.1,30276.4,26608.445
2023-07-16 00:00:00+00:00,30276.5,30325.0,30050.0,30253.0,63122.049
2023-07-16 08:00:00+00:00,30253.0,30441.6,30250.0,30366.0,55880.336
2023-07-16 16:00:00+00:00,30365.9,30391.8,30110.6,30216.8,54803.555
2023-07-17 00:00:00+00:00,30216.9,30329.7,30161.0,30265.3,35948.848
2023-07-17 08:00:00+00:00,30265.2,30309.4,29910.0,30163.4,134220.64
2023-07-17 16:00:00+00:00,30163.4,30282.9,29630.0,30126.1,173943.939
2023-07-18 00:00:00+00:00,30126.0,30227.5,29908.1,29951.9,62261.298
2023-07-18 08:00:00+00:00,29952.0,30098.5,29657.1,29895.1,159456.621
2023-07-18 16:00:00+00:00,29895.1,29954.3,29400.0,29845.6,115678.498
2023-07-19 00:00:00+00:00,29845.7,30178.5,29826.7,29984.0,87681.014
2023-07-19 08:00:00+00:00,29984.1,30130.0,29745.0,29939.8,126590.632
2023-07-19 16:00:00+00:00,29939.7,30088.1,29811.0,29895.5,84147.208
2023-07-20 00:00:00+00:00,29895.5,30240.2,29866.0,30195.5,77811.544
2023-07-20 08:00:00+00:00,30195.6,30420.0,29600.0,29792.8,225552.243
2023-07-20 16:00:00+00:00,29792.9,29880.2,29468.8,29791.0,106899.977
2023-07-21 00:00:00+00:00,29791.0,29949.5,29705.9,29757.8,65512.395
2023-07-21 08:00:00+00:00,29757.8,29904.7,29710.3,29852.0,74764.07
2023-07-21 16:00:00+00:00,29852.0,30056.2,29762.0,29891.4,80868.609
2023-07-22 00:00:00+00:00,29891.5,29986.0,29822.0,29933.0,44854.602
2023-07-22 08:00:00+00:00,29932.9,29969.6,29806.6,29883.9,47266.998
2023-07-22 16:00:00+00:00,29883.9,29892.5,29602.2,29783.5,51254.356
2023-07-23 00:00:00+00:00,29783.5,29974.6,29718.9,29900.9,64174.024
2023-07-23 08:00:00+00:00,29900.9,29950.0,29836.2,29886.0,30402.165
2023-07-23 16:00:00+00:00,29885.9,30368.2,29885.9,30070.8,130137.657
2023-07-24 00:00:00+00:00,30070.9,30091.7,29639.7,29816.4,112158.133
2023-07-24 08:00:00+00:00,29816.4,29820.9,28830.0,29085.8,261725.647
2023-07-24 16:00:00+00:00,29085.9,29200.0,28982.5,29163.8,60298.637
2023-07-25 00:00:00+00:00,29163.8,29174.5,29033.0,29132.3,45189.73
2023-07-25 08:00:00+00:00,29132.3,29333.0,29058.0,29167.0,100988.748
2023-07-25 16:00:00+00:00,29167.0,29379.5,29165.5,29216.3,50260.14
2023-07-26 00:00:00+00:00,29216.2,29414.6,29083.0,29205.3,74556.905
2023-07-26 08:00:00+00:00,29205.4,29349.3,29145.2,29307.2,58869.93
2023-07-26 16:00:00+00:00,29307.3,29670.5,29172.0,29336.0,185100.747
2023-07-27 00:00:00+00:00,29336.0,29485.9,29286.2,29396.9,49906.456
2023-07-27 08:00:00+00:00,29396.9,29558.4,29218.1,29278.0,89338.58
2023-07-27 16:00:00+00:00,29278.0,29324.5,29065.5,29209.7,84131.498
2023-07-28 00:00:00+00:00,29209.8,29299.9,29125.5,29126.9,42493.407
2023-07-28 08:00:00+00:00,29126.9,29535.7,29112.8,29379.0,118327.165
2023-07-28 16:00:00+00:00,29379.0,29391.6,29180.6,29299.9,60479.295
2023-07-29 00:00:00+00:00,29300.0,29397.9,29271.7,29283.0,28548.142
2023-07-29 08:00:00+00:00,29283.0,29334.4,29237.5,29284.8,36679.117
2023-07-29 16:00:00+00:00,29284.8,29368.8,29276.0,29339.1,21873.46
2023-07-30 00:00:00+00:00,29339.1,29345.9,29251.9,29280.0,20410.826
2023-07-30 08:00:00+00:00,29280.1,29442.5,29211.2,29337.1,61162.645
2023-07-30 16:00:00+00:00,29337.2,29399.5,29006.0,29271.1,88327.782
2023-07-31 00:00:00+00:00,29271.2,29525.8,29250.0,29363.7,69533.418
2023-07-31 08:00:00+00:00,29363.8,29461.4,29208.9,29231.3,77449.421
2023-07-31 16:00:00+00:00,29231.3,29285.3,29100.0,29220.8,83398.883
2023-08-01 00:00:00+00:00,29220.8,29337.3,28684.7,28921.2,127271.547
2023-08-01 08:00:00+00:00,28921.2,28986.5,28550.0,28942.9,119240.998
2023-08-01 16:00:00+00:00,28943.0,29735.0,28850.2,29701.2,195816.098
2023-08-02 00:00:00+00:00,29701.2,30059.9,29550.0,29570.1,178931.568
2023-08-02 08:00:00+00:00,29570.2,29599.0,29156.0,29312.6,173082.59
2023-08-02 16:00:00+00:00,29312.5,29357.0,28906.3,29170.1,139711.334
2023-08-03 00:00:00+00:00,29170.2,29273.1,29005.0,29034.0,53015.02
2023-08-03 08:00:00+00:00,29034.0,29440.0,28955.4,29244.4,117624.244
2023-08-03 16:00:00+00:00,29244.4,29359.9,29119.3,29180.2,81328.678
2023-08-04 00:00:00+00:00,29180.1,29244.4,29079.6,29201.6,43322.202
2023-08-04 08:00:00+00:00,29201.6,29323.8,29116.0,29258.8,76230.634
2023-08-04 16:00:00+00:00,29258.8,29273.6,28780.0,29101.1,109842.837
2023-08-05 00:00:00+00:00,29101.1,29145.0,29020.5,29037.9,27673.657
2023-08-05 08:00:00+00:00,29037.9,29083.0,28960.0,29032.4,36634.17
2023-08-05 16:00:00+00:00,29032.5,29092.1,28997.4,29057.7,18200.797
2023-08-06 00:00:00+00:00,29057.7,29100.0,29023.4,29081.4,19631.788
2023-08-06 08:00:00+00:00,29081.3,29132.0,28978.5,29001.0,34804.752
2023-08-06 16:00:00+00:00,29001.1,29199.0,28983.7,29075.9,48657.9
2023-08-07 00:00:00+00:00,29075.9,29220.7,29005.5,29084.7,52699.566
2023-08-07 08:00:00+00:00,29084.7,29148.8,28771.0,28853.2,108685.546
2023-08-07 16:00:00+00:00,28853.2,29274.5,28682.3,29202.7,136367.327
2023-08-08 00:00:00+00:00,29202.7,29330.0,29132.4,29177.0,51318.375
2023-08-08 08:00:00+00:00,29177.0,29666.0,29160.0,29517.5,176852.048
2023-08-08 16:00:00+00:00,29517.5,30250.0,29516.1,29759.0,231099.378
2023-08-09 00:00:00+00:00,29758.9,29874.5,29628.0,29807.9,77778.041
2023-08-09 08:00:00+00:00,29807.8,30149.7,29663.0,29749.4,151684.023
2023-08-09 16:00:00+00:00,29749.3,29764.9,29362.0,29572.8,132547.637
2023-08-10 00:00:00+00:00,29572.9,29650.0,29477.2,29504.0,52524.767
2023-08-10 08:00:00+00:00,29504.0,29729.8,29380.0,29452.8,122526.334
2023-08-10 16:00:00+00:00,29452.9,29480.0,29303.7,29443.7,59494.937
2023-08-11 00:00:00+00:00,29443.7,29489.5,29336.0,29406.7,37689.892
2023-08-11 08:00:00+00:00,29406.8,29565.1,29333.9,29383.0,89766.582
2023-08-11 16:00:00+00:00,29382.9,29437.2,29220.0,29415.5,51587.534
2023-08-12 00:00:00+00:00,29415.5,29450.0,29360.0,29410.2,18969.236
2023-08-12 08:00:00+00:00,29410.2,29445.3,29378.6,29426.0,20659.638
2023-08-12 16:00:00+00:00,29426.0,29470.0,29385.1,29420.7,16609.161
2023-08-13 00:00:00+00:00,29420.8,29447.4,29343.8,29385.5,21410.757
2023-08-13 08:00:00+00:00,29385.6,29400.7,29349.0,29362.8,17241.358
2023-08-13 16:00:00+00:00,29362.8,29463.0,29256.6,29293.3,45538.39
2023-08-14 00:00:00+00:00,29293.3,29466.3,29070.0,29410.5,90486.74
2023-08-14 08:00:00+00:00,29410.4,29665.0,29319.9,29592.9,105381.222
2023-08-14 16:00:00+00:00,29592.8,29686.7,29233.0,29419.5,99167.421
2023-08-15 00:00:00+00:00,29419.5,29446.5,29338.9,29396.9,28892.668
2023-08-15 08:00:00+00:00,29396.9,29492.1,29294.9,29315.2,68929.102
2023-08-15 16:00:00+00:00,29315.1,29358.9,29050.0,29188.8,93468.189
2023-08-16 00:00:00+00:00,29188.9,29257.4,29100.0,29187.0,43924.827
2023-08-16 08:00:00+00:00,29187.0,29209.0,29030.0,29098.0,71564.223
2023-08-16 16:00:00+00:00,29097.9,29229.6,28705.1,28714.4,156535.459
2023-08-17 00:00:00+00:00,28714.4,28775.9,28288.6,28613.0,128029.507
2023-08-17 08:00:00+00:00,28613.1,28627.8,27855.0,27920.9,222150.433
2023-08-17 16:00:00+00:00,27920.9,28078.0,24581.0,26609.7,518328.28
2023-08-18 00:00:00+00:00,26609.7,26818.0,26150.0,26413.8,154813.143
2023-08-18 08:00:00+00:00,26413.8,26595.2,25918.2,25993.1,179691.845
2023-08-18 16:00:00+00:00,25993.1,26300.0,25600.0,26042.1,187870.328
2023-08-19 00:00:00+00:00,26042.0,26147.6,25783.4,25906.8,67274.08
2023-08-19 08:00:00+00:00,25906.7,26216.4,25858.0,26201.0,77221.582
2023-08-19 16:00:00+00:00,26201.0,26269.4,26012.3,26088.3,57723.491
2023-08-20 00:00:00+00:00,26088.4,26197.0,26027.9,26073.6,31154.713
2023-08-20 08:00:00+00:00,26073.6,26209.6,25948.5,26095.0,60099.933
2023-08-20 16:00:00+00:00,26095.0,26285.0,25982.3,26175.9,49835.204
2023-08-21 00:00:00+00:00,26175.9,26183.2,25985.0,26012.0,51580.6
2023-08-21 08:00:00+00:00,26011.9,26193.6,25800.0,25925.1,121898.47
2023-08-21 16:00:00+00:00,25925.1,26280.0,25921.1,26115.4,59026.195
2023-08-22 00:00:00+00:00,26115.4,26128.2,25981.6,26091.6,34257.465
2023-08-22 08:00:00+00:00,26091.7,26100.0,25900.0,25923.0,60101.968
2023-08-22 16:00:00+00:00,25923.0,26060.0,25280.0,26044.4,218754.143
2023-08-23 00:00:00+00:00,26044.5,26177.0,25967.1,26045.3,71924.815
2023-08-23 08:00:00+00:00,26045.3,26187.0,25800.0,26134.3,120833.639
2023-08-23 16:00:00+00:00,26134.3,26806.0,26113.7,26419.2,220210.574
2023-08-24 00:00:00+00:00,26419.2,26535.9,26334.0,26460.7,53161.307
2023-08-24 08:00:00+00:00,26460.8,26568.3,25972.5,25987.3,134220.663
2023-08-24 16:00:00+00:00,25987.3,26200.0,25835.0,26164.6,99371.367
2023-08-25 00:00:00+00:00,26164.6,26177.0,25960.0,25969.3,49993.647
2023-08-25 08:00:00+00:00,25969.4,26300.0,25754.4,25917.4,161351.631
2023-08-25 16:00:00+00:00,25917.3,26078.0,25820.0,26051.7,63485.216
2023-08-26 00:00:00+00:00,26051.7,26129.4,26018.1,26039.7,21998.803
2023-08-26 08:00:00+00:00,26039.8,26070.0,25969.0,26040.2,25697.415
2023-08-26 16:00:00+00:00,26040.2,26048.5,25975.5,26004.3,16229.644
2023-08-27 00:00:00+00:00,26004.3,26041.9,25955.6,26028.5,17423.074
2023-08-27 08:00:00+00:00,26028.5,26173.6,26018.9,26110.8,35341.257
2023-08-27 16:00:00+00:00,26110.9,26169.8,26020.0,26087.7,33741.067
2023-08-28 00:00:00+00:00,26087.6,26092.1,25850.4,25923.0,57246.897
2023-08-28 08:00:00+00:00,25923.1,26244.6,25853.5,26093.3,95622.114
2023-08-28 16:00:00+00:00,26093.4,26182.8,25902.2,26106.5,67123.04
2023-08-29 00:00:00+00:00,26106.5,26200.0,25974.1,25992.0,42981.896
2023-08-29 08:00:00+00:00,25992.1,27690.0,25905.2,27411.4,396011.652
2023-08-29 16:00:00+00:00,27411.4,28168.0,27337.6,27700.1,261240.398
2023-08-30 00:00:00+00:00,27700.1,27758.2,27265.0,27427.2,89400.442
2023-08-30 08:00:00+00:00,27427.1,27493.6,26950.0,27192.0,161412.842
2023-08-30 16:00:00+00:00,27191.9,27335.6,27053.0,27290.4,64500.632
2023-08-31 00:00:00+00:00,27290.4,27290.5,27166.0,27249.1,32638.773
2023-08-31 08:00:00+00:00,27249.2,27674.3,26733.8,26909.5,155936.466
2023-08-31 16:00:00+00:00,26909.4,26913.9,25617.8,25928.0,314331.038
2023-09-01 00:00:00+00:00,25928.0,26094.1,25918.9,25975.2,45868.285
2023-09-01 08:00:00+00:00,25975.3,26151.6,25555.0,25798.0,142408.354
2023-09-01 16:00:00+00:00,25798.0,25958.1,25312.0,25795.6,172908.285
2023-09-02 00:00:00+00:00,25795.6,25841.4,25740.6,25783.9,25860.967
2023-09-02 08:00:00+00:00,25783.9,25975.0,25760.4,25880.0,50276.818
2023-09-02 16:00:00+00:00,25880.1,25926.5,25750.9,25855.8,31505.079
2023-09-03 00:00:00+00:00,25855.8,25943.6,25810.8,25941.4,21425.74
2023-09-03 08:00:00+00:00,25941.5,26115.0,25802.8,25858.2,54401.092
2023-09-03 16:00:00+00:00,25858.2,26135.2,25777.0,25962.1,57190.0
2023-09-04 00:00:00+00:00,25962.1,26099.3,25864.0,25953.8,36597.022
2023-09-04 08:00:00+00:00,25953.8,26000.0,25707.5,25803.9,74669.121
2023-09-04 16:00:00+00:00,25803.9,25936.9,25610.0,25814.0,61881.73
2023-09-05 00:00:00+00:00,25814.0,25833.1,25531.2,25724.7,50839.96
2023-09-05 08:00:00+00:00,25724.7,25900.0,25610.0,25747.9,96423.586
2023-09-05 16:00:00+00:00,25747.9,25837.7,25660.0,25779.7,39376.399
2023-09-06 00:00:00+00:00,25779.7,25858.5,25711.0,25715.0,30892.444
2023-09-06 08:00:00+00:00,25715.1,25769.3,25530.0,25576.3,72674.395
2023-09-06 16:00:00+00:00,25576.3,26052.0,25326.0,25747.4,147555.821
2023-09-07 00:00:00+00:00,25747.4,25838.0,25710.3,25750.9,29200.922
2023-09-07 08:00:00+00:00,25751.0,25824.7,25602.3,25766.7,64333.323
2023-09-07 16:00:00+00:00,25766.7,26451.0,25760.0,26240.7,163815.657
2023-09-08 00:00:00+00:00,26240.7,26437.5,26171.0,26244.1,70294.386
2023-09-08 08:00:00+00:00,26244.0,26257.9,25630.0,25829.8,129414.159
2023-09-08 16:00:00+00:00,25829.9,25923.1,25707.0,25899.8,49561.216
2023-09-09 00:00:00+00:00,25899.9,25900.1,25820.0,25871.0,20978.664
2023-09-09 08:00:00+00:00,25871.0,25921.5,25781.5,25881.9,30009.479
2023-09-09 16:00:00+00:00,25881.9,25940.6,25834.3,25892.6,16921.667
2023-09-10 00:00:00+00:00,25892.6,25893.9,25727.8,25843.0,31219.449
2023-09-10 08:00:00+00:00,25843.1,25856.1,25702.0,25764.1,37009.883
2023-09-10 16:00:00+00:00,25764.1,26037.3,25508.7,25828.4,94743.081
2023-09-11 00:00:00+00:00,25828.4,25895.0,25639.8,25801.3,57761.389
2023-09-11 08:00:00+00:00,25801.4,25817.9,24915.0,25102.5,262943.739
2023-09-11 16:00:00+00:00,25102.4,25240.6,24888.0,25150.4,106511.246
2023-09-12 00:00:00+00:00,25150.4,25989.6,25116.4,25810.2,204946.926
2023-09-12 08:00:00+00:00,25810.2,26397.0,25720.0,26192.4,212373.452
2023-09-12 16:00:00+00:00,26192.3,26580.0,25762.0,25825.8,174729.3
2023-09-13 00:00:00+00:00,25825.8,26099.5,25750.0,25865.7,80182.915
2023-09-13 08:00:00+00:00,25865.7,26382.0,25850.8,26229.1,164938.447
2023-09-13 16:00:00+00:00,26229.2,26400.0,26038.0,26209.9,90131.356
2023-09-14 00:00:00+00:00,26209.9,26536.7,26106.6,26332.3,108294.297
2023-09-14 08:00:00+00:00,26332.2,26790.0,26253.0,26679.9,179043.755
2023-09-14 16:00:00+00:00,26680.0,26880.0,26461.0,26510.3,93328.419
2023-09-15 00:00:00+00:00,26510.3,26647.0,26428.6,26554.4,48419.061
2023-09-15 08:00:00+00:00,26554.4,26691.5,26206.6,26311.1,112810.972
2023-09-15 16:00:00+00:00,26311.1,26890.0,26301.9,26591.1,90426.737
2023-09-16 00:00:00+00:00,26591.1,26763.5,26453.3,26486.0,65155.136
2023-09-16 08:00:00+00:00,26486.0,26574.3,26430.0,26493.6,46983.219
2023-09-16 16:00:00+00:00,26493.6,26610.0,26483.5,26546.9,28344.11
2023-09-17 00:00:00+00:00,26547.0,26560.7,26400.0,26482.6,37108.621
2023-09-17 08:00:00+00:00,26482.6,26614.3,26480.3,26537.0,33764.433
2023-09-17 16:00:00+00:00,26536.9,26539.0,26377.4,26514.2,43366.34
2023-09-18 00:00:00+00:00,26514.2,26796.0,26358.6,26701.7,93901.005
2023-09-18 08:00:00+00:00,26701.8,27397.0,26666.4,27258.8,217496.241
2023-09-18 16:00:00+00:00,27258.8,27296.8,26611.2,26749.9,161141.786
2023-09-19 00:00:00+00:00,26749.9,26860.0,26653.2,26836.1,47609.834
2023-09-19 08:00:00+00:00,26836.0,27480.0,26834.3,27413.4,274653.142
2023-09-19 16:00:00+00:00,27413.3,27472.5,26970.0,27196.0,111248.771
2023-09-20 00:00:00+00:00,27195.9,27381.0,26923.3,27089.5,88542.32
2023-09-20 08:00:00+00:00,27089.5,27228.8,26930.3,27168.7,107291.703
2023-09-20 16:00:00+00:00,27168.7,27297.9,26740.0,27107.7,153087.424
2023-09-21 00:00:00+00:00,27107.7,27149.0,26917.4,26978.4,53829.387
2023-09-21 08:00:00+00:00,26978.4,27008.0,26360.1,26567.7,208481.151
2023-09-21 16:00:00+00:00,26567.6,26685.7,26484.0,26552.6,55682.331
2023-09-22 00:00:00+00:00,26552.6,26697.5,26452.9,26660.9,59857.503
2023-09-22 08:00:00+00:00,26660.9,26737.7,26540.6,26619.9,66980.348
2023-09-22 16:00:00+00:00,26619.9,26632.5,26468.5,26566.7,46696.797
2023-09-23 00:00:00+00:00,26566.7,26606.2,26492.2,26572.0,22491.22
2023-09-23 08:00:00+00:00,26571.9,26583.7,26530.1,26567.5,16020.665
2023-09-23 16:00:00+00:00,26567.4,26620.6,26542.0,26563.1,19324.599
2023-09-24 00:00:00+00:00,26563.0,26581.0,26529.6,26552.4,12923.538
2023-09-24 08:00:00+00:00,26552.4,26618.7,26547.4,26566.0,19226.579
2023-09-24 16:00:00+00:00,26566.0,26739.9,26081.0,26232.4,114482.656
2023-09-25 00:00:00+00:00,26232.4,26327.2,25965.0,26176.8,99464.016
2023-09-25 08:00:00+00:00,26176.7,26289.9,25977.0,26230.9,92035.474
2023-09-25 16:00:00+00:00,26231.0,26440.0,26205.2,26290.5,76886.346
2023-09-26 00:00:00+00:00,26290.5,26388.0,26221.0,26256.3,36166.758
2023-09-26 08:00:00+00:00,26256.3,26322.4,26073.8,26114.8,84478.431
2023-09-26 16:00:00+00:00,26114.8,26289.9,26080.0,26208.8,59845.98
2023-09-27 00:00:00+00:00,26208.7,26281.5,26189.1,26233.4,29245.164
2023-09-27 08:00:00+00:00,26233.4,26849.9,26050.0,26293.4,258773.715
2023-09-27 16:00:00+00:00,26293.4,26374.9,26100.0,26359.6,64983.961
2023-09-28 00:00:00+00:00,26359.6,26549.9,26325.2,26445.7,78617.192
2023-09-28 08:00:00+00:00,26445.7,27075.0,26373.8,27012.3,177839.389
2023-09-28 16:00:00+00:00,27012.3,27308.7,26837.3,27011.8,173131.277
2023-09-29 00:00:00+00:00,27011.7,27231.5,26850.0,27168.0,81962.398
2023-09-29 08:00:00+00:00,27167.9,27168.0,26625.0,26874.8,147975.909
2023-09-29 16:00:00+00:00,26874.9,26979.0,26731.0,26890.9,47459.336
2023-09-30 00:00:00+00:00,26890.9,26949.5,26870.4,26915.9,20004.402
2023-09-30 08:00:00+00:00,26915.9,27085.0,26890.4,26986.2,42398.914
2023-09-30 16:00:00+00:00,26986.2,27070.4,26929.8,26950.9,29913.838
2023-10-01 00:00:00+00:00,26951.0,27148.0,26939.0,27092.1,30723.98
2023-10-01 08:00:00+00:00,27092.1,27279.5,27067.4,27135.8,69103.317
2023-10-01 16:00:00+00:00,27135.8,28365.2,27015.0,27981.4,140555.649
2023-10-02 00:00:00+00:00,27981.4,28428.2,27811.6,28299.1,146334.874
2023-10-02 08:00:00+00:00,28299.2,28613.0,27971.0,28015.0,227765.674
2023-10-02 16:00:00+00:00,28015.0,28115.0,27255.0,27477.6,219177.172
2023-10-03 00:00:00+00:00,27477.7,27665.0,27366.1,27528.1,63313.442
2023-10-03 08:00:00+00:00,27528.0,27630.0,27212.3,27332.0,123514.995
2023-10-03 16:00:00+00:00,27332.1,27479.5,27123.0,27412.0,96249.462
2023-10-04 00:00:00+00:00,27412.0,27500.0,27163.9,27442.0,75293.98
2023-10-04 08:00:00+00:00,27442.0,27627.6,27317.1,27388.3,98620.093
2023-10-04 16:00:00+00:00,27388.3,27830.0,27385.8,27759.8,106870.249
2023-10-05 00:00:00+00:00,27759.7,27890.0,27533.1,27595.3,58108.14
2023-10-05 08:00:00+00:00,27595.4,28110.0,27380.0,27540.0,209068.978
2023-10-05 16:00:00+00:00,27540.0,27609.9,27333.5,27398.4,103012.969
2023-10-06 00:00:00+00:00,27398.3,27644.0,27382.6,27626.8,57709.432
2023-10-06 08:00:00+00:00,27626.8,28035.6,27156.0,27926.5,245076.233
2023-10-06 16:00:00+00:00,27926.6,28450.0,27773.0,27916.3,135660.239
2023-10-07 00:00:00+00:00,27916.3,27944.6,27822.1,27878.2,40232.12
2023-10-07 08:00:00+00:00,27878.1,28018.7,27865.4,27926.4,46690.091
2023-10-07 16:00:00+00:00,27926.5,27952.6,27831.8,27943.0,30126.934
2023-10-08 00:00:00+00:00,27943.0,28082.0,27864.6,27892.4,51377.299
2023-10-08 08:00:00+00:00,27892.4,27989.8,27671.0,27883.5,81396.078
2023-10-08 16:00:00+00:00,27883.5,27968.7,27780.4,27901.2,45606.93
2023-10-09 00:00:00+00:00,27901.2,27977.0,27780.3,27804.6,45272.525
2023-10-09 08:00:00+00:00,27804.6,27834.8,27358.2,27433.0,154235.921
2023-10-09 16:00:00+00:00,27433.1,27739.6,27250.0,27578.3,114808.135
2023-10-10 00:00:00+00:00,27578.4,27695.1,27482.0,27634.9,43229.004
2023-10-10 08:00:00+00:00,27634.9,27727.3,27318.2,27395.5,125263.305
2023-10-10 16:00:00+00:00,27395.6,27503.7,27281.0,27381.2,71287.187
2023-10-11 00:00:00+00:00,27381.3,27467.6,26951.7,27012.8,110123.08
2023-10-11 08:00:00+00:00,27012.7,27320.0,26700.0,26769.1,157192.203
2023-10-11 16:00:00+00:00,26769.2,26879.7,26525.0,26864.5,120871.288
2023-10-12 00:00:00+00:00,26864.5,26939.0,26722.4,26799.4,53202.798
2023-10-12 08:00:00+00:00,26799.3,26856.5,26606.2,26665.4,93528.474
2023-10-12 16:00:00+00:00,26665.4,26800.0,26534.8,26744.0,73547.768
2023-10-13 00:00:00+00:00,26744.0,26929.0,26733.9,26857.8,46540.037
2023-10-13 08:00:00+00:00,26857.9,26972.8,26670.1,26693.0,78871.649
2023-10-13 16:00:00+00:00,26692.9,27120.8,26675.0,26849.8,117810.468
2023-10-14 00:00:00+00:00,26849.7,26986.4,26828.4,26860.5,34405.412
2023-10-14 08:00:00+00:00,26860.4,26930.0,26835.0,26927.9,22648.109
2023-10-14 16:00:00+00:00,26927.9,26937.9,26773.1,26836.3,25111.26
2023-10-15 00:00:00+00:00,26836.4,26896.3,26801.0,26872.7,15179.17
2023-10-15 08:00:00+00:00,26872.7,26958.0,26790.4,26885.6,36409.661
2023-10-15 16:00:00+00:00,26885.7,27456.1,26880.0,27139.8,108411.631
2023-10-16 00:00:00+00:00,27139.8,28168.6,27095.4,27837.2,165752.356
2023-10-16 08:00:00+00:00,27837.2,30720.0,27627.4,28054.0,512099.838
2023-10-16 16:00:00+00:00,28054.1,28797.9,28050.0,28486.3,145151.588
2023-10-17 00:00:00+00:00,28486.3,28534.4,28055.0,28408.2,89685.139
2023-10-17 08:00:00+00:00,28408.1,28605.0,28117.0,28445.8,152576.002
2023-10-17 16:00:00+00:00,28445.7,28596.0,28290.0,28381.9,71928.617
2023-10-18 00:00:00+00:00,28382.0,29100.0,28307.6,28485.1,124782.104
2023-10-18 08:00:00+00:00,28485.1,28584.9,28126.6,28235.3,114211.563
2023-10-18 16:00:00+00:00,28235.4,28423.4,28169.4,28307.1,58182.961
2023-10-19 00:00:00+00:00,28307.2,28404.6,28076.0,28315.0,57616.636
2023-10-19 08:00:00+00:00,28314.9,28801.6,28267.4,28659.5,152153.54
2023-10-19 16:00:00+00:00,28659.5,28933.4,28436.8,28696.9,123903.031
2023-10-20 00:00:00+00:00,28697.0,29405.4,28560.0,29228.5,176178.516
2023-10-20 08:00:00+00:00,29228.6,30243.0,29214.4,29538.7,302705.177
2023-10-20 16:00:00+00:00,29538.7,29784.5,29304.0,29653.0,72121.634
2023-10-21 00:00:00+00:00,29653.0,29725.8,29443.5,29681.0,53350.564
2023-10-21 08:00:00+00:00,29681.1,29973.9,29614.1,29916.5,81457.694
2023-10-21 16:00:00+00:00,29916.4,30374.6,29827.9,29895.4,123387.698
2023-10-22 00:00:00+00:00,29895.4,30229.7,29606.6,29800.5,88706.82
2023-10-22 08:00:00+00:00,29800.4,29981.8,29760.6,29815.3,58686.74
2023-10-22 16:00:00+00:00,29815.3,30060.2,29698.0,29981.5,51209.198
2023-10-23 00:00:00+00:00,29981.4,30990.0,29869.4,30508.0,238542.086
2023-10-23 08:00:00+00:00,30508.0,30963.2,30333.0,30864.1,157199.863
2023-10-23 16:00:00+00:00,30864.1,35981.9,30356.3,33074.0,591999.587
2023-10-24 00:00:00+00:00,33074.0,35300.0,32833.5,34025.9,402188.978
2023-10-24 08:00:00+00:00,34025.8,34888.0,33244.0,33674.0,313546.232
2023-10-24 16:00:00+00:00,33673.9,34398.9,33379.2,33917.0,206257.853
2023-10-25 00:00:00+00:00,33917.0,34388.0,33660.6,33853.4,111704.532
2023-10-25 08:00:00+00:00,33853.4,35035.0,33773.3,34841.4,207038.13
2023-10-25 16:00:00+00:00,34841.5,35154.3,34203.5,34487.7,146624.482
2023-10-26 00:00:00+00:00,34487.8,34828.7,34401.7,34648.7,78343.517
2023-10-26 08:00:00+00:00,34648.6,34745.0,33830.0,34050.0,179468.2
2023-10-26 16:00:00+00:00,34050.1,34287.5,33750.0,34154.0,81741.247
2023-10-27 00:00:00+00:00,34154.0,34253.3,33774.0,33954.0,75775.115
2023-10-27 08:00:00+00:00,33954.0,34220.0,33826.5,34010.9,102427.804
2023-10-27 16:00:00+00:00,34010.8,34042.2,33350.0,33893.1,99850.059
2023-10-28 00:00:00+00:00,33893.2,34199.5,33867.4,34057.2,40948.009
2023-10-28 08:00:00+00:00,34057.2,34535.8,33930.0,34199.9,75847.116
2023-10-28 16:00:00+00:00,34200.0,34230.7,34063.0,34086.6,21519.807
2023-10-29 00:00:00+00:00,34086.7,34147.7,33933.0,34086.0,28638.823
2023-10-29 08:00:00+00:00,34086.1,34579.7,34082.0,34462.5,75667.534
2023-10-29 16:00:00+00:00,34462.6,34773.8,34382.0,34528.6,71591.193
2023-10-30 00:00:00+00:00,34528.6,34578.8,34104.0,34191.7,64394.56
2023-10-30 08:00:00+00:00,34191.8,34888.2,34161.7,34664.5,131461.907
2023-10-30 16:00:00+00:00,34664.5,34664.5,34050.0,34483.8,85984.881
2023-10-31 00:00:00+00:00,34483.8,34620.7,34080.0,34151.9,70250.347
2023-10-31 08:00:00+00:00,34151.9,34563.6,34016.8,34290.2,117932.718
2023-10-31 16:00:00+00:00,34290.3,34744.7,34240.0,34651.4,84267.502
2023-11-01 00:00:00+00:00,34651.4,34684.0,34330.4,34463.9,46989.709
2023-11-01 08:00:00+00:00,34464.0,35249.0,34076.0,34296.9,215075.368
2023-11-01 16:00:00+00:00,34296.9,35734.0,34288.8,35437.4,207149.71
2023-11-02 00:00:00+00:00,35437.5,35999.9,35050.0,35280.7,152208.564
2023-11-02 08:00:00+00:00,35280.6,35487.0,34533.1,34645.2,151068.105
2023-11-02 16:00:00+00:00,34645.1,35099.0,34300.0,34940.1,106945.058
2023-11-03 00:00:00+00:00,34940.1,34944.9,34300.1,34470.0,85874.534
2023-11-03 08:00:00+00:00,34469.9,34850.0,34123.0,34759.5,139951.491
2023-11-03 16:00:00+00:00,34759.5,34825.0,34304.1,34700.4,80222.174
2023-11-04 00:00:00+00:00,34700.5,35111.0,34571.6,34759.1,56830.657
2023-11-04 08:00:00+00:00,34759.2,34880.0,34632.5,34709.8,33241.92
2023-11-04 16:00:00+00:00,34709.9,35270.0,34685.1,35069.7,50674.297
2023-11-05 00:00:00+00:00,35069.7,35350.0,34933.3,35175.4,58658.761
2023-11-05 08:00:00+00:00,35175.5,35210.4,34758.0,34893.9,65092.507
2023-11-05 16:00:00+00:00,34893.9,35455.2,34356.0,35025.5,107612.071
2023-11-06 00:00:00+00:00,35025.5,35137.9,34743.2,34918.5,51629.286
2023-11-06 08:00:00+00:00,34918.5,35299.9,34836.4,35094.5,95391.15
2023-11-06 16:00:00+00:00,35094.5,35172.9,34821.0,35057.4,55206.779
2023-11-07 00:00:00+00:00,35057.5,35066.0,34808.0,34947.3,40474.632
2023-11-07 08:00:00+00:00,34947.3,34988.0,34520.3,34728.4,101473.458
2023-11-07 16:00:00+00:00,34728.5,35921.7,34560.0,35406.5,201577.86
2023-11-08 00:00:00+00:00,35406.5,35436.1,35172.7,35239.6,46984.019
2023-11-08 08:00:00+00:00,35239.5,35485.0,35073.0,35231.3,75481.318
2023-11-08 16:00:00+00:00,35231.4,36150.0,35194.3,35626.7,212314.112
2023-11-09 00:00:00+00:00,35626.7,36888.0,35538.8,36550.6,193302.043
2023-11-09 08:00:00+00:00,36550.6,38499.9,36550.6,37141.5,318409.833
2023-11-09 16:00:00+00:00,37141.5,37277.1,35304.0,36719.5,267166.061
2023-11-10 00:00:00+00:00,36719.6,36940.6,36461.8,36480.2,67124.735
2023-11-10 08:00:00+00:00,36480.3,37276.0,36350.0,37118.4,129362.305
2023-11-10 16:00:00+00:00,37092.6,37570.0,37080.0,37330.4,90833.557
2023-11-11 00:00:00+00:00,37330.3,37422.2,36921.1,37030.5,57840.622
2023-11-11 08:00:00+00:00,37030.5,37297.9,36935.1,37071.5,46944.093
2023-11-11 16:00:00+00:00,37071.5,37211.8,36588.0,37162.1,54454.569
2023-11-12 00:00:00+00:00,37162.1,37222.9,36753.6,37154.1,45812.618
2023-11-12 08:00:00+00:00,37154.1,37258.4,36955.0,37178.3,39679.758
2023-11-12 16:00:00+00:00,37178.3,37247.7,36960.0,37085.5,33397.669
2023-11-13 00:00:00+00:00,37085.6,37464.8,36760.0,36982.5,78078.864
2023-11-13 08:00:00+00:00,36982.5,37065.9,36546.5,36871.7,88327.931
2023-11-13 16:00:00+00:00,36871.7,37074.3,36350.0,36486.2,90668.853
2023-11-14 00:00:00+00:00,36486.2,36740.8,36220.4,36705.5,59697.696
2023-11-14 08:00:00+00:00,36705.5,36779.9,35665.2,36168.7,151702.166
2023-11-14 16:00:00+00:00,36168.8,36449.0,34446.3,35559.0,185865.938
2023-11-15 00:00:00+00:00,35559.1,35685.0,35388.0,35597.4,43307.841
2023-11-15 08:00:00+00:00,35597.8,36430.0,35593.0,36412.1,120217.185
2023-11-15 16:00:00+00:00,36412.2,38000.0,36256.0,37885.6,260293.544
2023-11-16 00:00:00+00:00,37885.5,37956.5,37351.0,37460.7,81446.374
2023-11-16 08:00:00+00:00,37460.6,37574.9,36251.0,36423.1,187636.446
2023-11-16 16:00:00+00:00,36423.3,36658.2,35486.1,36176.0,165361.546
2023-11-17 00:00:00+00:00,36176.0,36687.4,36108.3,36252.0,73375.378
2023-11-17 08:00:00+00:00,36251.9,36636.7,35868.3,36059.0,123092.247
2023-11-17 16:00:00+00:00,36059.1,37020.5,35917.1,36621.9,123475.426
2023-11-18 00:00:00+00:00,36621.9,36625.7,36196.0,36429.0,34704.604
2023-11-18 08:00:00+00:00,36429.0,36693.0,36364.8,36671.9,39503.089
2023-11-18 16:00:00+00:00,36672.0,36900.0,36450.0,36580.9,47513.229
2023-11-19 00:00:00+00:00,36580.9,36684.9,36400.0,36624.0,28486.136
2023-11-19 08:00:00+00:00,36624.0,36720.9,36380.0,36575.1,39275.258
2023-11-19 16:00:00+00:00,36575.1,37528.2,36515.5,37375.9,86951.613
2023-11-20 00:00:00+00:00,37375.8,37397.2,37050.0,37261.1,54020.744
2023-11-20 08:00:00+00:00,37261.0,37525.0,36600.0,37475.1,114277.237
2023-11-20 16:00:00+00:00,37475.0,37784.7,36780.0,37462.5,142206.056
2023-11-21 00:00:00+00:00,37462.6,37675.0,37250.4,37297.1,49981.499
2023-11-21 08:00:00+00:00,37297.1,37439.5,36212.2,36975.9,184346.171
2023-11-21 16:00:00+00:00,36975.8,37531.0,35720.0,35737.0,216403.49
2023-11-22 00:00:00+00:00,35737.0,36560.0,35610.7,36430.7,82891.616
2023-11-22 08:00:00+00:00,36430.7,36779.0,36240.0,36480.5,92847.291
2023-11-22 16:00:00+00:00,36480.6,37880.0,36371.2,37413.4,162450.711
2023-11-23 00:00:00+00:00,37413.5,37548.0,37263.0,37378.5,41350.813
2023-11-23 08:00:00+00:00,37378.5,37650.0,36856.3,36954.1,96476.108
2023-11-23 16:00:00+00:00,36954.1,37391.5,36921.6,37294.3,47543.01
2023-11-24 00:00:00+00:00,37294.4,37587.0,37257.3,37531.1,34306.787
2023-11-24 08:00:00+00:00,37531.1,38425.0,37427.3,38217.3,210968.766
2023-11-24 16:00:00+00:00,38217.3,38351.2,37551.0,37706.3,105756.17
2023-11-25 00:00:00+00:00,37706.3,37840.0,37671.4,37795.0,26934.379
2023-11-25 08:00:00+00:00,37795.0,37827.0,37570.9,37697.8,31491.622
2023-11-25 16:00:00+00:00,37697.7,37886.5,37693.2,37766.6,24163.328
2023-11-26 00:00:00+00:00,37766.7,37788.5,37650.0,37773.5,15794.481
2023-11-26 08:00:00+00:00,37773.5,37807.6,37248.0,37418.0,71585.558
2023-11-26 16:00:00+00:00,37418.0,37744.9,37126.0,37437.9,86378.605
2023-11-27 00:00:00+00:00,37437.9,37560.0,37005.0,37272.1,56362.123
2023-11-27 08:00:00+00:00,37272.0,37457.0,36725.1,36743.2,126746.092
2023-11-27 16:00:00+00:00,36743.3,37279.0,36700.0,37234.3,83004.484
2023-11-28 00:00:00+00:00,37234.4,37338.0,36856.0,37087.2,53597.153
2023-11-28 08:00:00+00:00,37087.2,37568.6,36917.4,37502.2,80358.13
2023-11-28 16:00:00+00:00,37502.1,38395.0,37502.1,37812.1,184471.044
2023-11-29 00:00:00+00:00,37812.0,38238.0,37663.2,38095.7,56814.378
2023-11-29 08:00:00+00:00,38095.7,38500.0,37551.8,37817.6,143095.518
2023-11-29 16:00:00+00:00,37817.6,37924.5,37564.2,37837.1,61721.985
2023-11-30 00:00:00+00:00,37837.2,38132.0,37673.0,37783.2,51880.064
2023-11-30 08:00:00+00:00,37783.1,37964.6,37442.9,37614.0,102615.521
2023-11-30 16:00:00+00:00,37613.9,37807.0,37520.0,37716.8,36693.286
2023-12-01 00:00:00+00:00,37716.9,38344.8,37600.0,38234.9,90770.661
2023-12-01 08:00:00+00:00,38234.9,38844.0,38205.2,38401.5,146215.203
2023-12-01 16:00:00+00:00,38401.4,38989.0,38383.0,38660.0,105376.13
2023-12-02 00:00:00+00:00,38659.9,38815.5,38613.5,38683.9,31810.046
2023-12-02 08:00:00+00:00,38683.9,38859.5,38620.0,38787.0,34382.823
2023-12-02 16:00:00+00:00,38786.9,39900.0,38688.1,39435.0,147017.442
2023-12-03 00:00:00+00:00,39435.1,39549.0,39255.2,39474.1,36782.266
2023-12-03 08:00:00+00:00,39474.1,39820.0,39367.0,39758.5,72245.296
2023-12-03 16:00:00+00:00,39758.5,40410.1,39420.8,39979.7,112890.343
2023-12-04 00:00:00+00:00,39979.8,41792.0,39970.4,41471.9,226265.01
2023-12-04 08:00:00+00:00,41471.9,42179.0,41120.1,41280.8,235384.739
2023-12-04 16:00:00+00:00,41280.9,42440.0,41186.8,41993.1,140843.11
2023-12-05 00:00:00+00:00,41993.1,41993.1,41393.5,41534.2,76743.918
2023-12-05 08:00:00+00:00,41534.3,42542.0,41422.0,42266.7,132384.719
2023-12-05 16:00:00+00:00,42266.8,44528.1,42124.6,44081.7,365909.404
2023-12-06 00:00:00+00:00,44081.7,44160.1,43451.0,43697.1,101894.148
2023-12-06 08:00:00+00:00,43697.1,44349.8,43377.0,43795.3,195571.27
2023-12-06 16:00:00+00:00,43795.3,44173.7,43607.3,43774.8,86492.32
2023-12-07 00:00:00+00:00,43775.1,44066.7,43720.9,43899.4,39279.201
2023-12-07 08:00:00+00:00,43899.4,43959.1,42815.0,43679.8,209714.368
2023-12-07 16:00:00+00:00,43680.0,43786.9,43091.5,43296.0,97428.389
2023-12-08 00:00:00+00:00,43296.0,43586.5,43108.8,43184.5,52724.77
2023-12-08 08:00:00+00:00,43184.6,44081.6,43100.0,43778.5,114498.407
2023-12-08 16:00:00+00:00,43778.6,44779.3,43650.0,44209.5,114657.416
2023-12-09 00:00:00+00:00,44209.6,44389.2,44071.2,44220.6,45599.829
2023-12-09 08:00:00+00:00,44220.7,44238.0,43749.1,44088.0,89233.644
2023-12-09 16:00:00+00:00,44088.0,44140.0,43555.0,43734.3,54506.183
2023-12-10 00:00:00+00:00,43734.2,44042.8,43694.0,43995.8,32597.93
2023-12-10 08:00:00+00:00,43995.8,44075.5,43624.0,43945.4,61784.831
2023-12-10 16:00:00+00:00,43945.3,44099.2,43552.5,43810.0,50165.498
2023-12-11 00:00:00+00:00,43810.1,43833.4,40272.1,42128.0,267693.123
2023-12-11 08:00:00+00:00,42128.1,42490.5,41682.2,41824.7,110740.017
2023-12-11 16:00:00+00:00,41824.6,41892.6,40228.3,41271.0,242320.299
2023-12-12 00:00:00+00:00,41271.1,42095.3,41202.1,41930.1,103158.568
2023-12-12 08:00:00+00:00,41930.0,42125.0,41171.2,41376.6,128535.149
2023-12-12 16:00:00+00:00,41376.7,41577.0,40711.0,41515.0,124847.401
2023-12-13 00:00:00+00:00,41514.9,41524.2,40556.0,41146.3,105146.071
2023-12-13 08:00:00+00:00,41146.3,41979.0,40976.9,41960.0,102457.967
2023-12-13 16:00:00+00:00,41960.0,43517.6,41735.6,42875.0,189106.258
2023-12-14 00:00:00+00:00,42875.0,43126.2,42670.5,42910.1,63661.125
2023-12-14 08:00:00+00:00,42910.2,43379.3,41140.0,42454.1,188019.885
2023-12-14 16:00:00+00:00,42454.1,43450.1,42454.1,43032.4,109947.315
2023-12-15 00:00:00+00:00,43032.3,43098.0,42410.5,42724.8,63008.61
2023-12-15 08:00:00+00:00,42724.8,43054.0,41668.0,41930.3,117125.663
2023-12-15 16:00:00+00:00,41930.4,42280.0,41715.0,41968.0,77042.74
2023-12-16 00:00:00+00:00,41968.0,42448.4,41638.1,42243.1,58208.813
2023-12-16 08:00:00+00:00,42243.0,42640.8,42114.7,42631.7,51467.643
2023-12-16 16:00:00+00:00,42631.6,42756.7,42117.1,42287.4,50873.003
2023-12-17 00:00:00+00:00,42287.4,42322.2,41773.2,41894.6,56781.007
2023-12-17 08:00:00+00:00,41894.6,42036.6,41496.0,41828.5,65957.538
2023-12-17 16:00:00+00:00,41828.5,42476.0,41248.3,41396.5,101984.306
2023-12-18 00:00:00+00:00,41396.6,41487.5,40810.6,41159.9,89879.169
2023-12-18 08:00:00+00:00,41160.0,41780.0,40553.8,41288.0,162391.566
2023-12-18 16:00:00+00:00,41288.0,42795.3,41170.0,42671.7,123114.94
2023-12-19 00:00:00+00:00,42671.8,43550.0,42595.1,43062.0,103803.547
2023-12-19 08:00:00+00:00,43062.1,43297.1,42238.7,42512.8,108539.386
2023-12-19 16:00:00+00:00,42512.9,42675.0,41835.4,42298.3,102968.911
2023-12-20 00:00:00+00:00,42298.2,43056.9,42218.3,42950.0,68958.466
2023-12-20 08:00:00+00:00,42950.0,44384.6,42693.6,44079.0,173285.165
2023-12-20 16:00:00+00:00,44078.9,44290.0,43260.1,43708.9,134765.292
2023-12-21 00:00:00+00:00,43708.9,43920.0,43317.2,43794.8,61559.128
2023-12-21 08:00:00+00:00,43794.9,44287.2,43386.2,43857.7,128151.063
2023-12-21 16:00:00+00:00,43857.7,44175.0,43390.0,43896.3,87211.964
2023-12-22 00:00:00+00:00,43896.4,44484.0,43566.1,43614.1,97807.369
2023-12-22 08:00:00+00:00,43614.0,43877.5,43430.4,43699.9,86191.08
2023-12-22 16:00:00+00:00,43699.9,44086.0,43503.4,43999.2,54343.484
2023-12-23 00:00:00+00:00,43999.2,44023.0,43304.2,43582.0,56887.778
2023-12-23 08:00:00+00:00,43582.1,43899.8,43513.4,43782.0,37740.368
2023-12-23 16:00:00+00:00,43782.0,43880.1,43656.8,43725.2,26164.053
2023-12-24 00:00:00+00:00,43725.2,43994.8,43454.1,43678.6,48086.441
2023-12-24 08:00:00+00:00,43678.7,43908.3,43421.0,43707.0,43149.184
2023-12-24 16:00:00+00:00,43707.1,43750.6,42550.0,43008.4,88731.626
2023-12-25 00:00:00+00:00,43008.4,43360.4,42755.4,43233.2,47216.314
2023-12-25 08:00:00+00:00,43233.3,43850.0,43083.2,43661.0,81763.13
2023-12-25 16:00:00+00:00,43661.0,43772.1,43354.3,43611.9,55230.83
2023-12-26 00:00:00+00:00,43611.9,43635.1,42552.3,42798.7,91511.472
2023-12-26 08:00:00+00:00,42798.7,42870.0,42109.0,42423.1,91346.833
2023-12-26 16:00:00+00:00,42423.1,42630.4,41597.0,42538.5,112725.373
2023-12-27 00:00:00+00:00,42538.6,42595.5,42145.7,42495.9,45651.022
2023-12-27 08:00:00+00:00,42496.0,43277.1,42443.0,43009.6,120820.839
2023-12-27 16:00:00+00:00,43010.0,43700.0,42890.3,43453.8,84879.677
2023-12-28 00:00:00+00:00,43453.8,43850.0,42821.0,43087.2,87611.36
2023-12-28 08:00:00+00:00,43087.3,43233.0,42439.6,42485.8,100400.654
2023-12-28 16:00:00+00:00,42485.9,42788.7,42320.5,42600.1,69503.168
2023-12-29 00:00:00+00:00,42600.1,42839.1,42123.1,42314.5,87127.035
2023-12-29 08:00:00+00:00,42314.5,43171.9,42160.0,42301.6,108713.759
2023-12-29 16:00:00+00:00,42301.6,42389.0,41283.2,42095.1,141581.071
2023-12-30 00:00:00+00:00,42095.1,42250.0,41854.4,41987.1,40091.75
2023-12-30 08:00:00+00:00,41987.1,42473.4,41550.0,42410.3,83473.869
2023-12-30 16:00:00+00:00,42410.4,42654.6,42106.5,42174.2,60325.051
2023-12-31 00:00:00+00:00,42174.3,42729.2,42001.0,42567.0,52336.813
2023-12-31 08:00:00+00:00,42567.0,42951.0,42381.0,42489.6,67521.635
2023-12-31 16:00:00+00:00,42489.6,42766.7,42083.1,42314.0,53649.841
2024-01-01 00:00:00+00:00,42314.0,42832.0,42207.9,42527.0,49159.997
2024-01-01 08:00:00+00:00,42527.1,42887.5,42489.4,42818.0,44386.229
2024-01-01 16:00:00+00:00,42818.0,44266.0,42693.1,44230.2,112877.918
2024-01-02 00:00:00+00:00,44230.3,45832.8,44200.9,45495.5,177167.18
2024-01-02 08:00:00+00:00,45495.6,45950.0,44868.1,45215.0,172072.992
2024-01-02 16:00:00+00:00,45215.0,45449.2,44598.0,44979.8,110558.351
2024-01-03 00:00:00+00:00,44979.7,45463.5,44895.8,45030.4,54297.288
2024-01-03 08:00:00+00:00,45030.5,45582.3,40333.0,43014.0,387480.268
2024-01-03 16:00:00+00:00,43014.0,43595.9,41920.0,42849.5,154077.669
2024-01-04 00:00:00+00:00,42849.5,43290.0,42625.0,42775.0,67052.419
2024-01-04 08:00:00+00:00,42775.1,44343.1,42645.1,44050.4,130884.953
2024-01-04 16:00:00+00:00,44050.4,44840.8,43773.4,44143.8,135985.726
2024-01-05 00:00:00+00:00,44143.8,44284.0,42300.0,43769.6,129314.446
2024-01-05 08:00:00+00:00,43769.6,44332.4,43000.0,43495.2,136299.038
2024-01-05 16:00:00+00:00,43495.1,44500.0,43090.0,44145.4,109354.307
2024-01-06 00:00:00+00:00,44145.3,44214.6,43391.3,43645.3,54567.604
2024-01-06 08:00:00+00:00,43645.4,43925.0,43527.2,43863.6,40252.511
2024-01-06 16:00:00+00:00,43863.6,44149.9,43645.0,43956.7,43722.682
2024-01-07 00:00:00+00:00,43956.6,44267.9,43824.2,44071.5,42302.857
2024-01-07 08:00:00+00:00,44071.6,44486.9,43862.8,44035.0,70083.704
2024-01-07 16:00:00+00:00,44034.9,44262.9,43557.5,43916.9,68324.153
2024-01-08 00:00:00+00:00,43916.9,44431.1,43158.1,43970.0,101892.559
2024-01-08 08:00:00+00:00,43969.9,45440.0,43629.7,44969.6,173017.55
2024-01-08 16:00:00+00:00,44969.7,47312.0,44783.8,46972.7,220177.874
2024-01-09 00:00:00+00:00,46972.6,47173.5,46253.7,46841.0,87841.583
2024-01-09 08:00:00+00:00,46841.0,47100.0,45400.0,46868.8,164849.447
2024-01-09 16:00:00+00:00,46868.9,48100.0,44417.2,46114.0,260671.743
2024-01-10 00:00:00+00:00,46113.9,46252.5,45629.6,45766.4,58436.547
2024-01-10 08:00:00+00:00,45766.3,45876.7,44291.5,45569.0,203782.382
2024-01-10 16:00:00+00:00,45569.4,47699.3,44720.0,46662.9,406438.545
2024-01-11 00:00:00+00:00,46663.0,46758.0,45610.1,46096.1,82926.45
2024-01-11 08:00:00+00:00,46096.1,49027.5,46051.6,46813.4,328831.371
2024-01-11 16:00:00+00:00,46813.4,47065.8,45600.0,46337.8,184940.558
2024-01-12 00:00:00+00:00,46337.9,46536.2,45714.2,46002.6,72978.0
2024-01-12 08:00:00+00:00,46002.6,46280.0,44360.8,44495.1,170185.588
2024-01-12 16:00:00+00:00,44495.1,44719.7,41370.0,42788.9,332779.67
2024-01-13 00:00:00+00:00,42789.0,43265.1,42445.7,43102.1,72891.556
2024-01-13 08:00:00+00:00,43102.1,43273.4,42509.8,43159.7,87613.364
2024-01-13 16:00:00+00:00,43159.9,43193.9,42703.2,42846.4,47232.406
2024-01-14 00:00:00+00:00,42846.4,43064.4,42553.0,43012.8,37979.307
2024-01-14 08:00:00+00:00,43012.8,43096.1,42710.3,42908.4,36918.362
2024-01-14 16:00:00+00:00,42908.4,43019.1,41713.5,41734.9,106199.299
2024-01-15 00:00:00+00:00,41734.9,42829.8,41720.0,42713.1,62194.29
2024-01-15 08:00:00+00:00,42713.1,42969.0,42156.0,42278.7,78360.646
2024-01-15 16:00:00+00:00,42278.7,43376.0,42249.1,42515.0,99504.205
2024-01-16 00:00:00+00:00,42515.0,42945.0,42466.1,42788.1,42118.632
2024-01-16 08:00:00+00:00,42788.5,43333.0,42050.0,43251.7,153865.903
2024-01-16 16:00:00+00:00,43251.0,43589.0,42825.5,43133.0,91222.698
2024-01-17 00:00:00+00:00,43133.0,43198.0,42616.0,42654.0,45150.164
2024-01-17 08:00:00+00:00,42654.0,42934.9,42355.5,42478.3,93981.802
2024-01-17 16:00:00+00:00,42478.2,42869.3,42200.0,42783.4,70264.115
2024-01-18 00:00:00+00:00,42783.3,42930.1,42515.0,42918.3,35017.613
2024-01-18 08:00:00+00:00,42918.3,42932.3,42351.0,42618.9,75726.156
2024-01-18 16:00:00+00:00,42619.0,42619.0,40673.6,41323.1,224336.987
2024-01-19 00:00:00+00:00,41323.2,41578.3,40739.6,41282.0,68148.419
2024-01-19 08:00:00+00:00,41281.9,41518.4,40718.5,40897.0,95685.377
2024-01-19 16:00:00+00:00,40897.1,42197.0,40300.0,41662.2,182107.934
2024-01-20 00:00:00+00:00,41662.1,41781.4,41458.5,41652.4,31070.949
2024-01-20 08:00:00+00:00,41652.4,41706.5,41453.6,41570.3,39291.947
2024-01-20 16:00:00+00:00,41570.2,41883.5,41522.0,41691.8,25503.166
2024-01-21 00:00:00+00:00,41691.8,41735.0,41544.0,41648.6,14425.225
2024-01-21 08:00:00+00:00,41648.5,41880.9,41600.0,41652.8,28672.017
2024-01-21 16:00:00+00:00,41652.7,41820.0,41500.0,41580.0,23938.31
2024-01-22 00:00:00+00:00,41579.9,41692.3,40666.0,41042.6,92215.033
2024-01-22 08:00:00+00:00,41042.7,41253.7,40333.0,40774.7,151329.681
2024-01-22 16:00:00+00:00,40775.0,40880.1,39402.0,39567.0,215479.392
2024-01-23 00:00:00+00:00,39567.1,40172.7,39508.0,39773.9,57769.456
2024-01-23 08:00:00+00:00,39773.9,39862.9,38545.0,39197.4,229402.505
2024-01-23 16:00:00+00:00,39197.5,39898.0,38925.6,39890.0,127201.425
2024-01-24 00:00:00+00:00,39889.9,40247.0,39550.0,39979.4,81430.174
2024-01-24 08:00:00+00:00,39979.5,40560.6,39754.4,40046.7,110826.045
2024-01-24 16:00:00+00:00,40046.7,40208.4,39493.3,40078.7,80497.952
2024-01-25 00:00:00+00:00,40078.8,40170.0,39778.3,40119.6,41139.274
2024-01-25 08:00:00+00:00,40119.6,40300.0,39605.0,39793.6,91890.746
2024-01-25 16:00:00+00:00,39793.6,40053.6,39535.3,39953.3,70698.659
2024-01-26 00:00:00+00:00,39953.3,40250.0,39813.1,39956.0,44439.701
2024-01-26 08:00:00+00:00,39956.0,41587.3,39944.7,41399.8,189221.481
2024-01-26 16:00:00+00:00,41399.8,42239.3,41383.8,41806.4,121757.296
2024-01-27 00:00:00+00:00,41806.4,41924.0,41594.0,41699.1,33916.634
2024-01-27 08:00:00+00:00,41699.0,41880.0,41360.1,41797.4,47173.515
2024-01-27 16:00:00+00:00,41797.5,42187.1,41727.0,42102.2,37346.965
2024-01-28 00:00:00+00:00,42102.2,42836.0,41908.2,42369.9,80787.083
2024-01-28 08:00:00+00:00,42370.0,42688.0,42130.0,42244.5,61271.966
2024-01-28 16:00:00+00:00,42244.5,42340.0,41600.0,42021.2,63677.404
2024-01-29 00:00:00+00:00,42021.2,42493.0,41865.4,42040.0,52038.153
2024-01-29 08:00:00+00:00,42040.0,42636.0,41768.3,42623.2,84309.695
2024-01-29 16:00:00+00:00,42623.1,43340.8,42495.7,43287.7,113154.262
2024-01-30 00:00:00+00:00,43287.6,43798.2,43111.3,43346.6,70087.725
2024-01-30 08:00:00+00:00,43346.7,43888.0,43092.0,43355.5,103953.799
2024-01-30 16:00:00+00:00,43355.4,43750.0,42665.6,42918.3,83541.26
2024-01-31 00:00:00+00:00,42918.3,43090.0,42634.3,43031.6,49376.251
2024-01-31 08:00:00+00:00,43031.5,43460.0,42341.0,43341.8,121790.665
2024-01-31 16:00:00+00:00,43341.9,43748.6,42257.6,42560.5,141902.194
2024-02-01 00:00:00+00:00,42560.5,42674.9,41866.8,42182.2,77164.161
2024-02-01 08:00:00+00:00,42182.3,42936.6,41926.3,42500.1,98516.867
2024-02-01 16:00:00+00:00,42500.0,43288.0,42350.0,43072.6,98640.079
2024-02-02 00:00:00+00:00,43072.6,43430.0,42926.4,43076.0,47152.298
2024-02-02 08:00:00+00:00,43076.0,43250.0,42512.7,43222.9,92201.727
2024-02-02 16:00:00+00:00,43222.9,43480.0,42756.1,43182.0,66413.549
2024-02-03 00:00:00+00:00,43182.0,43372.2,43017.0,43037.1,28355.328
2024-02-03 08:00:00+00:00,43037.1,43181.3,42858.3,43097.4,31876.278
2024-02-03 16:00:00+00:00,43097.5,43264.3,42925.9,42992.4,29503.614
2024-02-04 00:00:00+00:00,42992.4,43055.0,42702.4,42822.9,28007.218
2024-02-04 08:00:00+00:00,42822.8,43112.1,42721.8,42926.7,37328.477
2024-02-04 16:00:00+00:00,42926.7,42977.2,42176.7,42570.3,62085.853
2024-02-05 00:00:00+00:00,42570.3,43168.4,42235.1,43059.0,61901.674
2024-02-05 08:00:00+00:00,43058.9,43580.0,42580.0,42629.7,103300.183
2024-02-05 16:00:00+00:00,42629.7,42873.2,42311.2,42692.9,75453.692
2024-02-06 00:00:00+00:00,42692.9,42941.1,42559.8,42870.0,43293.709
2024-02-06 08:00:00+00:00,42870.0,43266.4,42631.0,43232.0,93943.457
2024-02-06 16:00:00+00:00,43232.0,43378.8,42980.8,43079.1,58920.477
2024-02-07 00:00:00+00:00,43079.1,43179.6,42763.4,42904.8,37858.93
2024-02-07 08:00:00+00:00,42904.9,43314.9,42813.6,43057.8,70939.277
2024-02-07 16:00:00+00:00,43057.7,44388.0,42992.2,44326.2,143259.501
2024-02-08 00:00:00+00:00,44326.3,44795.1,44306.8,44500.8,75359.412
2024-02-08 08:00:00+00:00,44500.8,45450.0,44496.5,45406.3,131980.659
2024-02-08 16:00:00+00:00,45406.4,45600.0,44878.0,45269.1,92398.217
2024-02-09 00:00:00+00:00,45269.2,46444.0,45218.1,46185.1,117333.929
2024-02-09 08:00:00+00:00,46185.1,47699.5,46183.4,47136.9,254910.045
2024-02-09 16:00:00+00:00,47137.0,48230.3,47020.1,47116.1,147675.445
2024-02-10 00:00:00+00:00,47116.1,47489.9,47025.6,47130.5,39197.415
2024-02-10 08:00:00+00:00,47130.6,47377.0,46836.4,47332.0,58866.359
2024-02-10 16:00:00+00:00,47331.9,48189.6,47139.0,47732.6,81562.83
2024-02-11 00:00:00+00:00,47732.6,48600.0,47539.4,48169.6,85971.763
2024-02-11 08:00:00+00:00,48169.5,48469.3,47912.1,48140.8,67093.287
2024-02-11 16:00:00+00:00,48140.7,48401.1,47938.0,48303.4,56886.576
2024-02-12 00:00:00+00:00,48303.4,48846.0,47702.0,48213.0,87768.843
2024-02-12 08:00:00+00:00,48213.0,49965.3,47711.0,49925.4,179799.912
2024-02-12 16:00:00+00:00,49925.5,50413.2,49411.6,49943.6,183326.447
2024-02-13 00:00:00+00:00,49943.6,50428.8,49754.4,50019.9,63875.161
2024-02-13 08:00:00+00:00,50019.8,50290.0,48356.0,48753.1,209977.151
2024-02-13 16:00:00+00:00,48753.2,49783.5,48301.0,49696.4,108495.773
2024-02-14 00:00:00+00:00,49696.4,49900.0,49215.7,49845.0,49895.028
2024-02-14 08:00:00+00:00,49844.9,52100.0,49742.4,51616.4,260020.664
2024-02-14 16:00:00+00:00,51616.5,51924.7,51217.7,51823.2,85276.099
2024-02-15 00:00:00+00:00,51823.1,52568.3,51651.0,51802.4,115982.099
2024-02-15 08:00:00+00:00,51802.5,52859.0,51666.0,51968.7,163923.132
2024-02-15 16:00:00+00:00,51968.6,52419.1,51334.9,51898.5,112819.372
2024-02-16 00:00:00+00:00,51898.4,52376.1,51758.0,51786.4,61817.909
2024-02-16 08:00:00+00:00,51786.4,52623.0,51611.7,51909.3,138463.178
2024-02-16 16:00:00+00:00,51909.2,52284.3,51665.4,52148.6,59538.706
2024-02-17 00:00:00+00:00,52148.7,52192.8,51811.0,51933.9,23753.844
2024-02-17 08:00:00+00:00,51933.9,51934.0,50647.5,51013.4,128320.75
2024-02-17 16:00:00+00:00,51013.4,52109.0,50770.8,51679.4,70267.411
2024-02-18 00:00:00+00:00,51679.5,51841.4,51178.0,51703.7,48962.404
2024-02-18 08:00:00+00:00,51703.7,52107.3,51563.3,51808.9,55862.304
2024-02-18 16:00:00+00:00,51809.0,52450.0,51616.5,52175.9,61811.718
2024-02-19 00:00:00+00:00,52175.9,52532.9,51933.1,52423.9,55934.03
2024-02-19 08:00:00+00:00,52424.0,52509.1,52051.0,52157.5,67258.898
2024-02-19 16:00:00+00:00,52157.5,52270.0,51688.8,51813.8,73195.05
2024-02-20 00:00:00+00:00,51813.7,52077.0,51330.5,51869.2,60343.565
2024-02-20 08:00:00+00:00,51869.2,53090.9,51367.6,51712.7,205612.211
2024-02-20 16:00:00+00:00,51712.7,52561.8,50788.0,52297.4,122957.288
2024-02-21 00:00:00+00:00,52297.3,52402.3,51510.0,51599.9,54515.784
2024-02-21 08:00:00+00:00,51599.9,51835.6,50528.4,51183.7,156855.244
2024-02-21 16:00:00+00:00,51183.6,51991.2,50663.0,51877.8,96756.273
2024-02-22 00:00:00+00:00,51877.9,51949.1,51176.8,51860.6,61317.41
2024-02-22 08:00:00+00:00,51860.6,52078.0,50967.5,51630.0,103411.234
2024-02-22 16:00:00+00:00,51630.0,52130.8,51203.7,51316.9,79416.003
2024-02-23 00:00:00+00:00,51316.9,51576.3,50900.2,50952.3,55536.062
2024-02-23 08:00:00+00:00,50952.3,51372.3,50804.4,50938.1,91172.214
2024-02-23 16:00:00+00:00,50938.2,51228.6,50512.7,50771.9,68766.286
2024-02-24 00:00:00+00:00,50771.9,51133.3,50611.4,51099.8,35328.01
2024-02-24 08:00:00+00:00,51099.8,51204.2,50965.0,51124.6,21557.472
2024-02-24 16:00:00+00:00,51124.7,51736.6,51117.1,51602.1,48058.975
2024-02-25 00:00:00+00:00,51602.1,51949.8,51465.5,51756.8,37532.55
2024-02-25 08:00:00+00:00,51756.9,51828.4,51465.0,51547.8,33957.067
2024-02-25 16:00:00+00:00,51547.9,52050.0,51300.4,51764.9,50687.643
2024-02-26 00:00:00+00:00,51764.9,51846.1,51320.0,51327.5,30899.081
2024-02-26 08:00:00+00:00,51327.5,52885.5,50922.5,52872.3,138630.774
2024-02-26 16:00:00+00:00,52872.2,54991.8,52777.2,54511.6,223936.376
2024-02-27 00:00:00+00:00,54511.7,57780.0,54495.0,56100.0,200821.493
2024-02-27 08:00:00+00:00,56100.1,57494.3,56075.6,56775.0,183739.153
2024-02-27 16:00:00+00:00,56775.1,57679.5,56231.0,57074.5,126914.889
2024-02-28 00:00:00+00:00,57074.5,58472.8,56730.1,58300.0,81557.409
2024-02-28 08:00:00+00:00,58299.9,61437.4,58226.9,61000.0,402749.495
2024-02-28 16:00:00+00:00,61000.0,64300.0,59000.0,62487.9,525811.538
2024-02-29 00:00:00+00:00,62487.9,63762.8,61105.2,62761.5,172489.665
2024-02-29 08:00:00+00:00,62761.6,63599.9,62050.0,62809.1,179468.074
2024-02-29 16:00:00+00:00,62809.1,62952.4,60452.0,61203.3,232756.144
2024-03-01 00:00:00+00:00,61203.3,61856.7,60844.8,61485.8,65400.384
2024-03-01 08:00:00+00:00,61485.9,62750.0,61200.0,61335.3,120336.993
2024-03-01 16:00:00+00:00,61335.4,63199.0,61312.1,62430.6,113494.45
2024-03-02 00:00:00+00:00,62430.6,62513.1,61820.0,62071.9,59225.792
2024-03-02 08:00:00+00:00,62071.9,62248.2,61605.0,61834.5,63135.874
2024-03-02 16:00:00+00:00,61834.5,62276.6,61700.0,62039.9,36921.963
2024-03-03 00:00:00+00:00,62039.9,62181.2,61339.5,61641.0,49982.944
2024-03-03 08:00:00+00:00,61641.0,62720.0,61452.3,62210.7,79222.281
2024-03-03 16:00:00+00:00,62210.8,63330.9,62141.0,63178.5,71107.278
2024-03-04 00:00:00+00:00,63178.5,64429.3,62299.0,64120.6,144279.283
2024-03-04 08:00:00+00:00,64120.6,66666.6,64078.2,66505.4,235114.234
2024-03-04 16:00:00+00:00,66505.4,68600.0,66100.0,68296.4,253488.627
2024-03-05 00:00:00+00:00,68296.5,68824.7,65021.1,66223.8,204345.961
2024-03-05 08:00:00+00:00,66223.8,69350.0,65600.0,66841.3,268529.839
2024-03-05 16:00:00+00:00,66839.8,67096.5,59112.0,63747.4,580149.332
2024-03-06 00:00:00+00:00,63747.5,66846.6,62829.3,66759.4,162703.01
2024-03-06 08:00:00+00:00,66759.3,67729.5,64615.5,66541.3,267903.212
2024-03-06 16:00:00+00:00,66541.3,67570.0,65750.6,66128.1,103405.591
2024-03-07 00:00:00+00:00,66128.0,66539.0,65609.3,66447.8,70564.174
2024-03-07 08:00:00+00:00,66447.8,67994.0,66404.2,67317.1,132351.003
2024-03-07 16:00:00+00:00,67317.2,68101.3,66852.1,66870.0,93177.611
2024-03-08 00:00:00+00:00,66870.0,67719.3,66800.0,67308.5,51687.27
2024-03-08 08:00:00+00:00,67308.5,70330.8,67093.0,67685.8,195754.764
2024-03-08 16:00:00+00:00,67685.8,69447.0,66120.0,68180.2,211945.173
2024-03-09 00:00:00+00:00,68180.2,68608.7,67908.7,68336.3,32737.012
2024-03-09 08:00:00+00:00,68336.3,68580.0,67996.0,68341.6,40504.004
2024-03-09 16:00:00+00:00,68341.5,68497.8,68050.0,68360.1,21657.989
2024-03-10 00:00:00+00:00,68360.2,69780.0,68262.5,69430.0,74570.376
2024-03-10 08:00:00+00:00,69429.9,69999.8,68672.9,69254.7,97097.51
2024-03-10 16:00:00+00:00,69254.6,69845.9,68155.0,69001.8,61928.637
2024-03-11 00:00:00+00:00,69001.8,71537.7,67000.0,71223.8,184192.878
2024-03-11 08:00:00+00:00,71223.9,72772.5,71211.5,72061.4,196299.304
2024-03-11 16:00:00+00:00,72061.3,72890.0,71800.0,72153.8,93904.715
2024-03-12 00:00:00+00:00,72153.9,72571.0,71300.0,72175.5,83674.749
2024-03-12 08:00:00+00:00,72175.6,73370.0,70777.7,71779.2,168704.789
2024-03-12 16:00:00+00:00,71779.2,71910.0,68600.0,71503.2,219692.793
2024-03-13 00:00:00+00:00,71503.3,73311.7,71388.1,72964.0,79286.943
2024-03-13 08:00:00+00:00,72964.1,73755.0,71671.1,72670.2,147532.784
2024-03-13 16:00:00+00:00,72670.2,73485.1,72410.6,73127.6,61626.611
2024-03-14 00:00:00+00:00,73127.6,73881.4,72540.5,73280.7,81739.59
2024-03-14 08:00:00+00:00,73280.7,73598.0,70563.0,70904.5,179972.833
2024-03-14 16:00:00+00:00,70904.5,71785.0,68600.0,71455.5,252188.814
2024-03-15 00:00:00+00:00,71455.6,72500.0,66660.1,68487.4,296082.349
2024-03-15 08:00:00+00:00,68487.4,68777.0,65580.0,68199.2,236203.594
2024-03-15 16:00:00+00:00,68199.2,70715.9,67420.0,69552.2,173524.742
2024-03-16 00:00:00+00:00,69552.1,70097.6,68646.0,69490.2,61967.302
2024-03-16 08:00:00+00:00,69490.2,69490.2,67576.0,68431.8,91282.445
2024-03-16 16:00:00+00:00,68431.9,68477.0,64750.0,65351.0,180176.382
2024-03-17 00:00:00+00:00,65351.0,66630.7,64559.8,65681.2,124330.301
2024-03-17 08:00:00+00:00,65681.1,68199.0,65333.0,68009.8,124591.122
2024-03-17 16:00:00+00:00,68009.9,68972.4,67812.2,68447.9,65968.886
2024-03-18 00:00:00+00:00,68447.9,69044.4,66814.6,68262.9,91247.669
2024-03-18 08:00:00+00:00,68262.9,68685.3,66658.0,67509.2,138625.745
2024-03-18 16:00:00+00:00,67509.2,68140.0,66601.6,67660.0,88012.502
2024-03-19 00:00:00+00:00,67660.0,68178.6,63625.0,64742.1,232743.508
2024-03-19 08:00:00+00:00,64742.1,64750.0,62412.1,64084.0,268856.179
2024-03-19 16:00:00+00:00,64084.1,65802.8,61582.8,61974.1,198867.108
2024-03-20 00:00:00+00:00,61974.1,63544.1,60800.0,62995.1,212407.526
2024-03-20 08:00:00+00:00,62995.1,64450.0,62676.6,63649.0,164252.813
2024-03-20 16:00:00+00:00,63648.9,68140.0,62057.7,67876.4,260702.126
2024-03-21 00:00:00+00:00,67876.4,68293.9,66129.0,67031.8,107942.615
2024-03-21 08:00:00+00:00,67031.8,67774.3,66105.8,66601.6,113347.813
2024-03-21 16:00:00+00:00,66601.6,67066.6,64550.1,65539.9,125927.957
2024-03-22 00:00:00+00:00,65539.9,66691.9,65163.0,66223.4,67881.454
2024-03-22 08:00:00+00:00,66223.3,66413.0,62614.5,63920.0,206467.689
2024-03-22 16:00:00+00:00,63920.0,64168.0,62294.0,63826.0,126800.19
2024-03-23 00:00:00+00:00,63826.1,64887.6,63020.2,64606.5,83747.218
2024-03-23 08:00:00+00:00,64606.6,65473.8,64221.3,65147.5,80590.663
2024-03-23 16:00:00+00:00,65147.4,66050.0,63861.9,64020.3,74786.119
2024-03-24 00:00:00+00:00,64020.4,64770.3,63822.0,64624.6,53482.668
2024-03-24 08:00:00+00:00,64624.6,65974.7,64511.9,65718.6,81014.311
2024-03-24 16:00:00+00:00,65718.6,67700.0,64635.0,67260.9,109682.456
2024-03-25 00:00:00+00:00,67260.9,67780.0,66427.6,66866.6,77620.799
2024-03-25 08:00:00+00:00,66866.5,70108.1,66784.2,69844.6,169898.323
2024-03-25 16:00:00+00:00,69844.5,71228.3,69505.8,69920.5,147637.069
2024-03-26 00:00:00+00:00,69920.6,71649.0,69782.2,70535.0,81039.457
2024-03-26 08:00:00+00:00,70535.0,71340.8,69320.0,70307.1,146118.863
2024-03-26 16:00:00+00:00,70307.0,70580.0,69420.0,70044.1,80702.796
2024-03-27 00:00:00+00:00,70044.2,70799.3,69690.1,69798.8,66974.922
2024-03-27 08:00:00+00:00,69797.5,71888.0,68551.0,68922.0,241471.253
2024-03-27 16:00:00+00:00,68922.1,69703.7,68364.8,69532.6,98840.399
2024-03-28 00:00:00+00:00,69532.6,70564.0,68941.0,70456.8,69350.253
2024-03-28 08:00:00+00:00,70457.0,71636.2,70344.9,71335.1,121083.023
2024-03-28 16:00:00+00:00,71335.2,71381.4,70455.6,70838.7,51537.546
2024-03-29 00:00:00+00:00,70838.8,70976.9,69801.9,69855.6,49374.732
2024-03-29 08:00:00+00:00,69855.6,70704.8,69000.0,69240.1,97067.597
2024-03-29 16:00:00+00:00,69240.4,69970.1,69125.4,69903.6,41528.512
2024-03-30 00:00:00+00:00,69903.6,70388.0,69753.3,69900.1,35479.278
2024-03-30 08:00:00+00:00,69900.2,70328.0,69872.3,70064.9,27512.119
2024-03-30 16:00:00+00:00,70065.0,70373.8,69577.2,69642.1,28135.353
2024-03-31 00:00:00+00:00,69642.0,70555.6,69608.0,70366.5,36392.403
2024-03-31 08:00:00+00:00,70367.5,70824.0,70200.0,70446.2,38419.815
2024-03-31 16:00:00+00:00,70446.2,71495.5,70387.8,71363.0,57646.572
2024-04-01 00:00:00+00:00,71363.0,71388.0,68895.5,69637.0,92784.447
2024-04-01 08:00:00+00:00,69637.0,70145.0,68210.0,68281.0,112739.523
2024-04-01 16:00:00+00:00,68280.9,69949.0,68103.3,69700.0,77288.156
2024-04-02 00:00:00+00:00,69700.0,69731.6,65600.0,66503.3,173311.627
2024-04-02 08:00:00+00:00,66503.4,66748.0,64650.0,64928.3,222126.735
2024-04-02 16:00:00+00:00,64928.2,66225.2,64603.2,65505.3,103603.21
2024-04-03 00:00:00+00:00,65502.4,66550.0,64500.0,66181.1,91924.103
2024-04-03 08:00:00+00:00,66181.2,66940.0,65555.0,65873.9,114520.463
2024-04-03 16:00:00+00:00,65873.9,66624.0,65451.1,65971.9,68596.664
2024-04-04 00:00:00+00:00,65971.8,66375.8,65100.0,66104.8,69414.558
2024-04-04 08:00:00+00:00,66104.7,67916.0,66036.0,67631.8,99988.562
2024-04-04 16:00:00+00:00,67631.7,69329.7,67291.3,68489.9,156982.218
2024-04-05 00:00:00+00:00,68489.8,68787.1,66376.0,66937.4,88102.213
2024-04-05 08:00:00+00:00,66937.4,68585.9,65966.0,68201.5,167057.359
2024-04-05 16:00:00+00:00,68200.0,68388.1,67326.6,67825.7,58387.721
2024-04-06 00:00:00+00:00,67825.8,68240.1,67450.0,67985.1,35872.126
2024-04-06 08:00:00+00:00,67985.1,68320.0,67525.0,68094.0,37188.487
2024-04-06 16:00:00+00:00,68094.0,69708.0,67923.4,68901.6,54283.113
2024-04-07 00:00:00+00:00,68901.5,69800.0,68820.6,69367.4,48025.222
2024-04-07 08:00:00+00:00,69367.3,69921.3,69198.3,69567.9,49124.405
2024-04-07 16:00:00+00:00,69567.9,70395.0,68881.3,69362.7,74633.809
2024-04-08 00:00:00+00:00,69362.7,70917.0,69040.4,70745.4,67257.718
2024-04-08 08:00:00+00:00,70745.4,72890.4,70677.6,71815.7,180486.964
2024-04-08 16:00:00+00:00,71815.7,72171.6,71338.3,71678.4,49492.767
2024-04-09 00:00:00+00:00,71678.3,71820.6,70160.0,70444.0,82116.122
2024-04-09 08:00:00+00:00,70444.1,71048.3,68538.0,69322.8,179468.563
2024-04-09 16:00:00+00:00,69322.8,69473.4,68216.0,69189.3,72474.718
2024-04-10 00:00:00+00:00,69189.2,69650.0,68514.0,69381.6,57521.409
2024-04-10 08:00:00+00:00,69381.6,69381.6,67546.2,68687.9,158494.967
2024-04-10 16:00:00+00:00,68688.0,71412.2,68585.0,70681.7,121758.38
2024-04-11 00:00:00+00:00,70681.8,71387.4,70340.0,70789.1,58445.876
2024-04-11 08:00:00+00:00,70789.1,71337.8,69592.6,70045.9,142518.74
2024-04-11 16:00:00+00:00,70045.9,70806.4,69608.1,70055.7,55229.537
2024-04-12 00:00:00+00:00,70055.6,71297.0,70044.4,70825.9,53968.891
2024-04-12 08:00:00+00:00,70825.9,71038.9,69267.0,69374.1,103313.405
2024-04-12 16:00:00+00:00,69374.0,69626.7,65102.0,67136.4,258245.853
2024-04-13 00:00:00+00:00,67136.4,67975.4,65754.6,67466.1,97287.015
2024-04-13 08:00:00+00:00,67466.1,67954.0,67116.9,67683.2,52987.205
2024-04-13 16:00:00+00:00,67683.2,67770.0,59652.5,63939.7,364730.983
2024-04-14 00:00:00+00:00,63939.7,64869.0,62139.3,64449.9,138762.486
2024-04-14 08:00:00+00:00,64449.9,64891.6,63428.6,64163.3,100157.838
2024-04-14 16:00:00+00:00,64163.3,65822.1,62550.0,65615.9,156849.809
2024-04-15 00:00:00+00:00,65615.9,66550.0,64649.2,66224.8,88982.806
2024-04-15 08:00:00+00:00,66224.9,66874.9,63800.0,64552.8,136232.046
2024-04-15 16:00:00+00:00,64552.6,64848.8,62242.5,63392.7,156317.373
2024-04-16 00:00:00+00:00,63392.8,63879.6,61651.8,63487.9,112114.233
2024-04-16 08:00:00+00:00,63488.0,63646.9,61521.0,61749.2,179389.949
2024-04-16 16:00:00+00:00,61749.2,64356.3,61680.0,63765.0,114427.257
2024-04-17 00:00:00+00:00,63764.9,64483.3,63170.5,63260.8,64498.153
2024-04-17 08:00:00+00:00,63260.7,63562.7,59713.2,60272.0,222008.429
2024-04-17 16:00:00+00:00,60274.0,61938.0,59625.0,61254.5,157526.41
2024-04-18 00:00:00+00:00,61254.5,62194.8,60763.8,61154.7,84468.399
2024-04-18 08:00:00+00:00,61154.6,64100.0,60824.2,63474.0,179786.286
2024-04-18 16:00:00+00:00,63473.9,63857.5,62268.4,63445.0,99047.709
2024-04-19 00:00:00+00:00,63445.0,65189.0,59541.0,64519.6,294727.836
2024-04-19 08:00:00+00:00,64519.5,65480.0,63779.7,64417.7,163790.15
2024-04-19 16:00:00+00:00,64417.6,64823.6,62910.0,63787.4,115746.072
2024-04-20 00:00:00+00:00,63787.4,64244.0,63045.1,63937.9,60377.938
2024-04-20 08:00:00+00:00,63938.0,64940.0,63244.0,64771.0,69139.256
2024-04-20 16:00:00+00:00,64771.0,65400.0,64421.8,64897.2,67625.068
2024-04-21 00:00:00+00:00,64897.2,65678.7,64570.5,65109.8,48471.026
2024-04-21 08:00:00+00:00,65109.8,65425.0,64728.3,65015.0,49565.759
2024-04-21 16:00:00+00:00,65014.9,65242.0,64214.2,64912.6,62497.163
2024-04-22 00:00:00+00:00,64912.7,66449.0,64470.5,65943.7,97858.808
2024-04-22 08:00:00+00:00,65943.8,66449.0,65600.7,65966.8,73307.381
2024-04-22 16:00:00+00:00,65966.8,67222.0,65866.8,66778.0,75102.222
2024-04-23 00:00:00+00:00,66777.9,67158.9,65988.0,66079.9,52647.012
2024-04-23 08:00:00+00:00,66079.9,67099.7,65750.0,66393.2,84181.025
2024-04-23 16:00:00+00:00,66393.2,66887.0,65924.7,66386.3,41837.527
2024-04-24 00:00:00+00:00,66386.2,67068.2,66347.2,66588.9,41625.245
2024-04-24 08:00:00+00:00,66588.9,66721.7,64489.7,64594.0,127829.731
2024-04-24 16:00:00+00:00,64593.5,65122.0,63575.0,64250.0,111090.085
2024-04-25 00:00:00+00:00,64250.0,64713.6,63800.0,63996.1,52747.748
2024-04-25 08:00:00+00:00,63996.2,64316.5,62721.3,64091.7,139773.053
2024-04-25 16:00:00+00:00,64091.6,65270.6,63934.0,64478.8,82690.261
2024-04-26 00:00:00+00:00,64478.8,64649.7,63844.0,64236.6,55073.98
2024-04-26 08:00:00+00:00,64236.7,64783.1,63325.0,63481.3,101319.377
2024-04-26 16:00:00+00:00,63481.2,64156.0,63291.5,63748.8,45756.456
2024-04-27 00:00:00+00:00,63748.7,63901.4,62332.8,62944.3,76946.767
2024-04-27 08:00:00+00:00,62944.3,63390.8,62650.0,62928.4,37863.038
2024-04-27 16:00:00+00:00,62928.3,63624.4,62700.2,63421.0,52539.304
2024-04-28 00:00:00+00:00,63420.9,64350.0,63420.9,63883.1,43061.2
2024-04-28 08:00:00+00:00,63883.2,63954.6,63230.7,63508.6,38906.11
2024-04-28 16:00:00+00:00,63508.5,63973.9,62700.0,63088.3,44088.841
2024-04-29 00:00:00+00:00,63088.4,63337.8,61888.0,62362.0,74033.71
2024-04-29 08:00:00+00:00,62362.1,63085.0,61726.2,63012.2,89443.797
2024-04-29 16:00:00+00:00,63012.2,64200.0,62511.1,63842.4,64933.656
2024-04-30 00:00:00+00:00,63842.4,64700.0,63050.0,63123.8,76238.804
2024-04-30 08:00:00+00:00,63123.7,63220.4,60517.6,60764.9,179490.18
2024-04-30 16:00:00+00:00,60764.9,61063.2,59150.0,60651.2,153018.719
2024-05-01 00:00:00+00:00,60651.2,60816.7,57030.0,57482.0,153425.367
2024-05-01 08:00:00+00:00,57482.0,58257.8,56537.7,56865.2,191990.649
2024-05-01 16:00:00+00:00,56865.3,59438.2,56600.0,58307.6,218692.384
2024-05-02 00:00:00+00:00,58307.7,58571.1,56951.6,57645.0,73285.608
2024-05-02 08:00:00+00:00,57645.0,59441.6,57542.4,59230.7,151459.776
2024-05-02 16:00:00+00:00,59230.8,59637.3,58594.4,59036.7,74483.918
2024-05-03 00:00:00+00:00,59036.7,59976.9,58781.3,59158.1,60517.033
2024-05-03 08:00:00+00:00,59158.1,62239.6,58818.2,61662.1,187228.15
2024-05-03 16:00:00+00:00,61662.2,63333.0,61497.6,62853.7,105861.276
2024-05-04 00:00:00+00:00,62853.7,63555.5,62520.0,62931.3,65182.539
2024-05-04 08:00:00+00:00,62931.4,64547.9,62888.0,63590.0,98297.155
2024-05-04 16:00:00+00:00,63590.1,64198.9,63278.1,63864.2,41725.505
2024-05-05 00:00:00+00:00,63864.3,64170.6,62833.0,63697.1,62200.418
2024-05-05 08:00:00+00:00,63697.1,64644.3,63505.7,64398.0,72706.132
2024-05-05 16:00:00+00:00,64398.1,64531.9,63520.3,63988.0,50589.103
2024-05-06 00:00:00+00:00,63987.9,64564.5,63666.0,64509.6,51798.015
2024-05-06 08:00:00+00:00,64509.5,65500.0,62900.0,63599.8,182551.583
2024-05-06 16:00:00+00:00,63599.9,63731.3,62655.3,63142.8,70760.469
2024-05-07 00:00:00+00:00,63142.7,63950.0,62805.6,63648.9,62056.045
2024-05-07 08:00:00+00:00,63648.9,64392.2,63001.0,63710.0,105778.228
2024-05-07 16:00:00+00:00,63710.1,63875.0,62203.6,62296.0,71140.373
2024-05-08 00:00:00+00:00,62296.0,62994.9,62036.1,62186.7,59817.371
2024-05-08 08:00:00+00:00,62186.7,62800.0,61736.7,62251.8,96796.266
2024-05-08 16:00:00+00:00,62251.9,62743.9,60843.6,61157.9,85037.942
2024-05-09 00:00:00+00:00,61157.9,61779.0,61087.0,61222.5,43497.524
2024-05-09 08:00:00+00:00,61222.5,62262.1,60550.0,62122.5,109403.853
2024-05-09 16:00:00+00:00,62122.5,63447.2,61707.8,63050.1,89549.925
2024-05-10 00:00:00+00:00,63050.0,63365.5,62633.2,63053.9,49158.29
2024-05-10 08:00:00+00:00,63053.8,63446.5,60645.3,60893.8,151627.623
2024-05-10 16:00:00+00:00,60893.7,61262.7,60117.4,60778.1,106429.047
2024-05-11 00:00:00+00:00,60778.0,61079.4,60617.0,60988.9,36156.259
2024-05-11 08:00:00+00:00,60989.0,61491.4,60432.6,61146.1,48682.728
2024-05-11 16:00:00+00:00,61146.1,61390.0,60720.3,60809.2,28455.8
2024-05-12 00:00:00+00:00,60809.2,61097.0,60557.3,60803.8,22637.96
2024-05-12 08:00:00+00:00,60803.8,61598.8,60757.7,61395.9,37447.079
2024-05-12 16:00:00+00:00,61395.9,61849.4,60870.0,61455.8,43958.858
2024-05-13 00:00:00+00:00,61455.7,62426.0,60750.0,62296.6,87741.547
2024-05-13 08:00:00+00:00,62296.5,63289.3,62296.5,62980.5,116898.07
2024-05-13 16:00:00+00:00,62981.2,63440.0,62540.2,62912.1,57287.456
2024-05-14 00:00:00+00:00,62912.2,63099.6,61373.2,62002.1,83355.476
2024-05-14 08:00:00+00:00,62002.0,62295.9,60950.0,61749.9,113697.68
2024-05-14 16:00:00+00:00,61750.0,61793.0,61116.6,61550.5,47292.118
2024-05-15 00:00:00+00:00,61550.5,62245.1,61316.1,62157.4,38946.562
2024-05-15 08:00:00+00:00,62157.5,65055.0,61886.8,64685.5,209926.961
2024-05-15 16:00:00+00:00,64685.4,66440.0,64681.5,66175.4,116158.157
2024-05-16 00:00:00+00:00,66175.4,66644.0,65633.0,66100.0,54575.01
2024-05-16 08:00:00+00:00,66100.0,66800.0,65339.0,65800.1,107011.004
2024-05-16 16:00:00+00:00,65800.0,65809.6,64567.0,65217.7,80869.31
2024-05-17 00:00:00+00:00,65217.7,66478.5,65061.2,66350.6,69464.175
2024-05-17 08:00:00+00:00,66350.5,67400.6,65773.8,67170.0,103231.346
2024-05-17 16:00:00+00:00,67169.9,67277.8,66158.4,66980.0,54368.398
2024-05-18 00:00:00+00:00,66980.0,67233.6,66696.1,66854.1,30831.232
2024-05-18 08:00:00+00:00,66854.1,67340.5,66503.2,66781.4,47396.603
2024-05-18 16:00:00+00:00,66781.3,67035.1,66682.6,66884.9,18703.713
2024-05-19 00:00:00+00:00,66884.9,67313.8,66810.0,67295.0,26121.812
2024-05-19 08:00:00+00:00,67295.1,67750.0,66619.4,66863.0,71200.411
2024-05-19 16:00:00+00:00,66863.0,66964.7,65835.8,66239.4,50848.127
2024-05-20 00:00:00+00:00,66239.4,67270.0,66010.0,66788.9,63663.556
2024-05-20 08:00:00+00:00,66788.9,67499.9,66716.3,67382.1,69371.543
2024-05-20 16:00:00+00:00,67382.1,71674.6,67344.9,71466.5,232992.979
2024-05-21 00:00:00+00:00,71466.5,72132.8,70740.8,70926.4,89082.704
2024-05-21 08:00:00+00:00,70926.3,71498.6,69722.0,69874.9,105260.611
2024-05-21 16:00:00+00:00,69874.8,70393.2,69165.6,70168.8,69331.012
2024-05-22 00:00:00+00:00,70168.7,70423.2,69242.0,69759.6,49555.141
2024-05-22 08:00:00+00:00,69759.6,70642.8,69466.7,70485.7,74599.644
2024-05-22 16:00:00+00:00,70485.7,70715.4,68736.8,69219.1,70005.709
2024-05-23 00:00:00+00:00,69219.2,69900.0,69219.1,69770.6,32644.337
2024-05-23 08:00:00+00:00,69770.6,70133.3,67612.8,68103.0,138658.61
2024-05-23 16:00:00+00:00,68102.9,68388.0,66156.6,67999.9,128790.675
2024-05-24 00:00:00+00:00,67999.9,68042.9,66850.0,67191.2,54953.708
2024-05-24 08:00:00+00:00,67191.2,68445.0,66639.0,68340.2,73916.189
2024-05-24 16:00:00+00:00,68340.3,69273.5,67950.0,68584.1,57811.185
2024-05-25 00:00:00+00:00,68584.0,68935.7,68523.7,68775.0,21147.338
2024-05-25 08:00:00+00:00,68775.1,69622.8,68767.0,68949.1,46774.875
2024-05-25 16:00:00+00:00,68949.0,69394.6,68870.6,69314.4,17191.392
2024-05-26 00:00:00+00:00,69314.5,69468.9,68830.0,69359.2,20057.884
2024-05-26 08:00:00+00:00,69359.2,69590.3,68678.5,68864.6,37851.38
2024-05-26 16:00:00+00:00,68864.7,68987.9,68155.0,68524.3,26160.56
2024-05-27 00:00:00+00:00,68524.4,69331.6,68327.3,68661.1,38370.184
2024-05-27 08:00:00+00:00,68661.0,70584.9,68268.7,70421.5,74574.403
2024-05-27 16:00:00+00:00,70421.4,70750.0,69100.0,69461.6,57346.769
2024-05-28 00:00:00+00:00,69461.5,69628.0,67500.0,67712.0,84367.273
2024-05-28 08:00:00+00:00,67712.1,68921.6,67550.0,68399.7,87273.493
2024-05-28 16:00:00+00:00,68399.8,68710.0,67273.0,68440.5,56197.674
2024-05-29 00:00:00+00:00,68440.4,68983.0,67975.5,67993.6,40300.837
2024-05-29 08:00:00+00:00,67993.7,68330.6,67321.7,67421.0,76835.101
2024-05-29 16:00:00+00:00,67421.0,67882.2,67129.0,67686.7,41100.661
2024-05-30 00:00:00+00:00,67686.8,68479.0,67501.7,67627.8,48043.05
2024-05-30 08:00:00+00:00,67627.9,68869.9,67167.0,68566.4,81253.828
2024-05-30 16:00:00+00:00,68566.4,69568.9,68068.8,68402.5,65277.021
2024-05-31 00:00:00+00:00,68402.6,68782.0,68124.0,68226.1,31101.618
2024-05-31 08:00:00+00:00,68226.2,69080.0,67234.0,67252.7,98194.79
2024-05-31 16:00:00+00:00,67252.6,68059.4,66700.5,67577.9,66455.344
2024-06-01 00:00:00+00:00,67577.9,67857.5,67480.0,67677.9,19362.613
2024-06-01 08:00:00+00:00,67677.8,67936.0,67649.8,67728.2,16418.21
2024-06-01 16:00:00+00:00,67728.2,67921.3,67590.0,67799.2,15162.235
2024-06-02 00:00:00+00:00,67799.2,67951.7,67661.9,67743.0,12186.676
2024-06-02 08:00:00+00:00,67743.0,68545.9,67410.0,68189.8,53395.339
2024-06-02 16:00:00+00:00,68189.8,68252.0,67296.3,67805.9,36612.703
2024-06-03 00:00:00+00:00,67805.9,69255.0,67642.6,68949.9,67380.032
2024-06-03 08:00:00+00:00,68950.0,70372.9,68554.7,69650.0,113691.945
2024-06-03 16:00:00+00:00,69650.0,69752.0,68764.0,68851.4,46604.953
2024-06-04 00:00:00+00:00,68851.3,69408.2,68659.0,69054.7,35344.181
2024-06-04 08:00:00+00:00,69054.6,70560.3,68595.5,70492.0,102130.697
2024-06-04 16:00:00+00:00,70492.1,71146.4,70117.8,70580.0,78625.138
2024-06-05 00:00:00+00:00,70580.0,71430.0,70462.8,71244.1,61456.598
2024-06-05 08:00:00+00:00,71244.0,71792.0,70423.6,71625.1,86333.418
2024-06-05 16:00:00+00:00,71625.2,71824.4,70711.3,71133.3,56202.018
2024-06-06 00:00:00+00:00,71133.3,71280.0,70850.0,71077.3,27953.54
2024-06-06 08:00:00+00:00,71077.2,71714.8,70912.9,71334.3,65339.413
2024-06-06 16:00:00+00:00,71334.3,71421.6,70101.9,70830.0,65190.611
2024-06-07 00:00:00+00:00,70830.0,71476.0,70700.0,71147.9,38964.213
2024-06-07 08:00:00+00:00,71147.9,72144.0,70668.0,71150.0,122944.355
2024-06-07 16:00:00+00:00,71150.1,71254.7,68405.0,69377.0,137503.802
2024-06-08 00:00:00+00:00,69377.0,69612.5,69257.9,69612.5,23097.059
2024-06-08 08:00:00+00:00,69612.5,69613.6,69192.3,69462.1,27103.27
2024-06-08 16:00:00+00:00,69462.0,69533.0,69325.0,69346.5,15539.528
2024-06-09 00:00:00+00:00,69346.6,69461.9,69160.0,69331.9,15651.704
2024-06-09 08:00:00+00:00,69331.9,69821.1,69284.8,69530.1,32912.542
2024-06-09 16:00:00+00:00,69530.1,69879.0,69517.0,69667.1,19459.854
2024-06-10 00:00:00+00:00,69667.1,69833.0,69265.0,69325.3,27897.843
2024-06-10 08:00:00+00:00,69325.3,70222.7,69201.2,70090.9,56121.523
2024-06-10 16:00:00+00:00,70090.9,70166.1,69360.4,69558.7,43362.238
2024-06-11 00:00:00+00:00,69558.8,69600.0,67300.0,67582.0,117369.567
2024-06-11 08:00:00+00:00,67582.1,67690.8,66000.0,66266.0,130016.749
2024-06-11 16:00:00+00:00,66266.0,67605.0,66177.9,67320.7,64598.626
2024-06-12 00:00:00+00:00,67320.6,67624.2,66920.0,67449.4,37330.099
2024-06-12 08:00:00+00:00,67449.5,70028.0,67346.6,69738.0,137113.746
2024-06-12 16:00:00+00:00,69738.0,69864.2,67215.2,68270.3,155474.615
2024-06-13 00:00:00+00:00,68270.3,68400.0,66957.0,67724.9,59249.711
2024-06-13 08:00:00+00:00,67724.9,68607.7,66337.0,66464.4,136433.506
2024-06-13 16:00:00+00:00,66464.3,67080.5,66251.1,66786.9,52672.244
2024-06-14 00:00:00+00:00,66786.8,67228.2,66471.3,66906.2,41319.225
2024-06-14 08:00:00+00:00,66906.3,67366.5,66334.5,66380.0,73001.987
2024-06-14 16:00:00+00:00,66380.0,66648.8,65052.4,66039.7,125090.019
2024-06-15 00:00:00+00:00,66039.7,66421.5,65979.6,66082.6,26523.703
2024-06-15 08:00:00+00:00,66082.5,66482.6,66054.2,66311.9,23961.8
2024-06-15 16:00:00+00:00,66311.8,66360.8,65801.0,66213.7,21938.252
2024-06-16 00:00:00+00:00,66213.7,66350.0,66012.1,66249.4,16336.314
2024-06-16 08:00:00+00:00,66249.3,66780.0,66169.4,66690.4,37735.971
2024-06-16 16:00:00+00:00,66690.4,66960.3,66432.9,66653.6,26289.266
2024-06-17 00:00:00+00:00,66653.5,66915.4,65907.5,66147.3,52005.033
2024-06-17 08:00:00+00:00,66147.3,66295.8,65094.9,65341.9,89455.341
2024-06-17 16:00:00+00:00,65341.8,67280.6,65130.0,66472.1,106960.413
2024-06-18 00:00:00+00:00,66472.1,66558.9,64565.0,65646.4,120547.864
2024-06-18 08:00:00+00:00,65646.3,65724.6,64212.0,64676.8,133275.199
2024-06-18 16:00:00+00:00,64676.7,65281.6,64009.8,65150.0,81736.331
2024-06-19 00:00:00+00:00,65149.9,65711.9,64777.1,65295.0,63749.524
2024-06-19 08:00:00+00:00,65294.9,65519.6,64708.2,64895.0,55994.767
2024-06-19 16:00:00+00:00,64895.0,65269.5,64600.0,64933.6,30288.378
2024-06-20 00:00:00+00:00,64933.6,65977.0,64804.7,65831.4,54582.977
2024-06-20 08:00:00+00:00,65831.3,66467.0,64625.2,64794.4,119928.95
2024-06-20 16:00:00+00:00,64794.3,65198.5,64526.0,64854.0,46442.749
2024-06-21 00:00:00+00:00,64854.0,65055.5,64167.1,64179.4,46081.461
2024-06-21 08:00:00+00:00,64179.5,64350.0,63361.2,63716.9,117510.851
2024-06-21 16:00:00+00:00,63717.0,64448.9,63444.6,64124.0,46517.289
2024-06-22 00:00:00+00:00,64124.1,64520.0,63915.8,64490.1,23841.179
2024-06-22 08:00:00+00:00,64490.0,64512.0,64184.8,64283.4,20872.444
2024-06-22 16:00:00+00:00,64283.3,64340.6,64200.2,64240.0,9142.239
2024-06-23 00:00:00+00:00,64240.1,64500.0,64240.0,64390.0,13840.527
2024-06-23 08:00:00+00:00,64390.0,64414.0,64034.2,64071.8,19561.533
2024-06-23 16:00:00+00:00,64071.8,64166.4,63137.9,63194.9,38650.233
2024-06-24 00:00:00+00:00,63194.9,63357.0,62125.4,62433.6,92493.641
2024-06-24 08:00:00+00:00,62433.6,62955.3,60500.0,60823.2,163408.661
2024-06-24 16:00:00+00:00,60823.3,61018.6,58218.0,60273.6,190000.882
2024-06-25 00:00:00+00:00,60273.5,61566.0,60230.5,60660.8,75155.124
2024-06-25 08:00:00+00:00,60660.9,62145.5,60641.2,61776.0,111378.984
2024-06-25 16:00:00+00:00,61775.9,62448.1,61100.0,61777.8,78113.209
2024-06-26 00:00:00+00:00,61777.9,62465.1,61500.6,61705.3,42472.046
2024-06-26 08:00:00+00:00,61705.3,61959.4,61140.2,61453.2,65066.053
2024-06-26 16:00:00+00:00,61453.3,61532.5,60696.0,60860.1,63063.081
2024-06-27 00:00:00+00:00,60860.1,61327.9,60605.0,60786.4,33097.891
2024-06-27 08:00:00+00:00,60786.4,62379.7,60730.0,61570.5,92172.397
2024-06-27 16:00:00+00:00,61570.6,61997.2,61340.0,61682.0,34902.194
2024-06-28 00:00:00+00:00,61682.1,62204.0,61186.4,61317.9,48099.307
2024-06-28 08:00:00+00:00,61318.0,61868.1,60721.2,61039.9,90849.22
2024-06-28 16:00:00+00:00,61039.9,61106.0,60038.0,60429.8,56559.598
2024-06-29 00:00:00+00:00,60429.8,61128.1,60400.1,61049.8,37604.236
2024-06-29 08:00:00+00:00,61049.8,61232.0,60895.5,61107.9,28206.32
2024-06-29 16:00:00+00:00,61107.8,61130.0,60883.1,60982.4,13869.733
2024-06-30 00:00:00+00:00,60982.5,61798.2,60705.0,61533.6,41429.955
2024-06-30 08:00:00+00:00,61533.6,61871.8,61325.0,61722.4,43368.66
2024-06-30 16:00:00+00:00,61722.5,63058.4,61579.3,62766.0,62979.3
2024-07-01 00:00:00+00:00,62766.1,63800.0,62562.0,63265.5,63314.62
2024-07-01 08:00:00+00:00,63265.5,63302.7,62502.2,63119.9,66559.208
2024-07-01 16:00:00+00:00,63120.0,63849.0,62780.0,62883.6,64064.11
2024-07-02 00:00:00+00:00,62883.7,63284.0,62566.0,62617.9,33366.658
2024-07-02 08:00:00+00:00,62617.9,63167.4,61840.0,61945.0,90162.716
2024-07-02 16:00:00+00:00,61945.0,62362.8,61800.0,62123.6,39571.869
2024-07-03 00:00:00+00:00,62123.5,62278.2,60600.0,60859.9,78760.55
2024-07-03 08:00:00+00:00,60859.8,60987.3,59515.1,60176.1,147354.467
2024-07-03 16:00:00+00:00,60176.1,60653.0,59299.3,60208.0,69188.248
2024-07-04 00:00:00+00:00,60208.0,60500.0,57611.0,58214.0,145507.273
2024-07-04 08:00:00+00:00,58214.0,58484.5,56750.0,58137.6,208587.148
2024-07-04 16:00:00+00:00,58137.5,58800.0,56560.0,57045.9,91561.856
2024-07-05 00:00:00+00:00,57045.9,57533.4,53329.5,54389.4,292355.344
2024-07-05 08:00:00+00:00,54389.4,56663.5,53870.4,56637.5,185007.983
2024-07-05 16:00:00+00:00,56637.5,57000.0,55781.8,56604.9,99830.268
2024-07-06 00:00:00+00:00,56604.9,56975.0,56000.0,56571.1,57178.666
2024-07-06 08:00:00+00:00,56571.1,57420.0,56412.5,57285.4,56560.645
2024-07-06 16:00:00+00:00,57285.4,58472.0,57150.0,58216.0,64840.711
2024-07-07 00:00:00+00:00,58216.0,58443.0,57041.7,57344.4,76658.815
2024-07-07 08:00:00+00:00,57344.5,57899.9,56555.1,56806.2,65753.826
2024-07-07 16:00:00+00:00,56806.2,57372.2,55688.0,55830.9,67949.34
2024-07-08 00:00:00+00:00,55831.0,55999.0,54243.1,55828.4,137457.05
2024-07-08 08:00:00+00:00,55828.4,58200.0,54890.0,55736.8,255518.144
2024-07-08 16:00:00+00:00,55736.8,56955.0,55400.5,56686.4,71131.763
2024-07-09 00:00:00+00:00,56686.4,57744.8,56256.2,57102.5,81988.815
2024-07-09 08:00:00+00:00,57102.5,58159.6,56862.9,57445.3,116323.487
2024-07-09 16:00:00+00:00,57445.3,58290.6,57318.3,58023.2,58924.746
2024-07-10 00:00:00+00:00,58023.1,59449.6,57315.9,58948.1,96903.433
2024-07-10 08:00:00+00:00,58948.0,59013.9,57416.5,57658.0,107573.678
2024-07-10 16:00:00+00:00,57658.1,57995.0,57125.0,57707.0,49771.826
2024-07-11 00:00:00+00:00,57707.0,58380.0,57030.0,58168.1,69001.048
2024-07-11 08:00:00+00:00,58168.2,59780.0,57242.0,57382.8,171155.065
2024-07-11 16:00:00+00:00,57382.8,57969.6,57118.0,57315.5,52950.846
2024-07-12 00:00:00+00:00,57315.7,57554.4,56500.1,57071.4,72405.278
2024-07-12 08:00:00+00:00,57071.4,58255.4,56740.6,58188.9,90875.322
2024-07-12 16:00:00+00:00,58188.9,58500.0,57107.7,57870.0,74820.016
2024-07-13 00:00:00+00:00,57870.0,58195.7,57728.6,58140.0,26068.903
2024-07-13 08:00:00+00:00,58140.0,58900.0,57882.3,58808.5,65008.127
2024-07-13 16:00:00+00:00,58808.5,59850.0,58254.5,59174.0,66807.292
2024-07-14 00:00:00+00:00,59173.9,60299.0,59164.0,60031.3,78527.604
2024-07-14 08:00:00+00:00,60031.2,60397.2,59438.0,60053.3,65802.31
2024-07-14 16:00:00+00:00,60053.3,61412.4,59850.0,60766.0,63730.969
2024-07-15 00:00:00+00:00,60766.0,63075.8,60622.6,62816.0,124236.81
2024-07-15 08:00:00+00:00,62816.1,63299.8,62266.0,62985.9,100968.826
2024-07-15 16:00:00+00:00,62986.0,64870.7,62812.8,64680.6,127016.545
2024-07-16 00:00:00+00:00,64680.6,64988.8,62672.4,62881.8,119448.684
2024-07-16 08:00:00+00:00,62881.8,64942.0,62350.0,64833.9,152407.792
2024-07-16 16:00:00+00:00,64833.9,65388.0,64058.0,65010.0,103402.14
2024-07-17 00:00:00+00:00,65010.0,66100.0,64885.3,65226.2,84935.916
2024-07-17 08:00:00+00:00,65226.2,65479.5,64489.5,64695.8,112770.866
2024-07-17 16:00:00+00:00,64696.0,64745.6,63823.0,64055.7,78949.611
2024-07-18 00:00:00+00:00,64055.8,65173.8,63871.2,64644.8,57521.063
2024-07-18 08:00:00+00:00,64644.8,65098.9,63359.1,63500.1,99997.267
2024-07-18 16:00:00+00:00,63500.1,64096.3,63206.4,63959.9,58129.827
2024-07-19 00:00:00+00:00,63960.0,64469.3,63266.2,63673.9,58960.186
2024-07-19 08:00:00+00:00,63673.9,65870.0,63371.4,65791.5,129369.653
2024-07-19 16:00:00+00:00,65791.5,67362.8,65784.0,66627.9,123529.966
2024-07-20 00:00:00+00:00,66627.9,66797.0,66159.1,66526.3,33681.333
2024-07-20 08:00:00+00:00,66526.4,66799.9,66241.4,66797.0,28750.607
2024-07-20 16:00:00+00:00,66797.0,67648.7,66632.0,67095.6,61132.466
2024-07-21 00:00:00+00:00,67095.6,67400.0,66560.0,66670.0,31496.284
2024-07-21 08:00:00+00:00,66669.9,67498.0,66571.3,67130.9,42840.353
2024-07-21 16:00:00+00:00,67130.9,68351.2,65750.0,68138.0,132891.735
2024-07-22 00:00:00+00:00,68138.0,68459.7,67100.0,67210.3,56164.726
2024-07-22 08:00:00+00:00,67210.4,67932.2,66538.6,67044.3,76942.735
2024-07-22 16:00:00+00:00,67044.3,68228.6,66784.1,67499.2,59883.93
2024-07-23 00:00:00+00:00,67499.2,67729.3,66216.1,66550.0,65894.213
2024-07-23 08:00:00+00:00,66549.9,67338.0,65921.7,66552.8,120865.364
2024-07-23 16:00:00+00:00,66552.8,66745.1,65416.5,65916.4,83671.103
2024-07-24 00:00:00+00:00,65916.3,66135.5,65450.8,66049.0,39756.879
2024-07-24 08:00:00+00:00,66049.0,67087.3,65974.9,66155.7,92378.432
2024-07-24 16:00:00+00:00,66155.8,66687.9,65040.5,65350.8,82944.11
2024-07-25 00:00:00+00:00,65350.7,65606.3,63800.0,64115.1,115363.501
2024-07-25 08:00:00+00:00,64115.0,64993.6,63456.7,64773.3,118099.702
2024-07-25 16:00:00+00:00,64773.3,66144.0,64357.5,65773.0,86222.238
2024-07-26 00:00:00+00:00,65773.0,67470.4,65688.2,66873.8,81703.127
2024-07-26 08:00:00+00:00,66873.7,67982.4,66865.7,67528.0,94469.896
2024-07-26 16:00:00+00:00,67527.9,68200.0,67277.0,67882.5,59211.503
2024-07-27 00:00:00+00:00,67882.5,68278.8,67588.3,68013.6,32896.851
2024-07-27 08:00:00+00:00,68013.5,69381.7,67864.8,68822.0,83682.518
2024-07-27 16:00:00+00:00,68821.9,69200.0,66624.5,67873.8,214403.278
2024-07-28 00:00:00+00:00,67873.7,68246.6,67037.0,67517.7,47402.965
2024-07-28 08:00:00+00:00,67517.6,68093.4,67178.9,67624.3,40688.009
2024-07-28 16:00:00+00:00,67624.2,68300.0,67588.4,68215.5,28822.961
2024-07-29 00:00:00+00:00,68215.5,69872.6,68130.1,69510.6,92897.113
2024-07-29 08:00:00+00:00,69510.5,70081.0,67650.0,68067.2,145520.647
2024-07-29 16:00:00+00:00,68067.3,68093.1,66365.8,66750.0,134120.058
2024-07-30 00:00:00+00:00,66750.1,66966.6,65820.0,66914.0,77741.675
2024-07-30 08:00:00+00:00,66914.0,66956.6,65500.0,66198.0,89476.432
2024-07-30 16:00:00+00:00,66198.0,66526.1,65254.5,66159.3,79332.937
2024-07-31 00:00:00+00:00,66159.3,66540.8,65459.4,66196.4,60864.553
2024-07-31 08:00:00+00:00,66196.4,66826.3,65906.7,66354.5,65424.929
2024-07-31 16:00:00+00:00,66354.4,66820.0,64500.4,64601.8,120099.964
2024-08-01 00:00:00+00:00,64601.8,64824.4,63559.5,64297.4,96340.523
2024-08-01 08:00:00+00:00,64297.5,64927.2,62646.7,62892.6,121690.621
2024-08-01 16:00:00+00:00,62892.6,65650.0,62271.2,65328.9,154623.446
2024-08-02 00:00:00+00:00,65329.0,65577.0,63630.6,64146.0,87780.156
2024-08-02 08:00:00+00:00,64146.0,65534.3,62350.0,63393.5,195142.53
2024-08-02 16:00:00+00:00,63393.5,63600.0,61200.2,61483.7,138705.734
2024-08-03 00:00:00+00:00,61483.7,61956.4,60473.3,61636.0,84951.896
2024-08-03 08:00:00+00:00,61636.0,62166.0,60800.0,60857.7,62503.399
2024-08-03 16:00:00+00:00,60857.8,61262.5,59800.0,60684.6,143014.661
2024-08-04 00:00:00+00:00,60684.5,61089.5,60228.0,60346.0,41288.768
2024-08-04 08:00:00+00:00,60344.6,61064.6,58926.1,59070.0,106865.366
2024-08-04 16:00:00+00:00,59069.9,59569.2,57040.0,58144.5,191358.281
2024-08-05 00:00:00+00:00,58144.5,58286.9,48888.0,52645.6,581530.782
2024-08-05 08:00:00+00:00,52645.6,54952.3,49501.0,54289.8,483936.602
2024-08-05 16:00:00+00:00,54289.7,55523.0,52520.4,54003.1,216514.641
2024-08-06 00:00:00+00:00,54003.5,56254.8,53925.3,55979.1,121466.117
2024-08-06 08:00:00+00:00,55979.0,56599.0,54288.0,56370.0,196414.931
2024-08-06 16:00:00+00:00,56370.0,56999.9,55792.0,55991.2,118072.391
2024-08-07 00:00:00+00:00,55991.3,57249.0,55516.3,56898.7,102046.755
2024-08-07 08:00:00+00:00,56898.8,57699.0,55620.5,56067.5,150653.73
2024-08-07 16:00:00+00:00,56067.4,56279.8,54519.8,55102.9,124742.055
2024-08-08 00:00:00+00:00,55102.9,57688.8,54672.4,57166.4,112383.702
2024-08-08 08:00:00+00:00,57166.4,59493.0,56645.0,59391.3,192215.601
2024-08-08 16:00:00+00:00,59391.9,62737.2,59213.6,61659.8,165518.205
2024-08-09 00:00:00+00:00,61659.8,61726.0,60555.0,60844.0,78241.221
2024-08-09 08:00:00+00:00,60844.1,61184.9,59500.0,59786.4,140094.226
2024-08-09 16:00:00+00:00,59786.4,60961.5,59705.9,60808.6,90338.892
2024-08-10 00:00:00+00:00,60808.6,61450.0,60208.5,60809.5,46014.71
2024-08-10 08:00:00+00:00,60809.6,61082.0,60375.0,60480.5,38287.305
2024-08-10 16:00:00+00:00,60480.5,61200.0,60360.0,60889.9,31291.339
2024-08-11 00:00:00+00:00,60889.8,61350.0,60838.5,61224.9,30472.27
2024-08-11 08:00:00+00:00,61225.0,62000.0,59911.0,60100.0,82033.034
2024-08-11 16:00:00+00:00,60099.9,60330.6,58255.4,58693.1,90033.772
2024-08-12 00:00:00+00:00,58693.1,59055.0,57615.0,58640.1,74798.452
2024-08-12 08:00:00+00:00,58640.1,60666.0,57774.0,60171.2,205646.151
2024-08-12 16:00:00+00:00,60171.3,60390.8,58403.9,59323.6,86681.687
2024-08-13 00:00:00+00:00,59323.7,59895.0,58803.0,59209.0,52552.06
2024-08-13 08:00:00+00:00,59209.1,59748.8,58360.0,59438.4,85536.318
2024-08-13 16:00:00+00:00,59438.4,61545.0,59402.6,60550.5,117846.343
2024-08-14 00:00:00+00:00,60550.4,61277.0,60390.0,60887.2,39836.145
2024-08-14 08:00:00+00:00,60887.3,61839.7,58773.3,59396.9,186875.511
2024-08-14 16:00:00+00:00,59396.9,59436.2,58367.2,58648.1,68951.152
2024-08-15 00:00:00+00:00,58648.1,59021.0,57679.6,58031.9,68695.426
2024-08-15 08:00:00+00:00,58031.9,59749.2,57937.7,59643.7,112725.154
2024-08-15 16:00:00+00:00,59643.3,59820.0,55969.0,57511.0,179395.366
2024-08-16 00:00:00+00:00,57511.1,58619.9,57062.1,58423.4,69181.412
2024-08-16 08:00:00+00:00,58423.4,58908.5,57500.0,58035.6,115557.242
2024-08-16 16:00:00+00:00,58035.1,59780.2,57965.4,58854.9,84017.875
2024-08-17 00:00:00+00:00,58854.9,59363.0,58769.4,59222.0,25183.186
2024-08-17 08:00:00+00:00,59221.9,59638.8,59026.0,59357.6,31900.566
2024-08-17 16:00:00+00:00,59357.7,59690.2,59122.1,59468.5,20001.78
2024-08-18 00:00:00+00:00,59468.5,60249.8,59214.0,59545.4,48441.832
2024-08-18 08:00:00+00:00,59545.5,60250.0,59401.1,59828.8,52296.113
2024-08-18 16:00:00+00:00,59828.8,59916.0,58352.0,58390.0,48922.319
2024-08-19 00:00:00+00:00,58390.1,58736.6,58173.2,58475.5,53783.343
2024-08-19 08:00:00+00:00,58475.5,58945.4,57750.0,58505.0,97308.427
2024-08-19 16:00:00+00:00,58504.5,59585.4,58332.0,59398.5,62951.369
2024-08-20 00:00:00+00:00,59398.4,61386.0,59324.2,60899.9,89839.995
2024-08-20 08:00:00+00:00,60899.9,60949.7,58663.4,58783.7,132965.476
2024-08-20 16:00:00+00:00,58783.7,59689.5,58501.1,58982.9,64243.659
2024-08-21 00:00:00+00:00,58982.7,59721.2,58728.9,59689.2,37248.569
2024-08-21 08:00:00+00:00,59689.2,60192.3,58801.1,59486.0,120378.132
2024-08-21 16:00:00+00:00,59485.9,61793.9,59339.9,61120.0,112956.978
2024-08-22 00:00:00+00:00,61120.0,61184.7,59677.6,60946.0,69066.597
2024-08-22 08:00:00+00:00,60946.0,61392.0,60060.3,60370.9,100152.725
2024-08-22 16:00:00+00:00,60370.9,60673.1,60100.0,60349.9,41879.637
2024-08-23 00:00:00+00:00,60349.9,61370.0,60301.5,61045.0,47349.744
2024-08-23 08:00:00+00:00,61045.0,62307.6,60651.6,61499.0,153226.77
2024-08-23 16:00:00+00:00,61498.6,65000.0,61300.0,64019.9,181914.195
2024-08-24 00:00:00+00:00,64020.0,64298.9,63600.0,64269.3,41442.818
2024-08-24 08:00:00+00:00,64269.3,64472.5,63828.0,63943.3,42421.84
2024-08-24 16:00:00+00:00,63943.4,64414.2,63522.7,64116.5,48877.244
2024-08-25 00:00:00+00:00,64116.6,64549.0,63751.0,63835.4,37576.908
2024-08-25 08:00:00+00:00,63835.5,64270.0,63731.3,64099.9,29846.327
2024-08-25 16:00:00+00:00,64099.9,65175.4,63950.0,64190.2,48123.653
2024-08-26 00:00:00+00:00,64190.1,64455.8,63541.9,63603.2,44420.678
2024-08-26 08:00:00+00:00,63603.3,64022.2,63032.0,63493.0,88522.823
2024-08-26 16:00:00+00:00,63493.0,63859.2,62750.2,62807.6,63033.721
2024-08-27 00:00:00+00:00,62807.7,63196.0,62618.0,62882.0,50107.175
2024-08-27 08:00:00+00:00,62881.9,62987.1,61426.1,61673.3,115834.401
2024-08-27 16:00:00+00:00,61673.4,62165.0,57928.2,59384.5,173328.229
2024-08-28 00:00:00+00:00,59384.4,59640.0,58475.2,58579.0,68312.075
2024-08-28 08:00:00+00:00,58579.0,60197.8,58400.0,58963.4,125640.172
2024-08-28 16:00:00+00:00,58963.4,59794.7,57820.0,59010.0,119836.32
2024-08-29 00:00:00+00:00,59010.0,59734.1,58834.0,59548.9,36408.946
2024-08-29 08:00:00+00:00,59548.9,61144.9,59340.0,60750.9,96453.15
2024-08-29 16:00:00+00:00,60750.9,60930.0,58655.0,59323.2,101034.589
2024-08-30 00:00:00+00:00,59323.3,59558.0,58650.0,59235.9,54565.146
2024-08-30 08:00:00+00:00,59236.0,59914.9,57901.2,58073.1,129373.91
2024-08-30 16:00:00+00:00,58073.7,59345.8,57525.0,59096.3,84337.413
2024-08-31 00:00:00+00:00,59096.4,59436.0,59028.0,59060.8,20517.776
2024-08-31 08:00:00+00:00,59060.8,59215.8,58795.4,58983.7,26743.759
2024-08-31 16:00:00+00:00,58983.8,59108.3,58700.0,58941.9,21605.139
2024-09-01 00:00:00+00:00,58941.9,59052.7,57728.6,58444.1,58064.524
2024-09-01 08:00:00+00:00,58444.1,58469.9,57123.0,58184.1,88628.584
2024-09-01 16:00:00+00:00,58184.1,58787.2,57161.1,57268.1,76216.806
2024-09-02 00:00:00+00:00,57268.1,57966.9,57093.0,57523.2,62906.492
2024-09-02 08:00:00+00:00,57523.3,58783.0,57487.7,58508.0,86624.924
2024-09-02 16:00:00+00:00,58508.0,59412.3,58267.4,59112.1,51686.968
2024-09-03 00:00:00+00:00,59112.2,59790.0,58838.1,59078.0,55182.116
2024-09-03 08:00:00+00:00,59078.0,59332.9,57530.1,57695.1,109113.466
2024-09-03 16:00:00+00:00,57695.1,58250.0,57320.0,57451.9,65900.915
2024-09-04 00:00:00+00:00,57452.0,57920.0,55555.0,56717.0,132720.75
2024-09-04 08:00:00+00:00,56717.1,58137.7,56154.0,58096.2,122967.64
2024-09-04 16:00:00+00:00,58096.0,58500.0,57615.9,57944.8,71294.921
2024-09-05 00:00:00+00:00,57944.8,58318.9,56500.8,57127.0,79990.646
2024-09-05 08:00:00+00:00,57126.9,57300.0,55779.1,55947.0,143672.766
2024-09-05 16:00:00+00:00,55947.0,56688.9,55600.0,56145.7,71040.18
2024-09-06 00:00:00+00:00,56145.7,56836.7,55250.0,55766.3,79914.526
2024-09-06 08:00:00+00:00,55766.3,57000.0,53780.9,54022.1,236942.762
2024-09-06 16:00:00+00:00,54022.1,54414.0,52510.8,53927.7,162205.825
2024-09-07 00:00:00+00:00,53927.7,54369.7,53725.0,54258.1,42996.129
2024-09-07 08:00:00+00:00,54258.0,54800.0,54143.5,54746.6,40085.137
2024-09-07 16:00:00+00:00,54746.7,54820.2,53778.1,54134.9,44605.328
2024-09-08 00:00:00+00:00,54134.9,54544.8,53937.0,54411.5,30368.027
2024-09-08 08:00:00+00:00,54411.5,54700.0,53610.0,53663.6,57136.66
2024-09-08 16:00:00+00:00,53663.4,55300.0,53596.5,54839.6,74573.849
2024-09-09 00:00:00+00:00,54839.6,55351.4,54557.0,54939.1,60000.933
2024-09-09 08:00:00+00:00,54939.0,55774.9,54755.0,55360.3,113099.285
2024-09-09 16:00:00+00:00,55360.3,58153.2,55319.4,57010.0,139994.143
2024-09-10 00:00:00+00:00,57010.1,57266.6,56361.0,57183.2,53931.477
2024-09-10 08:00:00+00:00,57183.2,57439.0,56485.0,56561.0,94853.973
2024-09-10 16:00:00+00:00,56553.9,58033.2,56525.0,57609.1,79532.226
2024-09-11 00:00:00+00:00,57609.2,57729.0,56050.0,56675.1,87639.498
2024-09-11 08:00:00+00:00,56675.1,57138.0,55515.2,56676.1,161868.988
2024-09-11 16:00:00+00:00,56676.0,57954.4,56618.0,57306.0,88722.959
2024-09-12 00:00:00+00:00,57305.6,58465.4,57283.1,58101.8,74190.871
2024-09-12 08:00:00+00:00,58101.7,58606.6,57310.0,57472.1,118239.753
2024-09-12 16:00:00+00:00,57472.2,58425.7,57454.4,58097.0,69019.064
2024-09-13 00:00:00+00:00,58097.1,58226.8,57708.0,58079.8,32762.837
2024-09-13 08:00:00+00:00,58079.7,59706.1,57594.0,59623.5,140714.975
2024-09-13 16:00:00+00:00,59623.6,60597.0,59278.9,60456.2,103951.68
2024-09-14 00:00:00+00:00,60456.2,60572.9,59866.0,60110.4,32878.379
2024-09-14 08:00:00+00:00,60110.3,60130.0,59577.7,59840.1,37374.312
2024-09-14 16:00:00+00:00,59840.1,60135.8,59360.1,59964.0,32327.886
2024-09-15 00:00:00+00:00,59963.9,60247.9,59950.0,60166.8,18168.982
2024-09-15 08:00:00+00:00,60166.7,60369.4,59823.0,60304.6,37107.409
2024-09-15 16:00:00+00:00,60304.6,60323.1,58654.0,59100.5,75247.815
2024-09-16 00:00:00+00:00,59100.5,59182.2,58079.7,58874.6,80547.431
2024-09-16 08:00:00+00:00,58874.6,59159.1,57550.0,57860.7,99849.909
2024-09-16 16:00:00+00:00,57860.7,58397.9,57446.3,58187.0,70302.092
2024-09-17 00:00:00+00:00,58187.0,58762.0,57588.8,58668.1,50473.832
2024-09-17 08:00:00+00:00,58668.1,61345.0,58600.0,61103.0,175672.911
2024-09-17 16:00:00+00:00,61111.0,61240.6,59600.0,60281.0,92295.323
2024-09-18 00:00:00+00:00,60281.0,60747.7,59838.0,60403.7,45766.267
2024-09-18 08:00:00+00:00,60403.6,60403.7,59261.9,59400.1,98880.928
2024-09-18 16:00:00+00:00,59400.1,61765.0,59138.0,61735.3,211082.117
2024-09-19 00:00:00+00:00,61735.3,62555.0,61534.0,62071.0,94347.148
2024-09-19 08:00:00+00:00,62071.0,63483.8,61851.3,63129.0,125791.593
2024-09-19 16:00:00+00:00,63129.0,63830.1,62623.4,62926.9,82243.671
2024-09-20 00:00:00+00:00,62926.9,64126.7,62579.2,63494.4,84974.385
2024-09-20 08:00:00+00:00,63494.5,63673.8,62535.0,63120.2,114465.652
2024-09-20 16:00:00+00:00,63120.2,63280.0,62320.0,63175.7,57732.798
2024-09-21 00:00:00+00:00,63175.8,63282.0,62714.2,63060.0,30280.061
2024-09-21 08:00:00+00:00,63060.1,63286.9,62936.8,63146.6,22665.692
2024-09-21 16:00:00+00:00,63146.6,63546.9,63025.0,63320.6,25302.609
2024-09-22 00:00:00+00:00,63320.6,63423.7,62801.2,62909.3,30322.681
2024-09-22 08:00:00+00:00,62909.2,63010.5,62435.0,62624.2,41625.902
2024-09-22 16:00:00+00:00,62624.1,64000.0,62339.0,63558.4,77181.301
2024-09-23 00:00:00+00:00,63558.5,64724.8,62534.4,63519.9,109766.803
2024-09-23 08:00:00+00:00,63519.9,63778.7,63033.9,63589.6,78101.697
2024-09-23 16:00:00+00:00,63589.6,63790.0,63050.0,63302.0,46475.064
2024-09-24 00:00:00+00:00,63302.1,63542.9,62688.2,63527.8,53745.572
2024-09-24 08:00:00+00:00,63527.7,63925.5,62695.0,63128.8,95848.488
2024-09-24 16:00:00+00:00,63128.8,64666.0,63056.0,64243.1,87393.568
2024-09-25 00:00:00+00:00,64243.2,64800.0,63612.3,63814.9,55394.866
2024-09-25 08:00:00+00:00,63814.9,63971.0,63243.2,63470.1,70505.5
2024-09-25 16:00:00+00:00,63470.1,63642.4,62910.0,63118.4,59050.406
2024-09-26 00:00:00+00:00,63118.3,63843.1,62634.4,63823.4,59487.906
2024-09-26 08:00:00+00:00,63823.4,65549.5,63567.0,65200.0,177494.024
2024-09-26 16:00:00+00:00,65200.0,65800.0,64601.6,65139.2,84204.426
2024-09-27 00:00:00+00:00,65139.1,65534.6,64788.0,65438.9,51685.249
2024-09-27 08:00:00+00:00,65438.8,66450.0,65287.6,65974.0,118193.178
2024-09-27 16:00:00+00:00,65974.1,66329.0,65477.7,65749.6,56525.594
2024-09-28 00:00:00+00:00,65749.5,66237.0,65692.3,65790.0,27858.102
2024-09-28 08:00:00+00:00,65790.0,65796.8,65368.1,65593.7,40360.982
2024-09-28 16:00:00+00:00,65593.6,65980.0,65380.0,65822.6,24554.469
2024-09-29 00:00:00+00:00,65822.7,65954.5,65400.0,65436.9,24725.335
2024-09-29 08:00:00+00:00,65436.9,65832.9,65401.0,65720.0,29577.747
2024-09-29 16:00:00+00:00,65720.0,66059.3,65491.4,65568.1,33828.717
2024-09-30 00:00:00+00:00,65568.2,65588.8,64150.0,64539.1,94863.548
2024-09-30 08:00:00+00:00,64539.0,64552.9,63222.0,63535.6,125334.789
2024-09-30 16:00:00+00:00,63535.7,63845.0,62825.0,63309.1,76650.036
2024-10-01 00:00:00+00:00,63309.0,64092.6,63000.0,64017.0,53668.727
2024-10-01 08:00:00+00:00,64016.9,64075.5,61801.6,62613.8,168218.638
2024-10-01 16:00:00+00:00,62613.8,62760.0,60128.2,60776.8,207930.47
2024-10-02 00:00:00+00:00,60776.7,61926.7,60703.3,61702.5,64609.737
2024-10-02 08:00:00+00:00,61702.5,61902.6,60495.0,61833.9,133908.164
2024-10-02 16:00:00+00:00,61833.9,62355.0,59934.9,60622.6,128483.904
2024-10-03 00:00:00+00:00,60622.7,61452.6,60508.7,60898.6,56800.804
2024-10-03 08:00:00+00:00,60898.5,61047.3,59815.0,60606.5,154955.938
2024-10-03 16:00:00+00:00,60606.4,61073.7,59888.0,60727.2,74380.47
2024-10-04 00:00:00+00:00,60727.1,61476.1,60434.1,61403.9,50501.733
2024-10-04 08:00:00+00:00,61403.9,61985.0,60700.5,61843.1,121826.341
2024-10-04 16:00:00+00:00,61843.2,62457.1,61611.0,62054.4,62467.762
2024-10-05 00:00:00+00:00,62054.3,62242.4,61648.0,62043.0,27986.893
2024-10-05 08:00:00+00:00,62043.0,62344.0,62043.0,62131.4,19880.737
2024-10-05 16:00:00+00:00,62131.5,62159.4,61671.9,62023.1,26463.151
2024-10-06 00:00:00+00:00,62023.1,62132.4,61778.9,61919.8,15449.762
2024-10-06 08:00:00+00:00,61919.8,62750.0,61890.0,62690.4,40959.544
2024-10-06 16:00:00+00:00,62690.4,62961.5,62265.0,62789.3,40004.147
2024-10-07 00:00:00+00:00,62789.2,63950.0,62620.1,63509.9,72467.634
2024-10-07 08:00:00+00:00,63509.9,64448.2,62621.9,63620.0,138264.053
2024-10-07 16:00:00+00:00,63620.1,63885.0,62091.8,62190.7,88217.688
2024-10-08 00:00:00+00:00,62190.6,62794.0,61941.0,62291.4,64104.147
2024-10-08 08:00:00+00:00,62291.4,63178.7,61836.0,62259.9,105150.693
2024-10-08 16:00:00+00:00,62259.9,62571.8,61843.6,62131.7,57021.519
2024-10-09 00:00:00+00:00,62131.8,62520.9,61962.8,62243.0,33985.833
2024-10-09 08:00:00+00:00,62243.0,62386.0,61600.1,62285.4,81097.637
2024-10-09 16:00:00+00:00,62285.4,62320.0,60251.9,60606.4,102218.703
2024-10-10 00:00:00+00:00,60606.3,61128.1,60309.0,60871.0,41327.514
2024-10-10 08:00:00+00:00,60871.1,61297.0,60414.0,60769.9,94744.799
2024-10-10 16:00:00+00:00,60770.0,61020.0,58900.0,60293.2,126875.34
2024-10-11 00:00:00+00:00,60293.3,60893.4,60057.8,60643.3,45756.604
2024-10-11 08:00:00+00:00,60643.2,62432.6,60618.4,62218.0,116808.784
2024-10-11 16:00:00+00:00,62218.0,63400.0,62080.1,62509.0,101125.754
2024-10-12 00:00:00+00:00,62509.0,63055.9,62458.0,62734.1,33340.03
2024-10-12 08:00:00+00:00,62734.0,63462.6,62645.5,63124.8,44365.248
2024-10-12 16:00:00+00:00,63124.9,63366.8,62862.0,63176.0,25079.128
2024-10-13 00:00:00+00:00,63176.0,63260.0,62615.4,62819.0,31792.895
2024-10-13 08:00:00+00:00,62819.0,62938.1,62020.0,62195.3,45925.138
2024-10-13 16:00:00+00:00,62195.2,63118.3,62141.1,62839.8,51978.123
2024-10-14 00:00:00+00:00,62839.7,64676.7,62420.0,64599.6,112904.5
2024-10-14 08:00:00+00:00,64599.5,66288.0,64306.9,65850.9,150558.79
2024-10-14 16:00:00+00:00,65850.9,66533.0,65520.0,66064.9,74788.311
2024-10-15 00:00:00+00:00,66064.9,66312.4,65200.1,65638.4,58538.25
2024-10-15 08:00:00+00:00,65638.4,67953.7,64771.7,65994.6,244845.494
2024-10-15 16:00:00+00:00,65994.7,67372.9,65952.6,67044.1,118621.767
2024-10-16 00:00:00+00:00,67044.0,67548.6,66724.2,66948.8,55388.62
2024-10-16 08:00:00+00:00,66948.8,68400.0,66888.0,67726.0,152841.464
2024-10-16 16:00:00+00:00,67725.9,68087.9,67447.1,67592.0,45923.417
2024-10-17 00:00:00+00:00,67592.0,67925.9,67054.2,67280.8,50939.229
2024-10-17 08:00:00+00:00,67280.8,67673.9,66600.0,67561.9,109964.505
2024-10-17 16:00:00+00:00,67561.9,67570.0,66682.3,67401.5,59369.103
2024-10-18 00:00:00+00:00,67401.5,68371.0,67165.0,67955.0,78838.435
2024-10-18 08:00:00+00:00,67955.1,68870.7,67629.0,68710.0,102756.233
2024-10-18 16:00:00+00:00,68710.0,69000.0,68173.4,68407.8,63707.093
2024-10-19 00:00:00+00:00,68407.8,68684.9,68270.8,68328.9,23576.142
2024-10-19 08:00:00+00:00,68328.9,68456.0,68042.5,68206.9,25909.353
2024-10-19 16:00:00+00:00,68206.9,68401.6,68000.0,68357.1,19146.613
2024-10-20 00:00:00+00:00,68357.1,68435.6,68069.8,68347.0,19902.469
2024-10-20 08:00:00+00:00,68347.0,68749.0,68176.7,68605.0,33710.353
2024-10-20 16:00:00+00:00,68605.0,69425.8,68384.3,69020.1,52326.67
2024-10-21 00:00:00+00:00,69020.2,69566.0,68468.0,68519.3,63507.66
2024-10-21 08:00:00+00:00,68519.3,68675.0,66865.9,67354.3,125172.864
2024-10-21 16:00:00+00:00,67354.2,67949.0,66920.0,67368.8,64756.809
2024-10-22 00:00:00+00:00,67368.7,67784.9,66536.5,67387.3,59893.464
2024-10-22 08:00:00+00:00,67387.2,67718.0,66613.0,67266.8,111160.786
2024-10-22 16:00:00+00:00,67266.8,67825.0,66902.1,67406.4,47464.727
2024-10-23 00:00:00+00:00,67406.5,67449.0,66779.5,66838.0,36875.892
2024-10-23 08:00:00+00:00,66838.0,67046.8,65900.0,66201.6,109403.591
2024-10-23 16:00:00+00:00,66201.7,66806.2,65222.3,66647.2,101935.575
2024-10-24 00:00:00+00:00,66647.3,67615.3,66482.0,67104.4,55037.116
2024-10-24 08:00:00+00:00,67104.5,68000.0,66700.0,67672.7,86540.533
2024-10-24 16:00:00+00:00,67672.7,68842.5,67329.2,68173.8,70763.073
2024-10-25 00:00:00+00:00,68173.8,68256.5,67222.4,67503.6,51996.455
2024-10-25 08:00:00+00:00,67503.6,68748.0,67289.5,67660.6,98712.68
2024-10-25 16:00:00+00:00,67660.6,67895.5,65557.2,66662.8,197802.736
2024-10-26 00:00:00+00:00,66662.7,67211.2,66414.1,66982.0,42034.054
2024-10-26 08:00:00+00:00,66982.0,67250.0,66708.0,66864.2,30576.591
2024-10-26 16:00:00+00:00,66864.3,67450.0,66760.5,67071.8,21559.347
2024-10-27 00:00:00+00:00,67071.9,67297.2,66909.4,67174.7,14690.921
2024-10-27 08:00:00+00:00,67174.7,67835.1,67011.1,67759.9,33765.659
2024-10-27 16:00:00+00:00,67759.9,68306.1,67513.0,67992.6,40012.228
2024-10-28 00:00:00+00:00,67992.7,68666.0,67584.2,68395.2,48457.626
2024-10-28 08:00:00+00:00,68395.3,69272.1,68207.4,68459.1,105090.136
2024-10-28 16:00:00+00:00,68459.1,70331.0,68424.0,69940.0,102580.86
2024-10-29 00:00:00+00:00,69939.9,71607.0,69733.0,71004.2,98044.503
2024-10-29 08:00:00+00:00,71004.1,72490.0,70900.0,72374.9,128882.788
2024-10-29 16:00:00+00:00,72374.9,73660.0,71871.1,72739.5,155574.769
2024-10-30 00:00:00+00:00,72739.5,72797.4,72018.0,72244.8,46344.69
2024-10-30 08:00:00+00:00,72244.8,72620.0,71444.2,72058.8,98097.36
2024-10-30 16:00:00+00:00,72058.8,72984.9,71631.6,72349.0,82666.758
2024-10-31 00:00:00+00:00,72349.0,72598.5,72030.5,72417.8,32387.82
2024-10-31 08:00:00+00:00,72417.8,72720.3,70453.1,70638.7,134490.56
2024-10-31 16:00:00+00:00,70638.6,70922.4,69705.0,70321.9,89606.948
2024-11-01 00:00:00+00:00,70321.9,70500.0,68870.4,69301.0,83722.665
2024-11-01 08:00:00+00:00,69301.0,71650.0,69036.0,69381.0,165914.121
2024-11-01 16:00:00+00:00,69381.1,70543.3,68822.5,69495.5,102954.302
2024-11-02 00:00:00+00:00,69495.4,69913.1,69450.0,69813.1,22876.612
2024-11-02 08:00:00+00:00,69813.0,69846.2,69022.8,69394.0,35621.071
2024-11-02 16:00:00+00:00,69393.9,69610.9,69150.1,69366.6,20816.422
2024-11-03 00:00:00+00:00,69366.6,69393.7,67846.0,68395.6,73963.278
2024-11-03 08:00:00+00:00,68395.5,68605.5,67446.6,68076.0,75414.372
2024-11-03 16:00:00+00:00,68075.6,69348.0,67660.0,68762.5,77099.726
2024-11-04 00:00:00+00:00,68762.5,69495.3,68220.0,68601.0,53111.28
2024-11-04 08:00:00+00:00,68601.0,69243.8,68173.3,68614.7,72440.7
2024-11-04 16:00:00+00:00,68614.8,68808.6,66810.0,67834.3,119360.186
2024-11-05 00:00:00+00:00,67834.4,68967.0,67454.2,68876.0,50816.16
2024-11-05 08:00:00+00:00,68875.9,70300.0,68588.2,69615.3,109319.186
2024-11-05 16:00:00+00:00,69615.2,70537.4,68650.0,69353.1,112935.524
2024-11-06 00:00:00+00:00,69353.1,75656.1,69272.7,73435.9,371097.987
2024-11-06 08:00:00+00:00,73435.8,74801.1,72721.5,74289.6,178591.443
2024-11-06 16:00:00+00:00,74289.7,76420.0,74134.5,75579.9,127750.856
2024-11-07 00:00:00+00:00,75579.9,76072.5,74450.0,74800.0,75529.73
2024-11-07 08:00:00+00:00,74800.0,76094.6,74508.0,76081.6,76296.042
2024-11-07 16:00:00+00:00,76081.5,76900.0,75471.1,75859.4,128849.261
2024-11-08 00:00:00+00:00,75859.4,76350.2,75576.3,76171.0,46662.411
2024-11-08 08:00:00+00:00,76171.0,76627.8,75620.1,76423.3,81434.858
2024-11-08 16:00:00+00:00,76423.3,77182.9,75820.0,76482.2,102273.055
2024-11-09 00:00:00+00:00,76482.2,76800.0,76122.4,76523.9,34063.323
2024-11-09 08:00:00+00:00,76523.9,76735.0,76255.0,76305.7,27825.615
2024-11-09 16:00:00+00:00,76305.6,76920.0,75683.2,76675.1,55865.096
2024-11-10 00:00:00+00:00,76675.1,79882.8,76501.1,78858.2,157128.256
2024-11-10 08:00:00+00:00,78858.2,80200.0,78858.1,79735.1,103270.18
2024-11-10 16:00:00+00:00,79735.1,81699.8,78549.2,80410.0,157028.463
2024-11-11 00:00:00+00:00,80409.9,81944.6,80261.2,81147.9,85491.626
2024-11-11 08:00:00+00:00,81147.8,84359.7,81051.6,84114.2,195605.953
2024-11-11 16:00:00+00:00,84114.1,89800.0,83897.2,88728.9,333044.083
2024-11-12 00:00:00+00:00,88729.0,90070.1,86657.4,89095.4,194995.23
2024-11-12 08:00:00+00:00,89095.5,89590.2,85159.9,86659.9,283696.88
2024-11-12 16:00:00+00:00,86660.0,89920.0,85792.5,87972.0,160789.474
2024-11-13 00:00:00+00:00,87972.0,88619.0,86180.0,87402.9,103179.264
2024-11-13 08:00:00+00:00,87402.9,92808.0,87132.4,92608.1,211580.482
2024-11-13 16:00:00+00:00,92608.0,93421.1,88005.1,90413.3,240528.551
2024-11-14 00:00:00+00:00,90413.3,90900.0,89095.5,90818.9,73318.851
2024-11-14 08:00:00+00:00,90818.9,91846.1,87855.0,88000.0,164553.827
2024-11-14 16:00:00+00:00,87999.9,89763.9,86714.0,87382.7,126749.002
2024-11-15 00:00:00+00:00,87382.6,88544.5,87111.0,87693.9,63690.957
2024-11-15 08:00:00+00:00,87693.9,90780.0,87418.4,88485.4,145627.523
2024-11-15 16:00:00+00:00,88485.5,91921.5,88428.9,91074.6,105113.428
2024-11-16 00:00:00+00:00,91074.6,91849.8,90900.0,91173.3,37625.976
2024-11-16 08:00:00+00:00,91173.3,91650.1,90120.0,90578.0,54367.909
2024-11-16 16:00:00+00:00,90577.9,91443.5,90250.0,90643.3,37029.562
2024-11-17 00:00:00+00:00,90643.2,90954.9,89400.1,90600.0,50012.429
2024-11-17 08:00:00+00:00,90600.0,91539.6,89935.7,90305.1,57915.188
2024-11-17 16:00:00+00:00,90305.2,90701.0,88736.1,89899.9,59577.175
2024-11-18 00:00:00+00:00,89900.0,92414.9,89666.9,91795.9,61685.593
2024-11-18 08:00:00+00:00,91795.9,92700.0,89422.1,92407.8,139741.522
2024-11-18 16:00:00+00:00,92407.8,92675.9,89706.2,90507.4,132129.995
2024-11-19 00:00:00+00:00,90507.4,92123.7,90405.6,91696.0,47547.021
2024-11-19 08:00:00+00:00,91696.1,92885.0,91015.6,92453.3,121273.959
2024-11-19 16:00:00+00:00,92455.5,93985.9,91334.4,92335.9,134711.051
2024-11-20 00:00:00+00:00,92335.9,92866.6,91500.0,92856.6,47552.528
2024-11-20 08:00:00+00:00,92856.6,94849.0,92730.2,94737.6,136374.263
2024-11-20 16:00:00+00:00,94737.6,94840.0,93093.3,94288.0,106117.436
2024-11-21 00:00:00+00:00,94288.0,97899.9,94008.7,96950.0,145040.195
2024-11-21 08:00:00+00:00,96950.0,98438.9,95625.0,96684.0,158868.0
2024-11-21 16:00:00+00:00,96684.1,99100.0,96311.0,98366.8,114474.941
2024-11-22 00:00:00+00:00,98366.8,99537.6,97860.1,99252.6,71442.265
2024-11-22 08:00:00+00:00,99252.6,99340.0,97199.9,98696.5,110808.203
2024-11-22 16:00:00+00:00,98696.6,99660.0,98264.2,98921.4,83523.599
2024-11-23 00:00:00+00:00,98921.5,98937.3,98309.9,98600.6,31308.902
2024-11-23 08:00:00+00:00,98600.5,98916.8,98355.0,98426.0,31000.859
2024-11-23 16:00:00+00:00,98426.1,98504.4,97173.5,97725.5,58048.661
2024-11-24 00:00:00+00:00,97725.6,98666.0,97670.9,98490.1,29743.877
2024-11-24 08:00:00+00:00,98490.1,98578.9,95976.0,95986.4,80904.333
2024-11-24 16:00:00+00:00,95986.3,98429.7,95822.1,97960.4,62470.63
2024-11-25 00:00:00+00:00,97960.5,98421.6,96929.9,98112.9,43288.251
2024-11-25 08:00:00+00:00,98113.0,98999.0,94665.4,96040.4,145479.692
2024-11-25 16:00:00+00:00,96040.4,96562.7,92666.0,93064.0,140607.078
2024-11-26 00:00:00+00:00,93064.0,95064.0,92800.1,93842.1,64193.898
2024-11-26 08:00:00+00:00,93842.1,93846.1,91553.0,92877.4,164057.433
2024-11-26 16:00:00+00:00,92877.4,94745.2,90866.4,92021.4,116677.902
2024-11-27 00:00:00+00:00,92021.5,93721.8,91864.0,93651.3,53348.369
2024-11-27 08:00:00+00:00,93651.3,95908.0,92903.4,95610.5,89368.24
2024-11-27 16:00:00+00:00,95610.4,97250.0,95238.7,95905.2,94289.378
2024-11-28 00:00:00+00:00,95905.2,96627.6,94878.2,95371.6,51765.033
2024-11-28 08:00:00+00:00,95371.5,96284.0,94700.1,95067.3,63813.934
2024-11-28 16:00:00+00:00,95067.3,96082.7,94768.0,95694.4,38428.059
2024-11-29 00:00:00+00:00,95694.4,96932.9,95404.5,95690.2,44183.363
2024-11-29 08:00:00+00:00,95690.2,98713.3,95690.1,98076.2,90596.336
2024-11-29 16:00:00+00:00,98076.3,98514.9,96903.2,97516.3,55741.25
2024-11-30 00:00:00+00:00,97516.2,97522.1,96400.0,96843.3,43451.414
2024-11-30 08:00:00+00:00,96843.3,97047.2,96150.0,96707.4,28877.071
2024-11-30 16:00:00+00:00,96707.4,97128.4,96380.0,96475.1,20745.733
2024-12-01 00:00:00+00:00,96475.2,96746.3,95736.5,96525.4,35285.695
2024-12-01 08:00:00+00:00,96525.4,97481.3,96480.0,97081.4,42474.384
2024-12-01 16:00:00+00:00,97081.5,97933.0,96852.7,97265.1,35462.911
2024-12-02 00:00:00+00:00,97265.0,98266.0,95788.4,96053.6,69207.608
2024-12-02 08:00:00+00:00,96053.5,97286.2,94826.0,97106.5,103967.494
2024-12-02 16:00:00+00:00,97106.6,97435.0,94400.0,95890.5,84438.809
2024-12-03 00:00:00+00:00,95890.6,96375.0,95336.3,95608.8,36116.842
2024-12-03 08:00:00+00:00,95608.8,96315.5,93605.0,95743.7,111293.053
2024-12-03 16:00:00+00:00,95744.7,96236.3,94925.8,95913.3,59192.085
2024-12-04 00:00:00+00:00,95913.3,96799.9,95271.6,96652.1,46228.191
2024-12-04 08:00:00+00:00,96652.2,97041.1,95398.1,95813.0,75404.989
2024-12-04 16:00:00+00:00,95813.0,99099.9,94650.8,98669.8,154316.025
2024-12-05 00:00:00+00:00,98669.8,104630.4,97970.5,102292.1,224977.065
2024-12-05 08:00:00+00:00,102292.1,103661.7,100932.6,101350.1,113794.218
2024-12-05 16:00:00+00:00,101350.1,102063.8,90200.0,97001.5,241506.108
2024-12-06 00:00:00+00:00,97001.6,98858.6,96429.5,98209.6,78362.248
2024-12-06 08:00:00+00:00,98209.7,99592.1,97550.0,99358.5,101148.895
2024-12-06 16:00:00+00:00,99358.5,101988.8,98800.0,99802.5,102858.465
2024-12-07 00:00:00+00:00,99802.5,100499.0,98876.9,99442.6,40616.593
2024-12-07 08:00:00+00:00,99442.6,99895.3,99101.7,99811.4,27753.265
2024-12-07 16:00:00+00:00,99811.5,100497.5,99528.0,99899.2,27488.8
2024-12-08 00:00:00+00:00,99899.2,100415.0,99388.5,99741.5,22083.03
2024-12-08 08:00:00+00:00,99741.6,100597.5,98709.4,99975.0,53941.371
2024-12-08 16:00:00+00:00,99974.9,101457.9,99538.4,101200.0,33731.275
2024-12-09 00:00:00+00:00,101200.1,101300.0,98374.3,99637.1,70422.063
2024-12-09 08:00:00+00:00,99637.2,100481.3,97555.0,97856.0,116526.44
2024-12-09 16:00:00+00:00,97856.1,98448.5,94039.7,97349.1,140025.087
2024-12-10 00:00:00+00:00,97349.1,98197.8,95591.9,97217.7,75370.591
2024-12-10 08:00:00+00:00,97217.7,98320.6,95639.5,95687.9,89290.939
2024-12-10 16:00:00+00:00,95674.8,97238.9,94265.5,96602.4,126829.214
2024-12-11 00:00:00+00:00,96602.3,97800.0,95650.0,97337.9,52404.616
2024-12-11 08:00:00+00:00,97337.9,100798.6,97310.6,100352.7,90680.906
2024-12-11 16:00:00+00:00,100352.7,101880.0,99583.4,101115.3,78722.183
2024-12-12 00:00:00+00:00,101115.3,101812.3,100309.8,100481.6,44887.555
2024-12-12 08:00:00+00:00,100481.5,101850.0,100150.0,101775.1,77700.536
2024-12-12 16:00:00+00:00,101775.1,102538.4,99280.2,99982.4,92630.984
2024-12-13 00:00:00+00:00,99982.3,100333.0,99149.6,100100.0,37135.975
2024-12-13 08:00:00+00:00,100099.9,101339.0,99653.6,99831.0,55832.632
2024-12-13 16:00:00+00:00,99831.0,101869.5,99750.0,101371.9,59468.711
2024-12-14 00:00:00+00:00,101371.9,102638.0,101106.1,101787.0,42861.188
2024-12-14 08:00:00+00:00,101787.0,101840.2,100777.0,101601.9,36200.043
2024-12-14 16:00:00+00:00,101601.9,101716.3,100559.8,101381.0,28619.318
2024-12-15 00:00:00+00:00,101381.0,102900.0,101200.1,101671.9,43133.587
2024-12-15 08:00:00+00:00,101671.8,103362.3,101525.2,102668.5,47378.907
2024-12-15 16:00:00+00:00,102668.5,105374.6,102556.3,104460.4,67221.422
2024-12-16 00:00:00+00:00,104460.5,106665.8,104245.2,104949.9,80908.403
2024-12-16 08:00:00+00:00,104950.0,106466.9,103264.6,106281.2,97016.33
2024-12-16 16:00:00+00:00,106281.1,107777.0,105424.0,106023.2,96471.023
2024-12-17 00:00:00+00:00,106023.2,107113.9,105623.0,106784.0,38260.168
2024-12-17 08:00:00+00:00,106784.0,108366.8,105674.0,106429.9,92306.697
2024-12-17 16:00:00+00:00,106429.9,107596.0,105252.0,106074.6,67207.047
2024-12-18 00:00:00+00:00,106074.6,106484.6,103065.6,104200.1,83127.068
2024-12-18 08:00:00+00:00,104200.1,105343.8,103611.7,104395.1,67750.964
2024-12-18 16:00:00+00:00,104395.2,104959.4,99951.1,100181.1,177703.903
2024-12-19 00:00:00+00:00,100181.2,101694.9,98744.0,101615.2,88106.456
2024-12-19 08:00:00+00:00,101615.1,102756.7,99455.0,100631.1,98759.244
2024-12-19 16:00:00+00:00,100631.1,101162.5,95681.2,97434.4,186102.763
2024-12-20 00:00:00+00:00,97434.3,98243.0,95946.9,97826.1,86984.088
2024-12-20 08:00:00+00:00,97826.1,97867.5,92272.6,96961.3,223864.689
2024-12-20 16:00:00+00:00,96961.4,97777.0,95393.8,97764.4,85340.018
2024-12-21 00:00:00+00:00,97764.5,99485.0,97142.0,98988.1,49245.572
2024-12-21 08:00:00+00:00,98988.0,99137.5,96375.0,97486.5,68241.497
2024-12-21 16:00:00+00:00,97486.6,98084.9,96520.0,97261.8,43771.411
2024-12-22 00:00:00+00:00,97261.7,97437.9,95867.3,96192.1,38259.286
2024-12-22 08:00:00+00:00,96192.1,97322.1,95085.0,95341.0,51772.149
2024-12-22 16:00:00+00:00,95341.0,96426.7,94200.0,95153.5,58083.3
2024-12-23 00:00:00+00:00,95153.4,96488.8,93655.3,95360.5,72364.85
2024-12-23 08:00:00+00:00,95360.5,96499.0,93060.3,93217.6,84976.77
2024-12-23 16:00:00+00:00,93217.7,95480.4,92464.4,94861.1,89870.235
2024-12-24 00:00:00+00:00,94861.0,94861.1,93525.6,94200.0,39675.188
2024-12-24 08:00:00+00:00,94199.9,98274.9,93800.0,98243.5,81106.131
2024-12-24 16:00:00+00:00,98243.5,99450.0,97226.2,98627.2,90829.313
2024-12-25 00:00:00+00:00,98626.9,98848.4,97681.3,98049.7,28738.984
2024-12-25 08:00:00+00:00,98049.8,99323.3,97570.0,98493.3,55205.358
2024-12-25 16:00:00+00:00,98493.3,99580.7,98100.0,99379.7,40752.55
2024-12-26 00:00:00+00:00,99379.6,99950.0,97647.2,97669.6,50356.976
2024-12-26 08:00:00+00:00,97669.5,97721.8,95153.0,95993.5,99219.592
2024-12-26 16:00:00+00:00,95993.1,96580.0,95276.4,95751.0,45281.083
2024-12-27 00:00:00+00:00,95750.9,96580.0,94620.0,95074.4,57330.967
2024-12-27 08:00:00+00:00,95080.1,97564.5,93982.4,94539.9,94519.563
2024-12-27 16:00:00+00:00,94539.9,94979.9,93440.0,94258.9,54157.713
2024-12-28 00:00:00+00:00,94258.9,94762.3,94100.0,94334.7,17008.846
2024-12-28 08:00:00+00:00,94334.6,95346.1,94261.7,94407.7,28891.166
2024-12-28 16:00:00+00:00,94407.8,95700.0,94356.5,95259.1,22091.337
2024-12-29 00:00:00+00:00,95259.1,95300.0,94761.0,95233.2,12933.739
2024-12-29 08:00:00+00:00,95233.3,95286.4,93925.4,94468.4,31276.32
2024-12-29 16:00:00+00:00,94468.3,94537.7,92961.8,93700.0,50837.875
2024-12-30 00:00:00+00:00,93699.9,94240.0,93181.8,93688.9,35592.646
2024-12-30 08:00:00+00:00,93688.9,94249.9,91510.0,92081.5,84520.373
2024-12-30 16:00:00+00:00,92081.5,95031.6,91758.3,92759.3,102230.574
2024-12-31 00:00:00+00:00,92759.3,93000.0,92000.0,92819.6,28037.531
2024-12-31 08:00:00+00:00,92819.5,96254.3,92800.0,95389.4,94816.036
2024-12-31 16:00:00+00:00,95389.3,95569.6,93145.1,93548.9,55794.549
2025-01-01 00:00:00+00:00,93548.8,94449.2,93460.2,93660.7,21814.502
2025-01-01 08:00:00+00:00,93660.7,94489.5,92796.5,94409.9,41132.057
2025-01-01 16:00:00+00:00,94409.9,95161.2,93729.2,94580.9,28290.101
2025-01-02 00:00:00+00:00,94580.9,96031.4,94357.4,95815.3,42938.992
2025-01-02 08:00:00+00:00,95815.4,97440.0,95612.5,96428.5,77966.921
2025-01-02 16:00:00+00:00,96428.5,97822.4,96018.7,96967.5,60739.582
2025-01-03 00:00:00+00:00,96967.6,97325.7,96236.6,96275.0,25882.315
2025-01-03 08:00:00+00:00,96275.1,97637.7,96061.5,97479.5,50014.139
2025-01-03 16:00:00+00:00,97479.6,98949.0,97353.6,98145.7,49324.22
2025-01-04 00:00:00+00:00,98145.7,98300.0,97762.1,98244.2,19539.731
2025-01-04 08:00:00+00:00,98244.2,98300.0,97438.2,97623.6,29851.841
2025-01-04 16:00:00+00:00,97623.5,98760.9,97535.7,98173.2,22523.062
2025-01-05 00:00:00+00:00,98173.2,98496.3,98001.1,98225.3,13020.975
2025-01-05 08:00:00+00:00,98225.3,98248.5,97227.0,97986.6,32398.905
2025-01-05 16:00:00+00:00,97987.1,98852.6,97530.0,98340.2,29529.409
2025-01-06 00:00:00+00:00,98340.2,99886.7,97872.6,99280.0,52463.818
2025-01-06 08:00:00+00:00,99280.0,102443.9,98662.7,102104.5,100725.81
2025-01-06 16:00:00+00:00,102104.5,102444.0,101223.0,102180.4,54303.701
2025-01-07 00:00:00+00:00,102180.5,102762.1,101459.4,101649.3,27712.029
2025-01-07 08:00:00+00:00,101649.3,101973.1,97100.0,97915.3,129816.935
2025-01-07 16:00:00+00:00,97915.4,98307.9,96153.0,96920.3,101182.345
2025-01-08 00:00:00+00:00,96920.2,97242.2,95222.0,95628.4,60968.635
2025-01-08 08:00:00+00:00,95628.3,96100.0,94480.7,95450.0,89204.719
2025-01-08 16:00:00+00:00,95449.9,95456.2,92500.0,95014.1,111838.759
2025-01-09 00:00:00+00:00,95014.0,95358.7,93156.0,93176.4,55862.176
2025-01-09 08:00:00+00:00,93176.5,94547.7,91747.0,94195.2,102810.293
2025-01-09 16:00:00+00:00,94195.1,94644.8,91055.8,92505.9,99088.433
2025-01-10 00:00:00+00:00,92506.0,94975.2,92395.9,94457.0,47137.689
2025-01-10 08:00:00+00:00,94457.0,95239.9,92173.6,93704.0,134893.309
2025-01-10 16:00:00+00:00,93704.0,95882.5,93151.5,94675.5,79911.956
2025-01-11 00:00:00+00:00,94675.6,94700.0,93802.1,94210.3,20482.575
2025-01-11 08:00:00+00:00,94210.2,94757.9,94000.0,94365.8,20317.999
2025-01-11 16:00:00+00:00,94365.9,94988.0,93943.0,94562.5,23861.189
2025-01-12 00:00:00+00:00,94562.4,94665.7,94227.2,94291.3,10956.594
2025-01-12 08:00:00+00:00,94291.2,95444.0,93661.1,95035.6,36606.154
2025-01-12 16:00:00+00:00,95035.7,95278.0,93727.4,94499.9,29735.385
2025-01-13 00:00:00+00:00,94499.9,95934.5,93222.2,93557.9,69693.916
2025-01-13 08:00:00+00:00,93557.9,93626.1,88909.0,92093.6,196599.162
2025-01-13 16:00:00+00:00,92093.7,94681.1,91207.8,94485.3,94857.412
2025-01-14 00:00:00+00:00,94485.4,95437.8,94305.4,94823.3,38714.675
2025-01-14 08:00:00+00:00,94823.4,97353.9,94823.3,96416.7,115630.914
2025-01-14 16:00:00+00:00,96416.8,97044.8,95309.9,96514.9,58514.072
2025-01-15 00:00:00+00:00,96514.9,97688.0,96450.2,97253.7,48698.679
2025-01-15 08:00:00+00:00,97253.7,99746.6,96480.0,98943.4,106458.335
2025-01-15 16:00:00+00:00,98943.3,100658.9,98550.1,100460.0,67260.552
2025-01-16 00:00:00+00:00,100460.0,100850.0,99106.8,99756.5,40847.147
2025-01-16 08:00:00+00:00,99756.5,99787.8,97293.6,99258.3,102581.504
2025-01-16 16:00:00+00:00,99258.2,100599.8,99023.9,99937.4,73373.869
2025-01-17 00:00:00+00:00,99937.4,102133.7,99902.0,101406.9,62040.119
2025-01-17 08:00:00+00:00,101406.9,104198.9,101400.0,103946.2,98766.422
2025-01-17 16:00:00+00:00,103946.3,105784.0,103772.6,104042.5,88643.428
2025-01-18 00:00:00+00:00,104042.6,104620.0,102561.0,102781.0,59702.681
2025-01-18 08:00:00+00:00,102781.1,104962.1,102242.8,104517.1,64918.212
2025-01-18 16:00:00+00:00,104517.1,104744.3,103110.0,104524.3,43319.199
2025-01-19 00:00:00+00:00,104524.3,105629.4,103980.0,105151.8,45400.053
2025-01-19 08:00:00+00:00,105151.8,105743.1,103458.6,104936.0,84924.959
2025-01-19 16:00:00+00:00,104936.0,106450.0,99600.0,101311.5,150624.166
2025-01-20 00:00:00+00:00,101311.5,110000.0,99501.0,107178.8,195477.724
2025-01-20 08:00:00+00:00,107178.8,109300.8,104500.0,105008.7,129174.028
2025-01-20 16:00:00+00:00,105001.3,107082.8,100138.2,102247.6,205856.428
2025-01-21 00:00:00+00:00,102247.7,103279.9,100097.2,101980.7,81349.26
2025-01-21 08:00:00+00:00,101980.7,105292.3,101719.4,103929.1,92775.237
2025-01-21 16:00:00+00:00,103929.1,107241.6,103781.5,106114.5,99172.331
2025-01-22 00:00:00+00:00,106115.4,106390.0,105037.2,105063.8,32605.931
2025-01-22 08:00:00+00:00,105063.8,105557.2,103612.0,104138.0,67280.362
2025-01-22 16:00:00+00:00,104138.1,104804.5,103211.6,103664.9,51357.235
2025-01-23 00:00:00+00:00,103664.9,103777.4,101550.4,102668.4,55584.699
2025-01-23 08:00:00+00:00,102668.3,106000.0,101211.0,105235.2,157601.786
2025-01-23 16:00:00+00:00,105235.2,106840.2,102161.9,103864.1,204967.534
2025-01-24 00:00:00+00:00,103864.0,105331.2,102680.0,104999.9,46211.35
2025-01-24 08:00:00+00:00,104999.9,106307.6,104623.0,105821.8,54758.351
2025-01-24 16:00:00+00:00,105821.3,107076.5,104400.0,104808.1,64777.249
2025-01-25 00:00:00+00:00,104808.0,105234.5,104128.2,104349.3,24590.541
2025-01-25 08:00:00+00:00,104349.4,105066.0,104040.6,104852.1,20827.3
2025-01-25 16:00:00+00:00,104852.1,105274.7,104410.8,104702.0,20212.322
2025-01-26 00:00:00+00:00,104702.0,105496.9,104461.6,104963.7,15333.339
2025-01-26 08:00:00+00:00,104963.7,105208.8,104358.3,104919.9,20272.62
2025-01-26 16:00:00+00:00,104920.0,105237.0,102450.3,102560.1,40181.128
2025-01-27 00:00:00+00:00,102560.0,103216.5,97680.0,98996.3,124715.058
2025-01-27 08:00:00+00:00,98996.3,102267.8,98200.0,101070.8,115654.448
2025-01-27 16:00:00+00:00,101070.8,102423.3,98820.6,102021.3,85320.368
2025-01-28 00:00:00+00:00,102021.3,103325.3,101263.0,102753.8,46913.922
2025-01-28 08:00:00+00:00,102754.3,103797.0,101770.5,102730.6,55967.719
2025-01-28 16:00:00+00:00,102730.6,103089.9,100235.0,101279.6,67035.62
2025-01-29 00:00:00+00:00,101279.7,102800.6,101269.7,102723.2,27653.941
2025-01-29 08:00:00+00:00,102723.2,103012.6,101526.8,101934.2,42865.059
2025-01-29 16:00:00+00:00,101934.2,104755.0,101365.0,103698.2,99470.952
2025-01-30 00:00:00+00:00,103698.1,105564.5,103224.5,105085.1,45025.321
2025-01-30 08:00:00+00:00,105085.2,106450.0,104607.2,105519.4,54034.085
2025-01-30 16:00:00+00:00,105519.4,105960.0,104628.3,104676.9,37907.994
2025-01-31 00:00:00+00:00,104676.9,104982.2,103880.0,104160.1,34884.899
2025-01-31 08:00:00+00:00,104160.0,106000.0,103888.6,105407.0,51109.348
2025-01-31 16:00:00+00:00,105406.9,105537.0,101509.0,102379.7,86243.57
2025-02-01 00:00:00+00:00,102379.8,102734.9,102058.8,102127.0,18947.334
2025-02-01 08:00:00+00:00,102127.0,102297.0,101344.0,102031.5,30785.411
2025-02-01 16:00:00+00:00,102031.6,102250.0,100215.0,100603.6,41130.346
2025-02-02 00:00:00+00:00,100603.6,101426.0,98989.0,99586.2,56550.505
2025-02-02 08:00:00+00:00,99586.2,100071.0,98100.0,99298.6,59369.082
2025-02-02 16:00:00+00:00,99298.6,99319.0,96029.6,97664.5,117015.106
2025-02-03 00:00:00+00:00,97664.5,97748.0,91130.3,95271.1,209135.452
2025-02-03 08:00:00+00:00,95271.1,99501.4,94111.0,98802.7,127923.05
2025-02-03 16:00:00+00:00,98802.8,102456.0,97993.3,101293.7,118029.532
2025-02-04 00:00:00+00:00,101293.6,101729.3,98183.0,98405.1,73693.344
2025-02-04 08:00:00+00:00,98405.1,100371.0,97792.8,99310.6,84899.463
2025-02-04 16:00:00+00:00,99310.5,100743.6,96100.0,97709.9,104153.396
2025-02-05 00:00:00+00:00,97710.0,98914.4,97069.0,97814.9,44573.957
2025-02-05 08:00:00+00:00,97814.9,99124.2,97206.0,98063.3,49517.755
2025-02-05 16:00:00+00:00,98063.3,98262.3,96106.1,96553.2,57287.954
2025-02-06 00:00:00+00:00,96553.2,98390.5,96373.4,98164.9,30283.461
2025-02-06 08:00:00+00:00,98164.9,99093.0,96866.9,97285.6,67036.63
2025-02-06 16:00:00+00:00,97285.7,97500.0,95613.5,96515.1,64200.922
2025-02-07 00:00:00+00:00,96515.0,97835.0,96358.3,96705.1,34358.706
2025-02-07 08:00:00+00:00,96705.0,100112.4,96566.3,98257.1,113196.996
2025-02-07 16:00:00+00:00,98257.1,98535.5,95555.0,96454.5,75817.927
2025-02-08 00:00:00+00:00,96454.5,96850.0,95714.4,96153.4,25581.62
2025-02-08 08:00:00+00:00,96153.4,96466.0,95600.0,95798.0,24727.086
2025-02-08 16:00:00+00:00,95798.0,96725.2,95685.6,96411.9,18741.726
2025-02-09 00:00:00+00:00,96412.0,97301.7,96306.5,97020.0,20513.119
2025-02-09 08:00:00+00:00,97020.0,97279.3,95633.6,96438.0,35165.224
2025-02-09 16:00:00+00:00,96438.0,96750.0,94650.1,96423.6,45498.943
2025-02-10 00:00:00+00:00,96423.6,97634.0,95200.1,97386.3,55954.548
2025-02-10 08:00:00+00:00,97386.3,98328.0,96806.6,97187.7,54044.133
2025-02-10 16:00:00+00:00,97187.7,97611.0,96828.4,97379.2,22933.864
2025-02-11 00:00:00+00:00,97379.2,98482.2,97352.2,98231.1,31652.25
2025-02-11 08:00:00+00:00,98231.2,98306.9,96529.3,96963.3,50728.823
2025-02-11 16:00:00+00:00,96963.2,97002.0,94814.3,95731.4,72451.831
2025-02-12 00:00:00+00:00,95731.4,96230.0,95050.0,96025.8,27895.002
2025-02-12 08:00:00+00:00,96025.1,96596.3,94003.9,95762.1,96500.868
2025-02-12 16:00:00+00:00,95762.0,98090.9,95074.0,97816.3,78052.209
2025-02-13 00:00:00+00:00,97816.3,98053.8,95706.8,96018.5,42056.59
2025-02-13 08:00:00+00:00,96018.5,96432.4,95288.5,95943.5,58094.357
2025-02-13 16:00:00+00:00,95943.2,96756.8,95160.1,96560.6,42089.579
2025-02-14 00:00:00+00:00,96560.6,97212.0,96309.5,96889.9,26609.395
2025-02-14 08:00:00+00:00,96889.9,97561.1,96225.7,96886.5,44333.291
2025-02-14 16:00:00+00:00,96886.5,98792.8,96444.6,97445.1,73510.271
2025-02-15 00:00:00+00:00,97445.2,97941.2,97170.0,97312.4,16047.538
2025-02-15 08:00:00+00:00,97312.4,97899.8,97255.2,97594.5,17351.038
2025-02-15 16:00:00+00:00,97594.5,97698.4,97274.5,97538.0,14020.017
2025-02-16 00:00:00+00:00,97538.0,97665.8,97137.0,97207.4,11525.845
2025-02-16 08:00:00+00:00,97207.4,97355.0,96629.5,96849.9,20967.161
2025-02-16 16:00:00+00:00,96850.0,97247.6,96002.0,96067.0,24191.867
2025-02-17 00:00:00+00:00,96067.0,96605.7,95739.6,96023.8,24978.16
2025-02-17 08:00:00+00:00,96023.8,97000.0,95491.7,95605.5,42878.972
2025-02-17 16:00:00+00:00,95605.5,96386.9,95150.6,95743.2,37719.854
2025-02-18 00:00:00+00:00,95743.1,96296.5,95199.9,95409.9,30768.274
2025-02-18 08:00:00+00:00,95409.9,96737.3,95000.0,95501.6,55154.194
2025-02-18 16:00:00+00:00,95501.6,95645.3,93321.6,95622.0,93250.894
2025-02-19 00:00:00+00:00,95622.0,95929.0,95012.5,95640.4,34770.972
2025-02-19 08:00:00+00:00,95640.5,96676.0,95494.4,95895.4,52721.627
2025-02-19 16:00:00+00:00,95895.4,96878.7,95362.8,96598.0,37504.274
2025-02-20 00:00:00+00:00,96597.9,97339.8,96366.0,96825.8,27119.638
2025-02-20 08:00:00+00:00,96825.7,98000.0,96756.1,96870.5,49760.646
2025-02-20 16:00:00+00:00,96871.1,98662.1,96838.1,98252.9,52299.888
2025-02-21 00:00:00+00:00,98252.8,98555.0,98030.3,98130.0,19474.063
2025-02-21 08:00:00+00:00,98129.9,99431.5,97143.0,98057.6,107101.284
2025-02-21 16:00:00+00:00,98057.6,98720.0,94830.4,96127.9,124042.926
2025-02-22 00:00:00+00:00,96128.0,96542.7,95701.9,96241.7,20973.528
2025-02-22 08:00:00+00:00,96241.7,96988.0,96107.0,96552.4,29231.696
2025-02-22 16:00:00+00:00,96552.3,96794.6,96333.8,96503.3,15586.926
2025-02-23 00:00:00+00:00,96503.3,96602.9,96102.2,96454.6,16745.316
2025-02-23 08:00:00+00:00,96454.6,96459.4,95326.8,95391.5,28988.039
2025-02-23 16:00:00+00:00,95391.5,96290.0,95180.2,96218.4,23565.336
2025-02-24 00:00:00+00:00,96218.4,96470.0,95018.0,95834.2,35407.348
2025-02-24 08:00:00+00:00,95834.2,96147.5,93800.0,94295.9,79313.694
2025-02-24 16:00:00+00:00,94295.9,95182.3,91300.0,91514.5,102767.708
2025-02-25 00:00:00+00:00,91514.5,92500.0,88131.6,89262.9,141835.192
2025-02-25 08:00:00+00:00,89262.8,89952.0,86020.4,87206.9,209511.011
2025-02-25 16:00:00+00:00,87206.8,89442.7,86125.9,88639.1,120950.299
2025-02-26 00:00:00+00:00,88639.1,89367.1,88101.9,88682.3,37986.343
2025-02-26 08:00:00+00:00,88682.3,89285.7,85377.2,87536.4,140964.66
2025-02-26 16:00:00+00:00,87536.5,87784.7,82222.0,84208.5,222190.818
2025-02-27 00:00:00+00:00,84208.6,86687.5,84000.0,86227.9,65032.931
2025-02-27 08:00:00+00:00,86228.0,87066.0,84609.0,85473.0,107989.857
2025-02-27 16:00:00+00:00,85472.9,85664.8,82667.0,84668.1,96385.742
2025-02-28 00:00:00+00:00,84668.2,84858.6,78787.0,79159.9,259996.706
2025-02-28 08:00:00+00:00,79159.9,84380.9,78200.2,83948.1,179995.504
2025-02-28 16:00:00+00:00,83948.1,85084.5,83153.3,84299.6,96351.021
2025-03-01 00:00:00+00:00,84299.6,86516.5,83779.0,84707.3,70744.055
2025-03-01 08:00:00+00:00,84707.2,85452.4,84285.0,84755.1,43803.82
2025-03-01 16:00:00+00:00,84755.0,86219.7,84652.0,86007.7,32448.796
2025-03-02 00:00:00+00:00,86007.7,86515.0,85490.0,86191.4,32389.627
2025-03-02 08:00:00+00:00,86191.4,88644.0,85015.0,87390.1,91292.676
2025-03-02 16:00:00+00:00,87390.1,94971.0,87236.0,94222.8,241029.235
2025-03-03 00:00:00+00:00,94222.0,94373.4,91150.0,92318.0,77588.68
2025-03-03 08:00:00+00:00,92318.0,93666.0,89100.0,90009.5,152391.677
2025-03-03 16:00:00+00:00,90009.5,90959.1,85029.0,86192.7,206052.045
2025-03-04 00:00:00+00:00,86193.3,86773.5,82420.0,83159.4,138276.148
2025-03-04 08:00:00+00:00,83159.4,84934.9,81200.0,82945.0,145450.026
2025-03-04 16:00:00+00:00,82945.0,88931.0,81911.1,87245.9,148708.624
2025-03-05 00:00:00+00:00,87245.9,87850.0,86328.0,87573.9,47672.323
2025-03-05 08:00:00+00:00,87573.9,90897.1,87549.0,88312.6,144821.829
2025-03-05 16:00:00+00:00,88312.5,91000.0,87558.0,90566.1,86506.938
2025-03-06 00:00:00+00:00,90566.1,92780.3,89955.0,91311.3,69366.278
2025-03-06 08:00:00+00:00,91311.4,91642.3,89070.0,90777.9,110464.968
2025-03-06 16:00:00+00:00,90777.9,91025.7,87790.5,89887.8,123227.386
2025-03-07 00:00:00+00:00,89887.9,91257.7,84600.0,88308.8,158799.319
2025-03-07 08:00:00+00:00,88308.8,91107.9,87932.0,88424.9,133357.33
2025-03-07 16:00:00+00:00,88425.0,88990.0,85555.0,86753.8,160317.546
2025-03-08 00:00:00+00:00,86753.8,86876.5,85108.0,86159.2,41668.846
2025-03-08 08:00:00+00:00,86159.2,86587.0,85720.0,86360.0,27244.997
2025-03-08 16:00:00+00:00,86360.0,86459.0,85605.5,86184.7,27192.344
2025-03-09 00:00:00+00:00,86184.7,86470.6,85753.3,85968.9,19372.937
2025-03-09 08:00:00+00:00,85968.8,86092.8,82619.3,83030.5,85551.609
2025-03-09 16:00:00+00:00,83030.4,83727.8,79933.4,80688.8,116684.802
2025-03-10 00:00:00+00:00,80690.7,82761.0,80001.0,82277.6,69598.406
2025-03-10 08:00:00+00:00,82277.7,84031.5,79142.8,80009.7,200799.515
2025-03-10 16:00:00+00:00,80009.7,80217.6,77410.1,78567.8,145988.876
2025-03-11 00:00:00+00:00,78567.8,80585.5,76560.0,80386.0,111904.146
2025-03-11 08:00:00+00:00,80386.0,82240.0,79026.2,81190.7,181304.757
2025-03-11 16:00:00+00:00,81190.7,83600.0,80600.0,82896.0,97570.266
2025-03-12 00:00:00+00:00,82896.0,83741.8,81250.0,82402.9,73097.437
2025-03-12 08:00:00+00:00,82402.8,84487.0,80578.5,81688.1,160592.768
2025-03-12 16:00:00+00:00,81688.0,83849.0,81575.6,83640.7,72480.919
2025-03-13 00:00:00+00:00,83640.7,84307.1,82813.2,83118.5,48238.362
2025-03-13 08:00:00+00:00,83118.6,84030.0,80914.4,81016.0,119360.306
2025-03-13 16:00:00+00:00,81016.0,81450.5,79903.4,81085.4,80361.384
2025-03-14 00:00:00+00:00,81085.5,82425.0,80772.0,82124.5,44528.324
2025-03-14 08:00:00+00:00,82124.6,85270.2,82121.2,84692.2,127719.667
2025-03-14 16:00:00+00:00,84692.1,84908.8,83654.7,83939.8,61296.717
2025-03-15 00:00:00+00:00,83939.9,84625.0,83752.9,83797.0,26877.78
2025-03-15 08:00:00+00:00,83797.1,84442.0,83564.5,84295.8,34652.232
2025-03-15 16:00:00+00:00,84295.7,84453.4,84060.0,84302.9,15144.958
2025-03-16 00:00:00+00:00,84303.0,84382.2,83691.3,84242.0,24830.361
2025-03-16 08:00:00+00:00,84242.1,84300.0,82333.4,83280.0,73835.782
2025-03-16 16:00:00+00:00,83280.0,85136.0,81925.6,82541.6,75964.557
2025-03-17 00:00:00+00:00,82541.6,83842.8,82483.9,83525.2,45604.223
2025-03-17 08:00:00+00:00,83525.3,84000.0,82384.0,83499.0,82283.639
2025-03-17 16:00:00+00:00,83499.1,84727.1,83054.9,83962.9,54774.22
2025-03-18 00:00:00+00:00,83963.0,83979.8,82207.7,83124.8,56736.51
2025-03-18 08:00:00+00:00,83124.7,83422.8,81113.5,81567.8,82291.161
2025-03-18 16:00:00+00:00,81567.5,82772.7,81203.1,82666.1,49870.078
2025-03-19 00:00:00+00:00,82666.2,83329.9,82501.8,83152.5,36436.036
2025-03-19 08:00:00+00:00,83152.5,84855.0,83137.8,84693.3,77015.337
2025-03-19 16:00:00+00:00,84693.3,86990.0,83500.0,86809.8,138510.368
2025-03-20 00:00:00+00:00,86809.8,87500.0,85383.0,85764.7,63278.039
2025-03-20 08:00:00+00:00,85764.7,86490.0,84520.0,84642.1,105533.309
2025-03-20 16:00:00+00:00,84642.0,84846.1,83613.6,84183.6,74132.144
2025-03-21 00:00:00+00:00,84183.6,84813.6,83650.3,83889.6,36112.597
2025-03-21 08:00:00+00:00,83889.5,84344.4,83122.0,83525.9,71864.808
2025-03-21 16:00:00+00:00,83525.9,84550.0,83333.0,84050.3,36444.866
2025-03-22 00:00:00+00:00,84050.3,84389.0,83940.2,84235.4,13945.055
2025-03-22 08:00:00+00:00,84235.4,84509.0,83932.0,84073.5,18124.313
2025-03-22 16:00:00+00:00,84073.4,84292.0,83589.5,83804.9,20149.284
2025-03-23 00:00:00+00:00,83804.9,84282.4,83761.2,84229.9,12132.328
2025-03-23 08:00:00+00:00,84229.9,85231.7,84216.8,85148.0,38632.996
2025-03-23 16:00:00+00:00,85148.0,86110.9,84756.0,86044.2,40134.549
2025-03-24 00:00:00+00:00,86044.1,87277.5,85478.3,86827.6,66009.147
2025-03-24 08:00:00+00:00,86827.5,88752.0,86808.0,88283.6,85037.284
2025-03-24 16:00:00+00:00,88283.7,88492.1,87010.0,87463.4,59861.053
2025-03-25 00:00:00+00:00,87463.4,87644.0,86260.0,86404.4,50462.916
2025-03-25 08:00:00+00:00,86404.5,88221.0,86358.2,87723.0,69705.064
2025-03-25 16:00:00+00:00,87723.0,88500.0,87079.0,87369.8,53337.309
2025-03-26 00:00:00+00:00,87369.9,88270.2,86980.0,88106.7,39556.246
2025-03-26 08:00:00+00:00,88106.7,88235.0,86387.7,86696.9,78590.286
2025-03-26 16:00:00+00:00,86696.8,87360.0,85816.3,86873.8,69810.163
2025-03-27 00:00:00+00:00,86873.9,87722.4,86752.3,87363.2,29314.741
2025-03-27 08:00:00+00:00,87363.1,87562.4,85724.5,86931.2,97209.747
2025-03-27 16:00:00+00:00,86931.2,87695.9,86738.0,87191.2,36927.201
2025-03-28 00:00:00+00:00,87191.2,87470.0,85121.1,85175.1,70078.704
2025-03-28 08:00:00+00:00,85175.1,85575.0,83915.6,84011.1,102897.083
2025-03-28 16:00:00+00:00,84011.0,84499.5,83531.7,84380.8,49308.773
2025-03-29 00:00:00+00:00,84380.8,84589.7,83618.0,83696.0,29799.541
2025-03-29 08:00:00+00:00,83696.1,83917.5,81963.0,82377.3,66000.506
2025-03-29 16:00:00+00:00,82377.3,82759.4,81601.0,82604.7,39713.658
2025-03-30 00:00:00+00:00,82604.8,83456.0,82450.9,83037.4,32979.613
2025-03-30 08:00:00+00:00,83037.5,83490.0,82531.4,82699.9,33155.141
2025-03-30 16:00:00+00:00,82699.9,82878.2,81501.4,82352.8,43431.171
2025-03-31 00:00:00+00:00,82353.1,82416.0,81222.0,81895.2,51363.226
2025-03-31 08:00:00+00:00,81895.1,83895.8,81250.0,83373.4,108855.803
2025-03-31 16:00:00+00:00,83373.3,83655.4,82221.0,82517.5,51845.547
2025-04-01 00:00:00+00:00,82517.5,83565.0,82383.3,83415.2,30476.247
2025-04-01 08:00:00+00:00,83415.2,85475.0,82505.0,85245.4,117134.269
2025-04-01 16:00:00+00:00,85245.5,85595.5,84666.3,85120.9,49652.66
2025-04-02 00:00:00+00:00,85121.0,85217.9,83846.0,84389.8,43478.592
2025-04-02 08:00:00+00:00,84389.7,87288.0,84220.0,86709.5,131447.966
2025-04-02 16:00:00+00:00,86709.5,88500.0,82300.0,82485.1,174037.82
2025-04-03 00:00:00+00:00,82485.1,83889.2,82137.3,83423.7,61550.984
2025-04-03 08:00:00+00:00,83423.7,83774.1,81172.2,82001.8,117980.799
2025-04-03 16:00:00+00:00,82001.7,83298.0,81504.8,83181.5,59631.736
2025-04-04 00:00:00+00:00,83181.7,83987.0,82553.8,83968.2,47408.924
2025-04-04 08:00:00+00:00,83968.1,84686.2,81624.6,82822.0,219019.729
2025-04-04 16:00:00+00:00,82821.9,84580.0,82700.0,83861.3,86680.553
2025-04-05 00:00:00+00:00,83861.4,84244.5,83300.5,83490.0,27644.586
2025-04-05 08:00:00+00:00,83490.0,83866.3,82333.8,82576.4,44630.479
2025-04-05 16:00:00+00:00,82576.5,83674.9,82561.8,83506.1,27299.139
2025-04-06 00:00:00+00:00,83506.1,83790.5,82980.0,82990.9,24636.041
2025-04-06 08:00:00+00:00,82990.9,83143.9,82155.4,82497.4,46432.887
2025-04-06 16:00:00+00:00,82497.4,82524.9,77111.0,78390.0,210122.825
2025-04-07 00:00:00+00:00,78390.1,79311.5,74457.0,75084.1,190130.016
2025-04-07 08:00:00+00:00,75084.1,81200.0,75051.7,78444.6,375619.385
2025-04-07 16:00:00+00:00,78444.6,80184.7,77262.6,79140.0,128094.102
2025-04-08 00:00:00+00:00,79140.1,80832.1,78726.5,79448.6,70302.341
2025-04-08 08:00:00+00:00,79448.5,80359.5,78136.0,78460.0,126383.201
2025-04-08 16:00:00+00:00,78459.9,78500.0,76200.1,76297.9,131723.992
2025-04-09 00:00:00+00:00,76298.0,77906.6,74578.5,77651.4,154214.21
2025-04-09 08:00:00+00:00,77651.3,78288.8,75735.9,77237.6,170654.791
2025-04-09 16:00:00+00:00,77237.5,83554.9,77104.0,82588.0,235780.861
2025-04-10 00:00:00+00:00,82587.9,82706.9,81241.1,81561.6,62722.496
2025-04-10 08:00:00+00:00,81561.5,82488.0,78559.0,78731.7,143121.765
2025-04-10 16:00:00+00:00,78731.7,80011.8,78416.0,79560.2,87817.839
2025-04-11 00:00:00+00:00,79560.3,81388.0,78935.5,81213.6,71931.272
2025-04-11 08:00:00+00:00,81213.7,83297.9,80691.3,82486.7,148681.007
2025-04-11 16:00:00+00:00,82486.8,84300.0,81968.0,83378.3,75165.592
2025-04-12 00:00:00+00:00,83378.3,83785.4,82756.0,83685.4,40263.773
2025-04-12 08:00:00+00:00,83685.4,85388.0,83260.0,84974.1,75061.781
2025-04-12 16:00:00+00:00,84974.1,85884.2,84389.5,85237.8,42677.283
2025-04-13 00:00:00+00:00,85237.9,86100.0,84355.1,84378.4,63129.637
2025-04-13 08:00:00+00:00,84378.4,84918.0,83450.7,83820.1,61514.865
2025-04-13 16:00:00+00:00,83820.1,84999.9,82991.5,83713.7,82393.878
2025-04-14 00:00:00+00:00,83713.8,85534.8,83630.9,84544.2,74106.106
2025-04-14 08:00:00+00:00,84544.3,85755.0,83668.9,84054.4,90746.144
2025-04-14 16:00:00+00:00,84054.4,85171.9,83813.9,84553.9,44497.106
2025-04-15 00:00:00+00:00,84553.9,85835.0,84303.0,85691.3,46634.867
2025-04-15 08:00:00+00:00,85691.3,86443.0,84567.0,84871.9,92946.11
2025-04-15 16:00:00+00:00,84871.9,85115.1,83560.0,83608.7,44941.205
2025-04-16 00:00:00+00:00,83608.6,83915.7,83063.9,83325.0,46092.857
2025-04-16 08:00:00+00:00,83325.0,85232.0,83100.0,84810.7,79743.844
2025-04-16 16:00:00+00:00,84811.3,85493.5,83198.2,83990.0,83604.717
2025-04-17 00:00:00+00:00,83990.1,85043.4,83772.5,84629.0,36955.319
2025-04-17 08:00:00+00:00,84629.0,84829.4,83700.0,84495.5,51593.737
2025-04-17 16:00:00+00:00,84495.6,85441.5,84358.0,84915.0,52484.139
2025-04-18 00:00:00+00:00,84914.9,85100.0,84349.3,84622.9,20739.362
2025-04-18 08:00:00+00:00,84622.9,84734.5,84300.5,84332.3,20509.376
2025-04-18 16:00:00+00:00,84332.2,84659.8,84260.0,84421.0,13970.104
2025-04-19 00:00:00+00:00,84421.0,85240.0,84317.2,85174.5,24248.541
2025-04-19 08:00:00+00:00,85174.5,85600.0,85006.2,85146.3,28056.805
2025-04-19 16:00:00+00:00,85146.3,85332.7,84613.5,85046.9,21075.22
2025-04-20 00:00:00+00:00,85046.9,85283.6,84650.0,84736.5,20718.198
2025-04-20 08:00:00+00:00,84736.6,84751.0,83900.0,84304.5,40573.859
2025-04-20 16:00:00+00:00,84304.6,85266.5,84234.1,85138.8,29359.761
2025-04-21 00:00:00+00:00,85138.9,87702.3,85100.0,87400.6,92003.481
2025-04-21 08:00:00+00:00,87400.7,88418.2,86610.0,87997.4,101936.672
2025-04-21 16:00:00+00:00,87997.3,88216.3,86327.0,87466.0,80129.718
2025-04-22 00:00:00+00:00,87466.0,88850.0,87017.5,88434.9,70855.201
2025-04-22 08:00:00+00:00,88434.9,91373.0,88187.2,90881.2,143892.283
2025-04-22 16:00:00+00:00,90881.1,94142.5,90561.7,93404.9,119257.597
2025-04-23 00:00:00+00:00,93404.9,94263.0,92552.0,94102.5,62926.035
2025-04-23 08:00:00+00:00,94102.6,94904.3,91898.0,93140.3,122556.228
2025-04-23 16:00:00+00:00,93140.3,94178.0,92860.0,93632.1,47266.165
2025-04-24 00:00:00+00:00,93632.2,93735.1,92055.1,92166.0,43442.426
2025-04-24 08:00:00+00:00,92166.1,93429.6,91619.0,93144.8,66231.738
2025-04-24 16:00:00+00:00,93144.8,93980.6,92625.0,93931.6,47418.564
2025-04-25 00:00:00+00:00,93931.5,94409.5,92788.0,93734.0,46640.18
2025-04-25 08:00:00+00:00,93733.9,95769.6,93493.9,94999.8,102471.029
2025-04-25 16:00:00+00:00,94999.8,95498.3,94310.0,94591.8,42719.268
2025-04-26 00:00:00+00:00,94591.8,95157.1,94274.0,94520.1,23858.394
2025-04-26 08:00:00+00:00,94520.0,94680.0,93833.0,94325.0,30750.748
2025-04-26 16:00:00+00:00,94325.0,94850.2,94000.0,94575.7,17929.067
2025-04-27 00:00:00+00:00,94575.7,95280.5,93586.7,94027.6,37573.166
2025-04-27 08:00:00+00:00,94027.7,94295.4,93547.3,93857.7,24330.161
2025-04-27 16:00:00+00:00,93857.7,94517.9,93600.0,93697.1,21912.856
2025-04-28 00:00:00+00:00,93697.0,94758.0,92700.0,94641.6,53451.041
2025-04-28 08:00:00+00:00,94641.6,95578.8,93520.2,93772.8,96642.719
2025-04-28 16:00:00+00:00,93772.7,95146.3,93367.2,94969.0,44326.956
2025-04-29 00:00:00+00:00,94969.0,95415.7,94154.1,94878.0,50483.573
2025-04-29 08:00:00+00:00,94877.9,95264.9,94466.5,94790.7,42528.804
2025-04-29 16:00:00+00:00,94790.6,95426.4,93678.7,94200.1,54819.417
2025-04-30 00:00:00+00:00,94200.1,95149.9,94081.4,94577.6,33170.497
2025-04-30 08:00:00+00:00,94577.6,95186.5,92848.1,93948.4,96253.103
2025-04-30 16:00:00+00:00,93948.4,94751.8,93476.2,94125.1,41505.71
2025-05-01 00:00:00+00:00,94125.2,95146.2,94086.7,94978.6,35705.999
2025-05-01 08:00:00+00:00,94978.6,97388.0,94866.6,96793.9,104495.383
2025-05-01 16:00:00+00:00,96793.9,97300.0,96122.4,96423.3,44325.373
2025-05-02 00:00:00+00:00,96423.2,97262.0,96283.1,96302.0,36541.66
2025-05-02 08:00:00+00:00,96302.0,97865.4,96300.0,97270.1,69015.004
2025-05-02 16:00:00+00:00,97270.1,97740.0,96507.6,96831.2,33640.862
2025-05-03 00:00:00+00:00,96831.2,96868.4,96064.1,96290.8,23597.942
2025-05-03 08:00:00+00:00,96290.8,96456.0,95804.8,96358.7,27487.744
2025-05-03 16:00:00+00:00,96358.7,96399.9,95700.0,95803.3,20334.943
2025-05-04 00:00:00+00:00,95803.3,96266.6,95508.7,95842.1,24448.759
2025-05-04 08:00:00+00:00,95842.1,95886.5,95172.4,95421.1,30486.116
2025-05-04 16:00:00+00:00,95421.1,95700.0,94116.4,94230.2,39326.002
2025-05-05 00:00:00+00:00,94230.2,94778.5,93445.1,94696.4,54054.977
2025-05-05 08:00:00+00:00,94696.4,94726.8,93559.6,93726.0,55459.3
2025-05-05 16:00:00+00:00,93726.0,95165.1,93705.3,94696.7,45388.098
2025-05-06 00:00:00+00:00,94696.7,94893.3,93961.0,94350.0,24862.731
2025-05-06 08:00:00+00:00,94350.0,94697.2,93327.0,94513.2,72331.816
2025-05-06 16:00:00+00:00,94513.2,96879.5,94145.4,96798.9,76488.519
2025-05-07 00:00:00+00:00,96798.9,97700.0,96153.2,96940.0,64366.777
2025-05-07 08:00:00+00:00,96940.0,97446.8,96655.2,96889.0,49325.657
2025-05-07 16:00:00+00:00,96889.0,97363.8,95718.5,96988.4,71574.708
2025-05-08 00:00:00+00:00,96988.4,99374.3,96831.5,99212.0,93563.281
2025-05-08 08:00:00+00:00,99212.1,101493.2,99050.1,100730.8,114797.497
2025-05-08 16:00:00+00:00,100730.9,104305.3,100550.0,103228.1,109061.691
2025-05-09 00:00:00+00:00,103228.0,104373.0,102327.9,103597.4,55439.633
2025-05-09 08:00:00+00:00,103597.4,103920.0,102358.0,102852.9,85104.964
2025-05-09 16:00:00+00:00,102853.0,103366.0,102240.0,102941.9,32339.325
2025-05-10 00:00:00+00:00,102941.9,104085.0,102784.0,103721.7,27170.842
2025-05-10 08:00:00+00:00,103721.7,104066.2,103038.7,103102.6,32137.172
2025-05-10 16:00:00+00:00,103102.6,105000.1,102940.0,104788.8,45076.523
2025-05-11 00:00:00+00:00,104788.8,104950.0,103283.3,103327.9,46255.512
2025-05-11 08:00:00+00:00,103327.8,104873.5,103321.0,104083.0,54958.245
2025-05-11 16:00:00+00:00,104082.9,104800.0,103502.4,104072.7,37922.664
2025-05-12 00:00:00+00:00,104072.7,105863.1,103664.8,104426.2,82575.039
2025-05-12 08:00:00+00:00,104426.3,104684.0,102345.0,102481.7,97792.151
2025-05-12 16:00:00+00:00,102481.8,103080.9,100678.0,102739.3,76175.509
2025-05-13 00:00:00+00:00,102739.3,102900.0,101400.0,102624.0,44070.08
2025-05-13 08:00:00+00:00,102624.0,103930.1,102507.6,103633.1,67530.002
2025-05-13 16:00:00+00:00,103633.0,104949.2,103488.2,104082.0,50768.246
2025-05-14 00:00:00+00:00,104082.0,104086.5,103314.0,103662.2,30240.508
2025-05-14 08:00:00+00:00,103662.2,104319.0,102773.4,103461.4,69061.923
2025-05-14 16:00:00+00:00,103461.3,103675.0,102536.0,103458.1,26961.666
2025-05-15 00:00:00+00:00,103458.1,103820.0,101677.0,101733.9,39821.777
2025-05-15 08:00:00+00:00,101734.0,103242.0,101270.8,103211.2,74604.534
2025-05-15 16:00:00+00:00,103211.2,104162.8,102500.0,103714.5,61917.795
2025-05-16 00:00:00+00:00,103714.2,104440.1,103414.8,103646.6,36935.122
2025-05-16 08:00:00+00:00,103646.5,104258.7,103062.3,104144.0,47790.885
2025-05-16 16:00:00+00:00,104144.0,104524.2,103361.6,103412.2,30787.042
2025-05-17 00:00:00+00:00,103412.2,103658.0,102541.6,103399.4,37002.134
2025-05-17 08:00:00+00:00,103399.5,103524.7,102591.0,102900.0,33646.542
2025-05-17 16:00:00+00:00,102900.1,103458.6,102706.6,103079.6,19723.993
2025-05-18 00:00:00+00:00,103079.5,103949.6,103052.2,103893.0,19550.994
2025-05-18 08:00:00+00:00,103893.0,105665.3,103660.7,105484.2,54700.962
2025-05-18 16:00:00+00:00,105484.2,106629.8,103217.2,106407.6,98972.328
2025-05-19 00:00:00+00:00,106407.5,107114.3,102038.8,103167.0,108337.994
2025-05-19 08:00:00+00:00,103167.1,104920.2,102088.9,104740.4,81250.414
2025-05-19 16:00:00+00:00,104740.5,105798.5,104426.8,105531.6,68237.196
2025-05-20 00:00:00+00:00,105531.5,106800.0,104868.5,104980.1,69853.448
2025-05-20 08:00:00+00:00,104980.1,105371.7,104115.2,105294.5,62243.595
2025-05-20 16:00:00+00:00,105294.5,107292.5,105028.4,106800.1,94090.203
2025-05-21 00:00:00+00:00,106800.0,107950.0,106146.9,106463.6,72445.796
2025-05-21 08:00:00+00:00,106463.7,109430.0,106037.9,108936.6,125144.225
2025-05-21 16:00:00+00:00,108936.6,110830.0,106085.3,109609.5,215999.833
2025-05-22 00:00:00+00:00,109609.6,111866.4,109153.4,111005.8,112328.725
2025-05-22 08:00:00+00:00,111005.8,111582.5,110238.5,111250.6,82694.454
2025-05-22 16:00:00+00:00,111251.0,111959.5,110704.1,111662.7,51043.854
2025-05-23 00:00:00+00:00,111662.6,111770.4,110351.5,110685.2,46721.009
2025-05-23 08:00:00+00:00,110685.3,111348.0,107250.0,108892.4,153992.384
2025-05-23 16:00:00+00:00,108892.5,109760.0,106721.9,107271.5,78766.954
2025-05-24 00:00:00+00:00,107271.6,108520.0,106836.0,107550.6,45929.283
2025-05-24 08:00:00+00:00,107550.7,109440.2,107546.1,108889.2,63841.083
2025-05-24 16:00:00+00:00,108889.1,109165.8,107394.7,107698.9,55388.392
2025-05-25 00:00:00+00:00,107699.0,108250.1,107142.0,107637.1,39384.279
2025-05-25 08:00:00+00:00,107637.1,107698.4,106497.0,106927.9,65977.083
2025-05-25 16:00:00+00:00,106928.0,109285.1,106593.4,108955.9,54104.441
2025-05-26 00:00:00+00:00,108956.0,110197.9,108616.6,110049.9,53117.538
2025-05-26 08:00:00+00:00,110049.9,110400.0,109412.9,109963.2,45179.457
2025-05-26 16:00:00+00:00,109963.2,110394.7,108807.0,109386.8,48695.225
2025-05-27 00:00:00+00:00,109386.8,109633.8,107438.0,109488.0,76479.21
2025-05-27 08:00:00+00:00,109488.0,110700.0,108609.4,110091.3,99643.933
2025-05-27 16:00:00+00:00,110091.3,110459.7,108533.5,108889.3,47476.762
2025-05-28 00:00:00+00:00,108889.2,109252.6,108339.2,108764.9,32646.776
2025-05-28 08:00:00+00:00,108764.9,109076.2,107000.0,107065.5,79486.831
2025-05-28 16:00:00+00:00,107065.5,107999.0,106723.9,107723.1,46284.152
2025-05-29 00:00:00+00:00,107723.1,108450.0,106877.4,107839.4,44116.819
2025-05-29 08:00:00+00:00,107839.5,108860.0,106400.0,106972.5,94037.691
2025-05-29 16:00:00+00:00,106972.6,107121.1,105054.2,105539.9,74946.745
2025-05-30 00:00:00+00:00,105539.9,106266.0,104521.0,104997.5,70391.768
2025-05-30 08:00:00+00:00,104997.5,105949.1,104568.0,105504.0,73323.046
2025-05-30 16:00:00+00:00,105504.0,105531.5,103555.0,103950.0,75986.488
2025-05-31 00:00:00+00:00,103949.9,104259.4,103032.1,103700.6,44019.485
2025-05-31 08:00:00+00:00,103700.5,104800.0,103249.9,104497.1,40175.318
2025-05-31 16:00:00+00:00,104497.1,104859.3,104215.0,104544.7,19413.037
2025-06-01 00:00:00+00:00,104544.6,104700.0,103860.9,104231.0,23810.94
2025-06-01 08:00:00+00:00,104230.9,104760.0,103704.1,104664.0,32452.36
2025-06-01 16:00:00+00:00,104663.9,105823.6,104280.1,105583.3,41156.94
2025-06-02 00:00:00+00:00,105583.3,105700.0,104520.0,105346.4,32990.594
2025-06-02 08:00:00+00:00,105346.4,105900.0,103600.6,104396.8,82043.138
2025-06-02 16:00:00+00:00,104396.9,105893.8,103982.9,105814.3,43219.186
2025-06-03 00:00:00+00:00,105814.4,106470.8,105062.5,105134.4,42277.582
2025-06-03 08:00:00+00:00,105134.4,106775.0,104822.4,106556.1,54526.091
2025-06-03 16:00:00+00:00,106556.1,106619.6,105200.4,105330.1,42412.334
2025-06-04 00:00:00+00:00,105330.1,105800.0,105072.0,105260.2,25121.667
2025-06-04 08:00:00+00:00,105260.1,105967.2,104111.7,105254.7,66259.549
2025-06-04 16:00:00+00:00,105254.7,105437.8,104350.0,104641.8,27152.909
2025-06-05 00:00:00+00:00,104641.8,105225.6,104321.2,104473.0,27343.971
2025-06-05 08:00:00+00:00,104473.1,105878.3,103825.0,104490.5,78884.98
2025-06-05 16:00:00+00:00,104490.5,104547.9,100305.1,101458.6,140009.723
2025-06-06 00:00:00+00:00,101458.7,103424.5,101003.4,103096.8,53321.757
2025-06-06 08:00:00+00:00,103096.7,105283.0,103096.7,105035.4,86076.676
2025-06-06 16:00:00+00:00,105035.4,105240.0,104010.0,104240.0,34902.473
2025-06-07 00:00:00+00:00,104240.1,105293.0,103800.1,104813.6,29200.41
2025-06-07 08:00:00+00:00,104813.7,105758.8,104632.0,105507.9,30573.328
2025-06-07 16:00:00+00:00,105507.9,105878.3,105222.6,105507.5,20059.435
2025-06-08 00:00:00+00:00,105507.5,105760.5,105347.0,105380.4,13719.005
2025-06-08 08:00:00+00:00,105380.5,106200.0,104927.4,105917.5,35250.662
2025-06-08 16:00:00+00:00,105917.6,106482.6,105511.0,105676.5,26135.437
2025-06-09 00:00:00+00:00,105676.5,105929.8,105253.2,105516.7,21372.17
2025-06-09 08:00:00+00:00,105516.7,107985.0,105429.2,107564.3,92987.403
2025-06-09 16:00:00+00:00,107564.3,110653.6,107563.4,110227.9,78596.836
2025-06-10 00:00:00+00:00,110228.0,110280.0,109041.1,109178.0,38519.813
2025-06-10 08:00:00+00:00,109178.1,109852.9,108282.0,108975.3,66219.767
2025-06-10 16:00:00+00:00,108975.2,110367.2,108467.5,110235.4,47477.394
2025-06-11 00:00:00+00:00,110235.4,110247.0,109322.0,109396.9,21540.828
2025-06-11 08:00:00+00:00,109396.9,110350.0,108950.1,109694.8,59238.857
2025-06-11 16:00:00+00:00,109694.9,109776.5,108001.2,108600.0,53642.636
2025-06-12 00:00:00+00:00,108600.1,108782.1,107300.0,107577.0,41626.535
2025-06-12 08:00:00+00:00,107577.0,107798.0,106539.1,106960.6,64928.405
2025-06-12 16:00:00+00:00,106960.6,108398.4,105602.0,105609.5,79235.25
2025-06-13 00:00:00+00:00,105609.4,105661.0,102614.0,104831.4,125975.883
2025-06-13 08:00:00+00:00,104831.4,105750.0,104069.5,105391.9,74929.66
2025-06-13 16:00:00+00:00,105392.0,106141.1,104607.0,106027.3,45029.87
2025-06-14 00:00:00+00:00,106027.3,106173.6,104738.7,105025.1,26431.326
2025-06-14 08:00:00+00:00,105025.0,105088.0,104570.0,104783.4,19291.091
2025-06-14 16:00:00+00:00,104783.4,105438.0,104225.4,105359.9,34189.153
2025-06-15 00:00:00+00:00,105359.8,106099.4,105137.0,105374.1,24497.532
2025-06-15 08:00:00+00:00,105374.2,105810.6,104812.2,105526.0,27352.803
2025-06-15 16:00:00+00:00,105525.9,105744.0,104399.9,105534.6,26969.064
2025-06-16 00:00:00+00:00,105534.7,107250.0,104920.0,107023.8,47893.518
2025-06-16 08:00:00+00:00,107023.8,107759.8,106446.6,107374.9,48641.199
2025-06-16 16:00:00+00:00,107375.0,108900.0,106640.1,106750.1,70278.502
2025-06-17 00:00:00+00:00,106750.1,107727.4,106068.0,106711.1,54876.769
2025-06-17 08:00:00+00:00,106711.0,106785.2,104068.0,104199.2,88814.702
2025-06-17 16:00:00+00:00,104199.2,105288.0,103300.0,104508.0,82360.392
2025-06-18 00:00:00+00:00,104508.0,105500.0,104312.2,104925.7,31679.863
2025-06-18 08:00:00+00:00,104925.6,105300.0,103750.0,104744.2,77556.08
2025-06-18 16:00:00+00:00,104744.2,105098.0,103426.1,104832.8,63470.456
2025-06-19 00:00:00+00:00,104832.8,105185.7,104364.5,104585.9,27681.514
2025-06-19 08:00:00+00:00,104585.8,105032.1,104021.3,104055.1,30695.166
2025-06-19 16:00:00+00:00,104055.2,104869.4,103870.3,104607.1,29333.925
2025-06-20 00:00:00+00:00,104607.1,105765.8,104185.3,105763.5,30968.862
2025-06-20 08:00:00+00:00,105763.6,106486.2,103805.9,104168.5,93315.289
2025-06-20 16:00:00+00:00,104168.5,104221.0,102255.3,103246.1,74817.984
2025-06-21 00:00:00+00:00,103246.1,103641.0,103067.7,103402.2,14803.794
2025-06-21 08:00:00+00:00,103402.1,103940.6,103222.7,103516.7,29989.327
2025-06-21 16:00:00+00:00,103516.7,103600.0,100789.9,102079.8,75978.229
2025-06-22 00:00:00+00:00,102079.8,103362.6,101781.8,102399.0,63083.963
2025-06-22 08:00:00+00:00,102399.1,102789.7,98786.9,98849.9,134402.845
2025-06-22 16:00:00+00:00,98849.7,100993.5,98115.4,100904.7,96075.828
2025-06-23 00:00:00+00:00,100904.7,102155.1,100425.6,101874.5,50600.435
2025-06-23 08:00:00+00:00,101874.4,102596.5,100749.8,101369.7,73257.639
2025-06-23 16:00:00+00:00,101369.6,106050.0,99547.6,105290.9,173363.967
2025-06-24 00:00:00+00:00,105291.0,105775.9,104651.4,104891.8,50378.049
2025-06-24 08:00:00+00:00,104891.8,105675.0,104570.8,105184.4,56220.324
2025-06-24 16:00:00+00:00,105184.3,106239.0,105125.3,106034.9,37851.514
2025-06-25 00:00:00+00:00,106034.9,106750.9,105755.6,106547.5,37695.092
2025-06-25 08:00:00+00:00,106547.5,108095.7,106286.5,106982.6,87926.442
2025-06-25 16:00:00+00:00,106982.7,107965.9,106859.0,107280.0,33656.289
2025-06-26 00:00:00+00:00,107280.1,108249.9,107041.4,107768.5,32305.462
2025-06-26 08:00:00+00:00,107768.6,108135.0,106500.0,107260.0,51129.374
2025-06-26 16:00:00+00:00,107259.9,107971.3,106789.9,106913.7,30998.55
2025-06-27 00:00:00+00:00,106913.8,107686.0,106345.2,106816.9,29899.361
2025-06-27 08:00:00+00:00,106816.9,107378.6,106313.1,107261.3,52768.335
2025-06-27 16:00:00+00:00,107261.2,107659.9,106373.3,107010.7,35969.754
2025-06-28 00:00:00+00:00,107010.6,107458.4,106767.0,107433.0,13840.613
2025-06-28 08:00:00+00:00,107433.1,107538.0,107039.8,107407.6,12068.355
2025-06-28 16:00:00+00:00,107407.7,107494.0,107096.7,107241.0,9761.451
2025-06-29 00:00:00+00:00,107240.9,107464.0,107112.6,107367.2,9701.563
2025-06-29 08:00:00+00:00,107367.3,108499.0,107351.6,107686.9,39924.791
2025-06-29 16:00:00+00:00,107686.9,108400.0,107203.8,108309.8,29821.971
2025-06-30 00:00:00+00:00,108309.8,108783.9,107427.5,107562.6,36712.437
2025-06-30 08:00:00+00:00,107562.6,107916.6,106686.4,107525.6,53322.526
2025-06-30 16:00:00+00:00,107525.7,107775.0,106863.8,107087.4,24646.423
2025-07-01 00:00:00+00:00,107087.3,107499.9,106557.4,107134.9,25229.118
2025-07-01 08:00:00+00:00,107134.8,107140.7,105578.0,105908.3,61320.518
2025-07-01 16:00:00+00:00,105908.3,106248.6,105182.6,105637.9,33884.765
2025-07-02 00:00:00+00:00,105637.9,107144.4,105010.0,107026.0,36611.96
2025-07-02 08:00:00+00:00,107026.1,108754.6,107026.1,108695.3,73027.829
2025-07-02 16:00:00+00:00,108695.4,109690.4,108603.9,108800.0,67927.472
2025-07-03 00:00:00+00:00,108800.0,109516.3,108480.6,109235.0,29664.282
2025-07-03 08:00:00+00:00,109234.9,110484.0,108706.0,109089.8,86470.105
2025-07-03 16:00:00+00:00,109089.9,109963.1,108966.0,109545.2,25353.61
2025-07-04 00:00:00+00:00,109545.1,109732.3,108661.0,108661.0,26125.061
2025-07-04 08:00:00+00:00,108661.1,109071.1,107436.0,107534.7,65618.097
2025-07-04 16:00:00+00:00,107534.6,108229.0,107200.0,107935.4,40562.689
2025-07-05 00:00:00+00:00,107935.3,108368.1,107688.3,108000.9,15489.101
2025-07-05 08:00:00+00:00,108000.8,108194.4,107828.1,108012.7,10982.115
2025-07-05 16:00:00+00:00,108012.6,108183.8,107809.2,108153.4,10189.732
2025-07-06 00:00:00+00:00,108153.4,108211.0,107901.0,107991.3,8296.449
2025-07-06 08:00:00+00:00,107991.4,109079.1,107743.4,108856.8,33166.682
2025-07-06 16:00:00+00:00,108856.8,109684.7,108209.6,109145.8,30925.472
2025-07-07 00:00:00+00:00,109145.8,109667.3,108611.0,109016.3,27147.116
2025-07-07 08:00:00+00:00,109016.3,109041.2,107903.2,108249.0,42366.9
2025-07-07 16:00:00+00:00,108248.9,108460.8,107456.0,108203.9,36883.562
2025-07-08 00:00:00+00:00,108203.9,108475.0,107400.0,108440.7,28173.941
2025-07-08 08:00:00+00:00,108440.7,109180.0,108151.0,108217.0,40087.725
2025-07-08 16:00:00+00:00,108217.0,109115.4,108041.0,108873.1,26894.361
2025-07-09 00:00:00+00:00,108873.2,109107.4,108273.5,108674.8,21600.454
2025-07-09 08:00:00+00:00,108674.7,109738.5,108429.0,109020.0,53776.073
2025-07-09 16:00:00+00:00,109019.9,112036.8,108975.9,111199.9,92458.204
2025-07-10 00:00:00+00:00,111199.8,111548.3,110834.6,111186.1,23565.916
2025-07-10 08:00:00+00:00,111186.2,111370.3,110432.2,111350.0,41853.889
2025-07-10 16:00:00+00:00,111350.0,117500.0,111267.7,115979.2,160150.408
2025-07-11 00:00:00+00:00,115979.2,118395.9,115186.7,117522.7,87075.027
2025-07-11 08:00:00+00:00,117522.7,118882.8,116725.1,116910.3,72701.259
2025-07-11 16:00:00+00:00,116910.3,118128.0,116611.1,117500.0,40043.071
2025-07-12 00:00:00+00:00,117500.0,118036.7,117055.0,117689.7,18251.634
2025-07-12 08:00:00+00:00,117689.6,118176.9,116862.4,117075.6,31192.407
2025-07-12 16:00:00+00:00,117075.6,117609.4,116960.0,117389.3,14278.431
2025-07-13 00:00:00+00:00,117389.4,118040.8,117164.3,117950.0,14488.959
2025-07-13 08:00:00+00:00,117950.0,119655.0,117641.3,118610.6,45352.701
2025-07-13 16:00:00+00:00,118610.6,119454.9,118197.7,119038.3,30210.721
2025-07-14 00:00:00+00:00,119038.3,123300.0,118862.6,122731.0,99239.885
2025-07-14 08:00:00+00:00,122731.0,122772.7,119590.9,119863.1,77025.443
2025-07-14 16:00:00+00:00,119863.1,120510.9,119200.0,119816.5,45290.792
2025-07-15 00:00:00+00:00,119816.5,119919.4,116227.0,116777.1,101685.15
2025-07-15 08:00:00+00:00,116777.1,118499.8,115678.1,116393.0,102964.536
2025-07-15 16:00:00+00:00,116393.1,117965.6,116050.0,117738.5,65327.76
2025-07-16 00:00:00+00:00,117738.6,118297.1,117017.1,118181.2,31573.948
2025-07-16 08:00:00+00:00,118181.2,119786.7,118113.6,119056.0,77767.048
2025-07-16 16:00:00+00:00,119055.9,120100.0,118359.4,118590.7,49824.952
2025-07-17 00:00:00+00:00,118590.7,119151.3,117663.6,118293.9,40185.505
2025-07-17 08:00:00+00:00,118293.8,119216.4,117412.8,118875.0,53010.083
2025-07-17 16:00:00+00:00,118875.0,120951.5,118293.6,119176.6,71078.813
2025-07-18 00:00:00+00:00,119176.5,120846.1,119003.8,119356.6,44485.336
2025-07-18 08:00:00+00:00,119356.5,119519.8,117230.7,117830.0,73580.363
2025-07-18 16:00:00+00:00,117830.1,118053.5,116788.9,117896.4,44181.207
2025-07-19 00:00:00+00:00,117896.5,118340.7,117588.0,118135.0,15544.197
2025-07-19 08:00:00+00:00,118134.9,118456.0,117615.3,118025.6,19064.292
2025-07-19 16:00:00+00:00,118025.6,118149.8,117245.9,117814.4,17922.704
2025-07-20 00:00:00+00:00,117814.3,118214.0,117618.0,117984.3,13336.419
2025-07-20 08:00:00+00:00,117984.3,118794.0,117701.1,118669.3,26282.401
2025-07-20 16:00:00+00:00,118669.4,118856.6,116370.1,117216.0,42761.762
2025-07-21 00:00:00+00:00,117216.1,119720.6,116454.1,119352.2,43451.498
2025-07-21 08:00:00+00:00,119352.3,119496.2,117726.7,118304.1,52477.092
2025-07-21 16:00:00+00:00,118304.2,118381.0,116566.9,117330.2,45957.258
2025-07-22 00:00:00+00:00,117330.2,118554.9,115865.0,117959.5,56744.605
2025-07-22 08:00:00+00:00,117959.5,119582.3,117441.5,118899.8,78595.214
2025-07-22 16:00:00+00:00,118899.8,120300.1,118377.0,119993.7,51492.631
2025-07-23 00:00:00+00:00,119993.7,120146.5,118236.1,118327.0,33384.475
2025-07-23 08:00:00+00:00,118326.9,118687.1,117259.7,118531.0,58113.008
2025-07-23 16:00:00+00:00,118530.9,118725.3,117250.0,118713.5,45489.414
2025-07-24 00:00:00+00:00,118713.4,119265.4,117050.2,118368.0,52642.204
2025-07-24 08:00:00+00:00,118368.1,119469.9,117773.1,119074.1,55888.277
2025-07-24 16:00:00+00:00,119074.1,119376.9,118112.0,118294.3,28847.132
2025-07-25 00:00:00+00:00,118294.4,118410.8,114667.3,115288.8,125992.753
2025-07-25 08:00:00+00:00,115288.9,116759.6,114846.1,115687.4,92489.875
2025-07-25 16:00:00+00:00,115687.4,117615.3,115413.1,117583.5,41904.126
2025-07-26 00:00:00+00:00,117583.4,117740.6,117114.2,117288.1,17517.495
2025-07-26 08:00:00+00:00,117288.0,118229.7,117288.0,118111.1,26888.706
2025-07-26 16:00:00+00:00,118111.1,118300.0,117846.1,117889.2,12812.403
2025-07-27 00:00:00+00:00,117889.3,118432.1,117800.8,118083.6,12231.87
2025-07-27 08:00:00+00:00,118083.5,118583.2,117822.2,118580.8,22697.742
2025-07-27 16:00:00+00:00,118580.9,119766.0,118580.8,119423.4,41049.347
2025-07-28 00:00:00+00:00,119423.5,119812.0,118742.0,118873.2,27946.603
2025-07-28 08:00:00+00:00,118873.1,119091.2,117900.0,118152.8,46062.928
2025-07-28 16:00:00+00:00,118152.9,118363.0,117388.0,118041.4,32702.798
2025-07-29 00:00:00+00:00,118041.5,119258.7,117406.3,118856.2,30292.349
2025-07-29 08:00:00+00:00,118856.2,119050.0,117218.7,117345.7,46996.508
2025-07-29 16:00:00+00:00,117345.7,118019.3,116923.0,117897.0,37974.606
2025-07-30 00:00:00+00:00,117897.1,118384.6,117363.0,118083.1,19596.548
2025-07-30 08:00:00+00:00,118083.2,118763.5,117291.6,117950.0,44754.082
2025-07-30 16:00:00+00:00,117949.9,117995.4,115700.0,117771.0,60567.227
2025-07-31 00:00:00+00:00,117771.1,118910.0,117713.5,118624.1,30145.745
2025-07-31 08:00:00+00:00,118624.0,118728.0,117783.3,118259.3,35469.981
2025-07-31 16:00:00+00:00,118259.4,118850.0,115373.9,115697.3,69421.741
2025-08-01 00:00:00+00:00,115697.3,116000.0,114239.0,115015.1,63819.381
2025-08-01 08:00:00+00:00,115015.1,115956.0,113871.1,115305.3,81390.149
2025-08-01 16:00:00+00:00,115305.3,115656.8,112660.0,113244.8,76072.569
2025-08-02 00:00:00+00:00,113244.8,114000.0,113145.0,113919.9,22965.401
2025-08-02 08:00:00+00:00,113920.0,113988.0,112769.2,112798.6,28713.228
2025-08-02 16:00:00+00:00,112798.6,113388.9,111910.0,112508.8,50780.819
2025-08-03 00:00:00+00:00,112508.8,113694.0,111850.0,113647.2,24263.541
2025-08-03 08:00:00+00:00,113647.2,114200.0,113492.5,113904.3,21923.855
2025-08-03 16:00:00+00:00,113904.3,114730.0,113727.8,114150.8,16996.473
2025-08-04 00:00:00+00:00,114150.9,114963.4,114053.8,114607.0,21575.034
2025-08-04 08:00:00+00:00,114607.0,115431.6,114070.0,114766.3,35213.004
2025-08-04 16:00:00+00:00,114766.4,115686.0,114580.4,115002.1,26540.553
2025-08-05 00:00:00+00:00,115002.1,115073.3,113650.0,113924.7,27208.31
2025-08-05 08:00:00+00:00,113924.7,115057.0,112582.4,112871.8,64331.404
2025-08-05 16:00:00+00:00,112871.7,114178.4,112755.1,114069.6,27776.714
2025-08-06 00:00:00+00:00,114069.6,114390.2,113304.5,114179.2,23530.656
2025-08-06 08:00:00+00:00,114179.2,115488.0,113520.0,115366.3,49583.291
2025-08-06 16:00:00+00:00,115366.2,115674.2,114732.8,114941.0,25484.723
2025-08-07 00:00:00+00:00,114941.0,115144.0,114211.4,114751.1,21527.58
2025-08-07 08:00:00+00:00,114751.2,116782.6,114750.0,116634.6,65957.282
2025-08-07 16:00:00+00:00,116634.6,117580.0,115555.2,117419.9,46924.193
2025-08-08 00:00:00+00:00,117419.9,117591.8,116342.0,116772.0,28243.596
2025-08-08 08:00:00+00:00,116772.0,117229.9,115850.0,116162.0,35787.582
2025-08-08 16:00:00+00:00,116162.1,116941.5,115949.9,116628.2,25797.433
2025-08-09 00:00:00+00:00,116628.2,116950.1,116304.0,116703.2,20647.698
2025-08-09 08:00:00+00:00,116703.3,117906.7,116600.0,116835.6,39488.629
2025-08-09 16:00:00+00:00,116835.5,117000.0,116350.0,116422.1,17788.207
2025-08-10 00:00:00+00:00,116422.1,118738.0,116413.2,117770.0,64012.527
2025-08-10 08:00:00+00:00,117770.0,119094.0,117568.9,118766.0,38908.286
2025-08-10 16:00:00+00:00,118766.0,119291.9,118010.0,119255.3,27410.966
2025-08-11 00:00:00+00:00,119255.3,122450.0,118950.0,121534.8,87345.045
2025-08-11 08:00:00+00:00,121534.9,121820.7,119345.0,120271.2,76989.34
2025-08-11 16:00:00+00:00,120271.2,120799.0,118050.0,118641.9,52753.869
2025-08-12 00:00:00+00:00,118641.8,119246.4,118377.2,118931.9,27600.155
2025-08-12 08:00:00+00:00,118931.9,119927.9,118154.3,119888.0,59133.308
2025-08-12 16:00:00+00:00,119888.0,120270.0,119124.5,120081.0,38975.092
2025-08-13 00:00:00+00:00,120080.9,120146.6,118829.0,119540.3,32892.34
2025-08-13 08:00:00+00:00,119540.3,122218.3,119408.8,120897.2,89124.86
2025-08-13 16:00:00+00:00,120897.3,123715.9,120897.3,123323.9,66056.673
2025-08-14 00:00:00+00:00,123323.9,124545.6,121318.5,121742.4,71317.935
2025-08-14 08:00:00+00:00,121742.3,122050.0,117410.0,118185.9,137777.386
2025-08-14 16:00:00+00:00,118185.9,118500.0,117004.0,118242.2,50706.249
2025-08-15 00:00:00+00:00,118242.2,119184.0,117970.7,118908.3,27933.393
2025-08-15 08:00:00+00:00,118908.4,119114.9,116750.0,117216.8,56997.852
2025-08-15 16:00:00+00:00,117216.8,117859.4,116736.3,117279.2,35611.112
2025-08-16 00:00:00+00:00,117279.1,117857.1,117162.6,117549.9,19350.975
2025-08-16 08:00:00+00:00,117550.0,117786.0,117089.7,117626.9,15986.962
2025-08-16 16:00:00+00:00,117627.0,117774.5,117137.4,117329.7,11336.483
2025-08-17 00:00:00+00:00,117329.8,118187.0,117121.6,117949.9,15171.449
2025-08-17 08:00:00+00:00,117950.0,118558.0,117865.0,118191.0,17149.138
2025-08-17 16:00:00+00:00,118191.0,118267.9,117245.0,117353.8,22066.217
2025-08-18 00:00:00+00:00,117353.9,117499.4,114815.2,115153.2,69802.82
2025-08-18 08:00:00+00:00,115153.2,116137.8,114605.0,116099.4,46568.204
2025-08-18 16:00:00+00:00,116099.4,116938.7,115773.3,116183.6,30848.755
2025-08-19 00:00:00+00:00,116183.6,116687.7,114303.8,114928.7,41714.607
2025-08-19 08:00:00+00:00,114928.7,115847.4,113506.0,113730.0,55403.581
2025-08-19 16:00:00+00:00,113730.1,113844.0,112666.6,112824.2,43906.099
2025-08-20 00:00:00+00:00,112824.1,113805.5,112500.0,113436.7,30763.044
2025-08-20 08:00:00+00:00,113436.7,114279.3,112301.8,113297.0,60747.5
2025-08-20 16:00:00+00:00,113296.9,114569.0,113200.0,114220.5,39011.826
2025-08-21 00:00:00+00:00,114220.5,114777.0,113520.0,113836.8,23750.335
2025-08-21 08:00:00+00:00,113836.8,113947.4,112545.4,112748.9,40149.657
2025-08-21 16:00:00+00:00,112748.8,112940.6,111944.0,112462.2,32506.364
2025-08-22 00:00:00+00:00,112462.2,113485.9,112273.2,113040.1,28665.708
2025-08-22 08:00:00+00:00,113040.0,117266.9,111625.9,116319.3,123261.81
2025-08-22 16:00:00+00:00,116319.4,117397.4,116046.5,116897.5,47520.459
2025-08-23 00:00:00+00:00,116897.5,116988.0,115414.3,115769.9,32437.881
2025-08-23 08:00:00+00:00,115770.0,115840.4,114510.0,114776.5,32457.508
2025-08-23 16:00:00+00:00,114776.4,115380.0,114648.7,115377.1,13524.026
2025-08-24 00:00:00+00:00,115377.1,115640.0,114814.2,114854.8,20146.558
2025-08-24 08:00:00+00:00,114854.9,115033.4,114324.9,114372.6,24335.285
2025-08-24 16:00:00+00:00,114372.7,114914.8,110484.0,113446.3,88906.159
2025-08-25 00:00:00+00:00,113446.2,113621.3,111245.9,111469.7,48912.736
2025-08-25 08:00:00+00:00,111469.7,112533.2,110532.2,112142.2,68707.209
2025-08-25 16:00:00+00:00,112142.2,112897.7,109219.8,110064.0,87219.84
2025-08-26 00:00:00+00:00,110064.1,110508.5,108559.7,110244.2,47311.217
2025-08-26 08:00:00+00:00,110244.2,110817.5,109350.0,109624.6,54347.61
2025-08-26 16:00:00+00:00,109624.6,112330.0,109400.0,111709.9,43382.611
2025-08-27 00:00:00+00:00,111710.0,111765.6,110586.5,110688.0,27163.832
2025-08-27 08:00:00+00:00,110688.0,112568.5,110306.9,111965.1,42375.275
2025-08-27 16:00:00+00:00,111965.0,112550.0,110854.4,111194.9,44666.015
2025-08-28 00:00:00+00:00,111194.9,113318.2,110811.0,113079.2,34755.255
2025-08-28 08:00:00+00:00,113079.3,113429.0,112344.4,112633.1,36749.455
2025-08-28 16:00:00+00:00,112633.1,113153.1,111829.4,112507.3,26125.567
2025-08-29 00:00:00+00:00,112507.3,112585.7,109850.0,109969.0,42376.862
2025-08-29 08:00:00+00:00,109969.0,111489.5,108034.1,108334.4,94365.423
2025-08-29 16:00:00+00:00,108334.4,108777.0,107411.4,108332.4,42982.887
2025-08-30 00:00:00+00:00,108332.4,108615.3,107281.0,108466.6,27865.074
2025-08-30 08:00:00+00:00,108466.6,108879.6,108155.0,108809.8,22555.221
2025-08-30 16:00:00+00:00,108809.8,108851.0,108412.2,108757.9,10236.588
2025-08-31 00:00:00+00:00,108758.0,109439.9,108455.0,108656.9,23271.211
2025-08-31 08:00:00+00:00,108656.9,109067.2,108153.8,108758.2,23673.875
2025-08-31 16:00:00+00:00,108758.2,109196.5,108021.0,108208.4,23204.46
2025-09-01 00:00:00+00:00,108208.4,109390.3,107211.5,109390.3,51173.588
2025-09-01 08:00:00+00:00,109390.2,109874.8,108131.6,108738.0,54827.124
2025-09-01 16:00:00+00:00,108737.9,109410.5,107400.0,109187.9,44279.914
2025-09-02 00:00:00+00:00,109187.9,110597.9,108834.9,110190.1,42229.873
2025-09-02 08:00:00+00:00,110190.1,111742.1,108333.0,110789.9,98406.374
2025-09-02 16:00:00+00:00,110789.9,111487.9,110118.5,111188.0,35325.109
2025-09-03 00:00:00+00:00,111187.9,111732.9,110486.9,111041.5,25796.757
2025-09-03 08:00:00+00:00,111041.4,112470.5,110843.0,112168.6,54858.334
2025-09-03 16:00:00+00:00,112168.5,112541.2,111550.9,111659.8,24849.33
2025-09-04 00:00:00+00:00,111659.7,112136.8,110237.2,110417.3,35615.957
2025-09-04 08:00:00+00:00,110417.3,111111.0,109269.1,109448.0,48159.022
2025-09-04 16:00:00+00:00,109448.0,111743.8,109315.0,110679.4,38525.39
2025-09-05 00:00:00+00:00,110679.5,112949.0,110394.2,112900.1,43026.158
2025-09-05 08:00:00+00:00,112900.0,113344.3,110240.0,110674.1,110906.875
2025-09-05 16:00:00+00:00,110674.1,111655.5,110153.3,110614.9,39442.371
2025-09-06 00:00:00+00:00,110614.8,111256.2,110504.9,110779.9,12553.007
2025-09-06 08:00:00+00:00,110779.9,110956.5,110285.2,110324.1,14357.965
2025-09-06 16:00:00+00:00,110324.2,110359.1,109850.0,110135.3,19371.544
2025-09-07 00:00:00+00:00,110135.2,110880.8,110120.5,110710.8,15661.816
2025-09-07 08:00:00+00:00,110710.8,111371.4,110666.4,111276.2,22272.562
2025-09-07 16:00:00+00:00,111276.2,111559.5,110817.5,111076.0,15906.206
2025-09-08 00:00:00+00:00,111075.5,111580.7,110566.5,111236.4,23550.849
2025-09-08 08:00:00+00:00,111236.5,112867.6,111201.0,112573.6,52292.488
2025-09-08 16:00:00+00:00,112573.6,112635.0,111847.0,112012.6,23274.522
2025-09-09 00:00:00+00:00,112012.7,113238.0,111050.0,112950.1,51211.886
2025-09-09 08:00:00+00:00,112950.2,113134.3,110714.9,110830.1,62227.988
2025-09-09 16:00:00+00:00,110830.1,111692.3,110738.6,111499.9,23835.259
2025-09-10 00:00:00+00:00,111499.9,112555.0,110855.8,112500.1,33961.193
2025-09-10 08:00:00+00:00,112500.0,114287.9,112060.0,113801.3,83393.374
2025-09-10 16:00:00+00:00,113801.3,114046.8,113111.0,113896.8,34546.972
2025-09-11 00:00:00+00:00,113896.8,114433.2,113614.5,114040.0,22805.506
2025-09-11 08:00:00+00:00,114040.1,114691.7,113340.7,114122.3,61145.956
2025-09-11 16:00:00+00:00,114122.4,115439.0,114008.5,115427.0,29114.616
2025-09-12 00:00:00+00:00,115427.0,116280.0,114993.0,115049.0,44118.297
2025-09-12 08:00:00+00:00,115048.9,115445.9,114681.5,115064.9,32212.883
2025-09-12 16:00:00+00:00,115064.8,116605.7,114989.9,115978.4,42682.538
2025-09-13 00:00:00+00:00,115978.4,116245.4,115500.1,115715.5,17446.566
2025-09-13 08:00:00+00:00,115715.5,116126.0,115546.1,115721.3,16001.017
2025-09-13 16:00:00+00:00,115721.4,115946.4,115032.0,115862.7,19082.007
2025-09-14 00:00:00+00:00,115862.7,116075.8,115406.1,115746.0,12418.586
2025-09-14 08:00:00+00:00,115746.1,116118.6,115100.5,115162.2,23506.779
2025-09-14 16:00:00+00:00,115162.2,116050.0,115057.0,115210.0,19162.625
2025-09-15 00:00:00+00:00,115210.0,116759.9,114777.0,115769.5,41040.16
2025-09-15 08:00:00+00:00,115769.6,115769.6,114338.5,114788.4,56121.452
2025-09-15 16:00:00+00:00,114788.1,115550.0,114542.6,115300.6,20749.667
2025-09-16 00:00:00+00:00,115300.5,115968.0,114867.0,115799.4,26806.879
2025-09-16 08:00:00+00:00,115799.4,115945.0,114600.0,115877.9,34462.925
2025-09-16 16:00:00+00:00,115877.9,116910.8,115549.9,116747.3,38176.38
2025-09-17 00:00:00+00:00,116747.3,117266.4,116107.2,117120.5,31625.562
2025-09-17 08:00:00+00:00,117120.5,117156.6,115340.0,115825.1,42681.971
2025-09-17 16:00:00+00:00,115825.1,116940.0,114623.3,116402.5,83817.537
2025-09-18 00:00:00+00:00,116402.6,117865.9,116033.5,117033.6,47695.518
2025-09-18 08:00:00+00:00,117033.7,117789.9,116913.9,117530.3,32155.373
2025-09-18 16:00:00+00:00,117530.2,117875.2,116489.7,117017.1,27364.826
2025-09-19 00:00:00+00:00,117017.1,117406.8,116567.3,116850.1,23131.715
2025-09-19 08:00:00+00:00,116850.0,117050.6,115408.4,115826.9,41293.724
2025-09-19 16:00:00+00:00,115826.9,116093.0,115049.9,115569.5,23726.21
2025-09-20 00:00:00+00:00,115569.6,115933.4,115343.0,115909.8,11044.171
2025-09-20 08:00:00+00:00,115909.9,116059.2,115605.6,115928.5,12656.858
2025-09-20 16:00:00+00:00,115928.4,116017.9,115549.9,115624.9,8654.649
2025-09-21 00:00:00+00:00,115625.0,115772.9,115388.0,115772.9,9687.365
2025-09-21 08:00:00+00:00,115772.8,115778.0,115277.0,115471.1,11031.075
2025-09-21 16:00:00+00:00,115471.0,115620.0,115137.6,115183.9,12074.991
2025-09-22 00:00:00+00:00,115183.9,115344.6,111469.2,112454.4,88187.956
2025-09-22 08:00:00+00:00,112454.5,113413.5,112119.0,112768.7,42417.498
2025-09-22 16:00:00+00:00,112768.7,112942.4,111866.3,112604.7,28856.114
2025-09-23 00:00:00+00:00,112604.7,113080.0,111405.1,113048.1,40307.359
2025-09-23 08:00:00+00:00,113048.1,113254.8,112390.6,112828.6,29408.669
2025-09-23 16:00:00+00:00,112828.6,112927.8,111413.5,111947.0,32542.236
2025-09-24 00:00:00+00:00,111947.0,112732.8,110935.0,112544.7,39183.862
2025-09-24 08:00:00+00:00,112544.7,113850.0,112356.4,113299.9,42790.513
2025-09-24 16:00:00+00:00,113300.0,113895.8,113107.4,113254.0,23339.721
2025-09-25 00:00:00+00:00,113253.9,113462.1,111389.0,111708.5,53644.184
2025-09-25 08:00:00+00:00,111708.5,112220.3,110555.0,111538.4,58040.354
2025-09-25 16:00:00+00:00,111538.4,111636.6,108574.1,108934.5,66979.203
2025-09-26 00:00:00+00:00,108934.6,109766.0,108750.0,109257.3,36519.886
2025-09-26 08:00:00+00:00,109257.4,109742.3,108566.0,108976.0,46306.534
2025-09-26 16:00:00+00:00,108976.0,110250.0,108953.7,109588.5,29451.239
2025-09-27 00:00:00+00:00,109588.5,109700.0,109267.3,109354.8,11770.548
2025-09-27 08:00:00+00:00,109354.9,109449.2,109021.9,109340.7,14651.941
2025-09-27 16:00:00+00:00,109340.8,109653.2,109188.1,109577.3,9449.435
2025-09-28 00:00:00+00:00,109577.2,109749.9,109203.9,109468.5,12593.544
2025-09-28 08:00:00+00:00,109468.4,109990.0,109136.5,109990.0,24197.773
2025-09-28 16:00:00+00:00,109990.0,112300.0,109952.2,112119.6,40456.646
2025-09-29 00:00:00+00:00,112119.7,112269.3,111501.0,111814.7,31271.276
2025-09-29 08:00:00+00:00,111814.8,114188.0,111814.7,113752.0,64189.224
2025-09-29 16:00:00+00:00,113752.0,114377.2,113404.5,114257.1,29945.209
2025-09-30 00:00:00+00:00,114257.1,114800.0,113531.7,113662.4,33482.575
2025-09-30 08:00:00+00:00,113662.3,113700.0,112615.3,113055.4,47532.915
2025-09-30 16:00:00+00:00,113055.4,114720.0,112743.6,113988.8,38304.525
2025-10-01 00:00:00+00:00,113988.7,114700.0,113899.4,114480.8,32174.762
2025-10-01 08:00:00+00:00,114480.8,117647.8,114425.6,117366.4,84004.909
2025-10-01 16:00:00+00:00,117366.5,118631.8,116687.5,118552.4,56809.758
2025-10-02 00:00:00+00:00,118552.0,119457.0,118226.4,118444.1,42208.163
2025-10-02 08:00:00+00:00,118444.1,119889.0,118307.3,119875.1,52237.353
2025-10-02 16:00:00+00:00,119875.1,120999.0,119317.0,120481.3,51011.422
2025-10-03 00:00:00+00:00,120481.3,120505.5,119579.6,119620.1,26615.292
2025-10-03 08:00:00+00:00,119620.1,122399.9,119200.0,122238.5,56496.476
2025-10-03 16:00:00+00:00,122238.5,123900.0,121425.5,122182.7,84768.494
2025-10-04 00:00:00+00:00,122182.6,122781.1,121636.4,122271.3,29705.945
2025-10-04 08:00:00+00:00,122271.4,122497.4,121638.5,121744.8,21619.28
2025-10-04 16:00:00+00:00,121744.8,122374.8,121432.0,122343.2,19153.985
2025-10-05 00:00:00+00:00,122343.2,125877.3,122088.1,124692.4,77527.641
2025-10-05 08:00:00+00:00,124692.5,124843.0,122472.0,122753.0,53963.17
2025-10-05 16:00:00+00:00,122752.9,123453.5,122160.0,123426.7,31080.189
2025-10-06 00:00:00+00:00,123426.7,124336.3,123018.5,123332.3,39474.459
2025-10-06 08:00:00+00:00,123332.4,125375.0,123332.3,124946.2,51896.976
2025-10-06 16:00:00+00:00,124946.2,126208.5,124463.0,124628.5,48829.894
2025-10-07 00:00:00+00:00,124628.6,125047.0,123503.9,123627.1,31207.233
2025-10-07 08:00:00+00:00,123627.1,125098.0,121102.0,121788.3,89415.272
2025-10-07 16:00:00+00:00,121788.2,122255.4,120516.0,121286.5,61276.842
2025-10-08 00:00:00+00:00,121286.6,122196.9,121005.3,121550.4,35830.79
2025-10-08 08:00:00+00:00,121550.5,123312.9,121468.5,122140.1,53109.342
2025-10-08 16:00:00+00:00,122140.1,124170.6,122055.8,123237.5,38159.654
2025-10-09 00:00:00+00:00,123237.4,123279.7,121411.8,121847.9,28164.467
2025-10-09 08:00:00+00:00,121847.8,123740.1,120595.5,121079.4,83775.323
2025-10-09 16:00:00+00:00,121079.4,121712.4,119572.8,121579.3,51656.59
2025-10-10 00:00:00+00:00,121579.4,121835.5,120814.0,120886.1,29750.454
2025-10-10 08:00:00+00:00,120886.1,122497.0,118424.4,118965.3,77150.907
2025-10-10 16:00:00+00:00,118965.2,119403.4,101516.5,112714.9,285062.271
2025-10-11 00:00:00+00:00,112715.0,113300.1,110022.0,110338.7,83042.442
2025-10-11 08:00:00+00:00,110338.7,112466.2,110100.5,111744.4,40191.888
2025-10-11 16:00:00+00:00,111744.4,112142.0,109501.0,110579.1,40437.26
2025-10-12 00:00:00+00:00,110579.1,112110.0,109509.3,111464.0,50772.121
2025-10-12 08:00:00+00:00,111463.9,113687.6,111070.4,113119.0,79744.862
2025-10-12 16:00:00+00:00,113119.0,115730.3,113119.0,114894.4,87411.054
2025-10-13 00:00:00+00:00,114894.5,115912.0,114357.2,115341.7,60882.628
2025-10-13 08:00:00+00:00,115341.7,115488.9,113600.5,114260.7,82181.62
2025-10-13 16:00:00+00:00,114260.8,115827.6,114151.0,115111.9,52932.535
2025-10-14 00:00:00+00:00,115112.0,115360.2,111302.0,111665.2,98081.07
2025-10-14 08:00:00+00:00,111665.2,112839.9,109802.0,112823.0,97582.241
2025-10-14 16:00:00+00:00,112822.9,113557.9,111615.1,112983.8,63581.185
2025-10-15 00:00:00+00:00,112983.9,113576.1,111692.8,112524.3,33299.534
2025-10-15 08:00:00+00:00,112524.4,113477.9,110320.4,110757.5,66048.807
2025-10-15 16:00:00+00:00,110757.4,111500.0,110096.9,110699.0,32428.749
2025-10-16 00:00:00+00:00,110699.1,111827.5,110300.0,110518.2,35120.009
2025-10-16 08:00:00+00:00,110518.2,111960.0,108250.0,108474.0,92068.509
2025-10-16 16:00:00+00:00,108473.9,109212.6,107350.0,108129.4,66356.267
2025-10-17 00:00:00+00:00,108129.4,109199.8,105457.4,105578.3,61919.759
2025-10-17 08:00:00+00:00,105578.3,106800.0,103470.0,106750.1,143529.535
2025-10-17 16:00:00+00:00,106750.0,107505.0,106016.6,106378.6,37340.398
2025-10-18 00:00:00+00:00,106378.5,107452.6,106270.0,106648.3,35150.46
2025-10-18 08:00:00+00:00,106648.2,107248.0,106550.0,106893.2,19769.515
2025-10-18 16:00:00+00:00,106893.3,107298.7,106410.8,107117.5,13589.928
2025-10-19 00:00:00+00:00,107117.5,107333.0,106503.3,106733.3,17741.781
2025-10-19 08:00:00+00:00,106733.3,108575.6,106055.8,108429.5,66100.773
2025-10-19 16:00:00+00:00,108429.6,109399.9,108175.6,108586.2,29631.166
2025-10-20 00:00:00+00:00,108586.2,111350.0,107377.2,111126.2,59754.136
2025-10-20 08:00:00+00:00,111126.2,111650.0,110522.9,111079.1,41266.004
2025-10-20 16:00:00+00:00,111079.2,111255.0,109800.0,110469.9,38626.809
2025-10-21 00:00:00+00:00,110469.9,110486.3,107400.0,108020.0,52518.104
2025-10-21 08:00:00+00:00,108019.9,113480.0,107432.8,113355.2,97334.789
2025-10-21 16:00:00+00:00,113355.2,113940.0,108000.0,108253.7,91274.533
2025-10-22 00:00:00+00:00,108253.8,108649.4,107558.1,108284.1,42481.896
2025-10-22 08:00:00+00:00,108284.1,109160.0,106360.3,108369.9,90022.421
2025-10-22 16:00:00+00:00,108369.8,108780.0,106588.0,107532.0,48389.666
2025-10-23 00:00:00+00:00,107532.1,110275.9,107462.9,109228.6,43610.97
2025-10-23 08:00:00+00:00,109228.6,110088.0,108639.4,109849.0,44377.979
2025-10-23 16:00:00+00:00,109849.0,111240.0,109260.0,110025.9,41651.768
2025-10-24 00:00:00+00:00,110026.0,111498.8,109927.8,111013.7,32751.82
2025-10-24 08:00:00+00:00,111013.7,112086.0,109650.0,110009.8,59053.295
2025-10-24 16:00:00+00:00,110009.9,111088.0,109752.8,110965.4,18954.417
2025-10-25 00:00:00+00:00,110965.4,111775.1,110600.5,111445.4,15221.449
2025-10-25 08:00:00+00:00,111445.5,111903.9,111255.2,111340.9,18681.316
2025-10-25 16:00:00+00:00,111341.0,111686.0,111094.4,111589.4,11366.718
2025-10-26 00:00:00+00:00,111589.4,111866.7,111200.0,111672.8,10344.501
2025-10-26 08:00:00+00:00,111672.9,114000.0,111650.3,113648.1,52652.331
2025-10-26 16:00:00+00:00,113648.0,115521.7,112800.0,114497.8,34338.555
2025-10-27 00:00:00+00:00,114497.9,116380.2,114300.0,115522.5,48868.929
2025-10-27 08:00:00+00:00,115522.4,115575.1,114433.0,114914.4,40353.115
2025-10-27 16:00:00+00:00,114914.5,115744.8,113792.4,114064.1,29389.568
2025-10-28 00:00:00+00:00,114064.2,114500.1,113422.0,114128.7,27352.751
2025-10-28 08:00:00+00:00,114128.8,116074.3,114058.0,114571.9,50383.768
2025-10-28 16:00:00+00:00,114571.7,115554.5,112121.4,112833.5,53352.321
2025-10-29 00:00:00+00:00,112833.5,113525.0,112036.1,113511.9,30685.092
2025-10-29 08:00:00+00:00,113512.0,113593.0,111326.5,111460.6,47028.861
2025-10-29 16:00:00+00:00,111460.7,111963.0,109026.4,109985.6,86206.913
2025-10-30 00:00:00+00:00,109985.6,111565.1,107817.3,111313.5,70954.453
2025-10-30 08:00:00+00:00,111313.6,111400.0,107254.1,107670.6,75598.36
2025-10-30 16:00:00+00:00,107670.5,108300.0,106200.0,108263.5,59200.831
2025-10-31 00:00:00+00:00,108263.6,110200.0,108226.6,109400.1,56259.684
2025-10-31 08:00:00+00:00,109400.0,111233.0,109159.0,110160.1,63638.09
2025-10-31 16:00:00+00:00,110160.1,110273.2,108600.0,109557.3,32166.002
2025-11-01 00:00:00+00:00,109557.2,110557.0,109351.5,110025.3,16082.63
2025-11-01 08:00:00+00:00,110025.3,110300.0,109654.5,110253.2,14928.327
2025-11-01 16:00:00+00:00,110253.1,110487.0,109803.5,110047.2,10603.264
2025-11-02 00:00:00+00:00,110047.3,110988.0,109836.7,110844.1,16688.182
2025-11-02 08:00:00+00:00,110844.0,111216.0,110030.0,110066.1,26394.709
2025-11-02 16:00:00+00:00,110066.2,110700.0,109368.9,110494.9,18026.282
2025-11-03 00:00:00+00:00,110494.9,110711.0,106946.7,107420.5,51898.3
2025-11-03 08:00:00+00:00,107420.6,108280.0,105500.0,105718.8,68494.756
2025-11-03 16:00:00+00:00,105718.8,107797.2,105300.0,106544.0,53864.991
2025-11-04 00:00:00+00:00,106544.0,107271.9,104125.3,104442.9,62975.035
2025-11-04 08:00:00+00:00,104442.9,104800.0,102870.0,103157.7,76780.704
2025-11-04 16:00:00+00:00,103157.7,103474.1,98888.8,101450.3,141986.421
2025-11-05 00:00:00+00:00,101450.2,102326.4,98909.7,101946.1,76505.492
2025-11-05 08:00:00+00:00,101946.2,103750.0,101131.0,103668.3,56054.113
2025-11-05 16:00:00+00:00,103668.2,104497.6,102972.8,103837.0,35210.489
2025-11-06 00:00:00+00:00,103837.0,104210.2,102684.7,103138.6,31484.24
2025-11-06 08:00:00+00:00,103138.6,103585.0,101570.5,101981.6,53736.699
2025-11-06 16:00:00+00:00,101981.6,102367.9,100238.4,101305.6,59808.882
2025-11-07 00:00:00+00:00,101305.6,102480.4,100700.1,101978.8,33497.713
2025-11-07 08:00:00+00:00,101978.2,102024.7,99200.0,100758.0,78448.199
2025-11-07 16:00:00+00:00,100758.0,104070.7,100468.9,103305.2,52021.546
2025-11-08 00:00:00+00:00,103305.3,103373.8,101853.8,102302.9,30561.776
2025-11-08 08:00:00+00:00,102302.8,102654.1,101400.1,101678.0,26127.11
2025-11-08 16:00:00+00:00,101678.1,102443.9,101471.1,102269.3,14003.063
2025-11-09 00:00:00+00:00,102269.3,102294.9,101300.0,101898.2,15369.942
2025-11-09 08:00:00+00:00,101898.3,104180.0,101457.0,103715.8,39428.474
2025-11-09 16:00:00+00:00,103715.8,105440.0,103290.8,104670.6,37569.254
2025-11-10 00:00:00+00:00,104670.7,106666.0,104205.9,106417.7,45461.955
2025-11-10 08:00:00+00:00,106417.6,106570.0,104615.7,105028.9,46650.91
2025-11-10 16:00:00+00:00,105028.9,106249.6,104735.6,105966.3,28290.673
2025-11-11 00:00:00+00:00,105966.3,107473.7,104685.3,104737.0,51110.468
2025-11-11 08:00:00+00:00,104737.1,105464.2,103135.2,103417.2,46558.822
2025-11-11 16:00:00+00:00,103417.2,103694.8,102400.0,103005.8,34934.484
2025-11-12 00:00:00+00:00,103005.8,103605.0,102629.5,103066.7,21947.488
2025-11-12 08:00:00+00:00,103066.7,105297.0,101900.0,102124.9,69342.711
2025-11-12 16:00:00+00:00,102124.9,102249.2,100711.0,101605.8,49586.077
2025-11-13 00:00:00+00:00,101605.8,104024.6,100850.0,103430.9,56964.926
2025-11-13 08:00:00+00:00,103430.9,103765.4,101135.0,101338.0,63645.546
2025-11-13 16:00:00+00:00,101338.0,101495.7,97959.0,99654.3,115436.327
2025-11-14 00:00:00+00:00,99654.3,99862.8,95840.9,97099.9,100029.588
2025-11-14 08:00:00+00:00,97099.9,97520.0,94500.0,96752.6,113711.375
2025-11-14 16:00:00+00:00,96752.7,97377.6,93955.0,94544.9,73331.82
2025-11-15 00:00:00+00:00,94544.9,96800.0,94523.9,96289.4,41290.89
2025-11-15 08:00:00+00:00,96289.3,96439.6,95534.1,96222.1,26060.25
2025-11-15 16:00:00+00:00,96222.1,96362.5,95072.1,95560.3,22869.179
2025-11-16 00:00:00+00:00,95560.4,96170.6,94800.0,96064.8,21250.426
2025-11-16 08:00:00+00:00,96064.8,96600.0,94300.0,94531.3,35583.186
2025-11-16 16:00:00+00:00,94531.2,95544.8,92922.8,94221.7,78915.897
2025-11-17 00:00:00+00:00,94221.7,95838.0,93730.0,95587.9,40419.938
2025-11-17 08:00:00+00:00,95587.9,96012.2,93511.8,93915.7,73819.621
2025-11-17 16:00:00+00:00,93915.8,94388.0,91250.0,92169.7,90921.726
2025-11-18 00:00:00+00:00,92169.8,92335.4,89012.0,90459.1,98496.042
2025-11-18 08:00:00+00:00,90459.2,92991.7,90459.1,92851.4,86438.028
2025-11-18 16:00:00+00:00,92851.5,93799.1,92420.3,92916.9,47757.086
2025-11-19 00:00:00+00:00,92916.8,92944.8,89966.0,91826.6,70580.608
2025-11-19 08:00:00+00:00,91826.6,92348.2,89822.0,89901.0,61957.496
2025-11-19 16:00:00+00:00,89901.0,91554.9,88564.4,91508.9,93900.346
2025-11-20 00:00:00+00:00,91509.0,93150.0,91140.2,92267.4,54833.381
2025-11-20 08:00:00+00:00,92267.5,92498.6,89804.1,89835.4,68059.664
2025-11-20 16:00:00+00:00,89835.5,89885.7,86066.6,86601.3,153619.982
2025-11-21 00:00:00+00:00,86601.4,87465.4,81111.0,84006.7,123945.113
2025-11-21 08:00:00+00:00,84006.7,85449.2,80600.0,82905.1,213662.062
2025-11-21 16:00:00+00:00,82905.0,85548.4,82300.0,85093.5,112197.149
2025-11-22 00:00:00+00:00,85093.6,85599.9,83792.0,84537.4,35863.179
2025-11-22 08:00:00+00:00,84537.4,84712.7,83456.0,84239.9,39246.5
2025-11-22 16:00:00+00:00,84239.9,85238.3,84175.0,84689.4,19087.376
2025-11-23 00:00:00+00:00,84689.4,86826.8,84622.0,85732.0,48802.543
2025-11-23 08:00:00+00:00,85732.1,87222.0,85724.7,87042.8,43518.994
2025-11-23 16:00:00+00:00,87042.8,88100.0,86458.0,86807.7,46608.536
2025-11-24 00:00:00+00:00,86807.6,88049.5,85915.0,87004.6,62853.879
2025-11-24 08:00:00+00:00,87004.6,87004.6,85226.4,86571.0,72609.857
2025-11-24 16:00:00+00:00,86571.1,89177.3,86571.0,88247.1,75649.596
2025-11-25 00:00:00+00:00,88247.1,88477.6,87240.0,87362.2,36778.868
2025-11-25 08:00:00+00:00,87362.2,87732.7,86061.1,86946.5,63511.278
2025-11-25 16:00:00+00:00,86946.6,88115.0,86132.7,87324.1,49347.509
2025-11-26 00:00:00+00:00,87324.1,88200.0,86851.1,87896.2,31246.568
2025-11-26 08:00:00+00:00,87896.2,87909.2,86260.9,86926.2,53742.084
2025-11-26 16:00:00+00:00,86926.3,90655.4,86914.3,90438.1,74157.881
2025-11-27 00:00:00+00:00,90438.0,91850.0,90024.4,91361.5,46923.327
2025-11-27 08:00:00+00:00,91361.4,91931.9,90410.6,90912.9,42167.834
2025-11-27 16:00:00+00:00,90913.0,91800.0,90800.4,91292.2,24594.071
2025-11-28 00:00:00+00:00,91292.2,91690.0,90612.2,90870.2,27268.059
2025-11-28 08:00:00+00:00,90870.2,93080.0,90863.6,92299.9,69712.203
2025-11-28 16:00:00+00:00,92299.8,92323.6,90155.0,90847.8,49940.085
2025-11-29 00:00:00+00:00,90847.8,91078.4,90265.2,90523.5,16334.304
2025-11-29 08:00:00+00:00,90523.4,91068.1,90335.2,91030.0,15040.58
2025-11-29 16:00:00+00:00,91030.0,91130.0,90092.7,90765.0,22821.795
2025-11-30 00:00:00+00:00,90764.9,91016.0,90414.0,90924.5,11000.072
2025-11-30 08:00:00+00:00,90924.5,91934.4,90879.3,91405.8,30725.552
2025-11-30 16:00:00+00:00,91405.9,91818.8,90300.0,90320.6,24414.094
2025-12-01 00:00:00+00:00,90320.5,90396.9,85563.7,86487.6,112032.319
2025-12-01 08:00:00+00:00,86487.3,86886.0,83786.0,84650.0,103211.421
2025-12-01 16:00:00+00:00,84650.0,86817.0,84011.0,86241.6,81603.426
2025-12-02 00:00:00+00:00,86241.5,87384.0,86140.1,86965.0,35626.885
2025-12-02 08:00:00+00:00,86965.0,91211.3,86321.0,90809.2,103133.905
2025-12-02 16:00:00+00:00,90809.2,92273.2,90156.4,91249.1,89340.375
2025-12-03 00:00:00+00:00,91249.1,93932.7,90954.8,92969.9,68575.056
2025-12-03 08:00:00+00:00,92970.0,93653.6,91637.4,92332.9,79781.496
2025-12-03 16:00:00+00:00,92333.0,94185.0,91733.2,93376.7,52941.765
2025-12-04 00:00:00+00:00,93376.8,94040.0,92628.0,93358.6,40502.765
2025-12-04 08:00:00+00:00,93358.5,93600.0,91762.0,92933.5,55070.495
2025-12-04 16:00:00+00:00,92933.4,93143.4,90822.5,92034.7,51199.167
2025-12-05 00:00:00+00:00,92034.7,92665.5,91750.6,92227.5,23263.191
2025-12-05 08:00:00+00:00,92227.6,92227.6,89863.0,90414.0,76843.186
2025-12-05 16:00:00+00:00,90413.9,90460.0,87976.3,89288.5,79018.68
2025-12-06 00:00:00+00:00,89288.6,89758.0,88986.1,89549.6,16254.042
2025-12-06 08:00:00+00:00,89549.5,90257.3,89165.9,89713.4,23446.515
2025-12-06 16:00:00+00:00,89713.3,89940.3,88870.1,89197.1,17126.31
2025-12-07 00:00:00+00:00,89197.1,89750.0,89131.5,89337.1,12301.981
2025-12-07 08:00:00+00:00,89337.1,89700.0,87688.0,89505.0,48984.585
2025-12-07 16:00:00+00:00,89505.0,91722.0,88890.0,90345.4,68305.439
2025-12-08 00:00:00+00:00,90345.4,91868.0,89806.4,91519.8,33629.141
2025-12-08 08:00:00+00:00,91519.8,92262.6,89553.8,89912.6,73107.644
2025-12-08 16:00:00+00:00,89912.7,91338.2,89629.1,90610.8,45737.954
2025-12-09 00:00:00+00:00,90610.8,90810.8,89368.9,90449.9,36550.737
2025-12-09 08:00:00+00:00,90449.9,92867.0,89868.0,92676.9,56304.37
2025-12-09 16:00:00+00:00,92676.9,94555.0,92199.0,92638.4,89075.156
2025-12-10 00:00:00+00:00,92638.3,92749.8,91900.0,92744.7,25524.767
2025-12-10 08:00:00+00:00,92744.7,93278.9,91520.0,92021.8,43713.263
2025-12-10 16:00:00+00:00,92021.8,94443.7,91605.0,91977.5,91250.75
2025-12-11 00:00:00+00:00,91977.5,92046.3,89321.0,90231.4,57952.114
2025-12-11 08:00:00+00:00,90231.3,90618.0,89200.0,89830.1,47678.244
2025-12-11 16:00:00+00:00,89830.1,93547.3,89288.0,92477.5,85517.71
2025-12-12 00:00:00+00:00,92477.6,92719.0,91400.0,92389.5,34015.45
2025-12-12 08:00:00+00:00,92389.5,92630.0,89688.0,89895.0,58892.981
2025-12-12 16:00:00+00:00,89895.0,90617.7,89429.0,90229.6,51935.679
2025-12-13 00:00:00+00:00,90229.7,90432.0,90077.0,90286.1,9387.78
2025-12-13 08:00:00+00:00,90286.0,90599.0,89888.0,90055.4,16914.77
2025-12-13 16:00:00+00:00,90055.3,90248.0,89711.9,90191.3,9935.183
2025-12-14 00:00:00+00:00,90191.3,90440.0,90005.8,90205.1,11086.589
2025-12-14 08:00:00+00:00,90205.1,90250.0,88412.8,88985.2,41907.652
2025-12-14 16:00:00+00:00,88985.2,89372.8,87504.3,88118.8,39092.413
2025-12-15 00:00:00+00:00,88118.8,89972.4,88025.3,89703.0,38756.217
2025-12-15 08:00:00+00:00,89702.9,89940.0,86563.6,86996.6,79174.898
2025-12-15 16:00:00+00:00,86996.5,87189.9,85073.0,86389.9,76284.93
2025-12-16 00:00:00+00:00,86390.0,86577.0,85226.0,85964.8,34087.788
2025-12-16 08:00:00+00:00,85964.9,88143.9,85874.6,87936.3,73045.077
2025-12-16 16:00:00+00:00,87936.3,88012.5,87015.8,87826.3,35092.183
2025-12-17 00:00:00+00:00,87826.3,87925.8,86158.4,87010.4,34420.912
2025-12-17 08:00:00+00:00,87010.4,90363.2,86201.0,87191.4,101626.501
2025-12-17 16:00:00+00:00,87191.0,87737.3,85261.3,86201.6,72599.335
2025-12-18 00:00:00+00:00,86201.6,86859.1,85820.6,86787.5,27678.692
2025-12-18 08:00:00+00:00,86787.5,89447.9,86640.5,88480.8,90207.0
2025-12-18 16:00:00+00:00,88480.7,88500.0,84408.6,85469.7,111687.987
2025-12-19 00:00:00+00:00,85469.8,88366.0,85062.7,87909.7,58643.657
2025-12-19 08:00:00+00:00,87909.7,89374.6,87488.0,87925.6,68574.311
2025-12-19 16:00:00+00:00,87925.6,88888.0,86795.5,88100.0,51066.526
2025-12-20 00:00:00+00:00,88100.0,88551.8,87926.7,88239.9,12535.688
2025-12-20 08:00:00+00:00,88240.0,88397.8,87698.5,88134.6,16398.764
2025-12-20 16:00:00+00:00,88134.5,88434.9,88060.0,88320.8,7039.396
2025-12-21 00:00:00+00:00,88320.7,88400.0,87821.1,88138.7,9995.331
2025-12-21 08:00:00+00:00,88138.8,89050.0,87548.5,88024.7,41159.464
2025-12-21 16:00:00+00:00,88024.7,88786.9,87902.0,88621.3,16469.593
2025-12-22 00:00:00+00:00,88621.3,89600.0,87845.0,89127.7,41141.714
2025-12-22 08:00:00+00:00,89127.8,90599.0,89050.1,89688.5,68968.321
2025-12-22 16:00:00+00:00,89688.6,90088.0,87872.6,88581.5,44583.434
2025-12-23 00:00:00+00:00,88581.5,88904.9,86976.6,87531.3,39705.67
2025-12-23 08:00:00+00:00,87531.3,87914.0,86536.0,87405.3,46483.768
2025-12-23 16:00:00+00:00,87405.2,88349.2,87121.4,87463.0,47468.51
2025-12-24 00:00:00+00:00,87463.1,87849.9,86738.8,86868.1,26644.234
2025-12-24 08:00:00+00:00,86868.1,87450.0,86355.0,87012.0,33836.234
2025-12-24 16:00:00+00:00,87012.0,88033.3,86878.3,87627.3,21063.04
2025-12-25 00:00:00+00:00,87627.4,87933.5,87466.9,87795.9,9507.911
2025-12-25 08:00:00+00:00,87795.9,88594.0,87219.0,88338.9,23665.658
2025-12-25 16:00:00+00:00,88339.0,88451.6,86902.1,87182.8,24622.683
2025-12-26 00:00:00+00:00,87182.8,89557.6,86824.8,88433.0,60052.474
2025-12-26 08:00:00+00:00,88433.0,89037.0,86619.9,87100.0,62856.606
2025-12-26 16:00:00+00:00,87100.0,87750.0,86760.4,87318.2,27062.657
2025-12-27 00:00:00+00:00,87318.3,87669.7,87203.0,87490.9,8089.911
2025-12-27 08:00:00+00:00,87490.9,87634.9,87264.8,87516.2,9681.26
2025-12-27 16:00:00+00:00,87516.3,87956.9,87397.5,87829.4,9522.938
2025-12-28 00:00:00+00:00,87829.5,87921.7,87566.0,87697.7,8414.215
2025-12-28 08:00:00+00:00,87697.7,88078.3,87676.4,87797.7,12252.023
2025-12-28 16:00:00+00:00,87797.6,88023.4,87402.6,87920.5,16693.726
2025-12-29 00:00:00+00:00,87920.4,90373.4,87778.5,89583.0,70677.676
2025-12-29 08:00:00+00:00,89583.0,89791.5,86760.0,87636.6,95019.987
2025-12-29 16:00:00+00:00,87636.4,87968.1,87043.4,87203.3,24306.546
2025-12-30 00:00:00+00:00,87203.2,87581.4,86789.0,87457.5,21610.072
2025-12-30 08:00:00+00:00,87457.5,89126.0,87455.5,88966.8,62229.225
2025-12-30 16:00:00+00:00,88966.8,89355.0,87833.2,88455.3,42905.963
2025-12-31 00:00:00+00:00,88455.2,88780.0,88134.9,88569.0,17963.71
2025-12-31 08:00:00+00:00,88568.9,89192.8,87729.2,87909.0,43977.0
2025-12-31 16:00:00+00:00,87909.0,88024.3,87189.2,87608.2,34827.647
2026-01-01 00:00:00+00:00,87608.3,88065.0,87508.4,87603.7,12787.855
2026-01-01 08:00:00+00:00,87603.7,88079.3,87590.0,87986.8,14176.753
2026-01-01 16:00:00+00:00,87986.8,88881.4,87833.1,88800.0,20976.695
2026-01-02 00:00:00+00:00,88800.0,89088.0,88324.4,88829.3,32050.498
2026-01-02 08:00:00+00:00,88829.3,90126.5,88401.2,89373.1,78534.491
2026-01-02 16:00:00+00:00,89373.0,90945.1,89145.2,89951.4,66077.459
2026-01-03 00:00:00+00:00,89951.5,90456.0,89261.2,89535.9,20842.335
2026-01-03 08:00:00+00:00,89535.9,90200.0,89380.2,89931.8,19747.671
2026-01-03 16:00:00+00:00,89931.7,90716.9,89866.5,90595.8,16301.263
2026-01-04 00:00:00+00:00,90595.8,91779.7,90595.7,91477.5,34581.048
2026-01-04 08:00:00+00:00,91477.5,91581.7,90968.0,91292.8,22272.021
2026-01-04 16:00:00+00:00,91292.8,91567.0,90790.1,91497.1,16919.96
2026-01-05 00:00:00+00:00,91497.2,93382.5,91476.5,92492.1,71281.664
2026-01-05 08:00:00+00:00,92492.1,93998.9,92292.0,93899.9,63346.86
2026-01-05 16:00:00+00:00,93900.0,94760.3,93201.0,93822.4,54787.788
2026-01-06 00:00:00+00:00,93822.3,94125.1,93088.0,93207.4,29807.668
2026-01-06 08:00:00+00:00,93207.4,94415.4,93130.4,93608.2,55171.803
2026-01-06 16:00:00+00:00,93608.2,93825.0,91209.0,93708.0,102463.579
2026-01-07 00:00:00+00:00,93708.1,93708.1,92202.9,92848.1,32964.693
2026-01-07 08:00:00+00:00,92848.1,92928.0,90987.0,91303.1,71376.651
2026-01-07 16:00:00+00:00,91303.2,91750.0,90634.1,91328.0,44645.506
2026-01-08 00:00:00+00:00,91328.1,91666.0,89588.1,90509.9,49741.45
2026-01-08 08:00:00+00:00,90509.8,90790.0,89242.0,90730.0,75923.458
2026-01-08 16:00:00+00:00,90730.0,91449.9,90244.7,91059.8,42811.036
2026-01-09 00:00:00+00:00,91059.8,91600.0,90704.0,90712.1,20830.923
2026-01-09 08:00:00+00:00,90712.1,91999.0,89632.8,91137.7,80068.111
2026-01-09 16:00:00+00:00,91137.8,91749.9,90082.6,90603.6,39495.643
2026-01-10 00:00:00+00:00,90603.7,90748.6,90351.6,90627.1,8193.303
2026-01-10 08:00:00+00:00,90627.1,90800.0,90494.0,90622.7,9785.301
2026-01-10 16:00:00+00:00,90622.8,90708.0,90358.5,90469.6,7292.137
2026-01-11 00:00:00+00:00,90469.7,90818.0,90410.6,90664.0,6674.204
2026-01-11 08:00:00+00:00,90663.9,91143.1,90555.0,90834.1,16050.076
2026-01-11 16:00:00+00:00,90834.0,91252.5,90175.3,90964.4,20820.102
2026-01-12 00:00:00+00:00,90964.4,92488.0,90642.0,91369.2,49504.808
2026-01-12 08:00:00+00:00,91369.2,91637.8,90066.0,91618.7,63747.334
2026-01-12 16:00:00+00:00,91618.6,92299.0,90870.0,91252.6,55985.241
2026-01-13 00:00:00+00:00,91252.5,92258.0,91011.0,91908.0,32057.668
2026-01-13 08:00:00+00:00,91908.0,93408.0,91700.6,93407.9,71680.322
2026-01-13 16:00:00+00:00,93407.9,96863.7,93009.8,95375.2,96807.928
2026-01-14 00:00:00+00:00,95375.2,95755.0,94413.4,95166.6,39914.409
2026-01-14 08:00:00+00:00,95166.6,97100.0,94643.0,96691.9,70422.618
2026-01-14 16:00:00+00:00,96691.9,97932.1,96180.0,96907.9,71706.464
2026-01-15 00:00:00+00:00,96908.0,96960.9,95733.1,96601.2,37645.534
2026-01-15 08:00:00+00:00,96601.2,97155.0,95403.7,96717.3,61089.031
2026-01-15 16:00:00+00:00,96717.3,97047.6,95080.0,95567.3,50470.176
2026-01-16 00:00:00+00:00,95567.4,95825.0,95111.1,95608.4,23668.82
2026-01-16 08:00:00+00:00,95608.4,95805.0,94234.5,94537.5,47204.002
2026-01-16 16:00:00+00:00,94537.6,95550.0,94454.5,95503.7,30345.267
2026-01-17 00:00:00+00:00,95503.8,95536.9,94999.9,95061.1,10291.281
2026-01-17 08:00:00+00:00,95061.1,95621.9,94977.5,95529.0,15223.189
2026-01-17 16:00:00+00:00,95529.0,95529.0,95000.0,95107.9,13454.763
2026-01-18 00:00:00+00:00,95107.9,95236.5,94819.5,94989.9,11413.805
2026-01-18 08:00:00+00:00,94989.9,95326.4,94850.4,95067.8,17808.377
2026-01-18 16:00:00+00:00,95067.7,95490.0,93550.3,93614.0,33358.211
2026-01-19 00:00:00+00:00,93614.0,93614.1,91800.0,92787.9,61341.981
2026-01-19 08:00:00+00:00,92787.8,93312.8,92635.0,93013.5,24942.511
2026-01-19 16:00:00+00:00,93013.4,93379.0,92116.0,92589.6,21952.564
2026-01-20 00:00:00+00:00,92589.6,92845.0,90723.3,91136.1,53954.397
2026-01-20 08:00:00+00:00,91136.1,91415.1,89819.0,90644.2,67176.279
2026-01-20 16:00:00+00:00,90644.3,90944.5,87787.2,88390.6,66945.524
2026-01-21 00:00:00+00:00,88390.7,90088.0,88218.2,89171.3,38213.979
2026-01-21 08:00:00+00:00,89171.3,90599.5,88109.7,90237.1,67774.859
2026-01-21 16:00:00+00:00,90237.2,90427.6,87205.5,89411.4,102093.777
2026-01-22 00:00:00+00:00,89411.4,90327.7,89411.3,89772.6,22012.91
2026-01-22 08:00:00+00:00,89772.6,90309.5,88465.6,88953.6,51294.633
2026-01-22 16:00:00+00:00,88953.7,89908.5,88630.2,89518.5,32606.678
2026-01-23 00:00:00+00:00,89518.4,90050.0,89358.0,89497.2,17453.959
2026-01-23 08:00:00+00:00,89497.3,89847.2,88530.0,89711.2,41195.922
2026-01-23 16:00:00+00:00,89711.2,91195.0,89163.6,89558.7,66175.969
2026-01-24 00:00:00+00:00,89558.7,89893.9,89383.5,89581.2,9902.794
2026-01-24 08:00:00+00:00,89581.3,89659.2,89131.2,89235.0,11522.872
2026-01-24 16:00:00+00:00,89234.9,89444.4,89116.9,89180.7,9310.271
2026-01-25 00:00:00+00:00,89180.7,89281.6,88600.0,88630.3,12779.129
2026-01-25 08:00:00+00:00,88630.3,88947.1,88084.0,88406.0,25049.049
2026-01-25 16:00:00+00:00,88406.0,88410.0,86021.7,86628.9,87051.185
2026-01-26 00:00:00+00:00,86628.9,88059.6,86463.2,87968.9,42273.053
2026-01-26 08:00:00+00:00,87969.0,88834.1,87278.5,87609.5,50883.632
2026-01-26 16:00:00+00:00,87609.4,88637.4,86960.0,88300.6,41452.806
2026-01-27 00:00:00+00:00,88300.6,88983.3,88157.4,88287.9,21632.74
2026-01-27 08:00:00+00:00,88288.0,88418.8,87530.0,88000.1,32678.365
2026-01-27 16:00:00+00:00,88000.1,89499.0,87265.4,89197.8,63615.009
2026-01-28 00:00:00+00:00,89197.8,89454.6,88786.0,89106.8,19737.0
2026-01-28 08:00:00+00:00,89106.8,90444.4,88831.9,89444.4,57360.607
2026-01-28 16:00:00+00:00,89444.5,90592.7,88829.0,89261.7,46787.252
2026-01-29 00:00:00+00:00,89261.7,89316.8,87650.1,88310.9,35595.25
2026-01-29 08:00:00+00:00,88310.9,88461.2,84335.4,84898.0,90478.265
2026-01-29 16:00:00+00:00,84897.9,85596.1,83338.3,84604.7,100688.076
2026-01-30 00:00:00+00:00,84604.7,84697.2,81000.0,82770.1,110108.168
2026-01-30 08:00:00+00:00,82770.1,83779.2,82108.4,82850.2,66521.059
2026-01-30 16:00:00+00:00,82850.1,84599.0,81832.0,84211.4,78165.289
2026-01-31 00:00:00+00:00,84211.4,84239.5,83368.0,83514.4,19369.495
2026-01-31 08:00:00+00:00,83514.3,83598.0,80754.3,81268.6,74955.281
2026-01-31 16:00:00+00:00,81268.6,82200.0,75500.0,78706.8,177223.735
2026-02-01 00:00:00+00:00,78706.7,79396.8,77899.9,78320.8,37907.193
2026-02-01 08:00:00+00:00,78320.8,79194.0,76752.5,77563.8,64535.665
2026-02-01 16:00:00+00:00,77563.8,78421.6,75644.0,76931.5,84541.222
2026-02-02 00:00:00+00:00,76931.6,78111.0,74555.0,76612.6,126181.779
2026-02-02 08:00:00+00:00,76612.6,79311.0,76576.7,78800.6,89866.875
2026-02-02 16:00:00+00:00,78800.5,79248.0,77843.2,78692.5,43597.76
2026-02-03 00:00:00+00:00,78692.5,79163.0,77566.5,78749.9,44716.617
2026-02-03 08:00:00+00:00,78750.0,79049.0,77000.5,78094.1,74650.519
2026-02-03 16:00:00+00:00,78094.2,78101.5,72889.2,75732.4,188358.38
2026-02-04 00:00:00+00:00,75732.4,76952.5,75420.0,76478.9,38397.22
2026-02-04 08:00:00+00:00,76478.9,76568.0,73756.0,74107.0,101882.215
2026-02-04 16:00:00+00:00,74107.0,74211.8,71838.0,73137.4,152845.204
2026-02-05 00:00:00+00:00,73137.5,73316.3,70085.3,70716.1,132307.042
2026-02-05 08:00:00+00:00,70716.1,71944.4,66666.0,67451.9,223948.812
2026-02-05 16:00:00+00:00,67452.0,68667.4,62233.3,62868.1,313833.887
2026-02-06 00:00:00+00:00,62868.1,66783.0,59800.0,64811.2,247068.276
2026-02-06 08:00:00+00:00,64811.2,69157.9,64438.9,68577.5,159797.799
2026-02-06 16:00:00+00:00,68577.5,71714.4,68348.0,70544.5,152316.694
2026-02-07 00:00:00+00:00,70544.5,71690.0,67250.0,68050.5,120558.905
2026-02-07 08:00:00+00:00,68050.5,70000.0,67550.2,69122.1,99560.524
2026-02-07 16:00:00+00:00,69122.1,69887.7,68478.1,69254.2,46544.222
2026-02-08 00:00:00+00:00,69254.3,69693.0,68843.7,69665.0,27015.087
2026-02-08 08:00:00+00:00,69665.1,71524.9,69467.9,71152.6,72077.092
2026-02-08 16:00:00+00:00,71152.5,72300.0,69913.3,70288.1,63661.408
2026-02-09 00:00:00+00:00,70288.2,71434.9,70013.3,70393.5,47238.126
2026-02-09 08:00:00+00:00,70393.5,70583.3,68271.7,69528.9,105538.801
2026-02-09 16:00:00+00:00,69528.9,71085.0,69050.0,70110.5,69665.901
2026-02-10 00:00:00+00:00,70110.6,70499.9,68633.3,68882.1,49444.461
2026-02-10 08:00:00+00:00,68882.2,69554.7,67883.0,69251.5,85950.472
2026-02-10 16:00:00+00:00,69251.4,69957.9,68322.1,68805.3,48477.676
2026-02-11 00:00:00+00:00,68805.3,69262.7,66511.0,67000.0,62265.757
2026-02-11 08:00:00+00:00,67000.0,68821.1,65718.5,66489.3,119825.492
2026-02-11 16:00:00+00:00,66489.4,68315.0,65834.5,67054.4,74534.275
2026-02-12 00:00:00+00:00,67054.8,68021.0,66640.0,67181.5,37099.29
2026-02-12 08:00:00+00:00,67181.5,68385.0,66860.0,67107.0,68832.385
2026-02-12 16:00:00+00:00,67107.0,67221.9,65081.0,66243.1,94061.584
2026-02-13 00:00:00+00:00,66243.2,66778.5,65833.9,66183.3,33831.303
2026-02-13 08:00:00+00:00,66183.3,69289.5,66159.9,68652.0,94324.588
2026-02-13 16:00:00+00:00,68652.1,69473.7,68500.0,68821.5,54887.398
2026-02-14 00:00:00+00:00,68821.5,69318.2,68689.1,69182.2,18770.082
2026-02-14 08:00:00+00:00,69182.1,70557.7,69163.7,69754.2,63799.139
2026-02-14 16:00:00+00:00,69754.2,70230.6,69259.1,69795.4,31965.025
2026-02-15 00:00:00+00:00,69795.4,70907.7,69212.2,70784.0,44819.269
2026-02-15 08:00:00+00:00,70784.0,70938.5,68741.4,69068.1,60103.852
2026-02-15 16:00:00+00:00,69068.1,69074.0,68029.6,68796.9,46327.009
2026-02-16 00:00:00+00:00,68796.9,69033.6,68112.2,68552.4,25760.928
2026-02-16 08:00:00+00:00,68552.5,70110.9,67250.0,67505.5,85428.227
2026-02-16 16:00:00+00:00,67505.5,68962.1,67475.0,68862.5,38390.593
2026-02-17 00:00:00+00:00,68862.6,69228.6,67854.2,68353.4,31913.371
2026-02-17 08:00:00+00:00,68353.4,68445.8,66588.0,67363.6,66382.379
2026-02-17 16:00:00+00:00,67363.6,68220.1,66824.5,67475.9,50889.372
2026-02-18 00:00:00+00:00,67475.9,68190.2,66850.1,68078.4,27610.822
2026-02-18 08:00:00+00:00,68078.5,68438.0,66666.2,67671.0,70445.91
2026-02-18 16:00:00+00:00,67671.1,67684.6,65826.1,66422.8,65916.659
2026-02-19 00:00:00+00:00,66422.8,67299.4,66301.8,67180.4,24937.262
2026-02-19 08:00:00+00:00,67180.4,67180.4,65595.7,66362.7,70980.274
2026-02-19 16:00:00+00:00,66362.6,67174.0,65863.8,66974.0,51515.065
2026-02-20 00:00:00+00:00,66973.9,67999.9,66912.4,67794.7,39294.485
2026-02-20 08:00:00+00:00,67794.8,68283.7,66408.1,67547.6,116644.896
2026-02-20 16:00:00+00:00,67547.6,68220.0,66915.0,67979.3,69364.59
2026-02-21 00:00:00+00:00,67979.3,68079.0,67488.9,67821.0,20319.441
2026-02-21 08:00:00+00:00,67821.0,68687.0,67776.2,68571.5,38363.748
2026-02-21 16:00:00+00:00,68571.5,68632.5,67860.0,67933.1,28812.304
2026-02-22 00:00:00+00:00,67933.2,68204.3,67763.7,67973.0,21443.657
2026-02-22 08:00:00+00:00,67973.0,68220.0,67275.0,67659.9,40260.344
2026-02-22 16:00:00+00:00,67660.0,67728.0,67150.0,67613.5,22639.421
2026-02-23 00:00:00+00:00,67613.6,67655.8,64232.8,65915.8,120567.739
2026-02-23 08:00:00+00:00,65915.7,66574.5,65500.0,65633.1,74794.838
2026-02-23 16:00:00+00:00,65633.1,65701.2,63860.0,64625.8,81788.719
2026-02-24 00:00:00+00:00,64625.8,64980.0,62655.0,63155.3,87942.854
2026-02-24 08:00:00+00:00,63155.4,63993.1,62401.7,63933.4,73610.086
2026-02-24 16:00:00+00:00,63933.4,64719.1,63664.8,64031.3,61597.629
2026-02-25 00:00:00+00:00,64031.4,66283.1,63876.0,65001.1,83467.598
2026-02-25 08:00:00+00:00,65001.2,67548.0,64929.7,67362.3,88406.903
2026-02-25 16:00:00+00:00,67362.4,69999.0,67354.2,67952.5,127364.317
2026-02-26 00:00:00+00:00,67952.5,68850.0,67690.1,67800.0,44184.419
2026-02-26 08:00:00+00:00,67800.0,68689.7,66730.7,67353.4,73450.399
2026-02-26 16:00:00+00:00,67353.3,67888.0,66462.0,67448.2,60202.237
2026-02-27 00:00:00+00:00,67448.1,68188.8,66841.6,67644.1,45099.027
2026-02-27 08:00:00+00:00,67644.1,68127.8,65626.1,66072.6,104141.399
2026-02-27 16:00:00+00:00,66072.5,66095.2,64875.6,65836.0,56716.938
2026-02-28 00:00:00+00:00,65836.0,65994.7,62979.5,63788.4,87863.321
2026-02-28 08:00:00+00:00,63787.4,65335.8,63313.9,64800.0,91522.752
2026-02-28 16:00:00+00:00,64800.1,67735.0,64635.0,66937.1,78536.713
2026-03-01 00:00:00+00:00,66937.0,68189.0,65812.0,67113.9,81021.473
2026-03-01 08:00:00+00:00,67114.0,67333.0,66100.0,66810.8,56795.683
2026-03-01 16:00:00+00:00,66810.8,67083.0,65011.0,65750.0,81294.28
2026-03-02 00:00:00+00:00,65749.9,67082.5,65509.0,65981.3,53955.293
2026-03-02 08:00:00+00:00,65981.2,69588.0,65234.4,69089.1,126364.784
2026-03-02 16:00:00+00:00,69089.1,70100.0,68519.8,68801.8,97057.955
2026-03-03 00:00:00+00:00,68801.8,69221.6,67759.6,68138.3,49838.334
2026-03-03 08:00:00+00:00,68138.2,68281.6,66080.0,67692.5,125516.279
2026-03-03 16:00:00+00:00,67692.5,68972.9,67440.0,68295.3,82115.287
2026-03-04 00:00:00+00:00,68295.2,69676.4,67350.0,69464.5,73023.623
2026-03-04 08:00:00+00:00,69464.5,73436.4,69100.2,73339.7,187229.632
2026-03-04 16:00:00+00:00,73339.7,74046.5,72273.0,72641.4,96890.241
2026-03-05 00:00:00+00:00,72641.4,73295.7,71740.0,72025.5,56220.772
2026-03-05 08:00:00+00:00,72025.4,73539.1,71136.2,71611.7,100594.399
2026-03-05 16:00:00+00:00,71611.7,71620.6,70612.8,70854.8,69353.109
2026-03-06 00:00:00+00:00,70854.8,71387.5,70100.0,71026.7,52891.904
2026-03-06 08:00:00+00:00,71026.7,71035.3,68121.6,68468.4,109801.578
2026-03-06 16:00:00+00:00,68468.3,68759.5,67712.3,68083.0,50689.221
2026-03-07 00:00:00+00:00,68083.0,68524.9,67411.0,67809.4,34428.42
2026-03-07 08:00:00+00:00,67809.5,68215.6,67568.4,67844.8,27217.501
2026-03-07 16:00:00+00:00,67844.8,67913.6,66850.1,67232.1,32924.241
2026-03-08 00:00:00+00:00,67232.1,67459.0,66508.0,67277.2,35439.448
2026-03-08 08:00:00+00:00,67277.1,68171.6,66730.0,67174.7,55141.481
2026-03-08 16:00:00+00:00,67174.6,67496.4,65569.2,65934.3,65167.044
2026-03-09 00:00:00+00:00,65934.3,68038.4,65770.5,67504.8,84094.669
2026-03-09 08:00:00+00:00,67504.9,69449.1,67301.0,68832.3,97914.893
2026-03-09 16:00:00+00:00,68832.4,69498.0,68200.1,68394.1,55201.985
2026-03-10 00:00:00+00:00,68394.0,70555.0,68345.0,70374.7,79848.006
2026-03-10 08:00:00+00:00,70374.7,71748.1,69184.8,71296.9,118728.174
2026-03-10 16:00:00+00:00,71296.9,71665.8,69388.0,69901.9,67098.304
2026-03-11 00:00:00+00:00,69901.8,70249.1,69329.7,69622.1,42363.156
2026-03-11 08:00:00+00:00,69622.2,71060.7,68932.9,70186.9,100854.091
2026-03-11 16:00:00+00:00,70187.0,71286.0,70078.6,70150.0,52410.709
2026-03-12 00:00:00+00:00,70150.0,70314.1,69150.0,69782.6,42299.412
2026-03-12 08:00:00+00:00,69782.7,70756.5,69303.8,70282.9,95402.975
2026-03-12 16:00:00+00:00,70282.8,70727.9,69725.0,70480.1,48788.206
2026-03-13 00:00:00+00:00,70480.1,71979.2,70342.7,71585.3,71845.173
2026-03-13 08:00:00+00:00,71585.2,73870.0,71347.1,71800.0,139308.138
2026-03-13 16:00:00+00:00,71800.1,72215.1,70510.8,70895.5,89078.81
2026-03-14 00:00:00+00:00,70895.5,71272.3,70256.0,70565.6,38681.037
2026-03-14 08:00:00+00:00,70565.6,70914.6,70350.0,70554.6,24529.709
2026-03-14 16:00:00+00:00,70554.7,71221.9,70455.6,71174.4,16072.268
2026-03-15 00:00:00+00:00,71174.4,71750.0,70815.7,71420.8,33151.091
2026-03-15 08:00:00+00:00,71420.8,71897.9,71220.1,71444.4,33573.107
2026-03-15 16:00:00+00:00,71444.4,73199.9,71275.0,72778.9,59750.044
2026-03-16 00:00:00+00:00,72778.8,74444.0,72235.6,73427.7,106826.078
2026-03-16 08:00:00+00:00,73427.8,74481.5,72841.9,73240.2,96233.643
2026-03-16 16:00:00+00:00,73240.2,74880.0,73122.0,74846.4,66017.269
2026-03-17 00:00:00+00:00,74846.4,75998.9,73723.4,74212.7,93390.856
2026-03-17 08:00:00+00:00,74212.8,74856.2,73330.3,73878.5,81178.039
2026-03-17 16:00:00+00:00,73878.5,74777.0,73826.8,73872.4,43710.078
2026-03-18 00:00:00+00:00,73872.3,74633.0,73492.0,73840.0,33910.404
2026-03-18 08:00:00+00:00,73840.1,74246.2,70821.2,71436.4,128614.391
2026-03-18 16:00:00+00:00,71436.3,71980.5,70456.0,71202.9,64230.674
2026-03-19 00:00:00+00:00,71202.9,71598.3,69421.1,70145.1,62758.711
2026-03-19 08:00:00+00:00,70145.0,70535.0,68750.0,69372.7,101564.359
2026-03-19 16:00:00+00:00,69372.8,70655.2,69065.4,69887.4,54323.107
2026-03-20 00:00:00+00:00,69887.4,70944.9,69801.3,70811.9,40118.801
2026-03-20 08:00:00+00:00,70812.0,71342.2,69450.0,69829.5,97153.637
2026-03-20 16:00:00+00:00,69829.5,70888.0,69350.0,70472.7,48969.079
2026-03-21 00:00:00+00:00,70472.6,70849.2,70403.2,70687.3,17083.27
2026-03-21 08:00:00+00:00,70687.4,71077.7,70420.0,70599.1,23684.979
2026-03-21 16:00:00+00:00,70599.1,70620.2,68511.3,68881.5,33316.637
2026-03-22 00:00:00+00:00,68881.5,69555.8,68189.0,68884.5,48883.401
2026-03-22 08:00:00+00:00,68884.5,69000.0,68030.0,68814.9,42912.533
2026-03-22 16:00:00+00:00,68814.9,68852.3,67300.0,67830.6,43084.63
2026-03-23 00:00:00+00:00,67830.7,68872.4,67400.1,68306.0,63516.54
2026-03-23 08:00:00+00:00,68305.9,71789.8,67880.0,70112.2,181051.137
2026-03-23 16:00:00+00:00,70112.2,71232.0,70100.5,70865.9,46532.001
2026-03-24 00:00:00+00:00,70866.0,71377.5,70075.5,71255.2,42169.123
2026-03-24 08:00:00+00:00,71255.2,71339.8,69467.8,69837.7,81463.93
2026-03-24 16:00:00+00:00,69837.6,70800.0,68884.5,70523.9,72558.897
2026-03-25 00:00:00+00:00,70524.0,71319.9,70375.0,70900.0,40343.932
2026-03-25 08:00:00+00:00,70899.9,71999.9,70531.4,70792.4,81673.792
2026-03-25 16:00:00+00:00,70792.4,71742.2,70603.0,71297.5,44498.125
2026-03-26 00:00:00+00:00,71297.5,71408.1,69722.6,70053.8,43540.113
2026-03-26 08:00:00+00:00,70053.8,70131.5,68553.4,69054.8,80413.948
2026-03-26 16:00:00+00:00,69054.9,69466.6,68115.8,68788.0,62519.553
2026-03-27 00:00:00+00:00,68788.1,69142.7,68257.2,68501.7,38400.008
2026-03-27 08:00:00+00:00,68501.8,68619.9,65681.5,66092.0,126059.915
2026-03-27 16:00:00+00:00,66091.9,66384.0,65501.0,66364.2,47891.125
2026-03-28 00:00:00+00:00,66364.1,66533.9,65888.0,66520.8,22809.012
2026-03-28 08:00:00+00:00,66520.9,67284.0,66087.3,66982.3,42603.833
2026-03-28 16:00:00+00:00,66982.4,67065.0,66233.6,66334.8,23960.647
2026-03-29 00:00:00+00:00,66334.8,67100.0,66235.6,66632.5,25594.724
2026-03-29 08:00:00+00:00,66632.4,66986.8,66288.1,66500.0,28381.792
2026-03-29 16:00:00+00:00,66499.9,66767.9,64918.2,65977.9,56301.88
2026-03-30 00:00:00+00:00,65978.0,67777.0,65754.2,67595.9,68440.831
2026-03-30 08:00:00+00:00,67595.9,68148.4,67055.0,67590.2,68009.924
2026-03-30 16:00:00+00:00,67590.2,67614.9,66200.1,66764.4,50608.31
2026-03-31 00:00:00+00:00,66764.4,68377.0,66498.9,67343.8,60558.987
2026-03-31 08:00:00+00:00,67343.9,67765.8,65938.0,66700.0,106298.835
2026-03-31 16:00:00+00:00,66700.0,68600.0,66695.9,68241.5,76475.263
2026-04-01 00:00:00+00:00,68241.4,69288.0,67534.9,68651.9,60542.525
2026-04-01 08:00:00+00:00,68651.9,68938.8,67883.7,68877.0,58176.904
2026-04-01 16:00:00+00:00,68876.9,69142.6,67900.4,68086.5,38556.791
2026-04-02 00:00:00+00:00,68086.4,68639.1,66171.8,66887.9,76092.364
2026-04-02 08:00:00+00:00,66887.8,67080.0,65676.1,66810.6,73901.055
2026-04-02 16:00:00+00:00,66810.6,67400.0,66550.0,66868.5,38365.502
2026-04-03 00:00:00+00:00,66868.6,67233.3,66240.0,67008.8,31685.807
2026-04-03 08:00:00+00:00,67008.8,67350.0,66478.5,66806.1,34844.874
2026-04-03 16:00:00+00:00,66806.0,67046.1,66714.1,66930.0,12737.152
2026-04-04 00:00:00+00:00,66930.0,67023.7,66745.5,66982.0,9910.087
2026-04-04 08:00:00+00:00,66982.1,67554.5,66874.5,67357.3,24372.288
2026-04-04 16:00:00+00:00,67357.4,67523.8,67150.6,67271.0,16487.962
2026-04-05 00:00:00+00:00,67271.1,67279.2,66575.5,66787.4,20819.982
2026-04-05 08:00:00+00:00,66787.4,67828.6,66650.0,67272.2,34469.011
2026-04-05 16:00:00+00:00,67272.2,69108.0,67132.2,68997.9,49629.176
2026-04-06 00:00:00+00:00,68997.9,69583.0,68740.2,69089.7,48247.281
2026-04-06 08:00:00+00:00,69089.8,70252.9,69047.7,69922.5,63074.841
2026-04-06 16:00:00+00:00,69922.4,70332.5,68227.5,68817.9,55435.114
2026-04-07 00:00:00+00:00,68817.9,69111.8,68241.9,68592.1,34682.355
2026-04-07 08:00:00+00:00,68592.0,69219.0,67711.0,68138.4,70892.745
2026-04-07 16:00:00+00:00,68138.5,72743.4,68049.9,71890.2,127253.147
2026-04-08 00:00:00+00:00,71890.2,72086.4,71186.0,71612.0,43767.558
2026-04-08 08:00:00+00:00,71612.1,72858.5,70671.6,71274.8,93681.468
2026-04-08 16:00:00+00:00,71274.9,71934.5,70850.9,71038.1,45929.466
2026-04-09 00:00:00+00:00,71038.2,71168.0,70428.0,70945.0,33196.295
2026-04-09 08:00:00+00:00,70945.0,72320.0,70470.2,72108.0,66461.994
2026-04-09 16:00:00+00:00,72108.0,73128.0,71539.9,71750.4,76148.168
2026-04-10 00:00:00+00:00,71750.4,72350.0,71382.1,71461.2,38201.536
2026-04-10 08:00:00+00:00,71461.2,73255.7,71395.0,72421.0,77061.697
2026-04-10 16:00:00+00:00,72421.1,73450.0,72350.0,72917.4,41306.433
2026-04-11 00:00:00+00:00,72917.4,73066.2,72566.4,72707.7,22030.342
2026-04-11 08:00:00+00:00,72707.8,72945.0,72451.9,72817.3,20531.326
2026-04-11 16:00:00+00:00,72817.3,73773.4,72775.3,73013.4,37608.002
2026-04-12 00:00:00+00:00,73013.4,73094.4,71259.0,71628.1,55192.771
2026-04-12 08:00:00+00:00,71628.2,71750.0,70566.5,70856.2,43761.555
2026-04-12 16:00:00+00:00,70856.1,71423.9,70458.2,70711.1,35868.663
2026-04-13 00:00:00+00:00,70711.2,71245.0,70574.0,70780.0,26524.998
2026-04-13 08:00:00+00:00,70780.1,72431.0,70517.3,71823.6,68723.903
2026-04-13 16:00:00+00:00,71823.6,74870.0,71629.5,74385.0,117780.618
2026-04-14 00:00:00+00:00,74384.9,74900.0,73946.9,74513.4,35865.708
2026-04-14 08:00:00+00:00,74513.3,76009.0,74234.0,75268.1,91323.455
2026-04-14 16:00:00+00:00,75268.1,75684.9,73766.8,74106.9,56072.327
2026-04-15 00:00:00+00:00,74106.9,74739.2,73449.0,73705.1,35504.786
2026-04-15 08:00:00+00:00,73705.2,74473.5,73540.0,73797.5,49750.892
2026-04-15 16:00:00+00:00,73797.5,75425.6,73714.9,74776.2,45774.093
2026-04-16 00:00:00+00:00,74776.3,75232.7,74400.0,74667.7,32696.524
2026-04-16 08:00:00+00:00,74667.7,74981.1,73256.8,74659.5,77293.48
2026-04-16 16:00:00+00:00,74659.5,75500.0,73873.5,75106.8,48407.721
2026-04-17 00:00:00+00:00,75106.8,75118.4,74480.0,75047.4,24799.315
2026-04-17 08:00:00+00:00,75047.4,77999.9,74951.6,77736.2,161308.884
2026-04-17 16:00:00+00:00,77736.2,78300.0,76854.2,77030.6,53287.716
2026-04-18 00:00:00+00:00,77030.6,77380.0,76824.1,76951.0,20582.043
2026-04-18 08:00:00+00:00,76951.0,77004.2,75710.6,76124.8,55123.346
2026-04-18 16:00:00+00:00,76124.8,76176.6,75395.9,75653.8,30189.002
2026-04-19 00:00:00+00:00,75653.8,75804.0,74824.3,75205.6,28993.554
2026-04-19 08:00:00+00:00,75205.7,76200.0,74863.6,75807.6,43334.08
2026-04-19 16:00:00+00:00,75807.7,75817.7,73700.2,73758.4,56650.577
2026-04-20 00:00:00+00:00,73758.4,75539.3,73669.0,74795.5,46678.882
2026-04-20 08:00:00+00:00,74795.5,75750.0,74563.2,75668.1,60530.208
2026-04-20 16:00:00+00:00,75668.1,76531.0,75242.5,75790.1,58940.577
2026-04-21 00:00:00+00:00,75790.1,76276.6,75433.1,76050.0,28110.916
2026-04-21 08:00:00+00:00,76050.0,76999.0,75355.2,75799.9,76098.271
2026-04-21 16:00:00+00:00,75800.0,76396.2,74777.9,76288.2,60551.8
2026-04-22 00:00:00+00:00,76288.3,78447.5,76078.6,77979.8,80289.609
2026-04-22 08:00:00+00:00,77979.7,79370.0,77895.3,79234.3,68693.189
2026-04-22 16:00:00+00:00,79234.3,79444.0,78111.6,78139.8,42104.298
2026-04-23 00:00:00+00:00,78139.7,78534.9,77410.7,78009.1,46618.33
2026-04-23 08:00:00+00:00,78009.1,78648.0,76504.6,78329.2,70958.045
2026-04-23 16:00:00+00:00,78329.3,78466.8,76900.1,78216.8,54908.637
2026-04-24 00:00:00+00:00,78217.4,78546.0,77401.5,77620.5,40665.047
2026-04-24 08:00:00+00:00,77620.5,78432.9,77355.8,78007.3,56684.774
2026-04-24 16:00:00+00:00,78007.3,78031.9,77206.8,77395.4,30433.184
2026-04-25 00:00:00+00:00,77395.3,77678.0,77254.7,77449.9,11906.328
2026-04-25 08:00:00+00:00,77449.9,77847.0,77263.0,77289.3,18316.984
2026-04-25 16:00:00+00:00,77289.3,77615.7,77100.0,77585.0,16369.174
2026-04-26 00:00:00+00:00,77585.0,78164.7,77280.0,78061.5,21547.725
2026-04-26 08:00:00+00:00,78061.5,78182.8,77715.0,78007.9,17722.093
2026-04-26 16:00:00+00:00,78007.9,78994.8,77777.0,78613.5,40673.487
2026-04-27 00:00:00+00:00,78614.4,79455.0,77408.6,77556.7,74388.497
2026-04-27 08:00:00+00:00,77556.7,78232.0,76524.0,76760.0,60618.233
2026-04-27 16:00:00+00:00,76760.0,77419.7,76400.0,77331.2,34094.153
2026-04-28 00:00:00+00:00,77331.2,77450.0,76324.1,76828.4,33808.266
2026-04-28 08:00:00+00:00,76828.3,76956.0,75635.6,76027.8,49158.25
2026-04-28 16:00:00+00:00,76027.7,76448.0,75840.3,76298.1,20952.361
2026-04-29 00:00:00+00:00,76298.2,77432.1,76138.7,77003.8,41781.966
2026-04-29 08:00:00+00:00,77003.8,77873.2,75675.2,75889.1,73208.58
2026-04-29 16:00:00+00:00,75889.1,76220.0,74868.0,75749.9,71542.957
2026-04-30 00:00:00+00:00,75749.9,76445.0,75273.5,76129.9,37836.517
2026-04-30 08:00:00+00:00,76129.9,76630.3,75836.0,76423.0,42293.473
2026-04-30 16:00:00+00:00,76423.0,76536.2,76060.4,76305.4,19624.47
2026-05-01 00:00:00+00:00,76305.4,77421.2,76265.4,77100.0,33991.449
2026-05-01 08:00:00+00:00,77099.9,78879.9,77010.5,78395.4,84821.189
2026-05-01 16:00:00+00:00,78395.4,78642.0,77717.7,78192.0,34185.668
2026-05-02 00:00:00+00:00,78191.9,78503.9,77979.3,78181.6,18370.463
2026-05-02 08:00:00+00:00,78181.6,78458.2,78055.7,78449.8,13789.753
2026-05-02 16:00:00+00:00,78449.8,79145.0,78277.0,78652.9,19280.892
2026-05-03 00:00:00+00:00,78652.8,78740.5,78027.0,78316.6,20290.645
2026-05-03 08:00:00+00:00,78316.6,78850.0,78295.1,78625.2,19045.828
2026-05-03 16:00:00+00:00,78625.2,79428.9,78440.0,78529.0,32697.148
2026-05-04 00:00:00+00:00,78529.0,80590.2,78235.4,79663.5,90280.703
2026-05-04 08:00:00+00:00,79663.4,80528.9,78128.3,79976.7,140904.485
2026-05-04 16:00:00+00:00,79976.6,80771.7,79562.0,79826.1,49731.394
2026-05-05 00:00:00+00:00,79826.1,81278.2,79761.2,80815.8,50993.962
2026-05-05 08:00:00+00:00,80815.8,81656.6,80480.6,81488.7,71005.767
2026-05-05 16:00:00+00:00,81488.7,81745.4,80716.8,80861.9,48921.799
2026-05-06 00:00:00+00:00,80861.9,81716.3,80651.2,81333.3,32404.519
2026-05-06 08:00:00+00:00,81333.4,82828.7,81073.1,81656.4,99890.77
2026-05-06 16:00:00+00:00,81656.4,81855.0,80929.8,81390.1,25905.219
2026-05-07 00:00:00+00:00,81390.0,81680.6,80675.8,81480.1,37926.444
2026-05-07 08:00:00+00:00,81480.0,81564.6,79605.0,79861.6,60996.023
2026-05-07 16:00:00+00:00,79861.5,80331.6,79461.5,79969.4,35805.185
2026-05-08 00:00:00+00:00,79969.5,80106.3,79137.4,79635.0,29993.992
2026-05-08 08:00:00+00:00,79635.0,80478.0,79507.6,80119.1,54771.685
2026-05-08 16:00:00+00:00,80119.1,80376.0,79692.4,80155.2,21997.236
2026-05-09 00:00:00+00:00,80155.2,80641.8,80080.0,80181.7,18404.4
2026-05-09 08:00:00+00:00,80181.6,80566.0,80124.8,80488.3,16947.418
2026-05-09 16:00:00+00:00,80488.3,81043.2,80440.0,80634.0,20605.516
2026-05-10 00:00:00+00:00,80634.0,80859.9,80533.7,80695.9,10158.054
2026-05-10 08:00:00+00:00,80695.9,81423.2,80641.5,81381.4,22913.336
2026-05-10 16:00:00+00:00,81381.5,82460.5,80225.1,82177.7,61879.413
2026-05-11 00:00:00+00:00,82177.7,82350.0,80470.1,80708.9,45399.308
2026-05-11 08:00:00+00:00,80708.8,81434.8,80394.0,81403.4,40131.928
2026-05-11 16:00:00+00:00,81403.4,82098.9,81297.5,81699.1,36459.185
2026-05-12 00:00:00+00:00,81699.1,81757.3,80661.2,80809.2,35679.462
2026-05-12 08:00:00+00:00,80809.2,80968.6,80143.0,80301.6,52580.217
2026-05-12 16:00:00+00:00,80301.6,80848.6,79801.0,80461.0,33054.277
2026-05-13 00:00:00+00:00,80461.0,81268.0,80364.5,80981.9,23819.405
2026-05-13 08:00:00+00:00,80981.9,81270.2,78753.1,78794.7,75490.959
2026-05-13 16:00:00+00:00,78794.7,79776.2,78713.8,79288.3,40390.281
2026-05-14 00:00:00+00:00,79288.2,79962.5,78869.4,79699.9,37423.282
2026-05-14 08:00:00+00:00,79700.0,81270.2,79188.0,81245.5,73750.558
2026-05-14 16:00:00+00:00,81245.6,81999.0,81007.9,81048.9,64709.785
2026-05-15 00:00:00+00:00,81048.8,81623.8,80266.8,80782.8,48537.052
2026-05-15 08:00:00+00:00,80782.9,80793.0,78610.0,79118.0,83439.48
2026-05-15 16:00:00+00:00,79118.1,79532.1,78861.6,79074.0,21846.973
2026-05-16 00:00:00+00:00,79074.0,79199.7,78000.4,78334.3,34240.828
2026-05-16 08:00:00+00:00,78334.3,78527.8,77601.8,78194.1,41107.629
2026-05-16 16:00:00+00:00,78194.0,78337.4,78069.1,78104.2,10801.994
2026-05-17 00:00:00+00:00,78104.3,78300.0,77675.4,78137.2,20772.366
2026-05-17 08:00:00+00:00,78137.3,78564.3,77800.0,78006.9,22884.646
2026-05-17 16:00:00+00:00,78006.9,78453.0,76666.0,77430.4,42560.657
2026-05-18 00:00:00+00:00,77430.4,77452.7,76534.5,77039.4,48394.733
2026-05-18 08:00:00+00:00,77039.5,77757.5,76014.2,76393.5,79345.279
2026-05-18 16:00:00+00:00,76393.6,77187.3,76107.7,76963.2,50623.487
2026-05-19 00:00:00+00:00,76963.2,77384.6,76451.3,77200.4,30251.749
2026-05-19 08:00:00+00:00,77200.4,77291.3,76107.1,76487.9,47005.944
2026-05-19 16:00:00+00:00,76488.0,77042.3,76377.0,76799.9,21788.946
2026-05-20 00:00:00+00:00,76800.0,77444.0,76485.0,77249.9,33269.7
2026-05-20 08:00:00+00:00,77250.0,77825.8,76855.0,77423.0,49580.937
2026-05-20 16:00:00+00:00,77423.0,77735.6,76975.0,77510.3,24756.769
2026-05-21 00:00:00+00:00,77510.3,78150.0,77472.5,77846.2,30057.935
2026-05-21 08:00:00+00:00,77846.1,78180.0,76696.7,77224.3,48714.373
2026-05-21 16:00:00+00:00,77224.3,78063.8,76970.0,77586.2,38322.853
2026-05-22 00:00:00+00:00,77586.3,77862.7,77237.1,77366.9,20357.205
2026-05-22 08:00:00+00:00,77366.8,77548.5,76528.0,76756.5,41671.079
2026-05-22 16:00:00+00:00,76756.5,77070.1,75322.0,75513.1,54177.929
2026-05-23 00:00:00+00:00,75513.1,75633.7,74203.6,74573.1,46951.643
2026-05-23 08:00:00+00:00,74573.2,75670.8,74307.0,75486.9,49655.508
2026-05-23 16:00:00+00:00,75487.0,77427.0,75333.3,76715.2,57220.602
2026-05-24 00:00:00+00:00,76715.3,77040.0,76596.9,76771.3,20045.241
2026-05-24 08:00:00+00:00,76771.4,77600.0,76159.7,76343.7,41310.86
2026-05-24 16:00:00+00:00,76343.8,77193.4,76056.0,77030.3,29778.176
2026-05-25 00:00:00+00:00,77030.3,77677.6,76871.4,77377.0,29233.548
2026-05-25 08:00:00+00:00,77376.9,77887.9,77241.7,77587.2,28875.52
2026-05-25 16:00:00+00:00,77587.2,77784.9,77011.3,77281.5,18599.34
2026-05-26 00:00:00+00:00,77281.5,77319.6,76434.0,76685.1,31053.484
2026-05-26 08:00:00+00:00,76685.0,78077.1,76234.7,76478.2,87565.895
2026-05-26 16:00:00+00:00,76478.2,76678.7,75641.2,75905.5,46300.703
2026-05-27 00:00:00+00:00,75905.6,76083.9,75277.8,75935.0,30403.37
2026-05-27 08:00:00+00:00,75935.0,76155.5,74735.7,75300.0,63456.403
2026-05-27 16:00:00+00:00,75300.0,75391.0,74210.0,74418.1,50855.688
2026-05-28 00:00:00+00:00,74418.0,74565.3,72667.9,73467.0,78166.657
2026-05-28 08:00:00+00:00,73467.0,73592.1,72556.0,72899.1,64994.622
2026-05-28 16:00:00+00:00,72899.0,73932.2,72704.0,73591.4,36284.398
2026-05-29 00:00:00+00:00,73591.4,73908.6,73158.8,73488.0,27473.919
2026-05-29 08:00:00+00:00,73488.1,74177.0,72436.0,73775.4,71246.57
2026-05-29 16:00:00+00:00,73775.4,74293.1,73057.8,73428.2,47436.693
2026-05-30 00:00:00+00:00,73428.2,73757.9,73130.1,73513.9,20093.263
2026-05-30 08:00:00+00:00,73514.0,74078.6,73470.5,73888.0,17985.626
2026-05-30 16:00:00+00:00,73888.0,74108.8,73750.0,73856.8,14464.797
2026-05-31 00:00:00+00:00,73856.9,74250.0,73793.2,73833.3,17253.975
2026-05-31 08:00:00+00:00,73833.2,73998.9,73388.0,73613.5,20625.236
2026-05-31 16:00:00+00:00,73613.4,74179.9,73340.7,73653.2,20362.248
2026-06-01 00:00:00+00:00,73653.2,74070.5,72668.0,72776.1,40405.306
2026-06-01 08:00:00+00:00,72776.1,73084.0,71035.3,71099.4,113939.072
2026-06-01 16:00:00+00:00,71099.5,71788.5,70650.9,71391.5,59126.75
2026-06-02 00:00:00+00:00,71391.5,71397.0,69666.8,70079.4,73344.14
2026-06-02 08:00:00+00:00,70079.5,70146.2,67035.5,67274.0,139034.553
2026-06-02 16:00:00+00:00,67274.0,68121.9,66150.7,66730.0,134323.459
2026-06-03 00:00:00+00:00,66730.1,67493.8,65359.1,67186.7,113166.033
2026-06-03 08:00:00+00:00,67186.7,67448.0,66036.2,66046.5,81912.655
2026-06-03 16:00:00+00:00,66046.6,66359.4,64050.8,64117.7,115822.85
2026-06-04 00:00:00+00:00,64117.7,64739.8,61344.8,63561.7,187261.802
2026-06-04 08:00:00+00:00,63561.8,64463.7,62150.8,63864.8,165870.336
2026-06-04 16:00:00+00:00,63864.8,64150.8,62910.0,63853.4,78042.473
2026-06-05 00:00:00+00:00,63853.4,63955.0,61067.6,63075.6,135069.459
2026-06-05 08:00:00+00:00,63075.5,63231.8,60005.8,60400.8,153434.319
2026-06-05 16:00:00+00:00,60400.8,61985.1,59080.0,61022.0,189658.107
2026-06-06 00:00:00+00:00,61022.0,61500.0,59451.3,60975.2,85212.28
2026-06-06 08:00:00+00:00,60975.2,61475.0,60146.0,60754.1,60132.668
2026-06-06 16:00:00+00:00,60754.2,60969.2,60363.0,60849.7,29415.895
2026-06-07 00:00:00+00:00,60849.7,62380.0,60708.0,62366.0,60253.653
2026-06-07 08:00:00+00:00,62366.0,62942.4,61509.1,62071.6,79378.145
2026-06-07 16:00:00+00:00,62071.7,64250.0,61150.2,63298.5,77847.235
2026-06-08 00:00:00+00:00,63299.0,63849.5,62377.0,63259.9,55305.804
2026-06-08 08:00:00+00:00,63259.9,64179.5,62658.4,63745.4,87333.398
2026-06-08 16:00:00+00:00,63745.3,64029.5,62939.7,63057.9,41801.851
2026-06-09 00:00:00+00:00,63057.9,63499.9,62381.2,63170.8,56267.285
2026-06-09 08:00:00+00:00,63170.9,63183.0,61001.0,61100.7,96364.033
2026-06-09 16:00:00+00:00,61100.6,62253.2,60755.0,61695.0,68768.156
2026-06-10 00:00:00+00:00,61694.9,61947.4,61045.7,61654.3,38667.391
2026-06-10 08:00:00+00:00,61654.3,62840.2,60691.9,62604.8,99441.373
2026-06-10 16:00:00+00:00,62604.7,62617.1,61068.6,61483.7,54945.5
2026-06-11 00:00:00+00:00,61483.6,62993.4,61483.6,62693.3,50969.552
2026-06-11 08:00:00+00:00,62693.2,63235.9,62455.8,62721.1,76435.546
2026-06-11 16:00:00+00:00,62721.2,63915.3,62315.0,63597.9,66589.476
2026-06-12 00:00:00+00:00,63598.0,63843.2,62800.0,63066.5,39420.807
2026-06-12 08:00:00+00:00,63066.5,64362.6,63020.6,63557.0,77189.629
2026-06-12 16:00:00+00:00,63557.1,64083.3,63352.3,63547.0,29113.346
2026-06-13 00:00:00+00:00,63547.0,63879.0,63360.0,63823.9,19123.483
2026-06-13 08:00:00+00:00,63823.9,64323.0,63683.1,64265.0,26201.1
2026-06-13 16:00:00+00:00,64265.1,64738.0,63862.9,64418.2,30836.804
2026-06-14 00:00:00+00:00,64418.3,64682.2,64186.5,64392.0,20497.293
2026-06-14 08:00:00+00:00,64392.1,64640.6,63830.0,63995.2,28121.698
2026-06-14 16:00:00+00:00,63995.2,65775.0,63650.0,65702.1,68114.467
2026-06-15 00:00:00+00:00,65702.1,65996.8,65314.3,65642.3,44017.829
2026-06-15 08:00:00+00:00,65642.4,67255.4,65469.0,67248.5,84921.545
2026-06-15 16:00:00+00:00,67248.5,67254.5,66065.1,66285.9,39013.567
2026-06-16 00:00:00+00:00,66285.9,66543.5,65607.1,66341.7,40092.915
2026-06-16 08:00:00+00:00,66341.8,66956.7,65328.8,65841.8,62429.792
2026-06-16 16:00:00+00:00,65841.8,66246.1,65529.0,65644.8,26583.719
2026-06-17 00:00:00+00:00,65644.8,66092.5,65200.0,65504.0,29025.333
2026-06-17 08:00:00+00:00,65503.9,65834.1,64525.0,65712.7,69603.089
2026-06-17 16:00:00+00:00,65712.7,66419.2,63881.2,64472.9,100857.877
2026-06-18 00:00:00+00:00,64472.9,64780.0,63660.1,64470.3,41218.377
2026-06-18 08:00:00+00:00,64470.4,64631.5,62232.1,62337.8,91675.218
2026-06-18 16:00:00+00:00,62337.8,63266.8,62241.0,62924.1,54805.121
2026-06-19 00:00:00+00:00,62924.0,63088.0,62237.2,62592.4,36098.821
2026-06-19 08:00:00+00:00,62592.4,63410.3,62272.4,63193.0,49238.929
2026-06-19 16:00:00+00:00,63193.1,63645.0,62836.6,63512.6,26889.131
2026-06-20 00:00:00+00:00,63512.5,63894.0,63283.5,63625.0,26779.224
2026-06-20 08:00:00+00:00,63625.0,64370.9,63136.2,64139.5,48299.062
2026-06-20 16:00:00+00:00,64139.4,64326.0,63661.9,64270.0,20598.41
2026-06-21 00:00:00+00:00,64270.1,64568.0,64143.2,64170.1,22531.509
2026-06-21 08:00:00+00:00,64170.0,64453.3,63871.3,64200.3,29668.843
2026-06-21 16:00:00+00:00,64200.2,64284.9,63220.0,63287.1,32781.724
2026-06-22 00:00:00+00:00,63287.2,64788.0,63286.2,64187.9,52705.065
2026-06-22 08:00:00+00:00,64188.0,65597.2,64014.9,64808.0,67348.526
2026-06-22 16:00:00+00:00,64808.0,64835.6,63758.3,63990.2,41789.417
2026-06-23 00:00:00+00:00,63990.1,64247.2,62532.4,62849.2,60660.046
2026-06-23 08:00:00+00:00,62849.3,62916.5,61870.0,62455.8,84097.578
2026-06-23 16:00:00+00:00,62455.9,62812.2,62075.6,62696.7,28161.615
2026-06-24 00:00:00+00:00,62696.7,63090.9,62402.8,62630.3,29836.171
2026-06-24 08:00:00+00:00,62630.4,63209.6,60238.0,60254.9,110413.079
2026-06-24 16:00:00+00:00,60254.9,61256.0,59060.0,61051.2,137848.054
2026-06-25 00:00:00+00:00,61051.2,61931.1,60648.0,61886.7,47374.652
2026-06-25 08:00:00+00:00,61886.8,61897.6,58030.0,59536.2,195211.422
2026-06-25 16:00:00+00:00,59536.2,60245.0,59114.4,59771.9,59244.1
2026-06-26 00:00:00+00:00,59772.0,60734.0,58288.0,60491.0,101632.957
2026-06-26 08:00:00+00:00,60491.0,60542.6,58388.0,60296.6,133533.343
2026-06-26 16:00:00+00:00,60296.9,60580.0,59530.7,60072.0,46928.851
2026-06-27 00:00:00+00:00,60071.9,60557.8,59846.2,60522.3,25870.711
2026-06-27 08:00:00+00:00,60522.4,60924.7,60162.0,60817.2,26018.455
2026-06-27 16:00:00+00:00,60817.3,60850.0,59819.8,60000.3,29413.427
2026-06-28 00:00:00+00:00,60000.4,60314.3,59714.8,60192.5,20855.033
2026-06-28 08:00:00+00:00,60192.4,60543.3,59781.8,59849.9,27869.858
2026-06-28 16:00:00+00:00,59850.0,59915.7,58888.0,59550.2,54873.806
2026-06-29 00:00:00+00:00,59550.2,60219.4,58850.0,60001.9,38030.608
