date,trend_ret,trend_pos,funding_apy,funding_ret,funding_venue,ann_basis,basis_ret,basis_symbol,cash_ret,yield_ret,w_trend,w_funding,w_basis,w_yield,w_cash,portfolio_ret,equity,daily_pnl
2021-02-03 00:00:00+00:00,0.0103831356973005,0.1714733695451357,0.28912197500000003,0.001166945,binance,0.1988514712711677,-0.0051042052831465,BTCUSDT_210326,0.00013698630136986303,0.0002465753424657534,0.34782608695652173,0.21739130434782605,0.17391304347826086,0.26086956521739124,1.1102230246251565e-16,0.003041845282635327,100304.18452826353,0.0
2021-02-04 00:00:00+00:00,-0.0033754167861242,0.1850097888832045,0.3269005178571428,0.000940215,bybit,0.2750376455261519,-0.0022500680895349,BTCUSDT_210326,0.00013698630136986303,0.0002465753424657534,0.34782608695652173,0.21739130434782605,0.17391304347826086,0.26086956521739124,1.1102230246251565e-16,-0.0012966556344495078,100174.12454223608,-130.0599860274524
2021-02-05 00:00:00+00:00,0.0069540055881376,0.1899645830835754,0.3519741928571429,0.000809915,bybit,0.3030659339544171,-0.0065329963980376,BTCUSDT_210326,0.00013698630136986303,0.0002465753424657534,0.34782608695652173,0.21739130434782605,0.17391304347826086,0.26086956521739124,1.1102230246251565e-16,0.0015230037464236922,100326.69010920863,152.56556697255292
2021-02-06 00:00:00+00:00,0.0046623510902248,0.1997127604378956,0.33975321071428566,0.0010349,binance,0.3993828471084151,0.0033410365800442,BTCUSDT_210326,0.00013698630136986303,0.0002465753424657534,0.34782608695652173,0.21739130434782605,0.17391304347826086,0.26086956521739124,1.1102230246251565e-16,0.0024920394389899877,100576.7081777441,250.01806853547168
2021-02-07 00:00:00+00:00,-0.0020579768440681,0.2052861562192194,0.3870931892857143,0.001634365,binance,0.359577752613153,-0.0099923470880399,BTCUSDT_210326,0.00013698630136986303,0.0002465753424657534,0.34782608695652173,0.21739130434782605,0.17391304347826086,0.26086956521739124,1.1102230246251565e-16,-0.0020339967847786905,100372.13547668695,-204.57270105715725
2021-02-08 00:00:00+00:00,0.0399167676971176,0.2043300442678094,0.4516997535714285,0.001830735,binance,0.4400082415325364,0.0007531018415792,BTCUSDT_210326,0.00013698630136986303,0.0002465753424657534,0.34782608695652173,0.21739130434782605,0.17391304347826086,0.26086956521739124,1.1102230246251565e-16,0.014477377217306612,101825.26074408955,1453.1252674026036
2021-02-09 00:00:00+00:00,0.0001929718345662,0.219246970182442,0.5650236499999999,0.00347548,bybit,0.4371398525811603,0.0005155058915882,BTCUSDT_210326,0.00013698630136986303,0.0002465753424657534,0.34782608695652173,0.21739130434782605,0.17391304347826086,0.26086956521739124,1.1102230246251565e-16,0.000976636969464214,101924.70705815755,99.44631406800181
2021-02-10 00:00:00+00:00,-0.0076065545226125,0.2189159537264745,0.6648042214285715,0.00368338,bybit,0.4543066556636578,-0.0044799339754568,BTCUSDT_210326,0.00013698630136986303,0.0002465753424657534,0.34782608695652173,0.21739130434782605,0.17391304347826086,0.26086956521739124,1.1102230246251565e-16,-0.0025598182620840296,101663.79833167251,-260.90872648503864
2021-02-11 00:00:00+00:00,0.0153584626498854,0.2176706141009145,0.7856249571428571,0.003257325,bybit,0.5052712189617461,-0.0009329884753878,BTCUSDT_210326,0.00013698630136986303,0.0002465753424657534,0.34782608695652173,0.21739130434782605,0.17391304347826086,0.26086956521739124,1.1102230246251565e-16,0.005952253232709849,102268.92700394179,605.1286722692748
2021-02-12 00:00:00+00:00,-0.003352285400388,0.2340869905625516,0.8761746785714285,0.0025464850000000002,bybit,0.5412112971124216,0.0002906681667076,BTCUSDT_210326,0.00013698630136986303,0.0002465753424657534,0.34782608695652173,0.21739130434782605,0.17391304347826086,0.26086956521739124,1.1102230246251565e-16,-0.0004975536296295251,102218.04272811266,-50.884275829128455
2021-02-13 00:00:00+00:00,-0.0006547105636492,0.2279436711396171,0.9887120000000003,0.0026369949999999996,bybit,0.5507960169001898,-0.0025788013620991,BTCUSDT_210326,0.00013698630136986303,0.0002465753424657534,0.34782608695652173,0.21739130434782605,0.17391304347826086,0.26086956521739124,1.1102230246251565e-16,-3.862882186067317e-05,102214.09416554916,-3.9485625634988537
2021-02-14 00:00:00+00:00,0.0068881149570616,0.2280807034168431,0.992983282142857,0.0018135,bybit,0.5936986069148061,0.0026422568832381,BTCUSDT_210326,0.00013698630136986303,0.0002465753424657534,0.34782608695652173,0.21739130434782605,0.17391304347826086,0.26086956521739124,1.1102230246251565e-16,0.003313952141053901,102552.82678175496,338.7326162058016
2021-02-15 00:00:00+00:00,-0.003250122488605,0.2359565615936308,1.0875172392857142,0.0034433299999999997,bybit,0.5672490433537459,-0.0007780034271807,BTCUSDT_210326,0.00013698630136986303,0.0002465753424657534,0.34782608695652173,0.21739130434782605,0.17391304347826086,0.26086956521739124,1.1102230246251565e-16,-0.00045290832881601236,102506.37975236187,-46.447029393093544
2021-02-16 00:00:00+00:00,0.0058033573745205,0.2279391500129777,0.9835396892857144,0.00148139,bybit,0.5822671937881753,-0.0052341124020397,BTCUSDT_210326,0.00013698630136986303,0.0002465753424657534,0.34782608695652173,0.21739130434782605,0.17391304347826086,0.26086956521739124,1.1102230246251565e-16,0.0014946439757739008,102659.59029533713,153.21054297525552
2021-02-17 00:00:00+00:00,0.0141213070881882,0.2324516649222253,0.9357903892857142,0.00276764,bybit,0.6610915784326382,0.005410525116122,BTCUSDT_210326,0.00013698630136986303,0.0002465753424657534,0.34782608695652173,0.21739130434782605,0.17391304347826086,0.26086956521739124,1.1102230246251565e-16,0.006518704748903831,103328.79785411588,669.2075587787549
2021-02-18 00:00:00+00:00,-0.0027166791018898,0.2475872936217455,0.898390142857143,0.0025400600000000002,bybit,0.5760093143270719,0.0022966833874528,BTCUSDT_210326,0.00013698630136986303,0.0002465753424657534,0.34782608695652173,0.21739130434782605,0.17391304347826086,0.26086956521739124,1.1102230246251565e-16,7.100229519510088e-05,103336.13443592326,7.336581807379844
2021-02-19 00:00:00+00:00,0.0223420256151981,0.2648795658847482,0.9045424785714284,0.002664475,bybit,0.502159236677893,0.0022867849604693,BTCUSDT_210326,0.00013698630136986303,0.0002465753424657534,0.34782608695652173,0.21739130434782605,0.17391304347826086,0.26086956521739124,1.1102230246251565e-16,0.008812398774706805,104246.77366040934,910.6392244860763
2021-02-20 00:00:00+00:00,-0.0003246211836311,0.2714809907083049,0.8480772392857143,0.0015541,bybit,0.4683729772192297,-0.0009842197130828,BTCUSDT_210326,0.00013698630136986303,0.0002465753424657534,0.34782608695652173,0.21739130434782605,0.17391304347826086,0.26086956521739124,1.1102230246251565e-16,0.00011809146667019652,104259.08431480653,12.310654397195322
2021-02-21 00:00:00+00:00,0.0074094648988445,0.2643583207422771,0.876804825,0.0023644399999999998,bybit,0.4905686898262229,0.0010590753262099,BTCUSDT_210326,0.00013698630136986303,0.0002465753424657534,0.34782608695652173,0.21739130434782605,0.17391304347826086,0.26086956521739124,1.1102230246251565e-16,0.0033397248934952223,104607.28097406571,348.196659259178
2021-02-22 00:00:00+00:00,-0.0156229787106582,0.2699307445558359,0.8111780857142858,0.002184735,bybit,0.5113168294640914,0.0043154937160354,BTCUSDT_210326,0.00013698630136986303,0.0002465753424657534,0.34782608695652173,0.21739130434782605,0.17391304347826086,0.26086956521739124,1.1102230246251565e-16,-0.004144292511579542,104173.75780286819,-433.52317119752115
2021-02-23 00:00:00+00:00,-0.0220820641327057,0.2291972802712809,0.8004147571428573,0.0012749699999999998,bybit,0.4714879247516371,0.001328465361723,BTCUSDT_210326,0.00013698630136986303,0.0002465753424657534,0.34782608695652173,0.21739130434782605,0.17391304347826086,0.26086956521739124,1.1102230246251565e-16,-0.007108189111302568,103433.27103197038,-740.4867708978127
2021-02-24 00:00:00+00:00,0.0029806799263659,0.1893186237563276,0.6646277178571427,0.000163505,bybit,0.4476882289708154,0.002210615948885,BTCUSDT_210326,0.00013698630136986303,0.0002465753424657534,0.34782608695652173,0.21739130434782605,0.17391304347826086,0.26086956521739124,1.1102230246251565e-16,0.0015210817504896401,103590.60149293055,157.33046096017642
2021-02-25 00:00:00+00:00,-0.0098557255572055,0.1880919231293058,0.551778842857143,0.000375835,bybit,0.4300066930221421,0.0033536751814653,BTCUSDT_210326,0.00013698630136986303,0.0002465753424657534,0.34782608695652173,0.21739130434782605,0.17391304347826086,0.26086956521739124,1.1102230246251565e-16,-0.002698803333782099,103311.03083227293,-279.57066065762774
2021-02-26 00:00:00+00:00,-0.002916762076037,0.170769968251821,0.4436019678571429,0.0005898499999999999,bybit,0.3640922946109853,-0.0003613036058834,BTCUSDT_210326,0.00013698630136986303,0.0002465753424657534,0.34782608695652173,0.21739130434782605,0.17391304347826086,0.26086956521739124,1.1102230246251565e-16,-0.000884809085958047,103219.62029351285,-91.41053876007209
2021-02-27 00:00:00+00:00,-0.0006160837962334,0.1648743440043039,0.3788381928571428,0.00031205500000000005,bybit,0.388777660729751,0.0047556273604354,BTCUSDT_210326,0.00013698630136986303,0.0002465753424657534,0.34782608695652173,0.21739130434782605,0.17391304347826086,0.26086956521739124,1.1102230246251565e-16,0.0007449376576812575,103296.51247568105,76.89218216820154
2021-02-28 00:00:00+00:00,-0.0034219167199775,0.1623425372200071,0.26656575714285713,0.00021127,bybit,0.2760188353885207,-0.0024762017438097,BTCUSDT_210326,0.00013698630136986303,0.0002465753424657534,0.34782608695652173,0.21739130434782605,0.17391304347826086,0.26086956521739124,1.1102230246251565e-16,-0.0015106234208810555,103140.47034463995,-156.04213104110386
2021-03-01 00:00:00+00:00,0.0166277327003668,0.1686972610034127,0.16729853214285714,0.00028098,bybit,0.3271049304626636,0.0013826196083935,BTCUSDT_210326,0.00013698630136986303,0.0002465753424657534,0.34782608695652173,0.21739130434782605,0.17391304347826086,0.26086956521739124,1.1102230246251565e-16,0.00614942139527404,103774.7245596959,634.2542150559457
2021-03-02 00:00:00+00:00,-0.0042213134130348,0.1817475097583572,0.10898274285714285,0.000156585,bybit,0.3057480735016281,-0.0002258433774113,BTCUSDT_210326,0.00013698630136986303,0.0002465753424657534,0.34782608695652173,0.21739130434782605,0.17391304347826086,0.26086956521739124,1.1102230246251565e-16,-0.0014091958156143079,103628.48565207985,-146.23890761604707
2021-03-03 00:00:00+00:00,0.0070262610472412,0.1784425145501909,0.10827855357142857,0.00015000000000000001,bybit,0.3138430962276782,0.0038542686830043,BTCUSDT_210326,0.00013698630136986303,0.0002465753424657534,0.34782608695652173,0.21739130434782605,0.17391304347826086,0.26086956521739124,1.1102230246251565e-16,0.003211157181075709,103961.25300794555,332.767355865697
2021-03-04 00:00:00+00:00,-0.0072998779607771,0.1857910109726405,0.11128119999999997,0.00043342,bybit,0.2083925976225554,-0.0006127247044853,BTCUSDT_210326,0.00013698630136986303,0.0002465753424657534,0.34782608695652173,0.21739130434782605,0.17391304347826086,0.26086956521739124,1.1102230246251565e-16,-0.0024871030630158036,103702.69065715451,-258.562350791035
2021-03-05 00:00:00+00:00,0.0013553677063334,0.1755868469216114,0.10709465000000001,0.00050956,bybit,0.2377595233753508,0.0005291096455898,BTCUSDT_210326,0.00013698630136986303,0.0002465753424657534,0.34782608695652173,0.21739130434782605,0.17391304347826086,0.26086956521739124,1.1102230246251565e-16,0.0007385492299052574,103779.28019947847,76.58954232395627
2021-03-06 00:00:00+00:00,0.0004655822438822,0.174533906720181,0.09864463928571428,0.00015000000000000001,bybit,0.2297201230713849,-0.0021741042751757,BTCUSDT_210326,0.00013698630136986303,0.0002465753424657534,0.34782608695652173,0.21739130434782605,0.17391304347826086,0.26086956521739124,1.1102230246251565e-16,-0.00011923074325437736,103766.90651876587,-12.373680712596979
2021-03-07 00:00:00+00:00,0.0075266543202684,0.1761319894293691,0.10789478214285714,0.00038867000000000003,bybit,0.3120048695704245,8.848038374194331e-05,BTCUSDT_210326,0.00013698630136986303,0.0002465753424657534,0.34782608695652173,0.21739130434782605,0.17391304347826086,0.26086956521739124,1.1102230246251565e-16,0.0027821720935612823,104055.60391031756,288.69739155168645
2021-03-08 00:00:00+00:00,0.005093834355012,0.1855177074533043,0.12976219285714286,0.0007003549999999999,bybit,0.3170214584082078,-0.0016264386349485,BTCUSDT_210326,0.00013698630136986303,0.0002465753424657534,0.34782608695652173,0.21739130434782605,0.17391304347826086,0.26086956521739124,1.1102230246251565e-16,0.0017054846676128922,104233.06914736584,177.46523704827996
2021-03-09 00:00:00+00:00,0.0091828680872421,0.1918651388434629,0.15298453571428572,0.000601945,bybit,0.3869709277182606,-0.0008600788929479,BTCUSDT_210326,0.00013698630136986303,0.0002465753424657534,0.34782608695652173,0.21739130434782605,0.17391304347826086,0.26086956521739124,1.1102230246251565e-16,0.0032396437469973793,104570.74715805946,337.6780106936203
2021-03-10 00:00:00+00:00,0.0035504833384014,0.2023941087824491,0.22896710714285715,0.0016072,bybit,0.4425989148205094,-0.0017146333703301,BTCUSDT_210326,0.00013698630136986303,0.0002465753424657534,0.34782608695652173,0.21739130434782605,0.17391304347826086,0.26086956521739124,1.1102230246251565e-16,0.001350468925247188,104711.96670258629,141.21954452682985
2021-03-11 00:00:00+00:00,0.0068597086241825,0.1995074198929921,0.27992918928571436,0.001410775,bybit,0.5370730399144975,0.0022965681641786,BTCUSDT_210326,0.00013698630136986303,0.0002465753424657534,0.34782608695652173,0.21739130434782605,0.17391304347826086,0.26086956521739124,1.1102230246251565e-16,0.0031564029871725616,105042.47986707905,330.51316449276055
2021-03-12 00:00:00+00:00,-0.0020272125747522,0.2106375056212555,0.3518670392857143,0.00188919,bybit,0.4600771724942402,-0.0051801134254615,BTCUSDT_210326,0.00013698630136986303,0.0002465753424657534,0.34782608695652173,0.21739130434782605,0.17391304347826086,0.26086956521739124,1.1102230246251565e-16,-0.0011309892280464817,104923.67795386208,-118.80191321697203
2021-03-13 00:00:00+00:00,0.0145833957807552,0.210380261020783,0.38227753571428574,0.0007332150000000001,bybit,0.735374107609429,0.0023077907426555,BTCUSDT_210326,0.00013698630136986303,0.0002465753424657534,0.34782608695652173,0.21739130434782605,0.17391304347826086,0.26086956521739124,1.1102230246251565e-16,0.005697558968324266,105521.48679617768,597.8088423156005
2021-03-14 00:00:00+00:00,-0.0079059675387506,0.2176005929339765,0.48162427857142864,0.00229395,bybit,0.6809721894126988,0.0057140013000202,BTCUSDT_210326,0.00013698630136986303,0.0002465753424657534,0.34782608695652173,0.21739130434782605,0.17391304347826086,0.26086956521739124,1.1102230246251565e-16,-0.0011931536110925858,105395.58345315896,-125.9033430187119
2021-03-15 00:00:00+00:00,-0.0130259901875399,0.228119277646126,0.6072155642857143,0.003108955,bybit,0.3856727264879757,0.0,BTCUSDT_210326,0.00013698630136986303,0.0002465753424657534,0.34782608695652173,0.21739130434782605,0.17391304347826086,0.26086956521739124,1.1102230246251565e-16,-0.003790595410674986,104996.07143821601,-399.51201494295674
2021-03-16 00:00:00+00:00,0.0052153340894459,0.224101580335896,0.6337067428571428,0.0011099950000000001,bybit,0.2412014266808068,-0.0037994292693856,BTCUSDT_210625,0.00013698630136986303,0.0002465753424657534,0.34782608695652173,0.21739130434782605,0.17391304347826086,0.26086956521739124,1.1102230246251565e-16,0.0014588862040356225,105149.24875831517,153.17732009915926
2021-03-17 00:00:00+00:00,0.0081742273715166,0.2314596244198922,0.5680140428571427,0.00034734,bybit,0.2585557900068522,0.0021420580221978,BTCUSDT_210625,0.00013698630136986303,0.0002465753424657534,0.34782608695652173,0.21739130434782605,0.17391304347826086,0.26086956521739124,1.1102230246251565e-16,0.0033555740485095007,105502.08484866883,352.8360903536668
2021-03-18 00:00:00+00:00,-0.0051943058591478,0.241258426522069,0.5044469464285715,0.00019168,bybit,0.2507560036993758,-0.0024749272136352,BTCUSDT_210625,0.00013698630136986303,0.0002465753424657534,0.34782608695652173,0.21739130434782605,0.17391304347826086,0.26086956521739124,1.1102230246251565e-16,-0.002131143637953421,105277.24475175278,-224.84009691605752
2021-03-19 00:00:00+00:00,0.0015867243102979,0.2398645289110811,0.4367965428571427,0.000591785,bybit,0.2699622442714357,-0.0017527999736688,BTCUSDT_210625,0.00013698630136986303,0.0002465753424657534,0.34782608695652173,0.21739130434782605,0.17391304347826086,0.26086956521739124,1.1102230246251565e-16,0.0004400422453261965,105323.57118691508,46.32643516230746
2021-03-20 00:00:00+00:00,0.0002981597207705,0.2420843524772757,0.4138085821428572,0.00029235000000000003,bybit,0.2855808756558264,0.0047939598927959,BTCUSDT_210625,0.00013698630136986303,0.0002465753424657534,0.34782608695652173,0.21739130434782605,0.17391304347826086,0.26086956521739124,1.1102230246251565e-16,0.0010653182344409619,105435.77430781694,112.20312090186053
2021-03-21 00:00:00+00:00,-0.0032071043195403,0.247577435276588,0.36953590714285717,0.001444885,bybit,0.2554015640551016,0.003779234601465,BTCUSDT_210625,0.00013698630136986303,0.0002465753424657534,0.34782608695652173,0.21739130434782605,0.17391304347826086,0.26086956521739124,1.1102230246251565e-16,-7.98269172029514e-05,105427.35769499103,-8.416612825909397
2021-03-22 00:00:00+00:00,-0.014259230883648,0.2501500233063204,0.2413492107142857,0.00065058,bybit,0.2428912833455831,0.0007390458228749,BTCUSDT_210625,0.00013698630136986303,0.0002465753424657534,0.34782608695652173,0.21739130434782605,0.17391304347826086,0.26086956521739124,1.1102230246251565e-16,-0.00462544833577782,104939.70889879527,-487.64879619576095
2021-03-23 00:00:00+00:00,0.0010696876660504,0.2306779143997656,0.24312676071428574,0.001144085,bybit,0.2385992037507369,0.0045339706434694,BTCUSDT_210625,0.00013698630136986303,0.0002465753424657534,0.34782608695652173,0.21739130434782605,0.17391304347826086,0.26086956521739124,1.1102230246251565e-16,0.0014736200416119705,105094.35015698944,154.6412581941695
2021-03-24 00:00:00+00:00,-0.0089056175325218,0.2372822327800822,0.24368729642857145,0.00035809000000000004,bybit,0.2135827729451105,0.0015642311769828,BTCUSDT_210625,0.00013698630136986303,0.0002465753424657534,0.34782608695652173,0.21739130434782605,0.17391304347826086,0.26086956521739124,1.1102230246251565e-16,-0.002683396239019508,104812.340373036,-282.0097839534428
2021-03-25 00:00:00+00:00,-0.0043548196622756,0.2245583116142226,0.24453305357142854,0.00020789999999999998,bybit,0.2074988429396313,-0.0031484324220208,BTCUSDT_210625,0.00013698630136986303,0.0002465753424657534,0.34782608695652173,0.21739130434782605,0.17391304347826086,0.26086956521739124,1.1102230246251565e-16,-0.0019527536926736296,104607.66768833478,-204.6726847012178
2021-03-26 00:00:00+00:00,0.0160804661843893,0.2210975815093658,0.22149712142857142,0.00015000000000000001,bybit,0.2190956931169626,-0.0046292097912988,BTCUSDT_210625,0.00013698630136986303,0.0002465753424657534,0.34782608695652173,0.21739130434782605,0.17391304347826086,0.26086956521739124,1.1102230246251565e-16,0.004885058363683205,105118.68225028107,511.01456194628554
2021-03-27 00:00:00+00:00,0.0033169447860382,0.2316856354236022,0.2137958821428571,0.000144655,bybit,0.2554041046651025,0.0002113150190067,BTCUSDT_210625,0.00013698630136986303,0.0002465753424657534,0.34782608695652173,0.21739130434782605,0.17391304347826086,0.26086956521739124,1.1102230246251565e-16,0.0012862411051794312,105253.89022031368,135.20797003261396
2021-03-28 00:00:00+00:00,-0.000170089675749,0.2344447365660793,0.14627687857142863,0.00015000000000000001,bybit,0.2567222758005234,-0.0055027436626475,BTCUSDT_210625,0.00013698630136986303,0.0002465753424657534,0.34782608695652173,0.21739130434782605,0.17391304347826086,0.26086956521739124,1.1102230246251565e-16,-0.000919227826164673,105157.13791561108,-96.7523047026043
2021-03-29 00:00:00+00:00,0.0079313505858984,0.238295052663594,0.1208066571428572,0.00016211,bybit,0.2954466056626714,-0.0037433545696773,BTCUSDT_210625,0.00013698630136986303,0.0002465753424657534,0.34782608695652173,0.21739130434782605,0.17391304347826086,0.26086956521739124,1.1102230246251565e-16,0.002207277759272718,105389.248927361,232.11101174991927
2021-03-30 00:00:00+00:00,0.0047053862145868,0.2445679586308801,0.12159401428571429,0.001159185,bybit,0.3240060917892592,-0.0027892692288247,BTCUSDT_210625,0.00013698630136986303,0.0002465753424657534,0.34782608695652173,0.21739130434782605,0.17391304347826086,0.26086956521739124,1.1102230246251565e-16,0.0014678865154865272,105543.9483847387,154.69945737770468
2021-03-31 00:00:00+00:00,-4.42030493168153e-05,0.2565127233635862,0.2006681357142857,0.00187458,bybit,0.3514859777643003,0.0002705967172591,BTCUSDT_210625,0.00013698630136986303,0.0002465753424657534,0.34782608695652173,0.21739130434782605,0.17391304347826086,0.26086956521739124,1.1102230246251565e-16,0.0005035267186650607,105597.09258274383,53.14419800513133
2021-04-01 00:00:00+00:00,-9.339495869985412e-05,0.2595398706285908,0.2864590392857143,0.0018532049999999997,bybit,0.3534181523804097,-0.0018522511071102,BTCUSDT_210625,0.00013698630136986303,0.0002465753424657534,0.34782608695652173,0.21739130434782605,0.17391304347826086,0.26086956521739124,1.1102230246251565e-16,0.00011257882420673413,105608.98057926644,11.887996522607864
2021-04-02 00:00:00+00:00,0.0010285342667025,0.2652888309081876,0.3521736392857143,0.0014102799999999999,bybit,0.3722670619361984,0.0047118736705896,BTCUSDT_210625,0.00013698630136986303,0.0002465753424657534,0.34782608695652173,0.21739130434782605,0.17391304347826086,0.26086956521739124,1.1102230246251565e-16,0.0015481139509031703,105772.47531544187,163.49473617543117
2021-04-03 00:00:00+00:00,-0.0091238351474429,0.2825621699496183,0.49140367142857133,0.0028148199999999996,bybit,0.3464659223165451,-0.001254383286528,BTCUSDT_210625,0.00013698630136986303,0.0002465753424657534,0.34782608695652173,0.21739130434782605,0.17391304347826086,0.26086956521739124,1.1102230246251565e-16,-0.0027154200987330734,105485.25861007758,-287.21670536429156
2021-04-04 00:00:00+00:00,0.0054850645336963,0.2728242000764826,0.5813347178571429,0.001874705,bybit,0.3547078801121446,-0.0075832432591245,BTCUSDT_210625,0.00013698630136986303,0.0002465753424657534,0.34782608695652173,0.21739130434782605,0.17391304347826086,0.26086956521739124,1.1102230246251565e-16,0.0010608921864289965,105597.16709672047,111.90848664288933
2021-04-05 00:00:00+00:00,0.0046851646844359,0.2960324012956608,0.6098795428571429,0.000709545,bybit,0.4207217599189534,0.0054249966894971,BTCUSDT_210625,0.00013698630136986303,0.0002465753424657534,0.34782608695652173,0.21739130434782605,0.17391304347826086,0.26086956521739124,1.1102230246251565e-16,0.0027916730994900054,105891.95986748672,294.79277076624567
2021-04-06 00:00:00+00:00,-0.0059204322308572,0.3065751221735671,0.6000289749999997,0.00097027,bybit,0.3838710195434994,0.0082693652393511,BTCUSDT_210625,0.00013698630136986303,0.0002465753424657534,0.34782608695652173,0.21739130434782605,0.17391304347826086,0.26086956521739124,1.1102230246251565e-16,-0.0003458780362895081,105855.33416434891,-36.62570313780452
2021-04-07 00:00:00+00:00,-0.0110838101350572,0.3150727371151519,0.6095301857142856,0.002056795,bybit,0.3236909148179698,-0.0056719469487583,BTCUSDT_210625,0.00013698630136986303,0.0002465753424657534,0.34782608695652173,0.21739130434782605,0.17391304347826086,0.26086956521739124,1.1102230246251565e-16,-0.004330210513943316,105396.95828339345,-458.3758809554565
2021-04-08 00:00:00+00:00,0.0115081642768685,0.3036075866349756,0.5465528249999999,0.0006454200000000001,bybit,0.3669928505105701,-0.0003975720726366,BTCUSDT_210625,0.00013698630136986303,0.0002465753424657534,0.34782608695652173,0.21739130434782605,0.17391304347826086,0.26086956521739124,1.1102230246251565e-16,0.004138329477356354,105833.12562268133,436.1673392878729
2021-04-09 00:00:00+00:00,0.0003339541569303,0.319236283175749,0.48083822499999995,0.00015000000000000001,bybit,0.3751082332238229,-0.0115329498848863,BTCUSDT_210625,0.00013698630136986303,0.0002465753424657534,0.34782608695652173,0.21739130434782605,0.17391304347826086,0.26086956521739124,1.1102230246251565e-16,-0.0017926397491003598,105643.40495491857,-189.7206677627546
2021-04-10 00:00:00+00:00,0.0090634306742796,0.3242411252122411,0.34570166785714274,0.00022316000000000003,bybit,0.4774634167557029,-0.0017877121517411,BTCUSDT_210625,0.00013698630136986303,0.0002465753424657534,0.34782608695652173,0.21739130434782605,0.17391304347826086,0.26086956521739124,1.1102230246251565e-16,0.0029544282105246488,105955.52081077326,312.11585585468856
2021-04-11 00:00:00+00:00,0.0012809238995576,0.3306057341783721,0.34277123928571424,0.001818505,bybit,0.49928112355894,0.0038729264798108,BTCUSDT_210625,0.00013698630136986303,0.0002465753424657534,0.34782608695652173,0.21739130434782605,0.17391304347826086,0.26086956521739124,1.1102230246251565e-16,0.0015787423552390662,106122.79727924865,167.2764684753929
2021-04-12 00:00:00+00:00,-0.0008694717668945,0.3524710889596827,0.3933586750000001,0.001679715,bybit,0.4689353988134476,-0.0089751085867023,BTCUSDT_210625,0.00013698630136986303,0.0002465753424657534,0.34782608695652173,0.21739130434782605,0.17391304347826086,0.26086956521739124,1.1102230246251565e-16,-0.0014338339750943774,105970.63480697761,-152.16247227104031
2021-04-13 00:00:00+00:00,0.022181212001297,0.3575293490087337,0.4295353892857142,0.0016640700000000001,bybit,0.5320880849390484,0.0090572552103814,BTCUSDT_210625,0.00013698630136986303,0.0002465753424657534,0.34782608695652173,0.21739130434782605,0.17391304347826086,0.26086956521739124,1.1102230246251565e-16,0.009716457343769394,107000.29395977178,1029.6591527941637
2021-04-14 00:00:00+00:00,-0.0038363541169123,0.3910782153707778,0.4244608464285715,0.0015193049999999999,binance,0.4520237378413294,-0.0020588622564368,BTCUSDT_210625,0.00013698630136986303,0.0002465753424657534,0.34782608695652173,0.21739130434782605,0.17391304347826086,0.26086956521739124,1.1102230246251565e-16,-0.001297839343750047,106861.42476847795,-138.86919129382295
2021-04-15 00:00:00+00:00,0.0012030657504811,0.3821013752257942,0.50998165,0.00270989,bybit,0.4780368834822305,0.0070702998955984,BTCUSDT_210625,0.00013698630136986303,0.0002465753424657534,0.34782608695652173,0.21739130434782605,0.17391304347826086,0.26086956521739124,1.1102230246251565e-16,0.0023015055496103005,107107.36693062187,245.94216214391054
2021-04-16 00:00:00+00:00,-0.0115665331186167,0.3993615802991128,0.6234335571428571,0.0023257900000000003,bybit,0.4233672051941615,0.0041196840945107,BTCUSDT_210625,0.00013698630136986303,0.0002465753424657534,0.34782608695652173,0.21739130434782605,0.17391304347826086,0.26086956521739124,1.1102230246251565e-16,-0.0027367446311346204,106814.24141921951,-293.12551140235155
2021-04-17 00:00:00+00:00,-0.0082958016971247,0.3818985180695958,0.725629125,0.002183075,bybit,0.3944595000196523,0.0146479574100608,BTCUSDT_210625,0.00013698630136986303,0.0002465753424657534,0.34782608695652173,0.21739130434782605,0.17391304347826086,0.26086956521739124,1.1102230246251565e-16,0.00020088013556696178,106835.69827851631,21.45685929679894
2021-04-18 00:00:00+00:00,-0.023544176251509,0.365958173292998,0.7601896714285714,0.00248131,bybit,0.2597013444563102,-0.0016925197341906,BTCUSDT_210625,0.00013698630136986303,0.0002465753424657534,0.34782608695652173,0.21739130434782605,0.17391304347826086,0.26086956521739124,1.1102230246251565e-16,-0.007879890734523476,105993.8446495351,-841.8536289812182
2021-04-19 00:00:00+00:00,-0.0029136991797309,0.3069061471818685,0.6788929607142857,0.0001206,bybit,0.2846385145321335,0.0022887437236151,BTCUSDT_210625,0.00013698630136986303,0.0002465753424657534,0.34782608695652173,0.21739130434782605,0.17391304347826086,0.26086956521739124,1.1102230246251565e-16,-0.000524876803851838,105938.21093912747,-55.63371040762286
2021-04-20 00:00:00+00:00,0.0042413989198221,0.2988354474919062,0.599945025,0.00015000000000000001,bybit,0.2599364938709199,0.0017858218874612,BTCUSDT_210625,0.00013698630136986303,0.0002465753424657534,0.34782608695652173,0.21739130434782605,0.17391304347826086,0.26086956521739124,1.1102230246251565e-16,0.0018827796070963528,106137.66924229593,199.45830316845968
2021-04-21 00:00:00+00:00,-0.0139963933854069,0.2994257664457878,0.5277203892857142,0.00015000000000000001,bybit,0.2558375053320452,0.0039695930086527,BTCUSDT_210625,0.00013698630136986303,0.0002465753424657534,0.34782608695652173,0.21739130434782605,0.17391304347826086,0.26086956521739124,1.1102230246251565e-16,-0.004081014043210864,105704.51992360446,-433.14931869147404
2021-04-22 00:00:00+00:00,-0.0108540734614765,0.2776091076725592,0.39424041071428556,0.00015000000000000001,bybit,0.2232595711609922,0.0042790847761387,BTCUSDT_210625,0.00013698630136986303,0.0002465753424657534,0.34782608695652173,0.21739130434782605,0.17391304347826086,0.26086956521739124,1.1102230246251565e-16,-0.0029342085448896818,105394.36081801115,-310.1591055933095
2021-04-23 00:00:00+00:00,-0.0028087666505684,0.2532606722687087,0.30510011071428567,0.00061625,bybit,0.1791816880870919,7.726140212038006e-05,BTCUSDT_210625,0.00013698630136986303,0.0002465753424657534,0.34782608695652173,0.21739130434782605,0.17391304347826086,0.26086956521739124,1.1102230246251565e-16,-0.0007652341539683112,105313.70945347754,-80.65136453360901
2021-04-24 00:00:00+00:00,-0.0051542834902045,0.2439421207259509,0.19908977142857145,0.00015000000000000001,bybit,0.1850616104704569,-0.0009947482248984,BTCUSDT_210625,0.00013698630136986303,0.0002465753424657534,0.34782608695652173,0.21739130434782605,0.17391304347826086,0.26086956521739124,1.1102230246251565e-16,-0.0018688612507145688,105116.89274271092,-196.81671076662315
2021-04-25 00:00:00+00:00,-0.0046624700726595,0.2373441606908921,0.08189791785714284,0.00023379500000000002,bybit,0.2039986850036605,-0.0040809696664361,BTCUSDT_210625,0.00013698630136986303,0.0002465753424657534,0.34782608695652173,0.21739130434782605,0.17391304347826086,0.26086956521739124,1.1102230246251565e-16,-0.0022163135735750383,104883.92074651322,-232.97199619769526
2021-04-26 00:00:00+00:00,0.0229914834024881,0.2287412213578896,0.08142315714285712,0.00015000000000000001,binance,0.2335613182055743,0.0008377562133122,BTCUSDT_210625,0.00013698630136986303,0.0002465753424657534,0.34782608695652173,0.21739130434782605,0.17391304347826086,0.26086956521739124,1.1102230246251565e-16,0.008239667135997743,105748.12934138284,864.2085948696185
2021-04-27 00:00:00+00:00,0.0044614075107945,0.2392415821151596,0.08142315714285711,0.00015000000000000001,binance,0.2229816559830803,-0.00101841471956,BTCUSDT_210625,0.00013698630136986303,0.0002465753424657534,0.34782608695652173,0.21739130434782605,0.17391304347826086,0.26086956521739124,1.1102230246251565e-16,0.001471611011430892,105903.74945295983,155.62011157699453
2021-04-28 00:00:00+00:00,-0.0007558803528819,0.2470080901235801,0.08142315714285711,0.00015000000000000001,binance,0.2403683709054903,0.0016106852942645,BTCUSDT_210625,0.00013698630136986303,0.0002465753424657534,0.34782608695652173,0.21739130434782605,0.17391304347826086,0.26086956521739124,1.1102230246251565e-16,0.00011413697429553565,105915.83698648897,12.087533529134816
2021-04-29 00:00:00+00:00,-0.0057862888392353,0.2456964439923763,0.08142315714285711,0.00015000000000000001,binance,0.2293569326172303,-0.0031745868733078,BTCUSDT_210625,0.00013698630136986303,0.0002465753424657534,0.34782608695652173,0.21739130434782605,0.17391304347826086,0.26086956521739124,1.1102230246251565e-16,-0.00246779157183996,105654.45877664934,-261.3782098396332
2021-04-30 00:00:00+00:00,0.0181061815298935,0.2344803714142425,0.07161560714285713,0.00015000000000000001,binance,0.2551175452209432,-0.0010997625934082,BTCUSDT_210625,0.00013698630136986303,0.0002465753424657534,0.34782608695652173,0.21739130434782605,0.17391304347826086,0.26086956521739124,1.1102230246251565e-16,0.006203471909578683,106309.88324379202,655.4244671426859
2021-05-01 00:00:00+00:00,0.0004357722315923,0.2479370323318362,0.07142606785714284,0.00026852500000000004,binance,0.2738492850478289,0.0025548279362225,BTCUSDT_210625,0.00013698630136986303,0.0002465753424657534,0.34782608695652173,0.21739130434782605,0.17391304347826086,0.26086956521739124,1.1102230246251565e-16,0.0007185898544531705,106386.27644731913,76.39320352711366
2021-05-02 00:00:00+00:00,-0.0052501026661325,0.2482725556265773,0.09418486071428572,0.0008356499999999998,bybit,0.2496620590755242,-0.0002529242264822,BTCUSDT_210625,0.00013698630136986303,0.0002465753424657534,0.34782608695652173,0.21739130434782605,0.17391304347826086,0.26086956521739124,1.1102230246251565e-16,-0.0016241224426171426,106213.49210815456,-172.78433916457288
2021-05-03 00:00:00+00:00,0.0025343755721757,0.2432679708603574,0.11401374642857141,0.000474405,bybit,0.255189883957132,0.0053701814904794,BTCUSDT_210625,0.00013698630136986303,0.0002465753424657534,0.34782608695652173,0.21739130434782605,0.17391304347826086,0.26086956521739124,1.1102230246251565e-16,0.001982922069309466,106424.10518571426,210.61307755969756
2021-05-04 00:00:00+00:00,-0.0174180848674598,0.250705029175835,0.15920830714285714,0.0008835399999999999,bybit,0.1984898231583616,-0.0083458630928828,BTCUSDT_210625,0.00013698630136986303,0.0002465753424657534,0.34782608695652173,0.21739130434782605,0.17391304347826086,0.26086956521739124,1.1102230246251565e-16,-0.0072535208372354375,105652.15572116555,-771.9494645487139
2021-05-05 00:00:00+00:00,0.0183931350276274,0.2313587499755683,0.19702387142857142,0.000865085,bybit,0.2981052662296435,0.003161512853151,BTCUSDT_210625,0.00013698630136986303,0.0002465753424657534,0.34782608695652173,0.21739130434782605,0.17391304347826086,0.26086956521739124,1.1102230246251565e-16,0.007199826464713814,106412.83290798085,760.677186815301
2021-05-06 00:00:00+00:00,-0.0043409471878551,0.238581798731357,0.21668616071428576,0.000527085,bybit,0.2626767041980592,0.0007311989570462,BTCUSDT_210625,0.00013698630136986303,0.0002465753424657534,0.34782608695652173,0.21739130434782605,0.17391304347826086,0.26086956521739124,1.1102230246251565e-16,-0.0012038219399939773,106284.73080502929,-128.10210295155412
2021-05-07 00:00:00+00:00,0.0038395245485876,0.2353743360258587,0.2520439714285714,0.001097955,bybit,0.2530116771059485,-0.0054741580483208,BTCUSDT_210625,0.00013698630136986303,0.0002465753424657534,0.34782608695652173,0.21739130434782605,0.17391304347826086,0.26086956521739124,1.1102230246251565e-16,0.0006864691847918312,106357.69199754084,72.96119251154596
2021-05-08 00:00:00+00:00,0.0064133900869092,0.2376921863925108,0.2812742142857143,0.00071058,bybit,0.3325576673198889,0.0020666116793417,BTCUSDT_210625,0.00013698630136986303,0.0002465753424657534,0.34782608695652173,0.21739130434782605,0.17391304347826086,0.26086956521739124,1.1102230246251565e-16,0.002808953020323257,106656.44575771193,298.75376017109375
2021-05-09 00:00:00+00:00,-0.0028840326135126,0.2688454111890598,0.2698520607142857,0.0006165950000000001,bybit,0.3108151628687501,0.0043363042153925,BTCUSDT_210625,0.00013698630136986303,0.0002465753424657534,0.34782608695652173,0.21739130434782605,0.17391304347826086,0.26086956521739124,1.1102230246251565e-16,-5.063552137983815e-05,106651.04515297248,-5.4006047394505
2021-05-10 00:00:00+00:00,-0.0111163161190819,0.2669432992045377,0.2879179964285714,0.0011122100000000002,binance,0.2595629539038896,-0.0010500546974405,BTCUSDT_210625,0.00013698630136986303,0.0002465753424657534,0.34782608695652173,0.21739130434782605,0.17391304347826086,0.26086956521739124,1.1102230246251565e-16,-0.0037430541603314204,106251.84451470895,-399.20063826353
2021-05-11 00:00:00+00:00,0.0037543163111659,0.2473336394991431,0.314135425,0.00146303,bybit,0.2781106796464478,0.0069842925765686,BTCUSDT_210625,0.00013698630136986303,0.0002465753424657534,0.34782608695652173,0.21739130434782605,0.17391304347826086,0.26086956521739124,1.1102230246251565e-16,0.002902882732625918,106560.28115946034,308.4366447513894
2021-05-12 00:00:00+00:00,-0.0315239878548299,0.2537288697449907,0.2838198285714285,0.00028369,bybit,0.1924601239701065,-0.0015932479732555,BTCUSDT_210625,0.00013698630136986303,0.0002465753424657534,0.34782608695652173,0.21739130434782605,0.17391304347826086,0.26086956521739124,1.1102230246251565e-16,-0.01111595620334203,105375.76174107597,-1184.5194183843705
2021-05-13 00:00:00+00:00,0.0001002388195192,0.2091583232028546,0.29769530357142854,0.00079319,bybit,0.2238053080941649,0.0016073775084319,BTCUSDT_210625,0.00013698630136986303,0.0002465753424657534,0.34782608695652173,0.21739130434782605,0.17391304347826086,0.26086956521739124,1.1102230246251565e-16,0.0005511662019424226,105433.8412994516,58.07955837562622
2021-05-14 00:00:00+00:00,0.0007086065012582,0.2072801023280799,0.27618585357142855,0.000685445,bybit,0.2005080730042591,0.0018362226620614,BTCUSDT_210625,0.00013698630136986303,0.0002465753424657534,0.34782608695652173,0.21739130434782605,0.17391304347826086,0.26086956521739124,1.1102230246251565e-16,0.0007791486831785095,105515.9899380625,82.14863861090271
2021-05-15 00:00:00+00:00,-0.0128172927112109,0.207511278549681,0.2603625821428571,0.00040711999999999996,bybit,0.184074143186165,0.0006983086410856,BTCUSDT_210625,0.00013698630136986303,0.0002465753424657534,0.34782608695652173,0.21739130434782605,0.17391304347826086,0.26086956521739124,1.1102230246251565e-16,-0.004183915437850012,105074.51995882062,-441.46997924188327
2021-05-16 00:00:00+00:00,-0.0013920942312981,0.1933942384727612,0.2454604142857143,0.0003308,bybit,0.1771879004555094,0.0004667090229692,BTCUSDT_210625,0.00013698630136986303,0.0002465753424657534,0.34782608695652173,0.21739130434782605,0.17391304347826086,0.26086956521739124,1.1102230246251565e-16,-0.00026680285668319477,105046.48577673099,-28.034182089628302
2021-05-17 00:00:00+00:00,-0.0119121085225141,0.191098963622019,0.2366102071428571,0.000574455,bybit,0.1844923045073538,0.0026958034858711,BTCUSDT_210625,0.00013698630136986303,0.0002465753424657534,0.34782608695652173,0.21739130434782605,0.17391304347826086,0.26086956521739124,1.1102230246251565e-16,-0.0034853011818188643,104680.36713570743,-366.1186410235532
2021-05-18 00:00:00+00:00,-0.0027708821798343,0.1736225335058444,0.17314061785714285,0.00024580500000000004,bybit,0.1397690649569394,0.0026967466344051,BTCUSDT_210625,0.00013698630136986303,0.0002465753424657534,0.34782608695652173,0.21739130434782605,0.17391304347826086,0.26086956521739124,1.1102230246251565e-16,-0.0003770258194025861,104640.89993451274,-39.46720119469683
2021-05-19 00:00:00+00:00,-0.0242829121143922,0.1688741217926799,0.18562309642857144,0.00052308,bybit,0.1055072806205069,-0.0004585706930671,BTCUSDT_210625,0.00013698630136986303,0.0002465753424657534,0.34782608695652173,0.21739130434782605,0.17391304347826086,0.26086956521739124,1.1102230246251565e-16,-0.008347944679678762,103767.36349062761,-873.5364438851248
2021-05-20 00:00:00+00:00,-0.000253311182689,0.0,0.11322925714285714,0.00015000000000000001,binance,0.1065909979213667,0.0016121494404667,BTCUSDT_210625,0.00013698630136986303,0.0002465753424657534,0.0,0.25,0.2,0.3,0.25,0.0004681490661755318,103815.94208494524,48.57859431763063
2021-05-21 00:00:00+00:00,-0.0112563095252198,0.1367685057137915,0.09399297499999998,8.272499999999999e-05,binance,0.0826934094102763,0.0002713947515852,BTCUSDT_210625,0.00013698630136986303,0.0002465753424657534,0.34782608695652173,0.21739130434782605,0.17391304347826086,0.26086956521739124,1.1102230246251565e-16,-0.003785731310461873,103422.92282246916,-393.0192624760821
2021-05-22 00:00:00+00:00,-0.0002051527585706,0.0,0.08233278928571428,-2.2239999999999997e-05,binance,0.0788798979953372,-7.316474644814797e-05,BTCUSDT_210625,0.00013698630136986303,0.0002465753424657534,0.0,0.25,0.2,0.3,0.25,8.802622879256218e-05,103432.02675233594,9.103929866774706
2021-05-23 00:00:00+00:00,-0.0,0.0,0.05769528928571428,-6.87e-06,binance,0.0895725493513712,9.435799770598789e-05,BTCUSDT_210625,0.00013698630136986303,0.0002465753424657534,0.0,0.0,0.2,0.3,0.5,0.00016133735296585512,103448.71420174406,16.687449408127577
2021-05-24 00:00:00+00:00,0.0,0.0,0.018683828571428578,-8.175e-05,binance,0.0805893343796534,-0.001283241258378,BTCUSDT_210625,0.00013698630136986303,0.0002465753424657534,0.0,0.0,0.2,0.3,0.5,-0.00011418249825094247,103436.90216911568,-11.81203262838244
2021-05-25 00:00:00+00:00,-0.0,0.0,0.007215007142857135,0.00014649,bybit,0.1148026820590285,0.0008309258358574,BTCUSDT_210625,0.00013698630136986303,0.0002465753424657534,0.0,0.0,0.2,0.3,0.5,0.00030865092059613756,103468.82806419377,31.925895078093163
2021-05-26 00:00:00+00:00,0.0,0.0,0.021997246428571437,0.00015000000000000001,binance,0.0961101281767369,0.0008367329724776,BTCUSDT_210625,0.00013698630136986303,0.0002465753424657534,0.0,0.0,0.2,0.3,0.5,0.00030981234792017755,103500.88398475287,32.05592055909801
2021-05-27 00:00:00+00:00,-0.0,0.0,0.047073528571428574,0.000164,bybit,0.0798095942163871,0.0011407999692706,BTCUSDT_210625,0.00013698630136986303,0.0002465753424657534,0.0,0.0,0.2,0.3,0.5,0.00037062574727877756,103539.24407722375,38.3600924708735
2021-05-28 00:00:00+00:00,-0.0,0.0,0.036908017857142865,-4.4955e-05,bybit,0.0571709631174239,0.0010607486816349,BTCUSDT_210625,0.00013698630136986303,0.0002465753424657534,0.0,0.0,0.0,0.3,0.7,0.00016986301369863014,103556.83156525876,17.587488035016577
2021-05-29 00:00:00+00:00,-0.0,0.0,0.03804421071428572,0.00015000000000000001,bybit,0.0315450264012833,-0.00055309686564,BTCUSDT_210625,0.00013698630136986303,0.0002465753424657534,0.0,0.0,0.0,0.3,0.7,0.00016986301369863014,103574.4220407575,17.590475498742308
2021-05-30 00:00:00+00:00,0.0,0.0,0.04276366071428571,0.00015000000000000001,binance,0.0468837972643276,-0.0013475950772797,BTCUSDT_210625,0.00013698630136986303,0.0002465753424657534,0.0,0.0,0.0,0.3,0.7,0.00016986301369863014,103592.01550422743,17.593463469922426
2021-05-31 00:00:00+00:00,0.0,0.0,0.05484776785714286,0.00015000000000000001,binance,0.0842951096814005,-0.0009854025668783,BTCUSDT_210625,0.00013698630136986303,0.0002465753424657534,0.0,0.0,0.2,0.3,0.5,-5.461475995100245e-05,103586.35785116784,-5.657653059592121
2021-06-01 00:00:00+00:00,-0.0,0.0,0.05484776785714286,0.00015000000000000001,binance,0.1195799059168914,0.0002274270169124,BTCUSDT_210625,0.00013698630136986303,0.0002465753424657534,0.0,0.0,0.2,0.3,0.5,0.00018795115680713754,103605.82702695538,19.469175787540735
2021-06-02 00:00:00+00:00,0.0,0.0,0.05484776785714286,0.00015000000000000001,binance,0.1148207820288415,0.0005005499261619,BTCUSDT_210625,0.00013698630136986303,0.0002465753424657534,0.0,0.0,0.2,0.3,0.5,0.00024257573865703753,103630.95928697562,25.13226002024021
2021-06-03 00:00:00+00:00,0.0,0.0,0.05484776785714286,0.00015000000000000001,binance,0.0990082709485744,0.0009454276387954,BTCUSDT_210625,0.00013698630136986303,0.0002465753424657534,0.0,0.0,0.2,0.3,0.5,0.00033155128118373756,103665.3182642975,34.358977321884595
2021-06-04 00:00:00+00:00,-0.0,0.0,0.057602475,0.00020283,binance,0.0755098531307497,0.002070379320644,BTCUSDT_210625,0.00013698630136986303,0.0002465753424657534,0.0,0.0,0.2,0.3,0.5,0.0005565416175534575,103723.01232820851,57.694063911010744
2021-06-05 00:00:00+00:00,-0.0,0.0,0.05750470714285714,0.00015000000000000001,binance,0.0038542006915738,-0.000116717164322,BTCUSDT_210625,0.00013698630136986303,0.0002465753424657534,0.0,0.0,0.0,0.3,0.7,0.00016986301369863014,103740.63103167248,17.61870346397336
2021-06-06 00:00:00+00:00,0.0,0.0,0.05750470714285713,0.00015000000000000001,binance,0.0084738960671178,0.0002748886686923,BTCUSDT_210625,0.00013698630136986303,0.0002465753424657534,0.0,0.0,0.0,0.3,0.7,0.00016986301369863014,103758.25272790251,17.6216962300241
2021-06-07 00:00:00+00:00,-0.0,0.0,0.05750470714285713,0.00015000000000000001,binance,-0.0023509387909483,0.0002759830106527,BTCUSDT_210625,0.00013698630136986303,0.0002465753424657534,0.0,0.0,0.0,0.3,0.7,0.00016986301369863014,103775.87741740697,17.624689504460548
2021-06-08 00:00:00+00:00,-0.0,0.0,0.05516218928571427,0.000105075,binance,-0.0144141464018656,-0.00160810956954,BTCUSDT_210625,0.00013698630136986303,0.0002465753424657534,0.0,0.0,0.0,0.3,0.7,0.00016986301369863014,103793.50510069431,17.627683287340915
2021-06-09 00:00:00+00:00,0.0,0.0,0.04467130714285714,-5.1194999999999993e-05,binance,0.051832654417653,-0.0013002817745242,BTCUSDT_210625,0.00013698630136986303,0.0002465753424657534,0.0,0.0,0.0,0.3,0.7,0.00016986301369863014,103811.13577827306,17.63067757875251
2021-06-10 00:00:00+00:00,-0.0,0.0,0.03665017142857144,-3.830000000000002e-06,binance,0.1208714284727518,0.0002939274266463,BTCUSDT_210625,0.00013698630136986303,0.0002465753424657534,0.0,0.0,0.2,0.3,0.5,0.00020125123875391752,103832.02789794488,20.892119671814726
2021-06-11 00:00:00+00:00,0.0,0.0,0.030607335714285717,8.694e-05,binance,0.1121717320416098,0.0008133776992272,BTCUSDT_210625,0.00013698630136986303,0.0002465753424657534,0.0,0.0,0.2,0.3,0.5,0.00030514129327009754,103863.71133722052,31.68343927564274
2021-06-12 00:00:00+00:00,-0.0,0.0,0.02315247142857143,7.0300000000000055e-06,binance,0.0789004435690383,-0.0004014503978072,BTCUSDT_210625,0.00013698630136986303,0.0002465753424657534,0.0,0.0,0.2,0.3,0.5,6.217567386321753e-05,103870.16913346286,6.457796242335462
2021-06-13 00:00:00+00:00,0.0,0.0,0.016877860714285715,2.9664999999999995e-05,binance,0.1001116206144607,0.0003193187593107,BTCUSDT_210625,0.00013698630136986303,0.0002465753424657534,0.0,0.0,0.2,0.3,0.5,0.00020632950528679753,103891.60061407421,21.431480611354345
2021-06-14 00:00:00+00:00,0.0,0.0,0.013451032142857141,8.428e-05,binance,0.0847720756268668,4.504361085382515e-05,BTCUSDT_210625,0.00013698630136986303,0.0002465753424657534,0.0,0.0,0.2,0.3,0.5,0.00015147447559542258,103907.33753979599,15.736925721779699
2021-06-15 00:00:00+00:00,-0.0,0.0,0.015272642857142858,0.00014001,binance,0.0907952961386054,0.0005750542297188,BTCUSDT_210625,0.00013698630136986303,0.0002465753424657534,0.0,0.0,0.2,0.3,0.5,0.00025747659936841755,103934.09124771516,26.753707919167937
2021-06-16 00:00:00+00:00,-0.0,0.0,0.025763525000000006,0.00015000000000000001,binance,0.0567792435261712,-0.0003851468395142,BTCUSDT_210625,0.00013698630136986303,0.0002465753424657534,0.0,0.0,0.0,0.3,0.7,0.00016986301369863014,103951.74580568052,17.654557965361164
2021-06-17 00:00:00+00:00,-0.0,0.0,0.03378466071428572,0.00015000000000000001,binance,0.0996868647942078,0.0,BTCUSDT_210625,0.00013698630136986303,0.0002465753424657534,0.0,0.0,0.2,0.3,0.5,0.00014246575342465755,103966.55536946653,14.809563786009676
2021-06-18 00:00:00+00:00,-0.0,0.0,0.033341185714285716,7.8435e-05,binance,0.0333313171968275,-0.0028467441507275,BTCUSDT_210924,0.00013698630136986303,0.0002465753424657534,0.0,0.0,0.0,0.3,0.7,0.00016986301369863014,103984.21544188545,17.6600724189193
2021-06-19 00:00:00+00:00,-0.0,0.0,0.03110503928571428,-3.5855e-05,binance,0.0518222842103481,-0.0009928496786695,BTCUSDT_210924,0.00013698630136986303,0.0002465753424657534,0.0,0.0,0.0,0.3,0.7,0.00016986301369863014,104001.8785140975,17.663072212046245
2021-06-20 00:00:00+00:00,0.0,0.0,0.034846289285714295,5.1065000000000007e-05,bybit,0.0597159359677034,0.003339451283365,BTCUSDT_210924,0.00013698630136986303,0.0002465753424657534,0.0,0.0,0.0,0.3,0.7,0.00016986301369863014,104019.54458661222,17.666072514723055
2021-06-21 00:00:00+00:00,-0.0,0.0,0.04871889642857144,0.00015000000000000001,bybit,0.0390629283693262,0.0013165583270297,BTCUSDT_210924,0.00013698630136986303,0.0002465753424657534,0.0,0.0,0.0,0.3,0.7,0.00016986301369863014,104037.21365993925,17.66907332703704
2021-06-22 00:00:00+00:00,0.0,0.0,0.047446610714285714,0.00012560000000000002,bybit,0.028443711732533,-0.0019377376993105,BTCUSDT_210924,0.00013698630136986303,0.0002465753424657534,0.0,0.0,0.0,0.3,0.7,0.00016986301369863014,104054.88573458834,17.672074649090064
2021-06-23 00:00:00+00:00,0.0,0.0,0.026849921428571434,-0.000261735,bybit,0.0424345090318829,-0.0008266506958386,BTCUSDT_210924,0.00013698630136986303,0.0002465753424657534,0.0,0.0,0.0,0.3,0.7,0.00016986301369863014,104072.56081106928,17.675076480940334
2021-06-24 00:00:00+00:00,0.0,0.0,0.02589648928571429,0.000131715,bybit,0.0480496846495301,-0.0002631040683331,BTCUSDT_210924,0.00013698630136986303,0.0002465753424657534,0.0,0.0,0.0,0.3,0.7,0.00016986301369863014,104090.23888989197,17.678078822689713
2021-06-25 00:00:00+00:00,-0.0,0.0,0.0027799964285714325,-0.00029332999999999996,bybit,0.0556290749487084,0.0015466471633984,BTCUSDT_210924,0.00013698630136986303,0.0002465753424657534,0.0,0.0,0.0,0.3,0.7,0.00016986301369863014,104107.91997156641,17.681081674440065
2021-06-26 00:00:00+00:00,0.0,0.0,0.0027799964285714273,0.00015000000000000001,bybit,0.0427556466921592,-0.0001379955488304,BTCUSDT_210924,0.00013698630136986303,0.0002465753424657534,0.0,0.0,0.0,0.3,0.7,0.00016986301369863014,104125.60405660268,17.68408503626415
2021-06-27 00:00:00+00:00,0.0,0.0,-0.023714571428571425,-0.00045704999999999997,bybit,0.0412779363823611,-0.001405605824035,BTCUSDT_210924,0.00013698630136986303,0.0002465753424657534,0.0,0.0,0.0,0.3,0.7,0.00016986301369863014,104143.29114551091,17.687088908234728
2021-06-28 00:00:00+00:00,-0.0,0.0,-0.04415561428571428,5.199e-05,binance,0.0537252335846632,0.0001933619733242,BTCUSDT_210924,0.00013698630136986303,0.0002465753424657534,0.0,0.0,0.0,0.3,0.7,0.00016986301369863014,104160.98123880138,17.690093290468212
2021-06-29 00:00:00+00:00,0.0,0.0,-0.03448624285714286,0.00011114500000000001,binance,0.0506403070663188,-0.0001688863221015,BTCUSDT_210924,0.00013698630136986303,0.0002465753424657534,0.0,0.0,0.0,0.3,0.7,0.00016986301369863014,104178.6743369844,17.693098183022812
2021-06-30 00:00:00+00:00,-0.0,0.0,-0.017925410714285713,0.00015000000000000001,binance,0.0539651677079633,0.001236838350692,BTCUSDT_210924,0.00013698630136986303,0.0002465753424657534,0.0,0.0,0.0,0.3,0.7,0.00016986301369863014,104196.37044057039,17.69610358598584
2021-07-01 00:00:00+00:00,-0.0,0.0,-0.0057636107142857145,0.00015000000000000001,binance,0.0459995828854368,0.0005097793771557,BTCUSDT_210924,0.00013698630136986303,0.0002465753424657534,0.0,0.0,0.0,0.3,0.7,0.00016986301369863014,104214.0695500699,17.69910949950281
2021-07-02 00:00:00+00:00,0.0,0.0,-0.010001521428571428,3.0585000000000006e-05,binance,0.041765615945652,-0.0001157265243121,BTCUSDT_210924,0.00013698630136986303,0.0002465753424657534,0.0,0.0,0.0,0.3,0.7,0.00016986301369863014,104231.77166599347,17.70211592357373
2021-07-03 00:00:00+00:00,0.0,0.0,-0.004882396428571428,-7.443e-05,binance,0.0421846936022341,0.0004511217904804,BTCUSDT_210924,0.00013698630136986303,0.0002465753424657534,0.0,0.0,0.0,0.3,0.7,0.00016986301369863014,104249.4767888518,17.70512285832956
2021-07-04 00:00:00+00:00,0.0,0.0,0.019879725000000008,-3.8035e-05,binance,0.0380062501740543,0.0005289556830641,BTCUSDT_210924,0.00013698630136986303,0.0002465753424657534,0.0,0.0,0.0,0.3,0.7,0.00016986301369863014,104267.18491915565,17.708130303857615
2021-07-05 00:00:00+00:00,-0.0,0.0,0.019661246428571432,4.78e-05,binance,0.0353055636668783,-0.0011105623188268,BTCUSDT_210924,0.00013698630136986303,0.0002465753424657534,0.0,0.0,0.0,0.3,0.7,0.00016986301369863014,104284.89605741588,17.711138260230655
2021-07-06 00:00:00+00:00,0.0,0.0,0.011756910714285716,5.973e-05,bybit,0.0451703367415732,0.0007774690889921,BTCUSDT_210924,0.00013698630136986303,0.0002465753424657534,0.0,0.0,0.0,0.3,0.7,0.00016986301369863014,104302.61020414344,17.714146727550542
2021-07-07 00:00:00+00:00,-0.0,0.0,0.0064365142857142855,-2.8065e-05,bybit,0.0389654250452763,0.000640686407112,BTCUSDT_210924,0.00013698630136986303,0.0002465753424657534,0.0,0.0,0.0,0.3,0.7,0.00016986301369863014,104320.32735984935,17.71715570591914
2021-07-08 00:00:00+00:00,-0.0,0.0,0.0007946571428571448,4.1800000000000006e-05,bybit,0.0344730197461898,-0.0019087040249472,BTCUSDT_210924,0.00013698630136986303,0.0002465753424657534,0.0,0.0,0.0,0.3,0.7,0.00016986301369863014,104338.04752504472,17.720165195365553
2021-07-09 00:00:00+00:00,0.0,0.0,-0.0006218035714285746,-6.4205e-05,bybit,0.0515423437704468,0.0013952053787859,BTCUSDT_210924,0.00013698630136986303,0.0002465753424657534,0.0,0.0,0.0,0.3,0.7,0.00016986301369863014,104355.77070024076,17.7231751960353
2021-07-10 00:00:00+00:00,-0.0,0.0,-0.010929924999999997,-7.2595e-05,bybit,0.0391818160495998,-0.0025532140977774,BTCUSDT_210924,0.00013698630136986303,0.0002465753424657534,0.0,0.0,0.0,0.3,0.7,0.00016986301369863014,104373.49688594874,17.726185707986588
2021-07-11 00:00:00+00:00,0.0,0.0,0.005288589285714286,8.279e-05,bybit,0.0631307383356412,0.0008485363987671,BTCUSDT_210924,0.00013698630136986303,0.0002465753424657534,0.0,0.0,0.0,0.3,0.7,0.00016986301369863014,104391.22608268005,17.72919673130673
2021-07-12 00:00:00+00:00,-0.0,0.0,-0.012782039285714288,0.00011156999999999999,binance,0.0575837030146526,0.0013818270401066,BTCUSDT_210924,0.00013698630136986303,0.0002465753424657534,0.0,0.0,0.0,0.3,0.7,0.00016986301369863014,104408.95829094615,17.732208266097587
2021-07-13 00:00:00+00:00,-0.0,0.0,-0.0023310464285714295,0.00010026,binance,0.0450400354172971,0.001174007638917,BTCUSDT_210924,0.00013698630136986303,0.0002465753424657534,0.0,0.0,0.0,0.3,0.7,0.00016986301369863014,104426.69351125858,17.73522031243192
2021-07-14 00:00:00+00:00,0.0,0.0,-0.004175339285714286,-2.179999999999996e-06,binance,0.0336696168984667,0.0002190736020271,BTCUSDT_210924,0.00013698630136986303,0.0002465753424657534,0.0,0.0,0.0,0.3,0.7,0.00016986301369863014,104444.43174412899,17.738232870411593
2021-07-15 00:00:00+00:00,-0.0,0.0,0.006199525000000002,3.3465000000000006e-05,binance,0.0328317458073406,0.0007664680050188,BTCUSDT_210924,0.00013698630136986303,0.0002465753424657534,0.0,0.0,0.0,0.3,0.7,0.00016986301369863014,104462.17299006908,17.741245940094814
2021-07-16 00:00:00+00:00,-0.0,0.0,0.01734323571428572,-2.1754999999999998e-05,binance,0.0257076781343864,-9.559050556897266e-06,BTCUSDT_210924,0.00013698630136986303,0.0002465753424657534,0.0,0.0,0.0,0.3,0.7,0.00016986301369863014,104479.91724959067,17.744259521583444
2021-07-17 00:00:00+00:00,0.0,0.0,0.01739120714285714,4.011e-05,binance,0.0260682539222091,-0.0013453333066836,BTCUSDT_210924,0.00013698630136986303,0.0002465753424657534,0.0,0.0,0.0,0.3,0.7,0.00016986301369863014,104497.66452320566,17.7472736149939
2021-07-18 00:00:00+00:00,0.0,0.0,0.017692071428571432,7.783e-05,binance,0.0405615221301997,0.002713936691908,BTCUSDT_210924,0.00013698630136986303,0.0002465753424657534,0.0,0.0,0.0,0.3,0.7,0.00016986301369863014,104515.41481142603,17.75028822036984
2021-07-19 00:00:00+00:00,-0.0,0.0,0.04912143928571429,8.007500000000001e-05,bybit,0.0119502343501339,-9.403478962963116e-05,BTCUSDT_210924,0.00013698630136986303,0.0002465753424657534,0.0,0.0,0.0,0.3,0.7,0.00016986301369863014,104533.16811476386,17.753303337827674
2021-07-20 00:00:00+00:00,-0.0,0.0,0.04523757857142857,0.00015000000000000001,bybit,0.0136353133674415,-0.0016253585473148,BTCUSDT_210924,0.00013698630136986303,0.0002465753424657534,0.0,0.0,0.0,0.3,0.7,0.00016986301369863014,104550.92443373128,17.756318967425614
2021-07-21 00:00:00+00:00,0.0,0.0,0.025657675000000005,-0.000225505,bybit,0.0297482788244042,0.0001683024566248,BTCUSDT_210924,0.00013698630136986303,0.0002465753424657534,0.0,0.0,0.0,0.3,0.7,0.00016986301369863014,104568.68376884056,17.759335109280073
2021-07-22 00:00:00+00:00,0.0,0.0,0.007802396428571428,-0.00026555,bybit,0.0281678063762719,-0.0008569792395464,BTCUSDT_210924,0.00013698630136986303,0.0002465753424657534,0.0,0.0,0.0,0.3,0.7,0.00016986301369863014,104586.44612060404,17.762351763478364
2021-07-23 00:00:00+00:00,0.0,0.0,-0.024317342857142855,-0.000465995,bybit,0.0370021643809645,-0.0010963578916508,BTCUSDT_210924,0.00013698630136986303,0.0002465753424657534,0.0,0.0,0.0,0.3,0.7,0.00016986301369863014,104604.21148953412,17.765368930078694
2021-07-24 00:00:00+00:00,0.0,0.0,-0.044905428571428575,-0.000284225,bybit,0.0495876496844626,-0.0004790102439888,BTCUSDT_210924,0.00013698630136986303,0.0002465753424657534,0.0,0.0,0.0,0.3,0.7,0.00016986301369863014,104621.9798761433,17.768386609182926
2021-07-25 00:00:00+00:00,0.0,0.0,-0.06831991785714286,-0.000262955,binance,0.054351499063901,0.0004731350311551,BTCUSDT_210924,0.00013698630136986303,0.0002465753424657534,0.0,0.0,0.0,0.3,0.7,0.00016986301369863014,104639.75128094418,17.771404800878372
2021-07-26 00:00:00+00:00,0.0,0.0,-0.07595467500000001,-0.00017420500000000003,binance,0.0470328825344994,-0.0011148677680623,BTCUSDT_210924,0.00013698630136986303,0.0002465753424657534,0.0,0.0,0.0,0.3,0.7,0.00016986301369863014,104657.52570444944,17.774423505252344
2021-07-27 00:00:00+00:00,0.0,0.0,-0.059022064285714305,8.876000000000001e-05,binance,0.0581566222575614,-0.0004537751277502,BTCUSDT_210924,0.00013698630136986303,0.0002465753424657534,0.0,0.0,0.0,0.3,0.7,0.00016986301369863014,104675.30314717184,17.777442722406704
2021-07-28 00:00:00+00:00,0.0,0.0,-0.02974776071428572,8.9815e-05,binance,0.0639601459024476,-0.0005782172517637,BTCUSDT_210924,0.00013698630136986303,0.0002465753424657534,0.0,0.0,0.0,0.3,0.7,0.00016986301369863014,104693.08360962424,17.78046245239966
2021-07-29 00:00:00+00:00,-0.0,0.0,-0.02106753928571429,9.884499999999999e-05,binance,0.0724930714510528,-0.0004324468319052,BTCUSDT_210924,0.00013698630136986303,0.0002465753424657534,0.0,0.0,0.2,0.3,0.5,5.597638704361753e-05,104698.94395019315,5.860340568906395
2021-07-30 00:00:00+00:00,0.0,0.0,-0.011876317857142858,8.8115e-05,binance,0.0753038623926059,0.0004354792890267,BTCUSDT_210924,0.00013698630136986303,0.0002465753424657534,0.0,0.0,0.2,0.3,0.5,0.00022956161122999753,104722.97880846044,24.034858267288655
2021-07-31 00:00:00+00:00,-0.0,0.0,0.00408669642857143,0.00015000000000000001,binance,0.07216606871253,0.0010733969050569,BTCUSDT_210924,0.00013698630136986303,0.0002465753424657534,0.0,0.0,0.2,0.3,0.5,0.00035714513443603756,104760.38011080553,37.401302345097065
2021-08-01 00:00:00+00:00,-0.0,0.0,0.025619350000000006,0.00015000000000000001,binance,0.0613848298715125,-0.0002838467839733,BTCUSDT_210924,0.00013698630136986303,0.0002465753424657534,0.0,0.0,0.0,0.3,0.7,0.00016986301369863014,104778.17502468736,17.79491388182214
2021-08-02 00:00:00+00:00,-0.0,0.0,0.05313070357142857,0.00015000000000000001,bybit,0.0676368176379725,0.0004908319288278,BTCUSDT_210924,0.00013698630136986303,0.0002465753424657534,0.0,0.0,0.2,0.3,0.5,0.00024063213919021758,104803.38802108397,25.21299639661447
2021-08-03 00:00:00+00:00,-0.0,0.0,0.05313070357142857,0.00015000000000000001,bybit,0.0635747802484692,-0.0006225290882181,BTCUSDT_210924,0.00013698630136986303,0.0002465753424657534,0.0,0.0,0.0,0.3,0.7,0.00016986301369863014,104821.19024041908,17.8022193351062
2021-08-04 00:00:00+00:00,0.0,0.0,0.05452005,0.00015000000000000001,bybit,0.0709178951364293,-0.0003212230239371,BTCUSDT_210924,0.00013698630136986303,0.0002465753424657534,0.0,0.0,0.2,0.3,0.5,7.822114863723754e-05,104829.38947432119,8.199233902108972
2021-08-05 00:00:00+00:00,0.0,0.0,0.05012101785714287,6.122500000000001e-05,bybit,0.0748785560144933,-0.0001454880592113,BTCUSDT_210924,0.00013698630136986303,0.0002465753424657534,0.0,0.0,0.2,0.3,0.5,0.00011336814158239754,104841.2737873891,11.884313067916082
2021-08-06 00:00:00+00:00,0.0,0.0,0.052474485714285715,0.00015000000000000001,binance,0.0749525741135937,-0.0002326267068532,BTCUSDT_210924,0.00013698630136986303,0.0002465753424657534,0.0,0.0,0.2,0.3,0.5,9.594041205401754e-05,104851.33230239652,10.058515007418464
2021-08-07 00:00:00+00:00,0.0,0.0,0.052474485714285715,0.00015000000000000001,binance,0.0769347001539511,0.0001775757001957,BTCUSDT_210924,0.00013698630136986303,0.0002465753424657534,0.0,0.0,0.2,0.3,0.5,0.00017798089346379752,104869.99383620056,18.661533804042847
2021-08-08 00:00:00+00:00,-0.0,0.0,0.052474485714285715,0.00015000000000000001,binance,0.0771606273552917,-0.0010100613389346,BTCUSDT_210924,0.00013698630136986303,0.0002465753424657534,0.0,0.0,0.2,0.3,0.5,-5.954651436226249e-05,104863.74919360643,-6.24464259413071
2021-08-09 00:00:00+00:00,0.0,0.0,0.052474485714285715,0.00015000000000000001,binance,0.089823714016981,0.0008765842078636,BTCUSDT_210924,0.00013698630136986303,0.0002465753424657534,0.0,0.0,0.2,0.3,0.5,0.0003177825949973776,104897.07306794633,33.323874339897884
2021-08-10 00:00:00+00:00,-0.0045208318130477,0.283419148863101,0.052474485714285715,0.00015000000000000001,binance,0.0787374918318024,0.0003258748109849,BTCUSDT_210924,0.00013698630136986303,0.0002465753424657534,0.4,0.0,0.2,0.3,0.09999999999999987,-0.0016554865301453877,104723.41737643068,-173.65569151565433
2021-08-11 00:00:00+00:00,-0.0004693058270698,0.2863911660307773,0.05474999999999999,0.00015000000000000001,binance,0.0752425487544475,9.118674606142372e-05,BTCUSDT_210924,0.00013698630136986303,0.0002465753424657534,0.4,0.0,0.2,0.3,0.09999999999999987,-8.181374873892298e-05,104714.84956107436,-8.567815356320352
2021-08-12 00:00:00+00:00,-0.0069195427141799,0.2829883163941789,0.05474999999999999,0.00015000000000000001,binance,0.0773338703941058,-0.0022421676163877,BTCUSDT_210924,0.00013698630136986303,0.0002465753424657534,0.4,0.0,0.2,0.3,0.09999999999999987,-0.0031285793760727878,104387.240842369,-327.608718705349
2021-08-13 00:00:00+00:00,-0.0004244824745912,0.0,0.05780713571428572,0.00022315,bybit,0.1097399880454271,0.0007490585774058,BTCUSDT_210924,0.00013698630136986303,0.0002465753424657534,0.0,0.0,0.2,0.3,0.5,0.00029227746890581757,104417.75088090848,30.510038539476227
2021-08-14 00:00:00+00:00,-0.0046886339126803,0.2790332312729478,0.05612683214285714,9.486500000000001e-05,bybit,0.1006194701422532,0.0003878389182066,BTCUSDT_210924,0.00013698630136986303,0.0002465753424657534,0.4,0.0,0.2,0.3,0.09999999999999987,-0.0017102145485540876,104239.17412422465,-178.57675668383308
2021-08-15 00:00:00+00:00,-0.0005575419283072,0.271602372509569,0.05678696071428571,0.00016266,bybit,0.0962505284858678,0.0010928427792332,BTCUSDT_210924,0.00013698630136986303,0.0002465753424657534,0.4,0.0,0.2,0.3,0.09999999999999987,8.32230174004723e-05,104247.8492228266,8.675098601946956
2021-08-16 00:00:00+00:00,-0.0066374804359341,0.2895256313127308,0.0662970357142857,0.00033238500000000004,bybit,0.0800914030509533,0.0003219953077571,BTCUSDT_210924,0.00013698630136986303,0.0002465753424657534,0.34782608695652173,0.21739130434782605,0.17391304347826086,0.26086956521739124,1.1102230246251565e-16,-0.002116108052245647,104027.24950965689,-220.59971316970768
2021-08-17 00:00:00+00:00,-0.0075459745136603,0.2872318457089582,0.07157728214285713,0.000251265,bybit,0.078063266181953,0.0002320120726821,BTCUSDT_210924,0.00013698630136986303,0.0002465753424657534,0.34782608695652173,0.21739130434782605,0.17391304347826086,0.26086956521739124,1.1102230246251565e-16,-0.0024653900332069333,103770.78176553384,-256.4677441230451
2021-08-18 00:00:00+00:00,-0.0004308477685634,0.0,0.0833352357142857,0.000383885,bybit,0.0755797549879418,-0.001685147328202,BTCUSDT_210924,0.00013698630136986303,0.0002465753424657534,0.0,0.25,0.2,0.3,0.25,-0.00013283903755820822,103756.99695475744,-13.784810776400263
2021-08-19 00:00:00+00:00,0.0,0.0,0.0862315107142857,0.000205545,bybit,0.1069339376214905,0.0003138324513233,BTCUSDT_210924,0.00013698630136986303,0.0002465753424657534,0.0,0.25,0.2,0.3,0.25,0.0002223719183468518,103780.0695972122,23.07264245476108
2021-08-20 00:00:00+00:00,0.015556611243476,0.2919429060166775,0.0824172607142857,0.00015000000000000001,bybit,0.0980706012029467,0.0003284507041111,BTCUSDT_210924,0.00013698630136986303,0.0002465753424657534,0.34782608695652173,0.21739130434782605,0.17391304347826086,0.26086956521739124,1.1102230246251565e-16,0.00556504977474117,104357.61085014678,577.5412529345776
2021-08-21 00:00:00+00:00,-0.0030582149948063,0.3001089896387939,0.08529215714285712,0.00015000000000000001,bybit,0.0948658447776882,-0.0010123536849366,BTCUSDT_210924,0.00013698630136986303,0.0002465753424657534,0.34782608695652173,0.21739130434782605,0.17391304347826086,0.26086956521739124,1.1102230246251565e-16,-0.001142855767104447,104238.34515274546,-119.26569740132254
2021-08-22 00:00:00+00:00,0.0026127864517386,0.306823660374136,0.08463202857142856,0.00015000000000000001,bybit,0.1191167971754664,0.0006187141063566,BTCUSDT_210924,0.00013698630136986303,0.0002465753424657534,0.34782608695652173,0.21739130434782605,0.17391304347826086,0.26086956521739124,1.1102230246251565e-16,0.001113330438875205,104354.39687530199,116.05172255652724
2021-08-23 00:00:00+00:00,0.0015724462650894,0.311566402006461,0.07311575714285715,0.000365815,binance,0.1081763556336423,0.0016383488401933,BTCUSDT_210924,0.00013698630136986303,0.0002465753424657534,0.34782608695652173,0.21739130434782605,0.17391304347826086,0.26086956521739124,1.1102230246251565e-16,0.0009757170667949095,104456.21724132833,101.82036602633889
2021-08-24 00:00:00+00:00,-0.0116487814109565,0.3174113986290578,0.08632041428571428,0.00040324,binance,0.0758676376526533,-0.0009186347026399,BTCUSDT_210924,0.00013698630136986303,0.0002465753424657534,0.34782608695652173,0.21739130434782605,0.17391304347826086,0.26086956521739124,1.1102230246251565e-16,-0.004059527741018133,104032.17432971532,-424.0429116130108
2021-08-25 00:00:00+00:00,0.0083523076834486,0.3070323599557185,0.08881492857142856,0.00019784,binance,0.0980770073719047,0.0014319021050645,BTCUSDT_210924,0.00013698630136986303,0.0002465753424657534,0.34782608695652173,0.21739130434782605,0.17391304347826086,0.26086956521739124,1.1102230246251565e-16,0.0032615096496800573,104371.47627016887,339.3019404535589
2021-08-26 00:00:00+00:00,-0.0142953986574643,0.3280423306272714,0.09190830357142854,0.000209325,binance,0.0683881848655821,-0.001212218375638,BTCUSDT_210924,0.00013698630136986303,0.0002465753424657534,0.34782608695652173,0.21739130434782605,0.17391304347826086,0.26086956521739124,1.1102230246251565e-16,-0.005073303726411821,103841.96807067632,-529.5081994925567
2021-08-27 00:00:00+00:00,0.0150337082344226,0.3167219271154959,0.09607477857142857,0.0004992950000000001,bybit,0.0977879805862944,-9.731016366451644e-05,BTCUSDT_210924,0.00013698630136986303,0.0002465753424657534,0.34782608695652173,0.21739130434782605,0.17391304347826086,0.26086956521739124,1.1102230246251565e-16,0.005385058794587706,104401.16317408258,559.1951034062658
2021-08-28 00:00:00+00:00,-0.0011831718908525,0.3279016964769894,0.09607477857142856,0.00015000000000000001,bybit,0.1044121479551437,0.000847524355588,BTCUSDT_210924,0.00013698630136986303,0.0002465753424657534,0.34782608695652173,0.21739130434782605,0.17391304347826086,0.26086956521739124,1.1102230246251565e-16,-0.0001672098108553687,104383.70627533518,-17.45689874740492
2021-08-29 00:00:00+00:00,-0.0008824572976489,0.3345432079938676,0.09723000357142855,0.000172155,bybit,0.084853422998158,0.0001679385775417,BTCUSDT_210924,0.00013698630136986303,0.0002465753424657534,0.34782608695652173,0.21739130434782605,0.17391304347826086,0.26086956521739124,1.1102230246251565e-16,-0.00017598595722738604,104365.33620886736,-18.370066467818106
2021-08-30 00:00:00+00:00,-0.0127316725299493,0.3473323690194144,0.11670536071428572,0.00029962,bybit,0.0865100522721983,-0.0003982299095564,BTCUSDT_210924,0.00013698630136986303,0.0002465753424657534,0.34782608695652173,0.21739130434782605,0.17391304347826086,0.26086956521739124,1.1102230246251565e-16,-0.004368206427088065,103909.44687647458,-455.88933239277685
2021-08-31 00:00:00+00:00,0.000823488547793,0.3351894580822405,0.17103587142857146,0.001077935,bybit,0.1019714011773443,-0.0005877808253729,BTCUSDT_210924,0.00013698630136986303,0.0002465753424657534,0.34782608695652173,0.21739130434782605,0.17391304347826086,0.26086956521739124,1.1102230246251565e-16,0.000482865745028127,103959.62118895608,50.1743124814966
2021-09-01 00:00:00+00:00,0.0121569005940842,0.3349371858208771,0.16353903214285714,0.000741085,bybit,0.1206802389606033,-0.0004935411464577,BTCUSDT_210924,0.00013698630136986303,0.0002465753424657534,0.34782608695652173,0.21739130434782605,0.17391304347826086,0.26086956521739124,1.1102230246251565e-16,0.004368083357462491,104413.72548011964,454.10429116355954
2021-09-02 00:00:00+00:00,0.0030716436797767,0.3455618067867486,0.16112612142857144,0.00015000000000000001,bybit,0.1412799662345217,-0.0003045893080218,BTCUSDT_210924,0.00013698630136986303,0.0002465753424657534,0.34782608695652173,0.21739130434782605,0.17391304347826086,0.26086956521739124,1.1102230246251565e-16,0.0011123584461269964,104529.87096954904,116.14548942940019
2021-09-03 00:00:00+00:00,0.005526306477713,0.3634165513697888,0.1607016785714286,0.000491155,bybit,0.1562087820291463,0.0005720098385691,BTCUSDT_210924,0.00013698630136986303,0.0002465753424657534,0.34782608695652173,0.21739130434782605,0.17391304347826086,0.26086956521739124,1.1102230246251565e-16,0.0021927703578597793,104759.08097212197,229.21000257293053
2021-09-04 00:00:00+00:00,-0.0006106636668465,0.3645987447907622,0.16146713571428575,0.00016468,bybit,0.1433803112611611,-0.0012006256956737,BTCUSDT_210924,0.00013698630136986303,0.0002465753424657534,0.34782608695652173,0.21739130434782605,0.17391304347826086,0.26086956521739124,1.1102230246251565e-16,-0.0003210852201161861,104725.44437954888,-33.63659257309337
2021-09-05 00:00:00+00:00,0.0136422659235838,0.3700611681037276,0.17444418928571429,0.00042103,bybit,0.1900457230847494,-0.0002316600227834,BTCUSDT_210924,0.00013698630136986303,0.0002465753424657534,0.34782608695652173,0.21739130434782605,0.17391304347826086,0.26086956521739124,1.1102230246251565e-16,0.004860699537057883,105234.48329856273,509.03891901385214
2021-09-06 00:00:00+00:00,0.0066957849103097,0.3832035080553986,0.15567302142857142,0.00023391499999999999,binance,0.2063821496108129,0.0032596332592155,BTCUSDT_210924,0.00013698630136986303,0.0002465753424657534,0.34782608695652173,0.21739130434782605,0.17391304347826086,0.26086956521739124,1.1102230246251565e-16,0.0030110364945275703,105551.34816825743,316.8648696947057
2021-09-07 00:00:00+00:00,-0.0439763284351449,0.3990764182843129,0.1441145142857143,0.000214885,binance,0.0882716385420895,0.000682617452772,BTCUSDT_210924,0.00013698630136986303,0.0002465753424657534,0.34782608695652173,0.21739130434782605,0.17391304347826086,0.26086956521739124,1.1102230246251565e-16,-0.015066360026751161,103961.0735554455,-1590.2746128119325
2021-09-08 00:00:00+00:00,-0.0053047612337834,0.2959875994139921,0.12434168214285712,0.00015000000000000001,binance,0.063753493342102,7.4161245005536e-05,BTCUSDT_210924,0.00013698630136986303,0.0002465753424657534,0.4,0.25,0.0,0.3,0.050000000000000044,-0.0020035825757051405,103752.77895991821,-208.29459552728804
2021-09-09 00:00:00+00:00,0.0021921737845617,0.2918724973325837,0.0939384857142857,0.00015000000000000001,binance,0.0639131598697625,0.0005051175618825,BTCUSDT_210924,0.00013698630136986303,0.0002465753424657534,0.4,0.25,0.0,0.3,0.050000000000000044,0.0009951914316328992,103856.03283654722,103.25387662900903
2021-09-10 00:00:00+00:00,-0.0099747260346272,0.2993457744203012,0.07451761785714284,0.000155575,binance,0.0435910091583732,-0.0003848305418997,BTCUSDT_210924,0.00013698630136986303,0.0002465753424657534,0.4,0.25,0.0,0.3,0.050000000000000044,-0.0038701747460426605,103454.09184103904,-401.9409955081792
2021-09-11 00:00:00+00:00,-0.0004490186616304,0.0,0.06279955357142857,0.00015000000000000001,binance,0.0680640400674308,0.0002363101176812,BTCUSDT_210924,0.00013698630136986303,0.0002465753424657534,0.0,0.0,0.2,0.3,0.5,0.00018972777696089752,103473.71995590156,19.62811486251303
2021-09-12 00:00:00+00:00,0.0,0.0,0.06279955357142857,0.00015000000000000001,binance,0.0582622346637071,0.0002714814740781,BTCUSDT_210924,0.00013698630136986303,0.0002465753424657534,0.0,0.0,0.0,0.3,0.7,0.00016986301369863014,103491.29631381186,17.576357910307706
2021-09-13 00:00:00+00:00,-0.0072306221142724,0.288493550808285,0.07899695,0.000340835,bybit,0.0466413308049378,-1.679990511949892e-05,BTCUSDT_210924,0.00013698630136986303,0.0002465753424657534,0.4,0.25,0.0,0.3,0.050000000000000044,-0.002726218177900741,103209.15646054664,-282.1398532652238
2021-09-14 00:00:00+00:00,-0.0004327403262124,0.0,0.0835080892857143,0.000236515,bybit,0.050111310354665,0.0002514247046157,BTCUSDT_210924,0.00013698630136986303,0.0002465753424657534,0.0,0.25,0.0,0.3,0.44999999999999996,0.00019474518835616437,103229.25594716164,20.099486614999478
2021-09-15 00:00:00+00:00,0.0056865862931559,0.2852398245665735,0.05504069642857143,0.00015000000000000001,binance,0.0345453764181502,-0.0005505865268703,BTCUSDT_210924,0.00013698630136986303,0.0002465753424657534,0.4,0.0,0.0,0.3,0.30000000000000004,0.0023897030104130454,103475.94321086127,246.68726369962678
2021-09-16 00:00:00+00:00,-0.0024017498734994,0.2987563295739522,0.05504069642857143,0.00015000000000000001,binance,0.089820555274626,0.0002205798253879,BTCUSDT_210924,0.00013698630136986303,0.0002465753424657534,0.4,0.0,0.2,0.3,0.09999999999999987,-0.0008289127514454677,103390.17068206593,-85.77252879533626
2021-09-17 00:00:00+00:00,-0.0027958980035636,0.3039827921951175,0.05474999999999999,0.00015000000000000001,binance,0.0803860200967749,0.0002997887102699,BTCUSDT_210924,0.00013698630136986303,0.0002465753424657534,0.4,0.0,0.2,0.3,0.09999999999999987,-0.0009707302264947479,103289.8067182624,-100.3639638035238
2021-09-18 00:00:00+00:00,0.0062497176337939,0.2981819274203691,0.05474999999999999,0.00015000000000000001,binance,0.0561312804643852,3.012875227211681e-05,BTCUSDT_210924,0.00013698630136986303,0.0002465753424657534,0.4,0.0,0.0,0.3,0.30000000000000004,0.0026149555466682454,103559.90497125463,270.0982529922185
2021-09-19 00:00:00+00:00,-0.0066437298061471,0.3048202566149725,0.05474999999999999,0.00015000000000000001,binance,0.0643593855011744,5.366016288565712e-05,BTCUSDT_210924,0.00013698630136986303,0.0002465753424657534,0.4,0.0,0.0,0.3,0.30000000000000004,-0.002542423429308155,103296.61184251879,-263.29312873583694
2021-09-20 00:00:00+00:00,-0.0269468921381751,0.3011642489387882,0.05474999999999999,0.00015000000000000001,binance,0.0775979748751615,-0.0002957065363699,BTCUSDT_210924,0.00013698630136986303,0.0002465753424657534,0.4,0.0,0.2,0.3,0.09999999999999987,-0.010750226929667308,102186.14982414595,-1110.4620183728402
2021-09-21 00:00:00+00:00,-0.0004517463734081,0.0,0.05474999999999999,0.00015000000000000001,binance,0.1852431942419932,0.0,BTCUSDT_210924,0.00013698630136986303,0.0002465753424657534,0.0,0.0,0.2,0.3,0.5,0.00014246575342465755,102200.70785097021,14.558026824262924
2021-09-22 00:00:00+00:00,0.0,0.0,0.05474999999999999,0.00015000000000000001,binance,0.0809815378192112,0.0001504972830686,BTCUSDT_211231,0.00013698630136986303,0.0002465753424657534,0.0,0.0,0.2,0.3,0.5,0.00017256521003837754,102218.3441375866,17.636286616383586
2021-09-23 00:00:00+00:00,0.0,0.0,0.052815239285714285,0.00011289500000000001,binance,0.0747345687640245,0.0019771422254099,BTCUSDT_211231,0.00013698630136986303,0.0002465753424657534,0.0,0.0,0.2,0.3,0.5,0.0005378941985066375,102273.32679187915,54.982654292558436
2021-09-24 00:00:00+00:00,-0.0,0.0,0.04175730357142857,-6.207e-05,binance,0.0636861005426024,-5.524336629952838e-05,BTCUSDT_211231,0.00013698630136986303,0.0002465753424657534,0.0,0.0,0.0,0.3,0.7,0.00016986301369863014,102290.699247389,17.372455509845167
2021-09-25 00:00:00+00:00,-0.0,0.0,0.04061772142857144,0.000128145,binance,0.0649707698290186,-0.0020639484198033,BTCUSDT_211231,0.00013698630136986303,0.0002465753424657534,0.0,0.0,0.0,0.3,0.7,0.00016986301369863014,102308.0746538365,17.375406447506975
2021-09-26 00:00:00+00:00,0.0,0.0,0.03560444642857143,5.3855000000000005e-05,binance,0.0804181996899973,0.0016004068497181,BTCUSDT_211231,0.00013698630136986303,0.0002465753424657534,0.0,0.0,0.2,0.3,0.5,0.0004625471233682776,102355.39695946501,47.322305628506
2021-09-27 00:00:00+00:00,-0.0,0.0,0.03560444642857143,0.00015000000000000001,binance,0.070625343055532,0.0011387430051948,BTCUSDT_211231,0.00013698630136986303,0.0002465753424657534,0.0,0.0,0.2,0.3,0.5,0.0003702143544636176,102393.29039667624,37.89343721122714
2021-09-28 00:00:00+00:00,-0.0,0.0,0.03185615714285715,7.8115e-05,binance,0.0642416016144154,-0.0001445405827544,BTCUSDT_211231,0.00013698630136986303,0.0002465753424657534,0.0,0.0,0.0,0.3,0.7,0.00016986301369863014,102410.68322956552,17.392832889279816
2021-09-29 00:00:00+00:00,0.0,0.0,0.02764979285714285,6.933e-05,binance,0.0652750113779787,-0.0018565041946543,BTCUSDT_211231,0.00013698630136986303,0.0002465753424657534,0.0,0.0,0.2,0.3,0.5,-0.00022883508550620247,102387.24807211195,-23.435157453568536
2021-09-30 00:00:00+00:00,0.0,0.0,0.029385107142857143,0.00014617500000000002,binance,0.0764796578575043,-0.0020022088303011,BTCUSDT_211231,0.00013698630136986303,0.0002465753424657534,0.0,0.0,0.2,0.3,0.5,-0.0002579760126355625,102360.83461810958,-26.413454002366052
2021-10-01 00:00:00+00:00,0.0,0.0,0.03510074642857143,4.7545e-05,binance,0.0850069612965162,0.0001203740381761,BTCUSDT_211231,0.00013698630136986303,0.0002465753424657534,0.0,0.0,0.2,0.3,0.5,0.00016654056105987755,102377.88184893744,17.047230827854946
2021-10-02 00:00:00+00:00,-0.0034146281441391,0.2839511688456036,0.03226026428571429,7.366999999999999e-05,binance,0.0858790275383988,-0.0012216882999649,BTCUSDT_211231,0.00013698630136986303,0.0002465753424657534,0.4,0.0,0.2,0.3,0.09999999999999987,-0.0015225176847719077,102222.00971329294,-155.87213564450212
2021-10-03 00:00:00+00:00,0.0033827074070524,0.28531098579134,0.037273539285714294,0.00015000000000000001,binance,0.0957288835846175,-0.0011532155283785,BTCUSDT_211231,0.00013698630136986303,0.0002465753424657534,0.4,0.0,0.2,0.3,0.09999999999999987,0.0012101110900219726,102345.70970089134,123.69998759840382
2021-10-04 00:00:00+00:00,0.0062868518267822,0.2964407344022914,0.037273539285714294,0.00015000000000000001,binance,0.1041681171816927,-0.000571356714706,BTCUSDT_211231,0.00013698630136986303,0.0002465753424657534,0.4,0.0,0.2,0.3,0.09999999999999987,0.0024881406206483927,102600.36021854721,254.65051765587123
2021-10-05 00:00:00+00:00,0.0138131329231689,0.3028061894801812,0.03521676428571428,3.867000000000001e-05,binance,0.1053504911173507,-0.0009965614307897,BTCUSDT_211231,0.00013698630136986303,0.0002465753424657534,0.4,0.0,0.2,0.3,0.09999999999999987,0.0054136121159863325,103155.79877173089,555.4385531836742
2021-10-06 00:00:00+00:00,0.023154277507921,0.3102706090111965,0.03942312857142857,0.00015000000000000001,binance,0.1070426458191876,3.543342673775878e-05,BTCUSDT_211231,0.00013698630136986303,0.0002465753424657534,0.4,0.0,0.2,0.3,0.09999999999999987,0.009356468921392663,104120.97279700004,965.1740252691525
2021-10-07 00:00:00+00:00,-0.0085901894218799,0.3105933836577356,0.050533207142857146,0.000359245,binance,0.1110693716272852,-0.000227664774821,BTCUSDT_211231,0.00013698630136986303,0.0002465753424657534,0.4,0.0,0.2,0.3,0.09999999999999987,-0.003393937490839448,103767.59272384162,-353.3800731584197
2021-10-08 00:00:00+00:00,0.000907495472633,0.2991959702932194,0.0671235,0.00117153,bybit,0.1140177973834188,-0.0015403669559824,BTCUSDT_211231,0.00013698630136986303,0.0002465753424657534,0.34782608695652173,0.21739130434782605,0.17391304347826086,0.26086956521739124,1.1102230246251565e-16,0.0003667651309534313,103805.65105857569,38.05833473407256
2021-10-09 00:00:00+00:00,0.0054837617991855,0.296575965272283,0.09419007500000001,0.00050919,bybit,0.1265968278084737,0.0001808926414911,BTCUSDT_211231,0.00013698630136986303,0.0002465753424657534,0.34782608695652173,0.21739130434782605,0.17391304347826086,0.26086956521739124,1.1102230246251565e-16,0.002113872478880127,104025.08296750064,219.4319089249475
2021-10-10 00:00:00+00:00,-0.0015962112588875,0.3005711917680347,0.09712806428571427,0.000206345,bybit,0.1272032945726921,-0.0035634570701988,BTCUSDT_211231,0.00013698630136986303,0.0002465753424657534,0.34782608695652173,0.21739130434782605,0.17391304347826086,0.26086956521739124,1.1102230246251565e-16,-0.00106575396943916,103914.21782240678,-110.86514509386325
2021-10-11 00:00:00+00:00,0.0160276332198025,0.3118308777079202,0.10643973571428572,0.00032858000000000003,bybit,0.1530157479324617,0.0015379837084043,BTCUSDT_211231,0.00013698630136986303,0.0002465753424657534,0.34782608695652173,0.21739130434782605,0.17391304347826086,0.26086956521739124,1.1102230246251565e-16,0.005978058810731812,104535.42312782031,621.2053054135322
2021-10-12 00:00:00+00:00,-0.0085362628063765,0.3315799043705454,0.12502788214285718,0.00015000000000000001,bybit,0.1446041439236041,-0.0011905116941232,BTCUSDT_211231,0.00013698630136986303,0.0002465753424657534,0.34782608695652173,0.21739130434782605,0.17391304347826086,0.26086956521739124,1.1102230246251565e-16,-0.0030792477031613163,104213.53266625498,-321.89046156533004
2021-10-13 00:00:00+00:00,0.007835827848903,0.3209164389671335,0.15039355714285715,0.000237285,bybit,0.153675546277322,8.750675475448318e-05,BTCUSDT_211231,0.00013698630136986303,0.0002465753424657534,0.34782608695652173,0.21739130434782605,0.17391304347826086,0.26086956521739124,1.1102230246251565e-16,0.002856631602827672,104511.23233711171,297.69967085673125
2021-10-14 00:00:00+00:00,-0.0001090120587166,0.318870963180471,0.14354563571428575,0.00015000000000000001,bybit,0.1548782299049874,-0.0020586615665706,BTCUSDT_211231,0.00013698630136986303,0.0002465753424657534,0.34782608695652173,0.21739130434782605,0.17391304347826086,0.26086956521739124,1.1102230246251565e-16,-0.00029901263831394264,104479.98215779715,-31.250179314563866
2021-10-15 00:00:00+00:00,0.0252707716178843,0.3354514247892004,0.09595980357142858,0.000258925,bybit,0.1640371422504181,0.0015075620512377,BTCUSDT_211231,0.00013698630136986303,0.0002465753424657534,0.34782608695652173,0.21739130434782605,0.17391304347826086,0.26086956521739124,1.1102230246251565e-16,0.009172630356644335,105438.33841379941,958.3562560022692
2021-10-16 00:00:00+00:00,-0.0042874787480636,0.3313550052481804,0.10105337857142854,0.000606875,bybit,0.153700916821849,-0.0017662257618285,BTCUSDT_211231,0.00013698630136986303,0.0002465753424657534,0.34782608695652173,0.21739130434782605,0.17391304347826086,0.26086956521739124,1.1102230246251565e-16,-0.0016022133033490554,105269.4037053098,-168.93470848961442
2021-10-17 00:00:00+00:00,0.0035645738864751,0.3326020942222122,0.1660061714285714,0.001452015,bybit,0.1711067730913545,0.0002129913163577,BTCUSDT_211231,0.00013698630136986303,0.0002465753424657534,0.34782608695652173,0.21739130434782605,0.17391304347826086,0.26086956521739124,1.1102230246251565e-16,0.0016568731918272226,105443.82175822875,174.41805291894707
2021-10-18 00:00:00+00:00,0.0026069852037696,0.3332500906008029,0.1869423107142857,0.0007300949999999999,bybit,0.1699876028393893,-0.0007801181231881,BTCUSDT_211231,0.00013698630136986303,0.0002465753424657534,0.34782608695652173,0.21739130434782605,0.17391304347826086,0.26086956521739124,1.1102230246251565e-16,0.0009941450518347356,105548.64821187624,104.82645364748896
2021-10-19 00:00:00+00:00,0.012095969921094,0.3304331927890594,0.18805008571428578,0.000171245,bybit,0.1737546279522324,-0.0038190377530759,BTCUSDT_211231,0.00013698630136986303,0.0002465753424657534,0.34782608695652173,0.21739130434782605,0.17391304347826086,0.26086956521739124,1.1102230246251565e-16,0.003644664583097518,105933.33763180788,384.6894199316448
2021-10-20 00:00:00+00:00,0.0089609229601833,0.3349871031806313,0.19357097142857146,0.000343165,bybit,0.2092860065834615,0.0024328268138513,BTCUSDT_211231,0.00013698630136986303,0.0002465753424657534,0.34782608695652173,0.21739130434782605,0.17391304347826086,0.26086956521739124,1.1102230246251565e-16,0.0036788681735507012,106323.05241613953,389.71478433164884
2021-10-21 00:00:00+00:00,-0.0195969191391538,0.3395187442019737,0.28704408214285715,0.0019426349999999998,bybit,0.1986841356889164,0.0015377095387514,BTCUSDT_211231,0.00013698630136986303,0.0002465753424657534,0.34782608695652173,0.21739130434782605,0.17391304347826086,0.26086956521739124,1.1102230246251565e-16,-0.006062255995801316,105678.4948541379,-644.5575620016316
2021-10-22 00:00:00+00:00,-0.0078396228743675,0.322955670197231,0.35078820357142854,0.001481415,bybit,0.1900860072773829,-0.0006423816681392,BTCUSDT_211231,0.00013698630136986303,0.0002465753424657534,0.34782608695652173,0.21739130434782605,0.17391304347826086,0.26086956521739124,1.1102230246251565e-16,-0.002452173157074012,105419.35288577659,-259.14196836130577
2021-10-23 00:00:00+00:00,0.0029364682973974,0.3010727706083491,0.3471906071428572,0.00053788,bybit,0.1976874212650758,0.0005634986355125,BTCUSDT_211231,0.00013698630136986303,0.0002465753424657534,0.34782608695652173,0.21739130434782605,0.17391304347826086,0.26086956521739124,1.1102230246251565e-16,0.0013006344772184225,105556.4649307059,137.11204492930847
2021-10-24 00:00:00+00:00,-0.0021582744837394,0.3038241237215105,0.3046201357142858,0.0006355950000000001,bybit,0.1959344631769148,-0.0019090511406157,BTCUSDT_211231,0.00013698630136986303,0.0002465753424657534,0.34782608695652173,0.21739130434782605,0.17391304347826086,0.26086956521739124,1.1102230246251565e-16,-0.0008802162338079774,105463.5524166905,-92.91251401540649
2021-10-25 00:00:00+00:00,0.0111519411315222,0.304825272318958,0.3145038142857143,0.000919645,bybit,0.2119054271641832,0.003769334156431,BTCUSDT_211231,0.00013698630136986303,0.0002465753424657534,0.34782608695652173,0.21739130434782605,0.17391304347826086,0.26086956521739124,1.1102230246251565e-16,0.004798719249247657,105969.6423957665,506.0899790760013
2021-10-26 00:00:00+00:00,-0.0137475024708753,0.3149903043245705,0.3268110928571429,0.000407275,bybit,0.1813302321264441,0.0024833077264411,BTCUSDT_211231,0.00013698630136986303,0.0002465753424657534,0.34782608695652173,0.21739130434782605,0.17391304347826086,0.26086956521739124,1.1102230246251565e-16,-0.004196998339410586,105524.88798260353,-444.7544131629693
2021-10-27 00:00:00+00:00,-0.0098677872855471,0.3106003559237732,0.3566753928571429,0.000915905,bybit,0.1613532512644085,-0.0028944537421525,BTCUSDT_211231,0.00013698630136986303,0.0002465753424657534,0.34782608695652173,0.21739130434782605,0.17391304347826086,0.26086956521739124,1.1102230246251565e-16,-0.0036722233129648815,105137.37702885582,-387.510953747711
2021-10-28 00:00:00+00:00,0.0108367231793776,0.2934242424321934,0.30459693214285716,0.00094387,bybit,0.1898606674412873,-0.0015656393987773,BTCUSDT_211231,0.00013698630136986303,0.0002465753424657534,0.34782608695652173,0.21739130434782605,0.17391304347826086,0.26086956521739124,1.1102230246251565e-16,0.0037665230389002666,105533.37938168454,396.00235282872745
2021-10-29 00:00:00+00:00,0.0081412128895777,0.2939586957754985,0.25718942857142857,0.00057223,bybit,0.2053287074701863,0.000431942128429,BTCUSDT_211231,0.00013698630136986303,0.0002465753424657534,0.34782608695652173,0.21739130434782605,0.17391304347826086,0.26086956521739124,1.1102230246251565e-16,0.0030955684210927006,105860.0651782697,326.6857965851523
2021-10-30 00:00:00+00:00,-0.001891471521771,0.2976039773345426,0.24828655714285713,0.00036713999999999996,bybit,0.2048529034638074,0.0010112482882494,BTCUSDT_211231,0.00013698630136986303,0.0002465753424657534,0.34782608695652173,0.21739130434782605,0.17391304347826086,0.26086956521739124,1.1102230246251565e-16,-0.0003378968246250383,105824.29539839136,-35.76977987833379
2021-10-31 00:00:00+00:00,-0.0027095300813242,0.2993406901136659,0.24360647500000004,0.00054584,bybit,0.1978989154030876,0.0010514716198094,BTCUSDT_211231,0.00013698630136986303,0.0002465753424657534,0.34782608695652173,0.21739130434782605,0.17391304347826086,0.26086956521739124,1.1102230246251565e-16,-0.000576595744198325,105763.27756003186,-61.01783835950482
2021-11-01 00:00:00+00:00,-0.0019119058270849,0.3011064867777003,0.2485316285714286,0.0010141,bybit,0.1896065840862198,-0.002756639962726,BTCUSDT_211231,0.00013698630136986303,0.0002465753424657534,0.34782608695652173,0.21739130434782605,0.17391304347826086,0.26086956521739124,1.1102230246251565e-16,-0.0008596458440342904,105672.35859802592,-90.91896200593328
2021-11-02 00:00:00+00:00,0.011476630279433,0.3028361468108737,0.2621761107142857,0.00066895,bybit,0.218640121126031,-0.0001495571258393,BTCUSDT_211231,0.00013698630136986303,0.0002465753424657534,0.34782608695652173,0.21739130434782605,0.17391304347826086,0.26086956521739124,1.1102230246251565e-16,0.004175609382039188,106113.60509001004,441.246491984115
2021-11-03 00:00:00+00:00,-0.0016244682068048,0.3141387765002998,0.2594094107142857,0.000862845,bybit,0.2254457888855481,0.0009979095809495,BTCUSDT_211231,0.00013698630136986303,0.0002465753424657534,0.34782608695652173,0.21739130434782605,0.17391304347826086,0.26086956521739124,1.1102230246251565e-16,-0.00013958392503677746,106098.79333651178,-14.81175349825935
2021-11-04 00:00:00+00:00,-0.0073113705369862,0.3057454385597281,0.26836155714285714,0.001115555,bybit,0.2219183868354665,0.0012933461530505,BTCUSDT_211231,0.00013698630136986303,0.0002465753424657534,0.34782608695652173,0.21739130434782605,0.17391304347826086,0.26086956521739124,1.1102230246251565e-16,-0.0020113196795170903,105885.39474550102,-213.39859101075854
2021-11-05 00:00:00+00:00,-0.0023760871116269,0.3164405296883863,0.2860671857142857,0.00091179,bybit,0.21059214106982,0.0011929510288638,BTCUSDT_211231,0.00013698630136986303,0.0002465753424657534,0.34782608695652173,0.21739130434782605,0.17391304347826086,0.26086956521739124,1.1102230246251565e-16,-0.0003564561183811077,105847.6512486968,-37.74349680422165
2021-11-06 00:00:00+00:00,0.0027649653890984,0.3159143131011382,0.3285862964285714,0.001182575,bybit,0.1968638789703358,-0.0014008320398968,BTCUSDT_211231,0.00013698630136986303,0.0002465753424657534,0.34782608695652173,0.21739130434782605,0.17391304347826086,0.26086956521739124,1.1102230246251565e-16,0.001039509652521501,105957.68090386655,110.02965516975382
2021-11-07 00:00:00+00:00,0.0095290679792399,0.3253664279782809,0.3378215785714286,0.0007229550000000001,bybit,0.2131935503627396,-0.0054996089205622,BTCUSDT_211231,0.00013698630136986303,0.0002465753424657534,0.34782608695652173,0.21739130434782605,0.17391304347826086,0.26086956521739124,1.1102230246251565e-16,0.0025794928350636923,106230.99798257805,273.3170787114941
2021-11-08 00:00:00+00:00,0.0228272069818886,0.3399967799935111,0.29361199642857133,0.000166245,bybit,0.2745167684945067,0.0022171515699992,BTCUSDT_211231,0.00013698630136986303,0.0002465753424657534,0.34782608695652173,0.21739130434782605,0.17391304347826086,0.26086956521739124,1.1102230246251565e-16,0.008425953877821744,107126.09547197423,895.0974893961829
2021-11-09 00:00:00+00:00,-0.0030585082552909,0.3546442774093084,0.27041181428571426,0.000224015,bybit,0.2508180960377786,0.0059379969367113,BTCUSDT_211231,0.00013698630136986303,0.0002465753424657534,0.34782608695652173,0.21739130434782605,0.17391304347826086,0.26086956521739124,1.1102230246251565e-16,8.188907649184854e-05,107134.8679290006,8.772457026367192
2021-11-10 00:00:00+00:00,-0.0110782340755077,0.3589108213551585,0.26635118928571433,0.0007849700000000001,bybit,0.1761759920303274,-0.000605479788596,BTCUSDT_211231,0.00013698630136986303,0.0002465753424657534,0.34782608695652173,0.21739130434782605,0.17391304347826086,0.26086956521739124,1.1102230246251565e-16,-0.003723629987115264,106735.93732211452,-398.9306068860751
2021-11-11 00:00:00+00:00,-0.000595027272114,0.338943909433207,0.23792342500000002,0.000570365,bybit,0.1888543690039837,0.0008372924677178,BTCUSDT_211231,0.00013698630136986303,0.0002465753424657534,0.34782608695652173,0.21739130434782605,0.17391304347826086,0.26086956521739124,1.1102230246251565e-16,0.00012696646733711828,106749.48920701424,13.551884899716242
2021-11-12 00:00:00+00:00,-0.003556269245464,0.3514281846034823,0.21006167142857146,0.00045209,binance,0.1820673149529879,0.0003740512455664,BTCUSDT_211231,0.00013698630136986303,0.0002465753424657534,0.34782608695652173,0.21739130434782605,0.17391304347826086,0.26086956521739124,1.1102230246251565e-16,-0.001009306388115299,106641.74626562957,-107.7429413846694
2021-11-13 00:00:00+00:00,0.0013610052599516,0.3420570319296546,0.19255418571428573,0.00034508,binance,0.1794503015946985,-0.0003153153153153,BTCUSDT_211231,0.00013698630136986303,0.0002465753424657534,0.34782608695652173,0.21739130434782605,0.17391304347826086,0.26086956521739124,1.1102230246251565e-16,0.0005578970814411356,106701.24138463094,59.49511900136713
2021-11-14 00:00:00+00:00,0.0061076337173189,0.3454835938990182,0.17849177857142862,0.00018510500000000002,binance,0.1848944356878621,0.0009725408316048,BTCUSDT_211231,0.00013698630136986303,0.0002465753424657534,0.34782608695652173,0.21739130434782605,0.17391304347826086,0.26086956521739124,1.1102230246251565e-16,0.002398096092163692,106957.12121462442,255.87982999348606
2021-11-15 00:00:00+00:00,-0.010475584705922,0.3582466412407415,0.16647571785714285,0.0003893,binance,0.1786958221039494,0.0029684747245339,BTCUSDT_211231,0.00013698630136986303,0.0002465753424657534,0.34782608695652173,0.21739130434782605,0.17391304347826086,0.26086956521739124,1.1102230246251565e-16,-0.0029784707258454727,106638.55256016595,-318.56865445847507
2021-11-16 00:00:00+00:00,-0.0195719188428577,0.350684914601817,0.1681414214285714,0.00081963,bybit,0.1424576142263963,-0.0002147892559417,BTCUSDT_211231,0.00013698630136986303,0.0002465753424657534,0.34782608695652173,0.21739130434782605,0.17391304347826086,0.26086956521739124,1.1102230246251565e-16,-0.006602474161384082,105934.47427228007,-704.0782878858736
2021-11-17 00:00:00+00:00,0.0014926396914946,0.3223680745240628,0.15008043928571427,0.000438595,bybit,0.1485514351999519,0.0018787843937686,BTCUSDT_211231,0.00013698630136986303,0.0002465753424657534,0.34782608695652173,0.21739130434782605,0.17391304347826086,0.26086956521739124,1.1102230246251565e-16,0.0010055948766011184,106041.0014368637,106.52716458363284
2021-11-18 00:00:00+00:00,-0.019285025790034,0.3366282718075389,0.12816140714285715,0.00015000000000000001,bybit,0.1274010331010204,-0.0004937458275929,BTCUSDT_211231,0.00013698630136986303,0.0002465753424657534,0.34782608695652173,0.21739130434782605,0.17391304347826086,0.26086956521739124,1.1102230246251565e-16,-0.0066967711989499605,105330.8691125335,-710.1323243302031
2021-11-19 00:00:00+00:00,0.0062421905269643,0.3080806083471526,0.15305127857142858,0.0007236650000000001,bybit,0.1362368577320152,-0.0003990371430972,BTCUSDT_211231,0.00013698630136986303,0.0002465753424657534,0.34782608695652173,0.21739130434782605,0.17391304347826086,0.26086956521739124,1.1102230246251565e-16,0.0023234414216573964,105575.59921680873,244.7301042752224
2021-11-20 00:00:00+00:00,0.0088055029790711,0.3088602220447221,0.1401109857142857,0.000174915,bybit,0.1425985384173043,6.791440473730445e-05,BTCUSDT_211231,0.00013698630136986303,0.0002465753424657534,0.34782608695652173,0.21739130434782605,0.17391304347826086,0.26086956521739124,1.1102230246251565e-16,0.003176943848100545,105911.00696725011,335.4077504413872
2021-11-21 00:00:00+00:00,-0.0057850402438734,0.3174944545129965,0.1438113035714286,0.000264885,bybit,0.147607588411318,0.0013455694634883,BTCUSDT_211231,0.00013698630136986303,0.0002465753424657534,0.34782608695652173,0.21739130434782605,0.17391304347826086,0.26086956521739124,1.1102230246251565e-16,-0.0016562681322712816,105735.5899415535,-175.4170256966172
2021-11-22 00:00:00+00:00,-0.0129583937764528,0.3197880839732194,0.1456133607142857,0.000220895,bybit,0.1315347082334862,-0.0003752188109697,BTCUSDT_211231,0.00013698630136986303,0.0002465753424657534,0.34782608695652173,0.21739130434782605,0.17391304347826086,0.26086956521739124,1.1102230246251565e-16,-0.004460178191335072,105263.99036924823,-471.599572305262
2021-11-23 00:00:00+00:00,0.0070153742130894,0.3058308166525799,0.11447025714285715,0.00022236499999999998,bybit,0.1390061566154816,0.0001765689217496,BTCUSDT_211231,0.00013698630136986303,0.0002465753424657534,0.34782608695652173,0.21739130434782605,0.17391304347826086,0.26086956521739124,1.1102230246251565e-16,0.0025835020194133963,105535.9401009387,271.9497316904599
2021-11-24 00:00:00+00:00,-0.0022213490272893,0.3151821703170931,0.09942208928571425,0.00015000000000000001,bybit,0.1402617205531497,-0.000646939206616,BTCUSDT_211231,0.00013698630136986303,0.0002465753424657534,0.34782608695652173,0.21739130434782605,0.17391304347826086,0.26086956521739124,1.1102230246251565e-16,-0.0007882216082601686,105452.75439250308,-83.1857084356161
2021-11-25 00:00:00+00:00,0.0100692738737288,0.3157909795820381,0.11198538928571428,0.00039094,bybit,0.152416009294681,0.0032451464000558,BTCUSDT_211231,0.00013698630136986303,0.0002465753424657534,0.34782608695652173,0.21739130434782605,0.17391304347826086,0.26086956521739124,1.1102230246251565e-16,0.004216040375862961,105897.34746276782,444.5930702647456
2021-11-26 00:00:00+00:00,-0.0286724903342762,0.3228826990382213,0.09227408571428569,0.00034564000000000003,bybit,0.0977647090074224,-0.0006886728028033,BTCUSDT_211231,0.00013698630136986303,0.0002465753424657534,0.34782608695652173,0.21739130434782605,0.17391304347826086,0.26086956521739124,1.1102230246251565e-16,-0.009953346166549056,104843.31450535156,-1054.0329574162606
2021-11-27 00:00:00+00:00,0.0050067953316472,0.2744131620318658,0.1315772857142857,0.000928675,bybit,0.1133285932838098,-0.0016186647071519,BTCUSDT_211231,0.00013698630136986303,0.0002465753424657534,0.34782608695652173,0.21739130434782605,0.17391304347826086,0.26086956521739124,1.1102230246251565e-16,0.0017261969947549788,105024.29471977086,180.9802144192945
2021-11-28 00:00:00+00:00,0.0130969685362993,0.2808334860297367,0.13302112142857145,0.000292575,bybit,0.145766637427554,0.0008683562497206,BTCUSDT_211231,0.00013698630136986303,0.0002465753424657534,0.34782608695652173,0.21739130434782605,0.17391304347826086,0.26086956521739124,1.1102230246251565e-16,0.004834413058437884,105532.02554161736,507.7308218465041
2021-11-29 00:00:00+00:00,0.0025648733297287,0.2955192833525434,0.1356280035714286,0.00027089000000000003,bybit,0.1293799084831567,0.0001844183379848,BTCUSDT_211231,0.00013698630136986303,0.0002465753424657534,0.34782608695652173,0.21739130434782605,0.17391304347826086,0.26086956521739124,1.1102230246251565e-16,0.0010474157410679706,105642.56144635644,110.53590473908116
2021-11-30 00:00:00+00:00,-0.0042721100019325,0.2986092870890796,0.13185468571428577,0.00015000000000000001,bybit,0.1310840433776132,-7.01485639473779e-05,BTCUSDT_211231,0.00013698630136986303,0.0002465753424657534,0.34782608695652173,0.21739130434782605,0.17391304347826086,0.26086956521739124,1.1102230246251565e-16,-0.0014012183572371735,105494.53314995226,-148.0282964041835
2021-12-01 00:00:00+00:00,0.0012512876154721,0.3089633708346441,0.1416322535714286,0.000337515,bybit,0.1366003678996613,0.0012002468519641,BTCUSDT_211231,0.00013698630136986303,0.0002465753424657534,0.34782608695652173,0.21739130434782605,0.17391304347826086,0.26086956521739124,1.1102230246251565e-16,0.0007816658863664227,105576.99462771372,82.46147776146245
2021-12-02 00:00:00+00:00,-0.003753653643813,0.3044685367436567,0.13347945714285714,0.000234585,bybit,0.1124818617080469,0.0010588640224191,BTCUSDT_211231,0.00013698630136986303,0.0002465753424657534,0.34782608695652173,0.21739130434782605,0.17391304347826086,0.26086956521739124,1.1102230246251565e-16,-0.0010061476524362207,105470.76858241778,-106.22604529594537
2021-12-03 00:00:00+00:00,-0.0157577107938621,0.3089717765443691,0.1373468928571429,0.00041981,bybit,0.0936680411511114,0.0015850435765717,BTCUSDT_211231,0.00013698630136986303,0.0002465753424657534,0.34782608695652173,0.21739130434782605,0.17391304347826086,0.26086956521739124,1.1102230246251565e-16,-0.005049696086513716,104938.17325506554,-532.5953273522318
2021-12-04 00:00:00+00:00,-0.0227013084079145,0.2728762503727934,0.10815888571428572,0.00036890500000000005,bybit,0.0591952091266356,0.0005814560285576,BTCUSDT_211231,0.00013698630136986303,0.0002465753424657534,0.4,0.25,0.0,0.3,0.050000000000000044,-0.00890747519535758,104003.43907974989,-934.7341753156506
2021-12-05 00:00:00+00:00,0.0009842057416683,0.2156718884458493,0.0992090857142857,0.00012093500000000001,bybit,0.0449235725687436,-0.0011712408593917,BTCUSDT_211231,0.00013698630136986303,0.0002465753424657534,0.4,0.25,0.0,0.3,0.050000000000000044,0.0005047379644755393,104055.93356388947,52.49448413957725
2021-12-06 00:00:00+00:00,0.0046484873462834,0.2199064372384817,0.09111260357142857,0.00011561500000000001,bybit,0.0792433753512947,0.000531601493361,BTCUSDT_211231,0.00013698630136986303,0.0002465753424657534,0.34782608695652173,0.21739130434782605,0.17391304347826086,0.26086956521739124,1.1102230246251565e-16,0.0017987752955872054,104243.10680654345,187.17324265398202
2021-12-07 00:00:00+00:00,0.0006533186288435,0.2286191685839708,0.08927769642857143,0.00011481000000000001,bybit,0.0661827253448303,-0.0001023939022256,BTCUSDT_211231,0.00013698630136986303,0.0002465753424657534,0.34782608695652173,0.21739130434782605,0.17391304347826086,0.26086956521739124,1.1102230246251565e-16,0.00029871632507130953,104274.24592432273,31.13911777928297
2021-12-08 00:00:00+00:00,-0.0005420139099975,0.2311894665412732,0.0751355107142857,6.629500000000001e-05,bybit,0.072478843440402,0.0004388642312573,BTCUSDT_211231,0.00013698630136986303,0.0002465753424657534,0.34782608695652173,0.21739130434782605,0.17391304347826086,0.26086956521739124,1.1102230246251565e-16,-3.346640435462085e-05,104270.75624024484,-3.489684077896527
2021-12-09 00:00:00+00:00,-0.0137594305691013,0.2372158185697185,0.07072500714285714,0.00015000000000000001,bybit,0.0649774917467274,6.888125691583791e-05,BTCUSDT_211231,0.00013698630136986303,0.0002465753424657534,0.4,0.25,0.0,0.3,0.050000000000000044,-0.005385450309832301,103709.21126374438,-561.5449765004596
2021-12-10 00:00:00+00:00,-0.0019067819923506,0.2209596647019535,0.056656342857142855,0.00015000000000000001,bybit,0.0662415387002745,-0.0004544920359419,BTCUSDT_211231,0.00013698630136986303,0.0002465753424657534,0.4,0.0,0.2,0.3,0.09999999999999987,-0.0007659399712519078,103629.77623345047,-79.43503029391286
2021-12-11 00:00:00+00:00,0.0103279036705063,0.216574295539479,0.052468749999999995,0.00015000000000000001,binance,0.0822192411863221,0.0003726463601228,BTCUSDT_211231,0.00013698630136986303,0.0002465753424657534,0.4,0.0,0.2,0.3,0.09999999999999987,0.004293361973103792,104074.6963740124,444.92014056193875
2021-12-12 00:00:00+00:00,0.0029882241189848,0.2230211547029609,0.053179717857142865,0.00015000000000000001,binance,0.0712710645292784,0.0010503677036154,BTCUSDT_211231,0.00013698630136986303,0.0002465753424657534,0.4,0.0,0.2,0.3,0.09999999999999987,0.0014930344211937126,104230.0834780741,155.38710406169412
2021-12-13 00:00:00+00:00,-0.0155231248523515,0.2316649378456793,0.053179717857142865,0.00015000000000000001,binance,0.0349738505762521,-0.0011313038311448,BTCUSDT_211231,0.00013698630136986303,0.0002465753424657534,0.4,0.0,0.0,0.3,0.30000000000000004,-0.006094181447789914,103594.88643704042,-635.1970410336799
2021-12-14 00:00:00+00:00,-0.0003474974067685,0.0,0.051711375000000004,9.172500000000001e-05,binance,0.0827054544328911,-6.722754434528154e-05,BTCUSDT_211231,0.00013698630136986303,0.0002465753424657534,0.0,0.0,0.2,0.3,0.5,0.00012902024455560123,103608.25227462324,13.365837582823588
2021-12-15 00:00:00+00:00,0.0020097599806353,0.2162992356661705,0.051711375000000004,0.00015000000000000001,binance,0.0899708748473827,0.0006231456556412,BTCUSDT_211231,0.00013698630136986303,0.0002465753424657534,0.4,0.0,0.2,0.3,0.09999999999999987,0.0010162043562590723,103713.53943192911,105.28715730586555
2021-12-16 00:00:00+00:00,-0.0054726813200929,0.2169210496977051,0.051711375000000004,0.00015000000000000001,binance,0.0673411658203934,-8.796537145534884e-05,BTCUSDT_211231,0.00013698630136986303,0.0002465753424657534,0.4,0.0,0.2,0.3,0.09999999999999987,-0.0021189943694515175,103493.77102583696,-219.7684060921456
2021-12-17 00:00:00+00:00,-0.0070437852977578,0.2232001652780711,0.05032385357142857,0.00012339,binance,0.0792351875891891,-5.874549112087891e-05,BTCUSDT_211231,0.00013698630136986303,0.0002465753424657534,0.4,0.0,0.2,0.3,0.09999999999999987,-0.0027415919844505834,103210.03333275196,-283.7376930850005
2021-12-18 00:00:00+00:00,-0.0003348002479171,0.0,0.04947444642857142,0.00013371,binance,0.0872981089671841,-4.804152837870363e-06,BTCUSDT_211231,0.00013698630136986303,0.0002465753424657534,0.0,0.0,0.2,0.3,0.5,0.00014150492285708348,103224.63806055677,14.604727804806316
2021-12-19 00:00:00+00:00,-0.0,0.0,0.04871316071428572,0.0001354,binance,0.0951766373765213,0.0003420004142992,BTCUSDT_211231,0.00013698630136986303,0.0002465753424657534,0.0,0.0,0.2,0.3,0.5,0.00021086583628449757,103246.40461018657,21.766549629799556
2021-12-20 00:00:00+00:00,0.0,0.0,0.048713160714285726,0.00015000000000000001,binance,0.0807298420620279,-0.0007298436122484,BTCUSDT_211231,0.00013698630136986303,0.0002465753424657534,0.0,0.0,0.2,0.3,0.5,-3.5029690250224633e-06,103246.04294122927,-0.3616689572954783
2021-12-21 00:00:00+00:00,0.0,0.0,0.05397046428571429,0.00015000000000000001,bybit,0.1363396678412811,0.0002493358543731,BTCUSDT_211231,0.00013698630136986303,0.0002465753424657534,0.0,0.0,0.2,0.3,0.5,0.00019233292429927755,103265.90055459048,19.85761336120777
2021-12-22 00:00:00+00:00,-0.0018384296447626,0.2396465794544142,0.05474999999999999,0.00015000000000000001,bybit,0.1320797311754762,0.000644704388888,BTCUSDT_211231,0.00013698630136986303,0.0002465753424657534,0.4,0.0,0.2,0.3,0.09999999999999987,-0.0005187597472507278,103212.33036211916,-53.57019247132121
2021-12-23 00:00:00+00:00,0.0111087683670626,0.2398275173762358,0.05474999999999999,0.00015000000000000001,bybit,0.0857867001607664,0.0,BTCUSDT_211231,0.00013698630136986303,0.0002465753424657534,0.4,0.0,0.2,0.3,0.09999999999999987,0.004531178579701753,103680.00386261712,467.6735004979564
2021-12-24 00:00:00+00:00,-0.0001284239709903,0.2610519219659113,0.05474999999999999,0.00015000000000000001,bybit,0.1086881732985627,0.0001568280204644,BTCUSDT_220325,0.00013698630136986303,0.0002465753424657534,0.4,0.0,0.2,0.3,0.09999999999999987,6.766724857347231e-05,103687.01960321059,7.015740593473311
2021-12-25 00:00:00+00:00,-0.0026826854586443,0.3146264635796968,0.05474999999999999,0.00015000000000000001,bybit,0.1054403277059141,0.000125298464315,BTCUSDT_220325,0.00013698630136986303,0.0002465753424657534,0.4,0.0,0.2,0.3,0.09999999999999987,-0.0009603432577180076,103587.44447302177,-99.5751301888231
2021-12-26 00:00:00+00:00,0.0023664412598824,0.3180297522757409,0.05474999999999999,0.00015000000000000001,bybit,0.1048157113032999,0.0006937402278146,BTCUSDT_220325,0.00013698630136986303,0.0002465753424657534,0.4,0.0,0.2,0.3,0.09999999999999987,0.0011729957823925924,103708.95210849744,121.50763547567476
2021-12-27 00:00:00+00:00,-0.0005089223935179,0.3332792790356692,0.05474999999999999,0.00015000000000000001,bybit,0.1003983273991281,-0.0019190776435541,BTCUSDT_220325,0.00013698630136986303,0.0002465753424657534,0.4,0.0,0.2,0.3,0.09999999999999987,-0.0004997132532412677,103657.12737064908,-51.82473784836475
2021-12-28 00:00:00+00:00,-0.0208406177135365,0.3345945774705607,0.05474999999999999,0.00015000000000000001,bybit,0.1254691934762322,0.0044613654710378,BTCUSDT_220325,0.00013698630136986303,0.0002465753424657534,0.4,0.0,0.2,0.3,0.09999999999999987,-0.0073563027583303285,102894.59415865176,-762.5332119973173
2021-12-29 00:00:00+00:00,-0.0005018918662058,0.0,0.05474999999999999,0.00015000000000000001,bybit,0.091126670623262,-0.0006412400305952,BTCUSDT_220325,0.00013698630136986303,0.0002465753424657534,0.0,0.0,0.2,0.3,0.5,1.4217747305617537e-05,102896.05708799063,1.4629293388716178
2021-12-30 00:00:00+00:00,0.0,0.0,0.05474999999999999,0.00015000000000000001,binance,0.0963452075481624,0.0007243075096023,BTCUSDT_220325,0.00013698630136986303,0.0002465753424657534,0.0,0.0,0.2,0.3,0.5,0.00028732725534511754,102925.62192965957,29.564841668936424
2021-12-31 00:00:00+00:00,-0.0,0.0,0.05474999999999999,0.00015000000000000001,bybit,0.0929812975255523,-0.0009290967617277,BTCUSDT_220325,0.00013698630136986303,0.0002465753424657534,0.0,0.0,0.2,0.3,0.5,-4.335359892088248e-05,102921.15973352776,-4.462196131804376
2022-01-01 00:00:00+00:00,0.0,0.0,0.05474999999999999,0.00015000000000000001,bybit,0.0990462600044212,0.0001585201157102,BTCUSDT_220325,0.00013698630136986303,0.0002465753424657534,0.0,0.0,0.2,0.3,0.5,0.00017416977656669756,102939.08548892252,17.92575539475365
2022-01-02 00:00:00+00:00,-0.0,0.0,0.05474999999999999,0.00015000000000000001,bybit,0.0997552845559404,0.0004675784764174,BTCUSDT_220325,0.00013698630136986303,0.0002465753424657534,0.0,0.0,0.2,0.3,0.5,0.00023598144870813756,102963.37720344488,24.291714522361872
2022-01-03 00:00:00+00:00,-0.0,0.0,0.05474999999999999,0.00015000000000000001,bybit,0.0985232025620777,6.146910074257179e-05,BTCUSDT_220325,0.00013698630136986303,0.0002465753424657534,0.0,0.0,0.2,0.3,0.5,0.0001547595735731719,102979.31177179453,15.934568349650363
2022-01-04 00:00:00+00:00,-0.0,0.0,0.05474999999999999,0.00015000000000000001,bybit,0.1005229069159306,0.0018133614475996,BTCUSDT_220325,0.00013698630136986303,0.0002465753424657534,0.0,0.0,0.2,0.3,0.5,0.0005051380429445776,103031.33053980673,52.01876801220351
2022-01-05 00:00:00+00:00,-0.0,0.0,0.05474999999999999,0.00015000000000000001,bybit,0.0896986329705421,0.0003829589702269,BTCUSDT_220325,0.00013698630136986303,0.0002465753424657534,0.0,0.0,0.2,0.3,0.5,0.00021905754747003755,103053.90033038738,22.56979058064462
2022-01-06 00:00:00+00:00,-0.0,0.0,0.05474999999999999,0.00015000000000000001,bybit,0.088011568243826,0.0011230827687745,BTCUSDT_220325,0.00013698630136986303,0.0002465753424657534,0.0,0.0,0.2,0.3,0.5,0.0003670823071795576,103091.7295938845,37.82926349712943
2022-01-07 00:00:00+00:00,-0.0,0.0,0.05474999999999999,0.00015000000000000001,binance,0.0813701359814474,-0.0002951897779173,BTCUSDT_220325,0.00013698630136986303,0.0002465753424657534,0.0,0.0,0.2,0.3,0.5,8.342779784119754e-05,103100.33030986016,8.600715975655476
2022-01-08 00:00:00+00:00,0.0,0.0,0.05474999999999999,0.00015000000000000001,binance,0.085044442771426,0.0001545115204653,BTCUSDT_220325,0.00013698630136986303,0.0002465753424657534,0.0,0.0,0.2,0.3,0.5,0.00017336805751771756,103118.20461385543,17.874303995267837
2022-01-09 00:00:00+00:00,0.0,0.0,0.05474999999999999,0.00015000000000000001,binance,0.0843005223344517,0.0003758543610332,BTCUSDT_220325,0.00013698630136986303,0.0002465753424657534,0.0,0.0,0.2,0.3,0.5,0.00021763662563129753,103140.64691194876,22.442298093330464
2022-01-10 00:00:00+00:00,-0.0,0.0,0.05474999999999999,0.00015000000000000001,bybit,0.0818142990219544,0.0002295415696195,BTCUSDT_220325,0.00013698630136986303,0.0002465753424657534,0.0,0.0,0.2,0.3,0.5,0.00018837406734855755,103160.07593511652,19.429023167758714
2022-01-11 00:00:00+00:00,0.0,0.0,0.0542861892857143,0.000141105,bybit,0.0789282948534836,0.0004372878650686,BTCUSDT_220325,0.00013698630136986303,0.0002465753424657534,0.0,0.0,0.2,0.3,0.5,0.00022992332643837756,103183.79484293117,23.718907814647537
2022-01-12 00:00:00+00:00,0.0,0.0,0.050911242857142866,8.5275e-05,bybit,0.0735706181204813,0.0008205653142657,BTCUSDT_220325,0.00013698630136986303,0.0002465753424657534,0.0,0.0,0.2,0.3,0.5,0.0003065788162777976,103215.42880861316,31.633965681990958
2022-01-13 00:00:00+00:00,-0.0,0.0,0.04428206071428572,2.2865000000000006e-05,bybit,0.0682573456893098,-0.0005292514516527,BTCUSDT_220325,0.00013698630136986303,0.0002465753424657534,0.0,0.0,0.2,0.3,0.5,3.6615463094117525e-05,103219.20808933747,3.7792807243095012
2022-01-14 00:00:00+00:00,0.0,0.0,0.04428206071428572,0.00015000000000000001,bybit,0.0738840511164962,-6.467725469321975e-05,BTCUSDT_220325,0.00013698630136986303,0.0002465753424657534,0.0,0.0,0.2,0.3,0.5,0.0001295303024860136,103232.57810458363,13.370015246167895
2022-01-15 00:00:00+00:00,0.0,0.0,0.04343552142857143,0.000133765,bybit,0.0755963871440532,0.0002839782203675,BTCUSDT_220325,0.00013698630136986303,0.0002465753424657534,0.0,0.0,0.2,0.3,0.5,0.00019926139749815755,103253.1483723641,20.570267780465656
2022-01-16 00:00:00+00:00,-0.0,0.0,0.04194162857142858,0.00012135,bybit,0.0736811083449955,0.000569516011224,BTCUSDT_220325,0.00013698630136986303,0.0002465753424657534,0.0,0.0,0.2,0.3,0.5,0.00025636895566945756,103279.6192741819,26.470901817796403
2022-01-17 00:00:00+00:00,-0.0,0.0,0.04194162857142858,0.00015000000000000001,bybit,0.0699894260973656,0.0002594687123385,BTCUSDT_220325,0.00013698630136986303,0.0002465753424657534,0.0,0.0,0.2,0.3,0.5,0.00019435949589235752,103299.69264891998,20.073374738087296
2022-01-18 00:00:00+00:00,0.0,0.0,0.042405439285714296,0.00015000000000000001,bybit,0.0679377103343599,0.0013197686444031,BTCUSDT_220325,0.00013698630136986303,0.0002465753424657534,0.0,0.0,0.2,0.3,0.5,0.00040641948230527757,103341.67565652865,41.9830076086655
2022-01-19 00:00:00+00:00,-0.0,0.0,0.04578038571428572,0.00015000000000000001,bybit,0.055060679571091,5.880939538902481e-05,BTCUSDT_220325,0.00013698630136986303,0.0002465753424657534,0.0,0.0,0.0,0.3,0.7,0.00016986301369863014,103359.22958499633,17.553928467677906
2022-01-20 00:00:00+00:00,-0.0,0.0,0.05240956785714286,0.00015000000000000001,bybit,0.0565799589721562,0.0014933294265048,BTCUSDT_220325,0.00013698630136986303,0.0002465753424657534,0.0,0.0,0.0,0.3,0.7,0.00016986301369863014,103376.78649522719,17.55691023086547
2022-01-21 00:00:00+00:00,-0.0,0.0,0.05240956785714286,0.00015000000000000001,bybit,0.0448433818337935,-0.0007544180581808,BTCUSDT_220325,0.00013698630136986303,0.0002465753424657534,0.0,0.0,0.0,0.3,0.7,0.00016986301369863014,103394.34638772775,17.559892500561546
2022-01-22 00:00:00+00:00,-0.0,0.0,0.05191707857142858,0.00012432,bybit,0.0565823277370911,-0.0017203466526305,BTCUSDT_220325,0.00013698630136986303,0.0002465753424657534,0.0,0.0,0.0,0.3,0.7,0.00016986301369863014,103411.90926300456,17.56287527680979
2022-01-23 00:00:00+00:00,0.0,0.0,0.04871785357142857,5.9995000000000004e-05,bybit,0.0755698691703813,0.0011698310504613,BTCUSDT_220325,0.00013698630136986303,0.0002465753424657534,0.0,0.0,0.2,0.3,0.5,0.00037643196351691755,103450.83681105946,38.92754805489676
2022-01-24 00:00:00+00:00,0.0,0.0,0.04777693571428572,0.000131955,bybit,0.0618864568032409,0.0010606827267061,BTCUSDT_220325,0.00013698630136986303,0.0002465753424657534,0.0,0.0,0.0,0.3,0.7,0.00016986301369863014,103468.40928196983,17.572470910366974
2022-01-25 00:00:00+00:00,0.0,0.0,0.04239840000000001,4.685000000000001e-05,bybit,0.0494100803099825,0.0003141376556076,BTCUSDT_220325,0.00013698630136986303,0.0002465753424657534,0.0,0.0,0.0,0.3,0.7,0.00016986301369863014,103485.98473779307,17.57545582324383
2022-01-26 00:00:00+00:00,-0.0,0.0,0.023423614285714284,-2.6795e-05,binance,0.0464956017628445,-0.00023417969461,BTCUSDT_220325,0.00013698630136986303,0.0002465753424657534,0.0,0.0,0.0,0.3,0.7,0.00016986301369863014,103503.5631790362,17.57844124312396
2022-01-27 00:00:00+00:00,0.0,0.0,0.009707696428571432,-0.000113045,binance,0.0498355692487946,0.0006022588744379,BTCUSDT_220325,0.00013698630136986303,0.0002465753424657534,0.0,0.0,0.0,0.3,0.7,0.00016986301369863014,103521.14460620633,17.58142717013834
2022-01-28 00:00:00+00:00,0.0,0.0,0.00626705,4.776e-05,binance,0.042242054948808,-0.0001460896751984,BTCUSDT_220325,0.00013698630136986303,0.0002465753424657534,0.0,0.0,0.0,0.3,0.7,0.00016986301369863014,103538.72901981068,17.584413604345173
2022-01-29 00:00:00+00:00,0.0,0.0,0.0031504714285714285,5.585e-06,binance,0.044418805815349,-0.0004936222123706,BTCUSDT_220325,0.00013698630136986303,0.0002465753424657534,0.0,0.0,0.0,0.3,0.7,0.00016986301369863014,103556.3164203565,17.587400545817218
2022-01-30 00:00:00+00:00,-0.0,0.0,0.007844632142857143,0.00012588,binance,0.0523051003770483,0.0010181681104573,BTCUSDT_220325,0.00013698630136986303,0.0002465753424657534,0.0,0.0,0.0,0.3,0.7,0.00016986301369863014,103573.9068083512,17.590387994699995
2022-01-31 00:00:00+00:00,0.0,0.0,0.0031038035714285716,-2.0449999999999996e-05,binance,0.0386708357005976,-0.0003471816028846,BTCUSDT_220325,0.00013698630136986303,0.0002465753424657534,0.0,0.0,0.0,0.3,0.7,0.00016986301369863014,103591.50018430219,17.593375950993504
2022-02-01 00:00:00+00:00,0.0,0.0,-9.281428571428552e-05,-2.0714999999999997e-05,binance,0.0440277956169078,0.0004156911857704,BTCUSDT_220325,0.00013698630136986303,0.0002465753424657534,0.0,0.0,0.0,0.3,0.7,0.00016986301369863014,103609.09654871706,17.59636441487237
2022-02-02 00:00:00+00:00,-0.0,0.0,0.0038197250000000004,4.824e-05,binance,0.0408388763106427,-0.0001131547935893,BTCUSDT_220325,0.00013698630136986303,0.0002465753424657534,0.0,0.0,0.0,0.3,0.7,0.00016986301369863014,103626.6959021034,17.59935338633659
2022-02-03 00:00:00+00:00,0.0,0.0,0.007607382142857143,-4.0405000000000004e-05,binance,0.042825731722646,-0.0002688171322545,BTCUSDT_220325,0.00013698630136986303,0.0002465753424657534,0.0,0.0,0.0,0.3,0.7,0.00016986301369863014,103644.29824496897,17.602342865575338
2022-02-04 00:00:00+00:00,0.0,0.0,0.005870764285714286,1.4455000000000003e-05,binance,0.0428133682139633,7.865445558240494e-05,BTCUSDT_220325,0.00013698630136986303,0.0002465753424657534,0.0,0.0,0.0,0.3,0.7,0.00016986301369863014,103661.90357782152,17.60533285254496
2022-02-05 00:00:00+00:00,-0.0,0.0,0.012737978571428572,0.000137285,binance,0.0427059875904342,0.000132664485234,BTCUSDT_220325,0.00013698630136986303,0.0002465753424657534,0.0,0.0,0.0,0.3,0.7,0.00016986301369863014,103679.51190116897,17.608323347449186
2022-02-06 00:00:00+00:00,0.0,0.0,0.013995664285714284,0.00015000000000000001,binance,0.0405752868557632,2.029217427581317e-05,BTCUSDT_220325,0.00013698630136986303,0.0002465753424657534,0.0,0.0,0.0,0.3,0.7,0.00016986301369863014,103697.12321551931,17.61131435034622
2022-02-07 00:00:00+00:00,0.0,0.0,0.014312171428571427,-1.4380000000000001e-05,binance,0.0397662291199545,0.0006443888331178,BTCUSDT_220325,0.00013698630136986303,0.0002465753424657534,0.0,0.0,0.0,0.3,0.7,0.00016986301369863014,103714.73752138058,17.614305861265166
2022-02-08 00:00:00+00:00,0.0,0.0,0.02321373928571429,0.00015000000000000001,binance,0.0300573245468674,0.0003534047075368,BTCUSDT_220325,0.00013698630136986303,0.0002465753424657534,0.0,0.0,0.0,0.3,0.7,0.00016986301369863014,103732.35481926093,17.617297880351543
2022-02-09 00:00:00+00:00,0.0,0.0,0.025694175,9.580999999999999e-05,binance,0.0246922802200011,0.0003123540770094,BTCUSDT_220325,0.00013698630136986303,0.0002465753424657534,0.0,0.0,0.0,0.3,0.7,0.00016986301369863014,103749.9751096686,17.62029040766356
2022-02-10 00:00:00+00:00,-0.0,0.0,0.032546267857142853,9.100500000000001e-05,binance,0.0203664225865495,-0.0001173686253087,BTCUSDT_220325,0.00013698630136986303,0.0002465753424657534,0.0,0.0,0.0,0.3,0.7,0.00016986301369863014,103767.59839311187,17.623283443273976
2022-02-11 00:00:00+00:00,-0.0,0.0,0.02944976428571429,-4.4930000000000005e-05,binance,0.0234972908248307,0.0002057878784803,BTCUSDT_220325,0.00013698630136986303,0.0002465753424657534,0.0,0.0,0.0,0.3,0.7,0.00016986301369863014,103785.22467009918,17.62627698731376
2022-02-12 00:00:00+00:00,-0.0,0.0,0.030112760714285723,0.00015000000000000001,binance,0.0204817036586403,-0.0001067083678073,BTCUSDT_220325,0.00013698630136986303,0.0002465753424657534,0.0,0.0,0.0,0.3,0.7,0.00016986301369863014,103802.85394113904,17.629271039855666
2022-02-13 00:00:00+00:00,-0.0,0.0,0.02823509642857143,0.00011398999999999998,binance,0.0230307540413841,0.0004610775851614,BTCUSDT_220325,0.00013698630136986303,0.0002465753424657534,0.0,0.0,0.0,0.3,0.7,0.00016986301369863014,103820.48620674001,17.63226560097246
2022-02-14 00:00:00+00:00,0.0,0.0,0.03394604285714285,9.5145e-05,binance,0.0148208905885356,-0.0003512323931244,BTCUSDT_220325,0.00013698630136986303,0.0002465753424657534,0.0,0.0,0.0,0.3,0.7,0.00016986301369863014,103838.12146741073,17.635260670722346
2022-02-15 00:00:00+00:00,0.0,0.0,0.028132635714285717,3.851e-05,binance,0.0209679812547096,0.0002155130805214,BTCUSDT_220325,0.00013698630136986303,0.0002465753424657534,0.0,0.0,0.0,0.3,0.7,0.00016986301369863014,103855.75972366,17.638256249265396
2022-02-16 00:00:00+00:00,-0.0,0.0,0.030958257142857142,0.00015000000000000001,binance,0.0175471070515832,-4.8548601937044056e-05,BTCUSDT_220325,0.00013698630136986303,0.0002465753424657534,0.0,0.0,0.0,0.3,0.7,0.00016986301369863014,103873.4009759966,17.64125233660161
2022-02-17 00:00:00+00:00,-0.0,0.0,0.03811277857142858,0.00015000000000000001,bybit,0.0205952397602802,-0.0001315539408179,BTCUSDT_220325,0.00013698630136986303,0.0002465753424657534,0.0,0.0,0.0,0.3,0.7,0.00016986301369863014,103891.04522492952,17.644248932920163
2022-02-18 00:00:00+00:00,-0.0,0.0,0.040119235714285724,0.00015000000000000001,bybit,0.0242514967063951,-0.0003648581443543,BTCUSDT_220325,0.00013698630136986303,0.0002465753424657534,0.0,0.0,0.0,0.3,0.7,0.00016986301369863014,103908.69247096773,17.647246038206504
2022-02-19 00:00:00+00:00,0.0,0.0,0.042473225,0.00012062,bybit,0.0327127899751488,0.0007999167647434,BTCUSDT_220325,0.00013698630136986303,0.0002465753424657534,0.0,0.0,0.0,0.3,0.7,0.00016986301369863014,103926.34271462032,17.650243652591598
2022-02-20 00:00:00+00:00,-0.0,0.0,0.042473225,0.00015000000000000001,bybit,0.0167147106102052,-0.0002713165875119,BTCUSDT_220325,0.00013698630136986303,0.0002465753424657534,0.0,0.0,0.0,0.3,0.7,0.00016986301369863014,103943.9959563965,17.65324177617731
2022-02-21 00:00:00+00:00,-0.0,0.0,0.042095450000000006,6.112999999999999e-05,bybit,0.0242992018516986,0.0002171142796615,BTCUSDT_220325,0.00013698630136986303,0.0002465753424657534,0.0,0.0,0.0,0.3,0.7,0.00016986301369863014,103961.65219680553,17.6562404090364
2022-02-22 00:00:00+00:00,0.0,0.0,0.03825434642857144,-4.8104999999999994e-05,bybit,0.0193319317157926,-0.0001192770242893,BTCUSDT_220325,0.00013698630136986303,0.0002465753424657534,0.0,0.0,0.0,0.3,0.7,0.00016986301369863014,103979.31143635677,17.659239551241626
2022-02-23 00:00:00+00:00,-0.0,0.0,0.018250782142857143,-0.00023363,bybit,0.0234808438082744,-5.2348979235192886e-05,BTCUSDT_220325,0.00013698630136986303,0.0002465753424657534,0.0,0.0,0.0,0.3,0.7,0.00016986301369863014,103996.97367555964,17.66223920286575
2022-02-24 00:00:00+00:00,0.0,0.0,0.001693339285714288,-0.00016754,bybit,0.0248885483887208,4.2528532601277754e-05,BTCUSDT_220325,0.00013698630136986303,0.0002465753424657534,0.0,0.0,0.0,0.3,0.7,0.00016986301369863014,104014.63891492371,17.66523936406884
2022-02-25 00:00:00+00:00,0.0,0.0,-0.0017723357142857147,8.609e-05,binance,0.0241076075078295,0.0005003930475836,BTCUSDT_220325,0.00013698630136986303,0.0002465753424657534,0.0,0.0,0.0,0.3,0.7,0.00016986301369863014,104032.30715495857,17.66824003486545
2022-02-26 00:00:00+00:00,-0.0,0.0,0.0003850749999999992,0.00013473,binance,0.0115013809004507,-0.0001872600770207,BTCUSDT_220325,0.00013698630136986303,0.0002465753424657534,0.0,0.0,0.0,0.3,0.7,0.00016986301369863014,104049.97839617393,17.67124121535744
2022-02-27 00:00:00+00:00,-0.0,0.0,0.0016005250000000002,3.3744999999999996e-05,binance,0.0178482774651593,-0.0004730885934321,BTCUSDT_220325,0.00013698630136986303,0.0002465753424657534,0.0,0.0,0.0,0.3,0.7,0.00016986301369863014,104067.65263907958,17.67424290564668
2022-02-28 00:00:00+00:00,0.0,0.0,-0.007281489285714284,-0.000177695,binance,0.0282798887859123,0.0002004170528266,BTCUSDT_220325,0.00013698630136986303,0.0002465753424657534,0.0,0.0,0.0,0.3,0.7,0.00016986301369863014,104085.3298841854,17.677245105820475
2022-03-01 00:00:00+00:00,0.0,0.0,0.0006270178571428579,0.00012184500000000001,binance,0.0226989027761529,-0.0003435296660152,BTCUSDT_220325,0.00013698630136986303,0.0002465753424657534,0.0,0.0,0.0,0.3,0.7,0.00016986301369863014,104103.01013200133,17.680247815937037
2022-03-02 00:00:00+00:00,-0.0,0.0,0.010547457142857142,9.7465e-05,binance,0.0350053995957399,0.0003419681233764,BTCUSDT_220325,0.00013698630136986303,0.0002465753424657534,0.0,0.0,0.0,0.3,0.7,0.00016986301369863014,104120.69338303746,17.68325103612733
2022-03-03 00:00:00+00:00,-0.0,0.0,0.023265100000000004,0.00015000000000000001,binance,0.0261052604530262,0.0004034955481227,BTCUSDT_220325,0.00013698630136986303,0.0002465753424657534,0.0,0.0,0.0,0.3,0.7,0.00016986301369863014,104138.3796378039,17.686254766435013
2022-03-04 00:00:00+00:00,-0.0,0.0,0.026597550000000005,0.00015000000000000001,binance,0.0144468850396432,6.258196321399224e-05,BTCUSDT_220325,0.00013698630136986303,0.0002465753424657534,0.0,0.0,0.0,0.3,0.7,0.00016986301369863014,104156.06889681086,17.689259006961947
2022-03-05 00:00:00+00:00,0.0,0.0,0.02521837142857143,0.00010828,binance,0.0128034547981669,-1.9671069263521644e-05,BTCUSDT_220325,0.00013698630136986303,0.0002465753424657534,0.0,0.0,0.0,0.3,0.7,0.00016986301369863014,104173.76116056867,17.692263757809997
2022-03-06 00:00:00+00:00,-0.0,0.0,0.024791582142857142,2.556e-05,binance,0.0145950921690078,0.0001182952675907,BTCUSDT_220325,0.00013698630136986303,0.0002465753424657534,0.0,0.0,0.0,0.3,0.7,0.00016986301369863014,104191.45642958772,17.69526901905192
2022-03-07 00:00:00+00:00,-0.0,0.0,0.030969728571428573,-5.921e-05,binance,0.0107292653820496,-0.0003813046225123,BTCUSDT_220325,0.00013698630136986303,0.0002465753424657534,0.0,0.0,0.0,0.3,0.7,0.00016986301369863014,104209.15470437848,17.69827479076048
2022-03-08 00:00:00+00:00,0.0,0.0,0.03071136071428572,0.00011689,binance,0.0272022883362825,0.0001649856973666,BTCUSDT_220325,0.00013698630136986303,0.0002465753424657534,0.0,0.0,0.0,0.3,0.7,0.00016986301369863014,104226.85598545156,17.70128107308119
2022-03-09 00:00:00+00:00,0.0,0.0,0.032610142857142865,0.00013388,binance,0.0197384805006762,0.0003289088594623,BTCUSDT_220325,0.00013698630136986303,0.0002465753424657534,0.0,0.0,0.0,0.3,0.7,0.00016986301369863014,104244.56027331759,17.704287866028608
2022-03-10 00:00:00+00:00,-0.0,0.0,0.029943817857142865,0.00015000000000000001,bybit,0.005370097914868,-0.0001513114504591,BTCUSDT_220325,0.00013698630136986303,0.0002465753424657534,0.0,0.0,0.0,0.3,0.7,0.00016986301369863014,104262.26756848728,17.707295169690042
2022-03-11 00:00:00+00:00,-0.0,0.0,0.02183351785714286,-5.539999999999994e-06,bybit,0.0138874139689261,-8.146230386762553e-05,BTCUSDT_220325,0.00013698630136986303,0.0002465753424657534,0.0,0.0,0.0,0.3,0.7,0.00016986301369863014,104279.97787147152,17.710302984240116
2022-03-12 00:00:00+00:00,0.0,0.0,0.02433924285714286,0.00013209,bybit,0.0194909498531302,0.0003991510888655,BTCUSDT_220325,0.00013698630136986303,0.0002465753424657534,0.0,0.0,0.0,0.3,0.7,0.00016986301369863014,104297.69118278119,17.713311309664277
2022-03-13 00:00:00+00:00,-0.0,0.0,0.02984292142857143,2.2585000000000005e-05,bybit,-0.0032528318122223,-0.0006481398637383,BTCUSDT_220325,0.00013698630136986303,0.0002465753424657534,0.0,0.0,0.0,0.3,0.7,0.00016986301369863014,104315.4075029273,17.716320146108046
2022-03-14 00:00:00+00:00,0.0,0.0,0.029915921428571433,0.00015000000000000001,bybit,0.0375802270228908,-3.0752656134575796e-05,BTCUSDT_220325,0.00013698630136986303,0.0002465753424657534,0.0,0.0,0.0,0.3,0.7,0.00016986301369863014,104333.12683242094,17.71932949364418
2022-03-15 00:00:00+00:00,-0.0,0.0,0.036339660714285724,0.00015000000000000001,bybit,0.0440170691030301,0.0001256354007208,BTCUSDT_220325,0.00013698630136986303,0.0002465753424657534,0.0,0.0,0.0,0.3,0.7,0.00016986301369863014,104350.84917177328,17.722339352345443
2022-03-16 00:00:00+00:00,0.0,0.0,0.03444426785714286,6.144e-05,bybit,0.0369906439006988,0.0003988908887483,BTCUSDT_220325,0.00013698630136986303,0.0002465753424657534,0.0,0.0,0.0,0.3,0.7,0.00016986301369863014,104368.57452149561,17.725349722328247
2022-03-17 00:00:00+00:00,-0.0,0.0,0.03129014642857143,8.951e-05,bybit,0.0052406770630913,-0.0002748186001725,BTCUSDT_220325,0.00013698630136986303,0.0002465753424657534,0.0,0.0,0.0,0.3,0.7,0.00016986301369863014,104386.30288209926,17.7283606036508
2022-03-18 00:00:00+00:00,0.0,0.0,0.03281428214285714,2.369e-05,bybit,0.0339523186539146,0.0001642818261911,BTCUSDT_220325,0.00013698630136986303,0.0002465753424657534,0.0,0.0,0.0,0.3,0.7,0.00016986301369863014,104404.03425409568,17.731371996414964
2022-03-19 00:00:00+00:00,0.0,0.0,0.032931603571428575,0.00013434,bybit,0.0194171340909608,-0.0001056843738544,BTCUSDT_220325,0.00013698630136986303,0.0002465753424657534,0.0,0.0,0.0,0.3,0.7,0.00016986301369863014,104421.76863799637,17.7343839006935
2022-03-20 00:00:00+00:00,-0.0,0.0,0.037750385714285725,0.00015000000000000001,binance,0.0396118860620544,0.0002804025290999,BTCUSDT_220325,0.00013698630136986303,0.0002465753424657534,0.0,0.0,0.0,0.3,0.7,0.00016986301369863014,104439.50603431296,17.737396316588274
2022-03-21 00:00:00+00:00,-0.0,0.0,0.04321313214285715,4.4764999999999996e-05,binance,-0.0016691157192593,0.0,BTCUSDT_220325,0.00013698630136986303,0.0002465753424657534,0.0,0.0,0.0,0.3,0.7,0.00016986301369863014,104457.24644355715,17.740409244186594
2022-03-22 00:00:00+00:00,0.0,0.0,0.04601242142857145,0.00015000000000000001,binance,0.045963350136673,-0.005005816595313,BTCUSDT_220624,0.00013698630136986303,0.0002465753424657534,0.0,0.0,0.0,0.3,0.7,0.00016986301369863014,104474.9898662407,17.74342268356122
2022-03-23 00:00:00+00:00,0.0,0.0,0.04631041785714286,0.00013507,binance,0.0808362048033397,0.0027353649811719,BTCUSDT_220624,0.00013698630136986303,0.0002465753424657534,0.0,0.0,0.2,0.3,0.5,0.0006895387496590376,104547.02942012373,72.03955388301983
2022-03-24 00:00:00+00:00,0.0,0.0,0.03889492142857143,7.785000000000001e-06,binance,0.0584979151783589,0.0002273168474062,BTCUSDT_220624,0.00013698630136986303,0.0002465753424657534,0.0,0.0,0.0,0.3,0.7,0.00016986301369863014,104564.78809361428,17.758673490548972
2022-03-25 00:00:00+00:00,0.0,0.0,0.037269889285714286,7.714500000000001e-05,binance,0.0569011131652116,0.0008418492384654,BTCUSDT_220624,0.00013698630136986303,0.0002465753424657534,0.0,0.0,0.0,0.3,0.7,0.00016986301369863014,104582.54978364661,17.761690032333718
2022-03-26 00:00:00+00:00,0.0,0.0,0.03274076071428571,6.314e-05,binance,0.0504793380293231,-0.0003101461719694,BTCUSDT_220624,0.00013698630136986303,0.0002465753424657534,0.0,0.0,0.0,0.3,0.7,0.00016986301369863014,104600.31449073314,17.764707086535054
2022-03-27 00:00:00+00:00,0.0,0.0,0.025715292857142854,1.5265000000000004e-05,binance,0.0509393899706047,-0.0001147823427812,BTCUSDT_220624,0.00013698630136986303,0.0002465753424657534,0.0,0.0,0.0,0.3,0.7,0.00016986301369863014,104618.08221538636,17.76772465321119
2022-03-28 00:00:00+00:00,0.0,0.0,0.031202546428571433,0.00015000000000000001,binance,0.0521425493220905,0.000184520208199,BTCUSDT_220624,0.00013698630136986303,0.0002465753424657534,0.0,0.0,0.0,0.3,0.7,0.00016986301369863014,104635.85295811883,17.77074273247854
2022-03-29 00:00:00+00:00,0.0,0.0,0.031096696428571435,0.00014797,binance,0.0508562557834982,-0.0001719201936131,BTCUSDT_220624,0.00013698630136986303,0.0002465753424657534,0.0,0.0,0.0,0.3,0.7,0.00016986301369863014,104653.62671944323,17.77376132439531
2022-03-30 00:00:00+00:00,-0.0,0.0,0.031875189285714284,0.00015000000000000001,binance,0.0533192441649369,-4.5147455839945576e-05,BTCUSDT_220624,0.00013698630136986303,0.0002465753424657534,0.0,0.0,0.0,0.3,0.7,0.00016986301369863014,104671.40349987228,17.776780429048813
2022-03-31 00:00:00+00:00,-0.0,0.0,0.03929068571428572,0.00015000000000000001,binance,0.0561939266083789,0.0001345847998498,BTCUSDT_220624,0.00013698630136986303,0.0002465753424657534,0.0,0.0,0.0,0.3,0.7,0.00016986301369863014,104689.18329991883,17.779800046555465
2022-04-01 00:00:00+00:00,0.0,0.0,0.04226022142857144,0.000134095,binance,0.0547629583104764,6.600625838725492e-05,BTCUSDT_220624,0.00013698630136986303,0.0002465753424657534,0.0,0.0,0.0,0.3,0.7,0.00016986301369863014,104706.9661200958,17.782820176973473
2022-04-02 00:00:00+00:00,-0.0,0.0,0.046789350000000014,0.00015000000000000001,binance,0.05540785306207,-0.0007481827508677,BTCUSDT_220624,0.00013698630136986303,0.0002465753424657534,0.0,0.0,0.0,0.3,0.7,0.00016986301369863014,104724.7519609162,17.78584082039015
2022-04-03 00:00:00+00:00,0.0,0.0,0.05381481785714285,0.00015000000000000001,binance,0.0619379257811532,-0.0002169914894946,BTCUSDT_220624,0.00013698630136986303,0.0002465753424657534,0.0,0.0,0.0,0.3,0.7,0.00016986301369863014,104742.54082289312,17.788861976921908
2022-04-04 00:00:00+00:00,0.0,0.0,0.05381481785714285,0.00015000000000000001,binance,0.0644178312366859,0.0011758136611213,BTCUSDT_220624,0.00013698630136986303,0.0002465753424657534,0.0,0.0,0.0,0.3,0.7,0.00016986301369863014,104760.33270653975,17.791883646626957
2022-04-05 00:00:00+00:00,-0.0,0.0,0.05392066785714285,0.00015000000000000001,binance,0.0557908475291525,0.0013409513259504,BTCUSDT_220624,0.00013698630136986303,0.0002465753424657534,0.0,0.0,0.0,0.3,0.7,0.00016986301369863014,104778.12761236935,17.79490582960716
2022-04-06 00:00:00+00:00,-0.0,0.0,0.053894075,0.00014949,binance,0.046483500340905,0.0001276335420949,BTCUSDT_220624,0.00013698630136986303,0.0002465753424657534,0.0,0.0,0.0,0.3,0.7,0.00016986301369863014,104795.9255408953,17.79792852594983
2022-04-07 00:00:00+00:00,0.0,0.0,0.05273102857142857,0.00015000000000000001,bybit,0.0455958257697682,0.0006182644906027,BTCUSDT_220624,0.00013698630136986303,0.0002465753424657534,0.0,0.0,0.0,0.3,0.7,0.00016986301369863014,104813.72649263102,17.80095173571317
2022-04-08 00:00:00+00:00,-0.0,0.0,0.05273102857142857,0.00015000000000000001,bybit,0.0414643610422931,0.0003131211982577,BTCUSDT_220624,0.00013698630136986303,0.0002465753424657534,0.0,0.0,0.0,0.3,0.7,0.00016986301369863014,104831.53046809002,17.803975458999048
2022-04-09 00:00:00+00:00,0.0,0.0,0.05474999999999999,0.00015000000000000001,bybit,0.0385444199377086,4.537590310323674e-05,BTCUSDT_220624,0.00013698630136986303,0.0002465753424657534,0.0,0.0,0.0,0.3,0.7,0.00016986301369863014,104849.33746778595,17.80699969593843
2022-04-10 00:00:00+00:00,-0.0,0.0,0.05163342142857143,9.023000000000001e-05,bybit,0.0391618050935133,0.0009950461172445,BTCUSDT_220624,0.00013698630136986303,0.0002465753424657534,0.0,0.0,0.0,0.3,0.7,0.00016986301369863014,104867.14749223254,17.810024446589523
2022-04-11 00:00:00+00:00,-0.0,0.0,0.048088228571428575,8.201000000000001e-05,bybit,0.0318614288889109,0.0009624226387507,BTCUSDT_220624,0.00013698630136986303,0.0002465753424657534,0.0,0.0,0.0,0.3,0.7,0.00016986301369863014,104884.96054194354,17.813049710995983
2022-04-12 00:00:00+00:00,0.0,0.0,0.03899529642857144,-2.4385000000000005e-05,bybit,0.0223655980520488,2.0586431320847632e-05,BTCUSDT_220624,0.00013698630136986303,0.0002465753424657534,0.0,0.0,0.0,0.3,0.7,0.00016986301369863014,104902.77661743286,17.816075489317882
2022-04-13 00:00:00+00:00,0.0,0.0,0.029277432142857145,-3.6370000000000006e-05,bybit,0.0218817104825746,8.736799716333552e-05,BTCUSDT_220624,0.00013698630136986303,0.0002465753424657534,0.0,0.0,0.0,0.3,0.7,0.00016986301369863014,104920.59571921444,17.819101781584322
2022-04-14 00:00:00+00:00,-0.0,0.0,0.02822310357142857,0.00012978,bybit,0.0219341665895081,0.0002718916599362,BTCUSDT_220624,0.00013698630136986303,0.0002465753424657534,0.0,0.0,0.0,0.3,0.7,0.00016986301369863014,104938.41784780235,17.82212858791172
2022-04-15 00:00:00+00:00,0.0,0.0,0.021808228571428577,2.6975000000000005e-05,bybit,0.0191202948743282,-0.0005201975739731,BTCUSDT_220624,0.00013698630136986303,0.0002465753424657534,0.0,0.0,0.0,0.3,0.7,0.00016986301369863014,104956.24300371074,17.825155908387387
2022-04-16 00:00:00+00:00,-0.0,0.0,0.019085328571428577,9.778e-05,bybit,0.0250077438031726,0.0005821136930823,BTCUSDT_220624,0.00013698630136986303,0.0002465753424657534,0.0,0.0,0.0,0.3,0.7,0.00016986301369863014,104974.07118745384,17.828183743098634
2022-04-17 00:00:00+00:00,-0.0,0.0,0.02001555714285714,0.00010807000000000001,bybit,0.0194640537107986,-0.000267023740036,BTCUSDT_220624,0.00013698630136986303,0.0002465753424657534,0.0,0.0,0.0,0.3,0.7,0.00016986301369863014,104991.90239954594,17.83121209210367
2022-04-18 00:00:00+00:00,0.0,0.0,0.012480914285714288,-6.248999999999999e-05,bybit,0.0220401234058592,-0.0001207074411909,BTCUSDT_220624,0.00013698630136986303,0.0002465753424657534,0.0,0.0,0.0,0.3,0.7,0.00016986301369863014,105009.73664050148,17.83424095553346
2022-04-19 00:00:00+00:00,0.0,0.0,0.0170747,6.3715e-05,bybit,0.0233137254377851,0.0003845210224909,BTCUSDT_220624,0.00013698630136986303,0.0002465753424657534,0.0,0.0,0.0,0.3,0.7,0.00016986301369863014,105027.57391083492,17.837270333446213
2022-04-20 00:00:00+00:00,-0.0,0.0,0.020524210714285715,2.9785000000000004e-05,bybit,0.019417101034792,4.6181904962471866e-05,BTCUSDT_220624,0.00013698630136986303,0.0002465753424657534,0.0,0.0,0.0,0.3,0.7,0.00016986301369863014,105045.41421106087,17.840300225943793
2022-04-21 00:00:00+00:00,-0.0,0.0,0.012490821428571431,-2.4284999999999995e-05,bybit,0.0196101228421132,0.0005875739655201,BTCUSDT_220624,0.00013698630136986303,0.0002465753424657534,0.0,0.0,0.0,0.3,0.7,0.00016986301369863014,105063.25754169397,17.843330633098958
2022-04-22 00:00:00+00:00,-0.0,0.0,0.007336239285714285,-7.186499999999999e-05,binance,0.0133675458852159,-0.0001546241952112,BTCUSDT_220624,0.00013698630136986303,0.0002465753424657534,0.0,0.0,0.0,0.3,0.7,0.00016986301369863014,105081.10390324898,17.846361555013573
2022-04-23 00:00:00+00:00,-0.0,0.0,-0.0011857285714285712,-6.760000000000003e-06,bybit,0.0155082287442375,-0.0002087897042716,BTCUSDT_220624,0.00013698630136986303,0.0002465753424657534,0.0,0.0,0.0,0.3,0.7,0.00016986301369863014,105098.95329624077,17.8493929917895
2022-04-24 00:00:00+00:00,0.0,0.0,-0.011183599999999997,-8.367e-05,bybit,0.0182571444330219,-0.0004201507067276,BTCUSDT_220624,0.00013698630136986303,0.0002465753424657534,0.0,0.0,0.0,0.3,0.7,0.00016986301369863014,105116.80572118425,17.852424943484948
2022-04-25 00:00:00+00:00,0.0,0.0,-0.005733889285714285,4.2025000000000005e-05,bybit,0.0231017534555245,3.920736316751777e-05,BTCUSDT_220624,0.00013698630136986303,0.0002465753424657534,0.0,0.0,0.0,0.3,0.7,0.00016986301369863014,105134.66117859443,17.855457410172676
2022-04-26 00:00:00+00:00,-0.0,0.0,-0.002934339285714285,0.000117405,bybit,0.0244047935772557,0.0002882245133833,BTCUSDT_220624,0.00013698630136986303,0.0002465753424657534,0.0,0.0,0.0,0.3,0.7,0.00016986301369863014,105152.5196689864,17.8584903919691
2022-04-27 00:00:00+00:00,0.0,0.0,-0.000810560714285714,7.051500000000001e-05,bybit,0.0205911506323737,-0.0003561805416085,BTCUSDT_220624,0.00013698630136986303,0.0002465753424657534,0.0,0.0,0.0,0.3,0.7,0.00016986301369863014,105170.38119287539,17.861523888990632
2022-04-28 00:00:00+00:00,0.0,0.0,-0.0022523107142857117,-5.1935e-05,bybit,0.025188937725584,0.0003401936537276,BTCUSDT_220624,0.00013698630136986303,0.0002465753424657534,0.0,0.0,0.0,0.3,0.7,0.00016986301369863014,105188.24575077664,17.86455790125183
2022-04-29 00:00:00+00:00,-0.0,0.0,0.012388099999999999,0.00015000000000000001,bybit,0.0218336446341355,0.0003975789269955,BTCUSDT_220624,0.00013698630136986303,0.0002465753424657534,0.0,0.0,0.0,0.3,0.7,0.00016986301369863014,105206.11334320554,17.867592428898206
2022-04-30 00:00:00+00:00,-0.0,0.0,0.009271000000000001,-6.654e-05,bybit,0.0173885608210679,-0.0004856394230258,BTCUSDT_220624,0.00013698630136986303,0.0002465753424657534,0.0,0.0,0.0,0.3,0.7,0.00016986301369863014,105223.98397067751,17.87062747197342
2022-05-01 00:00:00+00:00,0.0,0.0,0.02054715357142857,0.000132585,bybit,0.0237471554898741,-0.0001610414795538,BTCUSDT_220624,0.00013698630136986303,0.0002465753424657534,0.0,0.0,0.0,0.3,0.7,0.00016986301369863014,105241.85763370815,17.873663030637545
2022-05-02 00:00:00+00:00,0.0,0.0,0.019504296428571433,2.2025000000000007e-05,bybit,0.0263743838699312,0.0003996089828049,BTCUSDT_220624,0.00013698630136986303,0.0002465753424657534,0.0,0.0,0.0,0.3,0.7,0.00016986301369863014,105259.73433281304,17.876699104890577
2022-05-03 00:00:00+00:00,-0.0,0.0,0.021203892857142862,0.00015000000000000001,bybit,0.0217205936636904,-0.0008183371124825,BTCUSDT_220624,0.00013698630136986303,0.0002465753424657534,0.0,0.0,0.0,0.3,0.7,0.00016986301369863014,105277.61406850793,17.879735694892588
2022-05-04 00:00:00+00:00,0.0,0.0,0.030363046428571433,0.00011252000000000001,binance,0.0321869488536155,0.0013853615520282,BTCUSDT_220624,0.00013698630136986303,0.0002465753424657534,0.0,0.0,0.0,0.3,0.7,0.00016986301369863014,105295.49684130862,17.882772800687235
2022-05-05 00:00:00+00:00,-0.0,0.0,0.03851297500000001,0.00015000000000000001,binance,0.0136861382262506,-0.0007140322660512,BTCUSDT_220624,0.00013698630136986303,0.0002465753424657534,0.0,0.0,0.0,0.3,0.7,0.00016986301369863014,105313.38265173096,17.885810422347276
2022-05-06 00:00:00+00:00,-0.0,0.0,0.02870360000000001,-7.498499999999999e-05,binance,0.0249714291539728,-9.690737737254288e-05,BTCUSDT_220624,0.00013698630136986303,0.0002465753424657534,0.0,0.0,0.0,0.3,0.7,0.00016986301369863014,105331.27150029098,17.888848560018232
2022-05-07 00:00:00+00:00,-0.0,0.0,0.03601376785714286,0.00011855499999999999,bybit,0.0273770142073875,0.00093185150479,BTCUSDT_220624,0.00013698630136986303,0.0002465753424657534,0.0,0.0,0.0,0.3,0.7,0.00016986301369863014,105349.16338750473,17.891887213743757
2022-05-08 00:00:00+00:00,-0.0,0.0,0.035138550000000005,0.0001158,bybit,0.0140542146141825,3.540119394565923e-05,BTCUSDT_220624,0.00013698630136986303,0.0002465753424657534,0.0,0.0,0.0,0.3,0.7,0.00016986301369863014,105367.05831388835,17.894926383625716
2022-05-09 00:00:00+00:00,-0.0,0.0,0.041811532142857155,0.00015000000000000001,bybit,0.015615605192548,5.968152343150651e-05,BTCUSDT_220624,0.00013698630136986303,0.0002465753424657534,0.0,0.0,0.0,0.3,0.7,0.00016986301369863014,105384.9562799581,17.89796606975142
2022-05-10 00:00:00+00:00,0.0,0.0,0.041811532142857155,0.00015000000000000001,bybit,0.0145396499923524,-9.67208410806808e-07,BTCUSDT_220624,0.00013698630136986303,0.0002465753424657534,0.0,0.0,0.0,0.3,0.7,0.00016986301369863014,105402.85728623031,17.90100627220818
2022-05-11 00:00:00+00:00,-0.0,0.0,0.04212856071428572,0.00015000000000000001,bybit,0.0158646904852057,-0.0003640400578065,BTCUSDT_220624,0.00013698630136986303,0.0002465753424657534,0.0,0.0,0.0,0.3,0.7,0.00016986301369863014,105420.7613332214,17.904046991083305
2022-05-12 00:00:00+00:00,-0.0,0.0,0.020914239285714287,-0.00027858500000000003,bybit,0.0224711337627373,-0.0001670699885462,BTCUSDT_220624,0.00013698630136986303,0.0002465753424657534,0.0,0.0,0.0,0.3,0.7,0.00016986301369863014,105438.66842144787,17.907088226478663
2022-05-13 00:00:00+00:00,0.0,0.0,0.0032988178571428575,-8.435e-06,binance,0.0256823652189519,0.0003788363799017,BTCUSDT_220624,0.00013698630136986303,0.0002465753424657534,0.0,0.0,0.0,0.3,0.7,0.00016986301369863014,105456.5785514263,17.910129978423356
2022-05-14 00:00:00+00:00,0.0,0.0,0.010745339285714285,0.00015000000000000001,binance,0.0190436376825714,0.0005243173570814,BTCUSDT_220624,0.00013698630136986303,0.0002465753424657534,0.0,0.0,0.0,0.3,0.7,0.00016986301369863014,105474.49172367337,17.913172247077455
2022-05-15 00:00:00+00:00,0.0,0.0,0.013353003571428573,0.000136715,binance,0.0095563950717696,-0.0004305929766423,BTCUSDT_220624,0.00013698630136986303,0.0002465753424657534,0.0,0.0,0.0,0.3,0.7,0.00016986301369863014,105492.40793870589,17.91621503251372
2022-05-16 00:00:00+00:00,-0.0,0.0,0.011742571428571432,0.00011911500000000001,binance,0.0187311002748906,-0.0002222667797192,BTCUSDT_220624,0.00013698630136986303,0.0002465753424657534,0.0,0.0,0.0,0.3,0.7,0.00016986301369863014,105510.32719704068,17.919258334790356
2022-05-17 00:00:00+00:00,0.0,0.0,0.007569839285714287,6.997500000000001e-05,binance,0.0230533155749533,0.0008029251504273,BTCUSDT_220624,0.00013698630136986303,0.0002465753424657534,0.0,0.0,0.0,0.3,0.7,0.00016986301369863014,105528.24949919469,17.92230215400923
2022-05-18 00:00:00+00:00,-0.0,0.0,0.0021409857142857145,-4.9080000000000004e-05,binance,0.0083068004268256,-0.0008652175911673,BTCUSDT_220624,0.00013698630136986303,0.0002465753424657534,0.0,0.0,0.0,0.3,0.7,0.00016986301369863014,105546.17484568496,17.925346490272204
2022-05-19 00:00:00+00:00,0.0,0.0,0.025134421428571436,6.374e-05,binance,0.0247024651424924,0.0003954585917913,BTCUSDT_220624,0.00013698630136986303,0.0002465753424657534,0.0,0.0,0.0,0.3,0.7,0.00016986301369863014,105564.10323702861,17.928391343652038
2022-05-20 00:00:00+00:00,-0.0,0.0,0.03339567500000001,0.00015000000000000001,binance,0.0178172408615818,-0.0002011916711099,BTCUSDT_220624,0.00013698630136986303,0.0002465753424657534,0.0,0.0,0.0,0.3,0.7,0.00016986301369863014,105582.03467374283,17.93143671422149
2022-05-21 00:00:00+00:00,0.0,0.0,0.02562665,1.0049999999999997e-06,binance,0.0224731594845369,0.0001151296686099,BTCUSDT_220624,0.00013698630136986303,0.0002465753424657534,0.0,0.0,0.0,0.3,0.7,0.00016986301369863014,105599.96915634493,17.934482602096978
2022-05-22 00:00:00+00:00,0.0,0.0,0.020934835714285713,4.6735e-05,binance,0.0200299085719736,-0.0001351755499614,BTCUSDT_220624,0.00013698630136986303,0.0002465753424657534,0.0,0.0,0.0,0.3,0.7,0.00016986301369863014,105617.90668535231,17.937529007380363
2022-05-23 00:00:00+00:00,-0.0,0.0,0.022545267857142857,0.00015000000000000001,binance,0.0247057733564872,-0.0004495150150381,BTCUSDT_220624,0.00013698630136986303,0.0002465753424657534,0.0,0.0,0.0,0.3,0.7,0.00016986301369863014,105635.84726128244,17.940575930129853
2022-05-24 00:00:00+00:00,0.0,0.0,0.016248757142857145,-5.077999999999999e-05,binance,0.0354243273176375,0.0006874148951022,BTCUSDT_220624,0.00013698630136986303,0.0002465753424657534,0.0,0.0,0.0,0.3,0.7,0.00016986301369863014,105653.79088465283,17.943623370389105
2022-05-25 00:00:00+00:00,-0.0,0.0,0.024981382142857146,0.00011839500000000001,binance,0.0199536932823089,-0.0002521820517464,BTCUSDT_220624,0.00013698630136986303,0.0002465753424657534,0.0,0.0,0.0,0.3,0.7,0.00016986301369863014,105671.73755598118,17.946671328347293
2022-05-26 00:00:00+00:00,-0.0,0.0,0.030567446428571426,0.00015000000000000001,bybit,0.0273047721045971,0.0003176223017087,BTCUSDT_220624,0.00013698630136986303,0.0002465753424657534,0.0,0.0,0.0,0.3,0.7,0.00016986301369863014,105689.68727578521,17.94971980403352
2022-05-27 00:00:00+00:00,-0.0,0.0,0.03531792142857144,0.00013739,bybit,0.0203983262195331,-0.0002946230850372,BTCUSDT_220624,0.00013698630136986303,0.0002465753424657534,0.0,0.0,0.0,0.3,0.7,0.00016986301369863014,105707.64004458273,17.952768797520548
2022-05-28 00:00:00+00:00,0.0,0.0,0.03770788928571428,8.713500000000001e-05,bybit,0.028716804811802,-0.0001624107472858,BTCUSDT_220624,0.00013698630136986303,0.0002465753424657534,0.0,0.0,0.0,0.3,0.7,0.00016986301369863014,105725.59586289167,17.955818308939342
2022-05-29 00:00:00+00:00,0.0,0.0,0.043064003571428575,0.00013042000000000002,bybit,0.0338716990706779,-0.0002405991563758,BTCUSDT_220624,0.00013698630136986303,0.0002465753424657534,0.0,0.0,0.0,0.3,0.7,0.00016986301369863014,105743.55473123003,17.958868338362663
2022-05-30 00:00:00+00:00,0.0,0.0,0.03923020000000001,0.00015000000000000001,binance,0.0392348701181243,0.0001421178777987,BTCUSDT_220624,0.00013698630136986303,0.0002465753424657534,0.0,0.0,0.0,0.3,0.7,0.00016986301369863014,105761.51665011588,17.961918885848718
2022-05-31 00:00:00+00:00,0.0,0.0,0.04969944285714286,0.00015000000000000001,binance,0.0364701122982133,0.0003095810703045,BTCUSDT_220624,0.00013698630136986303,0.0002465753424657534,0.0,0.0,0.0,0.3,0.7,0.00016986301369863014,105779.48162006741,17.964969951528474
2022-06-01 00:00:00+00:00,-0.0,0.0,0.05134741785714287,0.00015000000000000001,binance,0.0301196545893142,-9.410910550051084e-05,BTCUSDT_220624,0.00013698630136986303,0.0002465753424657534,0.0,0.0,0.0,0.3,0.7,0.00016986301369863014,105797.44964160287,17.96802153546014
2022-06-02 00:00:00+00:00,0.0,0.0,0.04735405714285714,1.46e-05,binance,0.0338763208969452,-0.0002021172562492,BTCUSDT_220624,0.00013698630136986303,0.0002465753424657534,0.0,0.0,0.0,0.3,0.7,0.00016986301369863014,105815.42071524062,17.971073637745576
2022-06-03 00:00:00+00:00,-0.0,0.0,0.04008091071428571,1.0514999999999997e-05,binance,0.0435925248628602,-0.0002503349302917,BTCUSDT_220624,0.00013698630136986303,0.0002465753424657534,0.0,0.0,0.0,0.3,0.7,0.00016986301369863014,105833.39484149909,17.974126258472097
2022-06-04 00:00:00+00:00,0.0,0.0,0.03535129285714285,5.2854999999999995e-05,binance,0.0546081508061203,0.0002824467151798,BTCUSDT_220624,0.00013698630136986303,0.0002465753424657534,0.0,0.0,0.0,0.3,0.7,0.00016986301369863014,105851.37202089683,17.977179397741565
2022-06-05 00:00:00+00:00,0.0,0.0,0.03064253214285715,5.9695000000000004e-05,binance,0.0465443791006383,-0.0001890090012403,BTCUSDT_220624,0.00013698630136986303,0.0002465753424657534,0.0,0.0,0.0,0.3,0.7,0.00016986301369863014,105869.35225395241,17.980233055583085
2022-06-06 00:00:00+00:00,0.0,0.0,0.029519375,0.00012846,binance,0.0541635279197094,0.0004244081713315,BTCUSDT_220624,0.00013698630136986303,0.0002465753424657534,0.0,0.0,0.0,0.3,0.7,0.00016986301369863014,105887.33554118458,17.98328723217128
2022-06-07 00:00:00+00:00,-0.0,0.0,0.022113264285714286,0.000103725,bybit,0.0394364824216073,0.0003797550098263,BTCUSDT_220624,0.00013698630136986303,0.0002465753424657534,0.0,0.0,0.0,0.3,0.7,0.00016986301369863014,105905.32188311212,17.98634192753525
2022-06-08 00:00:00+00:00,-0.0,0.0,0.020670992857142863,0.00015000000000000001,binance,0.0253239182089442,-8.177516332689055e-05,BTCUSDT_220624,0.00013698630136986303,0.0002465753424657534,0.0,0.0,0.0,0.3,0.7,0.00016986301369863014,105923.31128025391,17.989397141791414
2022-06-09 00:00:00+00:00,-0.0,0.0,0.027498057142857146,0.00014553,binance,0.031089522072398,0.0005156106307786,BTCUSDT_220624,0.00013698630136986303,0.0002465753424657534,0.0,0.0,0.0,0.3,0.7,0.00016986301369863014,105941.30373312891,17.99245287499798
2022-06-10 00:00:00+00:00,-0.0,0.0,0.035118214285714294,0.00015000000000000001,bybit,0.0066496218188702,2.9561513384448275e-05,BTCUSDT_220624,0.00013698630136986303,0.0002465753424657534,0.0,0.0,0.0,0.3,0.7,0.00016986301369863014,105959.29924225618,17.99550912727136
2022-06-11 00:00:00+00:00,-0.0,0.0,0.03309585357142857,6.435e-05,bybit,0.0056302603559046,-0.0003143392894208,BTCUSDT_220624,0.00013698630136986303,0.0002465753424657534,0.0,0.0,0.0,0.3,0.7,0.00016986301369863014,105977.29780815486,17.99856589868432
2022-06-12 00:00:00+00:00,-0.0,0.0,0.035684485714285716,0.00012532,bybit,0.0269777427233266,0.0006769639952239,BTCUSDT_220624,0.00013698630136986303,0.0002465753424657534,0.0,0.0,0.0,0.3,0.7,0.00016986301369863014,105995.29943134417,18.001623189309612
2022-06-13 00:00:00+00:00,-0.0,0.0,0.03697971428571429,5.396000000000001e-05,bybit,-0.0183118626661033,8.671518863224922e-05,BTCUSDT_220624,0.00013698630136986303,0.0002465753424657534,0.0,0.0,0.0,0.3,0.7,0.00016986301369863014,106013.30411234347,18.00468099929276
2022-06-14 00:00:00+00:00,-0.0,0.0,0.03311436428571429,2.9595000000000004e-05,bybit,-0.0268930237558866,-0.0003792394521063,BTCUSDT_220624,0.00013698630136986303,0.0002465753424657534,0.0,0.0,0.0,0.3,0.7,0.00016986301369863014,106031.31185167214,18.007739328677417
2022-06-15 00:00:00+00:00,0.0,0.0,0.033994275000000004,7.872e-05,bybit,0.0008619778613376,0.0007348213668962,BTCUSDT_220624,0.00013698630136986303,0.0002465753424657534,0.0,0.0,0.0,0.3,0.7,0.00016986301369863014,106049.32264984968,18.010798177536344
2022-06-16 00:00:00+00:00,-0.0,0.0,0.023242157142857146,-5.6205e-05,bybit,-0.0731518588757352,-0.000568590938523,BTCUSDT_220624,0.00013698630136986303,0.0002465753424657534,0.0,0.0,0.0,0.3,0.7,0.00016986301369863014,106067.33650739568,18.01385754600051
2022-06-17 00:00:00+00:00,0.0,0.0,0.014130714285714286,-2.4740000000000004e-05,bybit,-0.0242260576666976,0.0002755411770395,BTCUSDT_220624,0.00013698630136986303,0.0002465753424657534,0.0,0.0,0.0,0.3,0.7,0.00016986301369863014,106085.35342482981,18.016917434128118
2022-06-18 00:00:00+00:00,-0.0,0.0,0.018596750000000006,0.00015000000000000001,bybit,-0.0666669653715028,-0.0004715143649789,BTCUSDT_220624,0.00013698630136986303,0.0002465753424657534,0.0,0.0,0.0,0.3,0.7,0.00016986301369863014,106103.37340267184,18.019977842035587
2022-06-19 00:00:00+00:00,0.0,0.0,0.009580207142857143,-4.759999999999999e-05,bybit,-0.0102896860114759,0.0,BTCUSDT_220624,0.00013698630136986303,0.0002465753424657534,0.0,0.0,0.0,0.3,0.7,0.00016986301369863014,106121.39644144161,18.023038769766572
2022-06-20 00:00:00+00:00,-0.0,0.0,0.007719750000000003,1.828e-05,bybit,0.0259695948717184,0.0003902059843811,BTCUSDT_220930,0.00013698630136986303,0.0002465753424657534,0.0,0.0,0.0,0.3,0.7,0.00016986301369863014,106139.42254165905,18.026100217437488
2022-06-21 00:00:00+00:00,0.0,0.0,0.012691310714285715,0.00012494,bybit,0.0196496493351563,0.0013576361544756,BTCUSDT_220930,0.00013698630136986303,0.0002465753424657534,0.0,0.0,0.0,0.3,0.7,0.00016986301369863014,106157.45170384421,18.02916218516475
2022-06-22 00:00:00+00:00,-0.0,0.0,0.013342575000000002,9.121e-05,bybit,0.0103010107569595,-0.0002666601294077,BTCUSDT_220930,0.00013698630136986303,0.0002465753424657534,0.0,0.0,0.0,0.3,0.7,0.00016986301369863014,106175.48392851719,18.032224672977463
2022-06-23 00:00:00+00:00,0.0,0.0,0.015132900000000005,-2.187e-05,bybit,0.011713726198194,-0.0001785872469757,BTCUSDT_220930,0.00013698630136986303,0.0002465753424657534,0.0,0.0,0.0,0.3,0.7,0.00016986301369863014,106193.5192161982,18.035287681006594
2022-06-24 00:00:00+00:00,0.0,0.0,0.020016600000000002,6.892e-05,bybit,0.0130844825248636,2.5897355126629705e-05,BTCUSDT_220930,0.00013698630136986303,0.0002465753424657534,0.0,0.0,0.0,0.3,0.7,0.00016986301369863014,106211.55756740752,18.0383512093249
2022-06-25 00:00:00+00:00,0.0,0.0,0.01849220357142857,0.000120765,bybit,0.012870845858905,3.443271405639244e-05,BTCUSDT_220930,0.00013698630136986303,0.0002465753424657534,0.0,0.0,0.0,0.3,0.7,0.00016986301369863014,106229.59898266556,18.04141525803425
2022-06-26 00:00:00+00:00,-0.0,0.0,0.026425478571428573,0.000104545,bybit,0.0130175468804883,0.0006913657003708,BTCUSDT_220930,0.00013698630136986303,0.0002465753424657534,0.0,0.0,0.0,0.3,0.7,0.00016986301369863014,106247.64346249274,18.044479827178293
2022-06-27 00:00:00+00:00,-0.0,0.0,0.028935375000000003,6.6415e-05,bybit,0.0079536952044489,-4.266590044817121e-05,BTCUSDT_220930,0.00013698630136986303,0.0002465753424657534,0.0,0.0,0.0,0.3,0.7,0.00016986301369863014,106265.69100740965,18.047544916917104
2022-06-28 00:00:00+00:00,-0.0,0.0,0.020430875,-3.816e-05,bybit,0.0085600067216336,0.0003283814786928,BTCUSDT_220930,0.00013698630136986303,0.0002465753424657534,0.0,0.0,0.0,0.3,0.7,0.00016986301369863014,106283.74161793695,18.05061052729434
2022-06-29 00:00:00+00:00,-0.0,0.0,0.024435185714285712,8.921e-05,binance,0.0061222109330546,6.70873790750173e-05,BTCUSDT_220930,0.00013698630136986303,0.0002465753424657534,0.0,0.0,0.0,0.3,0.7,0.00016986301369863014,106301.79529459533,18.053676658382756
2022-06-30 00:00:00+00:00,-0.0,0.0,0.025073414285714288,2.5835e-05,bybit,0.0057077152693582,-0.0006772067890168,BTCUSDT_220930,0.00013698630136986303,0.0002465753424657534,0.0,0.0,0.0,0.3,0.7,0.00016986301369863014,106319.85203790564,18.056743310313323
2022-07-01 00:00:00+00:00,-0.0,0.0,0.015143328571428572,-0.00012152,bybit,0.0115878841021219,-0.0007129223332191,BTCUSDT_220930,0.00013698630136986303,0.0002465753424657534,0.0,0.0,0.0,0.3,0.7,0.00016986301369863014,106337.91184838879,18.059810483144247
2022-07-02 00:00:00+00:00,-0.0,0.0,0.010373560714285714,2.9290000000000002e-05,bybit,0.0175237623321822,-0.0002176305692519,BTCUSDT_220930,0.00013698630136986303,0.0002465753424657534,0.0,0.0,0.0,0.3,0.7,0.00016986301369863014,106355.97472656578,18.062878176991944
2022-07-03 00:00:00+00:00,0.0,0.0,0.007968992857142858,5.843e-05,bybit,0.0194420787323375,-0.0004198628793067,BTCUSDT_220930,0.00013698630136986303,0.0002465753424657534,0.0,0.0,0.0,0.3,0.7,0.00016986301369863014,106374.04067295768,18.06594639190007
2022-07-04 00:00:00+00:00,0.0,0.0,0.0054447571428571425,1.8005e-05,bybit,0.0220926980090773,-0.0007975604730215,BTCUSDT_220930,0.00013698630136986303,0.0002465753424657534,0.0,0.0,0.0,0.3,0.7,0.00016986301369863014,106392.10968808568,18.06901512799959
2022-07-05 00:00:00+00:00,-0.0,0.0,0.00976505357142857,4.4695000000000005e-05,bybit,0.0291264349471619,0.0005447111717336,BTCUSDT_220930,0.00013698630136986303,0.0002465753424657534,0.0,0.0,0.0,0.3,0.7,0.00016986301369863014,106410.18177247106,18.07208438537782
2022-07-06 00:00:00+00:00,0.0,0.0,0.011477685714285715,0.000141865,binance,0.0243718877927341,0.0009742512707572,BTCUSDT_220930,0.00013698630136986303,0.0002465753424657534,0.0,0.0,0.0,0.3,0.7,0.00016986301369863014,106428.25692663513,18.075154164078413
2022-07-07 00:00:00+00:00,0.0,0.0,0.023467414285714288,0.00012637,binance,0.015492595083257,0.0002952603886801,BTCUSDT_220930,0.00013698630136986303,0.0002465753424657534,0.0,0.0,0.0,0.3,0.7,0.00016986301369863014,106446.33515109938,18.078224464246887
2022-07-08 00:00:00+00:00,-0.0,0.0,0.03231944642857143,0.00010106000000000001,binance,0.0131294312605742,-0.0008455758922885,BTCUSDT_220930,0.00013698630136986303,0.0002465753424657534,0.0,0.0,0.0,0.3,0.7,0.00016986301369863014,106464.41644638531,18.0812952859269
2022-07-09 00:00:00+00:00,-0.0,0.0,0.03798163928571429,0.000130715,binance,0.0207274126873138,-0.0001982231242095,BTCUSDT_220930,0.00013698630136986303,0.0002465753424657534,0.0,0.0,0.0,0.3,0.7,0.00016986301369863014,106482.50081301456,18.084366629249416
2022-07-10 00:00:00+00:00,-0.0,0.0,0.04172601785714286,0.00014981,binance,0.0235400242052105,0.0003724391215421,BTCUSDT_220930,0.00013698630136986303,0.0002465753424657534,0.0,0.0,0.0,0.3,0.7,0.00016986301369863014,106500.58825150882,18.087438494258095
2022-07-11 00:00:00+00:00,-0.0,0.0,0.04318836428571429,0.000101395,binance,0.0213959360785345,0.000263980312178,BTCUSDT_220930,0.00013698630136986303,0.0002465753424657534,0.0,0.0,0.0,0.3,0.7,0.00016986301369863014,106518.67876238987,18.090510881054797
2022-07-12 00:00:00+00:00,-0.0,0.0,0.04362949285714286,8.551500000000001e-05,binance,0.0198869882946388,0.0003290435232489,BTCUSDT_220930,0.00013698630136986303,0.0002465753424657534,0.0,0.0,0.0,0.3,0.7,0.00016986301369863014,106536.77234617964,18.09358378977049
2022-07-13 00:00:00+00:00,0.0,0.0,0.036451507142857144,1.4244999999999997e-05,bybit,0.016332534326179,-0.0007815716137538,BTCUSDT_220930,0.00013698630136986303,0.0002465753424657534,0.0,0.0,0.0,0.3,0.7,0.00016986301369863014,106554.86900340008,18.09665722043428
2022-07-14 00:00:00+00:00,0.0,0.0,0.03502983214285715,9.0555e-05,bybit,0.0234464835044566,0.0002015655083044,BTCUSDT_220930,0.00013698630136986303,0.0002465753424657534,0.0,0.0,0.0,0.3,0.7,0.00016986301369863014,106572.96873457325,18.099731173177133
2022-07-15 00:00:00+00:00,0.0,0.0,0.03843476071428572,6.1585e-05,bybit,0.0215871423655951,-0.0003802201051942,BTCUSDT_220930,0.00013698630136986303,0.0002465753424657534,0.0,0.0,0.0,0.3,0.7,0.00016986301369863014,106591.07154022131,18.102805648057256
2022-07-16 00:00:00+00:00,0.0,0.0,0.037894560714285715,0.00013964,bybit,0.025083098180258,0.0002160825831776,BTCUSDT_220930,0.00013698630136986303,0.0002465753424657534,0.0,0.0,0.0,0.3,0.7,0.00016986301369863014,106609.1774208665,18.105880645191064
2022-07-17 00:00:00+00:00,-0.0,0.0,0.03789456071428572,0.00015000000000000001,bybit,0.0237598582438704,-0.0010669213045768,BTCUSDT_220930,0.00013698630136986303,0.0002465753424657534,0.0,0.0,0.0,0.3,0.7,0.00016986301369863014,106627.28637703114,18.108956164636766
2022-07-18 00:00:00+00:00,0.0,0.0,0.039421303571428576,0.00015000000000000001,bybit,0.0320846082145046,0.0006561884544711,BTCUSDT_220930,0.00013698630136986303,0.0002465753424657534,0.0,0.0,0.0,0.3,0.7,0.00016986301369863014,106645.39840923763,18.112032206496224
2022-07-19 00:00:00+00:00,0.0,0.0,0.039421303571428576,0.00015000000000000001,bybit,0.0248924844699789,-0.000111554574977,BTCUSDT_220930,0.00013698630136986303,0.0002465753424657534,0.0,0.0,0.0,0.3,0.7,0.00016986301369863014,106663.5135180085,18.115108770871302
2022-07-20 00:00:00+00:00,-0.0,0.0,0.04649995714285715,0.00015000000000000001,bybit,0.0265660517191309,-1.3133361753079496e-05,BTCUSDT_220930,0.00013698630136986303,0.0002465753424657534,0.0,0.0,0.0,0.3,0.7,0.00016986301369863014,106681.63170386635,18.118185857849312
2022-07-21 00:00:00+00:00,-0.0,0.0,0.0495995892857143,0.00015000000000000001,bybit,0.0271584139799901,-3.584974034845552e-05,BTCUSDT_220930,0.00013698630136986303,0.0002465753424657534,0.0,0.0,0.0,0.3,0.7,0.00016986301369863014,106699.75296733384,18.12126346748846
2022-07-22 00:00:00+00:00,-0.0,0.0,0.05373373571428572,0.00014087,bybit,0.0284954747291466,7.14133630271411e-05,BTCUSDT_220930,0.00013698630136986303,0.0002465753424657534,0.0,0.0,0.0,0.3,0.7,0.00016986301369863014,106717.87730893378,18.12434159993427
2022-07-23 00:00:00+00:00,-0.0,0.0,0.05334292499999999,0.000132145,bybit,0.0284460474667153,-0.0003627889450258,BTCUSDT_220930,0.00013698630136986303,0.0002465753424657534,0.0,0.0,0.0,0.3,0.7,0.00016986301369863014,106736.00472918901,18.12742025523039
2022-07-24 00:00:00+00:00,0.0,0.0,0.053134614285714296,0.000146005,bybit,0.0325724279529206,0.0006891151690369,BTCUSDT_220930,0.00013698630136986303,0.0002465753424657534,0.0,0.0,0.0,0.3,0.7,0.00016986301369863014,106754.13522862244,18.130499433435034
2022-07-25 00:00:00+00:00,-0.0,0.0,0.05116439642857143,0.00011221500000000001,bybit,0.0270714944205899,-0.0005520649057525,BTCUSDT_220930,0.00013698630136986303,0.0002465753424657534,0.0,0.0,0.0,0.3,0.7,0.00016986301369863014,106772.26880775717,18.133579134722822
2022-07-26 00:00:00+00:00,-0.0,0.0,0.05100640357142858,0.00014697,bybit,0.0336766988719242,-0.0002427701770951,BTCUSDT_220930,0.00013698630136986303,0.0002465753424657534,0.0,0.0,0.0,0.3,0.7,0.00016986301369863014,106790.40546711629,18.13665935912286
2022-07-27 00:00:00+00:00,0.0,0.0,0.04519091071428572,3.847e-05,bybit,0.0341902498426093,-0.0010199346910678,BTCUSDT_220930,0.00013698630136986303,0.0002465753424657534,0.0,0.0,0.0,0.3,0.7,0.00016986301369863014,106808.54520722303,18.13974010673701
2022-07-28 00:00:00+00:00,0.0,0.0,0.04397885,0.00012675500000000002,bybit,0.0446267313308388,-0.0004840009176724,BTCUSDT_220930,0.00013698630136986303,0.0002465753424657534,0.0,0.0,0.0,0.3,0.7,0.00016986301369863014,106826.68802860069,18.142821377667133
2022-07-29 00:00:00+00:00,-0.0,0.0,0.04445491428571429,0.00015000000000000001,bybit,0.0510915984600198,-0.0001144119038855,BTCUSDT_220930,0.00013698630136986303,0.0002465753424657534,0.0,0.0,0.0,0.3,0.7,0.00016986301369863014,106844.83393177266,18.14590317197144
2022-07-30 00:00:00+00:00,-0.0,0.0,0.04473935357142858,0.0001376,bybit,0.0535561617188518,0.0004971766036429,BTCUSDT_220930,0.00013698630136986303,0.0002465753424657534,0.0,0.0,0.0,0.3,0.7,0.00016986301369863014,106862.98291726244,18.148985489780898
2022-07-31 00:00:00+00:00,-0.0,0.0,0.04480870357142858,0.000147335,bybit,0.0492132226862596,0.0005600318031092,BTCUSDT_220930,0.00013698630136986303,0.0002465753424657534,0.0,0.0,0.0,0.3,0.7,0.00016986301369863014,106881.1349855936,18.152068331153714
2022-08-01 00:00:00+00:00,-0.0,0.0,0.04612009642857143,0.00013224500000000002,binance,0.0432667354592568,0.0004529824424177,BTCUSDT_220930,0.00013698630136986303,0.0002465753424657534,0.0,0.0,0.0,0.3,0.7,0.00016986301369863014,106899.29013728978,18.1551516961772
2022-08-02 00:00:00+00:00,-0.0,0.0,0.04698175714285714,0.00012809,binance,0.0388634095885286,-1.7835555310008247e-05,BTCUSDT_220930,0.00013698630136986303,0.0002465753424657534,0.0,0.0,0.0,0.3,0.7,0.00016986301369863014,106917.44837287473,18.158235584953218
2022-08-03 00:00:00+00:00,-0.0,0.0,0.04388525357142857,3.7499999999999997e-06,binance,0.0400531419988851,0.0006904524731608,BTCUSDT_220930,0.00013698630136986303,0.0002465753424657534,0.0,0.0,0.0,0.3,0.7,0.00016986301369863014,106935.60969287233,18.161319997598184
2022-08-04 00:00:00+00:00,-0.0,0.0,0.037052974999999995,1.5115e-05,binance,0.0321888194015053,-0.0013517228941545,BTCUSDT_220930,0.00013698630136986303,0.0002465753424657534,0.0,0.0,0.0,0.3,0.7,0.00016986301369863014,106953.77409780644,18.1644049341121
2022-08-05 00:00:00+00:00,0.0,0.0,0.03199016428571428,5.2904999999999996e-05,binance,0.0488942313643484,-0.0003047731638328,BTCUSDT_220930,0.00013698630136986303,0.0002465753424657534,0.0,0.0,0.0,0.3,0.7,0.00016986301369863014,106971.94158820114,18.16749039469869
2022-08-06 00:00:00+00:00,-0.0,0.0,0.030810953571428573,0.00012738500000000001,binance,0.0546684028768579,0.0003524407940852,BTCUSDT_220930,0.00013698630136986303,0.0002465753424657534,0.0,0.0,0.0,0.3,0.7,0.00016986301369863014,106990.1121645805,18.170576379357954
2022-08-07 00:00:00+00:00,0.0,0.0,0.028168875000000006,0.00012083000000000001,bybit,0.0504325472436822,0.0001641898664862,BTCUSDT_220930,0.00013698630136986303,0.0002465753424657534,0.0,0.0,0.0,0.3,0.7,0.00016986301369863014,107008.28582746873,18.173662888235413
2022-08-08 00:00:00+00:00,0.0,0.0,0.02604613928571428,0.00011395,binance,0.0478112890572375,0.0005848383032339,BTCUSDT_220930,0.00013698630136986303,0.0002465753424657534,0.0,0.0,0.0,0.3,0.7,0.00016986301369863014,107026.4625773901,18.17674992137472
2022-08-09 00:00:00+00:00,-0.0,0.0,0.02664630357142857,0.0001396,binance,0.041675825184537,0.0001036719301769,BTCUSDT_220930,0.00013698630136986303,0.0002465753424657534,0.0,0.0,0.0,0.3,0.7,0.00016986301369863014,107044.642414869,18.179837478892296
2022-08-10 00:00:00+00:00,0.0,0.0,0.03081408214285715,0.00015000000000000001,bybit,0.0396324564379412,-0.0002016360490188,BTCUSDT_220930,0.00013698630136986303,0.0002465753424657534,0.0,0.0,0.0,0.3,0.7,0.00016986301369863014,107062.82534042987,18.182925560875447
2022-08-11 00:00:00+00:00,-0.0,0.0,0.03838809285714287,0.00015000000000000001,bybit,0.0434046157015077,0.0001293118395748,BTCUSDT_220930,0.00013698630136986303,0.0002465753424657534,0.0,0.0,0.0,0.3,0.7,0.00016986301369863014,107081.01135459729,18.186014167411486
2022-08-12 00:00:00+00:00,0.0,0.0,0.04276939642857144,0.00015000000000000001,bybit,0.0415492705215282,2.458645581323652e-05,BTCUSDT_220930,0.00013698630136986303,0.0002465753424657534,0.0,0.0,0.0,0.3,0.7,0.00016986301369863014,107099.20045789587,18.189103298587725
2022-08-13 00:00:00+00:00,0.0,0.0,0.04428753571428572,0.00015000000000000001,bybit,0.0419761145510872,0.0004144610492533,BTCUSDT_220930,0.00013698630136986303,0.0002465753424657534,0.0,0.0,0.0,0.3,0.7,0.00016986301369863014,107117.39265085036,18.192192954491475
2022-08-14 00:00:00+00:00,-0.0,0.0,0.045808542857142864,0.00015000000000000001,bybit,0.0366359139367092,4.0731957388603515e-05,BTCUSDT_220930,0.00013698630136986303,0.0002465753424657534,0.0,0.0,0.0,0.3,0.7,0.00016986301369863014,107135.58793398556,18.195283135195496
2022-08-15 00:00:00+00:00,-0.0,0.0,0.05474999999999999,0.00015000000000000001,bybit,0.0371071999852179,7.927015018172676e-05,BTCUSDT_220930,0.00013698630136986303,0.0002465753424657534,0.0,0.0,0.0,0.3,0.7,0.00016986301369863014,107153.78630782639,18.198373840830754
2022-08-16 00:00:00+00:00,-0.0,0.0,0.05474999999999999,0.00015000000000000001,bybit,0.0370146794957954,0.0008912274877025,BTCUSDT_220930,0.00013698630136986303,0.0002465753424657534,0.0,0.0,0.0,0.3,0.7,0.00016986301369863014,107171.98777289785,18.20146507145546
2022-08-17 00:00:00+00:00,-0.0,0.0,0.05474999999999999,0.00015000000000000001,bybit,0.0235757387780765,0.0003971269769597,BTCUSDT_220930,0.00013698630136986303,0.0002465753424657534,0.0,0.0,0.0,0.3,0.7,0.00016986301369863014,107190.19232972502,18.204556827171473
2022-08-18 00:00:00+00:00,-0.0,0.0,0.05281836785714286,0.000112955,bybit,0.0174956098022743,0.0006099296284797,BTCUSDT_220930,0.00013698630136986303,0.0002465753424657534,0.0,0.0,0.0,0.3,0.7,0.00016986301369863014,107208.39997883307,18.207649108051555
2022-08-19 00:00:00+00:00,-0.0,0.0,0.05072770000000001,0.000109905,bybit,0.0081380443812469,-0.0003652614739379,BTCUSDT_220930,0.00013698630136986303,0.0002465753424657534,0.0,0.0,0.0,0.3,0.7,0.00016986301369863014,107226.61072074728,18.21074191421212
2022-08-20 00:00:00+00:00,0.0,0.0,0.039962807142857146,-5.6449999999999997e-05,bybit,0.0146253871116353,0.0005733188206094,BTCUSDT_220930,0.00013698630136986303,0.0002465753424657534,0.0,0.0,0.0,0.3,0.7,0.00016986301369863014,107244.82455599301,18.21383524572593
2022-08-21 00:00:00+00:00,0.0,0.0,0.02697037142857142,-9.917000000000001e-05,bybit,0.0044489210391888,0.0001282789565343,BTCUSDT_220930,0.00013698630136986303,0.0002465753424657534,0.0,0.0,0.0,0.3,0.7,0.00016986301369863014,107263.04148509567,18.216929102665745
2022-08-22 00:00:00+00:00,-0.0,0.0,0.014795796428571428,-8.348499999999999e-05,bybit,0.0021735734612882,-4.929945705186022e-05,BTCUSDT_220930,0.00013698630136986303,0.0002465753424657534,0.0,0.0,0.0,0.3,0.7,0.00016986301369863014,107281.26150858079,18.220023485118872
2022-08-23 00:00:00+00:00,0.0,0.0,0.005866332142857146,-2.1249999999999998e-05,bybit,0.0031587572161756,-0.0001379526891947,BTCUSDT_220930,0.00013698630136986303,0.0002465753424657534,0.0,0.0,0.0,0.3,0.7,0.00016986301369863014,107299.48462697402,18.223118393230834
2022-08-24 00:00:00+00:00,-0.0,0.0,-0.001896174999999999,-2.6909999999999998e-05,binance,0.006010860149368,0.0001090411492281,BTCUSDT_220930,0.00013698630136986303,0.0002465753424657534,0.0,0.0,0.0,0.3,0.7,0.00016986301369863014,107317.71084080107,18.226213827045285
2022-08-25 00:00:00+00:00,0.0,0.0,-0.006955596428571428,3.078e-05,binance,0.0039315809568105,0.0004756705307842,BTCUSDT_220930,0.00013698630136986303,0.0002465753424657534,0.0,0.0,0.0,0.3,0.7,0.00016986301369863014,107335.94015058772,18.229309786649537
2022-08-26 00:00:00+00:00,-0.0,0.0,-0.007284878571428573,2.0495e-05,binance,-0.0062599095826115,-0.0001222762653123,BTCUSDT_220930,0.00013698630136986303,0.0002465753424657534,0.0,0.0,0.0,0.3,0.7,0.00016986301369863014,107354.17255685986,18.232406272145454
2022-08-27 00:00:00+00:00,-0.0,0.0,-0.0015966142857142855,5.8325e-05,bybit,-0.0038574538690775,0.0007213937796942,BTCUSDT_220930,0.00013698630136986303,0.0002465753424657534,0.0,0.0,0.0,0.3,0.7,0.00016986301369863014,107372.4080601435,18.2355032836349
2022-08-28 00:00:00+00:00,-0.0,0.0,0.006713132142857145,6.0195e-05,bybit,-0.020423729295506,-0.0007946568785121,BTCUSDT_220930,0.00013698630136986303,0.0002465753424657534,0.0,0.0,0.0,0.3,0.7,0.00016986301369863014,107390.64666096467,18.238600821176078
2022-08-29 00:00:00+00:00,0.0,0.0,0.004513225000000003,-0.000125675,bybit,-0.0028282658548638,0.0006465135836866,BTCUSDT_220930,0.00013698630136986303,0.0002465753424657534,0.0,0.0,0.0,0.3,0.7,0.00016986301369863014,107408.88835984954,18.241698884870857
2022-08-30 00:00:00+00:00,-0.0,0.0,0.008290453571428574,5.119e-05,bybit,-0.0185780136708666,-0.0004300497787665,BTCUSDT_220930,0.00013698630136986303,0.0002465753424657534,0.0,0.0,0.0,0.3,0.7,0.00016986301369863014,107427.13315732435,18.244797474806546
2022-08-31 00:00:00+00:00,0.0,0.0,0.013708617857142856,5.409e-05,bybit,-0.0086289190733981,0.0006942636466197,BTCUSDT_220930,0.00013698630136986303,0.0002465753424657534,0.0,0.0,0.0,0.3,0.7,0.00016986301369863014,107445.38105391545,18.24789659109956
2022-09-01 00:00:00+00:00,0.0,0.0,0.018391046428571426,0.000115175,bybit,-0.0262959498252454,-0.0007525534660674,BTCUSDT_220930,0.00013698630136986303,0.0002465753424657534,0.0,0.0,0.0,0.3,0.7,0.00016986301369863014,107463.63205014926,18.25099623380811
2022-09-02 00:00:00+00:00,-0.0,0.0,0.01709399285714286,0.00011453,bybit,-0.0076834941704696,-1.9045843344982304e-05,BTCUSDT_220930,0.00013698630136986303,0.0002465753424657534,0.0,0.0,0.0,0.3,0.7,0.00016986301369863014,107481.8861465523,18.254096403034055
2022-09-03 00:00:00+00:00,-0.0,0.0,0.02005570714285715,0.00011512499999999999,bybit,-0.0074982076202332,-0.0003554878755944,BTCUSDT_220930,0.00013698630136986303,0.0002465753424657534,0.0,0.0,0.0,0.3,0.7,0.00016986301369863014,107500.14334365117,18.25719709887926
2022-09-04 00:00:00+00:00,0.0,0.0,0.02473839642857143,0.00015000000000000001,bybit,0.0021759288995295,0.000590991135133,BTCUSDT_220930,0.00013698630136986303,0.0002465753424657534,0.0,0.0,0.0,0.3,0.7,0.00016986301369863014,107518.40364197256,18.26029832138738
2022-09-05 00:00:00+00:00,-0.0,0.0,0.03790733571428572,0.00012688,bybit,-0.0151480741370851,0.0001154224613625,BTCUSDT_220930,0.00013698630136986303,0.0002465753424657534,0.0,0.0,0.0,0.3,0.7,0.00016986301369863014,107536.66704204325,18.263400070689386
2022-09-06 00:00:00+00:00,-0.0,0.0,0.0413837,0.00011786000000000001,bybit,-0.0203229831282757,-0.0003318146670065,BTCUSDT_220930,0.00013698630136986303,0.0002465753424657534,0.0,0.0,0.0,0.3,0.7,0.00016986301369863014,107554.93354439012,18.266502346872585
2022-09-07 00:00:00+00:00,0.0,0.0,0.04298109642857143,8.472500000000001e-05,bybit,-0.0103971890270077,-8.992973559096344e-05,BTCUSDT_220930,0.00013698630136986303,0.0002465753424657534,0.0,0.0,0.0,0.3,0.7,0.00016986301369863014,107573.20314954013,18.26960515000974
2022-09-08 00:00:00+00:00,0.0,0.0,0.039411657142857145,4.672e-05,bybit,-0.0078747643664322,-0.0005062172065195,BTCUSDT_220930,0.00013698630136986303,0.0002465753424657534,0.0,0.0,0.0,0.3,0.7,0.00016986301369863014,107591.47585802032,18.272708480188157
2022-09-09 00:00:00+00:00,0.0,0.0,0.027767635714285727,-0.00010878,bybit,0.0084544553018727,0.0002558507423416,BTCUSDT_220930,0.00013698630136986303,0.0002465753424657534,0.0,0.0,0.0,0.3,0.7,0.00016986301369863014,107609.75167035784,18.275812337524258
2022-09-10 00:00:00+00:00,0.0,0.0,0.021796496428571427,6.100000000000026e-07,bybit,-0.0004552312094144,-0.0004589266428742,BTCUSDT_220930,0.00013698630136986303,0.0002465753424657534,0.0,0.0,0.0,0.3,0.7,0.00016986301369863014,107628.03058707992,18.278916722076247
2022-09-11 00:00:00+00:00,0.0,0.0,0.023725782142857144,0.000119135,binance,0.0170129511782607,0.0003452166985005,BTCUSDT_220930,0.00013698630136986303,0.0002465753424657534,0.0,0.0,0.0,0.3,0.7,0.00016986301369863014,107646.3126087139,18.28202163397509
2022-09-12 00:00:00+00:00,0.0,0.0,0.02789173571428571,0.00014123,binance,0.0038571323534431,9.44376028655352e-05,BTCUSDT_220930,0.00013698630136986303,0.0002465753424657534,0.0,0.0,0.0,0.3,0.7,0.00016986301369863014,107664.59773578713,18.285127073235344
2022-09-13 00:00:00+00:00,-0.0,0.0,0.034773028571428576,0.000149825,binance,3.192878836189273e-05,-0.000117976144034,BTCUSDT_220930,0.00013698630136986303,0.0002465753424657534,0.0,0.0,0.0,0.3,0.7,0.00016986301369863014,107682.88596882718,18.28823304004618
2022-09-14 00:00:00+00:00,0.0,0.0,0.036631921428571426,-1.1110000000000004e-05,binance,0.0054023553509206,-2.298940361523582e-05,BTCUSDT_220930,0.00013698630136986303,0.0002465753424657534,0.0,0.0,0.0,0.3,0.7,0.00016986301369863014,107701.17730836161,18.291339534436702
2022-09-15 00:00:00+00:00,-0.0,0.0,0.037028989285714284,5.5685000000000006e-05,binance,0.0070646388398775,0.0002948957155356,BTCUSDT_220930,0.00013698630136986303,0.0002465753424657534,0.0,0.0,0.0,0.3,0.7,0.00016986301369863014,107719.4717549181,18.29444655647967
2022-09-16 00:00:00+00:00,0.0,0.0,0.035467571428571425,7.661500000000001e-05,binance,-0.0077674644413492,-0.0003024748400518,BTCUSDT_220930,0.00013698630136986303,0.0002465753424657534,0.0,0.0,0.0,0.3,0.7,0.00016986301369863014,107737.76930902441,18.297554106320604
2022-09-17 00:00:00+00:00,0.0,0.0,0.03000899642857143,4.4135e-05,binance,0.0084871690082511,0.000439006006875,BTCUSDT_220930,0.00013698630136986303,0.0002465753424657534,0.0,0.0,0.0,0.3,0.7,0.00016986301369863014,107756.06997120842,18.30066218400316
2022-09-18 00:00:00+00:00,-0.0,0.0,0.028440800000000002,8.906e-05,binance,-0.0181407980354556,0.0002018934723514,BTCUSDT_220930,0.00013698630136986303,0.0002465753424657534,0.0,0.0,0.0,0.3,0.7,0.00016986301369863014,107774.37374199803,18.303770789614646
2022-09-19 00:00:00+00:00,0.0,0.0,0.022633650000000005,1.1010000000000005e-05,bybit,-0.0329830705548221,-0.0005737824908814,BTCUSDT_220930,0.00013698630136986303,0.0002465753424657534,0.0,0.0,0.0,0.3,0.7,0.00016986301369863014,107792.68062192133,18.306879923300585
2022-09-20 00:00:00+00:00,-0.0,0.0,0.02404880714285714,7.979499999999999e-05,bybit,0.0058013245033112,0.0003909933774834,BTCUSDT_220930,0.00013698630136986303,0.0002465753424657534,0.0,0.0,0.0,0.3,0.7,0.00016986301369863014,107810.99061150644,18.30998958510463
2022-09-21 00:00:00+00:00,-0.0,0.0,0.02522254285714286,9.561500000000001e-05,bybit,-0.0258341386189,-0.000244564864127,BTCUSDT_220930,0.00013698630136986303,0.0002465753424657534,0.0,0.0,0.0,0.3,0.7,0.00016986301369863014,107829.30371128152,18.313099775084993
2022-09-22 00:00:00+00:00,0.0,0.0,0.018757350000000006,-6.2945e-05,bybit,-0.0064198858549503,0.0,BTCUSDT_220930,0.00013698630136986303,0.0002465753424657534,0.0,0.0,0.0,0.3,0.7,0.00016986301369863014,107847.61992177494,18.316210493416293
2022-09-23 00:00:00+00:00,-0.0,0.0,0.014441746428571427,4.6749999999999984e-06,bybit,0.0100189049876439,-0.0007827903292446,BTCUSDT_221230,0.00013698630136986303,0.0002465753424657534,0.0,0.0,0.0,0.3,0.7,0.00016986301369863014,107865.93924351507,18.319321740127634
2022-09-24 00:00:00+00:00,-0.0,0.0,0.015164185714285712,5.4905000000000004e-05,bybit,0.0124895895114036,-0.0001511587960149,BTCUSDT_221230,0.00013698630136986303,0.0002465753424657534,0.0,0.0,0.0,0.3,0.7,0.00016986301369863014,107884.2616770304,18.322433515335433
2022-09-25 00:00:00+00:00,-0.0,0.0,0.013621278571428575,7.8175e-05,bybit,0.0138519426948358,-8.93266366713647e-05,BTCUSDT_221230,0.00013698630136986303,0.0002465753424657534,0.0,0.0,0.0,0.3,0.7,0.00016986301369863014,107902.58722284951,18.32554581911245
2022-09-26 00:00:00+00:00,0.0,0.0,0.016805121428571428,7.206999999999999e-05,bybit,0.01436307008885,-0.0002649806374305,BTCUSDT_221230,0.00013698630136986303,0.0002465753424657534,0.0,0.0,0.0,0.3,0.7,0.00016986301369863014,107920.91588150106,18.328658651545993
2022-09-27 00:00:00+00:00,-0.0,0.0,0.012824014285714284,0.00010391,binance,0.0167028613898949,0.0001307711619973,BTCUSDT_221230,0.00013698630136986303,0.0002465753424657534,0.0,0.0,0.0,0.3,0.7,0.00016986301369863014,107939.2476535138,18.33177201273793
2022-09-28 00:00:00+00:00,0.0,0.0,0.011782982142857144,2.7009999999999997e-05,binance,0.0155834278363421,-0.0008090014742834,BTCUSDT_221230,0.00013698630136986303,0.0002465753424657534,0.0,0.0,0.0,0.3,0.7,0.00016986301369863014,107957.58253941659,18.33488590279012
2022-09-29 00:00:00+00:00,0.0,0.0,0.019853132142857145,0.000100035,binance,0.0219698370676227,0.0003802667584071,BTCUSDT_221230,0.00013698630136986303,0.0002465753424657534,0.0,0.0,0.0,0.3,0.7,0.00016986301369863014,107975.92053973835,18.338000321760774
2022-09-30 00:00:00+00:00,-0.0,0.0,0.02631571785714286,0.00015000000000000001,binance,0.0193273953159983,0.0001966779953878,BTCUSDT_221230,0.00013698630136986303,0.0002465753424657534,0.0,0.0,0.0,0.3,0.7,0.00016986301369863014,107994.2616550081,18.341115269751754
2022-10-01 00:00:00+00:00,-0.0,0.0,0.028984128571428576,0.00010101500000000001,binance,0.0180506396629892,-0.0002783394913248,BTCUSDT_221230,0.00013698630136986303,0.0002465753424657534,0.0,0.0,0.0,0.3,0.7,0.00016986301369863014,108012.60588575497,18.344230746864923
2022-10-02 00:00:00+00:00,-0.0,0.0,0.03112641785714286,7.731e-05,binance,0.0208103486254458,-0.0001500776625665,BTCUSDT_221230,0.00013698630136986303,0.0002465753424657534,0.0,0.0,0.0,0.3,0.7,0.00016986301369863014,108030.95323250815,18.347346753187594
2022-10-03 00:00:00+00:00,0.0,0.0,0.03497951428571429,0.00011156,binance,0.0216418817016752,-0.00019511867087,BTCUSDT_221230,0.00013698630136986303,0.0002465753424657534,0.0,0.0,0.0,0.3,0.7,0.00016986301369863014,108049.30369579695,18.350463288792525
2022-10-04 00:00:00+00:00,0.0,0.0,0.037382778571428577,0.00015000000000000001,binance,0.0227079345307156,0.0002222460421028,BTCUSDT_221230,0.00013698630136986303,0.0002465753424657534,0.0,0.0,0.0,0.3,0.7,0.00016986301369863014,108067.65727615076,18.353580353810685
2022-10-05 00:00:00+00:00,-0.0,0.0,0.04379582857142858,0.00015000000000000001,binance,0.0212732923446536,-0.0002527499893344,BTCUSDT_221230,0.00013698630136986303,0.0002465753424657534,0.0,0.0,0.0,0.3,0.7,0.00016986301369863014,108086.01397409903,18.356697948271176
2022-10-06 00:00:00+00:00,-0.0,0.0,0.04640114642857143,0.00015000000000000001,binance,0.0239287912621353,0.0005390600616112,BTCUSDT_221230,0.00013698630136986303,0.0002465753424657534,0.0,0.0,0.0,0.3,0.7,0.00016986301369863014,108104.37379017133,18.359816072304966
2022-10-07 00:00:00+00:00,-0.0,0.0,0.04575275,0.000137565,binance,0.0199595244836969,2.4833474909678505e-05,BTCUSDT_221230,0.00013698630136986303,0.0002465753424657534,0.0,0.0,0.0,0.3,0.7,0.00016986301369863014,108122.73672489732,18.362934725984815
2022-10-08 00:00:00+00:00,-0.0,0.0,0.044485939285714295,7.672e-05,binance,0.0200969704683038,0.0002178395670812,BTCUSDT_221230,0.00013698630136986303,0.0002465753424657534,0.0,0.0,0.0,0.3,0.7,0.00016986301369863014,108141.10277880676,18.36605390944169
2022-10-09 00:00:00+00:00,0.0,0.0,0.04227273571428571,3.4865e-05,binance,0.0183828146912251,3.986826496395581e-05,BTCUSDT_221230,0.00013698630136986303,0.0002465753424657534,0.0,0.0,0.0,0.3,0.7,0.00016986301369863014,108159.47195242945,18.36917362269014
2022-10-10 00:00:00+00:00,-0.0,0.0,0.04227221428571428,0.00011155,binance,0.0185434559012955,-0.0004827024227114,BTCUSDT_221230,0.00013698630136986303,0.0002465753424657534,0.0,0.0,0.0,0.3,0.7,0.00016986301369863014,108177.84424629535,18.372293865904794
2022-10-11 00:00:00+00:00,-0.0,0.0,0.04227221428571429,0.00015000000000000001,binance,0.0232673137460652,0.0002211437565582,BTCUSDT_221230,0.00013698630136986303,0.0002465753424657534,0.0,0.0,0.0,0.3,0.7,0.00016986301369863014,108196.21966093444,18.375414639085648
2022-10-12 00:00:00+00:00,0.0,0.0,0.04581375714285715,0.00015000000000000001,bybit,0.0214110428381633,-0.0002218680454156,BTCUSDT_221230,0.00013698630136986303,0.0002465753424657534,0.0,0.0,0.0,0.3,0.7,0.00016986301369863014,108214.59819687685,18.378535942407325
2022-10-13 00:00:00+00:00,0.0,0.0,0.04998987857142858,0.00013624,bybit,0.0234926794271171,0.0004361261059926,BTCUSDT_221230,0.00013698630136986303,0.0002465753424657534,0.0,0.0,0.0,0.3,0.7,0.00016986301369863014,108232.97985465275,18.38165777589893
2022-10-14 00:00:00+00:00,-0.0,0.0,0.042368678571428585,3.839999999999999e-06,bybit,0.0198663016095209,6.935416669925412e-05,BTCUSDT_221230,0.00013698630136986303,0.0002465753424657534,0.0,0.0,0.0,0.3,0.7,0.00016986301369863014,108251.36463479244,18.38478013969143
2022-10-15 00:00:00+00:00,-0.0,0.0,0.041402732142857154,0.000131475,bybit,0.0195712867585169,0.0001596799897637,BTCUSDT_221230,0.00013698630136986303,0.0002465753424657534,0.0,0.0,0.0,0.3,0.7,0.00016986301369863014,108269.7525378263,18.387903033857583
2022-10-16 00:00:00+00:00,0.0,0.0,0.04175652142857143,7.9255e-05,bybit,0.0180943273920578,-0.0003094017644207,BTCUSDT_221230,0.00013698630136986303,0.0002465753424657534,0.0,0.0,0.0,0.3,0.7,0.00016986301369863014,108288.14356428478,18.391026458484703
2022-10-17 00:00:00+00:00,0.0,0.0,0.03651720714285714,4.952e-05,bybit,0.0210771537701758,3.01792442503499e-05,BTCUSDT_221230,0.00013698630136986303,0.0002465753424657534,0.0,0.0,0.0,0.3,0.7,0.00016986301369863014,108306.53771469842,18.394150413645548
2022-10-18 00:00:00+00:00,-0.0,0.0,0.03491042500000001,0.00015000000000000001,binance,0.0213064948073828,-0.0002061835400859,BTCUSDT_221230,0.00013698630136986303,0.0002465753424657534,0.0,0.0,0.0,0.3,0.7,0.00016986301369863014,108324.9349895979,18.397274899471086
2022-10-19 00:00:00+00:00,-0.0,0.0,0.034284189285714285,0.00013799,binance,0.0239449715026041,0.0003751836046593,BTCUSDT_221230,0.00013698630136986303,0.0002465753424657534,0.0,0.0,0.0,0.3,0.7,0.00016986301369863014,108343.33538951393,18.400399916034075
2022-10-20 00:00:00+00:00,-0.0,0.0,0.033427482142857144,9.058e-05,binance,0.0205127113468978,-0.0002665172419587,BTCUSDT_221230,0.00013698630136986303,0.0002465753424657534,0.0,0.0,0.0,0.3,0.7,0.00016986301369863014,108361.73891497735,18.40352546342183
2022-10-21 00:00:00+00:00,0.0,0.0,0.03984392142857143,0.00015000000000000001,bybit,0.0234344478097341,-5.270196724443425e-05,BTCUSDT_221230,0.00013698630136986303,0.0002465753424657534,0.0,0.0,0.0,0.3,0.7,0.00016986301369863014,108380.14556651907,18.406651541721658
2022-10-22 00:00:00+00:00,0.0,0.0,0.03141033571428572,-3.0265e-05,bybit,0.0242809949119698,-0.0002434344302201,BTCUSDT_221230,0.00013698630136986303,0.0002465753424657534,0.0,0.0,0.0,0.3,0.7,0.00016986301369863014,108398.5553446701,18.409778151020873
2022-10-23 00:00:00+00:00,0.0,0.0,0.030738996428571433,5.2485e-05,binance,0.0267416909330056,0.0003505293708866,BTCUSDT_221230,0.00013698630136986303,0.0002465753424657534,0.0,0.0,0.0,0.3,0.7,0.00016986301369863014,108416.9682499615,18.412905291406787
2022-10-24 00:00:00+00:00,-0.0,0.0,0.03352837857142858,0.00011164000000000001,binance,0.02361200435577,-0.0008833547511293,BTCUSDT_221230,0.00013698630136986303,0.0002465753424657534,0.0,0.0,0.0,0.3,0.7,0.00016986301369863014,108435.3842829245,18.416032962995814
2022-10-25 00:00:00+00:00,0.0,0.0,0.02914316428571429,6.59e-05,binance,0.0324794005381275,0.000408863116513,BTCUSDT_221230,0.00013698630136986303,0.0002465753424657534,0.0,0.0,0.0,0.3,0.7,0.00016986301369863014,108453.80344409037,18.419161165875266
2022-10-26 00:00:00+00:00,0.0,0.0,0.02560579285714286,7.015e-05,binance,0.0274421790680291,-0.0001150610039963,BTCUSDT_221230,0.00013698630136986303,0.0002465753424657534,0.0,0.0,0.0,0.3,0.7,0.00016986301369863014,108472.22573399045,18.422289900074247
2022-10-27 00:00:00+00:00,-0.0,0.0,0.020651439285714286,-4.434999999999999e-06,binance,0.0298685326785617,-3.3751972765828354e-05,BTCUSDT_221230,0.00013698630136986303,0.0002465753424657534,0.0,0.0,0.0,0.3,0.7,0.00016986301369863014,108490.65115315621,18.42541916576738
2022-10-28 00:00:00+00:00,0.0,0.0,0.01840486428571429,-1.5799999999999984e-06,binance,0.0302908552341336,-0.0001012537004949,BTCUSDT_221230,0.00013698630136986303,0.0002465753424657534,0.0,0.0,0.0,0.3,0.7,0.00016986301369863014,108509.0797021192,18.42854896298377
2022-10-29 00:00:00+00:00,0.0,0.0,0.018321957142857146,5.722e-05,binance,0.0316369280367288,0.0004519533466893,BTCUSDT_221230,0.00013698630136986303,0.0002465753424657534,0.0,0.0,0.0,0.3,0.7,0.00016986301369863014,108527.51138141105,18.43167929185438
2022-10-30 00:00:00+00:00,-0.0,0.0,0.017105725000000002,2.916e-05,binance,0.0269831836931712,-0.0001318629323601,BTCUSDT_221230,0.00013698630136986303,0.0002465753424657534,0.0,0.0,0.0,0.3,0.7,0.00016986301369863014,108545.9461915635,18.434810152451973
2022-10-31 00:00:00+00:00,-0.0,0.0,0.012565125000000003,2.456e-05,binance,0.0292310087385811,-4.92905575884628e-05,BTCUSDT_221230,0.00013698630136986303,0.0002465753424657534,0.0,0.0,0.0,0.3,0.7,0.00016986301369863014,108564.38413310835,18.43794154484931
2022-11-01 00:00:00+00:00,-0.0,0.0,0.009372939285714284,4.680000000000001e-06,binance,0.0303468605315872,0.0002543495729758,BTCUSDT_221230,0.00013698630136986303,0.0002465753424657534,0.0,0.0,0.0,0.3,0.7,0.00016986301369863014,108582.82520657755,18.441073469191906
2022-11-02 00:00:00+00:00,-0.0,0.0,0.008853075000000002,6.0179999999999996e-05,binance,0.0281243249525468,-0.0001171108940919,BTCUSDT_221230,0.00013698630136986303,0.0002465753424657534,0.0,0.0,0.0,0.3,0.7,0.00016986301369863014,108601.26941250302,18.444205925479764
2022-11-03 00:00:00+00:00,0.0,0.0,0.01179627857142857,5.903e-05,bybit,0.0300341432872769,-0.0001558802483394,BTCUSDT_221230,0.00013698630136986303,0.0002465753424657534,0.0,0.0,0.0,0.3,0.7,0.00016986301369863014,108619.71675141693,18.44733891390206
2022-11-04 00:00:00+00:00,0.0,0.0,0.01504217142857143,6.238e-05,binance,0.0311522981277171,-0.0002943468384549,BTCUSDT_221230,0.00013698630136986303,0.0002465753424657534,0.0,0.0,0.0,0.3,0.7,0.00016986301369863014,108638.1672238514,18.45047243447334
2022-11-05 00:00:00+00:00,0.0,0.0,0.01699909285714286,9.475e-05,binance,0.0353731759970543,2.605710873148408e-05,BTCUSDT_221230,0.00013698630136986303,0.0002465753424657534,0.0,0.0,0.0,0.3,0.7,0.00016986301369863014,108656.62083033874,18.45360648733913
2022-11-06 00:00:00+00:00,-0.0,0.0,0.021498239285714288,0.00011544499999999999,binance,0.0363479954120342,5.3813383795139856e-05,BTCUSDT_221230,0.00013698630136986303,0.0002465753424657534,0.0,0.0,0.0,0.3,0.7,0.00016986301369863014,108675.07757141128,18.456741072543082
2022-11-07 00:00:00+00:00,-0.0,0.0,0.027468857142857142,0.000139065,binance,0.0368468328123949,0.0010222848381802,BTCUSDT_221230,0.00013698630136986303,0.0002465753424657534,0.0,0.0,0.0,0.3,0.7,0.00016986301369863014,108693.53744760148,18.459876190201612
2022-11-08 00:00:00+00:00,-0.0,0.0,0.031180646428571428,7.586499999999999e-05,binance,0.0257612073857679,0.0030511294678504,BTCUSDT_221230,0.00013698630136986303,0.0002465753424657534,0.0,0.0,0.0,0.3,0.7,0.00016986301369863014,108712.00045944189,18.463011840402032
2022-11-09 00:00:00+00:00,-0.0,0.0,0.017730135714285715,-0.000197775,binance,-0.0202756974699417,0.0014582853152177,BTCUSDT_221230,0.00013698630136986303,0.0002465753424657534,0.0,0.0,0.0,0.3,0.7,0.00016986301369863014,108730.46660746513,18.466148023246205
2022-11-10 00:00:00+00:00,0.0,0.0,-0.05136384285714288,-0.00127479,binance,-0.0379699621899717,-4.658786499754435e-05,BTCUSDT_221230,0.00013698630136986303,0.0002465753424657534,0.0,0.0,0.0,0.3,0.7,0.00016986301369863014,108748.93589220394,18.46928473880689
2022-11-11 00:00:00+00:00,-0.0,0.0,-0.06309781071428572,-0.000162655,binance,-0.039234071033393,-0.0007390023965586,BTCUSDT_221230,0.00013698630136986303,0.0002465753424657534,0.0,0.0,0.0,0.3,0.7,0.00016986301369863014,108767.4083141911,18.47242198715685
2022-11-12 00:00:00+00:00,-0.0,0.0,-0.06558372142857141,4.7075e-05,binance,-0.0292550059243116,-0.0006522096016673,BTCUSDT_221230,0.00013698630136986303,0.0002465753424657534,0.0,0.0,0.0,0.3,0.7,0.00016986301369863014,108785.88387395954,18.4755597684416
2022-11-13 00:00:00+00:00,-0.0,0.0,-0.07270043928571426,-2.1040000000000002e-05,binance,-0.0203305407490616,0.0008545700052358,BTCUSDT_221230,0.00013698630136986303,0.0002465753424657534,0.0,0.0,0.0,0.3,0.7,0.00016986301369863014,108804.36257204223,18.478698082690244
2022-11-14 00:00:00+00:00,0.0,0.0,-0.08323303571428571,-6.293e-05,binance,-0.0337358577914344,-5.7161905380406565e-06,BTCUSDT_221230,0.00013698630136986303,0.0002465753424657534,0.0,0.0,0.0,0.3,0.7,0.00016986301369863014,108822.84440897228,18.481836930048303
2022-11-15 00:00:00+00:00,0.0,0.0,-0.09404928928571427,-0.00013157000000000002,binance,-0.0338207527911786,-0.0007517497930544,BTCUSDT_221230,0.00013698630136986303,0.0002465753424657534,0.0,0.0,0.0,0.3,0.7,0.00016986301369863014,108841.32938528284,18.484976310559432
2022-11-16 00:00:00+00:00,-0.0,0.0,-0.08861522142857142,-9.356e-05,binance,-0.0224328491689349,0.0003690865138789,BTCUSDT_221230,0.00013698630136986303,0.0002465753424657534,0.0,0.0,0.0,0.3,0.7,0.00016986301369863014,108859.81750150718,18.488116224340047
2022-11-17 00:00:00+00:00,0.0,0.0,-0.025371932142857143,-6.1905e-05,binance,-0.0291682655779472,-0.0004226433812429,BTCUSDT_221230,0.00013698630136986303,0.0002465753424657534,0.0,0.0,0.0,0.3,0.7,0.00016986301369863014,108878.30875817865,18.49125667147746
2022-11-18 00:00:00+00:00,0.0,0.0,-0.016755846428571426,2.5850000000000007e-06,binance,-0.0225061657163786,-0.0003104706759398,BTCUSDT_221230,0.00013698630136986303,0.0002465753424657534,0.0,0.0,0.0,0.3,0.7,0.00016986301369863014,108896.80315583073,18.49439765207353
2022-11-19 00:00:00+00:00,0.0,0.0,-0.016007857142857143,6.142e-05,binance,-0.0175269626818764,-0.0001841242392525,BTCUSDT_221230,0.00013698630136986303,0.0002465753424657534,0.0,0.0,0.0,0.3,0.7,0.00016986301369863014,108915.30069499691,18.49753916618647
2022-11-20 00:00:00+00:00,-0.0,0.0,-0.014443049999999999,8.97e-06,binance,-0.0149820518506185,0.0006621528074235,BTCUSDT_221230,0.00013698630136986303,0.0002465753424657534,0.0,0.0,0.0,0.3,0.7,0.00016986301369863014,108933.80137621085,18.500681213932694
2022-11-21 00:00:00+00:00,-0.0,0.0,-0.008819964285714287,4.491e-05,binance,-0.0286380182985598,-0.0003437615049213,BTCUSDT_221230,0.00013698630136986303,0.0002465753424657534,0.0,0.0,0.0,0.3,0.7,0.00016986301369863014,108952.30520000625,18.503823795399512
2022-11-22 00:00:00+00:00,0.0,0.0,-0.0013262535714285728,1.2145e-05,binance,-0.0221619758643086,-1.3249571391724874e-05,BTCUSDT_221230,0.00013698630136986303,0.0002465753424657534,0.0,0.0,0.0,0.3,0.7,0.00016986301369863014,108970.81216691693,18.50696691068879
2022-11-23 00:00:00+00:00,0.0,0.0,0.008509975,9.508000000000002e-05,binance,-0.0219897747258597,0.0005071339044311,BTCUSDT_221230,0.00013698630136986303,0.0002465753424657534,0.0,0.0,0.0,0.3,0.7,0.00016986301369863014,108989.3222774768,18.51011055985873
2022-11-24 00:00:00+00:00,-0.0,0.0,0.015310707142857144,6.852e-05,binance,-0.0328923917878353,-6.958271456933449e-05,BTCUSDT_221230,0.00013698630136986303,0.0002465753424657534,0.0,0.0,0.0,0.3,0.7,0.00016986301369863014,109007.83553221982,18.513254743025755
2022-11-25 00:00:00+00:00,-0.0,0.0,0.016179146428571427,1.924e-05,binance,-0.0325314136926923,0.0001370887790564,BTCUSDT_221230,0.00013698630136986303,0.0002465753424657534,0.0,0.0,0.0,0.3,0.7,0.00016986301369863014,109026.35193168008,18.51639946026262
2022-11-26 00:00:00+00:00,-0.0,0.0,0.014261071428571429,2.4635e-05,binance,-0.0365723110316672,-0.0008412030935859,BTCUSDT_221230,0.00013698630136986303,0.0002465753424657534,0.0,0.0,0.0,0.3,0.7,0.00016986301369863014,109044.87147639177,18.51954471168574
2022-11-27 00:00:00+00:00,-0.0,0.0,0.014257682142857145,8.904999999999997e-06,binance,-0.0191067139495428,0.0005091674488307,BTCUSDT_221230,0.00013698630136986303,0.0002465753424657534,0.0,0.0,0.0,0.3,0.7,0.00016986301369863014,109063.39416688912,18.522690497353324
2022-11-28 00:00:00+00:00,-0.0,0.0,0.012661589285714283,1.43e-05,binance,-0.0317361866253502,-0.0005730001585157,BTCUSDT_221230,0.00013698630136986303,0.0002465753424657534,0.0,0.0,0.0,0.3,0.7,0.00016986301369863014,109081.92000370652,18.52583681739634
2022-11-29 00:00:00+00:00,0.0,0.0,0.014256378571428573,4.273e-05,binance,-0.0189976454255334,-0.0005440160364615,BTCUSDT_221230,0.00013698630136986303,0.0002465753424657534,0.0,0.0,0.0,0.3,0.7,0.00016986301369863014,109100.44898737836,18.52898367184389
2022-11-30 00:00:00+00:00,0.0,0.0,0.013718524999999997,8.4765e-05,binance,-0.0061245749736065,0.0003766683524007,BTCUSDT_221230,0.00013698630136986303,0.0002465753424657534,0.0,0.0,0.0,0.3,0.7,0.00016986301369863014,109118.98111843923,18.532131060870597
2022-12-01 00:00:00+00:00,-0.0,0.0,0.011717282142857142,3.0140000000000003e-05,binance,-0.0159909622490772,-8.040114576049069e-05,BTCUSDT_221230,0.00013698630136986303,0.0002465753424657534,0.0,0.0,0.0,0.3,0.7,0.00016986301369863014,109137.51639742372,18.535278984491015
2022-12-02 00:00:00+00:00,0.0,0.0,0.012610749999999997,3.6374999999999996e-05,binance,-0.0143682555952327,-8.892664370957708e-05,BTCUSDT_221230,0.00013698630136986303,0.0002465753424657534,0.0,0.0,0.0,0.3,0.7,0.00016986301369863014,109156.05482486657,18.53842744285066
2022-12-03 00:00:00+00:00,-0.0,0.0,0.016129871428571432,9.2125e-05,binance,-0.0126496927837741,-0.0001924762513917,BTCUSDT_221230,0.00013698630136986303,0.0002465753424657534,0.0,0.0,0.0,0.3,0.7,0.00016986301369863014,109174.59640130257,18.541576435993193
2022-12-04 00:00:00+00:00,0.0,0.0,0.02014773928571429,8.596e-05,binance,-0.007632408630321,0.0001885336466791,BTCUSDT_221230,0.00013698630136986303,0.0002465753424657534,0.0,0.0,0.0,0.3,0.7,0.00016986301369863014,109193.14112726662,18.544725964049576
2022-12-05 00:00:00+00:00,-0.0,0.0,0.01951655,2.1949999999999985e-06,binance,-0.0135532981460361,-0.0002266250548881,BTCUSDT_221230,0.00013698630136986303,0.0002465753424657534,0.0,0.0,0.0,0.3,0.7,0.00016986301369863014,109211.6890032937,18.54787602707802
2022-12-06 00:00:00+00:00,0.0,0.0,0.019538189285714287,4.3145e-05,binance,-0.0071730033112975,0.0001193753159935,BTCUSDT_221230,0.00013698630136986303,0.0002465753424657534,0.0,0.0,0.0,0.3,0.7,0.00016986301369863014,109230.2400299189,18.551026625209488
2022-12-07 00:00:00+00:00,-0.0,0.0,0.016957117857142857,3.5264999999999995e-05,binance,-0.0114426941325063,-0.0002209466972033,BTCUSDT_221230,0.00013698630136986303,0.0002465753424657534,0.0,0.0,0.0,0.3,0.7,0.00016986301369863014,109248.79420767742,18.554177758516744
2022-12-08 00:00:00+00:00,0.0,0.0,0.016298553571428568,1.751e-05,binance,-0.0045272189970578,-7.663680540625577e-05,BTCUSDT_221230,0.00013698630136986303,0.0002465753424657534,0.0,0.0,0.0,0.3,0.7,0.00016986301369863014,109267.35153710448,18.557329427057994
2022-12-09 00:00:00+00:00,-0.0,0.0,0.016587425,4.1915e-05,binance,-0.0020903544667376,-1.3719775626239571e-05,BTCUSDT_221230,0.00013698630136986303,0.0002465753424657534,0.0,0.0,0.0,0.3,0.7,0.00016986301369863014,109285.91201873543,18.560481630949653
2022-12-10 00:00:00+00:00,-0.0,0.0,0.011615603571428573,-3.2250000000000005e-06,binance,-0.0016942062146877,-0.0001062619216242,BTCUSDT_221230,0.00013698630136986303,0.0002465753424657534,0.0,0.0,0.0,0.3,0.7,0.00016986301369863014,109304.47565310572,18.563634370293585
2022-12-11 00:00:00+00:00,-0.0,0.0,0.007783624999999999,1.2470000000000001e-05,binance,0.0023050315303352,-3.277719409656341e-05,BTCUSDT_221230,0.00013698630136986303,0.0002465753424657534,0.0,0.0,0.0,0.3,0.7,0.00016986301369863014,109323.04244075091,18.566787645191653
2022-12-12 00:00:00+00:00,0.0,0.0,0.008548821428571426,1.687e-05,binance,0.0037351069450145,-0.0009450993995874,BTCUSDT_221230,0.00013698630136986303,0.0002465753424657534,0.0,0.0,0.0,0.3,0.7,0.00016986301369863014,109341.61238220659,18.56994145567296
2022-12-13 00:00:00+00:00,0.0,0.0,0.010203053571428571,7.486999999999999e-05,binance,0.0431230906850757,0.0002770792193399,BTCUSDT_221230,0.00013698630136986303,0.0002465753424657534,0.0,0.0,0.0,0.3,0.7,0.00016986301369863014,109360.1854780085,18.57309580191213
2022-12-14 00:00:00+00:00,0.0,0.0,0.016185664285714288,0.00015000000000000001,binance,0.0331235272971337,-1.71317997096183e-05,BTCUSDT_221230,0.00013698630136986303,0.0002465753424657534,0.0,0.0,0.0,0.3,0.7,0.00016986301369863014,109378.76172869244,18.57625068393827
2022-12-15 00:00:00+00:00,-0.0,0.0,0.021837428571428574,0.0001259,binance,0.0370965307201851,0.000682171471635,BTCUSDT_221230,0.00013698630136986303,0.0002465753424657534,0.0,0.0,0.0,0.3,0.7,0.00016986301369863014,109397.34113479429,18.579406101853237
2022-12-16 00:00:00+00:00,-0.0,0.0,0.021883835714285715,4.2805e-05,binance,0.0043577470237489,0.0004389097721758,BTCUSDT_221230,0.00013698630136986303,0.0002465753424657534,0.0,0.0,0.0,0.3,0.7,0.00016986301369863014,109415.92369685005,18.5825620557589
2022-12-17 00:00:00+00:00,0.0,0.0,0.02714374642857143,9.765e-05,binance,-0.0197817682552294,-0.0001433551177479,BTCUSDT_221230,0.00013698630136986303,0.0002465753424657534,0.0,0.0,0.0,0.3,0.7,0.00016986301369863014,109434.5094153958,18.585718545757118
2022-12-18 00:00:00+00:00,-0.0,0.0,0.029740721428571433,6.2275e-05,binance,-0.0127385684211922,-0.0002936395229835,BTCUSDT_221230,0.00013698630136986303,0.0002465753424657534,0.0,0.0,0.0,0.3,0.7,0.00016986301369863014,109453.09829096774,18.588875571935205
2022-12-19 00:00:00+00:00,-0.0,0.0,0.03263021785714286,7.2285e-05,binance,0.0056921595189403,-0.0001070632549176,BTCUSDT_221230,0.00013698630136986303,0.0002465753424657534,0.0,0.0,0.0,0.3,0.7,0.00016986301369863014,109471.69032410209,18.592033134351368
2022-12-20 00:00:00+00:00,0.0,0.0,0.031072710714285717,4.5e-05,binance,0.0136964977781148,-0.0004998354597303,BTCUSDT_221230,0.00013698630136986303,0.0002465753424657534,0.0,0.0,0.0,0.3,0.7,0.00016986301369863014,109490.28551533521,18.595191233122023
2022-12-21 00:00:00+00:00,-0.0,0.0,0.02823144642857143,9.551000000000001e-05,binance,0.055995484937041,0.0005040217727896,BTCUSDT_221230,0.00013698630136986303,0.0002465753424657534,0.0,0.0,0.0,0.3,0.7,0.00016986301369863014,109508.88386520356,18.598349868349032
2022-12-22 00:00:00+00:00,-0.0,0.0,0.029840575000000008,0.000136325,bybit,0.0170062087468199,0.0,BTCUSDT_221230,0.00013698630136986303,0.0002465753424657534,0.0,0.0,0.0,0.3,0.7,0.00016986301369863014,109527.48537424368,18.60150904011971
2022-12-23 00:00:00+00:00,-0.0,0.0,0.04199455357142858,0.00015000000000000001,bybit,0.0092121659582568,-0.0006513842119379,BTCUSDT_230331,0.00013698630136986303,0.0002465753424657534,0.0,0.0,0.0,0.3,0.7,0.00016986301369863014,109546.09004299219,18.60466874850681
2022-12-24 00:00:00+00:00,0.0,0.0,0.042064685714285725,0.00015000000000000001,bybit,0.0104106681190182,-0.0021207380322781,BTCUSDT_230331,0.00013698630136986303,0.0002465753424657534,0.0,0.0,0.0,0.3,0.7,0.00016986301369863014,109564.69787198577,18.607828993583098
2022-12-25 00:00:00+00:00,-0.0,0.0,0.04578951071428572,0.00015000000000000001,bybit,0.0266519059404906,0.00111037772448,BTCUSDT_230331,0.00013698630136986303,0.0002465753424657534,0.0,0.0,0.0,0.3,0.7,0.00016986301369863014,109583.30886176128,18.610989775508642
2022-12-26 00:00:00+00:00,0.0,0.0,0.050413539285714286,0.00011750000000000001,bybit,0.0183051578847204,-0.0001988842387343,BTCUSDT_230331,0.00013698630136986303,0.0002465753424657534,0.0,0.0,0.0,0.3,0.7,0.00016986301369863014,109601.92301285561,18.6141510943271
2022-12-27 00:00:00+00:00,-0.0,0.0,0.051027,0.000141785,bybit,0.0203000151859608,0.0004713773676611,BTCUSDT_230331,0.00013698630136986303,0.0002465753424657534,0.0,0.0,0.0,0.3,0.7,0.00016986301369863014,109620.54032580572,18.617312950111227
2022-12-28 00:00:00+00:00,-0.0,0.0,0.05191395,0.00015000000000000001,bybit,0.0169798901075972,-0.0001492689748363,BTCUSDT_230331,0.00013698630136986303,0.0002465753424657534,0.0,0.0,0.0,0.3,0.7,0.00016986301369863014,109639.16080114873,18.620475343006547
2022-12-29 00:00:00+00:00,0.0,0.0,0.05262700357142857,0.00015000000000000001,bybit,0.0182538253606574,0.0002317616228002,BTCUSDT_230331,0.00013698630136986303,0.0002465753424657534,0.0,0.0,0.0,0.3,0.7,0.00016986301369863014,109657.7844394218,18.623638273071265
2022-12-30 00:00:00+00:00,-0.0,0.0,0.05262700357142858,0.00015000000000000001,bybit,0.0166212010332851,-0.0003004670184759,BTCUSDT_230331,0.00013698630136986303,0.0002465753424657534,0.0,0.0,0.0,0.3,0.7,0.00016986301369863014,109676.41124116219,18.626801740392693
2022-12-31 00:00:00+00:00,-0.0,0.0,0.06750935714285716,0.000435415,bybit,0.0193187069456532,-0.0001435704613598,BTCUSDT_230331,0.00013698630136986303,0.0002465753424657534,0.0,0.25,0.0,0.3,0.44999999999999996,0.0002444701883561644,109703.22385407654,26.8126129143493
2023-01-01 00:00:00+00:00,0.0,0.0,0.08060086428571431,0.00040107,bybit,0.0206206915554781,3.370093429819253e-05,BTCUSDT_230331,0.00013698630136986303,0.0002465753424657534,0.0,0.25,0.0,0.3,0.44999999999999996,0.00023588393835616438,109729.10108256961,25.877228493074654
2023-01-02 00:00:00+00:00,0.0,0.0,0.08229550714285713,0.00015000000000000001,bybit,0.0205061971388795,0.0004321391578054,BTCUSDT_230331,0.00013698630136986303,0.0002465753424657534,0.0,0.25,0.0,0.3,0.44999999999999996,0.00017311643835616437,109748.09699373307,18.995911163452547
2023-01-03 00:00:00+00:00,0.0,0.0,0.0827238607142857,0.00015000000000000001,bybit,0.0171135342687645,-0.0008131846252933,BTCUSDT_230331,0.00013698630136986303,0.0002465753424657534,0.0,0.25,0.0,0.3,0.44999999999999996,0.00017311643835616437,109767.096193401,18.999199667930952
2023-01-04 00:00:00+00:00,0.0,0.0,0.0827238607142857,0.00015000000000000001,bybit,0.0239633966553304,0.0002726944706225,BTCUSDT_230331,0.00013698630136986303,0.0002465753424657534,0.0,0.25,0.0,0.3,0.44999999999999996,0.00017311643835616437,109786.0986821427,19.002488741709385
2023-01-05 00:00:00+00:00,-0.0,0.0,0.08016390714285712,0.00010090500000000001,bybit,0.0219274418299063,-0.0002435858209286,BTCUSDT_230331,0.00013698630136986303,0.0002465753424657534,0.0,0.25,0.0,0.3,0.44999999999999996,0.00016084268835616438,109803.75697339888,17.65829125617165
2023-01-06 00:00:00+00:00,0.0,0.0,0.07622373214285713,7.4435e-05,bybit,0.0241350135048896,8.023291142220286e-05,BTCUSDT_230331,0.00013698630136986303,0.0002465753424657534,0.0,0.25,0.0,0.3,0.44999999999999996,0.00015422518835616437,109820.6914785003,16.934505101424293
2023-01-07 00:00:00+00:00,-0.0,0.0,0.056959032142857136,6.5955e-05,bybit,0.0237300454831531,1.7705831770196504e-06,BTCUSDT_230331,0.00013698630136986303,0.0002465753424657534,0.0,0.0,0.0,0.3,0.7,0.00016986301369863014,109839.34595212131,18.65447362100531
2023-01-08 00:00:00+00:00,0.0,0.0,0.04386752500000001,0.00015000000000000001,bybit,0.023745443925428,-0.0002706122141568,BTCUSDT_230331,0.00013698630136986303,0.0002465753424657534,0.0,0.0,0.0,0.3,0.7,0.00016986301369863014,109858.00359444742,18.657642326114
2023-01-09 00:00:00+00:00,0.0,0.0,0.030603425,3.0175e-05,binance,0.0263997188637216,4.365983516385356e-05,BTCUSDT_230331,0.00013698630136986303,0.0002465753424657534,0.0,0.0,0.0,0.3,0.7,0.00016986301369863014,109876.66440601689,18.660811569468933
2023-01-10 00:00:00+00:00,0.0,0.0,0.028760696428571427,7.6155e-05,binance,0.0259351566970514,-0.0004414970534372,BTCUSDT_230331,0.00013698630136986303,0.0002465753424657534,0.0,0.0,0.0,0.3,0.7,0.00016986301369863014,109895.32838736803,18.663981351142866
2023-01-11 00:00:00+00:00,0.0,0.0,0.026210650000000002,2.5135e-05,binance,0.0294931800279524,-0.000226826117439,BTCUSDT_230331,0.00013698630136986303,0.0002465753424657534,0.0,0.0,0.0,0.3,0.7,0.00016986301369863014,109913.99553903932,18.667151671281317
2023-01-12 00:00:00+00:00,0.0,0.0,0.028930421428571426,0.000137745,binance,0.0304606071104255,-0.0001408740665435,BTCUSDT_230331,0.00013698630136986303,0.0002465753424657534,0.0,0.0,0.0,0.3,0.7,0.00016986301369863014,109932.66586156923,18.670322529913392
2023-01-13 00:00:00+00:00,0.0,0.0,0.030579178571428577,0.0001358,binance,0.0304418233686712,-0.0012717003152531,BTCUSDT_230331,0.00013698630136986303,0.0002465753424657534,0.0,0.0,0.0,0.3,0.7,0.00016986301369863014,109951.3393554964,18.673493927170057
2023-01-14 00:00:00+00:00,0.0431174835445146,0.8636371222258674,0.04398354285714286,0.00032296500000000004,binance,0.0409514429320807,-0.0003178251217375,BTCUSDT_230331,0.00013698630136986303,0.0002465753424657534,0.4,0.0,0.0,0.3,0.30000000000000004,0.017362061910956524,111860.32131657911,1908.9819610827108
2023-01-15 00:00:00+00:00,-0.0032207181886206,0.7760255571842346,0.0499614607142857,0.00023019,binance,0.0447691828570059,0.0001473300912728,BTCUSDT_230331,0.00013698630136986303,0.0002465753424657534,0.4,0.0,0.0,0.3,0.30000000000000004,-0.0011732187822975553,111729.08468661664,-131.23662996247003
2023-01-16 00:00:00+00:00,0.0111275121095079,0.7426189351034014,0.056209478571428564,0.00015000000000000001,binance,0.0432695040070783,0.0003129476792073,BTCUSDT_230331,0.00013698630136986303,0.0002465753424657534,0.4,0.0,0.0,0.3,0.30000000000000004,0.0045660733369538445,112239.24788116646,510.16319454982295
2023-01-17 00:00:00+00:00,-0.0017570215673894,0.7147563852028602,0.06005996785714284,0.00015000000000000001,binance,0.0408307432146303,-0.0002256940090778,BTCUSDT_230331,0.00013698630136986303,0.0002465753424657534,0.4,0.0,0.0,0.3,0.30000000000000004,-0.0005877401338050751,112173.28037059862,-65.96751056784706
2023-01-18 00:00:00+00:00,-0.0147192819826851,0.6776415948225792,0.06657078571428571,0.00015000000000000001,binance,0.0446523639819887,0.0001383147938311,BTCUSDT_230331,0.00013698630136986303,0.0002465753424657534,0.4,0.25,0.0,0.3,0.050000000000000044,-0.005769390875265822,111526.10887037983,-647.1715002187848
2023-01-19 00:00:00+00:00,0.0112751913275728,0.5978326429330821,0.06720979642857142,0.00015000000000000001,binance,0.043038825208408,-0.0005927412217113,BTCUSDT_230331,0.00013698630136986303,0.0002465753424657534,0.4,0.25,0.0,0.3,0.050000000000000044,0.00462839844883734,112042.29613968037,516.1872693005425
2023-01-20 00:00:00+00:00,0.0453447400341997,0.5988377812070848,0.06795022499999999,0.00015000000000000001,binance,0.0463270512780354,5.8233898216838726e-05,BTCUSDT_230331,0.00013698630136986303,0.0002465753424657534,0.4,0.25,0.0,0.3,0.050000000000000044,0.018256217931488097,114087.76471555069,2045.4685758703126
2023-01-21 00:00:00+00:00,0.0027987075831247,0.5573993005765773,0.0589313357142857,0.00015000000000000001,binance,0.0461455170793038,-1.031445933573842e-05,BTCUSDT_230331,0.00013698630136986303,0.0002465753424657534,0.4,0.0,0.0,0.3,0.30000000000000004,0.001234551526400565,114228.61193962391,140.8472240732226
2023-01-22 00:00:00+00:00,-0.0017948570084983,0.5264268763159732,0.05474999999999999,0.00015000000000000001,binance,0.0470912584996402,0.0001006258620355,BTCUSDT_230331,0.00013698630136986303,0.0002465753424657534,0.4,0.0,0.0,0.3,0.30000000000000004,-0.000602874310248635,114159.74644399014,-68.86549563377048
2023-01-23 00:00:00+00:00,0.0046038899178993,0.5047797823595702,0.05474999999999999,0.00015000000000000001,binance,0.0462727305676882,-0.0006231331641681,BTCUSDT_230331,0.00013698630136986303,0.0002465753424657534,0.4,0.0,0.0,0.3,0.30000000000000004,0.001956624460310405,114383.11419626528,223.36775227513863
2023-01-24 00:00:00+00:00,-0.0061045281795462,0.4917724341711626,0.05474999999999999,0.00015000000000000001,binance,0.0545409331019562,-0.0003059706471423,BTCUSDT_230331,0.00013698630136986303,0.0002465753424657534,0.4,0.0,0.0,0.3,0.30000000000000004,-0.002326742778667795,114116.97411130759,-266.1400849576894
2023-01-25 00:00:00+00:00,0.0089384914061535,0.4740250110378655,0.05474999999999999,0.00015000000000000001,binance,0.0577245800441388,0.0001259705805574,BTCUSDT_230331,0.00013698630136986303,0.0002465753424657534,0.4,0.0,0.0,0.3,0.30000000000000004,0.0036904650556120852,114538.11881651754,421.1447052099538
2023-01-26 00:00:00+00:00,-0.0010311062196857,0.4420184673518053,0.05474999999999999,0.00015000000000000001,binance,0.0573171541614061,-0.0001736228060835,BTCUSDT_230331,0.00013698630136986303,0.0002465753424657534,0.4,0.0,0.0,0.3,0.30000000000000004,-0.000297373994723595,114504.05815857694,-34.06065794060123
2023-01-27 00:00:00+00:00,0.0012268876563114,0.4391468967848442,0.05463033214285716,0.000147705,binance,0.0600703564451761,6.804148016654599e-05,BTCUSDT_230331,0.00013698630136986303,0.0002465753424657534,0.4,0.0,0.0,0.3,0.30000000000000004,0.000605823555675245,114573.4274142298,69.36925565285492
2023-01-28 00:00:00+00:00,-0.0009655740622048,0.4177527891886145,0.05474999999999999,0.00015000000000000001,bybit,0.0603730051508999,-0.0006645643845612,BTCUSDT_230331,0.00013698630136986303,0.0002465753424657534,0.4,0.0,0.0,0.3,0.30000000000000004,-0.0002711611317312351,114542.35955398584,-31.06786024395842
2023-01-29 00:00:00+00:00,0.0129936359697536,0.4157515546885531,0.05474999999999999,0.00015000000000000001,bybit,0.0672145440354331,0.0009697880997208,BTCUSDT_230331,0.00013698630136986303,0.0002465753424657534,0.4,0.0,0.2,0.3,0.09999999999999987,0.005479083240722314,115169.94667657088,627.5871225850424
2023-01-30 00:00:00+00:00,-0.0159106025499904,0.4121895357067416,0.05474999999999999,0.00015000000000000001,bybit,0.0588048137771804,-0.0002654849810415,BTCUSDT_230331,0.00013698630136986303,0.0002465753424657534,0.4,0.0,0.0,0.3,0.30000000000000004,-0.006249172526845475,114450.22980988139,-719.7168666894868
2023-01-31 00:00:00+00:00,0.0048786999832158,0.3765538674354412,0.05474999999999999,0.00015000000000000001,bybit,0.0622706897911567,-0.0001117831553811,BTCUSDT_230331,0.00013698630136986303,0.0002465753424657534,0.4,0.0,0.0,0.3,0.30000000000000004,0.002066548486437005,114686.74675906738,236.51694918598514
2023-02-01 00:00:00+00:00,0.0100542441617689,0.3830791051439167,0.05474999999999999,0.00015000000000000001,bybit,0.0630936875378803,3.750106393465452e-05,BTCUSDT_230331,0.00013698630136986303,0.0002465753424657534,0.4,0.0,0.0,0.3,0.30000000000000004,0.004136766157858245,115161.17901181515,474.43225274777797
2023-02-02 00:00:00+00:00,-0.0040949398138651,0.3967544188676608,0.05474999999999999,0.00015000000000000001,bybit,0.0643814762002434,0.0001779560933784,BTCUSDT_230331,0.00013698630136986303,0.0002465753424657534,0.4,0.0,0.0,0.3,0.30000000000000004,-0.0015229074323953552,114985.79919637463,-175.3798154405231
2023-02-03 00:00:00+00:00,-0.0009805226433014,0.4010954905256791,0.05474999999999999,0.00015000000000000001,binance,0.0633652353049839,0.0007754386114655,BTCUSDT_230331,0.00013698630136986303,0.0002465753424657534,0.4,0.0,0.0,0.3,0.30000000000000004,-0.00027714056416987503,114953.93196711384,-31.867229260795284
2023-02-04 00:00:00+00:00,-0.0019098187690723,0.419722052308048,0.05474999999999999,0.00015000000000000001,binance,0.0544693658385866,6.366057297082516e-05,BTCUSDT_230331,0.00013698630136986303,0.0002465753424657534,0.4,0.0,0.0,0.3,0.30000000000000004,-0.000648859014478235,114879.34307210725,-74.58889500658552
2023-02-05 00:00:00+00:00,-0.0071268147378713,0.4218319060935931,0.05474999999999999,0.00015000000000000001,binance,0.0555556524565695,4.382348336957755e-05,BTCUSDT_230331,0.00013698630136986303,0.0002465753424657534,0.4,0.0,0.0,0.3,0.30000000000000004,-0.002735657401997835,114565.07254689539,-314.27052521186124
2023-02-06 00:00:00+00:00,-0.0031165742516015,0.4188624247098802,0.05474999999999999,0.00015000000000000001,binance,0.0564194586804875,-7.380553646961281e-05,BTCUSDT_230331,0.00013698630136986303,0.0002465753424657534,0.4,0.0,0.0,0.3,0.30000000000000004,-0.0011315612074899153,114435.43515506804,-129.6373918273457
2023-02-07 00:00:00+00:00,0.0088663354952484,0.4225330998937803,0.05474999999999999,0.00015000000000000001,binance,0.0573366778984052,8.691738459567654e-05,BTCUSDT_230331,0.00013698630136986303,0.0002465753424657534,0.4,0.0,0.0,0.3,0.30000000000000004,0.0036616026912500454,114854.45225240622,419.0170973381755
2023-02-08 00:00:00+00:00,-0.0053910373855021,0.448321192318075,0.05474999999999999,0.00015000000000000001,binance,0.05790816086919,0.0002122980446804,BTCUSDT_230331,0.00013698630136986303,0.0002465753424657534,0.4,0.0,0.0,0.3,0.30000000000000004,-0.002041346461050155,114619.99452276493,-234.45772964128992
2023-02-09 00:00:00+00:00,-0.0221786828965826,0.4361813257800161,0.05474999999999999,0.00015000000000000001,binance,0.0589623950799111,0.0007395733689356,BTCUSDT_230331,0.00013698630136986303,0.0002465753424657534,0.4,0.0,0.0,0.3,0.30000000000000004,-0.008756404665482356,113616.33546796824,-1003.6590547966916
2023-02-10 00:00:00+00:00,-0.003378546387766,0.4288378622810948,0.05474999999999999,0.00015000000000000001,binance,0.0495365707816694,0.0004823079011097,BTCUSDT_230331,0.00013698630136986303,0.0002465753424657534,0.4,0.0,0.0,0.3,0.30000000000000004,-0.0012363500619557153,113475.86590457323,-140.4695633950032
2023-02-11 00:00:00+00:00,0.0047953939216363,0.438169938304143,0.05235586071428572,0.00012824,bybit,0.0427641007872673,0.0003085184482139,BTCUSDT_230331,0.00013698630136986303,0.0002465753424657534,0.4,0.0,0.0,0.3,0.30000000000000004,0.002033226061805205,113706.58799251635,230.72208794311155
2023-02-12 00:00:00+00:00,-0.0016804817948335,0.4571300269972424,0.05235586071428572,0.00015000000000000001,bybit,0.0390231203067845,-0.0001783456683349,BTCUSDT_230331,0.00013698630136986303,0.0002465753424657534,0.4,0.0,0.0,0.3,0.30000000000000004,-0.0005571242247827151,113643.23929782832,-63.348694688029354
2023-02-13 00:00:00+00:00,-0.0002107542179932,0.4622486680833799,0.05059212857142858,0.00011617499999999999,bybit,0.0427204852958549,-0.0005288424664863,BTCUSDT_230331,0.00013698630136986303,0.0002465753424657534,0.4,0.0,0.0,0.3,0.30000000000000004,3.0766805953404936e-05,113646.73573731969,3.4964394913695287
2023-02-14 00:00:00+00:00,0.0091258171357362,0.4669470042122937,0.050592128571428585,0.00015000000000000001,bybit,0.0512465154904013,-0.0012948291519218,BTCUSDT_230331,0.00013698630136986303,0.0002465753424657534,0.4,0.0,0.0,0.3,0.30000000000000004,0.003765395347445165,114074.66062731732,427.92488999763737
2023-02-15 00:00:00+00:00,0.0478942696019407,0.5010716762795895,0.04333384285714286,1.08e-05,bybit,0.067440501740608,0.0007763920893107,BTCUSDT_230331,0.00013698630136986303,0.0002465753424657534,0.4,0.0,0.2,0.3,0.09999999999999987,0.019400657491515132,116287.78404660874,2213.1234192914126
2023-02-16 00:00:00+00:00,-0.0160398005924432,0.483046966746549,0.04586251071428572,0.00017434,bybit,0.0577424073184754,-0.0005963588307029,BTCUSDT_230331,0.00013698630136986303,0.0002465753424657534,0.4,0.0,0.0,0.3,0.30000000000000004,-0.006300851743826595,115555.07195971294,-732.7120868958009
2023-02-17 00:00:00+00:00,0.0198577405478946,0.4450916749126483,0.04586251071428572,0.00015000000000000001,bybit,0.0665068064020927,-0.0001184372630491,BTCUSDT_230331,0.00013698630136986303,0.0002465753424657534,0.4,0.0,0.2,0.3,0.09999999999999987,0.00800707999942473,116480.33066523362,925.2587055206823
2023-02-18 00:00:00+00:00,0.0010601240742711,0.4295145411954859,0.047488064285714296,0.00015000000000000001,binance,0.0700609494935657,0.0001057569538748,BTCUSDT_230331,0.00013698630136986303,0.0002465753424657534,0.4,0.0,0.2,0.3,0.09999999999999987,0.0005328722533601123,116542.39980150733,62.0691362737125
2023-02-19 00:00:00+00:00,-0.0065157276317985,0.4440894137586602,0.05071753214285715,0.00015000000000000001,binance,0.0709194553670614,-0.0008375989215449,BTCUSDT_230331,0.00013698630136986303,0.0002465753424657534,0.4,0.0,0.2,0.3,0.09999999999999987,-0.0026861396041516676,116229.35064583764,-313.0491556696943
2023-02-20 00:00:00+00:00,0.0104635434222976,0.4452920553197358,0.053742599999999995,0.00015000000000000001,binance,0.0863857798630078,0.0003413546304272,BTCUSDT_230331,0.00013698630136986303,0.0002465753424657534,0.4,0.0,0.2,0.3,0.09999999999999987,0.004341359527881192,116733.94404468338,504.59339884574
2023-02-21 00:00:00+00:00,-0.0068944320685585,0.4384637899514014,0.054032775000000005,0.00015000000000000001,binance,0.083411100653168,0.0005817481972962,BTCUSDT_230331,0.00013698630136986303,0.0002465753424657534,0.4,0.0,0.2,0.3,0.09999999999999987,-0.002553751955087448,116435.8345068542,-298.1095378291793
2023-02-22 00:00:00+00:00,-0.0047635725797746,0.4303888253473746,0.05818386785714284,0.00015000000000000001,binance,0.0750158897801315,0.0001259190123648,BTCUSDT_230331,0.00013698630136986303,0.0002465753424657534,0.4,0.0,0.2,0.3,0.09999999999999987,-0.0017925739965601675,116227.11465764944,-208.71984920476098
2023-02-23 00:00:00+00:00,-0.0042648547406548,0.4254077658717295,0.05474999999999999,0.00015000000000000001,bybit,0.0752998907462944,0.0007098938187651,BTCUSDT_230331,0.00013698630136986303,0.0002465753424657534,0.4,0.0,0.2,0.3,0.09999999999999987,-0.0014762918996321876,116055.52950976272,-171.58514788671164
2023-02-24 00:00:00+00:00,-0.0129550652495612,0.4101118993412123,0.05474999999999999,0.00015000000000000001,bybit,0.0646846710626795,-4.744387497442649e-06,BTCUSDT_230331,0.00013698630136986303,0.0002465753424657534,0.4,0.0,0.0,0.3,0.30000000000000004,-0.005066957606673796,115467.48106171667,-588.0484480460582
2023-02-25 00:00:00+00:00,-0.0005084013024195,0.3774684172748333,0.05474999999999999,0.00015000000000000001,bybit,0.0667702957137795,-0.0001882794325879,BTCUSDT_230331,0.00013698630136986303,0.0002465753424657534,0.4,0.0,0.2,0.3,0.09999999999999987,-0.0001533451746086677,115449.77468067163,-17.706381045034504
2023-02-26 00:00:00+00:00,0.0065365473283877,0.3808230952012197,0.05474999999999999,0.00015000000000000001,bybit,0.0717265266285956,0.0003341137812382,BTCUSDT_230331,0.00013698630136986303,0.0002465753424657534,0.4,0.0,0.2,0.3,0.09999999999999987,0.0027691129204794325,115769.46814340632,319.69346273469273
2023-02-27 00:00:00+00:00,-0.0010334535261277,0.3853329848442418,0.05474999999999999,0.00015000000000000001,bybit,0.0665232558065281,0.0001102498755963,BTCUSDT_230331,0.00013698630136986303,0.0002465753424657534,0.4,0.0,0.2,0.3,0.09999999999999987,-0.0003036602024551077,115734.31356327177,-35.15458013454918
2023-02-28 00:00:00+00:00,-0.0056859954936545,0.3806038832478728,0.05474999999999999,0.00015000000000000001,bybit,0.0670737523635557,-0.0003716256070784,BTCUSDT_230331,0.00013698630136986303,0.0002465753424657534,0.4,0.0,0.2,0.3,0.09999999999999987,-0.002261052086000768,115472.63225216766,-261.68131110411196
2023-03-01 00:00:00+00:00,0.0079793847335664,0.3789742678631636,0.05474999999999999,0.00015000000000000001,bybit,0.0767362408659082,0.0004433117482479,BTCUSDT_230331,0.00013698630136986303,0.0002465753424657534,0.4,0.0,0.2,0.3,0.09999999999999987,0.0033680874759528523,115861.55417867147,388.92192650381185
2023-03-02 00:00:00+00:00,-0.0027514121404287,0.3940119092965284,0.05474999999999999,0.00015000000000000001,bybit,0.0686988875204074,0.0004116713515946,BTCUSDT_230331,0.00013698630136986303,0.0002465753424657534,0.4,0.0,0.2,0.3,0.09999999999999987,-0.0009305593529758475,115753.7381257802,-107.81605289127037
2023-03-03 00:00:00+00:00,-0.0184218247006466,0.3889315683872431,0.05474999999999999,0.00015000000000000001,bybit,0.0634223280899487,0.0003093359052425,BTCUSDT_230331,0.00013698630136986303,0.0002465753424657534,0.4,0.0,0.0,0.3,0.30000000000000004,-0.007253661387107956,114914.09970512382,-839.6384206563816
2023-03-04 00:00:00+00:00,-0.0001818242006986,0.3484618243280872,0.051594835714285726,8.949e-05,bybit,0.0574277378122444,0.0002700638174002,BTCUSDT_230331,0.00013698630136986303,0.0002465753424657534,0.4,0.0,0.0,0.3,0.30000000000000004,4.233881287124494e-05,114918.9650316875,4.865326563682174
2023-03-05 00:00:00+00:00,0.0013125570827584,0.3519582825602081,0.05000421785714286,0.00011949500000000001,bybit,0.0518597626720391,0.0002197925657504,BTCUSDT_230331,0.00013698630136986303,0.0002465753424657534,0.4,0.0,0.0,0.3,0.30000000000000004,0.000640091326254045,114992.52366442638,73.55863273887371
2023-03-06 00:00:00+00:00,-0.0003237914019253,0.3545393772416391,0.04377236428571429,3.0485e-05,bybit,0.0475591253904506,0.0001619812583667,BTCUSDT_230331,0.00013698630136986303,0.0002465753424657534,0.4,0.0,0.0,0.3,0.30000000000000004,-1.4448067619435057e-05,114990.86224466875,-1.6614197576273
2023-03-07 00:00:00+00:00,-0.0034394585758664,0.3622808729769192,0.04033015357142857,8.3985e-05,bybit,0.0450399871579801,0.0001819987061874,BTCUSDT_230331,0.00013698630136986303,0.0002465753424657534,0.4,0.0,0.0,0.3,0.30000000000000004,-0.0012607149371958752,114845.89154699584,-144.97069767290668
2023-03-08 00:00:00+00:00,-0.0087730916577921,0.3933071882139508,0.03924010714285714,0.000129095,bybit,0.0421571334391185,0.0001377534848406,BTCUSDT_230331,0.00013698630136986303,0.0002465753424657534,0.4,0.0,0.0,0.3,0.30000000000000004,-0.0033941681699661552,114456.08527745566,-389.80626954018953
2023-03-09 00:00:00+00:00,-0.0253022251437332,0.4084970269384222,0.03924010714285715,0.00015000000000000001,bybit,0.0421082859245301,0.0004510804814013,BTCUSDT_230331,0.00013698630136986303,0.0002465753424657534,0.4,0.0,0.0,0.3,0.30000000000000004,-0.010005821564342597,113310.85811121626,-1145.2271662393905
2023-03-10 00:00:00+00:00,-0.0039965072926381,0.3806959994705811,0.03595119642857143,8.6925e-05,bybit,0.028731498713421,0.0002317538506125,BTCUSDT_230331,0.00013698630136986303,0.0002465753424657534,0.4,0.0,0.0,0.3,0.30000000000000004,-0.0014835344239045552,113142.7575526061,-168.10055861016735
2023-03-11 00:00:00+00:00,0.0055614585891446,0.3685853790171407,0.03667911071428572,0.00010345,bybit,0.021385328218549,-0.0009073252335653,BTCUSDT_230331,0.00013698630136986303,0.0002465753424657534,0.4,0.0,0.0,0.3,0.30000000000000004,0.002339651928808525,113407.47222354477,264.7146709386725
2023-03-12 00:00:00+00:00,0.0283117351202912,0.3758714742950032,0.03804056071428572,0.000145605,bybit,0.0533511471566756,-0.0004098265635803,BTCUSDT_230331,0.00013698630136986303,0.0002465753424657534,0.4,0.0,0.0,0.3,0.30000000000000004,0.011439762541267166,114704.82677618747,1297.3545526427042
2023-03-13 00:00:00+00:00,0.0375493310877855,0.3905081403028544,0.040932664285714286,8.595e-05,bybit,0.0665344768891822,-7.609851419210109e-05,BTCUSDT_230331,0.00013698630136986303,0.0002465753424657534,0.4,0.0,0.2,0.3,0.09999999999999987,0.015092183965152493,116435.97312358464,1731.1463473971671
2023-03-14 00:00:00+00:00,0.009070697650815,0.3928900212732056,0.04495522500000001,0.00016113,bybit,0.0720519034746491,5.573478511301596e-05,BTCUSDT_230331,0.00013698630136986303,0.0002465753424657534,0.4,0.0,0.2,0.3,0.09999999999999987,0.0037270972502253157,116869.94131884085,433.9681952562096
2023-03-15 00:00:00+00:00,-0.0058438732709859,0.3727784496611971,0.04791980714285715,0.00018595,bybit,0.0751848004130841,0.0006777662208891,BTCUSDT_230331,0.00013698630136986303,0.0002465753424657534,0.4,0.0,0.2,0.3,0.09999999999999987,-0.0021143248313398276,116622.8402998732,-247.10101896764536
2023-03-16 00:00:00+00:00,0.0106011536761132,0.3615987136623201,0.04791980714285715,0.00015000000000000001,bybit,0.0458657049130689,-2.900141526900692e-05,BTCUSDT_230331,0.00013698630136986303,0.0002465753424657534,0.4,0.0,0.0,0.3,0.30000000000000004,0.004355529963595965,117130.79457523896,507.9542753657588
2023-03-17 00:00:00+00:00,0.0360800207203418,0.3766227276541464,0.05120871785714285,0.00015000000000000001,bybit,0.0462231530098334,-0.0004095618454812,BTCUSDT_230331,0.00013698630136986303,0.0002465753424657534,0.4,0.0,0.0,0.3,0.30000000000000004,0.014547076781287404,118834.70523737816,1703.9106621391984
2023-03-18 00:00:00+00:00,-0.0066057468093583,0.3705964583346818,0.058875542857142846,0.00015000000000000001,binance,0.074096183170272,0.0004846234264139,BTCUSDT_230331,0.00013698630136986303,0.0002465753424657534,0.4,0.0,0.2,0.3,0.09999999999999987,-0.0024577028055838275,118542.64484891553,-292.06038846263255
2023-03-19 00:00:00+00:00,0.0140771096070496,0.3560845921836384,0.06529015714285712,0.00015000000000000001,binance,0.0488552241272826,-0.0005408812181231,BTCUSDT_230331,0.00013698630136986303,0.0002465753424657534,0.4,0.25,0.0,0.3,0.050000000000000044,0.00574916576062806,119224.1661638552,681.5213149396732
2023-03-20 00:00:00+00:00,-0.0032829940728631,0.358525544273251,0.06609055,0.000145405,binance,0.0900147926883522,0.0004502650177635,BTCUSDT_230331,0.00013698630136986303,0.0002465753424657534,0.34782608695652173,0.21739130434782605,0.17391304347826086,0.26086956521739124,1.1102230246251565e-16,-0.0009676702372633165,119108.7964866959,-115.3696771593095
2023-03-21 00:00:00+00:00,0.0048063257050245,0.3444433229502838,0.05430913214285716,4.8320000000000005e-05,binance,0.0652326753475385,0.0004536483467453,BTCUSDT_230331,0.00013698630136986303,0.0002465753424657534,0.4,0.0,0.2,0.3,0.09999999999999987,0.0021009311842355724,119359.03587155156,250.2393848556676
2023-03-22 00:00:00+00:00,-0.0105581013646648,0.3471350751553832,0.04773183214285714,6.057e-05,bybit,0.0368037867602096,-0.000476313320223,BTCUSDT_230331,0.00013698630136986303,0.0002465753424657534,0.4,0.0,0.0,0.3,0.30000000000000004,-0.004108172052715236,118868.68841614501,-490.34745540654694
2023-03-23 00:00:00+00:00,0.0120602836614936,0.315893192211265,0.044547728571428566,8.8935e-05,bybit,0.0817352089967927,0.0005824266197238,BTCUSDT_230331,0.00013698630136986303,0.0002465753424657534,0.4,0.0,0.2,0.3,0.09999999999999987,0.005028270021418912,119466.39227859331,597.7038624482957
2023-03-24 00:00:00+00:00,-0.0097139981701208,0.3263239325641396,0.043685025,0.000133455,bybit,0.0336736734361593,-0.000180662748179,BTCUSDT_230331,0.00013698630136986303,0.0002465753424657534,0.4,0.0,0.0,0.3,0.30000000000000004,-0.0037705307748976354,119015.94056994087,-450.4517086524429
2023-03-25 00:00:00+00:00,6.059803119868115e-05,0.3041027841251233,0.042108746428571445,0.00011977,bybit,0.0612476688289689,-3.6412694193515954e-05,BTCUSDT_230331,0.00013698630136986303,0.0002465753424657534,0.4,0.0,0.0,0.3,0.30000000000000004,0.0001393077056301574,119032.5204075551,16.57983761423384
2023-03-26 00:00:00+00:00,0.0055613309268469,0.3025070089455625,0.03503713214285715,1.4380000000000001e-05,bybit,0.0773900933386527,0.0,BTCUSDT_230331,0.00013698630136986303,0.0002465753424657534,0.4,0.0,0.2,0.3,0.09999999999999987,0.0023122036036154724,119307.74783018888,275.22742263377586
2023-03-27 00:00:00+00:00,-0.009149946938492,0.3034678287006485,0.03065478571428572,6.5955e-05,bybit,0.0305230602850995,-0.0017412944411612,BTCUSDT_230630,0.00013698630136986303,0.0002465753424657534,0.4,0.0,0.0,0.3,0.30000000000000004,-0.003544910282246115,118884.812568154,-422.93526203488
2023-03-28 00:00:00+00:00,0.0014067634591506,0.2855888666073691,0.030384685714285712,9.965500000000001e-05,bybit,0.0402853913049059,-0.0001993685500972,BTCUSDT_230630,0.00013698630136986303,0.0002465753424657534,0.4,0.0,0.0,0.3,0.30000000000000004,0.000677773876810925,118965.38958846226,80.57702030826476
2023-03-29 00:00:00+00:00,0.0113806360253011,0.285289204876543,0.027917025000000005,1.3245000000000006e-05,bybit,0.04066139239282,-0.000796688372618,BTCUSDT_230630,0.00013698630136986303,0.0002465753424657534,0.4,0.0,0.0,0.3,0.30000000000000004,0.004667322903271125,119520.63947598505,555.2498875227902
2023-03-30 00:00:00+00:00,-0.00341560142303,0.3004991074865397,0.031101128571428577,0.00015000000000000001,bybit,0.0479664788451038,-0.0002688332210072,BTCUSDT_230630,0.00013698630136986303,0.0002465753424657534,0.4,0.0,0.0,0.3,0.30000000000000004,-0.001251172076061315,119371.09858935972,-149.5408866253274
2023-03-31 00:00:00+00:00,0.0045114795383263,0.2904403077608676,0.026566003571428576,4.648e-05,bybit,0.0498728788446534,-0.0002710311761383,BTCUSDT_230630,0.00013698630136986303,0.0002465753424657534,0.4,0.0,0.0,0.3,0.30000000000000004,0.0019196603084812049,119600.25054930152,229.1519599417952
2023-04-01 00:00:00+00:00,-0.0001334688109807,0.2928075824071026,0.023964857142857145,0.0001442,binance,0.0526487460273777,-8.189020877791854e-05,BTCUSDT_230630,0.00013698630136986303,0.0002465753424657534,0.4,0.0,0.0,0.3,0.30000000000000004,6.168096875840494e-05,119607.62760861914,7.377059317615931
2023-04-02 00:00:00+00:00,-0.0030344877806964,0.3054846405462308,0.028022875,7.967e-05,binance,0.0544494653151166,0.0005950971660738,BTCUSDT_230630,0.00013698630136986303,0.0002465753424657534,0.4,0.0,0.0,0.3,0.30000000000000004,-0.0010987266191278752,119476.2115243148,-131.41608430433553
2023-04-03 00:00:00+00:00,-0.0043166067695544,0.324817588917282,0.028358935714285716,3.1035e-05,binance,0.050802199149771,-0.0005095323741006,BTCUSDT_230630,0.00013698630136986303,0.0002465753424657534,0.4,0.0,0.0,0.3,0.30000000000000004,-0.0016115742146710751,119283.66674255564,-192.54478175916302
2023-04-04 00:00:00+00:00,0.0043787913564828,0.3341430838322655,0.02422192142857143,-4.321e-05,binance,0.0549392653445885,0.0003628556526838,BTCUSDT_230630,0.00013698630136986303,0.0002465753424657534,0.4,0.0,0.0,0.3,0.30000000000000004,0.0018665850357438049,119506.31984990594,222.65310735029925
2023-04-05 00:00:00+00:00,3.8805728974405307e-05,0.3453880636805828,0.022493125000000003,8.271e-05,binance,0.0524895794053392,3.922611316081828e-05,BTCUSDT_230630,0.00013698630136986303,0.0002465753424657534,0.4,0.0,0.0,0.3,0.30000000000000004,0.00013059078474044706,119521.92627399658,15.606424090641667
2023-04-06 00:00:00+00:00,-0.001676540973935,0.3464515599542183,0.0194472,1.0324999999999999e-05,binance,0.0530265817166131,0.0004728217560076,BTCUSDT_230630,0.00013698630136986303,0.0002465753424657534,0.4,0.0,0.0,0.3,0.30000000000000004,-0.000555547896423315,119455.52611927861,-66.40015471796505
2023-04-07 00:00:00+00:00,-0.0017813167984111,0.3804729134724628,0.016042271428571425,2.9300000000000007e-06,binance,0.049775167924437,-0.0001675247157186,BTCUSDT_230630,0.00013698630136986303,0.0002465753424657534,0.4,0.0,0.0,0.3,0.30000000000000004,-0.0005974582262137551,119384.15643253195,-71.36968674666423
2023-04-08 00:00:00+00:00,0.0004327229134425,0.3925477915068512,0.01966724285714286,7.626e-05,bybit,0.0517888002354786,-6.836473696756413e-05,BTCUSDT_230630,0.00013698630136986303,0.0002465753424657534,0.4,0.0,0.0,0.3,0.30000000000000004,0.000288157658527685,119418.55789151485,34.40145898290211
2023-04-09 00:00:00+00:00,0.0057109773129133,0.4166410977691367,0.020981764285714286,7.8995e-05,bybit,0.0523074585591399,-0.0002227811561741,BTCUSDT_230630,0.00013698630136986303,0.0002465753424657534,0.4,0.0,0.0,0.3,0.30000000000000004,0.002399459418316005,119705.09787496937,286.5399834545242
2023-04-10 00:00:00+00:00,0.0201532469925948,0.4351482350609693,0.016156203571428572,-1.2265e-05,bybit,0.0525250400047979,0.0001801781131504,BTCUSDT_230630,0.00013698630136986303,0.0002465753424657534,0.4,0.0,0.0,0.3,0.30000000000000004,0.008176367290188606,120683.85072170311,978.7528467337397
2023-04-11 00:00:00+00:00,0.0084434823676065,0.445211575005257,0.02201732142857143,9.681e-05,bybit,0.0505765731072618,4.8840380365583126e-05,BTCUSDT_230630,0.00013698630136986303,0.0002465753424657534,0.4,0.0,0.0,0.3,0.30000000000000004,0.003492461440193285,121105.3344168027,421.4836950995814
2023-04-12 00:00:00+00:00,-0.0050628630586781,0.4839050768779478,0.025803414285714296,0.000131355,bybit,0.0512960056502458,-0.0001259699940477,BTCUSDT_230630,0.00013698630136986303,0.0002465753424657534,0.4,0.0,0.0,0.3,0.30000000000000004,-0.0019100767303205553,120874.01393561548,-231.32048118721286
2023-04-13 00:00:00+00:00,0.0080902958112511,0.4991833244696663,0.03148020714285715,0.00012954,bybit,0.052282845015012,0.000788342863464,BTCUSDT_230630,0.00013698630136986303,0.0002465753424657534,0.4,0.0,0.0,0.3,0.30000000000000004,0.003351186817651125,121279.0853377131,405.07140209761565
2023-04-14 00:00:00+00:00,0.0015702909733108,0.5249946166743086,0.033929096428571434,0.00015000000000000001,bybit,0.045348957262629,-0.0004454009642586,BTCUSDT_230630,0.00013698630136986303,0.0002465753424657534,0.4,0.0,0.0,0.3,0.30000000000000004,0.000743184882475005,121369.21812049649,90.1327827833884
2023-04-15 00:00:00+00:00,-0.002920463080591,0.5151838147032594,0.03527307857142857,0.000102035,bybit,0.0505087275650418,-0.0002696806644244,BTCUSDT_230630,0.00013698630136986303,0.0002465753424657534,0.4,0.0,0.0,0.3,0.30000000000000004,-0.0010531167390857151,121241.40216528405,-127.81595521244162
2023-04-16 00:00:00+00:00,0.0001532371014912,0.5230657745300384,0.039293292857142864,0.00013572,binance,0.053790094919426,0.000777438445915,BTCUSDT_230630,0.00013698630136986303,0.0002465753424657534,0.4,0.0,0.0,0.3,0.30000000000000004,0.00017636333374716493,121262.78470315812,21.382537874073023
2023-04-17 00:00:00+00:00,-0.0161051751458982,0.5564449981164452,0.047436442857142866,0.00015000000000000001,bybit,0.048239517579248,-0.0004172574699451,BTCUSDT_230630,0.00013698630136986303,0.0002465753424657534,0.4,0.0,0.0,0.3,0.30000000000000004,-0.006327001565208595,120495.5548745397,-767.2298286184232
2023-04-18 00:00:00+00:00,0.017217195347581,0.5345396912475336,0.05020992142857144,0.00015000000000000001,bybit,0.0514137421284593,0.000636767400669,BTCUSDT_230630,0.00013698630136986303,0.0002465753424657534,0.4,0.0,0.0,0.3,0.30000000000000004,0.007001946632183085,121339.2583191865,843.7034446468024
2023-04-19 00:00:00+00:00,-0.0288132779703462,0.5524824660621607,0.05118212500000001,0.00015000000000000001,bybit,0.0481821761373349,0.0002630473207371,BTCUSDT_230630,0.00013698630136986303,0.0002465753424657534,0.4,0.0,0.0,0.3,0.30000000000000004,-0.011410242694987796,119954.74793333476,-1384.5103858517396
2023-04-20 00:00:00+00:00,-0.0099006451601236,0.5119898135222956,0.052248967857142864,0.00015000000000000001,bybit,0.0470606841876932,0.0006459859118775,BTCUSDT_230630,0.00013698630136986303,0.0002465753424657534,0.4,0.0,0.0,0.3,0.30000000000000004,-0.0038451895708987546,119493.4991876017,-461.24874573305715
2023-04-21 00:00:00+00:00,-0.0175160129087588,0.5040526464208767,0.052248967857142864,0.00015000000000000001,bybit,0.0424711543520151,9.004931254410498e-05,BTCUSDT_230630,0.00013698630136986303,0.0002465753424657534,0.4,0.0,0.0,0.3,0.30000000000000004,-0.0068913366703528345,118670.0292547814,-823.4699328202987
2023-04-22 00:00:00+00:00,0.0094829721417493,0.4692277917145765,0.05474999999999999,0.00015000000000000001,bybit,0.0412948277387811,0.0003460132976954,BTCUSDT_230630,0.00013698630136986303,0.0002465753424657534,0.4,0.0,0.0,0.3,0.30000000000000004,0.003908257349850406,119133.82226882337,463.79301404196303
2023-04-23 00:00:00+00:00,-0.0038910252531354,0.4769646172006483,0.05440716071428571,0.000143425,bybit,0.038500697807992,-0.0001534943060317,BTCUSDT_230630,0.00013698630136986303,0.0002465753424657534,0.4,0.0,0.0,0.3,0.30000000000000004,-0.0014413416081034752,118962.1097338549,-171.71253496846475
2023-04-24 00:00:00+00:00,-0.0014544535813946,0.494555465151497,0.05276335714285715,0.000118475,bybit,0.0408657387304585,-0.0006041235247227,BTCUSDT_230630,0.00013698630136986303,0.0002465753424657534,0.4,0.0,0.0,0.3,0.30000000000000004,-0.00046671293940715513,118906.58857794294,-55.52115591196343
2023-04-25 00:00:00+00:00,0.0139252707925885,0.485492547953911,0.05151297142857143,0.00012602000000000002,bybit,0.0468225766521327,0.000293278032168,BTCUSDT_230630,0.00013698630136986303,0.0002465753424657534,0.4,0.0,0.0,0.3,0.30000000000000004,0.005685176810186086,119582.59355790459,676.0049799616536
2023-04-26 00:00:00+00:00,0.0019829170749911,0.4928378871661853,0.04560440357142857,3.6685e-05,bybit,0.0440708830730537,5.067694188581888e-05,BTCUSDT_230630,0.00013698630136986303,0.0002465753424657534,0.4,0.0,0.0,0.3,0.30000000000000004,0.000908235323147125,119691.20269340742,108.60913550283294
2023-04-27 00:00:00+00:00,0.0162263626295512,0.4382162629118716,0.04405888928571429,0.00012036,bybit,0.042596230562991,0.0001413168833469,BTCUSDT_230630,0.00013698630136986303,0.0002465753424657534,0.4,0.0,0.0,0.3,0.30000000000000004,0.006605613544971166,120481.8365231329,790.6338297254697
2023-04-28 00:00:00+00:00,-0.0023609774872442,0.4296680874259889,0.042497210714285714,0.00012004999999999999,bybit,0.0418636666619552,-0.0004511850216807,BTCUSDT_230630,0.00013698630136986303,0.0002465753424657534,0.4,0.0,0.0,0.3,0.30000000000000004,-0.0008293225017469951,120381.91822505246,-99.91829808043258
2023-04-29 00:00:00+00:00,-0.0011778097633151,0.4192898621753021,0.03546418214285715,1.5119999999999998e-05,bybit,0.0479842358380255,3.0105591942621463e-05,BTCUSDT_230630,0.00013698630136986303,0.0002465753424657534,0.4,0.0,0.0,0.3,0.30000000000000004,-0.00035605541217535513,120339.05559154038,-42.8626335120789
2023-04-30 00:00:00+00:00,3.274820806180393e-05,0.4241576211025693,0.028835260714285722,6.3555e-05,binance,0.0484060120237944,0.0002522815660681,BTCUSDT_230630,0.00013698630136986303,0.0002465753424657534,0.4,0.0,0.0,0.3,0.30000000000000004,0.0001281677763754065,120354.47918070668,15.423589166297461
2023-05-01 00:00:00+00:00,-0.0174995521083242,0.438589837892036,0.025088275000000004,-1.6845000000000006e-05,binance,0.048058495016554,0.00014607246762,BTCUSDT_230630,0.00013698630136986303,0.0002465753424657534,0.4,0.0,0.0,0.3,0.30000000000000004,-0.006884752350178995,119525.86839731273,-828.6107833939459
2023-05-02 00:00:00+00:00,0.0086826788521628,0.4072897226992966,0.02321321785714286,0.00010004000000000001,bybit,0.0460780953368062,-0.0004098380668758,BTCUSDT_230630,0.00013698630136986303,0.0002465753424657534,0.4,0.0,0.0,0.3,0.30000000000000004,0.003588140034015805,119954.74395080964,428.87555349690956
2023-05-03 00:00:00+00:00,0.00512385066602,0.4129800524618953,0.025325264285714286,7.719000000000001e-05,bybit,0.0513921662865262,1.7225840414302134e-05,BTCUSDT_230630,0.00013698630136986303,0.0002465753424657534,0.4,0.0,0.0,0.3,0.30000000000000004,0.002164608759558685,120214.39904031619,259.65508950654475
2023-05-04 00:00:00+00:00,-0.0026617351530165,0.4103475075842959,0.026870778571428573,0.00015000000000000001,bybit,0.0524126438901206,-0.0003684354341608,BTCUSDT_230630,0.00013698630136986303,0.0002465753424657534,0.4,0.0,0.0,0.3,0.30000000000000004,-0.0009496255680559151,120100.24037333904,-114.15866697714955
2023-05-05 00:00:00+00:00,0.0095679098869858,0.4136068729273651,0.026936217857142862,0.00012130499999999999,bybit,0.0568359530369214,0.001040310639231,BTCUSDT_230630,0.00013698630136986303,0.0002465753424657534,0.4,0.0,0.0,0.3,0.30000000000000004,0.003942232447945005,120573.7034379448,473.46306460576307
2023-05-06 00:00:00+00:00,-0.0092257953206323,0.414039305587488,0.03396924642857144,0.00015000000000000001,bybit,0.0450656760686497,-1.7332103909492413e-05,BTCUSDT_230630,0.00013698630136986303,0.0002465753424657534,0.4,0.0,0.0,0.3,0.30000000000000004,-0.003575249635102235,120142.62234872537,-431.08108921942767
2023-05-07 00:00:00+00:00,-0.0056365772649502,0.3860138277175473,0.03807732142857144,6.196e-05,bybit,0.0468129956682585,0.0002055919606333,BTCUSDT_230630,0.00013698630136986303,0.0002465753424657534,0.4,0.0,0.0,0.3,0.30000000000000004,-0.002139562412829395,119885.56970976928,-257.05263895609824
2023-05-08 00:00:00+00:00,-0.0103335042587261,0.385883547582607,0.04086878928571429,0.00012329000000000002,bybit,0.0460989739771299,0.000328529003256,BTCUSDT_230630,0.00013698630136986303,0.0002465753424657534,0.4,0.0,0.0,0.3,0.30000000000000004,-0.004018333210339756,119403.82954356402,-481.740166205258
2023-05-09 00:00:00+00:00,-0.0005654694005733,0.3758622923317953,0.04266511071428573,0.00013449,bybit,0.0424355964157222,0.0003652056390067,BTCUSDT_230630,0.00013698630136986303,0.0002465753424657534,0.4,0.0,0.0,0.3,0.30000000000000004,-0.00011111926707863508,119390.56147753875,-13.268066025266307
2023-05-10 00:00:00+00:00,-0.0004636719114335,0.400029989168851,0.041582364285714296,5.6424999999999996e-05,bybit,0.0380809020016354,0.0005012908193305,BTCUSDT_230630,0.00013698630136986303,0.0002465753424657534,0.4,0.0,0.0,0.3,0.30000000000000004,-7.040027142271506e-05,119382.15634960543,-8.405127933321637
2023-05-11 00:00:00+00:00,-0.008941204340864,0.3910193784005007,0.03463380714285715,1.674e-05,bybit,0.0322602343019406,7.768287735892105e-05,BTCUSDT_230630,0.00013698630136986303,0.0002465753424657534,0.4,0.0,0.0,0.3,0.30000000000000004,-0.003461413243194915,118968.92537261575,-413.23097698968195
2023-05-12 00:00:00+00:00,-0.0025008152316688,0.3877049572359231,0.03267845000000001,8.3805e-05,bybit,0.0319670775739706,-2.48180538092374e-05,BTCUSDT_230630,0.00013698630136986303,0.0002465753424657534,0.4,0.0,0.0,0.3,0.30000000000000004,-0.0008852575995168351,118863.60722732327,-105.3181452924764
2023-05-13 00:00:00+00:00,-0.0002944467115291,0.3759623257155673,0.027765549999999993,5.578e-05,bybit,0.0330348241611913,-0.000245749064062,BTCUSDT_230630,0.00013698630136986303,0.0002465753424657534,0.4,0.0,0.0,0.3,0.30000000000000004,-2.710191460955061e-06,118863.28508418995,-0.32214313332224265
2023-05-14 00:00:00+00:00,0.0020074100588916,0.3782572529075111,0.03000977857142858,0.00010499999999999999,bybit,0.0373560578614588,-0.000218815779404,BTCUSDT_230630,0.00013698630136986303,0.0002465753424657534,0.4,0.0,0.0,0.3,0.30000000000000004,0.0009180325167073251,118972.40544493988,109.12036074993375
2023-05-15 00:00:00+00:00,0.0035065708349028,0.3875501135939987,0.02750483571428571,7.525e-05,bybit,0.0412657983245931,0.0003184579712791,BTCUSDT_230630,0.00013698630136986303,0.0002465753424657534,0.4,0.0,0.0,0.3,0.30000000000000004,0.001517696827111805,119152.96948719751,180.56404225762526
2023-05-16 00:00:00+00:00,-0.0018830467175303,0.3959793134062245,0.02561908928571429,9.832499999999999e-05,bybit,0.037192397873677,0.0001067180985017,BTCUSDT_230630,0.00013698630136986303,0.0002465753424657534,0.4,0.0,0.0,0.3,0.30000000000000004,-0.000638150193861435,119076.93199662009,-76.03749057742243
2023-05-17 00:00:00+00:00,0.0060155926557145,0.4425084341624009,0.02989219642857143,0.000138375,bybit,0.0357751486913541,0.0003059592543277,BTCUSDT_230630,0.00013698630136986303,0.0002465753424657534,0.4,0.0,0.0,0.3,0.30000000000000004,0.002521305555436485,119377.16132678751,300.2293301674217
2023-05-18 00:00:00+00:00,-0.0098792871699492,0.4619778777262668,0.032893278571428576,7.4295e-05,bybit,0.0320973010115264,-0.0002594954454074,BTCUSDT_230630,0.00013698630136986303,0.0002465753424657534,0.4,0.0,0.0,0.3,0.30000000000000004,-0.0038366463748289946,118919.15337354573,-458.00795324177307
2023-05-19 00:00:00+00:00,0.0009429612692355,0.442262232701212,0.03468282142857143,0.000118125,bybit,0.0372898001659777,-7.496207253945527e-05,BTCUSDT_230630,0.00013698630136986303,0.0002465753424657534,0.4,0.0,0.0,0.3,0.30000000000000004,0.0004922530008448849,118977.69168365179,58.53831010605791
2023-05-20 00:00:00+00:00,0.00363424632124,0.440098670750421,0.037520696428571434,0.000110205,bybit,0.0392099212632023,2.121580980004039e-05,BTCUSDT_230630,0.00013698630136986303,0.0002465753424657534,0.4,0.0,0.0,0.3,0.30000000000000004,0.001568767021646685,119164.33996267675,186.64827902495745
2023-05-21 00:00:00+00:00,-0.0060083752603398,0.4572009069958171,0.03695572857142857,9.4165e-05,bybit,0.0403307302512586,1.682382612690577e-06,BTCUSDT_230630,0.00013698630136986303,0.0002465753424657534,0.4,0.0,0.0,0.3,0.30000000000000004,-0.002288281610985235,118891.65839485497,-272.68156782178266
2023-05-22 00:00:00+00:00,0.0017834790081288,0.4784298388087027,0.04085340714285715,0.00015000000000000001,bybit,0.0411771210548983,4.3576603758689634e-05,BTCUSDT_230630,0.00013698630136986303,0.0002465753424657534,0.4,0.0,0.0,0.3,0.30000000000000004,0.0008284600964022051,118990.15538963018,98.49699477521062
2023-05-23 00:00:00+00:00,0.0067753871247456,0.4927678512071075,0.039187182142857144,6.637e-05,bybit,0.0408600057477913,0.0005676054873673,BTCUSDT_230630,0.00013698630136986303,0.0002465753424657534,0.4,0.0,0.0,0.3,0.30000000000000004,0.002825223343048925,119326.32915423,336.1737645998219
2023-05-24 00:00:00+00:00,-0.0168227076517569,0.513218668878342,0.03979334285714286,0.00015000000000000001,bybit,0.0318062995296218,5.317328680464511e-06,BTCUSDT_230630,0.00013698630136986303,0.0002465753424657534,0.4,0.0,0.0,0.3,0.30000000000000004,-0.006614014567552075,118537.10307491141,-789.2260793185851
2023-05-25 00:00:00+00:00,0.0026185676133112,0.4841341528334756,0.04138708928571429,0.00010486000000000001,bybit,0.0324037997162059,-0.0003375036215064,BTCUSDT_230630,0.00013698630136986303,0.0002465753424657534,0.4,0.0,0.0,0.3,0.30000000000000004,0.001162495538475165,118674.90192837977,137.79885346835363
2023-05-26 00:00:00+00:00,0.0042887666946407,0.4901514694198179,0.03824548214285715,5.7875000000000004e-05,bybit,0.0400180933665656,0.0001844160395897,BTCUSDT_230630,0.00013698630136986303,0.0002465753424657534,0.4,0.0,0.0,0.3,0.30000000000000004,0.001830575171006965,118892.14525727156,217.2433288917964
2023-05-27 00:00:00+00:00,0.0028545232721812,0.522644435201123,0.03779444642857143,0.00011536000000000001,binance,0.0370298762214596,-0.0007981970837412,BTCUSDT_230630,0.00013698630136986303,0.0002465753424657534,0.4,0.0,0.0,0.3,0.30000000000000004,0.0012568778020231649,119041.57815548035,149.43289820879
2023-05-28 00:00:00+00:00,0.0242742092190377,0.5389500392703671,0.04112402857142858,0.0001494,binance,0.0534014652133305,0.000140744699804,BTCUSDT_230630,0.00013698630136986303,0.0002465753424657534,0.4,0.0,0.0,0.3,0.30000000000000004,0.009824752180765764,120211.1321600652,1169.5540045848466
2023-05-29 00:00:00+00:00,-0.0065709267886478,0.5586806212655538,0.04686000357142858,0.00015000000000000001,binance,0.0524739151439978,-8.11208375996885e-05,BTCUSDT_230630,0.00013698630136986303,0.0002465753424657534,0.4,0.0,0.0,0.3,0.30000000000000004,-0.0025133022223084354,119909.00525446111,-302.126905604091
2023-05-30 00:00:00+00:00,-0.0008456701871222,0.5365776494540259,0.04401404642857142,9.542e-05,binance,0.0561619304892656,0.0006364102490033,BTCUSDT_230630,0.00013698630136986303,0.0002465753424657534,0.4,0.0,0.0,0.3,0.30000000000000004,-0.00022319958169819505,119882.24161464647,-26.763639814642374
2023-05-31 00:00:00+00:00,-0.0100803739577273,0.5735635855242793,0.04366051785714286,7.536500000000001e-05,binance,0.0433049066501053,0.0001870611734138,BTCUSDT_230630,0.00013698630136986303,0.0002465753424657534,0.4,0.0,0.0,0.3,0.30000000000000004,-0.003917081089940236,119412.6531529981,-469.58846164836723
2023-06-01 00:00:00+00:00,-0.0081095300866567,0.5610078003967561,0.04259602142857143,0.000108685,binance,0.0406760160729823,-0.0003549863841094,BTCUSDT_230630,0.00013698630136986303,0.0002465753424657534,0.4,0.0,0.0,0.3,0.30000000000000004,-0.0031287435415119948,119039.04158567083,-373.6115673272725
2023-06-02 00:00:00+00:00,0.0090558907909716,0.573032448491086,0.042451585714285714,0.00011991,binance,0.0505827587297259,-6.790837435041627e-06,BTCUSDT_230630,0.00013698630136986303,0.0002465753424657534,0.4,0.0,0.0,0.3,0.30000000000000004,0.003737424809539325,119483.94105299692,444.8994673260895
2023-06-03 00:00:00+00:00,-0.0036082913375899,0.5651276504039582,0.044345153571428576,0.00015000000000000001,bybit,0.0529769400242939,0.0001974567423811,BTCUSDT_230630,0.00013698630136986303,0.0002465753424657534,0.4,0.0,0.0,0.3,0.30000000000000004,-0.0013282480418852752,119325.23674225654,-158.70431074037333
2023-06-04 00:00:00+00:00,0.0009610796772467,0.5698539362145402,0.05288432857142858,0.00015000000000000001,bybit,0.0493866300926246,0.0006396778782092,BTCUSDT_230630,0.00013698630136986303,0.0002465753424657534,0.4,0.0,0.0,0.3,0.30000000000000004,0.0004995003640493649,119384.83974144958,59.60299919304089
2023-06-05 00:00:00+00:00,-0.0301000577383214,0.5879085616866428,0.05474999999999999,0.00015000000000000001,bybit,0.0344454722833315,-0.0005231613560217,BTCUSDT_230630,0.00013698630136986303,0.0002465753424657534,0.4,0.0,0.0,0.3,0.30000000000000004,-0.011924954602177877,117961.18094734452,-1423.6587941050675
2023-06-06 00:00:00+00:00,0.0297743630683349,0.5120049944941653,0.05341175357142858,0.000124335,bybit,0.0489368436180375,0.000122291230874,BTCUSDT_230630,0.00013698630136986303,0.0002465753424657534,0.4,0.0,0.0,0.3,0.30000000000000004,0.012024813720484645,119379.64217448472,1418.4612271402002
2023-06-07 00:00:00+00:00,-0.0166271695898816,0.5081172540600891,0.053288175,0.00014763,bybit,0.0487787469238024,-6.321342903811838e-05,BTCUSDT_230630,0.00013698630136986303,0.0002465753424657534,0.4,0.0,0.0,0.3,0.30000000000000004,-0.0065357993428019545,118599.40078761679,-780.2413868679287
2023-06-08 00:00:00+00:00,0.0029158990141501,0.4873656690975522,0.04922416071428572,7.206e-05,bybit,0.0527743805155342,0.0001471775311988,BTCUSDT_230630,0.00013698630136986303,0.0002465753424657534,0.4,0.0,0.0,0.3,0.30000000000000004,0.0012814280988107248,118751.37739228817,151.97660467137757
2023-06-09 00:00:00+00:00,-0.000386235530866,0.4889759439242596,0.044233046428571426,5.428e-05,bybit,0.0502106876520003,-1.6995363287247984e-05,BTCUSDT_230630,0.00013698630136986303,0.0002465753424657534,0.4,0.0,0.0,0.3,0.30000000000000004,-3.942571919571508e-05,118746.695533829,-4.681858459167415
2023-06-10 00:00:00+00:00,-0.0116270128930316,0.4832390641372117,0.04375854642857144,0.0001409,bybit,0.0546556256460123,0.0001923284552077,BTCUSDT_230630,0.00013698630136986303,0.0002465753424657534,0.4,0.0,0.0,0.3,0.30000000000000004,-0.004535736664061956,118208.09179316001,-538.6037406689866
2023-06-11 00:00:00+00:00,0.001450494663711,0.4566444484485805,0.04350930357142858,0.00014522,bybit,0.0499796532764016,-0.00016315950867,BTCUSDT_230630,0.00013698630136986303,0.0002465753424657534,0.4,0.0,0.0,0.3,0.30000000000000004,0.000695266358635085,118290.27790270223,82.18610954222095
2023-06-12 00:00:00+00:00,-0.000361402419359,0.4578643229817651,0.041960660714285725,0.0001203,bybit,0.0594199892419668,0.0003698100650873,BTCUSDT_230630,0.00013698630136986303,0.0002465753424657534,0.4,0.0,0.0,0.3,0.30000000000000004,-2.9492474592915065e-05,118286.7892296866,-3.488673015628592
2023-06-13 00:00:00+00:00,0.0005118582815196,0.4625338671706211,0.03975736428571429,8.208e-05,bybit,0.0469824992954467,0.0001976151228587,BTCUSDT_230630,0.00013698630136986303,0.0002465753424657534,0.4,0.0,0.0,0.3,0.30000000000000004,0.00031981180575852493,118324.61874134754,37.82951166093699
2023-06-14 00:00:00+00:00,-0.014753055586268,0.4743377929556699,0.033167289285714295,2.1244999999999997e-05,bybit,0.0422141006661732,0.0002345932523101,BTCUSDT_230630,0.00013698630136986303,0.0002465753424657534,0.4,0.0,0.0,0.3,0.30000000000000004,-0.005786153741356516,117639.97430592272,-684.6444354248233
2023-06-15 00:00:00+00:00,0.0083006584840288,0.4461598170030272,0.03591182857142858,0.000124695,bybit,0.0329945242863926,0.0002463035905633,BTCUSDT_230630,0.00013698630136986303,0.0002465753424657534,0.4,0.0,0.0,0.3,0.30000000000000004,0.0034353318867622056,118044.10666081373,404.132354891015
2023-06-16 00:00:00+00:00,0.0129933406796589,0.4455828529652241,0.040194842857142865,0.00013642,bybit,0.0218705094487961,0.0001269690643385,BTCUSDT_230630,0.00013698630136986303,0.0002465753424657534,0.4,0.0,0.0,0.3,0.30000000000000004,0.005312404765014245,118671.20473552048,627.0980747067515
2023-06-17 00:00:00+00:00,0.0028201994636439,0.4345305734394871,0.03662331785714285,7.2405e-05,bybit,0.0163165345921758,-0.0002134480572644,BTCUSDT_230630,0.00013698630136986303,0.0002465753424657534,0.4,0.0,0.0,0.3,0.30000000000000004,0.0012431482786082449,118818.7306394078,147.52590388731915
2023-06-18 00:00:00+00:00,-0.003088610293159,0.4575017443904692,0.03373173571428572,8.9765e-05,bybit,0.030867062490959,0.0003640854564374,BTCUSDT_230630,0.00013698630136986303,0.0002465753424657534,0.4,0.0,0.0,0.3,0.30000000000000004,-0.0011203756241129153,118685.60902991137,-133.12160949643294
2023-06-19 00:00:00+00:00,0.0089232049566263,0.4667133962742247,0.034592614285714286,0.00013681,bybit,0.0093324191970684,-5.885782296826365e-05,BTCUSDT_230630,0.00013698630136986303,0.0002465753424657534,0.4,0.0,0.0,0.3,0.30000000000000004,0.003684350475801205,119122.88841001148,437.27938010010985
2023-06-20 00:00:00+00:00,0.025463860938311,0.4670368532337847,0.03178758928571429,2.8284999999999998e-05,bybit,0.0138093520592584,-0.0005139891599509,BTCUSDT_230630,0.00013698630136986303,0.0002465753424657534,0.4,0.0,0.0,0.3,0.30000000000000004,0.010300612868475086,120349.92716729757,1227.0387572860927
2023-06-21 00:00:00+00:00,0.028146247297334,0.4727482071625328,0.02852970357142858,-4.1235e-05,bybit,0.0538281852292823,0.0003839115233135,BTCUSDT_230630,0.00013698630136986303,0.0002465753424657534,0.4,0.0,0.0,0.3,0.30000000000000004,0.011373567412084286,121718.73517697427,1368.8080096766935
2023-06-22 00:00:00+00:00,-0.0016843882153519,0.4572116291853438,0.030648789285714288,0.00014618,binance,0.0256178534190525,-0.0001609507403733,BTCUSDT_230630,0.00013698630136986303,0.0002465753424657534,0.4,0.0,0.0,0.3,0.30000000000000004,-0.000558686792990075,121650.73252717142,-68.00264980284555
2023-06-23 00:00:00+00:00,0.0121352385263639,0.4516182214058686,0.03716977500000001,0.00015000000000000001,binance,0.044856263048748,-1.5803965654846705e-05,BTCUSDT_230630,0.00013698630136986303,0.0002465753424657534,0.4,0.0,0.0,0.3,0.30000000000000004,0.004969163903696246,122255.23495610364,604.5024289322173
2023-06-24 00:00:00+00:00,-0.0023199435562708,0.4381742361295823,0.037844764285714295,0.00015000000000000001,binance,0.0545413856762024,0.0,BTCUSDT_230630,0.00013698630136986303,0.0002465753424657534,0.4,0.0,0.0,0.3,0.30000000000000004,-0.000812908929357635,122155.85258394713,-99.38237215651316
2023-06-25 00:00:00+00:00,-0.0009276785286488,0.434965194894846,0.04080543571428572,0.00015000000000000001,binance,0.0521261795041316,-0.0005405414366309,BTCUSDT_230929,0.00013698630136986303,0.0002465753424657534,0.4,0.0,0.0,0.3,0.30000000000000004,-0.0002560029183088351,122124.58032919712,-31.272254750001593
2023-06-26 00:00:00+00:00,-0.0029304738313936,0.4540835057302743,0.04416161071428572,0.00015000000000000001,binance,0.053327189618645,-0.0014743298117913,BTCUSDT_230929,0.00013698630136986303,0.0002465753424657534,0.4,0.0,0.0,0.3,0.30000000000000004,-0.0010571210394067553,121995.4798659024,-129.1004632947297
2023-06-27 00:00:00+00:00,0.0066932250102058,0.4800821214187032,0.051642807142857135,0.00015000000000000001,binance,0.0644404303650408,0.0001949991594021,BTCUSDT_230929,0.00013698630136986303,0.0002465753424657534,0.4,0.0,0.0,0.3,0.30000000000000004,0.002792358497233005,122336.13498072997,340.65511482757574
2023-06-28 00:00:00+00:00,-0.0100356169449336,0.4993731037036795,0.05296045714285715,0.0001195,binance,0.0649032627147999,-0.0008877094138091,BTCUSDT_230929,0.00013698630136986303,0.0002465753424657534,0.4,0.0,0.0,0.3,0.30000000000000004,-0.003899178284822756,121859.12457976396,-477.01040096601355
2023-06-29 00:00:00+00:00,0.0059166907670512,0.4830860806897072,0.05208393571428571,0.00012937,binance,0.0717698692108343,0.0004645730608056,BTCUSDT_230929,0.00013698630136986303,0.0002465753424657534,0.4,0.0,0.2,0.3,0.09999999999999987,0.0025472621518583126,122169.53171566458,310.4071359006193
2023-06-30 00:00:00+00:00,0.000389481378535,0.4821091887334442,0.05208393571428571,0.00015000000000000001,binance,0.0687759831399894,-0.000405290102389,BTCUSDT_230929,0.00013698630136986303,0.0002465753424657534,0.4,0.0,0.2,0.3,0.09999999999999987,0.00016240576381291235,122189.37275177754,19.841036112964503
2023-07-01 00:00:00+00:00,0.0017291595617694,0.4681920515567189,0.05208393571428571,0.00015000000000000001,binance,0.0725563086258697,-0.0002267384644558,BTCUSDT_230929,0.00013698630136986303,0.0002465753424657534,0.4,0.0,0.2,0.3,0.09999999999999987,0.0007339873646933123,122279.05820747714,89.68545569959679
2023-07-02 00:00:00+00:00,0.0004730849616559,0.4753173010675604,0.05208393571428571,0.00015000000000000001,binance,0.0751548212132377,-0.0002209554617152,BTCUSDT_230929,0.00013698630136986303,0.0002465753424657534,0.4,0.0,0.2,0.3,0.09999999999999987,0.00023271412519603233,122307.5142715377,28.45606406056322
2023-07-03 00:00:00+00:00,0.0083208050506727,0.4727220132227372,0.05208393571428571,0.00015000000000000001,binance,0.0764946973927848,0.000433461076768,BTCUSDT_230929,0.00013698630136986303,0.0002465753424657534,0.4,0.0,0.2,0.3,0.09999999999999987,0.0035026854684993922,122735.9190244649,428.4047529272066
2023-07-04 00:00:00+00:00,-0.005999853245313,0.4789489495983101,0.05208393571428571,0.00015000000000000001,binance,0.0746708139736222,-1.3001149626643911e-05,BTCUSDT_230929,0.00013698630136986303,0.0002465753424657534,0.4,0.0,0.2,0.3,0.09999999999999987,-0.002314870295173817,122451.8012913643,-284.1177331006038
2023-07-05 00:00:00+00:00,-0.0041441345244521,0.4859641122638605,0.053674292857142855,0.00015000000000000001,binance,0.0762984324782389,3.802678987346108e-05,BTCUSDT_230929,0.00013698630136986303,0.0002465753424657534,0.4,0.0,0.2,0.3,0.09999999999999987,-0.0015623772189294353,122260.48538660978,-191.31590475451958
2023-07-06 00:00:00+00:00,-0.0097674079921189,0.4887362250657847,0.05193741428571429,9.606000000000001e-05,binance,0.0784363638030766,-0.0003350010352752,BTCUSDT_230929,0.00013698630136986303,0.0002465753424657534,0.4,0.0,0.2,0.3,0.09999999999999987,-0.003886292171025888,121785.34541942598,-475.13996718380076
2023-07-07 00:00:00+00:00,0.0070612675798464,0.4715844992384206,0.04777250357142858,0.000100425,bybit,0.0810632263859678,0.0004074846678332,BTCUSDT_230929,0.00013698630136986303,0.0002465753424657534,0.4,0.0,0.2,0.3,0.09999999999999987,0.0029936751983819124,122149.9311875345,364.5857681085181
2023-07-08 00:00:00+00:00,-0.0009507910463259,0.4765414347167347,0.04414049285714286,8.0345e-05,bybit,0.0786116090563397,9.3776942297077e-05,BTCUSDT_230929,0.00013698630136986303,0.0002465753424657534,0.4,0.0,0.2,0.3,0.09999999999999987,-0.00027388979719423226,122116.47556765426,-33.45561988024565
2023-07-09 00:00:00+00:00,-0.0019582670594099,0.4780317405815459,0.04304523214285714,0.000128995,bybit,0.079058940604774,0.0001037773978132,BTCUSDT_230929,0.00013698630136986303,0.0002465753424657534,0.4,0.0,0.2,0.3,0.09999999999999987,-0.0006748801113246076,122034.06158702858,-82.41398062567168
2023-07-10 00:00:00+00:00,0.0040338636016183,0.4865190320154794,0.04257412142857144,0.00013837000000000002,bybit,0.0784472188190137,-0.000540419320673,BTCUSDT_230929,0.00013698630136986303,0.0002465753424657534,0.4,0.0,0.2,0.3,0.09999999999999987,0.0015931328093894324,122228.47805440593,194.41646737734845
2023-07-11 00:00:00+00:00,0.0034825725388491,0.5076432261915419,0.03917831785714286,8.4875e-05,bybit,0.0837791578631123,0.0005192328416405,BTCUSDT_230929,0.00013698630136986303,0.0002465753424657534,0.4,0.0,0.2,0.3,0.09999999999999987,0.0015845468167444525,122422.15480022253,193.67674581659958
2023-07-12 00:00:00+00:00,-0.004627501943057,0.5729253028883283,0.03646219642857143,8.5985e-05,bybit,0.0806795360038666,5.4312047399293655e-06,BTCUSDT_230929,0.00013698630136986303,0.0002465753424657534,0.4,0.0,0.2,0.3,0.09999999999999987,-0.0017622433033981017,122206.41717773829,-215.73762248424464
2023-07-13 00:00:00+00:00,0.0203385540101122,0.5752892741766886,0.03468725357142857,4.624e-05,bybit,0.0788740884119155,0.0002858121149365,BTCUSDT_230929,0.00013698630136986303,0.0002465753424657534,0.4,0.0,0.2,0.3,0.09999999999999987,0.008280255259908892,123218.31750636887,1011.9003286305815
2023-07-14 00:00:00+00:00,-0.0217675463543117,0.5984727815184299,0.037272235714285715,0.00015000000000000001,bybit,0.0800974147330925,0.0001156307351442,BTCUSDT_230929,0.00013698630136986303,0.0002465753424657534,0.4,0.0,0.2,0.3,0.09999999999999987,-0.008596221161819129,122159.10559789687,-1059.2119084720034
2023-07-15 00:00:00+00:00,-0.0004896812196994,0.5382600446047882,0.037210707142857145,7.9165e-05,bybit,0.0801000947209672,6.107723067295542e-06,BTCUSDT_230929,0.00013698630136986303,0.0002465753424657534,0.4,0.0,0.2,0.3,0.09999999999999987,-0.0001069797103895886,122146.03705215854,-13.068545738322427
2023-07-16 00:00:00+00:00,-0.0010827100187569,0.5560202465041706,0.036304464285714294,0.000111615,bybit,0.0812629932730193,0.0008734125672838,BTCUSDT_230929,0.00013698630136986303,0.0002465753424657534,0.4,0.0,0.2,0.3,0.09999999999999987,-0.00017073026116928776,122125.18302735183,-20.854024806714733
2023-07-17 00:00:00+00:00,-0.0017785733084942,0.5668533836974367,0.03535989642857143,0.00012025499999999999,bybit,0.0739750301765033,4.695069347670294e-05,BTCUSDT_230929,0.00013698630136986303,0.0002465753424657534,0.4,0.0,0.2,0.3,0.09999999999999987,-0.0006143679518256272,122050.15322878899,-75.02979856284219
2023-07-18 00:00:00+00:00,-0.0052594105635877,0.5681793415830744,0.03191559999999999,1.8820000000000006e-05,bybit,0.0752148505331532,0.0001051604651575,BTCUSDT_230929,0.00013698630136986303,0.0002465753424657534,0.4,0.0,0.2,0.3,0.09999999999999987,-0.001995060899526868,121806.65574030096,-243.4974884880212
2023-07-19 00:00:00+00:00,0.000949573031884,0.5671147456912489,0.033663428571428566,0.000119505,bybit,0.0750673872696737,-0.000287704021604,BTCUSDT_230929,0.00013698630136986303,0.0002465753424657534,0.4,0.0,0.2,0.3,0.09999999999999987,0.0004099596413095124,121856.59155319734,49.9358128963795
2023-07-20 00:00:00+00:00,-0.0021420533395602,0.5809556555640153,0.03528559285714286,7.735e-05,bybit,0.0793725777483691,0.0002872483221476,BTCUSDT_230929,0.00013698630136986303,0.0002465753424657534,0.4,0.0,0.2,0.3,0.09999999999999987,-0.0007117004385178478,121769.86616355265,-86.72538964469277
2023-07-21 00:00:00+00:00,0.0020470068144511,0.6143824143621481,0.02872054642857143,2.4095e-05,bybit,0.0772472046997391,0.000482915364066,BTCUSDT_230929,0.00013698630136986303,0.0002465753424657534,0.4,0.0,0.2,0.3,0.09999999999999987,0.0010030570314703525,121892.0082840292,122.14212047655019
2023-07-22 00:00:00+00:00,-0.0022251651122496,0.6167091133349718,0.029105882142857142,8.6555e-05,bybit,0.073522487262779,-6.125394374708759e-05,BTCUSDT_230929,0.00013698630136986303,0.0002465753424657534,0.4,0.0,0.2,0.3,0.09999999999999987,-0.0008146456007725453,121792.70949571129,-99.29878831791575
2023-07-23 00:00:00+00:00,0.0060678119959511,0.6252496077406461,0.02797959642857143,0.0001114,binance,0.0745364044982267,0.0002451489591556,BTCUSDT_230929,0.00013698630136986303,0.0002465753424657534,0.4,0.0,0.2,0.3,0.09999999999999987,0.0025638258230882725,122104.96478938026,312.25529366897536
2023-07-24 00:00:00+00:00,-0.0193050911717058,0.6394371085117891,0.030329675000000007,0.00012169000000000001,binance,0.07524712563858,-8.397168954494212e-06,BTCUSDT_230929,0.00013698630136986303,0.0002465753424657534,0.4,0.0,0.2,0.3,0.09999999999999987,-0.007636044669596507,121172.56582386904,-932.3989655112237
2023-07-25 00:00:00+00:00,0.0010172445405697,0.5995798328841465,0.03184755357142857,0.0001204,binance,0.0763429758310172,-0.0001342848570131,BTCUSDT_230929,0.00013698630136986303,0.0002465753424657534,0.4,0.0,0.2,0.3,0.09999999999999987,0.00046771207770197236,121229.23969639099,56.67387252194749
2023-07-26 00:00:00+00:00,0.0025651940935571,0.6147241305394882,0.0324485,0.000126095,binance,0.0786943123284546,0.0003444403712732,BTCUSDT_230929,0.00013698630136986303,0.0002465753424657534,0.4,0.0,0.2,0.3,0.09999999999999987,0.0011826369445541924,121372.60987401617,143.37017762518371
2023-07-27 00:00:00+00:00,-0.0029980666725357,0.6643123299402233,0.030359135714285716,4.9210000000000005e-05,binance,0.0763310763041714,2.840249969379184e-05,BTCUSDT_230929,0.00013698630136986303,0.0002465753424657534,0.4,0.0,0.2,0.3,0.09999999999999987,-0.0011058749361988092,121238.38694681546,-134.22292720070982
2023-07-28 00:00:00+00:00,0.0020929921671699,0.6742327285864211,0.03392492500000001,0.00010524,binance,0.07697292972249,0.0001016574253926,BTCUSDT_230929,0.00013698630136986303,0.0002465753424657534,0.4,0.0,0.2,0.3,0.09999999999999987,0.0009451995848231922,121352.9814198222,114.59447300674219
2023-07-29 00:00:00+00:00,0.0008867351272848,0.6725479605784969,0.038821400000000006,0.00011048500000000001,binance,0.0769157941090395,0.0003251808168869,BTCUSDT_230929,0.00013698630136986303,0.0002465753424657534,0.4,0.0,0.2,0.3,0.09999999999999987,0.0005074014471680124,121414.55609821276,61.57467839056335
2023-07-30 00:00:00+00:00,-0.0016950087130547,0.6851322180374754,0.037723271428571424,9.033999999999999e-05,binance,0.0744673803322816,5.737491329729498e-05,BTCUSDT_230929,0.00013698630136986303,0.0002465753424657534,0.4,0.0,0.2,0.3,0.09999999999999987,-0.0005788572696857087,121344.27439976965,-70.28169844311196
2023-07-31 00:00:00+00:00,-0.0012527244167869,0.71983707057899,0.03606304285714286,8.985e-05,binance,0.0751357661486883,-0.0003242993611507,BTCUSDT_230929,0.00013698630136986303,0.0002465753424657534,0.4,0.0,0.2,0.3,0.09999999999999987,-0.00047827840606818765,121286.23805362421,-58.03634614543989
2023-08-01 00:00:00+00:00,0.0117192251812734,0.7234745140606756,0.0357992,0.00011533999999999999,binance,0.0791392349500517,-8.88709650814949e-05,BTCUSDT_230929,0.00013698630136986303,0.0002465753424657534,0.4,0.0,0.2,0.3,0.09999999999999987,0.004757587112369775,121863.26789669595,577.0298430717376
2023-08-02 00:00:00+00:00,-0.0125091255272424,0.7138066200146748,0.037045675,0.00015000000000000001,binance,0.0830764406503736,3.135063682911344e-05,BTCUSDT_230929,0.00013698630136986303,0.0002465753424657534,0.4,0.0,0.2,0.3,0.09999999999999987,-0.004909708850654425,121264.95473173386,-598.3131649620918
2023-08-03 00:00:00+00:00,0.0001723058098056,0.7253539726234726,0.04230115357142858,0.00015000000000000001,binance,0.0841104252050859,5.908821236407532e-05,BTCUSDT_230929,0.00013698630136986303,0.0002465753424657534,0.4,0.0,0.2,0.3,0.09999999999999987,0.00016841119927176737,121285.37710818987,20.422376456015627
2023-08-04 00:00:00+00:00,-0.0023209842256488,0.8062312960700478,0.04414388214285715,0.00014058,binance,0.0850742509995068,-0.0003582470145795,BTCUSDT_230929,0.00013698630136986303,0.0002465753424657534,0.4,0.0,0.2,0.3,0.09999999999999987,-0.0009123718602987077,121174.71974305065,-110.65736513922457
2023-08-05 00:00:00+00:00,-0.0011607632261462,0.7810478158664467,0.04468721071428572,0.00012090500000000001,binance,0.0915075397265038,0.0003145624348817,BTCUSDT_230929,0.00013698630136986303,0.0002465753424657534,0.4,0.0,0.2,0.3,0.09999999999999987,-0.00031372157060542775,121136.7046196552,-38.015123395452974
2023-08-06 00:00:00+00:00,0.0004257297307324,0.793727967089506,0.04830331785714287,0.00015000000000000001,bybit,0.0888998923766715,0.0002052363105318,BTCUSDT_230929,0.00013698630136986303,0.0002465753424657534,0.4,0.0,0.2,0.3,0.09999999999999987,0.0002990103872760323,121172.92575261687,36.221132961669355
2023-08-07 00:00:00+00:00,0.0034384325393563,0.8275953387360664,0.05399340714285714,0.00014338,bybit,0.0873819969120249,0.0011324477783414,BTCUSDT_230929,0.00013698630136986303,0.0002465753424657534,0.4,0.0,0.2,0.3,0.09999999999999987,0.0016895338042875125,121377.65150684032,204.72575422345835
2023-08-08 00:00:00+00:00,0.0161139680634382,0.8426907877570846,0.05085127857142857,0.0001254,binance,0.0717898969720752,-0.000662234526755,BTCUSDT_230929,0.00013698630136986303,0.0002465753424657534,0.4,0.0,0.2,0.3,0.09999999999999987,0.0064008115529009925,122154.5669808693,776.9154740289814
2023-08-09 00:00:00+00:00,-0.005171080325132,0.8090061191743124,0.049942428571428575,0.00013257,binance,0.0832032147487936,7.031305196168099e-05,BTCUSDT_230929,0.00013698630136986303,0.0002465753424657534,0.4,0.0,0.2,0.3,0.09999999999999987,-0.0019666982867837515,121914.32580326522,-240.24117760408262
2023-08-10 00:00:00+00:00,-0.003450458698081,0.8083037876855966,0.04949321785714286,0.000141385,binance,0.0842000288568445,8.453358003105613e-05,BTCUSDT_230929,0.00013698630136986303,0.0002465753424657534,0.4,0.0,0.2,0.3,0.09999999999999987,-0.0012756055303494765,121758.81121504176,-155.51458822346467
2023-08-11 00:00:00+00:00,-0.0008200634037086,0.7991225462075251,0.04923432857142858,0.000135615,binance,0.0847445237417071,0.0001451096189325,BTCUSDT_230929,0.00013698630136986303,0.0002465753424657534,0.4,0.0,0.2,0.3,0.09999999999999987,-0.00021133220482022767,121733.07965701139,-25.731558030369342
2023-08-12 00:00:00+00:00,0.0001076988033304,0.802603107394262,0.05057022857142858,0.000146525,binance,0.0842913001068866,0.000249234034326,BTCUSDT_230929,0.00013698630136986303,0.0002465753424657534,0.4,0.0,0.2,0.3,0.09999999999999987,0.00018059756107407233,121755.06435429948,21.98469728809141
2023-08-13 00:00:00+00:00,-0.0036658698718373,0.8406985070400049,0.04917201785714286,0.000123185,binance,0.0825680764748807,-8.701931214448332e-06,BTCUSDT_230929,0.00013698630136986303,0.0002465753424657534,0.4,0.0,0.2,0.3,0.09999999999999987,-0.0013804171021010974,121586.99158119739,-168.07277310208883
2023-08-14 00:00:00+00:00,0.0038827449919643,0.924117381689118,0.04977974285714286,0.00015000000000000001,binance,0.0841362338429553,0.0001252084116947,BTCUSDT_230929,0.00013698630136986303,0.0002465753424657534,0.4,0.0,0.2,0.3,0.09999999999999987,0.0016658109120013724,121789.53251853077,202.54093733338232
2023-08-15 00:00:00+00:00,-0.0071241198614986,0.904110518677284,0.05106245714285715,0.00015000000000000001,binance,0.084638888888889,0.0002005136986301,BTCUSDT_230929,0.00013698630136986303,0.0002465753424657534,0.4,0.0,0.2,0.3,0.09999999999999987,-0.002721873971996708,121458.03675990694,-331.4957586238306
2023-08-16 00:00:00+00:00,-0.0146521759022937,0.9106812465955706,0.053964728571428575,0.00015000000000000001,bybit,0.0845959653090996,0.000964131858432,BTCUSDT_230929,0.00013698630136986303,0.0002465753424657534,0.4,0.0,0.2,0.3,0.09999999999999987,-0.005580372756354369,120780.25564053167,-677.7811193752714
2023-08-17 00:00:00+00:00,-0.0653997428793933,0.8913360886590675,0.053964728571428575,0.00015000000000000001,bybit,0.0757510899460811,0.0006101772838265,BTCUSDT_230929,0.00013698630136986303,0.0002465753424657534,0.4,0.0,0.2,0.3,0.09999999999999987,-0.025950190462115313,117645.9850025969,-3134.2706379347655
2023-08-18 00:00:00+00:00,-0.0013370041329886,0.0,0.049291164285714284,7.56e-05,binance,0.0684123998874128,2.705918477002027e-05,BTCUSDT_230929,0.00013698630136986303,0.0002465753424657534,0.0,0.0,0.2,0.3,0.5,0.0001478775903786616,117663.38220737682,17.397204779917956
2023-08-19 00:00:00+00:00,0.0,0.0,0.040177896428571426,-8.66e-06,bybit,0.0694765176288464,0.0004804595860309,BTCUSDT_230929,0.00013698630136986303,0.0002465753424657534,0.0,0.0,0.2,0.3,0.5,0.00023855767063083756,117691.45170975475,28.069502377926256
2023-08-20 00:00:00+00:00,0.0,0.0,0.035691264285714286,6.395500000000001e-05,bybit,0.0622305029516991,0.0,BTCUSDT_230929,0.00013698630136986303,0.0002465753424657534,0.0,0.0,0.0,0.3,0.7,0.00016986301369863014,117711.44313442871,19.991424673964502
2023-08-21 00:00:00+00:00,-0.0,0.0,0.026517510714285715,-2.5935e-05,bybit,0.0654324234279316,-0.0005,BTCUSDT_231229,0.00013698630136986303,0.0002465753424657534,0.0,0.0,0.2,0.3,0.5,4.2465753424657536e-05,117716.44183954812,4.998705119403894
2023-08-22 00:00:00+00:00,-0.0,0.0,0.01742536071428571,-2.437e-05,bybit,0.0649910920608242,-0.0005,BTCUSDT_230929,0.00013698630136986303,0.0002465753424657534,0.0,0.0,0.0,0.3,0.7,0.00016986301369863014,117736.43750912086,19.9956695727451
2023-08-23 00:00:00+00:00,0.0,0.0,0.013020853571428573,6.553e-05,bybit,0.0639275453396394,-0.000452142647446,BTCUSDT_231229,0.00013698630136986303,0.0002465753424657534,0.0,0.0,0.0,0.3,0.7,0.00016986301369863014,117756.43657521831,19.999066097443574
2023-08-24 00:00:00+00:00,-0.0,0.0,0.007438960714285714,4.295e-05,bybit,0.0647750096782084,0.0003410994249437,BTCUSDT_231229,0.00013698630136986303,0.0002465753424657534,0.0,0.0,0.0,0.3,0.7,0.00016986301369863014,117776.43903841737,20.00246319906728
2023-08-25 00:00:00+00:00,-0.0,0.0,0.007227521428571429,2.514e-05,bybit,0.0636045237054602,0.0001834227999145,BTCUSDT_231229,0.00013698630136986303,0.0002465753424657534,0.0,0.0,0.0,0.3,0.7,0.00016986301369863014,117796.44489929512,20.005860877747182
2023-08-26 00:00:00+00:00,-0.0,0.0,0.007148264285714285,-1.018e-05,bybit,0.0631454908778252,0.0004612303242026,BTCUSDT_231229,0.00013698630136986303,0.0002465753424657534,0.0,0.0,0.0,0.3,0.7,0.00016986301369863014,117816.45415842869,20.009259133570595
2023-08-27 00:00:00+00:00,0.0,0.0,0.007477285714285715,2.6535000000000003e-05,binance,0.0607423737065317,0.0004220020328123,BTCUSDT_231229,0.00013698630136986303,0.0002465753424657534,0.0,0.0,0.0,0.3,0.7,0.00016986301369863014,117836.46681639532,20.01265796662483
2023-08-28 00:00:00+00:00,0.0,0.0,0.011640892857142855,8.757e-05,bybit,0.0586906584992341,0.000209418070444,BTCUSDT_231229,0.00013698630136986303,0.0002465753424657534,0.0,0.0,0.0,0.3,0.7,0.00016986301369863014,117856.48287377234,20.0160573770263
2023-08-29 00:00:00+00:00,0.0,0.0,0.014791885714285715,3.606e-05,bybit,0.0545827928904624,-5.502169478364157e-05,BTCUSDT_231229,0.00013698630136986303,0.0002465753424657534,0.0,0.0,0.0,0.3,0.7,0.00016986301369863014,117876.5023311372,20.01945736486232
2023-08-30 00:00:00+00:00,-0.0097503109212887,0.590147342408366,0.016630182142857143,0.00010078499999999999,bybit,0.0562102194818409,0.0003826008727475,BTCUSDT_231229,0.00013698630136986303,0.0002465753424657534,0.4,0.0,0.0,0.3,0.30000000000000004,-0.003785055875364795,117430.33318342126,-446.1691477159475
2023-08-31 00:00:00+00:00,-0.0008852210136125,0.0,0.016523810714285714,4.091e-05,bybit,0.0571989675458229,-0.0002627137657387,BTCUSDT_231229,0.00013698630136986303,0.0002465753424657534,0.0,0.0,0.0,0.3,0.7,0.00016986301369863014,117450.28025371542,19.947070294161676
2023-09-01 00:00:00+00:00,-0.0,0.0,0.017204535714285714,7.4025e-05,binance,0.0596030980125886,0.0005475672397456,BTCUSDT_231229,0.00013698630136986303,0.0002465753424657534,0.0,0.0,0.0,0.3,0.7,0.00016986301369863014,117470.23071227907,19.950458563645952
2023-09-02 00:00:00+00:00,0.0,0.0,0.020080474999999997,5.491e-05,bybit,0.0565793836915889,0.0003652948973521,BTCUSDT_231229,0.00013698630136986303,0.0002465753424657534,0.0,0.0,0.0,0.3,0.7,0.00016986301369863014,117490.18455968771,19.953847408643924
2023-09-03 00:00:00+00:00,0.0,0.0,0.021688560714285716,6.745e-05,bybit,0.0545692513817989,0.0007760516356381,BTCUSDT_231229,0.00013698630136986303,0.0002465753424657534,0.0,0.0,0.0,0.3,0.7,0.00016986301369863014,117510.14179651703,19.95723682931566
2023-09-04 00:00:00+00:00,-0.0,0.0,0.02090355,7.251499999999999e-05,bybit,0.0504378716797485,0.0003171220342893,BTCUSDT_231229,0.00013698630136986303,0.0002465753424657534,0.0,0.0,0.0,0.3,0.7,0.00016986301369863014,117530.10242334272,19.96062682569027
2023-09-05 00:00:00+00:00,-0.0,0.0,0.020165207142857144,2.1899999999999997e-05,bybit,0.0489276881714541,0.0003188960960915,BTCUSDT_231229,0.00013698630136986303,0.0002465753424657534,0.0,0.0,0.0,0.3,0.7,0.00016986301369863014,117550.06644074064,19.96401739792782
2023-09-06 00:00:00+00:00,-0.0,0.0,0.017059578571428577,4.1225e-05,bybit,0.0473738762773421,-0.0001523683081683,BTCUSDT_231229,0.00013698630136986303,0.0002465753424657534,0.0,0.0,0.0,0.3,0.7,0.00016986301369863014,117570.03384928673,19.967408546086517
2023-09-07 00:00:00+00:00,0.0,0.0,0.019085328571428573,7.976000000000001e-05,bybit,0.0478577194735768,0.001035993144163,BTCUSDT_231229,0.00013698630136986303,0.0002465753424657534,0.0,0.0,0.0,0.3,0.7,0.00016986301369863014,117590.004649557,19.970800270268228
2023-09-08 00:00:00+00:00,-0.0,0.0,0.021412464285714285,7.289e-05,bybit,0.0420847725825435,0.0002336890449817,BTCUSDT_231229,0.00013698630136986303,0.0002465753424657534,0.0,0.0,0.0,0.3,0.7,0.00016986301369863014,117609.9788421276,19.97419257060392
2023-09-09 00:00:00+00:00,-0.0,0.0,0.02032893571428572,3.413e-05,bybit,0.0409410878354698,6.756336768254946e-05,BTCUSDT_231229,0.00013698630136986303,0.0002465753424657534,0.0,0.0,0.0,0.3,0.7,0.00016986301369863014,117629.95642757477,19.977585447166348
2023-09-10 00:00:00+00:00,-0.0,0.0,0.021877839285714285,9.7155e-05,bybit,0.0409597861039544,-0.0001429864470519,BTCUSDT_231229,0.00013698630136986303,0.0002465753424657534,0.0,0.0,0.0,0.3,0.7,0.00016986301369863014,117649.93740647478,19.980978900013724
2023-09-11 00:00:00+00:00,-0.0,0.0,0.020493446428571427,4.5965e-05,bybit,0.0434345945164082,-0.000250769795712,BTCUSDT_231229,0.00013698630136986303,0.0002465753424657534,0.0,0.0,0.0,0.3,0.7,0.00016986301369863014,117669.9217794041,19.98437292932067
2023-09-12 00:00:00+00:00,0.0,0.0,0.023456464285714285,7.8725e-05,bybit,0.0443378487097358,7.352912720924595e-05,BTCUSDT_231229,0.00013698630136986303,0.0002465753424657534,0.0,0.0,0.0,0.3,0.7,0.00016986301369863014,117689.90954693923,19.987767535130843
2023-09-13 00:00:00+00:00,0.0,0.0,0.02095673571428572,-6.714999999999999e-06,bybit,0.0436061037425234,0.0001493021127298,BTCUSDT_231229,0.00013698630136986303,0.0002465753424657534,0.0,0.0,0.0,0.3,0.7,0.00016986301369863014,117709.9007096568,19.991162717560655
2023-09-14 00:00:00+00:00,0.0,0.0,0.01623885,-1.0719999999999999e-05,bybit,0.0425018323016335,-0.000206049678898,BTCUSDT_231229,0.00013698630136986303,0.0002465753424657534,0.0,0.0,0.0,0.3,0.7,0.00016986301369863014,117729.89526813349,19.99455847669742
2023-09-15 00:00:00+00:00,0.0,0.0,0.01440394285714286,3.7699999999999995e-05,bybit,0.0442103472968133,0.0001366541353382,BTCUSDT_231229,0.00013698630136986303,0.0002465753424657534,0.0,0.0,0.0,0.3,0.7,0.00016986301369863014,117749.89322294615,19.997954812657554
2023-09-16 00:00:00+00:00,-0.0,0.0,0.01250750714285714,-2.2400000000000023e-06,bybit,0.0437425608363823,0.0001080585715108,BTCUSDT_231229,0.00013698630136986303,0.0002465753424657534,0.0,0.0,0.0,0.3,0.7,0.00016986301369863014,117769.89457467168,20.001351725528366
2023-09-17 00:00:00+00:00,-0.0,0.0,0.011045421428571428,6.9115e-05,bybit,0.0434540105358222,0.0001357081761537,BTCUSDT_231229,0.00013698630136986303,0.0002465753424657534,0.0,0.0,0.0,0.3,0.7,0.00016986301369863014,117789.8993238871,20.004749215426273
2023-09-18 00:00:00+00:00,0.0,0.0,0.012388621428571427,7.1725e-05,bybit,0.0425320059775453,0.0002008406535859,BTCUSDT_231229,0.00013698630136986303,0.0002465753424657534,0.0,0.0,0.0,0.3,0.7,0.00016986301369863014,117809.9074711695,20.00814728239493
2023-09-19 00:00:00+00:00,0.0,0.0,0.013338403571428568,9.694e-05,bybit,0.0408185794040866,-0.0001995570788371,BTCUSDT_231229,0.00013698630136986303,0.0002465753424657534,0.0,0.0,0.0,0.3,0.7,0.00016986301369863014,117829.91901709612,20.011545926623512
2023-09-20 00:00:00+00:00,-0.0,0.0,0.01671282857142857,5.7999999999999994e-05,bybit,0.0428176958525346,0.0002116129032258,BTCUSDT_231229,0.00013698630136986303,0.0002465753424657534,0.0,0.0,0.0,0.3,0.7,0.00016986301369863014,117849.93396224422,20.014945148097468
2023-09-21 00:00:00+00:00,-0.0,0.0,0.020363610714285718,5.9295e-05,bybit,0.0425637217155456,-2.71001894002564e-05,BTCUSDT_231229,0.00013698630136986303,0.0002465753424657534,0.0,0.0,0.0,0.3,0.7,0.00016986301369863014,117869.95230719121,20.01834494699142
2023-09-22 00:00:00+00:00,0.0,0.0,0.018542521428571428,2.7750000000000014e-06,bybit,0.0431803134035487,-7.11057202859442e-05,BTCUSDT_231229,0.00013698630136986303,0.0002465753424657534,0.0,0.0,0.0,0.3,0.7,0.00016986301369863014,117889.97405251462,20.02174532340723
2023-09-23 00:00:00+00:00,-0.0,0.0,0.019452935714285715,1.522e-05,bybit,0.0441675425971755,0.000399232991019,BTCUSDT_231229,0.00013698630136986303,0.0002465753424657534,0.0,0.0,0.0,0.3,0.7,0.00016986301369863014,117909.99919879204,20.02514627741766
2023-09-24 00:00:00+00:00,-0.0,0.0,0.019835142857142857,7.644499999999999e-05,bybit,0.0421108528094555,0.0001872496512165,BTCUSDT_231229,0.00013698630136986303,0.0002465753424657534,0.0,0.0,0.0,0.3,0.7,0.00016986301369863014,117930.02774660115,20.028547809110023
2023-09-25 00:00:00+00:00,0.0,0.0,0.016833800000000003,1.4165e-05,bybit,0.0410270573088503,-0.0003048872050397,BTCUSDT_231229,0.00013698630136986303,0.0002465753424657534,0.0,0.0,0.0,0.3,0.7,0.00016986301369863014,117950.05969651975,20.03194991860073
2023-09-26 00:00:00+00:00,-0.0,0.0,0.012111221428571428,6.370000000000002e-06,bybit,0.043970230436903,7.856097647485114e-05,BTCUSDT_231229,0.00013698630136986303,0.0002465753424657534,0.0,0.0,0.0,0.3,0.7,0.00016986301369863014,117970.09504912572,20.035352605977096
2023-09-27 00:00:00+00:00,0.0,0.0,0.014981164285714287,7.698e-05,binance,0.0435749051447863,-0.0006540782823639,BTCUSDT_231229,0.00013698630136986303,0.0002465753424657534,0.0,0.0,0.0,0.3,0.7,0.00016986301369863014,117990.13380499708,20.038755871355534
2023-09-28 00:00:00+00:00,0.0,0.0,0.010459857142857144,-2.8195e-05,binance,0.0480569966173498,-3.756283448036604e-05,BTCUSDT_231229,0.00013698630136986303,0.0002465753424657534,0.0,0.0,0.0,0.3,0.7,0.00016986301369863014,118010.17596471189,20.042159714808804
2023-09-29 00:00:00+00:00,-0.0,0.0,0.008089182142857141,-2.9925000000000002e-05,binance,0.0490943280429718,0.0,BTCUSDT_231229,0.00013698630136986303,0.0002465753424657534,0.0,0.0,0.0,0.3,0.7,0.00016986301369863014,118030.22152884834,20.045564136453322
2023-09-30 00:00:00+00:00,0.0,0.0,0.011276935714285714,0.00012709,bybit,0.048707319822345,-0.0005,BTCUSDT_240329,0.00013698630136986303,0.0002465753424657534,0.0,0.0,0.0,0.3,0.7,0.00016986301369863014,118050.27049798476,20.048969136420055
2023-10-01 00:00:00+00:00,0.0,0.0,0.013610589285714287,0.0001212,bybit,0.0510036826666281,-0.0004099761115181,BTCUSDT_231229,0.00013698630136986303,0.0002465753424657534,0.0,0.0,0.0,0.3,0.7,0.00016986301369863014,118070.32287269947,20.052374714709003
2023-10-02 00:00:00+00:00,-0.0,0.0,0.01162446785714286,-2.3925e-05,bybit,0.0517573781093025,-0.0001263888681776,BTCUSDT_231229,0.00013698630136986303,0.0002465753424657534,0.0,0.0,0.0,0.3,0.7,0.00016986301369863014,118090.378653571,20.055780871523893
2023-10-03 00:00:00+00:00,-0.0,0.0,0.018161357142857146,0.000131735,bybit,0.0535453215868784,-0.0005303272824856,BTCUSDT_231229,0.00013698630136986303,0.0002465753424657534,0.0,0.0,0.0,0.3,0.7,0.00016986301369863014,118110.43784117789,20.05918760689383
2023-10-04 00:00:00+00:00,0.0,0.0,0.02586963571428572,0.000131935,bybit,0.0579258851630576,0.0004251478747825,BTCUSDT_231229,0.00013698630136986303,0.0002465753424657534,0.0,0.0,0.0,0.3,0.7,0.00016986301369863014,118130.50043609885,20.06259492096433
2023-10-05 00:00:00+00:00,-0.0,0.0,0.030366957142857146,8.8455e-05,bybit,0.0556942737664765,-0.0001842367073215,BTCUSDT_231229,0.00013698630136986303,0.0002465753424657534,0.0,0.0,0.0,0.3,0.7,0.00016986301369863014,118150.56643891265,20.066002813793602
2023-10-06 00:00:00+00:00,0.0,0.0,0.033067175000000004,5.7675e-05,bybit,0.0568779270697993,0.0001518021674055,BTCUSDT_231229,0.00013698630136986303,0.0002465753424657534,0.0,0.0,0.0,0.3,0.7,0.00016986301369863014,118170.63585019816,20.069411285512615
2023-10-07 00:00:00+00:00,0.0,0.0,0.027391946428571432,1.8249999999999996e-05,bybit,0.0561766278238122,0.0002053177291859,BTCUSDT_231229,0.00013698630136986303,0.0002465753424657534,0.0,0.0,0.0,0.3,0.7,0.00016986301369863014,118190.70867053437,20.07282033620868
2023-10-08 00:00:00+00:00,-0.0,0.0,0.01933196428571429,-3.3375e-05,bybit,0.055111984410611,0.0002179671562719,BTCUSDT_231229,0.00013698630136986303,0.0002465753424657534,0.0,0.0,0.0,0.3,0.7,0.00016986301369863014,118210.78490050032,20.076229965954553
2023-10-09 00:00:00+00:00,-0.0,0.0,0.01919535,-2.6544999999999997e-05,bybit,0.0544658203196838,9.967336133369482e-05,BTCUSDT_231229,0.00013698630136986303,0.0002465753424657534,0.0,0.0,0.0,0.3,0.7,0.00016986301369863014,118230.86454067519,20.079640174866654
2023-10-10 00:00:00+00:00,-0.0,0.0,0.016467496428571426,7.942e-05,bybit,0.0546331578686036,0.0006553457962214,BTCUSDT_231229,0.00013698630136986303,0.0002465753424657534,0.0,0.0,0.0,0.3,0.7,0.00016986301369863014,118250.94759163825,20.083050963061396
2023-10-11 00:00:00+00:00,-0.0,0.0,0.01629464285714286,0.00012862,bybit,0.0502123696324308,-0.0002956221870311,BTCUSDT_231229,0.00013698630136986303,0.0002465753424657534,0.0,0.0,0.0,0.3,0.7,0.00016986301369863014,118271.03405396888,20.08646233062609
2023-10-12 00:00:00+00:00,-0.0,0.0,0.02068924285714286,9.9825e-05,binance,0.0538550670045383,0.0006048289905353,BTCUSDT_231229,0.00013698630136986303,0.0002465753424657534,0.0,0.0,0.0,0.3,0.7,0.00016986301369863014,118291.12392824654,20.089874277662602
2023-10-13 00:00:00+00:00,0.0,0.0,0.0236374,0.00014022,bybit,0.0486343378905359,0.0001094482912664,BTCUSDT_231229,0.00013698630136986303,0.0002465753424657534,0.0,0.0,0.0,0.3,0.7,0.00016986301369863014,118311.21721505078,20.09328680424369
2023-10-14 00:00:00+00:00,-0.0,0.0,0.030441782142857147,0.000148745,bybit,0.0482400802262468,0.0002228844412136,BTCUSDT_231229,0.00013698630136986303,0.0002465753424657534,0.0,0.0,0.0,0.3,0.7,0.00016986301369863014,118331.31391496128,20.09669991050032
2023-10-15 00:00:00+00:00,0.0,0.0,0.03771206071428571,0.000106055,bybit,0.0461949032959357,-5.468777332380435e-05,BTCUSDT_231229,0.00013698630136986303,0.0002465753424657534,0.0,0.0,0.0,0.3,0.7,0.00016986301369863014,118351.41402855777,20.1001135964907
2023-10-16 00:00:00+00:00,0.0,0.0,0.040182067857142865,2.0825e-05,bybit,0.0451210031368892,5.315643992905587e-05,BTCUSDT_231229,0.00013698630136986303,0.0002465753424657534,0.0,0.0,0.0,0.3,0.7,0.00016986301369863014,118371.51755642015,20.103527862374904
2023-10-17 00:00:00+00:00,-0.0030799520821585,0.5946371831637889,0.040350750000000005,8.2655e-05,bybit,0.0453744923124489,-0.0005759632285072,BTCUSDT_231229,0.00013698630136986303,0.0002465753424657534,0.4,0.0,0.0,0.3,0.30000000000000004,-0.0011169123397127153,118239.30694779086,-132.21060862929153
2023-10-18 00:00:00+00:00,-0.0016127117728446,0.6001687308789067,0.035092925000000004,2.7785e-05,bybit,0.0519832862523543,0.0003391596045197,BTCUSDT_231229,0.00013698630136986303,0.0002465753424657534,0.4,0.0,0.0,0.3,0.30000000000000004,-0.000530016215987155,118176.63819774144,-62.668750049415394
2023-10-19 00:00:00+00:00,0.0083875487650154,0.6037075800401503,0.028837607142857144,2.6765e-05,bybit,0.0485533138924889,0.0001763965715333,BTCUSDT_231229,0.00013698630136986303,0.0002465753424657534,0.4,0.0,0.0,0.3,0.30000000000000004,0.003470087999156845,118586.72153173212,410.08333399068215
2023-10-20 00:00:00+00:00,0.0200414360926107,0.6024295574330595,0.024752996428571428,6.1885e-05,bybit,0.0458808720663498,-5.729878688420379e-06,BTCUSDT_231229,0.00013698630136986303,0.0002465753424657534,0.4,0.0,0.0,0.3,0.30000000000000004,0.008131642930194964,119551.02640749064,964.3048757585202
2023-10-21 00:00:00+00:00,0.0045625843400717,0.5685190118357873,0.022289246428571434,0.000101495,bybit,0.0462312725575576,-0.0004353088285445,BTCUSDT_231229,0.00013698630136986303,0.0002465753424657534,0.4,0.0,0.0,0.3,0.30000000000000004,0.001940102229179365,119782.9676203245,231.94121283385903
2023-10-22 00:00:00+00:00,0.0015857881254154,0.5800766434779305,0.018608742857142854,3.547e-05,bybit,0.0514421448120043,-0.0009497387009935,BTCUSDT_231229,0.00013698630136986303,0.0002465753424657534,0.4,0.0,0.0,0.3,0.30000000000000004,0.000749383743316845,119872.7310289854,89.76340866090322
2023-10-23 00:00:00+00:00,0.0623036634706813,0.6075904852910983,0.024062625,0.00012542,bybit,0.0567361354761776,-0.0004953131222597,BTCUSDT_231229,0.00013698630136986303,0.0002465753424657534,0.4,0.0,0.0,0.3,0.30000000000000004,0.025036533881423205,122873.92872085133,3001.19769186592
2023-10-24 00:00:00+00:00,0.0133685955139812,0.5233462198168137,0.02757418571428572,0.00015000000000000001,bybit,0.0614886948644576,-0.0005259010698726,BTCUSDT_231229,0.00013698630136986303,0.0002465753424657534,0.4,0.0,0.0,0.3,0.30000000000000004,0.0054625066987431655,123545.12837958986,671.1996587385365
2023-10-25 00:00:00+00:00,0.0082676290128684,0.4919713727779247,0.033946825,0.00015000000000000001,bybit,0.0672051303978725,-0.0009332952613415,BTCUSDT_231229,0.00013698630136986303,0.0002465753424657534,0.4,0.0,0.2,0.3,0.09999999999999987,0.0032080637857557722,123941.46903185097,396.34065226110397
2023-10-26 00:00:00+00:00,-0.004851902168927,0.4849370658537056,0.04037265000000001,0.00015000000000000001,bybit,0.0796962541498711,0.0003698209691709,BTCUSDT_231229,0.00013698630136986303,0.0002465753424657534,0.4,0.0,0.2,0.3,0.09999999999999987,-0.0017791254408599077,123720.96161111885,-220.50742073211586
2023-10-27 00:00:00+00:00,-0.0036632537729665,0.4810847902384449,0.04496721785714286,0.00015000000000000001,bybit,0.0772634468442513,-0.0002776464784335,BTCUSDT_231229,0.00013698630136986303,0.0002465753424657534,0.4,0.0,0.2,0.3,0.09999999999999987,-0.0014331595719965877,123543.64973072924,-177.3118803896068
2023-10-28 00:00:00+00:00,0.0025585647408138,0.4635695254674519,0.049549792857142866,0.00018938,bybit,0.08132522993135,-0.0001277838091605,BTCUSDT_231229,0.00013698630136986303,0.0002465753424657534,0.4,0.0,0.2,0.3,0.09999999999999987,0.0010855403673701327,123677.76134964419,134.11161891494703
2023-10-29 00:00:00+00:00,0.0060229733509266,0.4616169670846642,0.055521714285714285,0.00015000000000000001,bybit,0.0831028303782431,-7.1830154124801e-05,BTCUSDT_231229,0.00013698630136986303,0.0002465753424657534,0.4,0.0,0.2,0.3,0.09999999999999987,0.0024824945424223926,123984.7907172137,307.02936756951385
2023-10-30 00:00:00+00:00,-0.0006964641228444,0.4657910760799226,0.0568033857142857,0.00015000000000000001,bybit,0.0854884867843769,-0.0001575066722786,BTCUSDT_231229,0.00013698630136986303,0.0002465753424657534,0.4,0.0,0.2,0.3,0.09999999999999987,-0.00022241575071676767,123957.21454690887,-27.576170304833795
2023-10-31 00:00:00+00:00,0.0021814644795712,0.4580921412280215,0.05693791428571428,0.00015258,bybit,0.0884627600303628,-0.0004509267815577,BTCUSDT_231229,0.00013698630136986303,0.0002465753424657534,0.4,0.0,0.2,0.3,0.09999999999999987,0.0008700716683936524,124065.06620737912,107.8516604702454
2023-11-01 00:00:00+00:00,0.0104840512989361,0.4650714753971051,0.05744109285714286,0.00015965,bybit,0.0935523913844985,0.0003692679826872,BTCUSDT_231229,0.00013698630136986303,0.0002465753424657534,0.4,0.0,0.2,0.3,0.09999999999999987,0.004355145348988592,124605.38760344413,540.3213960650173
2023-11-02 00:00:00+00:00,-0.0061709152658258,0.4543445727246246,0.06122118928571428,0.00022249500000000002,bybit,0.0917067547458895,0.0002502748157711,BTCUSDT_231229,0.00013698630136986303,0.0002465753424657534,0.4,0.0,0.2,0.3,0.09999999999999987,-0.0023306399102993878,124314.97731405724,-290.4102893868985
2023-11-03 00:00:00+00:00,-0.0027862386648088,0.4265855209168415,0.061221189285714274,0.00015000000000000001,bybit,0.0906651933568885,-5.4872600511985095e-05,BTCUSDT_231229,0.00013698630136986303,0.0002465753424657534,0.4,0.0,0.2,0.3,0.09999999999999987,-0.0010377987531492048,124185.96338560292,-129.0139284543111
2023-11-04 00:00:00+00:00,0.0040961306502556,0.4137730042053323,0.05916780357142857,0.00015000000000000001,bybit,0.0921256866102684,-0.0008340922255873,BTCUSDT_231229,0.00013698630136986303,0.0002465753424657534,0.4,0.0,0.2,0.3,0.09999999999999987,0.0015593050478614925,124379.60718518363,193.6437995807064
2023-11-05 00:00:00+00:00,-0.000595835251603,0.4149789438304141,0.05916780357142857,0.00015000000000000001,bybit,0.1052580819234311,3.1560715962683626e-05,BTCUSDT_231229,0.00013698630136986303,0.0002465753424657534,0.4,0.0,0.2,0.3,0.09999999999999987,-0.00014435072457195095,124361.65289876449,-17.95428641914623
2023-11-06 00:00:00+00:00,0.0003885477536372,0.4473499385103069,0.06400275000000001,0.000242725,bybit,0.1067051180263286,9.030964652550038e-05,BTCUSDT_231229,0.00013698630136986303,0.0002465753424657534,0.4,0.0,0.2,0.3,0.09999999999999987,0.0002611522636366924,124394.1302259286,32.477327164117014
2023-11-07 00:00:00+00:00,0.004509087883919,0.4476759410512335,0.06398137142857142,0.00015217,bybit,0.1064173563984294,0.0002810804336379,BTCUSDT_231229,0.00013698630136986303,0.0002465753424657534,0.4,0.0,0.2,0.3,0.09999999999999987,0.0019475224731718924,124636.39059007427,242.26036414566624
2023-11-08 00:00:00+00:00,0.0028140658885345,0.4427235091810219,0.06958672857142859,0.00026715,bybit,0.103819020315437,7.11584540172166e-05,BTCUSDT_231229,0.00013698630136986303,0.0002465753424657534,0.34782608695652173,0.21739130434782605,0.17391304347826086,0.26086956521739124,1.1102230246251565e-16,0.0011135809990930167,124775.18330643092,138.79271635664918
2023-11-09 00:00:00+00:00,0.0133600045637982,0.4422031709714755,0.07736774642857144,0.00037172,bybit,0.1017812549981498,-0.000650661874075,BTCUSDT_231229,0.00013698630136986303,0.0002465753424657534,0.34782608695652173,0.21739130434782605,0.17391304347826086,0.26086956521739124,1.1102230246251565e-16,0.004678932220386092,125358.99793190797,583.8146254770545
2023-11-10 00:00:00+00:00,0.0072223121483996,0.4414497078363046,0.09380891071428571,0.00046531000000000003,bybit,0.1117238204401498,0.0004111080400507,BTCUSDT_231229,0.00013698630136986303,0.0002465753424657534,0.34782608695652173,0.21739130434782605,0.17391304347826086,0.26086956521739124,1.1102230246251565e-16,0.00274908397400844,125703.62034412035,344.6224122123822
2023-11-11 00:00:00+00:00,-0.0020455755563416,0.4438105629706105,0.1057136464285714,0.00037831,bybit,0.1082974234670981,-0.0001571505521141,BTCUSDT_231229,0.00013698630136986303,0.0002465753424657534,0.34782608695652173,0.21739130434782605,0.17391304347826086,0.26086956521739124,1.1102230246251565e-16,-0.0005922697654084643,125629.16989038815,-74.45045373220637
2023-11-12 00:00:00+00:00,-0.0007861684127417,0.4395482909534489,0.11543672499999999,0.00033647,bybit,0.1132433709162094,0.0001537875029037,BTCUSDT_231229,0.00013698630136986303,0.0002465753424657534,0.34782608695652173,0.21739130434782605,0.17391304347826086,0.26086956521739124,1.1102230246251565e-16,-0.0001092345754575774,125615.44684135009,-13.723049038060708
2023-11-13 00:00:00+00:00,-0.0086480582064074,0.5252313712103929,0.1293069857142857,0.00050873,bybit,0.1151321474928813,0.0003189540719849,BTCUSDT_231229,0.00013698630136986303,0.0002465753424657534,0.34782608695652173,0.21739130434782605,0.17391304347826086,0.26086956521739124,1.1102230246251565e-16,-0.002777632491675003,125266.53329474728,-348.9135466028092
2023-11-14 00:00:00+00:00,-0.0138046258160049,0.5505643421233537,0.13259667857142857,0.00021526,bybit,0.1154020754610771,-0.0011362488850585,BTCUSDT_231229,0.00013698630136986303,0.0002465753424657534,0.34782608695652173,0.21739130434782605,0.17391304347826086,0.26086956521739124,1.1102230246251565e-16,-0.004888097826672986,124654.21822559438,-612.3150691529008
2023-11-15 00:00:00+00:00,0.0339929486468283,0.5244377032003593,0.12648814285714288,0.00015000000000000001,bybit,0.1285352614853238,0.0012336825311294,BTCUSDT_231229,0.00013698630136986303,0.0002465753424657534,0.34782608695652173,0.21739130434782605,0.17391304347826086,0.26086956521739124,1.1102230246251565e-16,0.0121351204936495,126166.91218380365,1512.6939582092746
2023-11-16 00:00:00+00:00,-0.0233117305545009,0.520640668395908,0.11866254285714292,0.00022164,bybit,0.115762552710124,0.0005753036693616,BTCUSDT_231229,0.00013698630136986303,0.0002465753424657534,0.34782608695652173,0.21739130434782605,0.17391304347826086,0.26086956521739124,1.1102230246251565e-16,-0.007895868595815925,125170.71482406049,-996.1973597431643
2023-11-17 00:00:00+00:00,0.0057113469519585,0.4652376779176929,0.10222137857142859,0.00015000000000000001,bybit,0.1071845144714156,0.0005500640193674,BTCUSDT_231229,0.00013698630136986303,0.0002465753424657534,0.34782608695652173,0.21739130434782605,0.17391304347826086,0.26086956521739124,1.1102230246251565e-16,0.002179151467301396,125443.48077093248,272.76594687199395
2023-11-18 00:00:00+00:00,-0.0005822225979031,0.4652089752398234,0.09031664285714283,0.00015000000000000001,bybit,0.1001302548049183,-0.0002958863052769,BTCUSDT_231229,0.00013698630136986303,0.0002465753424657534,0.34782608695652173,0.21739130434782605,0.17391304347826086,0.26086956521739124,1.1102230246251565e-16,-0.00015703799780599476,125423.7813778744,-19.699393058079295
2023-11-19 00:00:00+00:00,0.010119208185536,0.4675245410376607,0.08059356428571426,0.00015000000000000001,bybit,0.1057439053572476,0.0004673465050457,BTCUSDT_231229,0.00013698630136986303,0.0002465753424657534,0.34782608695652173,0.21739130434782605,0.17391304347826086,0.26086956521739124,1.1102230246251565e-16,0.003697934937359362,125887.59036100736,463.8089831329562
2023-11-20 00:00:00+00:00,0.0011162086843663,0.4714514621139097,0.06333114999999997,0.00017767,bybit,0.0994707697916731,0.0,BTCUSDT_231229,0.00013698630136986303,0.0002465753424657534,0.4,0.0,0.2,0.3,0.09999999999999987,0.0005341547066232323,125954.83380990416,67.24344889679924
2023-11-21 00:00:00+00:00,-0.0212296240689668,0.4655122315423421,0.05992830714285714,0.00015000000000000001,bybit,0.0850420888135665,-0.0032602251155165,BTCUSDT_240329,0.00013698630136986303,0.0002465753424657534,0.4,0.0,0.2,0.3,0.09999999999999987,-0.009056223417813307,124814.15869436812,-1140.6751155360398
2023-11-22 00:00:00+00:00,0.0203284578072367,0.436859155749213,0.05992830714285713,0.00015000000000000001,bybit,0.0969284606721392,0.0004536421557332,BTCUSDT_240329,0.00013698630136986303,0.0002465753424657534,0.4,0.0,0.2,0.3,0.09999999999999987,0.00830978278691803,125851.33724185024,1037.1785474821227
2023-11-23 00:00:00+00:00,-0.001381545640512,0.4477491269968499,0.05619279285714285,0.00015000000000000001,bybit,0.0953749306885331,-0.0002575461974329,BTCUSDT_240329,0.00013698630136986303,0.0002465753424657534,0.4,0.0,0.2,0.3,0.09999999999999987,-0.0005164562628146678,125786.34053054808,-64.99671130215575
2023-11-24 00:00:00+00:00,0.0050258819563607,0.4471176819399525,0.05619279285714285,0.00015000000000000001,bybit,0.0965386481176952,0.0,BTCUSDT_240329,0.00013698630136986303,0.0002465753424657534,0.4,0.0,0.2,0.3,0.09999999999999987,0.0020980240154209926,126050.24329379309,263.90276324500155
2023-11-25 00:00:00+00:00,0.0007846253719185,0.4437977871232536,0.05619279285714285,0.00015000000000000001,bybit,0.1009946511863155,-0.0005508196387199,BTCUSDT_231229,0.00013698630136986303,0.0002465753424657534,0.4,0.0,0.2,0.3,0.09999999999999987,0.0002913574539001323,126086.96897174265,36.72567794956558
2023-11-26 00:00:00+00:00,-0.004034466165136,0.4554252102328349,0.05619279285714285,0.00015000000000000001,bybit,0.1061152645026348,0.000732627045434,BTCUSDT_231229,0.00013698630136986303,0.0002465753424657534,0.4,0.0,0.2,0.3,0.09999999999999987,-0.0013795898240908876,125913.02067239878,-173.94829934387235
2023-11-27 00:00:00+00:00,-0.0024661176844741,0.4494381290193849,0.05474999999999999,0.00015000000000000001,binance,0.0932280017291983,-0.0001024361821242,BTCUSDT_231229,0.00013698630136986303,0.0002465753424657534,0.4,0.0,0.2,0.3,0.09999999999999987,-0.0009192630773377678,125797.27348153858,-115.74719086020195
2023-11-28 00:00:00+00:00,0.0070411053041901,0.4557363574276161,0.05474999999999999,0.00015000000000000001,binance,0.0971446691268991,0.0003354145694992,BTCUSDT_231229,0.00013698630136986303,0.0002465753424657534,0.4,0.0,0.2,0.3,0.09999999999999987,0.0029711962684525924,126171.04187108843,373.7683895498485
2023-11-29 00:00:00+00:00,0.0004265505742005,0.453898174651551,0.05474999999999999,0.00015000000000000001,binance,0.0921339277474758,3.988942967102678e-05,BTCUSDT_231229,0.00013698630136986303,0.0002465753424657534,0.4,0.0,0.2,0.3,0.09999999999999987,0.0002662693484911177,126204.6373522059,33.595481117474264
2023-11-30 00:00:00+00:00,-0.0017115114551758,0.4830946928576665,0.05474999999999999,0.00015000000000000001,binance,0.0946335359314855,-0.0002324782445957,BTCUSDT_231229,0.00013698630136986303,0.0002465753424657534,0.4,0.0,0.2,0.3,0.09999999999999987,-0.0006434289981127478,126123.4336288372,-81.2037233687006
2023-12-01 00:00:00+00:00,0.0125012942812283,0.4925440517756425,0.05474999999999999,0.00015000000000000001,binance,0.1014953635019495,-0.0002839783964436,BTCUSDT_231229,0.00013698630136986303,0.0002465753424657534,0.4,0.0,0.2,0.3,0.09999999999999987,0.0050313932660793126,126758.01022349214,634.5765946549363
2023-12-02 00:00:00+00:00,0.0097637331993686,0.4919334176320876,0.05474999999999999,0.00015000000000000001,bybit,0.1107343600059132,0.0001560188946359,BTCUSDT_231229,0.00013698630136986303,0.0002465753424657534,0.4,0.0,0.2,0.3,0.09999999999999987,0.004024368291551333,127268.1311405357,510.12091704356135
2023-12-03 00:00:00+00:00,0.0064810462954183,0.4900999090863246,0.05474999999999999,0.00015000000000000001,bybit,0.1091685930346529,-2.201526758809781e-05,BTCUSDT_231229,0.00013698630136986303,0.0002465753424657534,0.4,0.0,0.2,0.3,0.09999999999999987,0.002675686697526413,127608.66078604746,340.5296455117641
2023-12-04 00:00:00+00:00,0.0251769530451254,0.4987509743580616,0.062374849999999996,0.00029623000000000003,bybit,0.1086887459485457,0.0,BTCUSDT_231229,0.00013698630136986303,0.0002465753424657534,0.4,0.0,0.2,0.3,0.09999999999999987,0.010158452450926872,128904.96729896899,1296.3065129215247
2023-12-05 00:00:00+00:00,0.025448616709831,0.5136606703059553,0.06237484999999998,0.00015000000000000001,bybit,0.0948126992652837,-0.0009620709308942,BTCUSDT_240329,0.00013698630136986303,0.0002465753424657534,0.4,0.0,0.2,0.3,0.09999999999999987,0.010074703730630272,130203.64665391268,1298.6793549436989
2023-12-06 00:00:00+00:00,-0.0037579426272862,0.5297635376918084,0.062374849999999975,0.00015000000000000001,bybit,0.0993031563099532,0.0,BTCUSDT_240329,0.00013698630136986303,0.0002465753424657534,0.4,0.0,0.2,0.3,0.09999999999999987,-0.0014155058180377678,130019.34263454433,-184.3040193683555
2023-12-07 00:00:00+00:00,-0.0062759791339628,0.5573358609590423,0.06432707857142855,0.00018743999999999998,bybit,0.1104804588628516,-0.0005595057349663,BTCUSDT_231229,0.00013698630136986303,0.0002465753424657534,0.4,0.0,0.2,0.3,0.09999999999999987,-0.002534621567701668,129689.79280448443,-329.54983005989925
2023-12-08 00:00:00+00:00,0.0112839195328867,0.5447539332558882,0.08309981071428571,0.000510025,bybit,0.1154152791879292,0.0001019900165244,BTCUSDT_231229,0.00013698630136986303,0.0002465753424657534,0.34782608695652173,0.21739130434782605,0.17391304347826086,0.26086956521739124,1.1102230246251565e-16,0.004117777973216771,130223.82657664578,534.0337721613469
2023-12-09 00:00:00+00:00,-0.0055600166284929,0.5356175066959801,0.09980586071428571,0.00047039,bybit,0.1186924664177751,-2.276179495623745e-05,BTCUSDT_231229,0.00013698630136986303,0.0002465753424657534,0.34782608695652173,0.21739130434782605,0.17391304347826086,0.26086956521739124,1.1102230246251565e-16,-0.0017712947023032011,129993.16180251692,-230.6647741288616
2023-12-10 00:00:00+00:00,0.0009304843790249,0.5371743384543649,0.11905231071428574,0.00051911,bybit,0.1255958693976567,0.0002099817970102,BTCUSDT_231229,0.00013698630136986303,0.0002465753424657534,0.34782608695652173,0.21739130434782605,0.17391304347826086,0.26086956521739124,1.1102230246251565e-16,0.0005373393163058487,130063.01223920434,69.85043668742583
2023-12-11 00:00:00+00:00,-0.0319179875992554,0.5507572055301264,0.11904892142857146,0.00029616500000000004,bybit,0.1316840955331365,0.0005501364735997,BTCUSDT_231229,0.00013698630136986303,0.0002465753424657534,0.34782608695652173,0.21739130434782605,0.17391304347826086,0.26086956521739124,1.1102230246251565e-16,-0.010877525123689124,128648.24855590971,-1414.76368329463
2023-12-12 00:00:00+00:00,0.0027210573860203,0.4863686345780994,0.12376446071428573,0.000240435,bybit,0.1151396819569886,0.0001258062020529,BTCUSDT_231229,0.00013698630136986303,0.0002465753424657534,0.34782608695652173,0.21739130434782605,0.17391304347826086,0.26086956521739124,1.1102230246251565e-16,0.0010849265630942838,128787.82245806357,139.57390215386113
2023-12-13 00:00:00+00:00,0.0167089422608543,0.5044296556621768,0.12896831785714288,0.0002498,bybit,0.1128517924245077,0.0,BTCUSDT_231229,0.00013698630136986303,0.0002465753424657534,0.34782608695652173,0.21739130434782605,0.17391304347826086,0.26086956521739124,1.1102230246251565e-16,0.005930434353983867,129551.59018474365,763.7677266800747
2023-12-14 00:00:00+00:00,0.0016859104180665,0.4813508617790988,0.1279504892857143,0.00016792,bybit,0.0994978781892364,-0.0008412187086406,BTCUSDT_240329,0.00013698630136986303,0.0002465753424657534,0.34782608695652173,0.21739130434782605,0.17391304347826086,0.26086956521739124,1.1102230246251565e-16,0.0005409330680332227,129621.66892389086,70.07873914721131
2023-12-15 00:00:00+00:00,-0.0118062773245891,0.4687016489578096,0.11158545357142857,0.00019617499999999998,bybit,0.1054702131589993,-0.0004002117295298,BTCUSDT_240329,0.00013698630136986303,0.0002465753424657534,0.34782608695652173,0.21739130434782605,0.17391304347826086,0.26086956521739124,1.1102230246251565e-16,-0.004069162541740759,129094.21728410786,-527.4516397830012
2023-12-16 00:00:00+00:00,0.0034987397270232,0.43985679784693,0.10056662499999999,0.00025907,bybit,0.1084204577503874,4.872507068094965e-05,BTCUSDT_240329,0.00013698630136986303,0.0002465753424657534,0.34782608695652173,0.21739130434782605,0.17391304347826086,0.26086956521739124,1.1102230246251565e-16,0.0013460704414653877,129267.98719415811,173.76991005025047
2023-12-17 00:00:00+00:00,-0.0093372629751785,0.4367652926311163,0.08321973928571427,0.00018643,bybit,0.1115104613738026,-0.000549249359209,BTCUSDT_240329,0.00013698630136986303,0.0002465753424657534,0.34782608695652173,0.21739130434782605,0.17391304347826086,0.26086956521739124,1.1102230246251565e-16,-0.0032384130079769337,128849.36406291356,-418.6231312445452
2023-12-18 00:00:00+00:00,0.013101737174576,0.4231201604209719,0.07665,0.00017017,bybit,0.1130292333728539,0.0002964287891076,BTCUSDT_240329,0.00013698630136986303,0.0002465753424657534,0.34782608695652173,0.21739130434782605,0.17391304347826086,0.26086956521739124,1.1102230246251565e-16,0.004709996287297083,129456.24408927048,606.8800263569137
2023-12-19 00:00:00+00:00,-0.0038217904610644,0.4264348208472661,0.07497777857142855,0.000208365,bybit,0.1130173953874935,-0.0018303533518671,BTCUSDT_240329,0.00013698630136986303,0.0002465753424657534,0.34782608695652173,0.21739130434782605,0.17391304347826086,0.26086956521739124,1.1102230246251565e-16,-0.0015380200017908294,129257.13779650447,-199.10629276600957
2023-12-20 00:00:00+00:00,0.01355487364075,0.4120479224151661,0.07204865357142858,0.000193625,bybit,0.1234418956452564,-0.0011304375902958,BTCUSDT_240329,0.00013698630136986303,0.0002465753424657534,0.34782608695652173,0.21739130434782605,0.17391304347826086,0.26086956521739124,1.1102230246251565e-16,0.004624557209548318,129854.89482498687,597.7570284824033
2023-12-21 00:00:00+00:00,0.0017931014800331,0.4075240054625239,0.08194641071428573,0.00035774000000000005,bybit,0.1324393960811069,-0.0006116940025261,BTCUSDT_240329,0.00013698630136986303,0.0002465753424657534,0.34782608695652173,0.21739130434782605,0.17391304347826086,0.26086956521739124,1.1102230246251565e-16,0.0006593994732589097,129940.52107423455,85.6262492476817
2023-12-22 00:00:00+00:00,0.0010030542937786,0.4145906292729344,0.09124191785714288,0.000374445,bybit,0.1380098870682181,0.0002208372072713,BTCUSDT_240329,0.00013698630136986303,0.0002465753424657534,0.34782608695652173,0.21739130434782605,0.17391304347826086,0.26086956521739124,1.1102230246251565e-16,0.0005330200101786313,130009.78197210019,69.26089786563534
2023-12-23 00:00:00+00:00,-0.0025326512163602,0.4167307244539384,0.09077914999999999,0.000206755,binance,0.1386120356711139,0.0007029400835106,BTCUSDT_240329,0.00013698630136986303,0.0002465753424657534,0.34782608695652173,0.21739130434782605,0.17391304347826086,0.26086956521739124,1.1102230246251565e-16,-0.0006494009713932469,129925.35349339689,-84.4284787032957
2023-12-24 00:00:00+00:00,-0.0067938592503772,0.4177001324699986,0.09612874642857142,0.000252595,binance,0.136937437245347,-0.0010289243222497,BTCUSDT_240329,0.00013698630136986303,0.0002465753424657534,0.34782608695652173,0.21739130434782605,0.17391304347826086,0.26086956521739124,1.1102230246251565e-16,-0.002422788879879212,129610.57179173872,-314.78170165816846
2023-12-25 00:00:00+00:00,0.0057543437921173,0.4238289167179322,0.10106719642857143,0.00028954,binance,0.1443227483052137,0.0001617858217332,BTCUSDT_240329,0.00013698630136986303,0.0002465753424657534,0.34782608695652173,0.21739130434782605,0.17391304347826086,0.26086956521739124,1.1102230246251565e-16,0.002156915029507205,129890.13078201932,279.558990280595
2023-12-26 00:00:00+00:00,-0.0112743538352805,0.4582485890357603,0.1184586642857143,0.000483535,binance,0.148231945216657,-0.0014359335791326,BTCUSDT_240329,0.00013698630136986303,0.0002465753424657534,0.34782608695652173,0.21739130434782605,0.17391304347826086,0.26086956521739124,1.1102230246251565e-16,-0.0040018016497382555,129370.33624237111,-519.79453964821
2023-12-27 00:00:00+00:00,0.0093241495435637,0.4326382942021355,0.13246527857142854,0.000489335,binance,0.1576847465291176,-0.0001863968306782,BTCUSDT_240329,0.00013698630136986303,0.0002465753424657534,0.34782608695652173,0.21739130434782605,0.17391304347826086,0.26086956521739124,1.1102230246251565e-16,0.003381466786112666,129807.79773748292,437.46149511181284
2023-12-28 00:00:00+00:00,-0.0087117669859683,0.4370145725472061,0.13952776785714285,0.000577225,bybit,0.1641474997182744,-0.0006121404687931,BTCUSDT_240329,0.00013698630136986303,0.0002465753424657534,0.34782608695652173,0.21739130434782605,0.17391304347826086,0.26086956521739124,1.1102230246251565e-16,-0.002946831335135838,129425.27605156513,-382.521685917789
2023-12-29 00:00:00+00:00,-0.0050225745213396,0.429315201451711,0.15840009285714288,0.00073638,bybit,0.1728797720128208,-0.0023768064953603,BTCUSDT_240329,0.00013698630136986303,0.0002465753424657534,0.34782608695652173,0.21739130434782605,0.17391304347826086,0.26086956521739124,1.1102230246251565e-16,-0.0019359334824940642,129174.71732617587,-250.55872538925905
2023-12-30 00:00:00+00:00,0.0006877454206207,0.4106219261029541,0.17538432499999998,0.00050204,bybit,0.1937414749023976,-0.0012304142260089,BTCUSDT_240329,0.00013698630136986303,0.0002465753424657534,0.34782608695652173,0.21739130434782605,0.17391304347826086,0.26086956521739124,1.1102230246251565e-16,0.00019869384850976178,129200.38354789156,25.666221715684514
2023-12-31 00:00:00+00:00,0.0013625800680246,0.4037330900743492,0.1924665857142857,0.00055359,bybit,0.2053123328118905,-0.0022742870873279,BTCUSDT_240329,0.00013698630136986303,0.0002465753424657534,0.34782608695652173,0.21739130434782605,0.17391304347826086,0.26086956521739124,1.1102230246251565e-16,0.0002630823586817269,129234.37388953794,33.99034164637851
2024-01-01 00:00:00+00:00,0.0197064141276881,0.4407264109371365,0.21640406785714286,0.000652615,bybit,0.2167909005822412,0.0001647821220451,BTCUSDT_240329,0.00013698630136986303,0.0002465753424657534,0.34782608695652173,0.21739130434782605,0.17391304347826086,0.26086956521739124,1.1102230246251565e-16,0.007089259502803466,130150.54990272319,916.1760131852498
2024-01-02 00:00:00+00:00,0.0078308090680839,0.4518031551359449,0.23800424642857138,0.000866765,bybit,0.2141799772424739,0.0079295773613803,BTCUSDT_240329,0.00013698630136986303,0.0002465753424657534,0.34782608695652173,0.21739130434782605,0.17391304347826086,0.26086956521739124,1.1102230246251565e-16,0.004355567784564649,130717.42944502285,566.8795422996627
2024-01-03 00:00:00+00:00,-0.0223980102501861,0.4781623299950944,0.22653229642857145,0.00045584,bybit,0.1566878311259079,-0.0006211893365959,BTCUSDT_240329,0.00013698630136986303,0.0002465753424657534,0.34782608695652173,0.21739130434782605,0.17391304347826086,0.26086956521739124,1.1102230246251565e-16,-0.0077352255344816465,129706.3006469779,-1011.1287980449415
2024-01-04 00:00:00+00:00,0.0126249584911708,0.4172205846949895,0.20425556428571434,0.00015000000000000001,bybit,0.1590194208737987,0.0,BTCUSDT_240329,0.00013698630136986303,0.0002465753424657534,0.34782608695652173,0.21739130434782605,0.17391304347826086,0.26086956521739124,1.1102230246251565e-16,0.004488222608006996,130288.45139794261,582.1507509647054
2024-01-05 00:00:00+00:00,-6.244406604402782e-05,0.4207907157104137,0.17368003571428575,0.00015000000000000001,bybit,0.1287659008470667,-0.0005,BTCUSDT_240628,0.00013698630136986303,0.0002465753424657534,0.34782608695652173,0.21739130434782605,0.17391304347826086,0.26086956521739124,1.1102230246251565e-16,-1.1743498850334885e-05,130286.9213556634,-1.5300422792061
2024-01-06 00:00:00+00:00,-0.0016604040883556,0.410906963996818,0.1553236642857143,0.00015000000000000001,bybit,0.1282901235439352,-0.0013358290696574,BTCUSDT_240329,0.00013698630136986303,0.0002465753424657534,0.34782608695652173,0.21739130434782605,0.17391304347826086,0.26086956521739124,1.1102230246251565e-16,-0.000712917257855647,130194.03756095607,-92.88379470733344
2024-01-07 00:00:00+00:00,-0.0003737486342343,0.4136095688618117,0.1342793285714286,0.00015000000000000001,bybit,0.1374183826101466,-0.0010025263481862,BTCUSDT_240329,0.00013698630136986303,0.0002465753424657534,0.34782608695652173,0.21739130434782605,0.17391304347826086,0.26086956521739124,1.1102230246251565e-16,-0.0002074192352967252,130167.03281324498,-27.004747711092932
2024-01-08 00:00:00+00:00,0.0295611328134141,0.4300686770174089,0.10807154642857146,0.00015000000000000001,bybit,0.1386142923604076,0.0006332128106214,BTCUSDT_240329,0.00013698630136986303,0.0002465753424657534,0.34782608695652173,0.21739130434782605,0.17391304347826086,0.26086956521739124,1.1102230246251565e-16,0.010489189817590996,131532.3795284157,1365.34671517073
2024-01-09 00:00:00+00:00,-0.0076667488643377,0.427806677123863,0.07069737142857141,0.00015000000000000001,bybit,0.1370234222511388,0.0009291910648449,BTCUSDT_240329,0.00013698630136986303,0.0002465753424657534,0.34782608695652173,0.21739130434782605,0.17391304347826086,0.26086956521739124,1.1102230246251565e-16,-0.002408164113066412,131215.62797232912,-316.7515560865868
2024-01-10 00:00:00+00:00,0.0047653785581871,0.4066196216964431,0.05474999999999999,0.00015000000000000001,binance,0.1286538855220657,0.0,BTCUSDT_240329,0.00013698630136986303,0.0002465753424657534,0.4,0.0,0.2,0.3,0.09999999999999987,0.0019938226561515525,131477.24866422152,261.6206918923999
2024-01-11 00:00:00+00:00,-0.0026306772101735,0.3850370670677218,0.05474999999999999,0.00015000000000000001,binance,0.1202964296926954,0.0025413801199675,BTCUSDT_240628,0.00013698630136986303,0.0002465753424657534,0.4,0.0,0.2,0.3,0.09999999999999987,-0.00045632362719918773,131417.2524892169,-59.996175004635006
2024-01-12 00:00:00+00:00,-0.027662856028157,0.359947924422176,0.05474999999999999,0.00015000000000000001,binance,0.1167578725274025,0.0017069971925587,BTCUSDT_240628,0.00013698630136986303,0.0002465753424657534,0.4,0.0,0.2,0.3,0.09999999999999987,-0.01063607173987435,130019.4891638844,-1397.7633253324893
2024-01-13 00:00:00+00:00,0.0003684668231765,0.3002558862627681,0.05474999999999999,0.00015000000000000001,binance,0.1098277679255528,0.0020743096700685,BTCUSDT_240628,0.00013698630136986303,0.0002465753424657534,0.4,0.0,0.2,0.3,0.09999999999999987,0.0006499198961610124,130103.99141678069,84.50225289628725
2024-01-14 00:00:00+00:00,-0.0079477407099679,0.3049742360921461,0.05474999999999999,0.00015000000000000001,binance,0.1040772939995222,-0.0014946438434451,BTCUSDT_240628,0.00013698630136986303,0.0002465753424657534,0.4,0.0,0.2,0.3,0.09999999999999987,-0.003390353819799468,129662.89285250964,-441.09856427104387
2024-01-15 00:00:00+00:00,0.0054935347676143,0.2951797568096052,0.05474999999999999,0.00015000000000000001,binance,0.1092814760750899,-0.000361670246124,BTCUSDT_240628,0.00013698630136986303,0.0002465753424657534,0.4,0.0,0.2,0.3,0.09999999999999987,0.0022127510906976323,129949.80456009206,286.9117075824179
2024-01-16 00:00:00+00:00,0.004450163048018,0.3025461543322797,0.05474999999999999,0.00015000000000000001,binance,0.1099366230611445,-0.0004004594562328,BTCUSDT_240628,0.00013698630136986303,0.0002465753424657534,0.4,0.0,0.2,0.3,0.09999999999999987,0.0017876445608373524,130182.10862139579,232.30406130373012
2024-01-17 00:00:00+00:00,-0.0025853970669198,0.3073577125030952,0.05474999999999999,0.00015000000000000001,binance,0.1133553980024079,0.00330090868499,BTCUSDT_240628,0.00013698630136986303,0.0002465753424657534,0.4,0.0,0.2,0.3,0.09999999999999987,-0.00028630585689320764,130144.83672123478,-37.2719001610094
2024-01-18 00:00:00+00:00,-0.0104532099813464,0.3086197553344856,0.05474999999999999,0.00015000000000000001,binance,0.1026571103598103,-0.0004908354001572,BTCUSDT_240628,0.00013698630136986303,0.0002465753424657534,0.4,0.0,0.2,0.3,0.09999999999999987,-0.004191779839693288,129599.29821842653,-545.5385028082528
2024-01-19 00:00:00+00:00,0.0023480981594772,0.29521341247436,0.05474999999999999,0.00015000000000000001,binance,0.1046805100674876,-0.0003215389316554,BTCUSDT_240628,0.00013698630136986303,0.0002465753424657534,0.4,0.0,0.2,0.3,0.09999999999999987,0.0009626027103365123,129724.05085414929,124.75263572276162
2024-01-20 00:00:00+00:00,0.0002548357652363,0.2921014312225168,0.05474999999999999,0.00015000000000000001,binance,0.1067069858432599,-0.0003466756075636,BTCUSDT_240628,0.00013698630136986303,0.0002465753424657534,0.4,0.0,0.2,0.3,0.09999999999999987,0.00012027041745851231,129739.65281989991,15.601965750625823
2024-01-21 00:00:00+00:00,-0.0008263078692595,0.2957743313640468,0.05474999999999999,0.00015000000000000001,binance,0.1092729959744041,0.0038598779759563,BTCUSDT_240628,0.00013698630136986303,0.0002465753424657534,0.4,0.0,0.2,0.3,0.09999999999999987,0.0005291236803641723,129808.30114248916,68.64832258924434
2024-01-22 00:00:00+00:00,-0.0148332649741365,0.3061770935758023,0.05474999999999999,0.00015000000000000001,binance,0.0968164873769466,-0.0012386265473985,BTCUSDT_240628,0.00013698630136986303,0.0002465753424657534,0.4,0.0,0.2,0.3,0.09999999999999987,-0.006093360066257588,129017.33242403876,-790.9687184504
2024-01-23 00:00:00+00:00,0.0023696973893444,0.2878046987766791,0.05474999999999999,0.00015000000000000001,binance,0.1023399360962792,-0.0013888053416746,BTCUSDT_240628,0.00013698630136986303,0.0002465753424657534,0.4,0.0,0.2,0.3,0.09999999999999987,0.0007577891202795523,129115.10035487718,97.76793083842495
2024-01-24 00:00:00+00:00,0.0014310193058426,0.312870080825786,0.05474999999999999,0.00015000000000000001,binance,0.108983288743338,-0.0003516288435939,BTCUSDT_240628,0.00013698630136986303,0.0002465753424657534,0.4,0.0,0.2,0.3,0.09999999999999987,0.0005897531864949722,129191.2463967361,76.14604185891221
2024-01-25 00:00:00+00:00,-0.0010115839613646,0.3227605815997286,0.05474999999999999,0.00015000000000000001,binance,0.1116873777676915,0.0040078986834444,BTCUSDT_240628,0.00013698630136986303,0.0002465753424657534,0.4,0.0,0.2,0.3,0.09999999999999987,0.00048461738501975237,129253.85472073231,62.60832399621722
2024-01-26 00:00:00+00:00,0.0154413409684557,0.331602326437081,0.05474999999999999,0.00015000000000000001,binance,0.0892543654072993,-0.0005604503304481,BTCUSDT_240628,0.00013698630136986303,0.0002465753424657534,0.4,0.0,0.2,0.3,0.09999999999999987,0.006152117554169373,130049.0396293038,795.184908571493
2024-01-27 00:00:00+00:00,0.0023631407147106,0.3329213376010244,0.05474999999999999,0.00015000000000000001,bybit,0.0918591909347998,-0.0003818793783473,BTCUSDT_240628,0.00013698630136986303,0.0002465753424657534,0.4,0.0,0.2,0.3,0.09999999999999987,0.0009565516430914922,130173.43825184366,124.39862253985484
2024-01-28 00:00:00+00:00,-0.0007197158825131,0.3361627066382813,0.0526619392857143,0.000123625,binance,0.0944985058292856,-0.0004016077634016,BTCUSDT_240628,0.00013698630136986303,0.0002465753424657534,0.4,0.0,0.2,0.3,0.09999999999999987,-0.0002805366728088477,130136.91982858842,-36.51842325524194
2024-01-29 00:00:00+00:00,0.0109037227787968,0.3616610105463553,0.052438246428571436,0.00014571,binance,0.094215405897407,5.8887782978873666e-05,BTCUSDT_240628,0.00013698630136986303,0.0002465753424657534,0.4,0.0,0.2,0.3,0.09999999999999987,0.004460937900991208,130717.45254657001,580.532717981594
2024-01-30 00:00:00+00:00,-0.0033066174854506,0.390751916080274,0.05104107857142858,0.000123205,binance,0.0953531698070149,0.0004191788286747,BTCUSDT_240628,0.00013698630136986303,0.0002465753424657534,0.4,0.0,0.2,0.3,0.09999999999999987,-0.0011511399955685877,130566.97845882481,-150.47408774519863
2024-01-31 00:00:00+00:00,-0.0035123187341223,0.4136004399626072,0.04899551428571429,0.00011077,binance,0.0947360830462042,0.0011852982620949,BTCUSDT_240628,0.00013698630136986303,0.0002465753424657534,0.4,0.0,0.2,0.3,0.09999999999999987,-0.0010801966083532274,130425.94045153067,-141.03800729414797
2024-02-01 00:00:00+00:00,0.0051104106927307,0.4354308588518107,0.0489955142857143,0.00015000000000000001,binance,0.0884846386615761,-0.0001617809740932,BTCUSDT_240628,0.00013698630136986303,0.0002465753424657534,0.4,0.0,0.2,0.3,0.09999999999999987,0.002099479315150353,130699.76701566768,273.826564137009
2024-02-02 00:00:00+00:00,0.0012608945283651,0.4993475035332091,0.0489955142857143,0.00015000000000000001,binance,0.0896464002267572,0.0001526620370369,BTCUSDT_240628,0.00013698630136986303,0.0002465753424657534,0.4,0.0,0.2,0.3,0.09999999999999987,0.0006225614516301323,130781.13565234868,81.36863668099977
2024-02-03 00:00:00+00:00,-0.0021811430602518,0.4984905484966943,0.04832573928571429,0.000123485,binance,0.0898901887861945,0.000192857237517,BTCUSDT_240628,0.00013698630136986303,0.0002465753424657534,0.4,0.0,0.2,0.3,0.09999999999999987,-0.0007462145437206077,130683.5448668806,-97.59078546806995
2024-02-04 00:00:00+00:00,-0.0051231973447336,0.5124854572767579,0.04895875357142858,0.000135765,binance,0.0904395834907008,-0.000146537763533,BTCUSDT_240628,0.00013698630136986303,0.0002465753424657534,0.4,0.0,0.2,0.3,0.09999999999999987,-0.0019909152577233273,130423.36500347176,-260.1798634088482
2024-02-05 00:00:00+00:00,0.0015294904097842,0.5229653865701844,0.04918244642857144,0.00015000000000000001,binance,0.0915400271035072,-0.0002522905169204,BTCUSDT_240628,0.00013698630136986303,0.0002465753424657534,0.4,0.0,0.2,0.3,0.09999999999999987,0.0006490092934063122,130508.01097943634,84.64597596458043
2024-02-06 00:00:00+00:00,0.0048245695716824,0.528986020924507,0.04972525357142857,0.00013361500000000001,binance,0.0926217541181481,-0.0007476980297663,BTCUSDT_240628,0.00013698630136986303,0.0002465753424657534,0.4,0.0,0.2,0.3,0.09999999999999987,0.0018679594555964126,130751.79465257644,243.78367314010393
2024-02-07 00:00:00+00:00,0.0155831193829053,0.5374512002887373,0.04947809642857143,0.00010602999999999999,binance,0.0943791163017937,-0.0003985379800494,BTCUSDT_240628,0.00013698630136986303,0.0002465753424657534,0.4,0.0,0.2,0.3,0.09999999999999987,0.006241211390028953,131567.84424262884,816.0495900523965
2024-02-08 00:00:00+00:00,0.0119696207699317,0.5674266458997639,0.04684331785714286,8.322e-05,bybit,0.0950982325014299,-0.0008509858430313,BTCUSDT_240628,0.00013698630136986303,0.0002465753424657534,0.4,0.0,0.2,0.3,0.09999999999999987,0.004705322372243133,132186.91336361147,619.0691209826327
2024-02-09 00:00:00+00:00,0.0241785894202303,0.5947958625563526,0.04480766071428571,0.000114805,binance,0.0962937781929643,0.0,BTCUSDT_240628,0.00013698630136986303,0.0002465753424657534,0.4,0.0,0.2,0.3,0.09999999999999987,0.009759107000968832,133476.93959525475,1290.0262316432782
2024-02-10 00:00:00+00:00,0.0072875866231782,0.5595428026171052,0.04595063214285715,0.00015000000000000001,bybit,0.0962816808649465,-0.0014308688032042,BTCUSDT_240329,0.00013698630136986303,0.0002465753424657534,0.4,0.0,0.2,0.3,0.09999999999999987,0.0027165321215071527,133839.53398914574,362.59439389099134
2024-02-11 00:00:00+00:00,0.0062617152904822,0.546442133753258,0.04642174285714286,0.00015000000000000001,binance,0.1115066307246893,-0.0006958593573207,BTCUSDT_240329,0.00013698630136986303,0.0002465753424657534,0.4,0.0,0.2,0.3,0.09999999999999987,0.0024531854776054527,134167.8671902574,328.3332011116727
2024-02-12 00:00:00+00:00,0.0193222644044583,0.57849436147763,0.04673355714285716,0.00015000000000000001,bybit,0.1209246253633876,0.0,BTCUSDT_240329,0.00013698630136986303,0.0002465753424657534,0.4,0.0,0.2,0.3,0.09999999999999987,0.007816576994660032,135216.60065435938,1048.7334641019697
2024-02-13 00:00:00+00:00,-0.0025151036667651,0.575836567984052,0.047276103571428585,0.00015000000000000001,binance,0.1086395886707696,-0.0005,BTCUSDT_240628,0.00013698630136986303,0.0002465753424657534,0.4,0.0,0.2,0.3,0.09999999999999987,-0.0010183702338293276,135078.9000931334,-137.70056122599635
2024-02-14 00:00:00+00:00,0.0232861846130628,0.5530739771708362,0.050164035714285723,0.00016141499999999999,binance,0.1192911116826322,-0.0005,BTCUSDT_240329,0.00013698630136986303,0.0002465753424657534,0.4,0.0,0.2,0.3,0.09999999999999987,0.009302145078101834,136335.42361879014,1256.523525656754
2024-02-15 00:00:00+00:00,0.0008554887255687,0.5370326449310195,0.053148171428571436,0.000177915,bybit,0.1282397524712597,-0.000921067848882,BTCUSDT_240628,0.00013698630136986303,0.0002465753424657534,0.4,0.0,0.2,0.3,0.09999999999999987,0.00024565315332779233,136368.91484551236,33.49122672222438
2024-02-16 00:00:00+00:00,0.0025838198233245,0.5547939864426225,0.05650617142857142,0.00015000000000000001,bybit,0.1308991679969011,0.0,BTCUSDT_240628,0.00013698630136986303,0.0002465753424657534,0.4,0.0,0.2,0.3,0.09999999999999987,0.0011211991622065124,136521.81155858815,152.896713075781
2024-02-17 00:00:00+00:00,-0.0051155929878177,0.5536262504725245,0.056920185714285726,0.00018020500000000001,binance,0.1383496556995268,-0.0003254349506531,BTCUSDT_240329,0.00013698630136986303,0.0002465753424657534,0.4,0.0,0.2,0.3,0.09999999999999987,-0.002023652952380988,136245.53879156322,-276.27276702492964
2024-02-18 00:00:00+00:00,0.0051859083670322,0.5427132900986256,0.062040614285714286,0.0002482,binance,0.1373064091663473,6.866436494000876e-05,BTCUSDT_240329,0.00013698630136986303,0.0002465753424657534,0.4,0.0,0.2,0.3,0.09999999999999987,0.002175767452677594,136541.97740043845,296.43860887523624
2024-02-19 00:00:00+00:00,-0.0038712375618874,0.5537412477720048,0.068815275,0.000279925,binance,0.1405200161823316,0.0,BTCUSDT_240329,0.00013698630136986303,0.0002465753424657534,0.34782608695652173,0.21739130434782605,0.17391304347826086,0.26086956521739124,1.1102230246251565e-16,-0.0012213401495784642,136375.21320133648,-166.76419910197728
2024-02-20 00:00:00+00:00,0.0052043646839235,0.5571710705784106,0.07184790357142856,0.00020815999999999999,binance,0.138513349249878,0.0002211222909357,BTCUSDT_240628,0.00013698630136986303,0.0002465753424657534,0.34782608695652173,0.21739130434782605,0.17391304347826086,0.26086956521739124,1.1102230246251565e-16,0.0019582460299967528,136642.26942117795,267.05621984147
2024-02-21 00:00:00+00:00,-0.0043082468922159,0.5481732556771405,0.07157649999999999,0.00015621,binance,0.1365526778015134,0.0002519798207848,BTCUSDT_240628,0.00013698630136986303,0.0002465753424657534,0.34782608695652173,0.21739130434782605,0.17391304347826086,0.26086956521739124,1.1102230246251565e-16,-0.0013564153825997166,136456.92574502173,-185.34367615621886
2024-02-22 00:00:00+00:00,-0.0058337137794048,0.5377546031509252,0.07315043214285713,0.00018018500000000002,binance,0.1376689788737655,0.0002167155860913,BTCUSDT_240628,0.00013698630136986303,0.0002465753424657534,0.34782608695652173,0.21739130434782605,0.17391304347826086,0.26086956521739124,1.1102230246251565e-16,-0.0018879335146121164,136199.30414160676,-257.6216034149693
2024-02-23 00:00:00+00:00,-0.005624367753184,0.5287273723579017,0.07393022857142856,0.000164955,binance,0.1389808730630281,-0.0007609744177407,BTCUSDT_240628,0.00013698630136986303,0.0002465753424657534,0.34782608695652173,0.21739130434782605,0.17391304347826086,0.26086956521739124,1.1102230246251565e-16,-0.0019884614192017514,135928.47707999908,-270.827061607677
2024-02-24 00:00:00+00:00,0.0083288831266846,0.5142122968511367,0.07235525357142855,0.00015000000000000001,binance,0.142227084820845,0.0,BTCUSDT_240628,0.00013698630136986303,0.0002465753424657534,0.34782608695652173,0.21739130434782605,0.17391304347826086,0.26086956521739124,1.1102230246251565e-16,0.002993935524707449,136335.43817634825,406.9610963491723
2024-02-25 00:00:00+00:00,0.0016093671431642,0.518946791179182,0.07023616785714284,0.00020755999999999997,binance,0.1583435900504621,-0.0014045242645061,BTCUSDT_240329,0.00013698630136986303,0.0002465753424657534,0.34782608695652173,0.21739130434782605,0.17391304347826086,0.26086956521739124,1.1102230246251565e-16,0.00042496052791668346,136393.37535612943,57.93717978117638
2024-02-26 00:00:00+00:00,0.0282039186041705,0.5313390613380512,0.07533834642857143,0.000377775,binance,0.1746496296933331,-0.0006987420440421,BTCUSDT_240329,0.00013698630136986303,0.0002465753424657534,0.34782608695652173,0.21739130434782605,0.17391304347826086,0.26086956521739124,1.1102230246251565e-16,0.009834987291825657,137734.80246944618,1341.4271133167495
2024-02-27 00:00:00+00:00,0.0237875799544569,0.5068074441964924,0.09805073214285714,0.0006437400000000001,binance,0.1879045800409848,0.0001232525920738,BTCUSDT_240329,0.00013698630136986303,0.0002465753424657534,0.34782608695652173,0.21739130434782605,0.17391304347826086,0.26086956521739124,1.1102230246251565e-16,0.008499643567771518,138905.4991973139,1170.696727867733
2024-02-28 00:00:00+00:00,0.0480120543905942,0.5076315494163304,0.11700648571428571,0.0005197450000000001,binance,0.174650006433657,-0.0007217441027932,BTCUSDT_240329,0.00013698630136986303,0.0002465753424657534,0.34782608695652173,0.21739130434782605,0.17391304347826086,0.26086956521739124,1.1102230246251565e-16,0.016751636337755445,141232.39360518169,2326.894407867774
2024-02-29 00:00:00+00:00,-0.0099406615837684,0.4746095095960397,0.16039507857142857,0.001012295,binance,0.20307260878538,0.0003584107436196,BTCUSDT_240329,0.00013698630136986303,0.0002465753424657534,0.34782608695652173,0.21739130434782605,0.17391304347826086,0.26086956521739124,1.1102230246251565e-16,-0.003110900984385838,140793.03361288816,-439.35999229352456
2024-03-01 00:00:00+00:00,0.0094532350182619,0.4607726149859751,0.19459166785714282,0.00082078,binance,0.1969317882840376,-0.0005218960727961,BTCUSDT_240329,0.00013698630136986303,0.0002465753424657534,0.34782608695652173,0.21739130434782605,0.17391304347826086,0.26086956521739124,1.1102230246251565e-16,0.003440071648248057,141277.3717360907,484.33812320252764
2024-03-02 00:00:00+00:00,-0.002952943106019,0.4595779562385952,0.22509419642857148,0.0007349800000000001,binance,0.219747174414326,-0.0011866144150863,BTCUSDT_240329,0.00013698630136986303,0.0002465753424657534,0.34782608695652173,0.21739130434782605,0.17391304347826086,0.26086956521739124,1.1102230246251565e-16,-0.001009376106682725,141134.76973264536,-142.60200344532495
2024-03-03 00:00:00+00:00,0.0083298642972523,0.4583839809336174,0.24916907500000002,0.00066927,binance,0.256846981616077,-0.0021315407666479,BTCUSDT_240329,0.00013698630136986303,0.0002465753424657534,0.34782608695652173,0.21739130434782605,0.17391304347826086,0.26086956521739124,1.1102230246251565e-16,0.002736458842009623,141520.97922119524,386.2094885498809
2024-03-04 00:00:00+00:00,0.0385716845561405,0.4746840814237885,0.2726252785714286,0.00082762,binance,0.3045954683451883,0.0006813615097563,BTCUSDT_240329,0.00013698630136986303,0.0002465753424657534,0.34782608695652173,0.21739130434782605,0.17391304347826086,0.26086956521739124,1.1102230246251565e-16,0.01377897715404103,143470.9935607016,1950.0143395063642
2024-03-05 00:00:00+00:00,-0.0309576367265741,0.4670691031987346,0.29643605357142855,0.001100385,binance,0.3176055291665838,0.0014894699815657,BTCUSDT_240329,0.00013698630136986303,0.0002465753424657534,0.34782608695652173,0.21739130434782605,0.17391304347826086,0.26086956521739124,1.1102230246251565e-16,-0.01020529725354502,142006.82942415323,-1464.164136548381
2024-03-06 00:00:00+00:00,0.0137734683931355,0.3771425711420392,0.30049302857142857,0.00059755,binance,0.2740340855566708,-0.0011454574292717,BTCUSDT_240329,0.00013698630136986303,0.0002465753424657534,0.34782608695652173,0.21739130434782605,0.17391304347826086,0.26086956521739124,1.1102230246251565e-16,0.00478578780359964,142686.4439764392,679.6145522859588
2024-03-07 00:00:00+00:00,0.0041556023322022,0.3677686089836758,0.2804318464285715,0.00062756,binance,0.3208607066299694,0.0010499352245636,BTCUSDT_240329,0.00013698630136986303,0.0002465753424657534,0.34782608695652173,0.21739130434782605,0.17391304347826086,0.26086956521739124,1.1102230246251565e-16,0.0018287744178550661,142947.38529495802,260.9413185188314
2024-03-08 00:00:00+00:00,0.0070558907731605,0.3627892667201002,0.27963744999999995,0.00074508,bybit,0.2939195453535793,-0.0006761181307256,BTCUSDT_240329,0.00013698630136986303,0.0002465753424657534,0.34782608695652173,0.21739130434782605,0.17391304347826086,0.26086956521739124,1.1102230246251565e-16,0.0025629350311815705,143313.7501563463,366.3648613882833
2024-03-09 00:00:00+00:00,0.0009749030288374,0.3552988172733392,0.2747274178571429,0.00038804499999999995,bybit,0.3323713313679731,-0.0008753057788041,BTCUSDT_240329,0.00013698630136986303,0.0002465753424657534,0.34782608695652173,0.21739130434782605,0.17391304347826086,0.26086956521739124,1.1102230246251565e-16,0.0003355512247946661,143361.83926074117,48.08910439486499
2024-03-10 00:00:00+00:00,0.0033752181493277,0.3594710973850497,0.27835004285714277,0.00078799,bybit,0.3799208848812957,-0.0010193474436116,BTCUSDT_240329,0.00013698630136986303,0.0002465753424657534,0.34782608695652173,0.21739130434782605,0.17391304347826086,0.26086956521739124,1.1102230246251565e-16,0.0012323372815204227,143538.50940000953,176.6701392683608
2024-03-11 00:00:00+00:00,0.0161599885401747,0.3569842777982264,0.2777574392857143,0.000970655,bybit,0.4232056770518489,0.0023135321269565,BTCUSDT_240329,0.00013698630136986303,0.0002465753424657534,0.34782608695652173,0.21739130434782605,0.17391304347826086,0.26086956521739124,1.1102230246251565e-16,0.006298554951479049,144442.59458911887,904.085189109348
2024-03-12 00:00:00+00:00,-0.0030687558971418,0.3525164913941433,0.24448247499999998,0.000786335,bybit,0.3518102569822763,0.0020517267463855,BTCUSDT_240329,0.00013698630136986303,0.0002465753424657534,0.34782608695652173,0.21739130434782605,0.17391304347826086,0.26086956521739124,1.1102230246251565e-16,-0.00047530491899121214,144373.94031339884,-68.65427572003682
2024-03-13 00:00:00+00:00,0.0075870579366703,0.3356679422456865,0.260286975,0.000804515,bybit,0.2739751142052098,-0.0003590274359364,BTCUSDT_240329,0.00013698630136986303,0.0002465753424657534,0.34782608695652173,0.21739130434782605,0.17391304347826086,0.26086956521739124,1.1102230246251565e-16,0.0028157556871483184,144780.4620569123,406.5217435134691
2024-03-14 00:00:00+00:00,-0.0077724814851938,0.337266892256669,0.2668163035714286,0.000634405,bybit,0.3170163333423909,0.0012173454319394,BTCUSDT_240329,0.00013698630136986303,0.0002465753424657534,0.34782608695652173,0.21739130434782605,0.17391304347826086,0.26086956521739124,1.1102230246251565e-16,-0.002289521439086882,144448.9840850721,-331.4779718402133
2024-03-15 00:00:00+00:00,-0.0082532050001194,0.3103646590096386,0.2464620785714285,0.00035472500000000007,bybit,0.2836915167031706,0.0,BTCUSDT_240329,0.00013698630136986303,0.0002465753424657534,0.34782608695652173,0.21739130434782605,0.17391304347826086,0.26086956521739124,1.1102230246251565e-16,-0.0027292418672243777,144054.7478700291,-394.2362150429981
2024-03-16 00:00:00+00:00,-0.016965054545263,0.2800297040665028,0.23404973214285707,0.00015000000000000001,bybit,0.2183126319584693,-0.0065837851028389,BTCUSDT_240628,0.00013698630136986303,0.0002465753424657534,0.34782608695652173,0.21739130434782605,0.17391304347826086,0.26086956521739124,1.1102230246251565e-16,-0.006948961944289786,143053.716909186,-1001.0309608430834
2024-03-17 00:00:00+00:00,0.0117222315702932,0.2484950626362005,0.20321792142857148,0.00019669499999999999,bybit,0.2516321447344461,0.004928905503858,BTCUSDT_240628,0.00013698630136986303,0.0002465753424657534,0.34782608695652173,0.21739130434782605,0.17391304347826086,0.26086956521739124,1.1102230246251565e-16,0.005041582679677048,143774.9340506188,721.217141432775
2024-03-18 00:00:00+00:00,-0.0029843879403988,0.2591253420132479,0.16662093571428574,0.000268795,bybit,0.2213594368779744,0.0044868369304595,BTCUSDT_240628,0.00013698630136986303,0.0002465753424657534,0.34782608695652173,0.21739130434782605,0.17391304347826086,0.26086956521739124,1.1102230246251565e-16,-0.0001349708150677338,143755.52863058366,-19.405420035123825
2024-03-19 00:00:00+00:00,-0.0216884456937223,0.2584870157403799,0.15128780714285717,0.00040003,binance,0.2086255279084563,-0.0071046734283325,BTCUSDT_240628,0.00013698630136986303,0.0002465753424657534,0.34782608695652173,0.21739130434782605,0.17391304347826086,0.26086956521739124,1.1102230246251565e-16,-0.008628115530796256,142515.1893213683,-1240.339309215371
2024-03-20 00:00:00+00:00,0.0227443992930293,0.2389493212510147,0.12552636785714288,0.000221175,binance,0.2397279811133496,0.0029993878288945,BTCUSDT_240628,0.00013698630136986303,0.0002465753424657534,0.34782608695652173,0.21739130434782605,0.17391304347826086,0.26086956521739124,1.1102230246251565e-16,0.008545133596287257,143733.00065361953,1217.8113322512363
2024-03-21 00:00:00+00:00,-0.0086162915397364,0.2494260906514462,0.11192047142857144,0.000246085,binance,0.227890785302115,0.0032241359595012,BTCUSDT_240628,0.00013698630136986303,0.0002465753424657534,0.34782608695652173,0.21739130434782605,0.17391304347826086,0.26086956521739124,1.1102230246251565e-16,-0.002318430931525733,143399.76561902318,-333.2350345963496
2024-03-22 00:00:00+00:00,-0.0061867218020263,0.2370124118296103,0.10412902500000001,0.00019131999999999998,binance,0.2117092814970589,8.911127607976392e-05,BTCUSDT_240628,0.00013698630136986303,0.0002465753424657534,0.34782608695652173,0.21739130434782605,0.17391304347826086,0.26086956521739124,1.1102230246251565e-16,-0.0020304903155259485,143108.59378368506,-291.17183533811476
2024-03-23 00:00:00+00:00,0.0006497056938562,0.2218530171433982,0.09807810714285714,0.00015403000000000001,binance,0.2125768916535628,-0.0027115170008568,BTCUSDT_240628,0.00013698630136986303,0.0002465753424657534,0.34782608695652173,0.21739130434782605,0.17391304347826086,0.26086956521739124,1.1102230246251565e-16,-0.0001477747999036121,143087.4459398742,-21.1478438108752
2024-03-24 00:00:00+00:00,0.0110613413279581,0.2198786489210768,0.09420962857142857,0.000204255,binance,0.2241317427290196,-0.0028699602544206,BTCUSDT_240628,0.00013698630136986303,0.0002465753424657534,0.34782608695652173,0.21739130434782605,0.17391304347826086,0.26086956521739124,1.1102230246251565e-16,0.003457026811338127,143582.10307685423,494.65713698003674
2024-03-25 00:00:00+00:00,0.0093901924723008,0.2370179397569881,0.092310325,0.00035344,binance,0.2390478599259687,-0.0001367343822645,BTCUSDT_240628,0.00013698630136986303,0.0002465753424657534,0.34782608695652173,0.21739130434782605,0.17391304347826086,0.26086956521739124,1.1102230246251565e-16,0.0033835327958323005,144067.91783150932,485.8147546550899
2024-03-26 00:00:00+00:00,0.0003674034433703,0.2618095341627702,0.08893902857142859,0.000335375,binance,0.2422783875412073,0.0009600931588272,BTCUSDT_240628,0.00013698630136986303,0.0002465753424657534,0.34782608695652173,0.21739130434782605,0.17391304347826086,0.26086956521739124,1.1102230246251565e-16,0.0004319968363941617,144130.15471623844,62.23688472912181
2024-03-27 00:00:00+00:00,-0.0020155077293254,0.2705438327867855,0.10398328571428572,0.000509695,binance,0.2391171206227984,-0.0010845690347731,BTCUSDT_240628,0.00013698630136986303,0.0002465753424657534,0.34782608695652173,0.21739130434782605,0.17391304347826086,0.26086956521739124,1.1102230246251565e-16,-0.000714539605169612,144027.16801239442,-102.98670384401339
2024-03-28 00:00:00+00:00,0.0049979835883089,0.2653363796096449,0.1199757607142857,0.000689185,bybit,0.2456869476271376,-0.0001777323164822,BTCUSDT_240628,0.00013698630136986303,0.0002465753424657534,0.34782608695652173,0.21739130434782605,0.17391304347826086,0.26086956521739124,1.1102230246251565e-16,0.0019216659345798659,144303.94011481784,276.7721024234197
2024-03-29 00:00:00+00:00,-0.0036213539077644,0.2745455714839265,0.1418601178571429,0.0005697,bybit,0.2531388235006275,-0.0011163836385517,BTCUSDT_240628,0.00013698630136986303,0.0002465753424657534,0.34782608695652173,0.21739130434782605,0.17391304347826086,0.26086956521739124,1.1102230246251565e-16,-0.001265583207022934,144121.31147150128,-182.628643316566
2024-03-30 00:00:00+00:00,-0.0010368594437023,0.2668928911318893,0.1613487714285714,0.000523755,bybit,0.2660286489059895,-0.0095934763757041,BTCUSDT_240628,0.00013698630136986303,0.0002465753424657534,0.34782608695652173,0.21739130434782605,0.17391304347826086,0.26086956521739124,1.1102230246251565e-16,-0.0018508936520713164,143854.5582509705,-266.7532205307798
2024-03-31 00:00:00+00:00,0.0065646799873147,0.2691809903947264,0.18597558214285714,0.0006222949999999999,bybit,0.3394237392515781,0.0092851417950137,BTCUSDT_240628,0.00013698630136986303,0.0002465753424657534,0.34782608695652173,0.21739130434782605,0.17391304347826086,0.26086956521739124,1.1102230246251565e-16,0.004097779744928996,144444.04254598703,589.484295016533
2024-04-01 00:00:00+00:00,-0.0066620898236016,0.2899349273968681,0.20532371071428576,0.00059913,bybit,0.2724883012128989,0.0082023925409691,BTCUSDT_240628,0.00013698630136986303,0.0002465753424657534,0.34782608695652173,0.21739130434782605,0.17391304347826086,0.26086956521739124,1.1102230246251565e-16,-0.000696175929136603,144343.48408045934,-100.55846552769071
2024-04-02 00:00:00+00:00,-0.017287780106323,0.2876018449868769,0.1998208142857143,0.00022243,bybit,0.2200183274225559,0.0019422128104321,BTCUSDT_240628,0.00013698630136986303,0.0002465753424657534,0.34782608695652173,0.21739130434782605,0.17391304347826086,0.26086956521739124,1.1102230246251565e-16,-0.00556268641539396,143540.54654241435,-802.9375380449928
2024-04-03 00:00:00+00:00,0.0019479459145835,0.2606950827961975,0.17606009642857146,0.00015000000000000001,bybit,0.2045305128606722,-0.0010118508357983,BTCUSDT_240628,0.00013698630136986303,0.0002465753424657534,0.34782608695652173,0.21739130434782605,0.17391304347826086,0.26086956521739124,1.1102230246251565e-16,0.0005985050447073618,143626.45628364,85.9097412256524
2024-04-04 00:00:00+00:00,0.0104073679931221,0.2723941238804823,0.14794545000000006,0.00015000000000000001,bybit,0.2076786069973854,0.0011799913532032,BTCUSDT_240628,0.00013698630136986303,0.0002465753424657534,0.34782608695652173,0.21739130434782605,0.17391304347826086,0.26086956521739124,1.1102230246251565e-16,0.003922102670112352,144189.77399132887,563.3177076888678
2024-04-05 00:00:00+00:00,-0.0028820915472206,0.2927277500076674,0.1260610928571429,0.00015000000000000001,bybit,0.2018627190654522,0.0,BTCUSDT_240628,0.00013698630136986303,0.0002465753424657534,0.34782608695652173,0.21739130434782605,0.17391304347826086,0.26086956521739124,1.1102230246251565e-16,-0.0009055339270856643,144059.2052590409,-130.56873228796758
2024-04-06 00:00:00+00:00,0.0047447087660437,0.2999125999138841,0.10657243928571426,0.00015000000000000001,bybit,0.1865174679410177,-0.0015821382954017,BTCUSDT_240927,0.00013698630136986303,0.0002465753424657534,0.34782608695652173,0.21739130434782605,0.17391304347826086,0.26086956521739124,1.1102230246251565e-16,0.0014721116957190138,144271.27649997873,212.07124093783204
2024-04-07 00:00:00+00:00,0.0020957664044378,0.3140756426456742,0.08303828214285712,0.00015000000000000001,binance,0.1908752668198213,0.0,BTCUSDT_240927,0.00013698630136986303,0.0002465753424657534,0.34782608695652173,0.21739130434782605,0.17391304347826086,0.26086956521739124,1.1102230246251565e-16,0.0008258949256650834,144390.42941515928,119.15291518054437
2024-04-08 00:00:00+00:00,0.0104260823780352,0.3203239577963416,0.063241725,0.000275945,binance,0.2486826046934954,-0.0005,BTCUSDT_240628,0.00013698630136986303,0.0002465753424657534,0.4,0.0,0.2,0.3,0.09999999999999987,0.004158104184090793,144990.8198638531,600.3904486938263
2024-04-09 00:00:00+00:00,-0.0119559074049373,0.3450391802712729,0.06928951428571428,0.000302895,binance,0.2090791702208886,9.786538628414924e-05,BTCUSDT_240927,0.00013698630136986303,0.0002465753424657534,0.34782608695652173,0.21739130434782605,0.17391304347826086,0.26086956521739124,1.1102230246251565e-16,-0.004011385679981186,144409.20576532252,-581.6140985305829
2024-04-10 00:00:00+00:00,0.0075817304036374,0.3536072118377172,0.07043300714285713,0.00017193000000000002,binance,0.2033737922205816,0.0,BTCUSDT_240927,0.00013698630136986303,0.0002465753424657534,0.34782608695652173,0.21739130434782605,0.17391304347826086,0.26086956521739124,1.1102230246251565e-16,0.002738823707995379,144804.71712172535,395.5113564028288
2024-04-11 00:00:00+00:00,-0.0032103208391214,0.3615395989591256,0.07666277500000002,0.000269475,binance,0.1952890386894765,-0.0005,BTCUSDT_240628,0.00013698630136986303,0.0002465753424657534,0.34782608695652173,0.21739130434782605,0.17391304347826086,0.26086956521739124,1.1102230246251565e-16,-0.0010806843329642035,144648.22893259258,-156.48818913276773
2024-04-12 00:00:00+00:00,-0.0154790074156162,0.374523239267885,0.0816429392857143,0.00024551,binance,0.1786767535736639,0.0096278343990421,BTCUSDT_240927,0.00013698630136986303,0.0002465753424657534,0.34782608695652173,0.21739130434782605,0.17391304347826086,0.26086956521739124,1.1102230246251565e-16,-0.0035919008553898556,144128.66683535898,-519.5620972336037
2024-04-13 00:00:00+00:00,-0.0162598749713202,0.3408239818753569,0.08164293928571428,0.00015000000000000001,binance,0.1422401335313065,-0.0016094765528903,BTCUSDT_240927,0.00013698630136986303,0.0002465753424657534,0.34782608695652173,0.21739130434782605,0.17391304347826086,0.26086956521739124,1.1102230246251565e-16,-0.005838584953362098,143287.1593698259,-841.5074655330682
2024-04-14 00:00:00+00:00,0.0083112667312152,0.307641831067742,0.08164293928571427,0.00015000000000000001,binance,0.1462013828310161,0.0023723824979623,BTCUSDT_240927,0.00013698630136986303,0.0002465753424657534,0.34782608695652173,0.21739130434782605,0.17391304347826086,0.26086956521739124,1.1102230246251565e-16,0.003400396343320231,143774.39250259183,487.23313276591944
2024-04-15 00:00:00+00:00,-0.010987407990952,0.3212153071757446,0.07292726071428568,0.000108795,binance,0.141419864046594,0.001519237073358,BTCUSDT_240927,0.00013698630136986303,0.0002465753424657534,0.34782608695652173,0.21739130434782605,0.17391304347826086,0.26086956521739124,1.1102230246251565e-16,-0.0034695168947560646,143275.5648187708,-498.8276838210295
2024-04-16 00:00:00+00:00,0.0017305479403334,0.299465444935975,0.06208467499999999,9.4955e-05,binance,0.1347264889233747,0.0061948424437078,BTCUSDT_240927,0.00013698630136986303,0.0002465753424657534,0.4,0.0,0.2,0.3,0.09999999999999987,0.0020188588977516327,143564.81796763555,289.253148864751
2024-04-17 00:00:00+00:00,-0.0120039789579563,0.304180157537352,0.05741710714285714,8.2415e-05,binance,0.1122358563717649,0.0,BTCUSDT_240927,0.00013698630136986303,0.0002465753424657534,0.4,0.0,0.2,0.3,0.09999999999999987,-0.004713920350305808,142888.06485062998,-676.7531170055736
2024-04-18 00:00:00+00:00,0.0100894719442802,0.2828538806646821,0.045864857142857145,4.7925e-05,binance,0.1172924402077365,0.0015114201841245,BTCUSDT_240628,0.00013698630136986303,0.0002465753424657534,0.4,0.0,0.2,0.3,0.09999999999999987,0.0044257440474136924,143520.45085308907,632.3860024590977
2024-04-19 00:00:00+00:00,0.001567219760822,0.2870410936422554,0.03551423928571428,4.7005e-05,binance,0.0974575649905545,-0.001026512735198,BTCUSDT_240628,0.00013698630136986303,0.0002465753424657534,0.4,0.0,0.2,0.3,0.09999999999999987,0.0005092565901659123,143593.5395885096,73.08873542051879
2024-04-20 00:00:00+00:00,0.0047043711023567,0.2689807947388531,0.03119628928571428,6.719e-05,binance,0.1078333757589552,-0.0003806556115365,BTCUSDT_240628,0.00013698630136986303,0.0002465753424657534,0.4,0.0,0.2,0.3,0.09999999999999987,0.0018932885515120924,143865.40359308364,271.8640045740467
2024-04-21 00:00:00+00:00,-1.8758850110150188e-06,0.2717938854446544,0.02581618928571429,4.682e-05,binance,0.1135046318633004,0.0,BTCUSDT_240628,0.00013698630136986303,0.0002465753424657534,0.4,0.0,0.2,0.3,0.09999999999999987,8.69208788723063e-05,143877.90850040328,12.50490731964237
2024-04-22 00:00:00+00:00,0.008040411855318,0.2783520301947624,0.022177921428571428,3.9019999999999996e-05,binance,0.1264145107368589,-0.0001492032543881,BTCUSDT_240927,0.00013698630136986303,0.0002465753424657534,0.4,0.0,0.2,0.3,0.09999999999999987,0.0032739953241262922,144348.96410007868,471.0555996753974
2024-04-23 00:00:00+00:00,-0.0018224899982316,0.2960672227169442,0.01798824285714286,1.4605000000000002e-05,binance,0.1263550640366481,0.0005502604872466,BTCUSDT_240927,0.00013698630136986303,0.0002465753424657534,0.4,0.0,0.2,0.3,0.09999999999999987,-0.0005312726689666078,144272.27544065865,-76.68865942003322
2024-04-24 00:00:00+00:00,-0.0095503460515124,0.2984541112329054,0.017278839285714283,6.880999999999999e-05,binance,0.1287070986541386,0.0015504065277131,BTCUSDT_240927,0.00013698630136986303,0.0002465753424657534,0.4,0.0,0.2,0.3,0.09999999999999987,-0.0034223858821856275,143778.52004199976,-493.75539865889004
2024-04-25 00:00:00+00:00,0.0009392698145416,0.292172582629772,0.017968167857142853,6.1145e-05,binance,0.121839934925257,0.0008199435830442,BTCUSDT_240927,0.00013698630136986303,0.0002465753424657534,0.4,0.0,0.2,0.3,0.09999999999999987,0.0006273678753021923,143868.7220666326,90.20202463283204
2024-04-26 00:00:00+00:00,-0.0033277740535868,0.294400064560146,0.017591435714285713,3.978e-05,binance,0.1201005607657728,0.0012730905954068,BTCUSDT_240927,0.00013698630136986303,0.0002465753424657534,0.4,0.0,0.2,0.3,0.09999999999999987,-0.0009888202694766477,143726.4617581094,-142.26030852319673
2024-04-27 00:00:00+00:00,-0.001421252011414,0.2941608795823766,0.02037403928571429,0.00015000000000000001,bybit,0.1153685765974145,0.000697583025301,BTCUSDT_240927,0.00013698630136986303,0.0002465753424657534,0.4,0.0,0.2,0.3,0.09999999999999987,-0.0003413129666286877,143677.4060530637,-49.05570504569914
2024-04-28 00:00:00+00:00,-0.0015854940379647,0.2926115654532384,0.023461417857142862,9.92e-05,bybit,0.1133908454305644,0.0017679410608153,BTCUSDT_240927,0.00013698630136986303,0.0002465753424657534,0.4,0.0,0.2,0.3,0.09999999999999987,-0.00019293817014610774,143649.68519724847,-27.720855815219693
2024-04-29 00:00:00+00:00,0.0035472413291313,0.3005860241726572,0.021902867857142856,3.0100000000000003e-05,bybit,0.1043590750750278,0.0038212820593117,BTCUSDT_240927,0.00013698630136986303,0.0002465753424657534,0.4,0.0,0.2,0.3,0.09999999999999987,0.002270824176391572,143975.88837532542,326.20317807694664
2024-04-30 00:00:00+00:00,-0.0154780971848527,0.309234696508061,0.027117675,5.216e-05,bybit,0.0910093618143458,0.0,BTCUSDT_240927,0.00013698630136986303,0.0002465753424657534,0.4,0.0,0.2,0.3,0.09999999999999987,-0.006103567641064368,143097.1218019443,-878.7665733811154
2024-05-01 00:00:00+00:00,-0.0108901333336083,0.2854589613085428,0.029925307142857148,0.00014424000000000001,binance,0.076428387048625,-0.0012038468451195,BTCUSDT_240628,0.00013698630136986303,0.0002465753424657534,0.4,0.0,0.2,0.3,0.09999999999999987,-0.004509151469590507,142451.87520487688,-645.2465970674239
2024-05-02 00:00:00+00:00,0.0031210750830192,0.2644994602954564,0.03004288928571429,6.34e-05,binance,0.0857612443134054,0.0,BTCUSDT_240628,0.00013698630136986303,0.0002465753424657534,0.4,0.0,0.2,0.3,0.09999999999999987,0.0013361012660843925,142642.20533569422,190.33013081733952
2024-05-03 00:00:00+00:00,0.018193349377542,0.2815783071252817,0.028692910714285712,1.3889999999999997e-05,binance,0.0953517093816998,-0.0019023883778523,BTCUSDT_240927,0.00013698630136986303,0.0002465753424657534,0.4,0.0,0.2,0.3,0.09999999999999987,0.006984533308323051,143638.49457003403,996.2892343398125
2024-05-04 00:00:00+00:00,0.0049780705649275,0.3128421786122193,0.027681078571428576,8.211500000000001e-05,binance,0.1013882167481268,0.0,BTCUSDT_240927,0.00013698630136986303,0.0002465753424657534,0.4,0.0,0.2,0.3,0.09999999999999987,0.0020788994588477124,143937.10455866536,298.60998863133136
2024-05-05 00:00:00+00:00,0.0005926069548936,0.3267017404890747,0.030220175000000002,5.7230000000000006e-05,binance,0.1043581816835272,-0.0003516684371679,BTCUSDT_240628,0.00013698630136986303,0.0002465753424657534,0.4,0.0,0.2,0.3,0.09999999999999987,0.0002543803274005723,143973.7193264481,36.614767782739364
2024-05-06 00:00:00+00:00,-0.0045585458250447,0.3427675918312214,0.028257778571428575,3.6584999999999996e-05,binance,0.1056822087047124,0.0,BTCUSDT_240628,0.00013698630136986303,0.0002465753424657534,0.4,0.0,0.2,0.3,0.09999999999999987,-0.0017357470971411677,143723.81736106263,-249.90196538547752
2024-05-07 00:00:00+00:00,-0.0045725616707469,0.338031420280684,0.025071589285714287,8.3365e-05,binance,0.1068633276850367,0.0006638995199646,BTCUSDT_240927,0.00013698630136986303,0.0002465753424657534,0.4,0.0,0.2,0.3,0.09999999999999987,-0.0016085735314291278,143492.62703261964,-231.19032844298636
2024-05-08 00:00:00+00:00,-0.006289814047254,0.3492950335885948,0.02269596071428571,9.868e-05,binance,0.1034910336941556,9.135027306220632e-05,BTCUSDT_240927,0.00013698630136986303,0.0002465753424657534,0.4,0.0,0.2,0.3,0.09999999999999987,-0.0024099843314124465,143146.81204979782,-345.81498282181565
2024-05-09 00:00:00+00:00,0.0107694514667943,0.3504119601885712,0.023711442857142856,0.000118165,bybit,0.1006579919603867,0.0019538951146438,BTCUSDT_240927,0.00013698630136986303,0.0002465753424657534,0.4,0.0,0.2,0.3,0.09999999999999987,0.004786230842523193,143831.94573663943,685.133686841611
2024-05-10 00:00:00+00:00,-0.013836952401897,0.3824592769627141,0.03274441071428572,5.7085e-05,bybit,0.0945994222790403,-2.0559213907765447e-05,BTCUSDT_240927,0.00013698630136986303,0.0002465753424657534,0.4,0.0,0.2,0.3,0.09999999999999987,-0.005451221570663641,143047.88593148935,-784.0598051500856
2024-05-11 00:00:00+00:00,0.0001241307000436,0.3620087975562007,0.043196185714285726,0.00015000000000000001,bybit,0.0953471930349501,-0.0001265906235147,BTCUSDT_240927,0.00013698630136986303,0.0002465753424657534,0.4,0.0,0.2,0.3,0.09999999999999987,0.00011200538819121231,143063.908065483,16.02213399365428
2024-05-12 00:00:00+00:00,0.0039453071527025,0.3651413782705431,0.044632200000000004,0.00012827,bybit,0.0956727969322595,-0.0004457257897543,BTCUSDT_240927,0.00013698630136986303,0.0002465753424657534,0.4,0.0,0.2,0.3,0.09999999999999987,0.0015766489360068527,143289.46962391544,225.5615584324405
2024-05-13 00:00:00+00:00,0.0089691657882892,0.3796453096977256,0.041858200000000005,4.9239999999999996e-05,bybit,0.0964617261230695,0.0005839681169772,BTCUSDT_240927,0.00013698630136986303,0.0002465753424657534,0.4,0.0,0.2,0.3,0.09999999999999987,0.0037921311715878327,143832.8420882366,543.3724643211463
2024-05-14 00:00:00+00:00,-0.0082073437054607,0.3790696554523413,0.038455357142857145,8.474e-05,bybit,0.0961173127980219,-0.0020639847450748,BTCUSDT_240927,0.00013698630136986303,0.0002465753424657534,0.4,0.0,0.2,0.3,0.09999999999999987,-0.0036080631983225276,143313.8841039879,-518.9579842487001
2024-05-15 00:00:00+00:00,0.0286944954128194,0.3817627870239121,0.03333180000000001,5.9940000000000005e-05,binance,0.1004396737368575,-1.4349044277756138e-06,BTCUSDT_240927,0.00013698630136986303,0.0002465753424657534,0.4,0.0,0.2,0.3,0.09999999999999987,0.011565182417118918,144971.33531655636,1657.4512125684705
2024-05-16 00:00:00+00:00,-0.0057382664597638,0.3902703183958371,0.03191820714285715,5.397e-05,binance,0.1027037678835038,-0.0005634227283088,BTCUSDT_240927,0.00013698630136986303,0.0002465753424657534,0.4,0.0,0.2,0.3,0.09999999999999987,-0.0023203198966905677,144634.95544277155,-336.37987378481193
2024-05-17 00:00:00+00:00,0.0104065683552442,0.3800739152099084,0.03354636785714286,0.00015000000000000001,bybit,0.103724263511488,-0.0011771902602053,BTCUSDT_240927,0.00013698630136986303,0.0002465753424657534,0.4,0.0,0.2,0.3,0.09999999999999987,0.004014860522933333,145215.64461561496,580.689172843413
2024-05-18 00:00:00+00:00,-0.000631410173636,0.3846961182850891,0.028752092857142857,5.8055000000000006e-05,bybit,0.111200784384904,-3.7285997800239995e-05,BTCUSDT_240927,0.00013698630136986303,0.0002465753424657534,0.4,0.0,0.2,0.3,0.09999999999999987,-0.0001723500361377357,145190.6166940177,-25.027921597269597
2024-05-19 00:00:00+00:00,-0.0037415595186494,0.3896908394592284,0.027480850000000005,0.00010389000000000001,bybit,0.113343494117761,-0.0048170466824023,BTCUSDT_240927,0.00013698630136986303,0.0002465753424657534,0.4,0.0,0.2,0.3,0.09999999999999987,-0.002372361911063508,144846.172005129,-344.44468888870324
2024-05-20 00:00:00+00:00,0.0304727435013768,0.3904462157915615,0.02961662142857142,9.02e-05,bybit,0.1310376032645613,-0.0006255019481676,BTCUSDT_240927,0.00013698630136986303,0.0002465753424657534,0.4,0.0,0.2,0.3,0.09999999999999987,0.012151668243793913,146606.29463371882,1760.1226285898301
2024-05-21 00:00:00+00:00,-0.0077079469728942,0.4216093646023198,0.033019464285714284,0.00015000000000000001,bybit,0.1381025679506153,-0.0005482667159336,BTCUSDT_240927,0.00013698630136986303,0.0002465753424657534,0.4,0.0,0.2,0.3,0.09999999999999987,-0.003105160899467688,146151.05850000636,-455.2361337124603
2024-05-22 00:00:00+00:00,-0.0059642245358229,0.4257292744564886,0.0399489892857143,0.00015000000000000001,bybit,0.1443281884925126,0.0003074459905659,BTCUSDT_240927,0.00013698630136986303,0.0002465753424657534,0.4,0.0,0.2,0.3,0.09999999999999987,-0.0022365293833392676,145824.18736326494,-326.87113674142165
2024-05-23 00:00:00+00:00,-0.0073934992599814,0.4271117274333068,0.04589640357142858,0.00017805999999999999,bybit,0.1462279849996273,0.0003423586850896,BTCUSDT_240927,0.00013698630136986303,0.0002465753424657534,0.4,0.0,0.2,0.3,0.09999999999999987,-0.0028012567340979276,145415.69637641925,-408.4909868456889
2024-05-24 00:00:00+00:00,0.0036345928625316,0.425898152986768,0.04589640357142857,0.00015000000000000001,bybit,0.1441740279554111,0.0008000001167031,BTCUSDT_240927,0.00013698630136986303,0.0002465753424657534,0.4,0.0,0.2,0.3,0.09999999999999987,0.0017015084012299724,145663.12240547442,247.4260290551756
2024-05-25 00:00:00+00:00,0.0045781792407808,0.4240277431679253,0.05069067857142858,0.00015000000000000001,bybit,0.1391520895267566,0.0007497412707096,BTCUSDT_240927,0.00013698630136986303,0.0002465753424657534,0.4,0.0,0.2,0.3,0.09999999999999987,0.0020688911833309526,145964.48355515557,301.36114968115
2024-05-26 00:00:00+00:00,-0.0049278609098214,0.4347207830834918,0.05309498571428571,0.00015000000000000001,bybit,0.1374130867861338,-0.0008257469565086,BTCUSDT_240927,0.00013698630136986303,0.0002465753424657534,0.4,0.0,0.2,0.3,0.09999999999999987,-0.0020486225223535675,145665.45742668075,-299.0261284748267
2024-05-27 00:00:00+00:00,0.0059796563006254,0.4418649196597269,0.056386242857142846,0.00015000000000000001,binance,0.1415125521684257,0.0001509294184623,BTCUSDT_240927,0.00013698630136986303,0.0002465753424657534,0.4,0.0,0.2,0.3,0.09999999999999987,0.002509719636819333,146031.03688559076,365.57945891001145
2024-05-28 00:00:00+00:00,-0.0066626532404782,0.4453296479881979,0.05625145357142855,0.00015000000000000001,binance,0.1439209350673551,0.0004351710617749,BTCUSDT_240927,0.00013698630136986303,0.0002465753424657534,0.4,0.0,0.2,0.3,0.09999999999999987,-0.0024903558509595876,145667.36763846103,-363.6692471297283
2024-05-29 00:00:00+00:00,-0.0047790025210477,0.4370506494797738,0.05639223928571427,0.000153435,bybit,0.1440560636606058,-5.136549439027525e-05,BTCUSDT_240927,0.00013698630136986303,0.0002465753424657534,0.4,0.0,0.2,0.3,0.09999999999999987,-0.0018342028744204228,145400.18413402932,-267.1835044317122
2024-05-30 00:00:00+00:00,0.0045568208768948,0.4411520789949226,0.05541690714285713,0.00015000000000000001,binance,0.144078752973997,0.0006791298652259,BTCUSDT_240927,0.00013698630136986303,0.0002465753424657534,0.4,0.0,0.2,0.3,0.09999999999999987,0.0020462255566798125,145697.70570675033,297.5215727210161
2024-05-31 00:00:00+00:00,-0.0054176981644905,0.4542990210330362,0.05720723214285714,0.00018433500000000002,binance,0.1428203989971364,0.0001061592972817,BTCUSDT_240927,0.00013698630136986303,0.0002465753424657534,0.4,0.0,0.2,0.3,0.09999999999999987,-0.0020581761734631476,145397.83416033644,-299.871546413895
2024-06-01 00:00:00+00:00,0.0014391667579438,0.4364661627656426,0.05727241071428571,0.00015125000000000002,binance,0.1428940688877135,-0.0002878988768107,BTCUSDT_240927,0.00013698630136986303,0.0002465753424657534,0.4,0.0,0.2,0.3,0.09999999999999987,0.0006057581606920922,145485.91008492603,88.0759245895897
2024-06-02 00:00:00+00:00,-2.1300609277755905e-05,0.4453218450826236,0.0572724107142857,0.00015000000000000001,binance,0.1459143047341958,-0.0003927507203873,BTCUSDT_240927,0.00013698630136986303,0.0002465753424657534,0.4,0.0,0.2,0.3,0.09999999999999987,6.008450881499489e-07,145485.9974994205,0.08741449448280036
2024-06-03 00:00:00+00:00,0.0070627867097721,0.4597262979692429,0.0583504642857143,0.000170675,binance,0.1473727893304849,0.0010808037796887,BTCUSDT_240927,0.00013698630136986303,0.0002465753424657534,0.4,0.0,0.2,0.3,0.09999999999999987,0.0031289466727232925,145941.21542722415,455.21792780363467
2024-06-04 00:00:00+00:00,0.0115476576927328,0.4598578351453637,0.05887397857142856,0.00016004,binance,0.1383200723247944,-0.0006715544451035,BTCUSDT_240927,0.00013698630136986303,0.0002465753424657534,0.4,0.0,0.2,0.3,0.09999999999999987,0.004572423420949131,146608.5204587254,667.3050315012515
2024-06-05 00:00:00+00:00,0.0039769356087689,0.4993361951438135,0.060713317857142846,0.00019806499999999998,binance,0.1426804198999497,3.206390279573094e-05,BTCUSDT_240927,0.00013698630136986303,0.0002465753424657534,0.4,0.0,0.2,0.3,0.09999999999999987,0.0016848582569434186,146855.5350349585,247.01457623310853
2024-06-06 00:00:00+00:00,-0.0022453367079765,0.5123209221255466,0.06128897499999999,0.00016104,binance,0.1443631486242748,0.000422604480907,BTCUSDT_240927,0.00013698630136986303,0.0002465753424657534,0.4,0.0,0.2,0.3,0.09999999999999987,-0.0007259425541324879,146748.92635276675,-106.60868219175609
2024-06-07 00:00:00+00:00,-0.0105953163991915,0.5191764213190883,0.059541928571428565,0.00015083000000000002,binance,0.1458716795347865,0.0003954979843011,BTCUSDT_240927,0.00013698630136986303,0.0002465753424657534,0.4,0.0,0.2,0.3,0.09999999999999987,-0.004071355729939667,146151.45927059793,-597.4670821688196
2024-06-08 00:00:00+00:00,-0.0003731919458752,0.4776212103276668,0.059476749999999995,0.00015000000000000001,binance,0.1446789801520094,-0.0001913131149324,BTCUSDT_240927,0.00013698630136986303,0.0002465753424657534,0.4,0.0,0.2,0.3,0.09999999999999987,-9.98681684598477e-05,146136.8633920428,-14.59587855511927
2024-06-09 00:00:00+00:00,0.0023779669669116,0.4927458898477519,0.059476749999999995,0.00015000000000000001,binance,0.1465498771917865,0.0005165967102638,BTCUSDT_240927,0.00013698630136986303,0.0002465753424657534,0.4,0.0,0.2,0.3,0.09999999999999987,0.0011421773616941125,146303.7776091182,166.9142170753912
2024-06-10 00:00:00+00:00,-0.0009535748709003,0.5544976376933398,0.059167021428571415,0.00015000000000000001,bybit,0.1446592021488526,0.0039052343974691,BTCUSDT_240927,0.00013698630136986303,0.0002465753424657534,0.4,0.0,0.2,0.3,0.09999999999999987,0.0004872881640104124,146375.06970829715,71.29209917894332
2024-06-11 00:00:00+00:00,-0.0186019390932092,0.5799905123578122,0.05787518214285714,0.00015000000000000001,binance,0.1235568184879351,-0.0001489283693911,BTCUSDT_240927,0.00013698630136986303,0.0002465753424657534,0.4,0.0,0.2,0.3,0.09999999999999987,-0.007382890078285188,145294.39865843946,-1080.6710498576867
2024-06-12 00:00:00+00:00,0.0075116468127485,0.5369675050371656,0.05536893571428571,0.00015000000000000001,binance,0.123978372949119,0.0002308684271164,BTCUSDT_240927,0.00013698630136986303,0.0002465753424657534,0.4,0.0,0.2,0.3,0.09999999999999987,0.0031385036433993923,145750.40565799447,456.0069995550148
2024-06-13 00:00:00+00:00,-0.0121316761473528,0.5542570894197343,0.05479327857142857,0.00015000000000000001,binance,0.1263169748172432,0.0010451827766938,BTCUSDT_240927,0.00013698630136986303,0.0002465753424657534,0.4,0.0,0.2,0.3,0.09999999999999987,-0.004555962670725648,145086.37225057353,-664.0334074209386
2024-06-14 00:00:00+00:00,-0.0059977244766445,0.5485668179558906,0.05474999999999999,0.00015000000000000001,binance,0.1215808909010055,2.998001786378935e-05,BTCUSDT_240927,0.00013698630136986303,0.0002465753424657534,0.4,0.0,0.2,0.3,0.09999999999999987,-0.00230542255420833,144751.88685567878,-334.4853948947566
2024-06-15 00:00:00+00:00,0.0014349594244358,0.5263010310789765,0.05474999999999999,0.00015000000000000001,binance,0.1221985723034179,-0.0006906418333566,BTCUSDT_240927,0.00013698630136986303,0.0002465753424657534,0.4,0.0,0.2,0.3,0.09999999999999987,0.0005235266359797123,144827.66832405608,75.7814683773031
2024-06-16 00:00:00+00:00,0.0036314433508965,0.5388840573789471,0.05474999999999999,0.00015000000000000001,binance,0.1274167051839516,-0.0004187359124685,BTCUSDT_240927,0.00013698630136986303,0.0002465753424657534,0.4,0.0,0.2,0.3,0.09999999999999987,0.0014565013907416125,145038.61002438795,210.94170033186674
2024-06-17 00:00:00+00:00,-0.0014974106768431,0.5640664759575292,0.05474999999999999,0.00015000000000000001,binance,0.1320043121001797,0.0024757034617144,BTCUSDT_240927,0.00013698630136986303,0.0002465753424657534,0.4,0.0,0.2,0.3,0.09999999999999987,-1.6152345517647724e-05,145036.26731064543,-2.342713742516935
2024-06-18 00:00:00+00:00,-0.0112882643260951,0.5648143019047952,0.0542901,0.00014118,binance,0.1177711027261654,-0.0001775979005549,BTCUSDT_240927,0.00013698630136986303,0.0002465753424657534,0.4,0.0,0.2,0.3,0.09999999999999987,-0.004463154077672307,144388.94810278754,-647.3192078578868
2024-06-19 00:00:00+00:00,-0.0017069043889728,0.5429957223290164,0.05092532142857144,8.547e-05,binance,0.1206171679694622,0.001031329738172,BTCUSDT_240927,0.00013698630136986303,0.0002465753424657534,0.4,0.0,0.2,0.3,0.09999999999999987,-0.00038882457507800764,144332.8061313955,-56.141971392033156
2024-06-20 00:00:00+00:00,-0.0009276758764104,0.5608179301358288,0.047475028571428574,8.383e-05,binance,0.1144145732444578,-7.19130679686745e-05,BTCUSDT_240927,0.00013698630136986303,0.0002465753424657534,0.4,0.0,0.2,0.3,0.09999999999999987,-0.0002977817312811826,144289.82645850506,-42.979672890447546
2024-06-21 00:00:00+00:00,-0.0063578326881956,0.5669334575907601,0.04504308571428571,0.00010336000000000001,binance,0.1174327889324688,0.0005078452147027,BTCUSDT_240927,0.00013698630136986303,0.0002465753424657534,0.4,0.0,0.2,0.3,0.09999999999999987,-0.0023538927994609877,143950.1836749689,-339.6427835361683
2024-06-22 00:00:00+00:00,0.0009642804837332,0.5422397413790347,0.04351686428571429,0.00012072999999999999,binance,0.1146098652886573,0.000263763925218,BTCUSDT_240927,0.00013698630136986303,0.0002465753424657534,0.4,0.0,0.2,0.3,0.09999999999999987,0.0005261362114135922,144025.92107923992,75.73740427102894
2024-06-23 00:00:00+00:00,-0.0090538572051425,0.552151726366769,0.04012314642857144,8.4915e-05,binance,0.1156919459829226,0.0010638346679584,BTCUSDT_240927,0.00013698630136986303,0.0002465753424657534,0.4,0.0,0.2,0.3,0.09999999999999987,-0.003321104715588608,143547.59591357666,-478.32516566326376
2024-06-24 00:00:00+00:00,-0.0260266483952484,0.5636669033439453,0.03934673928571429,0.00013511,binance,0.1139951222650466,-0.0006699749391723,BTCUSDT_240927,0.00013698630136986303,0.0002465753424657534,0.4,0.0,0.2,0.3,0.09999999999999987,-0.010456983113057108,142046.52112718846,-1501.0747863881988
2024-06-25 00:00:00+00:00,0.0125128676236516,0.5023984737349116,0.03749879642857143,0.00010574,binance,0.1174637626561184,0.0007254957891634,BTCUSDT_240927,0.00013698630136986303,0.0002465753424657534,0.4,0.0,0.2,0.3,0.09999999999999987,0.005237917440170033,142790.549077516,744.0279503275524
2024-06-26 00:00:00+00:00,-0.0076834950997029,0.5044484918561118,0.040863575000000006,0.00015000000000000001,binance,0.1147796254084356,0.0002183521265673,BTCUSDT_240927,0.00013698630136986303,0.0002465753424657534,0.4,0.0,0.2,0.3,0.09999999999999987,-0.002942056381690988,142370.45123135735,-420.09784615866374
2024-06-27 00:00:00+00:00,0.0068183900999671,0.4942830753136245,0.044313867857142863,0.00015000000000000001,binance,0.1127360378058023,0.0,BTCUSDT_240927,0.00013698630136986303,0.0002465753424657534,0.4,0.0,0.2,0.3,0.09999999999999987,0.002815027272863553,142771.2279344235,400.77670306616346
2024-06-28 00:00:00+00:00,-0.0109358116150091,0.5255006104240928,0.04674581071428571,0.00015000000000000001,binance,0.1168711091000223,-8.098783607020626e-05,BTCUSDT_241227,0.00013698630136986303,0.0002465753424657534,0.4,0.0,0.2,0.3,0.09999999999999987,-0.004302850980340969,142156.90461634137,-614.3233180821408
2024-06-29 00:00:00+00:00,0.0044924967286007,0.4913212246735281,0.048272032142857156,0.00015000000000000001,binance,0.1147655095065827,-0.0022281094822673,BTCUSDT_241227,0.00013698630136986303,0.0002465753424657534,0.4,0.0,0.2,0.3,0.09999999999999987,0.0014390480278635325,142361.4752295767,204.57061323532253
2024-06-30 00:00:00+00:00,0.0144688940838211,0.4944143506642393,0.051665749999999996,0.00015000000000000001,binance,0.1209000768548488,0.0004427132411404,BTCUSDT_241227,0.00013698630136986303,0.0002465753424657534,0.4,0.0,0.2,0.3,0.09999999999999987,0.005963771514633232,143210.48654033203,849.0113107553334
2024-07-01 00:00:00+00:00,0.0009997676357494,0.4920837069468016,0.05244215714285714,0.00015000000000000001,binance,0.119526326611552,0.0018154215922768,BTCUSDT_241227,0.00013698630136986303,0.0002465753424657534,0.4,0.0,0.2,0.3,0.09999999999999987,0.0008506626056318324,143332.31034596622,121.82380563419429
2024-07-02 00:00:00+00:00,-0.00638116181172,0.521386370854201,0.05474999999999999,0.00015000000000000001,binance,0.1141398713256986,0.0039583670969255,BTCUSDT_241227,0.00013698630136986303,0.0002465753424657534,0.4,0.0,0.2,0.3,0.09999999999999987,-0.0016731200724261876,143092.49818049918,-239.81216546703945
2024-07-03 00:00:00+00:00,-0.0167065779846723,0.5379286229400496,0.05474999999999999,0.00015000000000000001,binance,0.1016103091848127,0.0021544271597171,BTCUSDT_241227,0.00013698630136986303,0.0002465753424657534,0.4,0.0,0.2,0.3,0.09999999999999987,-0.006164074529048787,142210.4653571668,-882.0328233323817
2024-07-04 00:00:00+00:00,-0.0268751696029387,0.5115392402784842,0.05474999999999999,0.00015000000000000001,binance,0.0984145363706493,-0.0009992986854866,BTCUSDT_241227,0.00013698630136986303,0.0002465753424657534,0.4,0.0,0.2,0.3,0.09999999999999987,-0.01086225634539609,140665.7388274592,-1544.7265297076083
2024-07-05 00:00:00+00:00,-0.0007673088604177,0.0,0.05260223571428572,0.00010881000000000001,binance,0.1039126312151216,-0.0008393257210687,BTCUSDT_241227,0.00013698630136986303,0.0002465753424657534,0.0,0.0,0.2,0.3,0.5,-2.5399390789082482e-05,140662.1660033881,-3.5728240711032413
2024-07-06 00:00:00+00:00,0.0,0.0,0.049080246428571436,8.245500000000001e-05,binance,0.1050602617776988,0.001499052123016,BTCUSDT_241227,0.00013698630136986303,0.0002465753424657534,0.0,0.0,0.2,0.3,0.5,0.00044227617802785756,140724.3775285612,62.21152517310111
2024-07-07 00:00:00+00:00,-0.0,0.0,0.048601575,0.00014082,binance,0.1035611930558449,-0.0005047637922073,BTCUSDT_241227,0.00013698630136986303,0.0002465753424657534,0.0,0.0,0.2,0.3,0.5,4.151299498319755e-05,140730.21941893955,5.841890378360404
2024-07-08 00:00:00+00:00,0.0,0.0,0.047591828571428574,0.00013063499999999999,binance,0.1046996040141669,-0.0004533222650526,BTCUSDT_241227,0.00013698630136986303,0.0002465753424657534,0.0,0.0,0.2,0.3,0.5,5.180130041413754e-05,140737.509427313,7.290008373442106
2024-07-09 00:00:00+00:00,0.0,0.0,0.04520916071428572,0.00010430500000000001,binance,0.104780009167334,-8.225667527995616e-05,BTCUSDT_241227,0.00013698630136986303,0.0002465753424657534,0.0,0.0,0.2,0.3,0.5,0.0001260144183686663,140755.24438270612,17.734955393127166
2024-07-10 00:00:00+00:00,-0.0,0.0,0.043829982142857146,0.00012355,binance,0.106343401358215,0.0007980826614073,BTCUSDT_241227,0.00013698630136986303,0.0002465753424657534,0.0,0.0,0.2,0.3,0.5,0.0003020822857061176,140797.76404865435,42.519665948231705
2024-07-11 00:00:00+00:00,-0.0,0.0,0.043829982142857146,0.00015000000000000001,binance,0.1042221512177741,-0.0004986929692401,BTCUSDT_241227,0.00013698630136986303,0.0002465753424657534,0.0,0.0,0.2,0.3,0.5,4.2727159576637534e-05,140803.77993718692,6.015888532565441
2024-07-12 00:00:00+00:00,0.0,0.0,0.04166057857142858,6.7205e-05,binance,0.1059942323215548,-0.0010786141087009,BTCUSDT_241227,0.00013698630136986303,0.0002465753424657534,0.0,0.0,0.2,0.3,0.5,-7.325706831552246e-05,140793.46506506097,-10.314872125949478
2024-07-13 00:00:00+00:00,0.0,0.0,0.04392696785714287,0.00012592,binance,0.1088708843077894,-0.0030387294646545,BTCUSDT_241227,0.00013698630136986303,0.0002465753424657534,0.0,0.0,0.2,0.3,0.5,-0.0004652801395062425,140727.95666199393,-65.50840306704049
2024-07-14 00:00:00+00:00,0.0095080369099249,0.3740083733507143,0.042004200000000005,0.00010394500000000001,binance,0.1196681166431899,-0.0010096564174656,BTCUSDT_241227,0.00013698630136986303,0.0002465753424657534,0.4,0.0,0.2,0.3,0.09999999999999987,0.003688954713353553,141247.09572102284,519.1390590289084
2024-07-15 00:00:00+00:00,0.0262017790368455,0.4064906241256478,0.03708999642857143,3.639e-05,binance,0.1172861915011599,0.0002831246579715,BTCUSDT_241227,0.00013698630136986303,0.0002465753424657534,0.4,0.0,0.2,0.3,0.09999999999999987,0.010625007779209213,142747.8472118494,1500.751490826573
2024-07-16 00:00:00+00:00,0.0020352444528497,0.4141822726376472,0.03333779642857143,3.2345e-05,binance,0.1161670336959461,3.305455277269207e-05,BTCUSDT_241227,0.00013698630136986303,0.0002465753424657534,0.4,0.0,0.2,0.3,0.09999999999999987,0.0009083799245711307,142877.5164905324,129.66927868299535
2024-07-17 00:00:00+00:00,-0.0059791922804673,0.4059722883876688,0.027025642857142863,2.494999999999999e-06,binance,0.1184729646190985,-0.0001128916665978,BTCUSDT_241227,0.00013698630136986303,0.0002465753424657534,0.4,0.0,0.2,0.3,0.09999999999999987,-0.002326584012629768,142545.09994490127,-332.41654563113116
2024-07-18 00:00:00+00:00,-0.000633299540404,0.3961317249225912,0.022151850000000008,3.3405e-05,bybit,0.1199002063954388,-0.0013261878179505,BTCUSDT_241227,0.00013698630136986303,0.0002465753424657534,0.4,0.0,0.2,0.3,0.09999999999999987,-0.0004308861468749877,142483.6792360301,-61.420708871184615
2024-07-19 00:00:00+00:00,0.0166014872142283,0.3976064265981277,0.02689241785714286,0.00014719,bybit,0.1215809624440703,-0.0007526252625262,BTCUSDT_241227,0.00013698630136986303,0.0002465753424657534,0.4,0.0,0.2,0.3,0.09999999999999987,0.006577741066062793,143420.89998418462,937.2207481545338
2024-07-20 00:00:00+00:00,0.0027898485434605,0.3892197094622407,0.029654424999999998,9.173999999999999e-05,bybit,0.1248755770780914,-0.0010837063352437,BTCUSDT_241227,0.00013698630136986303,0.0002465753424657534,0.4,0.0,0.2,0.3,0.09999999999999987,0.0009868693832121723,143562.4376792918,141.53769510716666
2024-07-21 00:00:00+00:00,0.0060821271918353,0.3992294103131003,0.031434321428571436,0.000125155,bybit,0.1286713606068007,0.0015680256271002,BTCUSDT_241227,0.00013698630136986303,0.0002465753424657534,0.4,0.0,0.2,0.3,0.09999999999999987,0.0028341272350308725,143969.31189384608,406.87421455429285
2024-07-22 00:00:00+00:00,-0.0036851879075663,0.3961378429442872,0.03674220357142858,0.00015000000000000001,bybit,0.1233874644189129,0.00189909940486,BTCUSDT_241227,0.00013698630136986303,0.0002465753424657534,0.4,0.0,0.2,0.3,0.09999999999999987,-0.0010065840491778077,143824.39468092262,-144.91721292346483
2024-07-23 00:00:00+00:00,-0.0092116646963235,0.3893446727657441,0.037763421428571434,9.642e-05,bybit,0.118135078729879,0.0004723519060374,BTCUSDT_241227,0.00013698630136986303,0.0002465753424657534,0.4,0.0,0.2,0.3,0.09999999999999987,-0.0035025242644452083,143320.64624873354,-503.74843218908063
2024-07-24 00:00:00+00:00,-0.0032708604104973,0.3842061025943183,0.04139673571428572,0.00015000000000000001,bybit,0.1176814866586341,0.0006367015418502,BTCUSDT_241227,0.00013698630136986303,0.0002465753424657534,0.4,0.0,0.2,0.3,0.09999999999999987,-0.001093332622952168,143163.94911064723,-156.6971380863106
2024-07-25 00:00:00+00:00,0.0025384380204286,0.3936227293554564,0.04747633214285715,0.00015000000000000001,bybit,0.1146982683509735,-0.0005848028759899,BTCUSDT_241227,0.00013698630136986303,0.0002465753424657534,0.4,0.0,0.2,0.3,0.09999999999999987,0.0009860858658501722,143305.12105736454,141.17194671730977
2024-07-26 00:00:00+00:00,0.01300778594874,0.4066315808547796,0.04353381071428572,7.157999999999999e-05,bybit,0.1145454742818613,7.738411930609903e-05,BTCUSDT_241227,0.00013698630136986303,0.0002465753424657534,0.4,0.0,0.2,0.3,0.09999999999999987,0.005306262436233933,144065.53563815117,760.4145807866298
2024-07-27 00:00:00+00:00,-9.02663664996339e-05,0.4194907350157614,0.04612948214285714,0.00014152000000000001,bybit,0.1149443676984512,5.066535093859519e-05,BTCUSDT_241227,0.00013698630136986303,0.0002465753424657534,0.4,0.0,0.2,0.3,0.09999999999999987,6.169775646457779e-05,144074.4241584839,8.888520332722692
2024-07-28 00:00:00+00:00,0.0021814652920619,0.4192144369072083,0.04742497142857144,0.00015000000000000001,bybit,0.1148594462151817,-0.0005545064694619,BTCUSDT_241227,0.00013698630136986303,0.0002465753424657534,0.4,0.0,0.2,0.3,0.09999999999999987,0.0008493560558090923,144196.79464313012,122.37048464623513
2024-07-29 00:00:00+00:00,-0.009597646820631,0.4452480927137861,0.04742497142857144,0.00015000000000000001,bybit,0.1208962345961155,0.000833349679395,BTCUSDT_241227,0.00013698630136986303,0.0002465753424657534,0.4,0.0,0.2,0.3,0.09999999999999987,-0.003584717559496688,143679.88986134974,-516.9047817803803
2024-07-30 00:00:00+00:00,-0.0037999637584071,0.4212896391315435,0.0440369892857143,3.1445e-05,bybit,0.1187071674623796,0.0023395479543119,BTCUSDT_241227,0.00013698630136986303,0.0002465753424657534,0.4,0.0,0.2,0.3,0.09999999999999987,-0.0009644046796237479,143541.32430319962,-138.5655581501196
2024-07-31 00:00:00+00:00,-0.0099660012073538,0.4227468060670777,0.042697700000000005,0.000124315,bybit,0.1106495698874258,0.0028379340224051,BTCUSDT_241227,0.00013698630136986303,0.0002465753424657534,0.4,0.0,0.2,0.3,0.09999999999999987,-0.003331142445583788,143063.16770511796,-478.15659808166674
2024-08-01 00:00:00+00:00,0.0046523740033667,0.4151534918542292,0.04012653571428571,0.00010069,bybit,0.0963172723873136,0.0042392954557347,BTCUSDT_241227,0.00013698630136986303,0.0002465753424657534,0.4,0.0,0.2,0.3,0.09999999999999987,0.0027964799253703326,143463.2409816652,400.0732765472494
2024-08-02 00:00:00+00:00,-0.0241013174330722,0.4083446819903377,0.04226856428571429,0.00011266000000000001,bybit,0.0806800902776794,-0.0013214992992493,BTCUSDT_241227,0.00013698630136986303,0.0002465753424657534,0.4,0.0,0.2,0.3,0.09999999999999987,-0.00981715560020203,142054.84002203893,-1408.4009596262767
2024-08-03 00:00:00+00:00,-0.0048454175274265,0.367630373490933,0.04043782857142858,0.000120175,binance,0.0889984165867768,0.0018848235336953,BTCUSDT_241227,0.00013698630136986303,0.0002465753424657534,0.4,0.0,0.2,0.3,0.09999999999999987,-0.0014735310713548278,141845.5178014301,-209.32222060882486
2024-08-04 00:00:00+00:00,-0.0005514455602363,0.0,0.04178885,0.000126715,binance,0.0836180661410152,0.0002597101150255,BTCUSDT_241227,0.00013698630136986303,0.0002465753424657534,0.0,0.0,0.2,0.3,0.5,0.00019440777642975752,141873.0936731424,27.57587171229534
2024-08-05 00:00:00+00:00,-0.0,0.0,0.040853407142857144,0.00010198,binance,0.0892376076962821,-0.0010764768790722,BTCUSDT_241227,0.00013698630136986303,0.0002465753424657534,0.0,0.0,0.2,0.3,0.5,-7.282962238978247e-05,141862.76110930293,-10.33256383947446
2024-08-06 00:00:00+00:00,0.0,0.0,0.03839148214285713,2.603e-05,binance,0.0919472343302011,0.000386008998963,BTCUSDT_241227,0.00013698630136986303,0.0002465753424657534,0.0,0.0,0.2,0.3,0.5,0.00021966755321725754,141893.92375492843,31.1626456255035
2024-08-07 00:00:00+00:00,-0.0,0.0,0.03359042857142856,-2.1740000000000002e-05,binance,0.0920694763362062,-0.0021934677158408,BTCUSDT_241227,0.00013698630136986303,0.0002465753424657534,0.0,0.0,0.2,0.3,0.5,-0.00029622778974350245,141851.89083151647,-42.03292341195629
2024-08-08 00:00:00+00:00,0.0,0.0,0.02802730714285714,3.435e-05,binance,0.0930242319847931,0.0001758908303165,BTCUSDT_241227,0.00013698630136986303,0.0002465753424657534,0.0,0.0,0.2,0.3,0.5,0.00017764391948795754,141877.0899573906,25.19912587411818
2024-08-09 00:00:00+00:00,-0.0,0.0,0.02334070714285714,6.012e-05,binance,0.0940646566866714,-0.0002825537135595,BTCUSDT_241227,0.00013698630136986303,0.0002465753424657534,0.0,0.0,0.2,0.3,0.5,8.595501071275753e-05,141889.2850041778,12.195046787208412
2024-08-10 00:00:00+00:00,0.0,0.0,0.017220960714285718,9.88e-05,bybit,0.0960902219376772,0.0009937050573743,BTCUSDT_241227,0.00013698630136986303,0.0002465753424657534,0.0,0.0,0.2,0.3,0.5,0.00034120676489951757,141937.69858808798,48.41358391018002
2024-08-11 00:00:00+00:00,-0.0,0.0,0.017600560714285715,4.711000000000001e-05,bybit,0.0949766851353867,0.0003776873069303,BTCUSDT_241227,0.00013698630136986303,0.0002465753424657534,0.0,0.0,0.2,0.3,0.5,0.00021800321481071753,141968.641462683,30.942874595028115
2024-08-12 00:00:00+00:00,0.0,0.0,0.024341849999999998,0.00011087,bybit,0.0926568299881293,-0.000418642066341,BTCUSDT_241227,0.00013698630136986303,0.0002465753424657534,0.0,0.0,0.2,0.3,0.5,5.873734015645753e-05,141976.98032306816,8.338860385149019
2024-08-13 00:00:00+00:00,0.0,0.0,0.02485806428571429,7.3015e-05,bybit,0.0936281637763317,0.0011036993817995,BTCUSDT_241227,0.00013698630136986303,0.0002465753424657534,0.0,0.0,0.2,0.3,0.5,0.0003632056297845576,142028.54716162133,51.56683855317533
2024-08-14 00:00:00+00:00,-0.0,0.0,0.018769342857142858,-1.9325000000000002e-05,bybit,0.0912198494326931,0.0009114163309243,BTCUSDT_241227,0.00013698630136986303,0.0002465753424657534,0.0,0.0,0.2,0.3,0.5,0.00032474901960951756,142074.67079306862,46.1236314472917
2024-08-15 00:00:00+00:00,-0.0,0.0,0.018067760714285713,4.2015e-05,bybit,0.0886612955231123,0.0001280824510358,BTCUSDT_241227,0.00013698630136986303,0.0002465753424657534,0.0,0.0,0.2,0.3,0.5,0.00016808224363181753,142098.55102249878,23.88022943015676
2024-08-16 00:00:00+00:00,0.0,0.0,0.02171645714285714,6.3995e-05,bybit,0.0866175129609617,-0.0004569882428075,BTCUSDT_241227,0.00013698630136986303,0.0002465753424657534,0.0,0.0,0.2,0.3,0.5,5.106810486315754e-05,142105.8077262033,7.256703704508254
2024-08-17 00:00:00+00:00,0.0,0.0,0.022022796428571433,0.00010467499999999998,bybit,0.0888690620112868,0.0008619647787878,BTCUSDT_241227,0.00013698630136986303,0.0002465753424657534,0.0,0.0,0.2,0.3,0.5,0.00031485870918221756,142150.55097739125,44.743251187959686
2024-08-18 00:00:00+00:00,-0.0,0.0,0.021883053571428574,4.4430000000000007e-05,bybit,0.08628831066691,0.0006490966987207,BTCUSDT_241227,0.00013698630136986303,0.0002465753424657534,0.0,0.0,0.2,0.3,0.5,0.00027228509316879753,142189.25645340813,38.70547601688304
2024-08-19 00:00:00+00:00,0.0,0.0,0.016129871428571425,5.350000000000004e-07,bybit,0.0818899431280294,-0.0003617184148321,BTCUSDT_241227,0.00013698630136986303,0.0002465753424657534,0.0,0.0,0.2,0.3,0.5,7.012207045823754e-05,142199.22705846757,9.97060505943955
2024-08-20 00:00:00+00:00,-0.0,0.0,0.013648653571428571,2.5430000000000002e-05,bybit,0.0851803129689728,7.311849092921808e-05,BTCUSDT_241227,0.00013698630136986303,0.0002465753424657534,0.0,0.0,0.2,0.3,0.5,0.00015708945161050118,142221.56505706563,22.33799859805731
2024-08-21 00:00:00+00:00,0.0,0.0,0.013059960714285713,-3.0615e-05,bybit,0.0824363019169982,0.000634524510502,BTCUSDT_241227,0.00013698630136986303,0.0002465753424657534,0.0,0.0,0.2,0.3,0.5,0.0002693706555250575,142259.87537327484,38.31031620921567
2024-08-22 00:00:00+00:00,-0.0,0.0,0.013480492857142857,5.0079999999999995e-05,bybit,0.0804646570522666,-0.0010219319515885,BTCUSDT_241227,0.00013698630136986303,0.0002465753424657534,0.0,0.0,0.2,0.3,0.5,-6.192063689304247e-05,142251.0665511874,-8.808822087448789
2024-08-23 00:00:00+00:00,0.0,0.0,0.015376667857142857,0.00010036000000000001,bybit,0.0820482898973478,0.000154363304852,BTCUSDT_241227,0.00013698630136986303,0.0002465753424657534,0.0,0.0,0.2,0.3,0.5,0.00017333841439505753,142275.72412550938,24.65757432198734
2024-08-24 00:00:00+00:00,0.000110329348423,0.2979314014341732,0.013980803571428573,7.7905e-05,bybit,0.0816504821530803,-0.0004357279118836,BTCUSDT_241227,0.00013698630136986303,0.0002465753424657534,0.4,0.0,0.2,0.3,0.09999999999999987,4.465738986919231e-05,142282.07778799057,6.353662481182255
2024-08-25 00:00:00+00:00,0.0002849507439415,0.3125231816418853,0.017909507142857148,0.000119775,bybit,0.0847908776283136,0.0008922454064153,BTCUSDT_241227,0.00013698630136986303,0.0002465753424657534,0.4,0.0,0.2,0.3,0.09999999999999987,0.00038010061173637236,142336.15929279692,54.081504806352314
2024-08-26 00:00:00+00:00,-0.0077864327654764,0.3576464554360106,0.021751392857142858,7.421500000000001e-05,bybit,0.0819535200635771,0.002508991947035,BTCUSDT_241227,0.00013698630136986303,0.0002465753424657534,0.4,0.0,0.2,0.3,0.09999999999999987,-0.002525103483906848,141976.74576108076,-359.4135317161563
2024-08-27 00:00:00+00:00,-0.000536469683154,0.0,0.02707205,0.00012747,bybit,0.0715031668053135,-1.6830766641175598e-06,BTCUSDT_241227,0.00013698630136986303,0.0002465753424657534,0.0,0.0,0.2,0.3,0.5,0.00014212913809183404,141996.92479358485,20.179032504092902
2024-08-28 00:00:00+00:00,-0.0,0.0,0.02746651071428572,-2.305e-05,bybit,0.0725685040571811,-9.053966382599384e-05,BTCUSDT_241227,0.00013698630136986303,0.0002465753424657534,0.0,0.0,0.2,0.3,0.5,0.00012435782065945875,142014.58322169253,17.658428107679356
2024-08-29 00:00:00+00:00,0.0,0.0,0.026193964285714286,2.5675e-05,bybit,0.0733214791935826,0.0002954901033557,BTCUSDT_241227,0.00013698630136986303,0.0002465753424657534,0.0,0.0,0.2,0.3,0.5,0.00020156377409579753,142043.20821706334,28.624995370802935
2024-08-30 00:00:00+00:00,-0.0,0.0,0.018708857142857138,-4.319e-05,bybit,0.0724116550047885,0.0002342534730826,BTCUSDT_241227,0.00013698630136986303,0.0002465753424657534,0.0,0.0,0.2,0.3,0.5,0.00018931644804117754,142070.09933271134,26.891115648002597
2024-08-31 00:00:00+00:00,-0.0,0.0,0.018629339285714284,7.638e-05,bybit,0.071758171322071,0.0008297725827945,BTCUSDT_241227,0.00013698630136986303,0.0002465753424657534,0.0,0.0,0.2,0.3,0.5,0.00030842026998355754,142113.91663110413,43.81729839279433
2024-09-01 00:00:00+00:00,-0.0,0.0,0.01582509642857143,6.5995e-05,bybit,0.0691550768145139,-0.0008536372117763,BTCUSDT_241227,0.00013698630136986303,0.0002465753424657534,0.0,0.0,0.2,0.3,0.5,-2.8261688930602486e-05,142109.90025179958,-4.016379304550355
2024-09-02 00:00:00+00:00,0.0,0.0,0.011198721428571427,-1.4510000000000002e-05,bybit,0.0727980375007864,0.0005893581036232,BTCUSDT_241227,0.00013698630136986303,0.0002465753424657534,0.0,0.0,0.2,0.3,0.5,0.00026033737414929756,142146.89677007176,36.996518272178946
2024-09-03 00:00:00+00:00,-0.0,0.0,0.007917632142857142,6.4545e-05,bybit,0.0716833570965639,0.0001075881757724,BTCUSDT_241227,0.00013698630136986303,0.0002465753424657534,0.0,0.0,0.2,0.3,0.5,0.00016398338857913754,142170.20649988012,23.309729808359407
2024-09-04 00:00:00+00:00,0.0,0.0,0.009681625,1.078e-05,bybit,0.0710262586979135,0.0007641765092485,BTCUSDT_241227,0.00013698630136986303,0.0002465753424657534,0.0,0.0,0.2,0.3,0.5,0.00029530105527435756,142212.1895118881,41.98301200798596
2024-09-05 00:00:00+00:00,-0.0,0.0,0.010729435714285715,6.7655e-05,binance,0.068844926390206,0.0002240121039516,BTCUSDT_241227,0.00013698630136986303,0.0002465753424657534,0.0,0.0,0.2,0.3,0.5,0.00018726817421497755,142238.82132896912,26.63181708101183
2024-09-06 00:00:00+00:00,-0.0,0.0,0.00975592857142857,1.8534999999999998e-05,binance,0.0707932465408353,0.0003297631690768,BTCUSDT_241227,0.00013698630136986303,0.0002465753424657534,0.0,0.0,0.2,0.3,0.5,0.00020841838724001754,142268.46651471342,29.64518574430258
2024-09-07 00:00:00+00:00,0.0,0.0,0.006344482142857141,4.318e-05,bybit,0.069009243944797,-9.794896166715764e-05,BTCUSDT_241227,0.00013698630136986303,0.0002465753424657534,0.0,0.0,0.2,0.3,0.5,0.00012287596109122602,142285.9478892694,17.481374555965886
2024-09-08 00:00:00+00:00,0.0,0.0,0.0054301571428571425,4.846e-05,bybit,0.0693783043525479,0.0,BTCUSDT_241227,0.00013698630136986303,0.0002465753424657534,0.0,0.0,0.2,0.3,0.5,0.00014246575342465755,142306.21876403716,20.270874767767964
2024-09-09 00:00:00+00:00,0.0,0.0,0.010218957142857144,7.733e-05,bybit,0.0789184577445858,-0.0003125065741032,BTCUSDT_240927,0.00013698630136986303,0.0002465753424657534,0.0,0.0,0.2,0.3,0.5,7.996443860401755e-05,142317.5982009305,11.379436893330421
2024-09-10 00:00:00+00:00,0.0,0.0,0.01005262142857143,6.1355e-05,bybit,0.0747313389755665,0.0,BTCUSDT_240927,0.00013698630136986303,0.0002465753424657534,0.0,0.0,0.2,0.3,0.5,0.00014246575342465755,142337.87358478375,20.27538385326625
2024-09-11 00:00:00+00:00,-0.0,0.0,0.013377771428571428,7.455e-05,bybit,0.0690655313971945,-0.0008198576860023,BTCUSDT_241227,0.00013698630136986303,0.0002465753424657534,0.0,0.0,0.2,0.3,0.5,-2.150578377580247e-05,142334.81249725132,-3.0610875324346125
2024-09-12 00:00:00+00:00,0.0,0.0,0.01677566071428572,4.7385e-05,bybit,0.0709371732081257,-0.000898123453528,BTCUSDT_241227,0.00013698630136986303,0.0002465753424657534,0.0,0.0,0.2,0.3,0.5,-3.715893728094246e-05,142329.52348688085,-5.289010370470351
2024-09-13 00:00:00+00:00,0.0,0.0,0.018471085714285712,1.9800000000000014e-06,bybit,0.0748123904922476,0.0002109987107011,BTCUSDT_241227,0.00013698630136986303,0.0002465753424657534,0.0,0.0,0.2,0.3,0.5,0.00018466549556487753,142355.80683886906,26.283351988211507
2024-09-14 00:00:00+00:00,-0.0,0.0,0.014943621428571429,-2.447e-05,bybit,0.0746739871281714,0.0009481934818095,BTCUSDT_241227,0.00013698630136986303,0.0002465753424657534,0.0,0.0,0.2,0.3,0.5,0.00033210444978655756,142403.0838357732,47.276996904140105
2024-09-15 00:00:00+00:00,-0.0,0.0,0.016339485714285715,7.523e-05,bybit,0.0696788130422702,0.0005554522086179,BTCUSDT_241227,0.00013698630136986303,0.0002465753424657534,0.0,0.0,0.2,0.3,0.5,0.00025355619514823757,142439.19101988798,36.10718411477865
2024-09-16 00:00:00+00:00,-0.0,0.0,0.01495457142857143,5.0770000000000003e-05,bybit,0.0674335327298473,0.0001245405099358,BTCUSDT_241227,0.00013698630136986303,0.0002465753424657534,0.0,0.0,0.2,0.3,0.5,0.00016737385541181754,142463.0316164507,23.84059656271711
2024-09-17 00:00:00+00:00,0.0,0.0,0.01694799285714286,9.9585e-05,bybit,0.0648612550605409,-0.0011183143413327,BTCUSDT_241227,0.00013698630136986303,0.0002465753424657534,0.0,0.0,0.0,0.3,0.7,0.00016986301369863014,142487.2308163417,24.199199891008902
2024-09-18 00:00:00+00:00,0.0,0.0,0.016982667857142857,7.5215e-05,bybit,0.0719486272585214,-0.0003756477292175,BTCUSDT_241227,0.00013698630136986303,0.0002465753424657534,0.0,0.0,0.2,0.3,0.5,6.733620758115752e-05,142496.82536609363,9.594549751927843
2024-09-19 00:00:00+00:00,0.0,0.0,0.020123492857142856,0.00010761999999999999,bybit,0.0740214503298919,6.640402656230849e-05,BTCUSDT_241227,0.00013698630136986303,0.0002465753424657534,0.0,0.0,0.2,0.3,0.5,0.00015574655873711924,142519.01875627539,22.193390181753784
2024-09-20 00:00:00+00:00,0.0,0.0,0.023198878571428574,6.096e-05,bybit,0.0739846998473238,3.805316525593856e-05,BTCUSDT_241227,0.00013698630136986303,0.0002465753424657534,0.0,0.0,0.2,0.3,0.5,0.00015007638647584527,142540.4074956144,21.388739339017775
2024-09-21 00:00:00+00:00,0.0,0.0,0.024042289285714287,-8.295e-06,bybit,0.0742871942151119,0.0005430239107319,BTCUSDT_241227,0.00013698630136986303,0.0002465753424657534,0.0,0.0,0.2,0.3,0.5,0.00025107053557103754,142576.19519206483,35.787696450424846
2024-09-22 00:00:00+00:00,0.0,0.0,0.02704936785714286,0.00010538,binance,0.0706753979893073,0.0002880679019219,BTCUSDT_241227,0.00013698630136986303,0.0002465753424657534,0.0,0.0,0.2,0.3,0.5,0.00020007933380903752,142604.7217422159,28.526550151058473
2024-09-23 00:00:00+00:00,-0.0,0.0,0.027176075,6.607e-05,binance,0.0694666571374742,-0.000150694687511,BTCUSDT_241227,0.00013698630136986303,0.0002465753424657534,0.0,0.0,0.2,0.3,0.5,0.00011232681592245754,142620.7400765447,16.018334328808123
2024-09-24 00:00:00+00:00,0.0,0.0,0.024378610714285716,2.5185e-05,binance,0.070351107682366,-3.960306678677139e-05,BTCUSDT_241227,0.00013698630136986303,0.0002465753424657534,0.0,0.0,0.2,0.3,0.5,0.00013454514006730326,142639.92900399482,19.188927450129995
2024-09-25 00:00:00+00:00,-0.008724094578221,0.4644530533328229,0.02458379285714286,0.00015000000000000001,bybit,0.0726745102467753,0.0003102039032486,BTCUSDT_241227,0.00013698630136986303,0.0002465753424657534,0.4,0.0,0.2,0.3,0.09999999999999987,-0.003339925817761968,142163.52222247064,-476.40678152418695
2024-09-26 00:00:00+00:00,-0.0006966795799992,0.0,0.026534717857142866,0.000145035,bybit,0.0688002273005988,0.0,BTCUSDT_241227,0.00013698630136986303,0.0002465753424657534,0.0,0.0,0.2,0.3,0.5,0.00014246575342465755,142183.77565577356,20.253433302917983
2024-09-27 00:00:00+00:00,0.003783678343583,0.4949777239682042,0.028616782142857143,0.00010088999999999999,bybit,0.0912047879108825,-0.0007322489221901,BTCUSDT_250328,0.00013698630136986303,0.0002465753424657534,0.4,0.0,0.2,0.3,0.09999999999999987,0.0014546927858718924,142390.60936848805,206.8337127144914
2024-09-28 00:00:00+00:00,0.0006561024069421,0.492669450118779,0.03455559285714286,0.0001056,bybit,0.0925215124655442,-2.960915909983737e-06,BTCUSDT_250328,0.00013698630136986303,0.0002465753424657534,0.4,0.0,0.2,0.3,0.09999999999999987,0.0003495200124715556,142440.37773605034,49.7683675622975
2024-09-29 00:00:00+00:00,-0.0019736342030631,0.5035527621977092,0.04223727857142858,0.00015000000000000001,bybit,0.0934106160263485,0.0049592992653731,BTCUSDT_250328,0.00013698630136986303,0.0002465753424657534,0.4,0.0,0.2,0.3,0.09999999999999987,0.00029007740472609223,142481.69647115222,41.318735101871425
2024-09-30 00:00:00+00:00,-0.0187410683197015,0.5390216013778762,0.04660163571428571,0.00015000000000000001,bybit,0.0763545998402289,0.0009939585573997,BTCUSDT_250328,0.00013698630136986303,0.0002465753424657534,0.4,0.0,0.2,0.3,0.09999999999999987,-0.007209964383523949,141454.40851429114,-1027.2879568610806
2024-10-01 00:00:00+00:00,-0.0008085324020668,0.0,0.04391732142857144,4.0725e-05,bybit,0.07572261176339,0.0,BTCUSDT_250328,0.00013698630136986303,0.0002465753424657534,0.0,0.0,0.2,0.3,0.5,0.00014246575342465755,141474.56092317536,20.152408884227043
2024-10-02 00:00:00+00:00,-0.0,0.0,0.04082811785714287,9.075500000000001e-05,bybit,0.0743402678635299,-0.0005,BTCUSDT_241227,0.00013698630136986303,0.0002465753424657534,0.0,0.0,0.2,0.3,0.5,4.2465753424657536e-05,141480.56874699538,6.007823820022168
2024-10-03 00:00:00+00:00,0.0,0.0,0.03967158928571428,0.000122855,bybit,0.0754303098353368,-0.0008745511928603,BTCUSDT_250328,0.00013698630136986303,0.0002465753424657534,0.0,0.0,0.2,0.3,0.5,-3.244448514740248e-05,141475.978482784,-4.59026421137969
2024-10-04 00:00:00+00:00,0.0,0.0,0.03896375,8.7315e-05,bybit,0.0757610871556043,-0.0001159681731791,BTCUSDT_250328,0.00013698630136986303,0.0002465753424657534,0.0,0.0,0.2,0.3,0.5,0.00011927211878883754,141492.85262249538,16.87413971137721
2024-10-05 00:00:00+00:00,-0.0,0.0,0.036652257142857136,6.127e-05,bybit,0.0767176275216028,0.0,BTCUSDT_250328,0.00013698630136986303,0.0002465753424657534,0.0,0.0,0.2,0.3,0.5,0.00014246575342465755,141513.01050834844,20.15788585305563
2024-10-06 00:00:00+00:00,0.0,0.0,0.03515419285714286,0.00012127000000000001,bybit,0.0830718357269603,-5.117732578732275e-05,BTCUSDT_241227,0.00013698630136986303,0.0002465753424657534,0.0,0.0,0.2,0.3,0.5,0.000132230288267193,141531.72281452152,18.712306173081743
2024-10-07 00:00:00+00:00,-0.0,0.0,0.029833275,4.7955e-05,bybit,0.0808191194537299,0.0,BTCUSDT_241227,0.00013698630136986303,0.0002465753424657534,0.0,0.0,0.2,0.3,0.5,0.00014246575342465755,141551.88623804576,20.16342352423817
2024-10-08 00:00:00+00:00,-0.0,0.0,0.026963071428571427,-1.4319999999999998e-05,bybit,0.079398006770023,0.0003576991590638,BTCUSDT_250328,0.00013698630136986303,0.0002465753424657534,0.0,0.0,0.2,0.3,0.5,0.00021400558523741758,141582.17913230156,30.29289425580646
2024-10-09 00:00:00+00:00,-0.0,0.0,0.027315035714285712,9.750500000000001e-05,bybit,0.0780973091571644,0.0008729959519111,BTCUSDT_250328,0.00013698630136986303,0.0002465753424657534,0.0,0.0,0.2,0.3,0.5,0.0003170649438068775,141627.06987797222,44.890745670651086
2024-10-10 00:00:00+00:00,-0.0,0.0,0.02467113214285714,7.214999999999999e-05,bybit,0.0751723520538678,0.0,BTCUSDT_250328,0.00013698630136986303,0.0002465753424657534,0.0,0.0,0.2,0.3,0.5,0.00014246575342465755,141647.2468851877,20.177007215475896
2024-10-11 00:00:00+00:00,0.0,0.0,0.024147878571428576,7.728e-05,bybit,0.0846713168507219,-0.0005,BTCUSDT_241227,0.00013698630136986303,0.0002465753424657534,0.0,0.0,0.2,0.3,0.5,4.2465753424657536e-05,141653.2620422472,6.015157059504418
2024-10-12 00:00:00+00:00,0.0,0.0,0.027917807142857146,0.00013357,bybit,0.0809910152536205,-0.0005,BTCUSDT_250328,0.00013698630136986303,0.0002465753424657534,0.0,0.0,0.2,0.3,0.5,4.2465753424657536e-05,141659.27745474488,6.015412497683428
2024-10-13 00:00:00+00:00,-0.0,0.0,0.027341107142857146,0.00011020999999999999,bybit,0.083986548755671,-0.0020343561207709,BTCUSDT_241227,0.00013698630136986303,0.0002465753424657534,0.0,0.0,0.2,0.3,0.5,-0.0002644054707295225,141621.82196680625,-37.4554879386269
2024-10-14 00:00:00+00:00,0.0,0.0,0.03165253928571429,0.00013064,bybit,0.0953817214991055,0.0008651868629602,BTCUSDT_241227,0.00013698630136986303,0.0002465753424657534,0.0,0.0,0.2,0.3,0.5,0.0003155031260166976,141666.504094349,44.68212754273554
2024-10-15 00:00:00+00:00,0.0068653741051993,0.5091796697693498,0.04022065357142858,0.00015000000000000001,bybit,0.0867368556644928,6.761175022141494e-05,BTCUSDT_241227,0.00013698630136986303,0.0002465753424657534,0.4,0.0,0.2,0.3,0.09999999999999987,0.0028473432250007156,142069.87725499156,403.37316064257175
2024-10-16 00:00:00+00:00,0.0040658348072653,0.5010842554299172,0.04295789285714287,0.00015000000000000001,bybit,0.0865516422826127,0.000433821290473,BTCUSDT_241227,0.00013698630136986303,0.0002465753424657534,0.4,0.0,0.2,0.3,0.09999999999999987,0.0018007694138774324,142325.71234458569,255.83508959412575
2024-10-17 00:00:00+00:00,-0.0015695898083951,0.523795816015354,0.04701721428571429,0.00015000000000000001,bybit,0.0835552079027053,-0.0007154957937924,BTCUSDT_241227,0.00013698630136986303,0.0002465753424657534,0.4,0.0,0.2,0.3,0.09999999999999987,-0.0006832638492398077,142228.46633052334,-97.24601406234433
2024-10-18 00:00:00+00:00,0.0078673389358068,0.527526029457221,0.050408325000000004,0.000142315,bybit,0.0908545165304096,0.0004157654761209,BTCUSDT_241227,0.00013698630136986303,0.0002465753424657534,0.4,0.0,0.2,0.3,0.09999999999999987,0.0033177599024236124,142700.34623309795,471.87990257461206
2024-10-19 00:00:00+00:00,-0.0003891215712406,0.5227672930111774,0.05126503214285714,0.00015000000000000001,bybit,0.087836752307399,-0.0013001988943812,BTCUSDT_241227,0.00013698630136986303,0.0002465753424657534,0.4,0.0,0.2,0.3,0.09999999999999987,-0.0003280171744957677,142653.538068727,-46.80816437094472
2024-10-20 00:00:00+00:00,0.0049901965133874,0.5218884104366022,0.05333979642857144,0.00015000000000000001,bybit,0.1021098739021952,0.0010249595875766,BTCUSDT_241227,0.00013698630136986303,0.0002465753424657534,0.4,0.0,0.2,0.3,0.09999999999999987,0.0022887417557469927,142980.03517790994,326.4971091829357
2024-10-21 00:00:00+00:00,-0.0131297122697509,0.5462968761757918,0.05434928214285714,0.00015000000000000001,bybit,0.094736993670658,-9.1276761530206e-05,BTCUSDT_241227,0.00013698630136986303,0.0002465753424657534,0.4,0.0,0.2,0.3,0.09999999999999987,-0.00518246902732969,142239.0455740739,-740.9896038360312
2024-10-22 00:00:00+00:00,0.0003895012880275,0.551086555113306,0.05434928214285714,0.00015000000000000001,bybit,0.0971120752807342,0.0003333283896419,BTCUSDT_241227,0.00013698630136986303,0.0002465753424657534,0.4,0.0,0.2,0.3,0.09999999999999987,0.00031013742601609235,142283.15922554725,44.113651473337086
2024-10-23 00:00:00+00:00,-0.0064071046720048,0.5681398162494802,0.05474999999999999,0.00015000000000000001,binance,0.0959402034712546,-0.0009769959343709,BTCUSDT_241227,0.00013698630136986303,0.0002465753424657534,0.4,0.0,0.2,0.3,0.09999999999999987,-0.002670569822799388,141903.18211422698,-379.97711132027325
2024-10-24 00:00:00+00:00,0.0126746784348221,0.5533880242418432,0.05474999999999999,0.00015000000000000001,binance,0.1061477008657702,0.0010993679019471,BTCUSDT_241227,0.00013698630136986303,0.0002465753424657534,0.4,0.0,0.2,0.3,0.09999999999999987,0.005377416187194973,142666.25458274246,763.0724685154855
2024-10-25 00:00:00+00:00,-0.0123596607919882,0.5614100315018001,0.05474999999999999,0.00015000000000000001,binance,0.0972324028036213,0.0001186686383301,BTCUSDT_241227,0.00013698630136986303,0.0002465753424657534,0.4,0.0,0.2,0.3,0.09999999999999987,-0.004832459356252548,141976.8257059626,-689.4288767798571
2024-10-26 00:00:00+00:00,0.0029786704973374,0.5153723226823678,0.05298392142857143,0.000130645,bybit,0.09683081712831,-0.0008485267262816,BTCUSDT_241227,0.00013698630136986303,0.0002465753424657534,0.4,0.0,0.2,0.3,0.09999999999999987,0.0011094340865553524,142134.3396359017,157.51392993910122
2024-10-27 00:00:00+00:00,0.0071987824547941,0.520486669779812,0.052676799999999996,0.00014862,binance,0.1070899819168129,-0.0004064144236323,BTCUSDT_241227,0.00013698630136986303,0.0002465753424657534,0.4,0.0,0.2,0.3,0.09999999999999987,0.0028859013300678925,142544.5253157053,410.1856798036024
2024-10-28 00:00:00+00:00,0.0153791581359615,0.5401262326161701,0.05256495357142858,0.00015000000000000001,bybit,0.1106625634038708,-0.0012620384633362,BTCUSDT_241227,0.00013698630136986303,0.0002465753424657534,0.4,0.0,0.2,0.3,0.09999999999999987,0.005986926794594072,143397.92895374057,853.4036380352627
2024-10-29 00:00:00+00:00,0.0213175217502008,0.5376940375737957,0.05256495357142858,0.00015000000000000001,bybit,0.1232654115470998,0.0003947128549906,BTCUSDT_241227,0.00013698630136986303,0.0002465753424657534,0.4,0.0,0.2,0.3,0.09999999999999987,0.008693622503955153,144644.57641591338,1246.647462172812
2024-10-30 00:00:00+00:00,-0.0028957005587489,0.5377317611726556,0.05256495357142858,0.00015000000000000001,bybit,0.121074717602375,0.0,BTCUSDT_241227,0.00013698630136986303,0.0002465753424657534,0.4,0.0,0.2,0.3,0.09999999999999987,-0.0010706089906228477,144489.7186319577,-154.8577839556965
2024-10-31 00:00:00+00:00,-0.0154977433665384,0.5457651305391954,0.05256495357142858,0.00015000000000000001,bybit,0.1144443872570084,0.0001515676532794,BTCUSDT_250328,0.00013698630136986303,0.0002465753424657534,0.4,0.0,0.2,0.3,0.09999999999999987,-0.006081112583082768,143611.06038585881,-878.658246098872
2024-11-01 00:00:00+00:00,-0.0060680190460593,0.5343312714289177,0.053321807142857156,0.00015000000000000001,bybit,0.1132699345387077,0.0022859585751758,BTCUSDT_250328,0.00013698630136986303,0.0002465753424657534,0.4,0.0,0.2,0.3,0.09999999999999987,-0.0018823446705118476,143340.73487171493,-270.3255141438858
2024-11-02 00:00:00+00:00,-0.0009254604867893,0.5059897662729173,0.054331032142857144,0.00015000000000000001,bybit,0.1027953402059596,0.0005084703740871,BTCUSDT_250328,0.00013698630136986303,0.0002465753424657534,0.4,0.0,0.2,0.3,0.09999999999999987,-0.0001808188870215877,143314.81615957056,-25.918712144368328
2024-11-03 00:00:00+00:00,-0.0043965073579179,0.5088997649462957,0.05474999999999999,0.00015000000000000001,bybit,0.1018231898901805,0.0002989415346837,BTCUSDT_250328,0.00013698630136986303,0.0002465753424657534,0.4,0.0,0.2,0.3,0.09999999999999987,-0.0016111434033537078,143083.91543891223,-230.90072065833374
2024-11-04 00:00:00+00:00,-0.0071811938703205,0.5309207005962746,0.05474999999999999,0.00015000000000000001,binance,0.1023934232532414,-0.0004848930751815,BTCUSDT_250328,0.00013698630136986303,0.0002465753424657534,0.4,0.0,0.2,0.3,0.09999999999999987,-0.002881784930287788,142671.57836763377,-412.33707127845264
2024-11-05 00:00:00+00:00,0.0118896885928376,0.530091881102085,0.05474999999999999,0.00015000000000000001,binance,0.1032682925142147,0.0,BTCUSDT_250328,0.00013698630136986303,0.0002465753424657534,0.4,0.0,0.2,0.3,0.09999999999999987,0.0048435466700117525,143362.61481594166,691.0364483078883
2024-11-06 00:00:00+00:00,0.0467670907824007,0.5233926874317402,0.05474999999999999,0.00015000000000000001,binance,0.1193830246510386,-0.00096842752189,BTCUSDT_241227,0.00013698630136986303,0.0002465753424657534,0.4,0.0,0.2,0.3,0.09999999999999987,0.018600822041458992,146029.27730153123,2666.6624855895643
2024-11-07 00:00:00+00:00,0.0018572159823821,0.5001383956276457,0.05474999999999999,0.00015000000000000001,binance,0.1281250111227721,0.0003716818382372,BTCUSDT_241227,0.00013698630136986303,0.0002465753424657534,0.4,0.0,0.2,0.3,0.09999999999999987,0.0009048939934769923,146161.41831743318,132.14101590195787
2024-11-08 00:00:00+00:00,0.0042510599322673,0.495490505241406,0.05474999999999999,0.00015000000000000001,binance,0.1241357374074752,-0.000330807381749,BTCUSDT_241227,0.00013698630136986303,0.0002465753424657534,0.4,0.0,0.2,0.3,0.09999999999999987,0.0017219337294338327,146413.09859357588,251.68027614269522
2024-11-09 00:00:00+00:00,0.0010654651318311,0.4899483752206215,0.05474999999999999,0.00015000000000000001,binance,0.1314648072588736,-0.0017446456885765,BTCUSDT_241227,0.00013698630136986303,0.0002465753424657534,0.4,0.0,0.2,0.3,0.09999999999999987,0.00016492814789385233,146437.2462347543,24.147641178424237
2024-11-10 00:00:00+00:00,0.023698189554431,0.492172843005988,0.06266241785714285,0.000308855,bybit,0.1539460520744102,-0.0014509143398139,BTCUSDT_241227,0.00013698630136986303,0.0002465753424657534,0.4,0.0,0.2,0.3,0.09999999999999987,0.009276764186686333,147795.71003622186,1358.4638014675584
2024-11-11 00:00:00+00:00,0.0507193706773124,0.492432652637887,0.07232448928571428,0.0003353,bybit,0.1634799198983275,0.0010289009372913,BTCUSDT_241227,0.00013698630136986303,0.0002465753424657534,0.34782608695652173,0.21739130434782605,0.17391304347826086,0.26086956521739124,1.1102230246251565e-16,0.017957674835759083,150449.7773391725,2654.067302950629
2024-11-12 00:00:00+00:00,-0.0037200122998006,0.4694282475757048,0.10380573928571427,0.0007537500000000001,bybit,0.1516120615726189,5.628069216412671e-06,BTCUSDT_241227,0.00013698630136986303,0.0002465753424657534,0.34782608695652173,0.21739130434782605,0.17391304347826086,0.26086956521739124,1.1102230246251565e-16,-0.0010647558289888968,150289.58506178053,-160.19227739196504
2024-11-13 00:00:00+00:00,0.0122464777663649,0.4457849168503875,0.11222003214285714,0.000298255,bybit,0.1508094235828171,0.001222625233471,BTCUSDT_241227,0.00013698630136986303,0.0002465753424657534,0.34782608695652173,0.21739130434782605,0.17391304347826086,0.26086956521739124,1.1102230246251565e-16,0.00460143696172164,150981.1331134456,691.5480516650714
2024-11-14 00:00:00+00:00,-0.0143771018633451,0.4251480912162927,0.11435267500000001,0.00019690499999999999,bybit,0.1382246601483034,-0.0005892888900033,BTCUSDT_241227,0.00013698630136986303,0.0002465753424657534,0.34782608695652173,0.21739130434782605,0.17391304347826086,0.26086956521739124,1.1102230246251565e-16,-0.004996086670086065,150226.81828686298,-754.3148265826167
2024-11-15 00:00:00+00:00,0.0169032490932227,0.3991630700657602,0.11435267500000003,0.00015000000000000001,bybit,0.1455791113740772,1.6752337939741225e-05,BTCUSDT_241227,0.00013698630136986303,0.0002465753424657534,0.34782608695652173,0.21739130434782605,0.17391304347826086,0.26086956521739124,1.1102230246251565e-16,0.005979237137058046,151125.06005774587,898.2417708828871
2024-11-16 00:00:00+00:00,-0.0019361283870537,0.3945044279647171,0.12834651428571428,0.000418375,bybit,0.1495629159534187,-0.0005918624896397,BTCUSDT_241227,0.00013698630136986303,0.0002465753424657534,0.34782608695652173,0.21739130434782605,0.17391304347826086,0.26086956521739124,1.1102230246251565e-16,-0.000621093478269299,151031.19726854094,-93.86278920492623
2024-11-17 00:00:00+00:00,-0.0031597011400597,0.3909290502781517,0.13719255000000002,0.00047850499999999995,bybit,0.1654383725559086,0.0002030471201753,BTCUSDT_241227,0.00013698630136986303,0.0002465753424657534,0.34782608695652173,0.21739130434782605,0.17391304347826086,0.26086956521739124,1.1102230246251565e-16,-0.0008953671123905166,150895.96890156172,-135.2283669792232
2024-11-18 00:00:00+00:00,0.0026161448296163,0.3873702198594553,0.14789721785714288,0.000540595,bybit,0.1647647303061027,-0.0001983660254988,BTCUSDT_241227,0.00013698630136986303,0.0002465753424657534,0.34782608695652173,0.21739130434782605,0.17391304347826086,0.26086956521739124,1.1102230246251565e-16,0.0010573096343360748,151055.5126632638,159.5437617020798
2024-11-19 00:00:00+00:00,0.0080229434914561,0.3934647017639028,0.13362206785714284,0.00047998,bybit,0.1694522071067017,0.0003367428661373,BTCUSDT_241227,0.00013698630136986303,0.0002465753424657534,0.34782608695652173,0.21739130434782605,0.17391304347826086,0.26086956521739124,1.1102230246251565e-16,0.00301782049786924,151511.37108569514,455.8584224313381
2024-11-20 00:00:00+00:00,0.0083547928300054,0.3905519584178069,0.1279465785714286,0.00018941000000000002,bybit,0.163880540688221,-0.0004175568607021,BTCUSDT_241227,0.00013698630136986303,0.0002465753424657534,0.34782608695652173,0.21739130434782605,0.17391304347826086,0.26086956521739124,1.1102230246251565e-16,0.002938896402262144,151956.6473090807,445.276223385561
2024-11-21 00:00:00+00:00,0.0169699759672424,0.3972109167576045,0.12852015000000003,0.000207905,bybit,0.1696478022681437,0.0003782657588017,BTCUSDT_241227,0.00013698630136986303,0.0002465753424657534,0.34782608695652173,0.21739130434782605,0.17391304347826086,0.26086956521739124,1.1102230246251565e-16,0.006077906427301761,152880.2255924318,923.5782833510893
2024-11-22 00:00:00+00:00,0.0023462516089255,0.4026579584704989,0.13861605000000002,0.00034362,bybit,0.1656368274770164,-0.0001112324556082,BTCUSDT_241227,0.00013698630136986303,0.0002465753424657534,0.34782608695652173,0.21739130434782605,0.17391304347826086,0.26086956521739124,1.1102230246251565e-16,0.0009357667436419878,153023.2858233017,143.06023086991627
2024-11-23 00:00:00+00:00,-0.0049043255213765,0.3969795280859096,0.1305492892857143,0.00026367000000000003,bybit,0.175055624118754,0.0003472833676658,BTCUSDT_241227,0.00013698630136986303,0.0002465753424657534,0.34782608695652173,0.21739130434782605,0.17391304347826086,0.26086956521739124,1.1102230246251565e-16,-0.0015238116802414904,152790.1071530152,-233.17867028649198
2024-11-24 00:00:00+00:00,0.0009091468383043,0.3927836921964304,0.1307372642857143,0.00048211,bybit,0.17227649506145,0.0004722674270613,BTCUSDT_241227,0.00013698630136986303,0.0002465753424657534,0.34782608695652173,0.21739130434782605,0.17391304347826086,0.26086956521739124,1.1102230246251565e-16,0.0005674889769336573,152876.81385460903,86.7067015938228
2024-11-25 00:00:00+00:00,-0.0196238282335668,0.3928729400368914,0.13028257857142858,0.000531875,bybit,0.175660645961655,0.0007243843969052,BTCUSDT_241227,0.00013698630136986303,0.0002465753424657534,0.34782608695652173,0.21739130434782605,0.17391304347826086,0.26086956521739124,1.1102230246251565e-16,-0.006519750488092133,151880.09517286246,-996.7186817465699
2024-11-26 00:00:00+00:00,-0.0040809700976988,0.3587173818035244,0.11379318214285716,0.000163745,bybit,0.1661353551293666,-0.0005167717861851,BTCUSDT_241227,0.00013698630136986303,0.0002465753424657534,0.34782608695652173,0.21739130434782605,0.17391304347826086,0.26086956521739124,1.1102230246251565e-16,-0.0014094204726754903,151666.03225733395,-214.06291552851326
2024-11-27 00:00:00+00:00,0.0155788051014951,0.367878250065017,0.12319167142857143,0.000369655,bybit,0.1767561578171209,-0.0007074149795474,BTCUSDT_241227,0.00013698630136986303,0.0002465753424657534,0.34782608695652173,0.21739130434782605,0.17391304347826086,0.26086956521739124,1.1102230246251565e-16,0.005440369910807205,152491.15157571828,825.1193183843279
2024-11-28 00:00:00+00:00,-0.0008468253988345,0.369438230626062,0.12864659642857143,0.00031252,bybit,0.2011182692746372,0.0003414747065105,BTCUSDT_241227,0.00013698630136986303,0.0002465753424657534,0.34782608695652173,0.21739130434782605,0.17391304347826086,0.26086956521739124,1.1102230246251565e-16,-0.00010289792651475999,152475.4605524093,-15.691023308987496
2024-11-29 00:00:00+00:00,0.0069715632844113,0.3673360689869207,0.13460000714285716,0.000457795,bybit,0.1956828442437923,0.0001133285450441,BTCUSDT_241227,0.00013698630136986303,0.0002465753424657534,0.34782608695652173,0.21739130434782605,0.17391304347826086,0.26086956521739124,1.1102230246251565e-16,0.0026084455439244056,152873.18448804502,397.7239356357313
2024-11-30 00:00:00+00:00,-0.0039440712141372,0.3650706769607908,0.13651443214285716,0.000300385,bybit,0.2020472423345655,-0.0003314559301569,BTCUSDT_241227,0.00013698630136986303,0.0002465753424657534,0.34782608695652173,0.21739130434782605,0.17391304347826086,0.26086956521739124,1.1102230246251565e-16,-0.0012998702773448121,152674.46917932597,-198.7153087190527
2024-12-01 00:00:00+00:00,0.003024572146195,0.3775017789134934,0.12833660714285713,0.000325275,bybit,0.2173722134620504,0.0014551601386137,BTCUSDT_241227,0.00013698630136986303,0.0002465753424657534,0.34782608695652173,0.21739130434782605,0.17391304347826086,0.26086956521739124,1.1102230246251565e-16,0.0014401323816873616,152894.340626248,219.8714469220431
2024-12-02 00:00:00+00:00,-0.0058425319735448,0.4179179388345975,0.11084189642857144,0.00019636,bybit,0.1861518425068635,-0.0002359646671733,BTCUSDT_241227,0.00013698630136986303,0.0002465753424657534,0.34782608695652173,0.21739130434782605,0.17391304347826086,0.26086956521739124,1.1102230246251565e-16,-0.001966211408793786,152593.7180293687,-300.6225968793151
2024-12-03 00:00:00+00:00,3.854872239879306e-05,0.4186305499237314,0.11467491785714287,0.00023725500000000002,bybit,0.2010663997278782,-0.0003436109183034,BTCUSDT_241227,0.00013698630136986303,0.0002465753424657534,0.34782608695652173,0.21739130434782605,0.17391304347826086,0.26086956521739124,1.1102230246251565e-16,6.955100699005499e-05,152604.33107611802,10.613046749320347
2024-12-04 00:00:00+00:00,0.0126982668347451,0.4460296815325917,0.12321096428571429,0.00053336,bybit,0.2145854051007756,0.0003114497888774,BTCUSDT_241227,0.00013698630136986303,0.0002465753424657534,0.34782608695652173,0.21739130434782605,0.17391304347826086,0.26086956521739124,1.1102230246251565e-16,0.004651225473402822,153314.12822817086,709.7971520528372
2024-12-05 00:00:00+00:00,-0.0077470886662457,0.4636440940843095,0.16024308214285712,0.001022725,bybit,0.2176288024910079,-9.53627306357452e-05,BTCUSDT_241227,0.00013698630136986303,0.0002465753424657534,0.34782608695652173,0.21739130434782605,0.17391304347826086,0.26086956521739124,1.1102230246251565e-16,-0.00242456883468322,152942.4075709522,-371.7206572186551
2024-12-06 00:00:00+00:00,0.0115218933170354,0.4027777163149807,0.14509740714285718,0.00016732999999999999,bybit,0.2248247510629505,0.0007552071949665,BTCUSDT_241227,0.00013698630136986303,0.0002465753424657534,0.34782608695652173,0.21739130434782605,0.17391304347826086,0.26086956521739124,1.1102230246251565e-16,0.004239655537867118,153590.83069618512,648.4231252329191
2024-12-07 00:00:00+00:00,0.0003435396093866,0.3926088892012748,0.13859206428571436,0.000175625,bybit,0.2083105575677686,-0.0005554331832912,BTCUSDT_241227,0.00013698630136986303,0.0002465753424657534,0.34782608695652173,0.21739130434782605,0.17391304347826086,0.26086956521739124,1.1102230246251565e-16,0.00012539831290097917,153610.0907272315,19.260031046374934
2024-12-08 00:00:00+00:00,0.0050924085670235,0.3986275549527981,0.14252285357142858,0.00040065999999999995,bybit,0.2375742420726499,0.0016164638784511,BTCUSDT_241227,0.00013698630136986303,0.0002465753424657534,0.34782608695652173,0.21739130434782605,0.17391304347826086,0.26086956521739124,1.1102230246251565e-16,0.0022038207002081267,153948.61982493705,338.5290977055556
2024-12-09 00:00:00+00:00,-0.0154199146055994,0.4064357541325648,0.14366321785714287,0.00021823,bybit,0.1925145527084925,0.000754190607451,BTCUSDT_241227,0.00013698630136986303,0.0002465753424657534,0.34782608695652173,0.21739130434782605,0.17391304347826086,0.26086956521739124,1.1102230246251565e-16,-0.005120519667834638,153160.32288928746,-788.2969356495887
2024-12-10 00:00:00+00:00,-0.0026774024611143,0.3741816123694065,0.13911349285714286,0.00015000000000000001,bybit,0.1726662692035295,-0.0001164680670441,BTCUSDT_241227,0.00013698630136986303,0.0002465753424657534,0.34782608695652173,0.21739130434782605,0.17391304347826086,0.26086956521739124,1.1102230246251565e-16,-0.000854593039230273,153029.43314346002,-130.88974582744413
2024-12-11 00:00:00+00:00,0.0172798325046006,0.3684769220744439,0.11912400714285716,0.00015000000000000001,bybit,0.1803118046971576,0.0004597775030901,BTCUSDT_241227,0.00013698630136986303,0.0002465753424657534,0.34782608695652173,0.21739130434782605,0.17391304347826086,0.26086956521739124,1.1102230246251565e-16,0.006187270526259118,153976.26764479867,946.834501338657
2024-12-12 00:00:00+00:00,-0.004226734594455,0.3798513271060599,0.07737139642857141,0.00015000000000000001,binance,0.171861393812875,0.0005027784308053,BTCUSDT_241227,0.00013698630136986303,0.0002465753424657534,0.34782608695652173,0.21739130434782605,0.17391304347826086,0.26086956521739124,1.1102230246251565e-16,-0.0012857961294619254,153778.28555583203,-197.98208896664437
2024-12-13 00:00:00+00:00,0.0052741248920724,0.3722469764853485,0.07616324642857142,0.00015000000000000001,binance,0.1557099791927755,0.0,BTCUSDT_241227,0.00013698630136986303,0.0002465753424657534,0.34782608695652173,0.21739130434782605,0.17391304347826086,0.26086956521739124,1.1102230246251565e-16,0.0019314109213640748,154075.2946160232,297.0090601911652
2024-12-14 00:00:00+00:00,-1.7486507626767523e-05,0.3734715478145378,0.07137783571428569,0.00015000000000000001,bybit,0.1464577518468517,-0.0028891244330506,BTCUSDT_250328,0.00013698630136986303,0.0002465753424657534,0.34782608695652173,0.21739130434782605,0.17391304347826086,0.26086956521739124,1.1102230246251565e-16,-0.0004116059886270443,154011.8763020598,-63.41831396339694
2024-12-15 00:00:00+00:00,0.0113082029376655,0.3769413856026956,0.0619206857142857,0.00014097,binance,0.1600098138337715,0.0013175353535701,BTCUSDT_250328,0.00013698630136986303,0.0002465753424657534,0.4,0.0,0.2,0.3,0.09999999999999987,0.004874459478656934,154762.6009523261,750.7246502662892
2024-12-16 00:00:00+00:00,0.0060566254428159,0.3989182363547712,0.05474999999999999,0.00015000000000000001,bybit,0.1498614438610541,0.0007301619688576,BTCUSDT_250328,0.00013698630136986303,0.0002465753424657534,0.4,0.0,0.2,0.3,0.09999999999999987,0.0026563538037745926,155173.70517604784,411.104223721748
2024-12-17 00:00:00+00:00,0.000278654744067,0.4036443633234513,0.05474999999999999,0.00015000000000000001,bybit,0.1459644825071042,0.0021429095026708,BTCUSDT_250328,0.00013698630136986303,0.0002465753424657534,0.4,0.0,0.2,0.3,0.09999999999999987,0.0006277150310376723,155271.11004320867,97.40486716083251
2024-12-18 00:00:00+00:00,-0.0232577283224107,0.4159499067810091,0.05457584285714287,0.00014666,bybit,0.1395792294140723,-0.0001419603866152,BTCUSDT_250328,0.00013698630136986303,0.0002465753424657534,0.4,0.0,0.2,0.3,0.09999999999999987,-0.00924381217341061,153835.81306601226,-1435.2969771964126
2024-12-19 00:00:00+00:00,-0.0102301007125557,0.3713870691078924,0.052442678571428564,0.00015000000000000001,binance,0.1460321675234461,0.0022746333796625,BTCUSDT_250328,0.00013698630136986303,0.0002465753424657534,0.4,0.0,0.2,0.3,0.09999999999999987,-0.0035494423762130684,153289.78171213655,-546.0313538757036
2024-12-20 00:00:00+00:00,0.0011793721142754,0.3455437197567238,0.05244267857142858,0.00015000000000000001,binance,0.1301198854896127,0.0006827329849955,BTCUSDT_250328,0.00013698630136986303,0.0002465753424657534,0.4,0.0,0.2,0.3,0.09999999999999987,0.0006959666755859723,153396.46629191606,106.68457977951039
2024-12-21 00:00:00+00:00,-0.0017540037057363,0.3295424947317367,0.05099727857142858,0.00010603000000000001,binance,0.1269898938703591,0.000620708857944,BTCUSDT_250328,0.00013698630136986303,0.0002465753424657534,0.4,0.0,0.2,0.3,0.09999999999999987,-0.0004897884778290077,153321.3344701866,-75.13182172947563
2024-12-22 00:00:00+00:00,-0.0070274416362976,0.324332506822821,0.051371403571428574,0.000148145,binance,0.1263268621882122,-0.0007354001790385,BTCUSDT_250328,0.00013698630136986303,0.0002465753424657534,0.4,0.0,0.2,0.3,0.09999999999999987,-0.002870385457450028,152881.24314140654,-440.0913287800504
2024-12-23 00:00:00+00:00,-0.001029708406295,0.3191328857701755,0.051319260714285726,0.000144905,binance,0.1337358296120746,0.0003072781229043,BTCUSDT_250328,0.00013698630136986303,0.0002465753424657534,0.4,0.0,0.2,0.3,0.09999999999999987,-0.00026275650506042773,152841.0726002694,-40.17054113713675
2024-12-24 00:00:00+00:00,0.0124998697049374,0.3137844264030943,0.05187562500000001,0.00015000000000000001,binance,0.1276826315436239,0.0001328757784787,BTCUSDT_250328,0.00013698630136986303,0.0002465753424657534,0.4,0.0,0.2,0.3,0.09999999999999987,0.0051141942705474125,153622.73153806603,781.6589377966302
2024-12-25 00:00:00+00:00,0.0024826342116012,0.3211958346405912,0.05209488571428572,0.00015000000000000001,binance,0.1270263323935206,0.0013959625705021,BTCUSDT_250328,0.00013698630136986303,0.0002465753424657534,0.4,0.0,0.2,0.3,0.09999999999999987,0.0013599174316176125,153831.64576857738,208.91423051134916
2024-12-26 00:00:00+00:00,-0.0135406411495286,0.3681520813627127,0.05101683214285714,0.000129325,binance,0.1217864001690626,-0.0003907962702366,BTCUSDT_250328,0.00013698630136986303,0.0002465753424657534,0.4,0.0,0.2,0.3,0.09999999999999987,-0.005406744480982048,152999.91736681774,-831.7284017596394
2024-12-27 00:00:00+00:00,-0.0056154662756498,0.3595684931475481,0.051016832142857134,0.00015000000000000001,binance,0.1282581160597931,6.877059074733411e-05,BTCUSDT_250328,0.00013698630136986303,0.0002465753424657534,0.4,0.0,0.2,0.3,0.09999999999999987,-0.002144761159233741,152671.76908668343,-328.14828013430815
2024-12-28 00:00:00+00:00,0.003626920281786,0.3438980453904613,0.05143553928571429,0.00011406,binance,0.1277691500524656,-0.0004816369359916,BTCUSDT_250328,0.00013698630136986303,0.0002465753424657534,0.4,0.0,0.2,0.3,0.09999999999999987,0.0014421119583927925,152891.9388705923,220.1697839088738
2024-12-29 00:00:00+00:00,-0.005781254347315,0.3520244991275472,0.05101422500000001,0.000140065,binance,0.1353738030942931,0.0007235577384673,BTCUSDT_250328,0.00013698630136986303,0.0002465753424657534,0.4,0.0,0.2,0.3,0.09999999999999987,-0.0020801189583558276,152573.90544996783,-318.03342062447337
2024-12-30 00:00:00+00:00,-0.0037230619429591,0.3666783184963876,0.048346596428571434,9.3745e-05,binance,0.1322447184077438,-0.0006770515362037,BTCUSDT_250328,0.00013698630136986303,0.0002465753424657534,0.4,0.0,0.2,0.3,0.09999999999999987,-0.0015369638515476676,152339.4048726018,-234.50057736603776
2024-12-31 00:00:00+00:00,0.0030845614424926,0.3653408282348195,0.04834659642857145,0.00015000000000000001,binance,0.1382775473424268,-0.0001331003676156,BTCUSDT_250328,0.00013698630136986303,0.0002465753424657534,0.4,0.0,0.2,0.3,0.09999999999999987,0.0012948757363506324,152536.6654716614,197.26059905960574
2025-01-01 00:00:00+00:00,0.0040839952175729,0.3779682537019242,0.048346596428571434,0.00015000000000000001,binance,0.1395009152387302,-0.0012511656667032,BTCUSDT_250328,0.00013698630136986303,0.0002465753424657534,0.4,0.0,0.2,0.3,0.09999999999999987,0.0014710361865652322,152761.05242634824,224.38695468683727
2025-01-02 00:00:00+00:00,0.0097738441376065,0.3868737982697883,0.04942465000000001,0.00015000000000000001,binance,0.1481397419606304,0.000768110133558,BTCUSDT_250328,0.00013698630136986303,0.0002465753424657534,0.4,0.0,0.2,0.3,0.09999999999999987,0.004150830914630913,153395.13772531107,634.0852989628329
2025-01-03 00:00:00+00:00,0.0048081480475093,0.3927875121966531,0.04818417142857143,0.00012621,binance,0.1414928451413506,0.0,BTCUSDT_250328,0.00013698630136986303,0.0002465753424657534,0.4,0.0,0.2,0.3,0.09999999999999987,0.0020109304518804326,153703.6046789333,308.46695362223545
2025-01-04 00:00:00+00:00,0.0001847319971691,0.3933621554828642,0.04705918928571429,9.2485e-05,binance,0.1357817828019725,0.000764043656874,BTCUSDT_250627,0.00013698630136986303,0.0002465753424657534,0.4,0.0,0.2,0.3,0.09999999999999987,0.00031437276311915233,153751.9249058376,48.32022690429585
2025-01-05 00:00:00+00:00,0.0005725168845937,0.4078532786021607,0.047139228571428576,0.0001416,binance,0.1310418910835835,-0.0007879438341069,BTCUSDT_250627,0.00013698630136986303,0.0002465753424657534,0.4,0.0,0.2,0.3,0.09999999999999987,0.0001590892198928123,153776.3851796279,24.460273790289648
2025-01-06 00:00:00+00:00,0.0166939093007039,0.4247334781004276,0.05007252500000001,0.00015000000000000001,binance,0.1300294568123404,0.002727572391613,BTCUSDT_250627,0.00013698630136986303,0.0002465753424657534,0.4,0.0,0.2,0.3,0.09999999999999987,0.007310749431480873,154900.605800155,1124.2206205271068
2025-01-07 00:00:00+00:00,-0.0223453737123393,0.4323663115705504,0.04933783214285714,0.00013591000000000002,binance,0.1256355576204997,0.0007049690571701,BTCUSDT_250627,0.00013698630136986303,0.0002465753424657534,0.4,0.0,0.2,0.3,0.09999999999999987,-0.00870948444062499,153551.50138409517,-1349.1044160598249
2025-01-08 00:00:00+00:00,-0.0080416972227638,0.409935285589961,0.04933783214285714,0.00015000000000000001,binance,0.125804959346154,0.000963490556183,BTCUSDT_250627,0.00013698630136986303,0.0002465753424657534,0.4,0.0,0.2,0.3,0.09999999999999987,-0.0029363095449922074,153100.62664493316,-450.8747391620127
2025-01-09 00:00:00+00:00,-0.0109559399995465,0.4149571274328716,0.04654558214285715,9.645e-05,binance,0.1257041773309892,0.0004187893810312,BTCUSDT_250627,0.00013698630136986303,0.0002465753424657534,0.4,0.0,0.2,0.3,0.09999999999999987,-0.004210946890735648,152455.928037193,-644.6986077401671
2025-01-10 00:00:00+00:00,0.0097340797483717,0.4145048827000797,0.042828317857142854,5.4919999999999996e-05,binance,0.1217728098761082,0.0012160322006255,BTCUSDT_250627,0.00013698630136986303,0.0002465753424657534,0.4,0.0,0.2,0.3,0.09999999999999987,0.004224509572350492,153099.9795645477,644.0515273547207
2025-01-11 00:00:00+00:00,-0.0005711447085218,0.4213091269891456,0.041223882142857146,6.1715e-05,binance,0.1173426305504544,0.000381976784564,BTCUSDT_250627,0.00013698630136986303,0.0002465753424657534,0.4,0.0,0.2,0.3,0.09999999999999987,-6.439129361920772e-05,153090.12125881048,-9.858305737230694
2025-01-12 00:00:00+00:00,-0.0002687049806589,0.4328773752810356,0.03771623214285714,7.433e-05,binance,0.1164373464210023,-0.0001573852721654,BTCUSDT_250627,0.00013698630136986303,0.0002465753424657534,0.4,0.0,0.2,0.3,0.09999999999999987,-5.1287813819927706e-05,153082.26960117367,-7.851657636812888
2025-01-13 00:00:00+00:00,-6.43304477830225e-05,0.4474919129119765,0.033319546428571434,6.568e-05,binance,0.1178505065549272,-0.00064070762386,BTCUSDT_250627,0.00013698630136986303,0.0002465753424657534,0.4,0.0,0.2,0.3,0.09999999999999987,-6.620247100849672e-05,153072.13517665848,-10.134424515184946
2025-01-14 00:00:00+00:00,0.0094665618059125,0.4423538734739476,0.0359014,0.00015000000000000001,bybit,0.1188749907722798,-0.0022162706504477,BTCUSDT_250627,0.00013698630136986303,0.0002465753424657534,0.4,0.0,0.2,0.3,0.09999999999999987,0.0034310418251521724,153597.33207471494,525.1968980564561
2025-01-15 00:00:00+00:00,0.0181225080990592,0.4446229043543596,0.035698825000000003,0.000111875,bybit,0.1244562163942659,0.0,BTCUSDT_250627,0.00013698630136986303,0.0002465753424657534,0.4,0.0,0.2,0.3,0.09999999999999987,0.0073366744725003935,154724.22569999166,1126.8936252767162
2025-01-16 00:00:00+00:00,-0.0024019739132194,0.4667357805353868,0.03962335714285715,0.000128775,bybit,0.126331748357393,-0.0010311674582672,BTCUSDT_250328,0.00013698630136986303,0.0002465753424657534,0.4,0.0,0.2,0.3,0.09999999999999987,-0.0010793518240644875,154557.2238247554,-167.0018752362521
2025-01-17 00:00:00+00:00,0.0191393067751602,0.4679170034712577,0.04292712857142858,0.000137775,bybit,0.128422429685489,0.0,BTCUSDT_250328,0.00013698630136986303,0.0002465753424657534,0.4,0.0,0.2,0.3,0.09999999999999987,0.0077433939429407935,155754.02129555776,1196.797470802354
2025-01-18 00:00:00+00:00,0.0020896139931734,0.4576258482265653,0.045948546428571435,0.000146735,bybit,0.122230404754456,-0.0014892284754337,BTCUSDT_250627,0.00013698630136986303,0.0002465753424657534,0.4,0.0,0.2,0.3,0.09999999999999987,0.0006256711350593323,155851.4720908518,97.45079529404757
2025-01-19 00:00:00+00:00,-0.0141040399651345,0.4572925433606885,0.04772375,0.00015000000000000001,bybit,0.1315996056716386,0.0,BTCUSDT_250627,0.00013698630136986303,0.0002465753424657534,0.4,0.0,0.2,0.3,0.09999999999999987,-0.005553944753177087,154985.88162515793,-865.5904656938801
2025-01-20 00:00:00+00:00,0.0038332884360649,0.4238472415102332,0.05084762857142857,0.00015000000000000001,bybit,0.126897236628152,-0.0005,BTCUSDT_250328,0.00013698630136986303,0.0002465753424657534,0.4,0.0,0.2,0.3,0.09999999999999987,0.0015209866073026726,155221.6130754308,235.73145027286955
2025-01-21 00:00:00+00:00,0.0150357974385736,0.3969520274460499,0.05084762857142858,0.00015000000000000001,bybit,0.1301259457983784,0.0016750677524136,BTCUSDT_250627,0.00013698630136986303,0.0002465753424657534,0.4,0.0,0.2,0.3,0.09999999999999987,0.006437003758788873,156220.7751822426,999.1621068117965
2025-01-22 00:00:00+00:00,-0.0089369902250402,0.3886861002809452,0.052835575,0.00015000000000000001,bybit,0.1236203214048705,0.0,BTCUSDT_250627,0.00013698630136986303,0.0002465753424657534,0.4,0.0,0.2,0.3,0.09999999999999987,-0.003487124857139368,155676.013833903,-544.7613483395835
2025-01-23 00:00:00+00:00,0.0007385080098215,0.3815059814322992,0.053942307142857145,0.00015000000000000001,bybit,0.124125850949963,-0.0005,BTCUSDT_250328,0.00013698630136986303,0.0002465753424657534,0.4,0.0,0.2,0.3,0.09999999999999987,0.0002830744368053123,155720.08173384317,44.067899940157076
2025-01-24 00:00:00+00:00,0.0034069148125401,0.3704909047160344,0.05297610000000001,0.000119245,bybit,0.1197918991864857,-0.0002976075254719,BTCUSDT_250627,0.00013698630136986303,0.0002465753424657534,0.4,0.0,0.2,0.3,0.09999999999999987,0.0013909156527983724,155936.6752329818,216.59349913863116
2025-01-25 00:00:00+00:00,-0.0004398250557935,0.3611768010200252,0.051240264285714286,0.000113445,bybit,0.1197503838081629,0.0006799727151699,BTCUSDT_250627,0.00013698630136986303,0.0002465753424657534,0.4,0.0,0.2,0.3,0.09999999999999987,4.7735753593292304e-05,155944.11898768687,7.4437547050765716
2025-01-26 00:00:00+00:00,-0.0073571738653191,0.3622590865786928,0.051240264285714286,0.00015000000000000001,bybit,0.1197030882971412,-0.0007336289222373,BTCUSDT_250627,0.00013698630136986303,0.0002465753424657534,0.4,0.0,0.2,0.3,0.09999999999999987,-0.003001924097698388,155475.9865790034,-468.1324086834793
2025-01-27 00:00:00+00:00,-0.0018922713743329,0.3611897172450531,0.046443642857142864,5.801e-05,bybit,0.124695230853025,0.0017627352219761,BTCUSDT_250627,0.00013698630136986303,0.0002465753424657534,0.4,0.0,0.2,0.3,0.09999999999999987,-0.00031669027246122774,155426.7488464525,-49.237732550885994
2025-01-28 00:00:00+00:00,-0.0026655717528599,0.3636201229273703,0.04169395,0.00011781000000000001,binance,0.1178103327770293,0.0004357800700089,BTCUSDT_250627,0.00013698630136986303,0.0002465753424657534,0.4,0.0,0.2,0.3,0.09999999999999987,-0.0008914014542654678,155288.20121649903,-138.54762995347846
2025-01-29 00:00:00+00:00,0.0086588444270908,0.3661089771195147,0.04168065357142857,0.000149745,binance,0.1137739481429132,0.0005046598370975,BTCUSDT_250627,0.00013698630136986303,0.0002465753424657534,0.4,0.0,0.2,0.3,0.09999999999999987,0.003652140971132533,155855.33561849527,567.1344019962416
2025-01-30 00:00:00+00:00,0.0035879421421257,0.3779190802566077,0.041633464285714294,0.000135445,binance,0.11099451201066,0.0007143611514344,BTCUSDT_250627,0.00013698630136986303,0.0002465753424657534,0.4,0.0,0.2,0.3,0.09999999999999987,0.0016657203200138725,156114.94701801758,259.61139952231315
2025-01-31 00:00:00+00:00,-0.008407570396159,0.3835316612056357,0.04262782857142858,0.000106125,binance,0.1106246944291298,0.0,BTCUSDT_250627,0.00013698630136986303,0.0002465753424657534,0.4,0.0,0.2,0.3,0.09999999999999987,-0.0032753569255868876,155603.6148451145,-511.33217290308676
2025-02-01 00:00:00+00:00,-0.0063642782832758,0.3615040964269467,0.04196457142857143,9.7175e-05,binance,0.1121946077034064,0.0003547666756264,BTCUSDT_250328,0.00013698630136986303,0.0002465753424657534,0.4,0.0,0.2,0.3,0.09999999999999987,-0.0023870867453083277,155232.17551859564,-371.4393265188555
2025-02-02 00:00:00+00:00,-0.0102844038312022,0.352144343626774,0.037151003571428566,4.1714999999999996e-05,binance,0.1058028695402736,0.0,BTCUSDT_250328,0.00013698630136986303,0.0002465753424657534,0.4,0.0,0.2,0.3,0.09999999999999987,-0.004026090299604168,154607.19676255377,-624.9787560418772
2025-02-03 00:00:00+00:00,0.0128852028127425,0.347199793086475,0.040266800000000005,0.000124225,binance,0.1015399588388341,0.0017284446669111,BTCUSDT_250627,0.00013698630136986303,0.0002465753424657534,0.4,0.0,0.2,0.3,0.09999999999999987,0.005587441291355932,155471.05539768565,863.8586351318809
2025-02-04 00:00:00+00:00,-0.0116159801273455,0.3293663586234192,0.037656528571428566,6.775e-05,binance,0.0941881997516159,0.0007784120659802,BTCUSDT_250627,0.00013698630136986303,0.0002465753424657534,0.4,0.0,0.2,0.3,0.09999999999999987,-0.004403038404865447,154786.51036992468,-684.5450277609634
2025-02-05 00:00:00+00:00,-0.0037110841268622,0.3132370987589875,0.03139260714285714,2.9615e-05,binance,0.0919318654493317,-0.00026383768631,BTCUSDT_250627,0.00013698630136986303,0.0002465753424657534,0.4,0.0,0.2,0.3,0.09999999999999987,-0.0014495299551301678,154562.14268649343,-224.36768343125004
2025-02-06 00:00:00+00:00,-0.0001900868024894,0.3112571369169236,0.026376985714285713,3.9255e-05,binance,0.0940063459720421,0.0012777777490087,BTCUSDT_250627,0.00013698630136986303,0.0002465753424657534,0.4,0.0,0.2,0.3,0.09999999999999987,0.00026719206168269235,154603.44046405595,41.297777562518604
2025-02-07 00:00:00+00:00,-0.0001690318038866,0.3191605938273702,0.026093850000000002,0.000100695,binance,0.0880584876624531,0.0005089796781158,BTCUSDT_250627,0.00013698630136986303,0.0002465753424657534,0.4,0.0,0.2,0.3,0.09999999999999987,0.0001218544469452323,154622.2795807895,18.839116733550327
2025-02-08 00:00:00+00:00,-0.0002104754730793,0.3130516855968651,0.020338842857142853,-1.3195e-05,binance,0.0860742944575338,-8.756309571677739e-05,BTCUSDT_250627,0.00013698630136986303,0.0002465753424657534,0.4,0.0,0.2,0.3,0.09999999999999987,-1.4031575498363183e-05,154620.10998659983,-2.1695941896759905
2025-02-09 00:00:00+00:00,3.360104642272888e-05,0.3319800874183701,0.022416474999999998,8.156e-05,binance,0.0871449439501671,0.0007063348287292,BTCUSDT_250627,0.00013698630136986303,0.0002465753424657534,0.4,0.0,0.2,0.3,0.09999999999999987,0.0002423786171916439,154657.5865950484,37.47660844857455
2025-02-10 00:00:00+00:00,0.0035833700821018,0.3614705909628907,0.02438069642857143,9.984499999999999e-05,bybit,0.0831825623090767,0.0005685059409332,BTCUSDT_250627,0.00013698630136986303,0.0002465753424657534,0.4,0.0,0.2,0.3,0.09999999999999987,0.0016347204539040724,154910.40851520677,252.82192015837063
2025-02-11 00:00:00+00:00,-0.0065389664448387,0.3835542469563816,0.023016378571428568,5.7125e-05,bybit,0.0821358464599643,-0.0008629834346437,BTCUSDT_250627,0.00013698630136986303,0.0002465753424657534,0.4,0.0,0.2,0.3,0.09999999999999987,-0.002700512031987508,154492.07109313135,-418.33742207541945
2025-02-12 00:00:00+00:00,0.0081651125974374,0.3744844468483647,0.02088764642857143,5.5784999999999995e-05,binance,0.0855425197811458,0.0009086033420458,BTCUSDT_250627,0.00013698630136986303,0.0002465753424657534,0.4,0.0,0.2,0.3,0.09999999999999987,0.0035354369402608326,155038.26806825143,546.1969751200813
2025-02-13 00:00:00+00:00,-0.0050547917804339,0.3902223116794381,0.022731157142857145,7.461e-05,binance,0.0822920443689692,-4.4302685053235015e-05,BTCUSDT_250627,0.00013698630136986303,0.0002465753424657534,0.4,0.0,0.2,0.3,0.09999999999999987,-0.0019431060163074949,154737.01227681013,-301.2557914413046
2025-02-14 00:00:00+00:00,0.0036234293809521,0.3926864899395378,0.02326927142857143,0.000144325,bybit,0.0823929084277406,0.0002045118136854,BTCUSDT_250627,0.00013698630136986303,0.0002465753424657534,0.4,0.0,0.2,0.3,0.09999999999999987,0.0015779453479946323,154981.17882549492,244.16654868479236
2025-02-15 00:00:00+00:00,0.0002711337073804,0.3892961435662536,0.026274525,4.1055e-05,bybit,0.0818280249798714,0.0004902138636128,BTCUSDT_250627,0.00013698630136986303,0.0002465753424657534,0.4,0.0,0.2,0.3,0.09999999999999987,0.0002941674885514323,155026.76924964276,45.590424147841986
2025-02-16 00:00:00+00:00,-0.0059823023373797,0.4009441472108435,0.025756225,2.065e-05,bybit,0.0809248561891135,0.0014824468060757,BTCUSDT_250627,0.00013698630136986303,0.0002465753424657534,0.4,0.0,0.2,0.3,0.09999999999999987,-0.0020087603408600278,154715.3576238024,-311.4116258403519
2025-02-17 00:00:00+00:00,-0.0014848814829775,0.4157830925923599,0.021616342857142853,2.045e-05,bybit,0.0734813354321601,0.0002116308206306,BTCUSDT_250627,0.00013698630136986303,0.0002465753424657534,0.4,0.0,0.2,0.3,0.09999999999999987,-0.0004639551961881677,154643.57662970273,-71.78099409968127
2025-02-18 00:00:00+00:00,-0.0004920172362856,0.4241692843416251,0.026429389285714283,0.00014744,binance,0.07293579664845,0.0001428321466714,BTCUSDT_250627,0.00013698630136986303,0.0002465753424657534,0.4,0.0,0.2,0.3,0.09999999999999987,-8.05692323032477e-05,154631.11711545306,-12.459514249669155
2025-02-19 00:00:00+00:00,0.0043126940430718,0.4242213540476799,0.02971152142857143,0.00011873,binance,0.071959454770878,-0.0001814384014298,BTCUSDT_250627,0.00013698630136986303,0.0002465753424657534,0.4,0.0,0.2,0.3,0.09999999999999987,0.0017764611698194725,154905.81329065445,274.69617520138854
2025-02-20 00:00:00+00:00,0.0074835260942911,0.4366027027244163,0.030387553571428576,0.00013890000000000002,bybit,0.0723262047612542,-9.765525660001044e-06,BTCUSDT_250627,0.00013698630136986303,0.0002465753424657534,0.4,0.0,0.2,0.3,0.09999999999999987,0.0030791285654611523,155382.7882053137,476.9749146592512
2025-02-21 00:00:00+00:00,-0.0099305061484417,0.4583171381172229,0.026156682142857147,6.3185e-05,bybit,0.0745671720832558,3.966439451550413e-05,BTCUSDT_250627,0.00013698630136986303,0.0002465753424657534,0.4,0.0,0.2,0.3,0.09999999999999987,-0.003876598347596867,154780.431545312,-602.3566600017075
2025-02-22 00:00:00+00:00,0.0016333318340724,0.4348696141699604,0.04655053571428571,0.00043217,bybit,0.0746456696827926,6.468083555006436e-05,BTCUSDT_250627,0.00013698630136986303,0.0002465753424657534,0.4,0.0,0.2,0.3,0.09999999999999987,0.0007539401336156852,154897.12672455233,116.69517924034153
2025-02-23 00:00:00+00:00,-0.0014513792415129,0.46390096623335,0.053295214285714286,0.00015000000000000001,bybit,0.0750947638034609,0.0017524777161379,BTCUSDT_250627,0.00013698630136986303,0.0002465753424657534,0.4,0.0,0.2,0.3,0.09999999999999987,-0.0001423849205008677,154875.07170947784,-22.055015074496623
2025-02-24 00:00:00+00:00,-0.0267374886376475,0.5445251342237909,0.06005032142857142,0.00015000000000000001,bybit,0.0686605549133509,-0.0002390967930228,BTCUSDT_250627,0.00013698630136986303,0.0002465753424657534,0.4,0.0,0.2,0.3,0.09999999999999987,-0.01065514358078685,153224.8555833287,-1650.216126149142
2025-02-25 00:00:00+00:00,-0.016410575403074,0.52196618805759,0.0642822357142857,0.00015000000000000001,bybit,0.0729425878644263,0.0009928349443619,BTCUSDT_250627,0.00013698630136986303,0.0002465753424657534,0.4,0.0,0.2,0.3,0.09999999999999987,-0.006277991939480508,152262.91117504847,-961.944408280222
2025-02-26 00:00:00+00:00,-0.0238208989692538,0.475419363992075,0.0642788464285714,0.00014849,bybit,0.0711080143839641,-0.0008962008230495,BTCUSDT_250627,0.00013698630136986303,0.0002465753424657534,0.4,0.0,0.2,0.3,0.09999999999999987,-0.009619928519434707,150798.1528533835,-1464.7583216649655
2025-02-27 00:00:00+00:00,0.0022353838974382,0.4247346370712277,0.053072825000000004,-7.601e-05,bybit,0.0767348773878633,0.0,BTCUSDT_250627,0.00013698630136986303,0.0002465753424657534,0.4,0.0,0.2,0.3,0.09999999999999987,0.0009818247918519922,150946.21021842046,148.05736503694789
2025-02-28 00:00:00+00:00,-0.0018176332896675,0.4281159320782761,0.049240846428571426,-1.0305000000000004e-05,bybit,0.0713000761216564,-0.0004727919189984,BTCUSDT_250328,0.00013698630136986303,0.0002465753424657534,0.4,0.0,0.2,0.3,0.09999999999999987,-0.0007339404667899678,150835.42468643255,-110.78553198790178
2025-03-01 00:00:00+00:00,0.0078848147249812,0.3906605583564865,0.030734303571428576,7.725e-05,bybit,0.0717467893417155,0.0,BTCUSDT_250328,0.00013698630136986303,0.0002465753424657534,0.4,0.0,0.2,0.3,0.09999999999999987,0.003241597122869193,151324.37236512286,488.94767869031057
2025-03-02 00:00:00+00:00,0.0379233227345143,0.3978790776010892,0.029215642857142864,0.00012087500000000001,bybit,0.0652920915464672,0.0009464304656837,BTCUSDT_250627,0.00013698630136986303,0.0002465753424657534,0.4,0.0,0.2,0.3,0.09999999999999987,0.015446286419819173,153661.77196297393,2337.3995978510648
2025-03-03 00:00:00+00:00,-0.0338023161544816,0.3958381626817456,0.029215642857142864,0.00015000000000000001,bybit,0.0620507142205844,0.0004051815453404,BTCUSDT_250627,0.00013698630136986303,0.0002465753424657534,0.4,0.0,0.0,0.3,0.30000000000000004,-0.013405857968641957,151601.80407282847,-2059.967890145461
2025-03-04 00:00:00+00:00,0.0040520531090742,0.3364107623855533,0.020918410714285716,-9.125000000000002e-06,bybit,0.0592884270538755,-0.0004684242955991,BTCUSDT_250627,0.00013698630136986303,0.0002465753424657534,0.4,0.0,0.0,0.3,0.30000000000000004,0.001735889736780365,151864.96808859587,263.16401576739736
2025-03-05 00:00:00+00:00,0.0124238720333801,0.3266105374775976,0.02099714642857143,0.00015000000000000001,bybit,0.0605038434217031,-0.0002815486522362,BTCUSDT_250627,0.00013698630136986303,0.0002465753424657534,0.4,0.0,0.0,0.3,0.30000000000000004,0.005084617306502725,152637.14333359062,772.1752449947526
2025-03-06 00:00:00+00:00,-0.0024776179698238,0.3319342764372965,0.028512235714285718,6.8115e-05,bybit,0.0633293077270277,0.0006686171056785,BTCUSDT_250627,0.00013698630136986303,0.0002465753424657534,0.4,0.0,0.0,0.3,0.30000000000000004,-0.000875978694778835,152503.43644799848,-133.70688559213886
2025-03-07 00:00:00+00:00,-0.0111719276412353,0.3204867251412561,0.03410273214285715,9.691e-05,bybit,0.0616837413580781,0.0001987287122667,BTCUSDT_250627,0.00013698630136986303,0.0002465753424657534,0.4,0.0,0.0,0.3,0.30000000000000004,-0.0043537025633434345,151839.48184581616,-663.9546021823189
2025-03-08 00:00:00+00:00,-0.0019812585329052,0.2900228374026128,0.03469663928571429,8.863999999999999e-05,bybit,0.061341881346416,0.0004762100821769,BTCUSDT_250627,0.00013698630136986303,0.0002465753424657534,0.4,0.0,0.0,0.3,0.30000000000000004,-0.0006774349200113951,151736.62047857736,-102.8613672388019
2025-03-09 00:00:00+00:00,-0.018335826504108,0.2880244876237773,0.02982050000000001,2.736e-05,bybit,0.0627321480869357,-0.0005097581116939,BTCUSDT_250627,0.00013698630136986303,0.0002465753424657534,0.4,0.0,0.0,0.3,0.30000000000000004,-0.007219262108492515,150641.19404388565,-1095.4264346917043
2025-03-10 00:00:00+00:00,-0.0004320367314356,0.0,0.014261071428571429,4.6665e-05,binance,0.0685370740294635,-0.0001607591035964,BTCUSDT_250627,0.00013698630136986303,0.0002465753424657534,0.0,0.0,0.2,0.3,0.5,0.00011031393270537754,150657.8118664281,16.617822542437352
2025-03-11 00:00:00+00:00,0.0,0.0,0.018745617857142856,8.3555e-05,binance,0.0665840053294607,-1.006836965610914e-05,BTCUSDT_250627,0.00013698630136986303,0.0002465753424657534,0.0,0.0,0.2,0.3,0.5,0.0001404520794934357,150678.97206939664,21.16020296854549
2025-03-12 00:00:00+00:00,0.0,0.0,0.018365235714285714,5.202e-05,binance,0.0666743182642548,-0.0001388621335629,BTCUSDT_250627,0.00013698630136986303,0.0002465753424657534,0.0,0.0,0.2,0.3,0.5,0.00011469332671207754,150696.2539419688,17.281872572173597
2025-03-13 00:00:00+00:00,-0.0077680599129244,0.2416602136103244,0.015476521428571427,2.8445000000000003e-05,binance,0.0704175504236279,0.0009580133483275,BTCUSDT_250627,0.00013698630136986303,0.0002465753424657534,0.4,0.0,0.2,0.3,0.09999999999999987,-0.0028279500626275478,150270.0924611959,-426.1614807729202
2025-03-14 00:00:00+00:00,-0.0003624903204154,0.0,0.018395739285714283,5.537e-05,binance,0.062227978475514,0.0008230217472066,BTCUSDT_250627,0.00013698630136986303,0.0002465753424657534,0.0,0.0,0.0,0.3,0.7,0.00016986301369863014,150295.61779197011,25.52533077422413
2025-03-15 00:00:00+00:00,0.0006438907213061,0.2358666000143177,0.014314517857142857,-4.3725000000000006e-05,binance,0.0568090486196039,0.0001345175462102,BTCUSDT_250627,0.00013698630136986303,0.0002465753424657534,0.4,0.0,0.0,0.3,0.30000000000000004,0.0003726247816731249,150351.62166373627,56.00387176615186
2025-03-16 00:00:00+00:00,-0.0049727614696806,0.2376373676518345,0.013135046428571426,2.9575e-05,binance,0.0576121547642081,0.0002082966745314,BTCUSDT_250627,0.00013698630136986303,0.0002465753424657534,0.4,0.0,0.0,0.3,0.30000000000000004,-0.0018740360947215554,150069.8572978385,-281.76436589777586
2025-03-17 00:00:00+00:00,-0.0003564560514777,0.0,0.018392610714285718,1.9980000000000002e-05,bybit,0.0557176175926876,0.000732650613266,BTCUSDT_250627,0.00013698630136986303,0.0002465753424657534,0.0,0.0,0.0,0.3,0.7,0.00016986301369863014,150095.34861606444,25.491318225947907
2025-03-18 00:00:00+00:00,-0.0,0.0,0.016799646428571426,-1.250000000000007e-07,bybit,0.0517719370558492,-0.0006273950453744,BTCUSDT_250627,0.00013698630136986303,0.0002465753424657534,0.0,0.0,0.0,0.3,0.7,0.00016986301369863014,150120.8442643225,25.495648258074652
2025-03-19 00:00:00+00:00,0.0,0.0,0.013580346428571428,4.5950000000000006e-05,bybit,0.0541645815567196,0.0005800501439675,BTCUSDT_250627,0.00013698630136986303,0.0002465753424657534,0.0,0.0,0.0,0.3,0.7,0.00016986301369863014,150146.34424334823,25.4999790257134
2025-03-20 00:00:00+00:00,-0.0085533774413778,0.2698419795696829,0.012174835714285714,3.6485e-05,bybit,0.0520049937278332,0.0003330428756191,BTCUSDT_250627,0.00013698630136986303,0.0002465753424657534,0.4,0.0,0.0,0.3,0.30000000000000004,-0.003306282483400435,149649.9180154298,-496.4262279184186
2025-03-21 00:00:00+00:00,-0.0004047629693545,0.0,0.012587546428571428,7.000000000000001e-07,bybit,0.0501349495562722,-0.0002140594483521,BTCUSDT_250627,0.00013698630136986303,0.0002465753424657534,0.0,0.0,0.0,0.3,0.7,0.00016986301369863014,149675.33800150367,25.419986073859036
2025-03-22 00:00:00+00:00,-0.0,0.0,0.01465448928571428,3.079e-05,binance,0.0524174852132833,-1.0675020297409627e-05,BTCUSDT_250627,0.00013698630136986303,0.0002465753424657534,0.0,0.0,0.0,0.3,0.7,0.00016986301369863014,149700.76230549294,25.42430398927536
2025-03-23 00:00:00+00:00,0.0,0.0,0.01465970357142857,2.9675000000000003e-05,binance,0.0516631937385646,-0.0001193041558969,BTCUSDT_250627,0.00013698630136986303,0.0002465753424657534,0.0,0.0,0.0,0.3,0.7,0.00016986301369863014,149726.19092813114,25.42862263819552
2025-03-24 00:00:00+00:00,0.0049919187608007,0.3340106792378587,0.013025285714285715,2.0645e-05,binance,0.0522642689677247,-0.0004593810886995,BTCUSDT_250627,0.00013698630136986303,0.0002465753424657534,0.4,0.0,0.0,0.3,0.30000000000000004,0.002111835997470965,150042.3880878974,316.19715976624866
2025-03-25 00:00:00+00:00,-0.0004672763397871,0.3581837672723343,0.010640010714285714,-1.4364999999999999e-05,binance,0.0564557412443276,0.0008049855783429,BTCUSDT_250627,0.00013698630136986303,0.0002465753424657534,0.4,0.0,0.0,0.3,0.30000000000000004,-7.184204276415509e-05,150031.60873623594,-10.779351661447436
2025-03-26 00:00:00+00:00,-0.0020619621449496,0.3694840638005623,0.007420189285714286,2.424999999999998e-06,bybit,0.0510265085419222,0.0004627820056272,BTCUSDT_250627,0.00013698630136986303,0.0002465753424657534,0.4,0.0,0.0,0.3,0.30000000000000004,-0.0007097163648291552,149925.12884827418,-106.47988796175923
2025-03-27 00:00:00+00:00,0.0013970285853199,0.3805522330650473,0.006069689285714286,2.444e-05,binance,0.047731761540288,0.0,BTCUSDT_250627,0.00013698630136986303,0.0002465753424657534,0.4,0.0,0.0,0.3,0.30000000000000004,0.000673879927278645,150026.16038319972,101.03153492553975
2025-03-28 00:00:00+00:00,-0.0131899866783245,0.4085052016711631,0.006014417857142859,4.6225000000000006e-05,binance,0.057518266122226,0.000757693571454,BTCUSDT_250926,0.00013698630136986303,0.0002465753424657534,0.4,0.0,0.0,0.3,0.30000000000000004,-0.005160926178179114,149251.88644466636,-774.2739385333552
2025-03-29 00:00:00+00:00,-0.0006127578025067,0.0,0.008608525,8.054e-05,binance,0.0538972932454111,0.000339086449682,BTCUSDT_250926,0.00013698630136986303,0.0002465753424657534,0.0,0.0,0.0,0.3,0.7,0.00016986301369863014,149277.23881989805,25.352375231683254
2025-03-30 00:00:00+00:00,-0.0,0.0,0.008457571428571429,2.678e-05,binance,0.0529872992526826,0.00021252581776,BTCUSDT_250926,0.00013698630136986303,0.0002465753424657534,0.0,0.0,0.0,0.3,0.7,0.00016986301369863014,149302.5955015606,25.356681662553456
2025-03-31 00:00:00+00:00,0.0,0.0,0.010120667857142855,5.254e-05,binance,0.0523149847464158,-0.0022105993687947,BTCUSDT_250926,0.00013698630136986303,0.0002465753424657534,0.0,0.0,0.0,0.3,0.7,0.00016986301369863014,149327.9564903855,25.360988824890228
2025-04-01 00:00:00+00:00,0.0,0.0,0.013587124999999999,5.2115e-05,binance,0.0597857809953615,0.0011311282018883,BTCUSDT_250926,0.00013698630136986303,0.0002465753424657534,0.0,0.0,0.0,0.3,0.7,0.00016986301369863014,149353.32178710442,25.365296718926402
2025-04-02 00:00:00+00:00,-0.0,0.0,0.015169660714285714,8.285e-06,binance,0.0572341465549197,-0.0008586183406936,BTCUSDT_250926,0.00013698630136986303,0.0002465753424657534,0.0,0.0,0.0,0.3,0.7,0.00016986301369863014,149378.69139244905,25.369605344632873
2025-04-03 00:00:00+00:00,0.0,0.0,0.01842754642857143,8.691999999999999e-05,binance,0.0606088503132031,0.000625983243742,BTCUSDT_250926,0.00013698630136986303,0.0002465753424657534,0.0,0.0,0.0,0.3,0.7,0.00016986301369863014,149404.06530715132,25.373914702271577
2025-04-04 00:00:00+00:00,0.0,0.0,0.02046424642857143,8.5285e-05,binance,0.0578732535201894,-0.000246632877128,BTCUSDT_250926,0.00013698630136986303,0.0002465753424657534,0.0,0.0,0.0,0.3,0.7,0.00016986301369863014,149429.44353194322,25.37822479190072
2025-04-05 00:00:00+00:00,-0.0,0.0,0.020541417857142856,8.202e-05,binance,0.0594901166536918,0.0026778834396183,BTCUSDT_250926,0.00013698630136986303,0.0002465753424657534,0.0,0.0,0.0,0.3,0.7,0.00016986301369863014,149454.82606755686,25.38253561363672
2025-04-06 00:00:00+00:00,-0.0,0.0,0.02044365,2.4905e-05,binance,0.0516951900704504,-0.0024803009052658,BTCUSDT_250926,0.00013698630136986303,0.0002465753424657534,0.0,0.0,0.0,0.3,0.7,0.00016986301369863014,149480.2129147245,25.386847167654196
2025-04-07 00:00:00+00:00,0.0,0.0,0.022084325000000002,8.4005e-05,binance,0.0619434939047289,0.0002550426182656,BTCUSDT_250926,0.00013698630136986303,0.0002465753424657534,0.0,0.0,0.0,0.3,0.7,0.00016986301369863014,149505.6040741785,25.391159453982254
2025-04-08 00:00:00+00:00,-0.0,0.0,0.022178182142857144,5.3915e-05,binance,0.0634955331413498,-0.0035101088251655,BTCUSDT_250926,0.00013698630136986303,0.0002465753424657534,0.0,0.0,0.0,0.3,0.7,0.00016986301369863014,149530.99954665138,25.39547247288283
2025-04-09 00:00:00+00:00,0.0,0.0,0.02544102142857143,7.086000000000001e-05,binance,0.0729288565643443,0.00271487505571,BTCUSDT_250926,0.00013698630136986303,0.0002465753424657534,0.0,0.0,0.2,0.3,0.5,0.0006854407645666575,149633.49418930704,102.49464265565621
2025-04-10 00:00:00+00:00,-0.0,0.0,0.028887664285714286,0.00011954500000000001,bybit,0.0639621992978742,0.0021671379383548,BTCUSDT_250926,0.00013698630136986303,0.0002465753424657534,0.0,0.0,0.0,0.3,0.7,0.00016986301369863014,149658.9113855803,25.417196273250738
2025-04-11 00:00:00+00:00,0.0,0.0,0.026188228571428572,5.991e-05,bybit,0.0524133891520239,-0.0016490490008612,BTCUSDT_250926,0.00013698630136986303,0.0002465753424657534,0.0,0.0,0.0,0.3,0.7,0.00016986301369863014,149684.3328992951,25.421513714827597
2025-04-12 00:00:00+00:00,0.0,0.0,0.022244925000000006,3.7585e-05,bybit,0.0586332626332749,-0.0001647573961998,BTCUSDT_250926,0.00013698630136986303,0.0002465753424657534,0.0,0.0,0.0,0.3,0.7,0.00016986301369863014,149709.75873118485,25.425831889733672
2025-04-13 00:00:00+00:00,-0.0,0.0,0.024825474999999993,0.00011564,binance,0.0607923815606265,0.0006899474689589,BTCUSDT_250926,0.00013698630136986303,0.0002465753424657534,0.0,0.0,0.0,0.3,0.7,0.00016986301369863014,149735.18888198302,25.43015079817269
2025-04-14 00:00:00+00:00,0.0,0.0,0.025051514285714283,8.834000000000001e-05,binance,0.0575370897828523,-0.0004261062389424,BTCUSDT_250926,0.00013698630136986303,0.0002465753424657534,0.0,0.0,0.0,0.3,0.7,0.00016986301369863014,149760.62335242322,25.43447044020286
2025-04-15 00:00:00+00:00,-0.0,0.0,0.023912974999999996,3.2080000000000005e-05,binance,0.060461908917521,3.879537549562878e-05,BTCUSDT_250926,0.00013698630136986303,0.0002465753424657534,0.0,0.0,0.0,0.3,0.7,0.00016986301369863014,149786.06214323925,25.438790816027904
2025-04-16 00:00:00+00:00,0.0,0.0,0.0231702,5.6615000000000006e-05,binance,0.0603801709769303,0.0004345452204309,BTCUSDT_250926,0.00013698630136986303,0.0002465753424657534,0.0,0.0,0.0,0.3,0.7,0.00016986301369863014,149811.50525516493,25.44311192567693
2025-04-17 00:00:00+00:00,0.0,0.0,0.022104921428571428,5.2539999999999995e-05,binance,0.0581597048164028,0.000132316380709,BTCUSDT_250926,0.00013698630136986303,0.0002465753424657534,0.0,0.0,0.0,0.3,0.7,0.00016986301369863014,149836.95268893428,25.447433769353665
2025-04-18 00:00:00+00:00,-0.0,0.0,0.024918810714285713,5.927e-05,binance,0.0582454698847945,-0.0012464088355932,BTCUSDT_250926,0.00013698630136986303,0.0002465753424657534,0.0,0.0,0.0,0.3,0.7,0.00016986301369863014,149862.40444528146,25.451756347174523
2025-04-19 00:00:00+00:00,0.0,0.0,0.022916264285714288,3.5005e-05,binance,0.0638410460416979,0.0012843070060877,BTCUSDT_250926,0.00013698630136986303,0.0002465753424657534,0.0,0.0,0.0,0.3,0.7,0.00016986301369863014,149887.86052494065,25.456079659197712
2025-04-20 00:00:00+00:00,0.0,0.0,0.015939028571428576,-1.817e-05,binance,0.0582760327058638,-0.0004408938140326,BTCUSDT_250926,0.00013698630136986303,0.0002465753424657534,0.0,0.0,0.0,0.3,0.7,0.00016986301369863014,149913.32092864625,25.460403705597855
2025-04-21 00:00:00+00:00,0.0,0.0,0.014510314285714289,6.094e-05,binance,0.0590614897836736,-0.0009092027844435,BTCUSDT_250926,0.00013698630136986303,0.0002465753424657534,0.0,0.0,0.0,0.3,0.7,0.00016986301369863014,149938.78565713274,25.464728486491367
2025-04-22 00:00:00+00:00,0.0,0.0,0.012827142857142856,-1.9999999999999809e-07,binance,0.0596271226359925,-0.000319499622176,BTCUSDT_250926,0.00013698630136986303,0.0002465753424657534,0.0,0.0,0.0,0.3,0.7,0.00016986301369863014,149964.25471113477,25.469054002023768
2025-04-23 00:00:00+00:00,0.0004623255523858,0.4002860859022819,0.011282410714285715,2.7830000000000003e-05,bybit,0.0613415810166662,0.0001904663709714,BTCUSDT_250926,0.00013698630136986303,0.0002465753424657534,0.4,0.0,0.0,0.3,0.30000000000000004,0.00029999871410500494,150009.24379470982,44.9890835750557
2025-04-24 00:00:00+00:00,0.0012383067190717,0.4014919939027018,0.010841282142857147,-1.461e-05,bybit,0.0606529550853114,-0.0004308873960728,BTCUSDT_250926,0.00013698630136986303,0.0002465753424657534,0.4,0.0,0.0,0.3,0.30000000000000004,0.000610391180779365,150100.8081141575,91.56431944767246
2025-04-25 00:00:00+00:00,0.0028406192422821,0.4067056081816189,0.0156585,8.537e-05,bybit,0.0626505387196261,-0.0003322108888246,BTCUSDT_250926,0.00013698630136986303,0.0002465753424657534,0.4,0.0,0.0,0.3,0.30000000000000004,0.001251316190063525,150288.63168549235,187.82357133485493
2025-04-26 00:00:00+00:00,-4.978967816816791e-05,0.4038992471161098,0.011304571428571428,-5.240000000000001e-06,bybit,0.0646523738914624,0.0007883501711966,BTCUSDT_250926,0.00013698630136986303,0.0002465753424657534,0.4,0.0,0.0,0.3,0.30000000000000004,9.515262188341777e-05,150302.9320428365,14.300357344152872
2025-04-27 00:00:00+00:00,-0.0040905685437699,0.435424553461468,0.008906521428571429,-5.8085e-05,bybit,0.0618660408804737,-0.000227841701218,BTCUSDT_250926,0.00013698630136986303,0.0002465753424657534,0.4,0.0,0.0,0.3,0.30000000000000004,-0.0015211589243572753,150074.2973964025,-228.63464643401676
2025-04-28 00:00:00+00:00,0.0062176576807721,0.4652549563298017,0.0053261321428571436,3.6565e-05,bybit,0.0625354986979302,-0.0003250143825179,BTCUSDT_250926,0.00013698630136986303,0.0002465753424657534,0.4,0.0,0.0,0.3,0.30000000000000004,0.0026021315654595253,150464.81046282183,390.51306641934207
2025-04-29 00:00:00+00:00,-0.0038832673420177,0.485306856618876,0.003942260714285714,3.7750000000000003e-06,bybit,0.0650506209170505,0.0001171268031321,BTCUSDT_250926,0.00013698630136986303,0.0002465753424657534,0.4,0.0,0.2,0.3,0.09999999999999987,-0.0014422103433039475,150247.80855686907,-217.0019059527549
2025-04-30 00:00:00+00:00,-0.0005819054290141,0.5458042540539281,0.00430335,3.4755e-05,bybit,0.0649718265050925,0.0005315274179161,BTCUSDT_250926,0.00013698630136986303,0.0002465753424657534,0.4,0.0,0.0,0.3,0.30000000000000004,-0.0001176936784549551,150230.12533960023,-17.6832172688446
2025-05-01 00:00:00+00:00,0.0138980246282486,0.5658716037162989,0.007408717857142858,4.4945e-05,bybit,0.0612807633237281,0.0003639240621117,BTCUSDT_250926,0.00013698630136986303,0.0002465753424657534,0.4,0.0,0.0,0.3,0.30000000000000004,0.005674278344450125,151082.57288649876,852.4475468985329
2025-05-02 00:00:00+00:00,0.0024275554001747,0.6033116317732973,0.001993682142857143,-1.848e-05,bybit,0.0596448511909738,0.0006129812480789,BTCUSDT_250926,0.00013698630136986303,0.0002465753424657534,0.4,0.0,0.0,0.3,0.30000000000000004,0.0010860906532205647,151246.6622567753,164.0893702765461
2025-05-03 00:00:00+00:00,-0.0066850907662088,0.6252953435785581,-0.0027140357142857144,-9.5525e-05,bybit,0.0576012540422436,0.001617001761593,BTCUSDT_250926,0.00013698630136986303,0.0002465753424657534,0.4,0.0,0.0,0.3,0.30000000000000004,-0.002558967813332835,150859.6269161862,-387.0353405891219
2025-05-04 00:00:00+00:00,-0.0106269025355705,0.6435473027330337,0.002511460714285714,4.213e-05,bybit,0.050692668503204,-0.0014973861240876,BTCUSDT_250926,0.00013698630136986303,0.0002465753424657534,0.4,0.0,0.0,0.3,0.30000000000000004,-0.004135692521077515,150235.71788541635,-623.9090307698352
2025-05-05 00:00:00+00:00,0.0030432660577221,0.632527115818547,0.0010731,8.980000000000006e-06,bybit,0.0583533373652213,0.0011027756970911,BTCUSDT_250926,0.00013698630136986303,0.0002465753424657534,0.4,0.0,0.0,0.3,0.30000000000000004,0.0013323749162395249,150435.88818745012,200.17030203377362
2025-05-06 00:00:00+00:00,0.0144360817637464,0.6524741898210832,0.0009555178571428566,1.5200000000000007e-06,bybit,0.0519794130665598,0.0005565192893984,BTCUSDT_250926,0.00013698630136986303,0.0002465753424657534,0.4,0.0,0.0,0.3,0.30000000000000004,0.005889501198649246,151321.88053124998,885.9923437998514
2025-05-07 00:00:00+00:00,0.0013167869520995,0.6504598724185786,0.002317749999999999,6.088e-05,bybit,0.0493842831907579,-0.0026852381467682,BTCUSDT_250926,0.00013698630136986303,0.0002465753424657534,0.4,0.0,0.0,0.3,0.30000000000000004,0.000641783273990485,151418.99638316373,97.11585191375343
2025-05-08 00:00:00+00:00,0.041663097365072,0.6488149100736358,0.006910232142857143,0.00013302,bybit,0.0597967953814139,0.0002396340943777,BTCUSDT_250926,0.00013698630136986303,0.0002465753424657534,0.4,0.0,0.0,0.3,0.30000000000000004,0.016780307439179482,153959.8536946052,2540.8573114414758
2025-05-09 00:00:00+00:00,-0.0017653961789577,0.6072045189045553,0.014328857142857143,0.000123795,bybit,0.0591402609305972,-0.0011491474526228,BTCUSDT_250926,0.00013698630136986303,0.0002465753424657534,0.4,0.0,0.0,0.3,0.30000000000000004,-0.000591089978432395,153868.84956800542,-91.0041265997861
2025-05-10 00:00:00+00:00,0.010644145649674,0.597308056950505,0.026515425000000006,0.00013819,bybit,0.0644506956791253,-0.0003641367345126,BTCUSDT_250926,0.00013698630136986303,0.0002465753424657534,0.4,0.0,0.0,0.3,0.30000000000000004,0.0043727267530202845,154541.6760029679,672.8264349624806
2025-05-11 00:00:00+00:00,-0.0039561269633816,0.5991735976542301,0.031639764285714286,0.000140405,bybit,0.067287923874556,0.0008817879713402,BTCUSDT_250926,0.00013698630136986303,0.0002465753424657534,0.4,0.0,0.2,0.3,0.09999999999999987,-0.0013184219582078878,154337.92486386732,-203.7511391005828
2025-05-12 00:00:00+00:00,-0.0078481833992567,0.6141619145505335,0.03833308214285715,0.000137345,bybit,0.0638946491636369,-0.001056023018286,BTCUSDT_250926,0.00013698630136986303,0.0002465753424657534,0.4,0.0,0.0,0.3,0.30000000000000004,-0.0030242048665519955,153871.1753604005,-466.74950346682454
2025-05-13 00:00:00+00:00,0.0079800382072706,0.6264675647837394,0.041245521428571436,5.7375e-05,bybit,0.0691499417741324,0.0005369644811924,BTCUSDT_250926,0.00013698630136986303,0.0002465753424657534,0.4,0.0,0.2,0.3,0.09999999999999987,0.0033870794120234326,154392.34925056755,521.1738901670615
2025-05-14 00:00:00+00:00,-0.0035794883185967,0.6249349195436742,0.03986686428571429,3.444e-05,bybit,0.0671429105191886,0.0011897168735657,BTCUSDT_250926,0.00013698630136986303,0.0002465753424657534,0.4,0.0,0.2,0.3,0.09999999999999987,-0.0011061807198488275,154221.5634105344,-170.7858400331461
2025-05-15 00:00:00+00:00,0.0015483653953723,0.6284461602358165,0.037462296428571434,4.8765e-05,binance,0.0610118512992267,-3.859730921351918e-05,BTCUSDT_250926,0.00013698630136986303,0.0002465753424657534,0.4,0.0,0.0,0.3,0.30000000000000004,0.0007344146512996049,154334.82598624943,113.26257571502356
2025-05-16 00:00:00+00:00,-0.0018275735690129,0.6311278060697222,0.035488428571428574,8.4035e-05,binance,0.0618611756974232,0.0009392164803376,BTCUSDT_250926,0.00013698630136986303,0.0002465753424657534,0.4,0.0,0.0,0.3,0.30000000000000004,-0.0006159609344544751,154239.76176261608,-95.0642236333515
2025-05-17 00:00:00+00:00,-0.0020514096580275,0.627826541694148,0.0310156142857143,3.379e-05,binance,0.0573225171831595,-0.0023257324852499,BTCUSDT_250926,0.00013698630136986303,0.0002465753424657534,0.4,0.0,0.0,0.3,0.30000000000000004,-0.000705495370060315,154130.94632481335,-108.81543780272477
2025-05-18 00:00:00+00:00,0.0204474090083411,0.6339757397985607,0.030623239285714296,0.000113225,binance,0.0685096660436768,0.0013272366930173,BTCUSDT_250926,0.00013698630136986303,0.0002465753424657534,0.4,0.0,0.2,0.3,0.09999999999999987,0.00853208217481661,155446.00422453892,1315.0578997255652
2025-05-19 00:00:00+00:00,-0.0053542495070102,0.6452758119093315,0.029941471428571433,7.07e-05,binance,0.0620973476052776,-0.0002493517800923,BTCUSDT_250926,0.00013698630136986303,0.0002465753424657534,0.4,0.0,0.0,0.3,0.30000000000000004,-0.002026631309653395,155130.97248541695,-315.03173912197235
2025-05-20 00:00:00+00:00,0.0071940441802246,0.6006427214585836,0.0280247,8.3755e-05,binance,0.0632254686937679,-0.0019237250279573,BTCUSDT_250926,0.00013698630136986303,0.0002465753424657534,0.4,0.0,0.0,0.3,0.30000000000000004,0.0029926861652405253,155595.23080057435,464.2583151574072
2025-05-21 00:00:00+00:00,0.0156617634472583,0.5990394529553446,0.02812768214285714,0.000105165,binance,0.0727873592011288,-0.0003629017878681,BTCUSDT_250926,0.00013698630136986303,0.0002465753424657534,0.4,0.0,0.2,0.3,0.09999999999999987,0.006279796254206413,156572.3371481282,977.1063475538394
2025-05-22 00:00:00+00:00,0.0112232534453245,0.5996759460434595,0.033406364285714286,0.00015000000000000001,binance,0.0740602638836318,0.0010031226663823,BTCUSDT_250926,0.00013698630136986303,0.0002465753424657534,0.4,0.0,0.2,0.3,0.09999999999999987,0.004777597144282973,157320.37669896078,748.0395508325892
2025-05-23 00:00:00+00:00,-0.0234339908918644,0.5978140286391663,0.03559349642857143,0.00012598,binance,0.0716443884058353,-2.837353927520519e-05,BTCUSDT_250926,0.00013698630136986303,0.0002465753424657534,0.4,0.0,0.2,0.3,0.09999999999999987,-0.00929159983172409,155858.61871329797,-1461.7579856628145
2025-05-24 00:00:00+00:00,0.0021414664639787,0.5392985222001745,0.03799024285714285,7.9755e-05,binance,0.0720852739154306,-0.0001035616388017,BTCUSDT_250926,0.00013698630136986303,0.0002465753424657534,0.4,0.0,0.2,0.3,0.09999999999999987,0.0009235454907078523,156002.5612377986,143.94252450062777
2025-05-25 00:00:00+00:00,0.0061925817236183,0.5374214007027467,0.03692470357142856,9.279000000000001e-05,binance,0.0724411817445703,-0.0006022704264854,BTCUSDT_250926,0.00013698630136986303,0.0002465753424657534,0.4,0.0,0.2,0.3,0.09999999999999987,0.0024442498370269524,156383.87047267985,381.3092348812497
2025-05-26 00:00:00+00:00,0.0021097731980089,0.5349983719513819,0.04030695,0.000135565,binance,0.0763031640277038,0.0003425784432902,BTCUSDT_250926,0.00013698630136986303,0.0002465753424657534,0.4,0.0,0.2,0.3,0.09999999999999987,0.0010000962007383125,156540.26938739634,156.39891471649753
2025-05-27 00:00:00+00:00,-0.0025340495327687,0.5525873190249424,0.040474067857142866,8.696000000000001e-05,binance,0.0752200973643892,0.0002772673710234,BTCUSDT_250926,0.00013698630136986303,0.0002465753424657534,0.4,0.0,0.2,0.3,0.09999999999999987,-0.0008704951060260876,156404.0018489986,-136.26753839774756
2025-05-28 00:00:00+00:00,-0.0057438150871956,0.5392076852934703,0.037804092857142854,5.396e-05,binance,0.0749647394749952,0.0002053686624956,BTCUSDT_250926,0.00013698630136986303,0.0002465753424657534,0.4,0.0,0.2,0.3,0.09999999999999987,-0.0021687810695024076,156064.79581059408,-339.20603840451804
2025-05-29 00:00:00+00:00,-0.0117848618505904,0.5766949881892471,0.03373095357142858,7.1885e-05,binance,0.0758834111896909,2.036182489271047e-06,BTCUSDT_250926,0.00013698630136986303,0.0002465753424657534,0.4,0.0,0.2,0.3,0.09999999999999987,-0.004625866270861594,155342.86093558496,-721.9348750091158
2025-05-30 00:00:00+00:00,-0.008405719445475,0.550678642402141,0.030776278571428575,6.9315e-05,binance,0.0776889574334011,0.0004736238174792,BTCUSDT_250926,0.00013698630136986303,0.0002465753424657534,0.4,0.0,0.2,0.3,0.09999999999999987,-0.003179891781817448,154848.8874487319,-493.97348685306497
2025-05-31 00:00:00+00:00,0.0031155379683052,0.5376131882759556,0.032026142857142864,0.000103725,binance,0.074980040418343,-0.0001393511618684,BTCUSDT_250926,0.00013698630136986303,0.0002465753424657534,0.4,0.0,0.2,0.3,0.09999999999999987,0.0013060161878251126,155051.12260240663,202.2351536747301
2025-06-01 00:00:00+00:00,0.0054137975027157,0.5389338851666547,0.03178028928571429,0.00013406,bybit,0.0757293427787326,0.0004849354329722,BTCUSDT_250926,0.00013698630136986303,0.0002465753424657534,0.4,0.0,0.2,0.3,0.09999999999999987,0.0023501773205574328,155415.52023427378,364.39763186714845
2025-06-02 00:00:00+00:00,0.0011150493425861,0.5723986445138269,0.028547692857142856,8.614e-05,bybit,0.073181455744104,0.0006839351474555,BTCUSDT_250926,0.00013698630136986303,0.0002465753424657534,0.4,0.0,0.2,0.3,0.09999999999999987,0.0006704779994022523,155519.72292135653,104.20268708275398
2025-06-03 00:00:00+00:00,-0.0026861803007459,0.5864209011767764,0.026215342857142856,3.231e-05,bybit,0.0697935101660172,0.0009208375764363,BTCUSDT_250926,0.00013698630136986303,0.0002465753424657534,0.4,0.0,0.2,0.3,0.09999999999999987,-0.0008026333721343877,155394.89760171474,-124.82531964179361
2025-06-04 00:00:00+00:00,-0.0037626496059784,0.5820384363417183,0.0313386392857143,-1.1695000000000002e-05,bybit,0.064928144043838,0.0004518760161479,BTCUSDT_250926,0.00013698630136986303,0.0002465753424657534,0.4,0.0,0.0,0.3,0.30000000000000004,-0.0013899913492406754,155178.9000383322,-215.99756338252337
2025-06-05 00:00:00+00:00,-0.0179309033412775,0.5885151226456545,0.028570114285714293,9.445e-06,bybit,0.0645491510188514,2.4431408230342485e-05,BTCUSDT_250926,0.00013698630136986303,0.0002465753424657534,0.4,0.0,0.0,0.3,0.30000000000000004,-0.007057292843360316,154083.75709765116,-1095.1429406810494
2025-06-06 00:00:00+00:00,0.0144749157562338,0.531693875110229,0.02308207857142857,4.241000000000001e-05,bybit,0.0632345972381981,0.0004593510076476,BTCUSDT_250926,0.00013698630136986303,0.0002465753424657534,0.4,0.0,0.0,0.3,0.30000000000000004,0.005905034795644206,154993.6270447564,909.8699471052387
2025-06-07 00:00:00+00:00,0.0062708907306078,0.5190715831990863,0.016838232142857144,3.0255000000000004e-05,bybit,0.0600556004567197,-0.0008377375543748,BTCUSDT_250926,0.00013698630136986303,0.0002465753424657534,0.4,0.0,0.0,0.3,0.30000000000000004,0.002623424785393805,155400.2411675237,406.61412276729243
2025-06-08 00:00:00+00:00,0.0008985831468302,0.5383820177620212,0.009591939285714285,-4.9100000000000004e-06,bybit,0.0660473022352835,0.0002720033291089,BTCUSDT_250926,0.00013698630136986303,0.0002465753424657534,0.4,0.0,0.2,0.3,0.09999999999999987,0.0005015051574305723,155478.17518993517,77.93402241147123
2025-06-09 00:00:00+00:00,0.0244774733511406,0.572648352688937,0.007322942857142857,4.2625000000000006e-05,bybit,0.0621686302210042,-4.1854467617501886e-05,BTCUSDT_250926,0.00013698630136986303,0.0002465753424657534,0.4,0.0,0.0,0.3,0.30000000000000004,0.009906057833606924,157018.35098523033,1540.1757952951593
2025-06-10 00:00:00+00:00,5.362536302583264e-05,0.5765316126751897,0.01255469642857143,0.000132645,bybit,0.0630206723764574,0.0005365252983942,BTCUSDT_250926,0.00013698630136986303,0.0002465753424657534,0.4,0.0,0.0,0.3,0.30000000000000004,0.000136518638361018,157039.78691670456,21.435931474232348
2025-06-11 00:00:00+00:00,-0.0089484751144596,0.6029775151074666,0.01771345,8.724e-05,bybit,0.0608482585793105,0.0014520210387728,BTCUSDT_250926,0.00013698630136986303,0.0002465753424657534,0.4,0.0,0.0,0.3,0.30000000000000004,-0.003464321552633155,156495.7505982681,-544.0363184364687
2025-06-12 00:00:00+00:00,-0.0163998299094216,0.5990187416955453,0.021868453571428574,8.913e-05,bybit,0.0528694578528401,0.0001379744610976,BTCUSDT_250926,0.00013698630136986303,0.0002465753424657534,0.4,0.0,0.0,0.3,0.30000000000000004,-0.0064448634706179555,155487.15685193037,-1008.5937463377195
2025-06-13 00:00:00+00:00,0.0022456100523492,0.602272183484005,0.022216246428571434,4.9080000000000004e-05,bybit,0.0522186019897409,-0.0002260372469785,BTCUSDT_250926,0.00013698630136986303,0.0002465753424657534,0.4,0.0,0.0,0.3,0.30000000000000004,0.0010133125140903648,155644.71393374878,157.557081818406
2025-06-14 00:00:00+00:00,-0.0036680074443444,0.5949711639718899,0.02021083214285714,3.4755e-05,binance,0.0546431818782839,0.000317176058278,BTCUSDT_250926,0.00013698630136986303,0.0002465753424657534,0.4,0.0,0.0,0.3,0.30000000000000004,-0.0013521344845870752,155434.26134869526,-210.45258505351376
2025-06-15 00:00:00+00:00,0.0010132582831585,0.5993141275836477,0.026360821428571428,0.000122345,bybit,0.05283584768801,5.928366580644146e-05,BTCUSDT_250926,0.00013698630136986303,0.0002465753424657534,0.4,0.0,0.0,0.3,0.30000000000000004,0.000520371806414085,155515.14495605195,80.88360735669266
2025-06-16 00:00:00+00:00,0.006836430106743,0.6016146802441299,0.02921746785714286,9.741e-05,bybit,0.0523345587816447,2.4533091722912615e-05,BTCUSDT_250926,0.00013698630136986303,0.0002465753424657534,0.4,0.0,0.0,0.3,0.30000000000000004,0.0028496405358478852,155958.30721705695,443.16226100499625
2025-06-17 00:00:00+00:00,-0.0126074996980972,0.6000659314050829,0.02563812142857143,6.400000000000001e-05,bybit,0.0538056632891336,0.0003969826449575,BTCUSDT_250926,0.00013698630136986303,0.0002465753424657534,0.4,0.0,0.0,0.3,0.30000000000000004,-0.004927931386088195,155189.75538000083,-768.5518370561185
2025-06-18 00:00:00+00:00,0.0017765713965249,0.5682943201579737,0.02154829642857143,8.805000000000001e-06,bybit,0.0512811338092368,0.0002765362803586,BTCUSDT_250926,0.00013698630136986303,0.0002465753424657534,0.4,0.0,0.0,0.3,0.30000000000000004,0.0008256970517606449,155317.89510348154,128.1397234807082
2025-06-19 00:00:00+00:00,-0.0012996482635695,0.5855096077045542,0.01765061785714286,1.438e-05,bybit,0.0498685122914247,0.0001299463331199,BTCUSDT_250926,0.00013698630136986303,0.0002465753424657534,0.4,0.0,0.0,0.3,0.30000000000000004,-0.00040479081227711507,155255.02384656144,-62.87125692010159
2025-06-20 00:00:00+00:00,-0.0078088075220497,0.5990932774215191,0.01894193571428571,7.3845e-05,bybit,0.0500602081178053,0.0003432787027123,BTCUSDT_250926,0.00013698630136986303,0.0002465753424657534,0.4,0.0,0.0,0.3,0.30000000000000004,-0.003008454515669195,154787.94616898993,-467.0776775715058
2025-06-21 00:00:00+00:00,-0.0065143922312155,0.5670353918010582,0.020868092857142855,1.9425e-05,bybit,0.0485464647322062,0.0007087739219766,BTCUSDT_250926,0.00013698630136986303,0.0002465753424657534,0.4,0.0,0.0,0.3,0.30000000000000004,-0.002490688399335515,154402.41762710985,-385.5285418800777
2025-06-22 00:00:00+00:00,-0.0062587233388772,0.550652477059452,0.019639607142857146,8.514e-05,binance,0.0441625027596509,-0.0005102815492313,BTCUSDT_250926,0.00013698630136986303,0.0002465753424657534,0.4,0.0,0.0,0.3,0.30000000000000004,-0.0023884208424001948,154033.63967473226,-368.7779523775971
2025-06-23 00:00:00+00:00,0.0223894682481054,0.5183939754411884,0.01761125,5.095000000000001e-06,binance,0.0465343183490729,-0.00024270432139,BTCUSDT_250926,0.00013698630136986303,0.0002465753424657534,0.4,0.0,0.0,0.3,0.30000000000000004,0.009070855792392845,155430.85660739918,1397.2169326669245
2025-06-24 00:00:00+00:00,0.0035580058303909,0.5034727182601363,0.015806064285714284,1.455e-05,binance,0.0485688043144055,-0.0001353657042127,BTCUSDT_250926,0.00013698630136986303,0.0002465753424657534,0.4,0.0,0.0,0.3,0.30000000000000004,0.001538270825307045,155669.9513594708,239.09475207162905
2025-06-25 00:00:00+00:00,0.0060178377860871,0.5082367390437786,0.01369427857142857,2.6750000000000006e-06,binance,0.0495660083634864,0.0006599554427598,BTCUSDT_250926,0.00013698630136986303,0.0002465753424657534,0.4,0.0,0.0,0.3,0.30000000000000004,0.002522203607585525,156062.58267238236,392.6313129115442
2025-06-26 00:00:00+00:00,-0.0020311696961941,0.5407427954142536,0.013895289285714287,2.3140000000000002e-05,binance,0.0450332622514355,0.0,BTCUSDT_250926,0.00013698630136986303,0.0002465753424657534,0.4,0.0,0.0,0.3,0.30000000000000004,-0.000697399385326955,155953.7447231541,-108.83794922826928
2025-06-27 00:00:00+00:00,0.0004966595951548,0.5615238513429646,0.011941496428571428,3.1665e-05,binance,0.0584034505248892,2.7802634323668623e-05,BTCUSDT_251226,0.00013698630136986303,0.0002465753424657534,0.4,0.0,0.0,0.3,0.30000000000000004,0.0003137323312126049,156002.67245504743,48.92773189334548
2025-06-28 00:00:00+00:00,0.0013127439657183,0.568229744947688,0.01089238214285714,4.663e-05,binance,0.0564659655785484,-0.000881480238132,BTCUSDT_251226,0.00013698630136986303,0.0002465753424657534,0.4,0.0,0.0,0.3,0.30000000000000004,0.000640166079438005,156102.54007425482,99.86761920739082
2025-06-29 00:00:00+00:00,0.0056873742528364,0.5769418937707038,0.01078340357142857,8.305000000000001e-05,binance,0.0597640619550387,0.000495445930408,BTCUSDT_251226,0.00013698630136986303,0.0002465753424657534,0.4,0.0,0.0,0.3,0.30000000000000004,0.002390018194285245,156475.62798520643,373.08791095160996
2025-06-30 00:00:00+00:00,-0.0070389355117207,0.6238255707195802,0.0128553,4.483e-05,binance,0.0587335039919629,0.0012069456305152,BTCUSDT_251226,0.00013698630136986303,0.0002465753424657534,0.4,0.0,0.0,0.3,0.30000000000000004,-0.002700505711537595,156053.06465811597,-422.56332709046546
2025-07-01 00:00:00+00:00,-0.0084484248968093,0.6169961937295148,0.013790221428571428,3.248e-05,binance,0.0548639664263077,-0.0008612700430748,BTCUSDT_251226,0.00013698630136986303,0.0002465753424657534,0.4,0.0,0.0,0.3,0.30000000000000004,-0.0032643014655730353,155543.66041044533,-509.40424767063814
2025-07-02 00:00:00+00:00,0.0182463753234714,0.6089919372432686,0.016085810714285713,4.67e-05,binance,0.0570166292584959,-0.0003390917375902,BTCUSDT_251226,0.00013698630136986303,0.0002465753424657534,0.4,0.0,0.0,0.3,0.30000000000000004,0.007413618622539245,156696.8017878821,1153.141377436783
2025-07-03 00:00:00+00:00,0.0041215292263721,0.6105798133829989,0.018388699999999997,6.730500000000001e-05,binance,0.0583529265070967,0.000534107017416,BTCUSDT_251226,0.00013698630136986303,0.0002465753424657534,0.4,0.0,0.0,0.3,0.30000000000000004,0.001763680183699525,156973.1648320445,276.3630441623973
2025-07-04 00:00:00+00:00,-0.0092598522701751,0.6318167643202611,0.01987555357142857,6.0179999999999996e-05,binance,0.05729520741704,0.0004745136882937,BTCUSDT_251226,0.00013698630136986303,0.0002465753424657534,0.4,0.0,0.0,0.3,0.30000000000000004,-0.0035888724149193553,156409.8081708962,-563.3566611483111
2025-07-05 00:00:00+00:00,0.0011968297653397,0.6161346645595353,0.020817775,0.000113695,bybit,0.0555237407804877,-0.0010105536029646,BTCUSDT_251226,0.00013698630136986303,0.0002465753424657534,0.4,0.0,0.0,0.3,0.30000000000000004,0.000593800399286565,156502.6843774404,92.8762065441988
2025-07-06 00:00:00+00:00,0.0058229013239151,0.6284274566283016,0.020864964285714282,3.287e-05,bybit,0.0595552963341134,0.0004390871236762,BTCUSDT_251226,0.00013698630136986303,0.0002465753424657534,0.4,0.0,0.0,0.3,0.30000000000000004,0.0024442290227167252,156885.2127807288,382.52840328839375
2025-07-07 00:00:00+00:00,-0.005729288086135,0.6595424075729135,0.024433099999999992,9.369499999999999e-05,bybit,0.0585423816204992,-0.0006662483025123,BTCUSDT_251226,0.00013698630136986303,0.0002465753424657534,0.4,0.0,0.0,0.3,0.30000000000000004,-0.002176646741303315,156543.72909357096,-341.48368715783
2025-07-08 00:00:00+00:00,0.0041284995859633,0.6829308038626336,0.02520220714285714,1.162e-05,bybit,0.0613548940245376,-0.0017484372902761,BTCUSDT_251226,0.00013698630136986303,0.0002465753424657534,0.4,0.0,0.0,0.3,0.30000000000000004,0.001766468327536005,156820.25863288913,276.5295393181732
2025-07-09 00:00:00+00:00,0.0146438027720724,0.6907472128209482,0.024634632142857146,7.5175e-05,bybit,0.0677855990516821,0.0001569214589893,BTCUSDT_251226,0.00013698630136986303,0.0002465753424657534,0.4,0.0,0.2,0.3,0.09999999999999987,0.0059765766335035326,157757.50692629445,937.2482934053114
2025-07-10 00:00:00+00:00,0.0288731723709803,0.6730778044786742,0.025825835714285712,0.00011372,bybit,0.0647296014575359,-0.0013099732781656,BTCUSDT_251226,0.00013698630136986303,0.0002465753424657534,0.4,0.0,0.0,0.3,0.30000000000000004,0.011664337441542806,159597.64372101927,1840.1367947248218
2025-07-11 00:00:00+00:00,0.0088110843458451,0.6735769201054775,0.030804696428571428,0.00015000000000000001,bybit,0.0698926958981399,-0.0004716336562814,BTCUSDT_251226,0.00013698630136986303,0.0002465753424657534,0.4,0.0,0.2,0.3,0.09999999999999987,0.0035177782399584724,160159.07283924974,561.4291182304733
2025-07-12 00:00:00+00:00,-0.0006231218686042,0.6761011677976712,0.03269774285714286,0.00015000000000000001,bybit,0.0724392043710228,-0.0009672968829841,BTCUSDT_251226,0.00013698630136986303,0.0002465753424657534,0.4,0.0,0.2,0.3,0.09999999999999987,-0.0003550368911617877,160102.21045993755,-56.86237931219512
2025-07-13 00:00:00+00:00,0.0102482165591657,0.7274448944945255,0.03777385,0.00013022,bybit,0.0760499206130283,-8.002576947343642e-05,BTCUSDT_251226,0.00013698630136986303,0.0002465753424657534,0.4,0.0,0.2,0.3,0.09999999999999987,0.004170952702648305,160769.9892073554,667.7787474178476
2025-07-14 00:00:00+00:00,0.0049811829845936,0.8043771774749479,0.041313046428571434,0.000140255,binance,0.0763809285427649,-6.838217046921963e-05,BTCUSDT_251226,0.00013698630136986303,0.0002465753424657534,0.4,0.0,0.2,0.3,0.09999999999999987,0.0020664679926203086,161102.2152442263,332.2260368709103
2025-07-15 00:00:00+00:00,-0.013370750347136,0.7659058542496897,0.04692335714285714,0.00015000000000000001,bybit,0.0785158188779527,-0.0002061854094271,BTCUSDT_251226,0.00013698630136986303,0.0002465753424657534,0.4,0.0,0.2,0.3,0.09999999999999987,-0.0053018659878631075,160248.07288865355,-854.1423555727524
2025-07-16 00:00:00+00:00,0.0053085554608985,0.7249088108187137,0.05174709285714285,0.00015000000000000001,binance,0.0793332255693308,0.0010774217036893,BTCUSDT_251226,0.00013698630136986303,0.0002465753424657534,0.4,0.0,0.2,0.3,0.09999999999999987,0.0024265777579739727,160636.92729808335,388.85440942979767
2025-07-17 00:00:00+00:00,0.0032621859040623,0.7116345528971301,0.054241867857142856,0.00015000000000000001,binance,0.0746237197632355,-0.000558074859059,BTCUSDT_251226,0.00013698630136986303,0.0002465753424657534,0.4,0.0,0.2,0.3,0.09999999999999987,0.0012809306226898326,160842.69205739425,205.76475931089954
2025-07-18 00:00:00+00:00,-0.0072538203593778,0.6865066288521451,0.054241867857142856,0.00015000000000000001,binance,0.0784421575809439,-0.000670511827703,BTCUSDT_251226,0.00013698630136986303,0.0002465753424657534,0.4,0.0,0.2,0.3,0.09999999999999987,-0.002947959276415008,160368.5343513001,-474.15770609414903
2025-07-19 00:00:00+00:00,-0.0005292913316199,0.6411671673314514,0.054241867857142856,0.00015000000000000001,binance,0.0820506619144601,-0.0002990495587237,BTCUSDT_251226,0.00013698630136986303,0.0002465753424657534,0.4,0.0,0.2,0.3,0.09999999999999987,-0.00018385521151598774,160339.04976049642,-29.484590803680476
2025-07-20 00:00:00+00:00,-0.0031344400208606,0.6421892402689184,0.054241867857142856,0.00015000000000000001,binance,0.0843512042459882,0.000722465469698,BTCUSDT_251226,0.00013698630136986303,0.0002465753424657534,0.4,0.0,0.2,0.3,0.09999999999999987,-0.0010216116815279278,160175.245514256,-163.80424624041189
2025-07-21 00:00:00+00:00,0.0006142020614435,0.6353834925238374,0.05474999999999999,0.00015000000000000001,binance,0.0814670391175051,-0.0011281273971216,BTCUSDT_251226,0.00013698630136986303,0.0002465753424657534,0.4,0.0,0.2,0.3,0.09999999999999987,0.00010772657802979233,160192.50064534036,17.255131084355526
2025-07-22 00:00:00+00:00,0.0137270920889092,0.626575102789515,0.05474999999999999,0.00015000000000000001,binance,0.0853595030639859,0.000242050272095,BTCUSDT_251226,0.00013698630136986303,0.0002465753424657534,0.4,0.0,0.2,0.3,0.09999999999999987,0.005626918122859392,161093.8907303678,901.3900850274367
2025-07-23 00:00:00+00:00,-0.0064821558396911,0.6459146165162087,0.05512308214285714,0.000157155,bybit,0.0856295079278061,0.0010243693812834,BTCUSDT_251226,0.00013698630136986303,0.0002465753424657534,0.4,0.0,0.2,0.3,0.09999999999999987,-0.002300317226743048,160723.32367839766,-370.567051970138
2025-07-24 00:00:00+00:00,-0.0022272667700558,0.6309133273606493,0.05512308214285714,0.00015000000000000001,bybit,0.0816428127762202,0.000450055386557,BTCUSDT_251226,0.00013698630136986303,0.0002465753424657534,0.4,0.0,0.2,0.3,0.09999999999999987,-0.0007132243978342077,160608.69188264923,-114.63179574842798
2025-07-25 00:00:00+00:00,-0.0038726270540671,0.6305826870519033,0.05512308214285714,0.00015000000000000001,bybit,0.0805341060257745,-0.0006016274720312,BTCUSDT_251226,0.00013698630136986303,0.0002465753424657534,0.4,0.0,0.2,0.3,0.09999999999999987,-0.0015817050831563677,160354.65629829935,-254.03558434988372
2025-07-26 00:00:00+00:00,0.0014960603997875,0.5957385611609083,0.05512308214285714,0.00015000000000000001,bybit,0.0837134114455305,0.0,BTCUSDT_251226,0.00013698630136986303,0.0002465753424657534,0.4,0.0,0.2,0.3,0.09999999999999987,0.0006860953927917123,160464.6748891983,110.01859089895152
2025-07-27 00:00:00+00:00,0.0076537633595972,0.604511679858901,0.05512308214285714,0.00015000000000000001,bybit,0.0883018221306831,-0.0005,BTCUSDT_250926,0.00013698630136986303,0.0002465753424657534,0.4,0.0,0.2,0.3,0.09999999999999987,0.0030491765767155926,160953.9600172607,489.28512806238723
2025-07-28 00:00:00+00:00,-0.0069804013350433,0.614643236240961,0.05512308214285714,0.00015000000000000001,bybit,0.0835891569920401,-0.0001512858632628,BTCUSDT_251226,0.00013698630136986303,0.0002465753424657534,0.4,0.0,0.2,0.3,0.09999999999999987,-0.0027347464737931676,160513.79174266045,-440.1682746002334
2025-07-29 00:00:00+00:00,-0.0005878638209011,0.6019021593958676,0.05512308214285714,0.00015000000000000001,bybit,0.0825273246791007,0.0023036731598847,BTCUSDT_251226,0.00013698630136986303,0.0002465753424657534,0.4,0.0,0.2,0.3,0.09999999999999987,0.00031326033649321236,160564.07434707356,50.28260441310704
2025-07-30 00:00:00+00:00,-0.0005951851985507,0.6148340077548249,0.05474999999999999,0.00015000000000000001,binance,0.0718620452124013,0.0009015591440279,BTCUSDT_251226,0.00013698630136986303,0.0002465753424657534,0.4,0.0,0.2,0.3,0.09999999999999987,2.990898226201229e-05,160568.87665512512,4.802308051555883
2025-07-31 00:00:00+00:00,-0.0115180132803471,0.6506778504208247,0.05474999999999999,0.00015000000000000001,bybit,0.0691185142767619,0.0015412811987966,BTCUSDT_251226,0.00013698630136986303,0.0002465753424657534,0.4,0.0,0.2,0.3,0.09999999999999987,-0.004211277839502808,159892.67650315352,-676.2001519715996
2025-08-01 00:00:00+00:00,-0.0136848619970482,0.64175584946872,0.04732381428571429,2.9109999999999997e-05,binance,0.0632828566829657,-0.0009134323989854,BTCUSDT_251226,0.00013698630136986303,0.0002465753424657534,0.4,0.0,0.0,0.3,0.30000000000000004,-0.005358876305668596,159035.83142759086,-856.8450755626545
2025-08-02 00:00:00+00:00,-0.0040754907560802,0.606362068116359,0.045832528571428575,0.00015000000000000001,bybit,0.0687394571214434,-3.2208952134007685e-05,BTCUSDT_251226,0.00013698630136986303,0.0002465753424657534,0.4,0.0,0.2,0.3,0.09999999999999987,-0.0015489668599821694,158789.4901951598,-246.34123243106296
2025-08-03 00:00:00+00:00,0.0089252503584202,0.6044277436407466,0.04529754285714286,0.00013974000000000001,bybit,0.0683658291685477,-0.0007016534627804,BTCUSDT_251226,0.00013698630136986303,0.0002465753424657534,0.4,0.0,0.2,0.3,0.09999999999999987,0.003517440683688713,159348.02280811445,558.5326129546447
2025-08-04 00:00:00+00:00,0.0046223105853389,0.628762084818435,0.040735042857142856,6.25e-05,bybit,0.0718651007213197,-6.205726077338312e-05,BTCUSDT_251226,0.00013698630136986303,0.0002465753424657534,0.4,0.0,0.2,0.3,0.09999999999999987,0.0019241840148575956,159654.63772640098,306.6149182865338
2025-08-05 00:00:00+00:00,-0.0053886481308494,0.6635661599620378,0.03869651785714286,0.000110905,bybit,0.0732737216936123,-0.0002912474617704,BTCUSDT_251226,0.00013698630136986303,0.0002465753424657534,0.4,0.0,0.2,0.3,0.09999999999999987,-0.0021260375118171276,159315.20597765906,-339.43174874191754
2025-08-06 00:00:00+00:00,0.0050245690468087,0.6651771595287108,0.03835367857142857,0.000143425,bybit,0.0747222884058231,-0.001184688327311,BTCUSDT_251226,0.00013698630136986303,0.0002465753424657534,0.4,0.0,0.2,0.3,0.09999999999999987,0.0018605611861379923,159611.62166626268,296.4156886036217
2025-08-07 00:00:00+00:00,0.0147471961655173,0.6852647623453532,0.03530045357142858,9.1445e-05,bybit,0.0796677390011811,-0.0001803408318287,BTCUSDT_251226,0.00013698630136986303,0.0002465753424657534,0.4,0.0,0.2,0.3,0.09999999999999987,0.005950481532717892,160561.38767339493,949.7660071322462
2025-08-08 00:00:00+00:00,-0.0048452642568499,0.7087289739724029,0.038825310714285716,4.658e-05,bybit,0.0817318482377343,-0.0006320562617067,BTCUSDT_251226,0.00013698630136986303,0.0002465753424657534,0.4,0.0,0.2,0.3,0.09999999999999987,-0.001976845722204588,160243.98258102153,-317.405092373403
2025-08-09 00:00:00+00:00,-0.001286930497428,0.6968409382822538,0.03351951428571429,0.000115365,binance,0.0857955315776743,-0.0005295278083671,BTCUSDT_251226,0.00013698630136986303,0.0002465753424657534,0.4,0.0,0.2,0.3,0.09999999999999987,-0.0005330065277679078,160158.57149227033,-85.41108875119244
2025-08-10 00:00:00+00:00,0.0171426404820452,0.7055664199362652,0.03669475357142857,0.000149245,binance,0.0871005289939671,0.0002610776517614,BTCUSDT_251226,0.00013698630136986303,0.0002465753424657534,0.4,0.0,0.2,0.3,0.09999999999999987,0.006996942956047073,161279.19188092372,1120.6203886533913
2025-08-11 00:00:00+00:00,-0.0037380558477954,0.7270877502086708,0.04091337142857144,0.00015000000000000001,binance,0.0867874884486341,-0.0006964595655764,BTCUSDT_251226,0.00013698630136986303,0.0002465753424657534,0.4,0.0,0.2,0.3,0.09999999999999987,-0.0015468430193567276,161029.7182887952,-249.47359212851734
2025-08-12 00:00:00+00:00,0.0087886933440065,0.721069475237303,0.042492517857142864,0.000132655,binance,0.0900651025528653,-0.0008679885008483,BTCUSDT_251226,0.00013698630136986303,0.0002465753424657534,0.4,0.0,0.2,0.3,0.09999999999999987,0.003429550870309653,161581.9778992983,552.2596105030971
2025-08-13 00:00:00+00:00,0.0194996686318887,0.7394809927911207,0.04363653214285715,0.000135615,binance,0.0929707636735811,0.0006932322994024,BTCUSDT_251226,0.00013698630136986303,0.0002465753424657534,0.4,0.0,0.2,0.3,0.09999999999999987,0.008026185145512671,162878.86477009617,1296.886870797869
2025-08-14 00:00:00+00:00,-0.0294831394331752,0.7249089937890267,0.0465846892857143,0.00015000000000000001,binance,0.093695941024428,0.0010066351866337,BTCUSDT_251226,0.00013698630136986303,0.0002465753424657534,0.4,0.0,0.2,0.3,0.09999999999999987,-0.011504257503066629,161005.06436797383,-1873.800402122346
2025-08-15 00:00:00+00:00,-0.0053617434185773,0.6519338268566662,0.04698775357142857,6.8255e-05,binance,0.0895971171331695,0.0001001772169482,BTCUSDT_251226,0.00013698630136986303,0.0002465753424657534,0.4,0.0,0.2,0.3,0.09999999999999987,-0.0020369906911645677,160677.09855062593,-327.9658173478965
2025-08-16 00:00:00+00:00,0.0001794395112837,0.6327589783465445,0.047787625,0.000130705,binance,0.0896923606056439,0.0009594851485755,BTCUSDT_251226,0.00013698630136986303,0.0002465753424657534,0.4,0.0,0.2,0.3,0.09999999999999987,0.00035134406710529237,160733.55149592136,56.452945295430254
2025-08-17 00:00:00+00:00,0.0001139842630589,0.6461264965472342,0.04392462142857143,6.1034999999999994e-05,bybit,0.0850126503860635,0.0023880582268167,BTCUSDT_251226,0.00013698630136986303,0.0002465753424657534,0.4,0.0,0.2,0.3,0.09999999999999987,0.0006108765834636123,160831.73985870715,98.18836278578965
2025-08-18 00:00:00+00:00,-0.0066132022727936,0.657434581946933,0.04175756428571428,0.00010844,bybit,0.0729890496496032,0.0012260054780707,BTCUSDT_251226,0.00013698630136986303,0.0002465753424657534,0.4,0.0,0.2,0.3,0.09999999999999987,-0.0023124085806265878,160459.8311634208,-371.9086952863436
2025-08-19 00:00:00+00:00,-0.018609386805452,0.6441651371199987,0.037450303571428575,3.29e-05,bybit,0.068596573272786,0.0001138448241004,BTCUSDT_251226,0.00013698630136986303,0.0002465753424657534,0.4,0.0,0.2,0.3,0.09999999999999987,-0.007333314524484008,159283.12875295384,-1176.702410466969
2025-08-20 00:00:00+00:00,0.0075716410664685,0.6147555640823726,0.037450303571428575,0.00015000000000000001,bybit,0.0676452059372068,-0.0002565824961731,BTCUSDT_251226,0.00013698630136986303,0.0002465753424657534,0.4,0.0,0.2,0.3,0.09999999999999987,0.0030650111602294927,159771.3333202179,488.204567264067
2025-08-21 00:00:00+00:00,-0.0098807687352703,0.6354531242180852,0.03717212142857144,0.000144665,bybit,0.070749326334208,-0.0022107111111111,BTCUSDT_251226,0.00013698630136986303,0.0002465753424657534,0.4,0.0,0.2,0.3,0.09999999999999987,-0.004306778483453628,159083.2335796017,-688.0997406161914
2025-08-22 00:00:00+00:00,0.0248929107699777,0.6314548001264557,0.036060435714285716,0.000125655,bybit,0.080927849284067,0.0,BTCUSDT_251226,0.00013698630136986303,0.0002465753424657534,0.4,0.0,0.2,0.3,0.09999999999999987,0.010044835540867793,160681.19849821823,1597.9649186165188
2025-08-23 00:00:00+00:00,-0.0079119397739731,0.6158099384540136,0.040290525,0.00015000000000000001,bybit,0.0840359701971031,-0.0007008003426946,BTCUSDT_250926,0.00013698630136986303,0.0002465753424657534,0.4,0.0,0.2,0.3,0.09999999999999987,-0.0032172647452514483,160164.2445430652,-516.9539551530324
2025-08-24 00:00:00+00:00,-0.0103163453583215,0.612129595841185,0.0449294142857143,0.00015000000000000001,bybit,0.0925839632320773,0.0,BTCUSDT_250926,0.00013698630136986303,0.0002465753424657534,0.4,0.0,0.2,0.3,0.09999999999999987,-0.004038866910451889,159517.3624755427,-646.8820675224997
2025-08-25 00:00:00+00:00,-0.0170291280575454,0.5693793985014903,0.04709647142857143,0.00015000000000000001,bybit,0.0738668434646611,-0.0014143419271908,BTCUSDT_251226,0.00013698630136986303,0.0002465753424657534,0.4,0.0,0.2,0.3,0.09999999999999987,-0.007006848375579608,158399.64850340417,-1117.713972138532
2025-08-26 00:00:00+00:00,0.0079880214364571,0.5360139969332135,0.05320240000000001,0.00015000000000000001,bybit,0.0787622524728588,0.0001109041060198,BTCUSDT_251226,0.00013698630136986303,0.0002465753424657534,0.4,0.0,0.2,0.3,0.09999999999999987,0.003305060628663512,158923.16894526692,523.5204418627545
2025-08-27 00:00:00+00:00,-0.0023946590620002,0.5329538218208765,0.051642285714285724,0.00012008,bybit,0.0790988134692751,0.000318572350077,BTCUSDT_251226,0.00013698630136986303,0.0002465753424657534,0.4,0.0,0.2,0.3,0.09999999999999987,-0.0008064779219079678,158795.00091823292,-128.16802703400026
2025-08-28 00:00:00+00:00,0.0063167602223423,0.5394295212885761,0.049408225,0.00010182,bybit,0.0769178891248968,0.0005450092345085,BTCUSDT_251226,0.00013698630136986303,0.0002465753424657534,0.4,0.0,0.2,0.3,0.09999999999999987,0.0027233771687153324,159227.45959823977,432.45868000685005
2025-08-29 00:00:00+00:00,-0.0200434027735566,0.5385052269353446,0.04593942142857144,5.913e-05,bybit,0.0770900513181818,0.0009306829652677,BTCUSDT_251226,0.00013698630136986303,0.0002465753424657534,0.4,0.0,0.2,0.3,0.09999999999999987,-0.007743553283492387,157994.47328064567,-1232.986317594099
2025-08-30 00:00:00+00:00,0.0019228973875962,0.4920086994860996,0.04593942142857143,0.00015000000000000001,bybit,0.0716953746039117,0.0001030176261228,BTCUSDT_251226,0.00013698630136986303,0.0002465753424657534,0.4,0.0,0.2,0.3,0.09999999999999987,0.0008774337131397523,158133.10295799182,138.62967734615086
2025-08-31 00:00:00+00:00,-0.0026530394629892,0.5032728137010274,0.04308068928571428,9.5175e-05,bybit,0.0720427560339483,0.0001689202453477,BTCUSDT_251226,0.00013698630136986303,0.0002465753424657534,0.4,0.0,0.2,0.3,0.09999999999999987,-0.0009397605032494279,157984.49571357566,-148.60724441616912
2025-09-01 00:00:00+00:00,0.0047575051394148,0.522826294677635,0.041758607142857146,0.000124645,bybit,0.0709511747518578,-4.0325009506804867e-05,BTCUSDT_251226,0.00013698630136986303,0.0002465753424657534,0.4,0.0,0.2,0.3,0.09999999999999987,0.0019826082867412716,158297.71708395405,313.22137037839275
2025-09-02 00:00:00+00:00,0.0095920558763972,0.5232639474495371,0.04175860714285715,0.00015000000000000001,bybit,0.0705311093045374,-0.0003222761306834,BTCUSDT_251226,0.00013698630136986303,0.0002465753424657534,0.4,0.0,0.2,0.3,0.09999999999999987,0.0038600383572989128,158908.75234377096,611.035259816912
2025-09-03 00:00:00+00:00,0.0022469073834319,0.5442182366648585,0.04331872142857143,0.00015000000000000001,bybit,0.0729082749130286,0.0016344732959487,BTCUSDT_251226,0.00013698630136986303,0.0002465753424657534,0.4,0.0,0.2,0.3,0.09999999999999987,0.0013133288454392125,159117.4517920168,208.69944824583945
2025-09-04 00:00:00+00:00,-0.0052701476564536,0.5951460666894148,0.04316177142857144,9.881000000000001e-05,bybit,0.0635490779605134,-0.0003001872919448,BTCUSDT_251226,0.00013698630136986303,0.0002465753424657534,0.4,0.0,0.0,0.3,0.30000000000000004,-0.001992990569430755,158800.33221116345,-317.1195808533521
2025-09-05 00:00:00+00:00,-0.0003891674053692,0.5856005149560627,0.04777615357142857,0.000147625,bybit,0.0661153794803599,-0.000187149845215,BTCUSDT_251226,0.00013698630136986303,0.0002465753424657534,0.4,0.0,0.2,0.3,0.09999999999999987,-0.00010542569831396773,158783.5905752476,-16.741635915852385
2025-09-06 00:00:00+00:00,-0.0024334033284384,0.5622865694968306,0.04315082142857143,6.129500000000002e-05,bybit,0.0682328659924578,-0.000308245990919,BTCUSDT_251226,0.00013698630136986303,0.0002465753424657534,0.4,0.0,0.2,0.3,0.09999999999999987,-0.0009473392966824478,158633.16864022735,-150.42193502024747
2025-09-07 00:00:00+00:00,0.0048269638089419,0.5605419378172303,0.04379009285714285,0.00010743499999999999,bybit,0.0702931575063299,0.0001614668841273,BTCUSDT_251226,0.00013698630136986303,0.0002465753424657534,0.4,0.0,0.2,0.3,0.09999999999999987,0.0020507501332789322,158958.48563195873,325.31699173137895
2025-09-08 00:00:00+00:00,0.0048084137093506,0.5792930555273464,0.042714907142857146,0.000104025,bybit,0.0692782582515034,-0.0001915848475035,BTCUSDT_251226,0.00013698630136986303,0.0002465753424657534,0.4,0.0,0.2,0.3,0.09999999999999987,0.0019727197471162525,159272.0661755366,313.5805435778748
2025-09-09 00:00:00+00:00,-0.0028150240525024,0.6009921205561726,0.03633861785714285,2.7715e-05,bybit,0.0715459389022245,0.0003097814281573,BTCUSDT_251226,0.00013698630136986303,0.0002465753424657534,0.4,0.0,0.2,0.3,0.09999999999999987,-0.0009763821024927878,159116.55578069578,-155.5103948408214
2025-09-10 00:00:00+00:00,0.0128712233918809,0.5952491944671195,0.03446173571428572,0.00010415500000000001,binance,0.0686164271444646,-0.0009547648297648,BTCUSDT_251226,0.00013698630136986303,0.0002465753424657534,0.4,0.0,0.2,0.3,0.09999999999999987,0.005045207623676113,159919.33184097364,802.776060277858
2025-09-11 00:00:00+00:00,0.0080347198752752,0.6020971183163798,0.034283928571428576,6.726e-05,binance,0.0748390483685608,-0.0001470783197031,BTCUSDT_251226,0.00013698630136986303,0.0002465753424657534,0.4,0.0,0.2,0.3,0.09999999999999987,0.0032721435190461727,160442.6108462273,523.2790052536584
2025-09-12 00:00:00+00:00,0.0030069965718386,0.6504805368773177,0.032039700000000004,8.397999999999999e-05,binance,0.0762135278153716,-0.0006611685208803,BTCUSDT_251226,0.00013698630136986303,0.0002465753424657534,0.4,0.0,0.2,0.3,0.09999999999999987,0.0011582361574360926,160628.44127930282,185.83043307551998
2025-09-13 00:00:00+00:00,-0.0006464493600615,0.6600159117871632,0.030385989285714284,2.9925e-05,bybit,0.0816654617064914,9.144372298840397e-06,BTCUSDT_251226,0.00013698630136986303,0.0002465753424657534,0.4,0.0,0.2,0.3,0.09999999999999987,-0.00016907963668811958,160601.28228080954,-27.158998493279796
2025-09-14 00:00:00+00:00,-0.0040460804810508,0.708331417730309,0.03081277857142857,8.0385e-05,binance,0.0828583404833438,0.0009985424403527,BTCUSDT_251226,0.00013698630136986303,0.0002465753424657534,0.4,0.0,0.2,0.3,0.09999999999999987,-0.001331052471473068,160387.51354710793,-213.76873370161047
2025-09-15 00:00:00+00:00,0.0004661774721393,0.7536739171064255,0.03061932857142857,0.000113275,binance,0.0764700452998067,0.0007327716732014,BTCUSDT_251226,0.00013698630136986303,0.0002465753424657534,0.4,0.0,0.2,0.3,0.09999999999999987,0.00042069655637271236,160454.98802174238,67.47447463445133
2025-09-16 00:00:00+00:00,0.0096455017023685,0.7756926178895874,0.03224644642857144,0.00011732000000000001,bybit,0.0710444626862936,0.0010892724791794,BTCUSDT_251226,0.00013698630136986303,0.0002465753424657534,0.4,0.0,0.2,0.3,0.09999999999999987,0.004163726409659992,161123.07869293017,668.0906711877906
2025-09-17 00:00:00+00:00,-0.0023140332716712,0.7862536747183059,0.031082617857142857,8.6225e-05,bybit,0.0639902594806817,-0.0007619736913404,BTCUSDT_251226,0.00013698630136986303,0.0002465753424657534,0.4,0.0,0.0,0.3,0.30000000000000004,-0.0008105448155177951,160992.48121683532,-130.59747609484475
2025-09-18 00:00:00+00:00,0.00421720249856,0.7849239938346448,0.03449484642857144,0.00014334500000000002,bybit,0.0698795962682684,0.0004076497906914,BTCUSDT_251226,0.00013698630136986303,0.0002465753424657534,0.4,0.0,0.2,0.3,0.09999999999999987,0.0018560821904389925,161291.29649401648,298.8152771811583
2025-09-19 00:00:00+00:00,-0.0105695443520174,0.8506236862355258,0.032213075,8.3435e-05,bybit,0.06839804362263,0.0002211750722418,BTCUSDT_251226,0.00013698630136986303,0.0002465753424657534,0.4,0.0,0.2,0.3,0.09999999999999987,-0.004095911493481887,160630.66161890805,-660.6348751084297
2025-09-20 00:00:00+00:00,0.0003418519630031,0.8251865817918609,0.03632714642857143,0.000108825,bybit,0.0674076227010135,-0.0001285380042448,BTCUSDT_251226,0.00013698630136986303,0.0002465753424657534,0.4,0.0,0.2,0.3,0.09999999999999987,0.00019870441722899234,160662.57964091413,31.91802200608072
2025-09-21 00:00:00+00:00,-0.003306968288204,0.8387119472636755,0.04129922857142858,0.00012487999999999998,bybit,0.0693590086236534,0.000560172847385,BTCUSDT_251226,0.00013698630136986303,0.0002465753424657534,0.4,0.0,0.2,0.3,0.09999999999999987,-0.0011230815129278876,160482.14246790012,-180.43717301401193
2025-09-22 00:00:00+00:00,-0.0196891650597146,0.8764224886518307,0.037885175,6.2535e-05,bybit,0.0672920149682052,9.813495647042508e-05,BTCUSDT_251226,0.00013698630136986303,0.0002465753424657534,0.4,0.0,0.2,0.3,0.09999999999999987,-0.0077683677997150416,159235.4581599232,-1246.684307976917
2025-09-23 00:00:00+00:00,-0.004971997999066,0.852636966011744,0.031642892857142856,-2.395e-06,bybit,0.0676373603243011,0.0003950935188591,BTCUSDT_251226,0.00013698630136986303,0.0002465753424657534,0.4,0.0,0.2,0.3,0.09999999999999987,-0.0018221092629778675,158945.31375661548,-290.14440330772777
2025-09-24 00:00:00+00:00,0.0099522867225637,0.8521116241210113,0.028561771428571435,2.7135000000000004e-05,bybit,0.0645098657173756,0.0004822738224469,BTCUSDT_251226,0.00013698630136986303,0.0002465753424657534,0.4,0.0,0.0,0.3,0.30000000000000004,0.004095983182176165,159596.35108864828,651.0373320328072
2025-09-25 00:00:00+00:00,-0.0327871172951949,0.861095509063155,0.0213525,5.085e-06,bybit,0.0638130732073265,0.0,BTCUSDT_251226,0.00013698630136986303,0.0002465753424657534,0.4,0.0,0.0,0.3,0.30000000000000004,-0.012999778424927276,157521.63388706895,-2074.717201579333
2025-09-26 00:00:00+00:00,0.0046386842531421,0.7955734964178919,0.02132955714285715,7.609500000000001e-05,binance,0.0738197695061332,-0.0004763323776903,BTCUSDT_260327,0.00013698630136986303,0.0002465753424657534,0.4,0.0,0.2,0.3,0.09999999999999987,0.0018478784585954924,157812.71472109164,291.08083402269403
2025-09-27 00:00:00+00:00,-5.765972891412368e-05,0.7938668402781399,0.02354875714285714,5.6179999999999994e-05,binance,0.07413730411714,0.0003871908686802,BTCUSDT_260327,0.00013698630136986303,0.0002465753424657534,0.4,0.0,0.2,0.3,0.09999999999999987,0.00014204551504710285,157835.13130943518,22.416588343534386
2025-09-28 00:00:00+00:00,0.0186018761888139,0.8075989074144648,0.026825414285714284,6.775499999999999e-05,binance,0.0713340085354221,-0.0024049170878878,BTCUSDT_260327,0.00013698630136986303,0.0002465753424657534,0.4,0.0,0.2,0.3,0.09999999999999987,0.007047438290824712,158947.46465746267,1112.3333480274887
2025-09-29 00:00:00+00:00,0.0155072218605818,0.809932886676036,0.02432307857142857,1.8239999999999998e-05,binance,0.0800080800550297,0.0009656469891688,BTCUSDT_260327,0.00013698630136986303,0.0002465753424657534,0.4,0.0,0.2,0.3,0.09999999999999987,0.006483689374943193,159978.0306452364,1030.5659877737344
2025-09-30 00:00:00+00:00,-0.0019002002099508,0.8195507992707025,0.026848357142857143,8.0185e-05,bybit,0.0766737510791458,-0.0005310878409819,BTCUSDT_260327,0.00013698630136986303,0.0002465753424657534,0.4,0.0,0.2,0.3,0.09999999999999987,-0.0007786264192999878,159853.46752406843,-124.56312116797199
2025-10-01 00:00:00+00:00,0.0335243546804822,0.8418799359142873,0.03137800714285714,0.000114005,bybit,0.0762576229729291,-0.0008475906106994,BTCUSDT_260327,0.00013698630136986303,0.0002465753424657534,0.4,0.0,0.2,0.3,0.09999999999999987,0.013327894982929711,161983.97775188638,2130.5102278179547
2025-10-02 00:00:00+00:00,0.0134233789011468,0.8245745301699369,0.03635347857142858,0.000100505,bybit,0.0789192561623144,-3.007566206903132e-05,BTCUSDT_260327,0.00013698630136986303,0.0002465753424657534,0.4,0.0,0.2,0.3,0.09999999999999987,0.005451007660921626,162866.95365555846,882.9759036720789
2025-10-03 00:00:00+00:00,0.0116254954634335,0.8231152820469445,0.03286381785714286,1.4720000000000001e-05,bybit,0.0783883341280748,0.0001865305321028,BTCUSDT_260327,0.00013698630136986303,0.0002465753424657534,0.4,0.0,0.2,0.3,0.09999999999999987,0.004775175524670672,163644.67194643218,777.7182908737159
2025-10-04 00:00:00+00:00,0.0009390170576896,0.7760947156935873,0.033998707142857146,0.00014156,binance,0.0779548670893369,-0.0004795695761943,BTCUSDT_260327,0.00013698630136986303,0.0002465753424657534,0.4,0.0,0.2,0.3,0.09999999999999987,0.00036736414071369234,163704.78913072412,60.117184291942976
2025-10-05 00:00:00+00:00,0.0068883350228207,0.7730437131961261,0.03782156071428572,0.00014107,binance,0.0797182756040865,-0.0001610352122502,BTCUSDT_260327,0.00013698630136986303,0.0002465753424657534,0.4,0.0,0.2,0.3,0.09999999999999987,0.0028107981995549526,164164.93025727128,460.1411265471543
2025-10-06 00:00:00+00:00,0.0072372369012795,0.7615806139520777,0.04292191428571429,0.000116055,binance,0.0801022042870814,0.0001841430198043,BTCUSDT_260327,0.00013698630136986303,0.0002465753424657534,0.4,0.0,0.2,0.3,0.09999999999999987,0.0030193945973493726,164660.6089607643,495.6787034930312
2025-10-07 00:00:00+00:00,-0.0201678292303487,0.7556503539186158,0.0465646142857143,0.00012401,binance,0.0819713284760257,0.0007423787190536,BTCUSDT_260327,0.00013698630136986303,0.0002465753424657534,0.4,0.0,0.2,0.3,0.09999999999999987,-0.00783098471545205,163371.1542487555,-1289.4547120087955
2025-10-08 00:00:00+00:00,0.0114478487867221,0.7083499694496109,0.04685817857142857,8.969e-05,binance,0.0779973017867551,0.0008487016041392,BTCUSDT_260327,0.00013698630136986303,0.0002465753424657534,0.4,0.0,0.2,0.3,0.09999999999999987,0.004836551068393392,164161.307179382,790.1529306265002
2025-10-09 00:00:00+00:00,-0.0093736343052323,0.7025783929298238,0.0418582,4.0745000000000004e-05,binance,0.0758032500217306,0.0021271978852957,BTCUSDT_260327,0.00013698630136986303,0.0002465753424657534,0.4,0.0,0.2,0.3,0.09999999999999987,-0.0032363429121570675,163630.02489644158,-531.2822829404322
2025-10-10 00:00:00+00:00,-0.0491282648221151,0.6718636990785541,0.036715610714285724,0.00012289,bybit,0.0722925215912327,-1.3744241827743952e-05,BTCUSDT_260327,0.00013698630136986303,0.0002465753424657534,0.4,0.0,0.2,0.3,0.09999999999999987,-0.01956638354433488,160428.37706994874,-3201.6478264928446
2025-10-11 00:00:00+00:00,-0.0090363626438543,0.4617267473270757,0.03521311428571429,2.934500000000001e-05,bybit,0.0741867397300652,-0.0008242622310753,BTCUSDT_260327,0.00013698630136986303,0.0002465753424657534,0.4,0.0,0.2,0.3,0.09999999999999987,-0.003691726270880068,159836.11941572494,-592.2576542237948
2025-10-12 00:00:00+00:00,0.0169320277048131,0.4352468087243918,0.03013726785714286,4.0975e-05,bybit,0.075321379674168,0.0009264188561467,BTCUSDT_260327,0.00013698630136986303,0.0002465753424657534,0.4,0.0,0.2,0.3,0.09999999999999987,0.0070457660860312925,160962.28732522708,1126.167909502139
2025-10-13 00:00:00+00:00,0.0007852601419756,0.4378193119222337,0.029518332142857144,0.00012412,bybit,0.0715502102630248,0.001283538544362,BTCUSDT_260327,0.00013698630136986303,0.0002465753424657534,0.4,0.0,0.2,0.3,0.09999999999999987,0.0006584829985393523,161068.27825483677,105.99092960968846
2025-10-14 00:00:00+00:00,-0.0080943333988723,0.4358833429253011,0.02904565714285714,2.7730000000000004e-05,bybit,0.0675266979813233,0.0005425197654318,BTCUSDT_260327,0.00013698630136986303,0.0002465753424657534,0.4,0.0,0.2,0.3,0.09999999999999987,-0.0030415581735858477,160578.37971660536,-489.8985382314131
2025-10-15 00:00:00+00:00,-0.0083391116224375,0.4145689283126612,0.022013932142857143,1.5145e-05,bybit,0.0668508408644812,0.0008152521304894,BTCUSDT_260327,0.00013698630136986303,0.0002465753424657534,0.4,0.0,0.2,0.3,0.09999999999999987,-0.003084922990000408,160083.00778132057,-495.37193528478383
2025-10-16 00:00:00+00:00,-0.0095848666577945,0.4131638050976273,0.017756728571428577,-1.9665000000000002e-05,bybit,0.0650997309517518,0.001293968590576,BTCUSDT_260327,0.00013698630136986303,0.0002465753424657534,0.4,0.0,0.2,0.3,0.09999999999999987,-0.003487481712125888,159524.72121926115,-558.2865620594239
2025-10-17 00:00:00+00:00,-0.0063919952111898,0.390252471817797,0.011715196428571429,7.025e-06,bybit,0.0606246547168258,-0.0015478004293458,BTCUSDT_260327,0.00013698630136986303,0.0002465753424657534,0.4,0.0,0.0,0.3,0.30000000000000004,-0.002441729591325235,159135.20498691217,-389.5162323489785
2025-10-18 00:00:00+00:00,-0.0005853787077266,0.0,0.01074977142857143,1.0830000000000003e-05,bybit,0.0675870132166804,-0.0003667956927931,BTCUSDT_260327,0.00013698630136986303,0.0002465753424657534,0.0,0.0,0.2,0.3,0.5,6.910661486603753e-05,159146.20228223485,10.997295322682476
2025-10-19 00:00:00+00:00,0.0,0.0,0.013231771428571432,8.8575e-05,bybit,0.0687609360261494,0.0002011638509249,BTCUSDT_260327,0.00013698630136986303,0.0002465753424657534,0.0,0.0,0.2,0.3,0.5,0.00018269852360963755,159175.2780584299,29.07577619503718
2025-10-20 00:00:00+00:00,0.005982500308705,0.3764920409305091,0.013454160714285714,0.000128385,bybit,0.0670998304082634,0.0011701579152262,BTCUSDT_260327,0.00013698630136986303,0.0002465753424657534,0.4,0.0,0.2,0.3,0.09999999999999987,0.0027147029394039525,159607.39165365556,432.11359522567363
2025-10-21 00:00:00+00:00,-0.0075659321484361,0.3740928335088504,0.01667450357142857,8.949000000000001e-05,bybit,0.0633673348039325,0.0001249796048244,BTCUSDT_260327,0.00013698630136986303,0.0002465753424657534,0.4,0.0,0.0,0.3,0.30000000000000004,-0.0029113043662237553,159142.7259574527,-464.66569620286464
2025-10-22 00:00:00+00:00,-0.0024453465515747,0.3593892079040106,0.01905821428571429,6.086e-05,bybit,0.0636176566211713,-0.0006263977277883,BTCUSDT_260327,0.00013698630136986303,0.0002465753424657534,0.4,0.0,0.0,0.3,0.30000000000000004,-0.0008630701274791951,159005.37462467322,-137.35133277947898
2025-10-23 00:00:00+00:00,-0.000539083811856,0.0,0.025923864285714287,0.00011200500000000001,bybit,0.0654505382359362,0.0001485762210094,BTCUSDT_260327,0.00013698630136986303,0.0002465753424657534,0.0,0.0,0.2,0.3,0.5,0.00017218099762653755,159032.75232870405,27.37770403083414
2025-10-24 00:00:00+00:00,0.0025570545467845,0.3695884947204818,0.029335310714285717,7.245e-05,bybit,0.0646271780658292,0.0005940278847175,BTCUSDT_260327,0.00013698630136986303,0.0002465753424657534,0.4,0.0,0.0,0.3,0.30000000000000004,0.0011378903118644849,159213.71415684803,180.96182814397616
2025-10-25 00:00:00+00:00,0.002126154411605,0.3683096874959745,0.03481083214285716,0.00011584,bybit,0.0618579156791851,-0.000876294389414,BTCUSDT_260327,0.00013698630136986303,0.0002465753424657534,0.4,0.0,0.0,0.3,0.30000000000000004,0.000965530257792685,159367.439815322,153.72565847396618
2025-10-26 00:00:00+00:00,0.0098895449894898,0.3796719112884553,0.03683710357142858,0.000127435,bybit,0.0647830433726728,0.0001302817577606,BTCUSDT_260327,0.00013698630136986303,0.0002465753424657534,0.4,0.0,0.0,0.3,0.30000000000000004,0.0040708864889466055,160016.2065728442,648.7667575222149
2025-10-27 00:00:00+00:00,-0.0015263582277243,0.3850310441350875,0.03689055000000001,0.00012941,bybit,0.0648379110044693,0.0005201228839608,BTCUSDT_260327,0.00013698630136986303,0.0002465753424657534,0.4,0.0,0.0,0.3,0.30000000000000004,-0.000495474797939035,159936.92257522556,-79.28399761865148
2025-10-28 00:00:00+00:00,-0.0041623013735254,0.391819765731811,0.03576843571428571,6.797e-05,bybit,0.0634108646605275,0.0015746008913319,BTCUSDT_260327,0.00013698630136986303,0.0002465753424657534,0.4,0.0,0.0,0.3,0.30000000000000004,-0.0015498520562594752,159689.04400690054,-247.8785683250171
2025-10-29 00:00:00+00:00,-0.0098107275436396,0.3845400056311141,0.03334066428571428,1.43e-05,bybit,0.0575895951013134,8.357473358117311e-05,BTCUSDT_260327,0.00013698630136986303,0.0002465753424657534,0.4,0.0,0.0,0.3,0.30000000000000004,-0.0038092225243051554,159080.7529035847,-608.2911033158307
2025-10-30 00:00:00+00:00,-0.0057808499346861,0.3733946630418074,0.028300274999999993,1.534e-05,bybit,0.0584690804859432,-2.0632760133481107e-05,BTCUSDT_260327,0.00013698630136986303,0.0002465753424657534,0.4,0.0,0.0,0.3,0.30000000000000004,-0.002197271480723755,158731.2093020976,-349.54360148712294
2025-10-31 00:00:00+00:00,-0.0005600919945627,0.0,0.02921929285714286,9.007500000000001e-05,bybit,0.0582778892654632,0.0002581471919799,BTCUSDT_260327,0.00013698630136986303,0.0002465753424657534,0.0,0.0,0.0,0.3,0.7,0.00016986301369863014,158758.17186367768,26.96256158009055
2025-11-01 00:00:00+00:00,0.0013382579018779,0.4503951517988187,0.03132873214285715,0.00014891,binance,0.0571308678351397,-0.0005486924842481,BTCUSDT_260327,0.00013698630136986303,0.0002465753424657534,0.4,0.0,0.0,0.3,0.30000000000000004,0.0006503716539018451,158861.4236784831,103.25181480540778
2025-11-02 00:00:00+00:00,0.0018960081242071,0.4843168945796816,0.034624942857142856,0.000109925,binance,0.0600458800668959,0.0020425059806036,BTCUSDT_260327,0.00013698630136986303,0.0002465753424657534,0.4,0.0,0.0,0.3,0.30000000000000004,0.000873471742833525,159000.18464309257,138.76096460947883
2025-11-03 00:00:00+00:00,-0.0175580467201782,0.4901679424371498,0.03227225714285714,9.14e-05,binance,0.0519691226984458,0.0016052272481625,BTCUSDT_260327,0.00013698630136986303,0.0002465753424657534,0.4,0.0,0.0,0.3,0.30000000000000004,-0.0069081501949205945,157901.78748655797,-1098.3971565346
2025-11-04 00:00:00+00:00,-0.0007352519136557,0.0,0.033651435714285714,0.000110735,binance,0.0463496934690924,-0.0014298913802762,BTCUSDT_260327,0.00013698630136986303,0.0002465753424657534,0.0,0.0,0.0,0.3,0.7,0.00016986301369863014,157928.60916004883,26.82167349086376
2025-11-05 00:00:00+00:00,0.0,0.0,0.034751649999999995,6.3895e-05,binance,0.0527850677735645,0.0011814969529815,BTCUSDT_260327,0.00013698630136986303,0.0002465753424657534,0.0,0.0,0.0,0.3,0.7,0.00016986301369863014,157955.43538954997,26.826229501137277
2025-11-06 00:00:00+00:00,-0.0,0.0,0.036912189285714284,8.1975e-05,binance,0.0482210599958055,-0.0007576023690713,BTCUSDT_260327,0.00013698630136986303,0.0002465753424657534,0.0,0.0,0.0,0.3,0.7,0.00016986301369863014,157982.2661758353,26.830786285339855
2025-11-07 00:00:00+00:00,0.0,0.0,0.03622129642857144,8.7815e-05,binance,0.0515030090400317,0.0009215293962361,BTCUSDT_260327,0.00013698630136986303,0.0002465753424657534,0.0,0.0,0.0,0.3,0.7,0.00016986301369863014,158009.10151967886,26.835343843558803
2025-11-08 00:00:00+00:00,-0.0,0.0,0.03225348571428572,7.2815e-05,binance,0.0475055699931414,-0.0005809626817487,BTCUSDT_260327,0.00013698630136986303,0.0002465753424657534,0.0,0.0,0.0,0.3,0.7,0.00016986301369863014,158035.9414218548,26.839902175939642
2025-11-09 00:00:00+00:00,0.0,0.0,0.029518592857142863,5.7475e-05,binance,0.0497511153043325,-0.0004470366383838,BTCUSDT_260327,0.00013698630136986303,0.0002465753424657534,0.0,0.0,0.0,0.3,0.7,0.00016986301369863014,158062.7858831374,26.844461282598786
2025-11-10 00:00:00+00:00,0.0,0.0,0.03028092142857143,0.00010602,binance,0.0518583856090786,0.001000649648768,BTCUSDT_260327,0.00013698630136986303,0.0002465753424657534,0.0,0.0,0.0,0.3,0.7,0.00016986301369863014,158089.6349043011,26.84902116371086
2025-11-11 00:00:00+00:00,-0.0,0.0,0.026036232142857142,2.9330000000000002e-05,binance,0.0482111200413984,0.0004743885031281,BTCUSDT_260327,0.00013698630136986303,0.0002465753424657534,0.0,0.0,0.0,0.3,0.7,0.00016986301369863014,158116.48848612045,26.853581819334067
2025-11-12 00:00:00+00:00,-0.0,0.0,0.025034046428571433,4.4675e-05,binance,0.0466386792378483,0.0,BTCUSDT_260327,0.00013698630136986303,0.0002465753424657534,0.0,0.0,0.0,0.3,0.7,0.00016986301369863014,158143.34662937015,26.858143249701243
2025-11-13 00:00:00+00:00,-0.0,0.0,0.025420424999999996,8.9385e-05,binance,0.0488124721867243,-0.0005,BTCUSDT_251226,0.00013698630136986303,0.0002465753424657534,0.0,0.0,0.0,0.3,0.7,0.00016986301369863014,158170.209334825,26.86270545484149
2025-11-14 00:00:00+00:00,-0.0,0.0,0.027821603571428575,0.000133865,binance,0.0455952554494468,-0.0004226166564474,BTCUSDT_260327,0.00013698630136986303,0.0002465753424657534,0.0,0.0,0.0,0.3,0.7,0.00016986301369863014,158197.07660325995,26.867268434958532
2025-11-15 00:00:00+00:00,0.0,0.0,0.03039407142857143,0.00012215000000000001,binance,0.045035561053764,0.0002432104024175,BTCUSDT_260327,0.00013698630136986303,0.0002465753424657534,0.0,0.0,0.0,0.3,0.7,0.00016986301369863014,158223.9484354501,26.871832190139685
2025-11-16 00:00:00+00:00,-0.0,0.0,0.033864178571428566,0.000124025,binance,0.0446474569854464,0.0002514283677397,BTCUSDT_260327,0.00013698630136986303,0.0002465753424657534,0.0,0.0,0.0,0.3,0.7,0.00016986301369863014,158250.82483217062,26.876396720530465
2025-11-17 00:00:00+00:00,-0.0,0.0,0.03531687857142857,0.00013388,binance,0.0445460724528781,-0.0005346735904754,BTCUSDT_260327,0.00013698630136986303,0.0002465753424657534,0.0,0.0,0.0,0.3,0.7,0.00016986301369863014,158277.7057941969,26.880962026276393
2025-11-18 00:00:00+00:00,0.0,0.0,0.03997297500000001,0.000118625,binance,0.0475326939547607,0.0,BTCUSDT_260327,0.00013698630136986303,0.0002465753424657534,0.0,0.0,0.0,0.3,0.7,0.00016986301369863014,158304.59132230442,26.885528107522987
2025-11-19 00:00:00+00:00,-0.0,0.0,0.04194215,8.244e-05,binance,0.0504519288122045,-0.0005,BTCUSDT_251226,0.00013698630136986303,0.0002465753424657534,0.0,0.0,0.0,0.3,0.7,0.00016986301369863014,158331.48141726875,26.890094964328455
2025-11-20 00:00:00+00:00,-0.0,0.0,0.04334505357142857,0.00011629,binance,0.0455687377424049,9.616402786647468e-05,BTCUSDT_260327,0.00013698630136986303,0.0002465753424657534,0.0,0.0,0.0,0.3,0.7,0.00016986301369863014,158358.37607986564,26.894662596896524
2025-11-21 00:00:00+00:00,-0.0,0.0,0.03934700000000001,5.719e-05,binance,0.0432287644750482,0.0002590760915468,BTCUSDT_260327,0.00013698630136986303,0.0002465753424657534,0.0,0.0,0.0,0.3,0.7,0.00016986301369863014,158385.275310871,26.89923100534361
2025-11-22 00:00:00+00:00,-0.0,0.0,0.036410053571428576,6.5825e-05,binance,0.0422550175395863,-0.0009708549967229,BTCUSDT_260327,0.00013698630136986303,0.0002465753424657534,0.0,0.0,0.0,0.3,0.7,0.00016986301369863014,158412.17911106077,26.903800189786125
2025-11-23 00:00:00+00:00,0.0,0.0,0.03074395,1.5360000000000002e-05,binance,0.0471483023928849,-0.0004427617183001,BTCUSDT_260327,0.00013698630136986303,0.0002465753424657534,0.0,0.0,0.0,0.3,0.7,0.00016986301369863014,158439.08748121114,26.908370150369592
2025-11-24 00:00:00+00:00,0.0,0.0,0.025041607142857147,2.452e-05,binance,0.0493243459870779,0.0,BTCUSDT_260327,0.00013698630136986303,0.0002465753424657534,0.0,0.0,0.0,0.3,0.7,0.00016986301369863014,158466.00042209835,26.912940887210425
2025-11-25 00:00:00+00:00,-0.0,0.0,0.017210271428571428,-3.1565e-05,binance,0.050608706300898,-0.0005,BTCUSDT_251226,0.00013698630136986303,0.0002465753424657534,0.0,0.0,0.0,0.3,0.7,0.00016986301369863014,158492.91793449884,26.917512400483247
2025-11-26 00:00:00+00:00,0.0,0.0,0.015259867857142857,4.5035000000000005e-05,binance,0.0535830151176997,0.0001301112616349,BTCUSDT_260327,0.00013698630136986303,0.0002465753424657534,0.0,0.0,0.0,0.3,0.7,0.00016986301369863014,158519.84001918905,26.92208469021716
2025-11-27 00:00:00+00:00,0.0,0.0,0.010351921428571428,2.2165e-05,binance,0.0497292490908364,0.000162316422316,BTCUSDT_260327,0.00013698630136986303,0.0002465753424657534,0.0,0.0,0.0,0.3,0.7,0.00016986301369863014,158546.76667694573,26.926657756674103
2025-11-28 00:00:00+00:00,-0.0,0.0,0.008953710714285714,3.0375e-05,binance,0.0493911178735661,-0.0001697643433265,BTCUSDT_260327,0.00013698630136986303,0.0002465753424657534,0.0,0.0,0.0,0.3,0.7,0.00016986301369863014,158573.69790854564,26.93123159991228
2025-11-29 00:00:00+00:00,-0.0,0.0,0.006155203571428572,1.2155e-05,binance,0.0509093595700356,0.0,BTCUSDT_260327,0.00013698630136986303,0.0002465753424657534,0.0,0.0,0.0,0.3,0.7,0.00016986301369863014,158600.63371476575,26.935806220106315
2025-11-30 00:00:00+00:00,-0.0,0.0,0.008878625000000001,6.759e-05,binance,0.0499797817277892,-0.0005,BTCUSDT_251226,0.00013698630136986303,0.0002465753424657534,0.0,0.0,0.0,0.3,0.7,0.00016986301369863014,158627.57409638303,26.94038161728531
2025-12-01 00:00:00+00:00,-0.0,0.0,0.009747585714285713,4.1185000000000006e-05,binance,0.0474900026647148,-0.0011422246201903,BTCUSDT_260327,0.00013698630136986303,0.0002465753424657534,0.0,0.0,0.0,0.3,0.7,0.00016986301369863014,158654.51905417477,26.944957791740308
2025-12-02 00:00:00+00:00,0.0,0.0,0.01286207857142857,2.8165e-05,binance,0.0491369869677076,-0.0001305354594125,BTCUSDT_260327,0.00013698630136986303,0.0002465753424657534,0.0,0.0,0.0,0.3,0.7,0.00016986301369863014,158681.46858891821,26.9495347434422
2025-12-03 00:00:00+00:00,0.0,0.0,0.0109281,7.945e-06,binance,0.0492428922943046,0.0006154878601561,BTCUSDT_260327,0.00013698630136986303,0.0002465753424657534,0.0,0.0,0.0,0.3,0.7,0.00016986301369863014,158708.42270139084,26.95411247262382
2025-12-04 00:00:00+00:00,-0.0,0.0,0.012631867857142858,5.484e-05,binance,0.0463735137973227,0.0004120416959262,BTCUSDT_260327,0.00013698630136986303,0.0002465753424657534,0.0,0.0,0.0,0.3,0.7,0.00016986301369863014,158735.38139237024,26.95869097940158
2025-12-05 00:00:00+00:00,-0.0,0.0,0.013700014285714286,5.086e-05,binance,0.0454586221579473,0.0007273589041268,BTCUSDT_260327,0.00013698630136986303,0.0002465753424657534,0.0,0.0,0.0,0.3,0.7,0.00016986301369863014,158762.34466263416,26.963270263921004
2025-12-06 00:00:00+00:00,-0.0,0.0,0.014054325000000001,1.895e-05,binance,0.0411275600729412,-0.0006268714954897,BTCUSDT_260327,0.00013698630136986303,0.0002465753424657534,0.0,0.0,0.0,0.3,0.7,0.00016986301369863014,158789.3125129604,26.967850326240296
2025-12-07 00:00:00+00:00,0.0,0.0,0.013416096428571427,5.5350000000000004e-05,binance,0.0450763882651556,0.0,BTCUSDT_260327,0.00013698630136986303,0.0002465753424657534,0.0,0.0,0.0,0.3,0.7,0.00016986301369863014,158816.284944127,26.972431166592287
2025-12-08 00:00:00+00:00,0.0,0.0,0.013719567857142862,4.7005e-05,binance,0.0443570529914203,-0.0004549839497919,BTCUSDT_251226,0.00013698630136986303,0.0002465753424657534,0.0,0.0,0.0,0.3,0.7,0.00016986301369863014,158843.261956912,26.97701278500608
2025-12-09 00:00:00+00:00,0.0,0.0,0.015555257142857142,6.337e-05,binance,0.0440398324485127,0.0,BTCUSDT_251226,0.00013698630136986303,0.0002465753424657534,0.0,0.0,0.0,0.3,0.7,0.00016986301369863014,158870.2435520937,26.98159518171451
2025-12-10 00:00:00+00:00,-0.0,0.0,0.017220960714285714,3.989e-05,binance,0.0421522375915866,7.332812985487815e-05,BTCUSDT_260327,0.00013698630136986303,0.0002465753424657534,0.0,0.0,0.0,0.3,0.7,0.00016986301369863014,158897.22973045052,26.986178356804885
2025-12-11 00:00:00+00:00,0.0,0.0,0.01621590714285714,3.5565e-05,binance,0.0383937120822054,1.534913112017935e-05,BTCUSDT_260327,0.00013698630136986303,0.0002465753424657534,0.0,0.0,0.0,0.3,0.7,0.00016986301369863014,158924.22049276088,26.990762310364516
2025-12-12 00:00:00+00:00,-0.0,0.0,0.01747333214285714,7.4975e-05,binance,0.0396139382859215,-4.76910972851889e-05,BTCUSDT_260327,0.00013698630136986303,0.0002465753424657534,0.0,0.0,0.0,0.3,0.7,0.00016986301369863014,158951.21583980348,26.995347042597132
2025-12-13 00:00:00+00:00,-0.0,0.0,0.019661246428571425,6.091e-05,binance,0.0403422932057268,0.0007948802310638,BTCUSDT_260327,0.00013698630136986303,0.0002465753424657534,0.0,0.0,0.0,0.3,0.7,0.00016986301369863014,158978.21577235707,26.999932553590043
2025-12-14 00:00:00+00:00,-0.0,0.0,0.021121507142857147,8.3355e-05,binance,0.0359235326208113,0.0002291539382551,BTCUSDT_260327,0.00013698630136986303,0.0002465753424657534,0.0,0.0,0.0,0.3,0.7,0.00016986301369863014,159005.2202912006,27.00451884351787
2025-12-15 00:00:00+00:00,-0.0,0.0,0.019290510714285714,1.189e-05,binance,0.0353330025374927,0.0001269204674931,BTCUSDT_260327,0.00013698630136986303,0.0002465753424657534,0.0,0.0,0.0,0.3,0.7,0.00016986301369863014,159032.22939711306,27.00910591246793
2025-12-16 00:00:00+00:00,0.0,0.0,0.019350996428571427,6.453000000000001e-05,binance,0.0341991407271253,-0.0002577864599397,BTCUSDT_260327,0.00013698630136986303,0.0002465753424657534,0.0,0.0,0.0,0.3,0.7,0.00016986301369863014,159059.24309087364,27.01369376058574
2025-12-17 00:00:00+00:00,-0.0,0.0,0.022778607142857142,0.000105625,binance,0.0371072299944273,-9.165937913726824e-05,BTCUSDT_260327,0.00013698630136986303,0.0002465753424657534,0.0,0.0,0.0,0.3,0.7,0.00016986301369863014,159086.26137326166,27.018282388016814
2025-12-18 00:00:00+00:00,-0.0,0.0,0.024500625,6.858999999999999e-05,binance,0.038482229565204,-0.0011358638651926,BTCUSDT_260327,0.00013698630136986303,0.0002465753424657534,0.0,0.0,0.0,0.3,0.7,0.00016986301369863014,159113.28424505657,27.022871794906678
2025-12-19 00:00:00+00:00,0.0,0.0,0.027237082142857142,0.000127455,binance,0.0459285173684477,0.0002295291849251,BTCUSDT_260327,0.00013698630136986303,0.0002465753424657534,0.0,0.0,0.0,0.3,0.7,0.00016986301369863014,159140.31170703794,27.027461981371744
2025-12-20 00:00:00+00:00,0.0,0.0,0.028859507142857142,9.2025e-05,binance,0.0445613901180556,-5.002212517072884e-05,BTCUSDT_260327,0.00013698630136986303,0.0002465753424657534,0.0,0.0,0.0,0.3,0.7,0.00016986301369863014,159167.34375998544,27.032052947499324
2025-12-21 00:00:00+00:00,0.0,0.0,0.030387553571428576,0.00011266,binance,0.045253349937803,0.0002877884962653,BTCUSDT_260327,0.00013698630136986303,0.0002465753424657534,0.0,0.0,0.0,0.3,0.7,0.00016986301369863014,159194.3804046789,27.03664469346404
2025-12-22 00:00:00+00:00,-0.0,0.0,0.03382611428571428,7.7835e-05,binance,0.043536968315401,-2.533265614079206e-05,BTCUSDT_260327,0.00013698630136986303,0.0002465753424657534,0.0,0.0,0.0,0.3,0.7,0.00016986301369863014,159221.4216418983,27.041237219411414
2025-12-23 00:00:00+00:00,-0.0,0.0,0.032979575,4.8295e-05,binance,0.0447701419461155,0.0002551836865326,BTCUSDT_260327,0.00013698630136986303,0.0002465753424657534,0.0,0.0,0.0,0.3,0.7,0.00016986301369863014,159248.46747242377,27.04583052545786
2025-12-24 00:00:00+00:00,0.0,0.0,0.033828721428571434,0.00012191,binance,0.0431579882932333,-0.0004704033160924,BTCUSDT_260327,0.00013698630136986303,0.0002465753424657534,0.0,0.0,0.0,0.3,0.7,0.00016986301369863014,159275.51789703555,27.050424611778
2025-12-25 00:00:00+00:00,-0.0,0.0,0.03604739999999999,0.00011114000000000001,binance,0.0476008159302817,0.0,BTCUSDT_260327,0.00013698630136986303,0.0002465753424657534,0.0,0.0,0.0,0.3,0.7,0.00016986301369863014,159302.57291651392,27.055019478371833
2025-12-26 00:00:00+00:00,0.0,0.0,0.034564978571428574,9.902500000000001e-05,binance,0.0473346831500632,-0.0017604504360557,BTCUSDT_260626,0.00013698630136986303,0.0002465753424657534,0.0,0.0,0.0,0.3,0.7,0.00016986301369863014,159329.63253163948,27.059615125559503
2025-12-27 00:00:00+00:00,0.0,0.0,0.03249021428571428,5.2235000000000004e-05,binance,0.0523755834262941,7.339803664239789e-05,BTCUSDT_260626,0.00013698630136986303,0.0002465753424657534,0.0,0.0,0.0,0.3,0.7,0.00016986301369863014,159356.6967431928,27.064211553311907
2025-12-28 00:00:00+00:00,0.0,0.0,0.031147796428571434,8.691499999999999e-05,binance,0.0523238157060637,0.0014884134894762,BTCUSDT_260626,0.00013698630136986303,0.0002465753424657534,0.0,0.0,0.0,0.3,0.7,0.00016986301369863014,159383.76555195462,27.06880876183277
2025-12-29 00:00:00+00:00,-0.0,0.0,0.03356175,0.00012413000000000002,binance,0.0469278647135327,0.0,BTCUSDT_260626,0.00013698630136986303,0.0002465753424657534,0.0,0.0,0.0,0.3,0.7,0.00016986301369863014,159410.83895870592,27.073406751296716
2025-12-30 00:00:00+00:00,0.0,0.0,0.037028989285714284,0.00011479,binance,0.0442846358329416,-0.0005,BTCUSDT_260327,0.00013698630136986303,0.0002465753424657534,0.0,0.0,0.0,0.3,0.7,0.00016986301369863014,159437.91696422765,27.078005521732848
2025-12-31 00:00:00+00:00,-0.0,0.0,0.032790557142857134,4.0625e-05,binance,0.0427867114248891,-0.0005033086809977,BTCUSDT_260626,0.00013698630136986303,0.0002465753424657534,0.0,0.0,0.0,0.3,0.7,0.00016986301369863014,159464.99956930103,27.082605073373998
2026-01-01 00:00:00+00:00,0.0,0.0,0.032655767857142866,0.000108555,binance,0.0424665751985532,-0.0003298662389867,BTCUSDT_260626,0.00013698630136986303,0.0002465753424657534,0.0,0.0,0.0,0.3,0.7,0.00016986301369863014,159492.0867747073,27.087205406278372
2026-01-02 00:00:00+00:00,0.0,0.0,0.03130917857142857,7.319999999999999e-05,binance,0.0435189294608018,-0.0005490297086076,BTCUSDT_260626,0.00013698630136986303,0.0002465753424657534,0.0,0.0,0.0,0.3,0.7,0.00016986301369863014,159519.17858122796,27.091806520649698
2026-01-03 00:00:00+00:00,0.0,0.0,0.03148020714285715,5.5515e-05,binance,0.0457507024036228,0.0,BTCUSDT_260626,0.00013698630136986303,0.0002465753424657534,0.0,0.0,0.0,0.3,0.7,0.00016986301369863014,159546.2749896445,27.096408416546183
2026-01-04 00:00:00+00:00,0.0,0.0,0.03209392857142858,9.8685e-05,binance,0.050823224056378,-0.0005,BTCUSDT_260327,0.00013698630136986303,0.0002465753424657534,0.0,0.0,0.0,0.3,0.7,0.00016986301369863014,159573.37600073862,27.101011094113346
2026-01-05 00:00:00+00:00,0.0,0.0,0.031317,0.00010923000000000001,binance,0.0491499153611872,-0.0007958670978207,BTCUSDT_260626,0.00013698630136986303,0.0002465753424657534,0.0,0.0,0.0,0.3,0.7,0.00016986301369863014,159600.48161529217,27.105614553554915
2026-01-06 00:00:00+00:00,-0.0,0.0,0.02640853214285714,2.0655e-05,binance,0.050760830915071,0.0003108867317339,BTCUSDT_260626,0.00013698630136986303,0.0002465753424657534,0.0,0.0,0.0,0.3,0.7,0.00016986301369863014,159627.59183408707,27.110218794899993
2026-01-07 00:00:00+00:00,-0.0,0.0,0.029365553571428574,9.7335e-05,binance,0.0510218152732717,0.0002765307534157,BTCUSDT_260626,0.00013698630136986303,0.0002465753424657534,0.0,0.0,0.0,0.3,0.7,0.00016986301369863014,159654.70665790545,27.11482381838141
2026-01-08 00:00:00+00:00,-0.0,0.0,0.030256675000000004,0.000125645,binance,0.0502746013525728,0.0004225576753631,BTCUSDT_260626,0.00013698630136986303,0.0002465753424657534,0.0,0.0,0.0,0.3,0.7,0.00016986301369863014,159681.82608752954,27.11942962408648
2026-01-09 00:00:00+00:00,-0.0,0.0,0.027655528571428577,2.3315e-05,binance,0.0489843892109117,0.000174975463718,BTCUSDT_260626,0.00013698630136986303,0.0002465753424657534,0.0,0.0,0.0,0.3,0.7,0.00016986301369863014,159708.95012374167,27.124036212131614
2026-01-10 00:00:00+00:00,-0.0,0.0,0.029853871428571432,9.767499999999999e-05,binance,0.0485860564928217,-0.0003566113141085,BTCUSDT_260626,0.00013698630136986303,0.0002465753424657534,0.0,0.0,0.0,0.3,0.7,0.00016986301369863014,159736.07876732433,27.128643582662335
2026-01-11 00:00:00+00:00,0.0,0.0,0.028639985714285714,7.540499999999999e-05,binance,0.0501648736537,3.103930014898167e-05,BTCUSDT_260626,0.00013698630136986303,0.0002465753424657534,0.0,0.0,0.0,0.3,0.7,0.00016986301369863014,159763.21201906013,27.133251735795056
2026-01-12 00:00:00+00:00,0.0,0.0,0.025386010714285714,4.6825e-05,binance,0.0501758080408671,-0.0006172217463596,BTCUSDT_260626,0.00013698630136986303,0.0002465753424657534,0.0,0.0,0.0,0.3,0.7,0.00016986301369863014,159790.34987973186,27.137860671733506
2026-01-13 00:00:00+00:00,0.0,0.0,0.028891575000000003,0.00010368000000000001,bybit,0.0509319272060601,0.0002744880206259,BTCUSDT_260626,0.00013698630136986303,0.0002465753424657534,0.0,0.0,0.0,0.3,0.7,0.00016986301369863014,159817.4923501224,27.14247039053589
2026-01-14 00:00:00+00:00,0.0,0.0,0.030683464285714293,0.000138845,bybit,0.0492217871327437,4.29079280441908e-05,BTCUSDT_260626,0.00013698630136986303,0.0002465753424657534,0.0,0.0,0.0,0.3,0.7,0.00016986301369863014,159844.63943101474,27.14708089234773
2026-01-15 00:00:00+00:00,-0.0,0.0,0.027166428571428577,-5.08e-06,bybit,0.0500273192543874,-7.92847221059452e-05,BTCUSDT_260626,0.00013698630136986303,0.0002465753424657534,0.0,0.0,0.0,0.3,0.7,0.00016986301369863014,159871.79112319206,27.151692177314544
2026-01-16 00:00:00+00:00,-0.0,0.0,0.025785946428571425,8.815000000000001e-06,bybit,0.0507261147855849,0.0001294074134696,BTCUSDT_260626,0.00013698630136986303,0.0002465753424657534,0.0,0.0,0.0,0.3,0.7,0.00016986301369863014,159898.9474274376,27.156304245552747
2026-01-17 00:00:00+00:00,-0.0,0.0,0.02192163928571429,4.5784999999999996e-05,bybit,0.0506665152267887,0.000325125854237,BTCUSDT_260626,0.00013698630136986303,0.0002465753424657534,0.0,0.0,0.0,0.3,0.7,0.00016986301369863014,159926.10834453488,27.160917097266065
2026-01-18 00:00:00+00:00,-0.0,0.0,0.020119321428571427,9.845000000000001e-05,binance,0.0502715811100803,0.0005260846385634,BTCUSDT_260626,0.00013698630136986303,0.0002465753424657534,0.0,0.0,0.0,0.3,0.7,0.00016986301369863014,159953.27387526736,27.165530732483603
2026-01-19 00:00:00+00:00,-0.0,0.0,0.019739982142857136,3.955e-05,binance,0.0487009229078108,0.0009929721151666,BTCUSDT_260626,0.00013698630136986303,0.0002465753424657534,0.0,0.0,0.0,0.3,0.7,0.00016986301369863014,159980.44402041877,27.170145151409088
2026-01-20 00:00:00+00:00,-0.0,0.0,0.021452614285714287,0.00011048500000000001,binance,0.046504355510251,2.8667500643986468e-05,BTCUSDT_260626,0.00013698630136986303,0.0002465753424657534,0.0,0.0,0.0,0.3,0.7,0.00016986301369863014,160007.61878077293,27.174760354158934
2026-01-21 00:00:00+00:00,0.0,0.0,0.024519396428571427,9.2325e-05,binance,0.0461324912755542,-8.7194942067215e-06,BTCUSDT_260626,0.00013698630136986303,0.0002465753424657534,0.0,0.0,0.0,0.3,0.7,0.00016986301369863014,160034.79815711378,27.179376340849558
2026-01-22 00:00:00+00:00,0.0,0.0,0.029205996428571437,0.00010442,binance,0.0464167344448102,-0.0001982477157408,BTCUSDT_260626,0.00013698630136986303,0.0002465753424657534,0.0,0.0,0.0,0.3,0.7,0.00016986301369863014,160061.98215022538,27.183993111597374
2026-01-23 00:00:00+00:00,0.0,0.0,0.028756524999999998,7.724e-05,binance,0.0476362978782059,0.0004172978962338,BTCUSDT_260626,0.00013698630136986303,0.0002465753424657534,0.0,0.0,0.0,0.3,0.7,0.00016986301369863014,160089.17076089198,27.18861066660611
2026-01-24 00:00:00+00:00,-0.0,0.0,0.030981982142857144,7.1705e-05,binance,0.0461497242442707,0.000285344947971,BTCUSDT_260626,0.00013698630136986303,0.0002465753424657534,0.0,0.0,0.0,0.3,0.7,0.00016986301369863014,160116.36398989795,27.193229005963076
2026-01-25 00:00:00+00:00,-0.0,0.0,0.029577775,7.151999999999999e-05,binance,0.0464119467321809,8.030427011032523e-05,BTCUSDT_260626,0.00013698630136986303,0.0002465753424657534,0.0,0.0,0.0,0.3,0.7,0.00016986301369863014,160143.56183802773,27.19784812978469
2026-01-26 00:00:00+00:00,0.0,0.0,0.030779667857142853,6.26e-05,binance,0.0454517771054739,0.0002163059605365,BTCUSDT_260626,0.00013698630136986303,0.0002465753424657534,0.0,0.0,0.0,0.3,0.7,0.00016986301369863014,160170.76430606595,27.202468038216466
2026-01-27 00:00:00+00:00,0.0,0.0,0.029658857142857147,8.899e-05,binance,0.0442498599439775,0.0001545658263305,BTCUSDT_260626,0.00013698630136986303,0.0002465753424657534,0.0,0.0,0.0,0.3,0.7,0.00016986301369863014,160197.97139479738,27.207088731433032
2026-01-28 00:00:00+00:00,0.0,0.0,0.02907902857142857,8.1205e-05,binance,0.0437650567207986,0.0,BTCUSDT_260626,0.00013698630136986303,0.0002465753424657534,0.0,0.0,0.0,0.3,0.7,0.00016986301369863014,160225.1831050069,27.211710209521698
2026-01-29 00:00:00+00:00,-0.0,0.0,0.02808961785714286,8.544499999999999e-05,binance,0.0432275739659747,-0.0005,BTCUSDT_260327,0.00013698630136986303,0.0002465753424657534,0.0,0.0,0.0,0.3,0.7,0.00016986301369863014,160252.39943747953,27.216332472627982
2026-01-30 00:00:00+00:00,-0.0,0.0,0.025757267857142864,3.251e-05,binance,0.0468338828597761,0.0016089362285929,BTCUSDT_260626,0.00013698630136986303,0.0002465753424657534,0.0,0.0,0.0,0.3,0.7,0.00016986301369863014,160279.6203930004,27.2209555208683
2026-01-31 00:00:00+00:00,-0.0,0.0,0.027187285714285716,9.913e-05,binance,0.0391761785365177,8.902594566575136e-05,BTCUSDT_260626,0.00013698630136986303,0.0002465753424657534,0.0,0.0,0.0,0.3,0.7,0.00016986301369863014,160306.84597235481,27.225579354417278
2026-02-01 00:00:00+00:00,-0.0,0.0,0.023947128571428576,9.380000000000002e-06,binance,0.0398964401823414,0.0005508767840645,BTCUSDT_260626,0.00013698630136986303,0.0002465753424657534,0.0,0.0,0.0,0.3,0.7,0.00016986301369863014,160334.0761763282,27.230203973391326
2026-02-02 00:00:00+00:00,0.0,0.0,0.0184179,-4.344e-05,binance,0.0365403687875898,-0.0008204361240311,BTCUSDT_260626,0.00013698630136986303,0.0002465753424657534,0.0,0.0,0.0,0.3,0.7,0.00016986301369863014,160361.31100570608,27.23482937787776
2026-02-03 00:00:00+00:00,-0.0,0.0,0.013667425000000004,-2.1150000000000005e-06,binance,0.0425897449153684,0.0,BTCUSDT_260626,0.00013698630136986303,0.0002465753424657534,0.0,0.0,0.0,0.3,0.7,0.00016986301369863014,160388.5504612742,27.239455568109406
2026-02-04 00:00:00+00:00,-0.0,0.0,0.011593964285714286,4.1439999999999996e-05,binance,0.0433495644448383,-0.0005,BTCUSDT_260327,0.00013698630136986303,0.0002465753424657534,0.0,0.0,0.0,0.3,0.7,0.00016986301369863014,160415.79454381828,27.244082544086268
2026-02-05 00:00:00+00:00,-0.0,0.0,0.008315482142857142,2.2570000000000002e-05,binance,0.0348915414183978,-0.000360912105034,BTCUSDT_260626,0.00013698630136986303,0.0002465753424657534,0.0,0.0,0.0,0.3,0.7,0.00016986301369863014,160443.04325412435,27.24871030607028
2026-02-06 00:00:00+00:00,0.0,0.0,0.00782507857142857,-4.6225e-05,bybit,0.0306753717581335,-0.0013160903629428,BTCUSDT_260626,0.00013698630136986303,0.0002465753424657534,0.0,0.0,0.0,0.3,0.7,0.00016986301369863014,160470.29659297847,27.253338854119647
2026-02-07 00:00:00+00:00,-0.0,0.0,0.0029768357142857136,-1.2874999999999998e-05,bybit,0.0385122708112913,-0.0001876189395835,BTCUSDT_260626,0.00013698630136986303,0.0002465753424657534,0.0,0.0,0.0,0.3,0.7,0.00016986301369863014,160497.55456116685,27.25796818837989
2026-02-08 00:00:00+00:00,0.0,0.0,0.0014534821428571426,-2.4399999999999997e-05,bybit,0.0391949592311544,0.00046793434075,BTCUSDT_260626,0.00013698630136986303,0.0002465753424657534,0.0,0.0,0.0,0.3,0.7,0.00016986301369863014,160524.81715947588,27.262598309025634
2026-02-09 00:00:00+00:00,-0.0,0.0,-0.00045416428571428606,-2.0685e-05,bybit,0.0370891337681935,0.0006372437195242,BTCUSDT_260626,0.00013698630136986303,0.0002465753424657534,0.0,0.0,0.0,0.3,0.7,0.00016986301369863014,160552.084388692,27.267229216115084
2026-02-10 00:00:00+00:00,-0.0,0.0,-0.0005258607142857141,-2.0485e-05,bybit,0.0345806754757726,0.0004454448776309,BTCUSDT_260626,0.00013698630136986303,0.0002465753424657534,0.0,0.0,0.0,0.3,0.7,0.00016986301369863014,160579.35624960184,27.271860909851966
2026-02-11 00:00:00+00:00,-0.0,0.0,-0.0065379321428571426,-4.711e-05,bybit,0.0332783275594604,0.000292550130794,BTCUSDT_260626,0.00013698630136986303,0.0002465753424657534,0.0,0.0,0.0,0.3,0.7,0.00016986301369863014,160606.6327429922,27.276493390352698
2026-02-12 00:00:00+00:00,-0.0,0.0,-0.004235825,9.054500000000001e-05,bybit,0.0323233933325326,-1.4410272064344207e-05,BTCUSDT_260626,0.00013698630136986303,0.0002465753424657534,0.0,0.0,0.0,0.3,0.7,0.00016986301369863014,160633.9138696499,27.28112665770459
2026-02-13 00:00:00+00:00,0.0,0.0,-1.95535714285712e-05,3.4634999999999996e-05,bybit,0.0314214240355122,0.0002838616689584,BTCUSDT_260626,0.00013698630136986303,0.0002465753424657534,0.0,0.0,0.0,0.3,0.7,0.00016986301369863014,160661.19963036198,27.285760712082265
2026-02-14 00:00:00+00:00,0.0,0.0,0.0021373357142857145,2.849e-05,bybit,0.0296720458348905,-0.0006686197016883,BTCUSDT_260626,0.00013698630136986303,0.0002465753424657534,0.0,0.0,0.0,0.3,0.7,0.00016986301369863014,160688.49002591564,27.290395553660346
2026-02-15 00:00:00+00:00,-0.0,0.0,0.0064365142857142855,5.805e-05,bybit,0.0341082379197055,0.0005872945631268,BTCUSDT_260626,0.00013698630136986303,0.0002465753424657534,0.0,0.0,0.0,0.3,0.7,0.00016986301369863014,160715.7850570981,27.295031182467937
2026-02-16 00:00:00+00:00,0.0,0.0,0.009786692857142856,4.3565e-05,bybit,0.0310457298317214,-0.0006714090357967,BTCUSDT_260626,0.00013698630136986303,0.0002465753424657534,0.0,0.0,0.0,0.3,0.7,0.00016986301369863014,160743.08472469685,27.29966759873787
2026-02-17 00:00:00+00:00,-0.0,0.0,0.011867192857142859,1.9414999999999996e-05,bybit,0.0358077450955046,0.0004961222762901,BTCUSDT_260626,0.00013698630136986303,0.0002465753424657534,0.0,0.0,0.0,0.3,0.7,0.00016986301369863014,160770.3890294994,27.304304802557454
2026-02-18 00:00:00+00:00,-0.0,0.0,0.014872967857142858,1.0535e-05,bybit,0.033779737834971,-0.0004872782534118,BTCUSDT_260626,0.00013698630136986303,0.0002465753424657534,0.0,0.0,0.0,0.3,0.7,0.00016986301369863014,160797.69797229345,27.308942794043105
2026-02-19 00:00:00+00:00,0.0,0.0,0.011333771428571431,2.2669999999999998e-05,bybit,0.0365481533404963,0.0,BTCUSDT_260626,0.00013698630136986303,0.0002465753424657534,0.0,0.0,0.0,0.3,0.7,0.00016986301369863014,160825.01155386682,27.313581573369447
2026-02-20 00:00:00+00:00,0.0,0.0,0.01668571428571429,0.00013727500000000002,bybit,0.0420684400705867,-0.0003491620333487,BTCUSDT_260327,0.00013698630136986303,0.0002465753424657534,0.0,0.0,0.0,0.3,0.7,0.00016986301369863014,160852.32977500747,27.318221140652895
2026-02-21 00:00:00+00:00,-0.0,0.0,0.022564821428571434,0.00014124,bybit,0.0400931494081385,0.0,BTCUSDT_260327,0.00013698630136986303,0.0002465753424657534,0.0,0.0,0.0,0.3,0.7,0.00016986301369863014,160879.6526365035,27.322861496038968
2026-02-22 00:00:00+00:00,-0.0,0.0,0.01917397142857143,-6.980000000000001e-06,bybit,0.041627097205297,-0.0005,BTCUSDT_260626,0.00013698630136986303,0.0002465753424657534,0.0,0.0,0.0,0.3,0.7,0.00016986301369863014,160906.98013914312,27.327502639614977
2026-02-23 00:00:00+00:00,-0.0,0.0,0.015607660714285715,-2.483e-05,bybit,0.0344325536121772,-0.0005,BTCUSDT_260327,0.00013698630136986303,0.0002465753424657534,0.0,0.0,0.0,0.3,0.7,0.00016986301369863014,160934.3122837147,27.33214457158465
2026-02-24 00:00:00+00:00,-0.0,0.0,0.01177724642857143,-5.4045e-05,bybit,0.0315372074269148,0.0003780303521096,BTCUSDT_260626,0.00013698630136986303,0.0002465753424657534,0.0,0.0,0.0,0.3,0.7,0.00016986301369863014,160961.64907100674,27.336787292035297
2026-02-25 00:00:00+00:00,0.0,0.0,0.01564676785714286,8.4745e-05,bybit,0.0249688300792587,0.0001120785361661,BTCUSDT_260626,0.00013698630136986303,0.0002465753424657534,0.0,0.0,0.0,0.3,0.7,0.00016986301369863014,160988.99050180783,27.341430801083334
2026-02-26 00:00:00+00:00,-0.0,0.0,0.019056128571428573,8.8055e-05,bybit,0.0246776156384756,-0.0007496460704408,BTCUSDT_260626,0.00013698630136986303,0.0002465753424657534,0.0,0.0,0.0,0.3,0.7,0.00016986301369863014,161016.33657690676,27.346075098932488
2026-02-27 00:00:00+00:00,-0.0,0.0,0.012721032142857143,1.578e-05,bybit,0.0302056573880839,0.0001264571798985,BTCUSDT_260626,0.00013698630136986303,0.0002465753424657534,0.0,0.0,0.0,0.3,0.7,0.00016986301369863014,161043.68729709243,27.35072018567007
2026-02-28 00:00:00+00:00,0.0,0.0,0.0032292071428571428,-4.0795e-05,bybit,0.0291913367073795,0.0001456551465466,BTCUSDT_260626,0.00013698630136986303,0.0002465753424657534,0.0,0.0,0.0,0.3,0.7,0.00016986301369863014,161071.04266315387,27.3553660614416
2026-03-01 00:00:00+00:00,-0.0,0.0,0.008411425,9.2405e-05,bybit,0.0290511817985091,0.0002393713131762,BTCUSDT_260626,0.00013698630136986303,0.0002465753424657534,0.0,0.0,0.0,0.3,0.7,0.00016986301369863014,161098.4026758802,27.36001272633439
2026-03-02 00:00:00+00:00,0.0,0.0,0.011525396428571429,3.489e-05,bybit,0.0265621214596228,0.0,BTCUSDT_260626,0.00013698630136986303,0.0002465753424657534,0.0,0.0,0.0,0.3,0.7,0.00016986301369863014,161125.76733606076,27.364660180552164
2026-03-03 00:00:00+00:00,-0.0,0.0,0.015322439285714284,1.8775e-05,bybit,0.0221210502697363,-0.0008770230325733,BTCUSDT_260327,0.00013698630136986303,0.0002465753424657534,0.0,0.0,0.0,0.3,0.7,0.00016986301369863014,161153.13664448497,27.36930842421134
2026-03-04 00:00:00+00:00,0.0,0.0,0.01227182142857143,2.624e-05,bybit,0.0329613312695852,0.0,BTCUSDT_260327,0.00013698630136986303,0.0002465753424657534,0.0,0.0,0.0,0.3,0.7,0.00016986301369863014,161180.5106019424,27.373957457428332
2026-03-05 00:00:00+00:00,-0.0,0.0,0.003992057142857144,-7.073499999999999e-05,bybit,0.0275746240939884,-0.0005,BTCUSDT_260626,0.00013698630136986303,0.0002465753424657534,0.0,0.0,0.0,0.3,0.7,0.00016986301369863014,161207.88920922272,27.378607280319557
2026-03-06 00:00:00+00:00,-0.0,0.0,0.0029481571428571426,-4.24e-06,bybit,0.0250019851168033,-0.0004508911674865,BTCUSDT_260327,0.00013698630136986303,0.0002465753424657534,0.0,0.0,0.0,0.3,0.7,0.00016986301369863014,161235.27246711578,27.383257893059636
2026-03-07 00:00:00+00:00,-0.0,0.0,0.003419267857142856,-3.6499999999999735e-07,binance,0.024769111238272,0.0,BTCUSDT_260327,0.00013698630136986303,0.0002465753424657534,0.0,0.0,0.0,0.3,0.7,0.00016986301369863014,161262.66037641154,27.387909295764985
2026-03-08 00:00:00+00:00,-0.0,0.0,-0.0005701821428571429,-4.2395e-05,binance,0.0198222171878861,-0.0016129098758245,BTCUSDT_260626,0.00013698630136986303,0.0002465753424657534,0.0,0.0,0.0,0.3,0.7,0.00016986301369863014,161290.05293790012,27.392561488581123
2026-03-09 00:00:00+00:00,0.0,0.0,-0.0032925607142857134,-6.89e-05,binance,0.0264700776236782,-0.0001470799694178,BTCUSDT_260626,0.00013698630136986303,0.0002465753424657534,0.0,0.0,0.0,0.3,0.7,0.00016986301369863014,161317.45015237178,27.39721447165357
2026-03-10 00:00:00+00:00,0.0,0.0,-0.0038551821428571423,2.8699999999999996e-06,binance,0.0271085909230283,0.0003218790703977,BTCUSDT_260626,0.00013698630136986303,0.0002465753424657534,0.0,0.0,0.0,0.3,0.7,0.00016986301369863014,161344.85202061685,27.401868245069636
2026-03-11 00:00:00+00:00,0.0,0.0,-0.010096942857142858,-0.00011064000000000001,binance,0.0250787393935131,0.0002320781925424,BTCUSDT_260626,0.00013698630136986303,0.0002465753424657534,0.0,0.0,0.0,0.3,0.7,0.00016986301369863014,161372.2585434258,27.406522808945738
2026-03-12 00:00:00+00:00,0.0,0.0,-0.017071310714285717,-7.8485e-05,bybit,0.0235995565100218,0.0,BTCUSDT_260626,0.00013698630136986303,0.0002465753424657534,0.0,0.0,0.0,0.3,0.7,0.00016986301369863014,161399.66972158934,27.41117816354381
2026-03-13 00:00:00+00:00,0.0,0.0,-0.01658794642857143,4.179999999999999e-06,binance,0.0378225010573783,-0.0005,BTCUSDT_260327,0.00013698630136986303,0.0002465753424657534,0.0,0.0,0.0,0.3,0.7,0.00016986301369863014,161427.08555589823,27.415834308892954
2026-03-14 00:00:00+00:00,0.0,0.0,-0.018632207142857144,-9.1645e-05,bybit,0.023195551880959,-0.0004291551488197,BTCUSDT_260626,0.00013698630136986303,0.0002465753424657534,0.0,0.0,0.0,0.3,0.7,0.00016986301369863014,161454.50604714334,27.420491245109588
2026-03-15 00:00:00+00:00,0.0,0.0,-0.016088417857142857,-7.244999999999999e-06,bybit,0.0224140104928315,-6.296758755446149e-05,BTCUSDT_260626,0.00013698630136986303,0.0002465753424657534,0.0,0.0,0.0,0.3,0.7,0.00016986301369863014,161481.9311961157,27.425148972368333
2026-03-16 00:00:00+00:00,0.0,0.0,-0.01160934642857143,5.8335e-05,binance,0.0224464709349381,-0.0002744887571782,BTCUSDT_260626,0.00013698630136986303,0.0002465753424657534,0.0,0.0,0.0,0.3,0.7,0.00016986301369863014,161509.36100360655,27.429807490843814
2026-03-17 00:00:00+00:00,-0.0,0.0,-0.010026550000000002,4.9300000000000006e-05,bybit,0.0249779588200335,0.0005586572526131,BTCUSDT_260626,0.00013698630136986303,0.0002465753424657534,0.0,0.0,0.0,0.3,0.7,0.00016986301369863014,161536.79547040715,27.434466800594237
2026-03-18 00:00:00+00:00,-0.0,0.0,-0.00571902857142857,-1.1480000000000002e-05,bybit,0.021939998770467,-1.5720061633804863e-05,BTCUSDT_260626,0.00013698630136986303,0.0002465753424657534,0.0,0.0,0.0,0.3,0.7,0.00016986301369863014,161564.23459730897,27.43912690182333
2026-03-19 00:00:00+00:00,-0.0,0.0,0.011907835957001046,2.168586199295e-05,okx,0.022696939363606,-0.0002157157157157,BTCUSDT_260626,0.00013698630136986303,0.0002465753424657534,0.0,0.0,0.0,0.3,0.7,0.00016986301369863014,161591.6783851036,27.4437877946184
2026-03-20 00:00:00+00:00,0.0,0.0,0.010614124002211983,1.6083598633749998e-05,okx,0.0243333279103153,0.0001325330201515,BTCUSDT_260626,0.00013698630136986303,0.0002465753424657534,0.0,0.0,0.0,0.3,0.7,0.00016986301369863014,161619.12683458268,27.44844947909587
2026-03-21 00:00:00+00:00,-0.0,0.0,0.008502935714285714,3.2915e-05,bybit,0.0241318338131791,0.0005947637573399,BTCUSDT_260626,0.00013698630136986303,0.0002465753424657534,0.0,0.0,0.0,0.3,0.7,0.00016986301369863014,161646.57994653814,27.453111955459462
2026-03-22 00:00:00+00:00,-0.0,0.0,0.004423539285714286,-8.548000000000002e-05,bybit,0.0201705005968257,-0.0007224539117876,BTCUSDT_260626,0.00013698630136986303,0.0002465753424657534,0.0,0.0,0.0,0.3,0.7,0.00016986301369863014,161674.03772176194,27.45777522379649
2026-03-23 00:00:00+00:00,0.0,0.0,0.003985278571428572,1.7400000000000003e-05,bybit,0.0248196929304666,0.0003969314498187,BTCUSDT_260626,0.00013698630136986303,0.0002465753424657534,0.0,0.0,0.0,0.3,0.7,0.00016986301369863014,161701.5001610462,27.46243928425247
2026-03-24 00:00:00+00:00,-0.0,0.0,0.004277017857142858,5.4894999999999995e-05,bybit,0.0221102269168738,0.0005115740891655,BTCUSDT_260626,0.00013698630136986303,0.0002465753424657534,0.0,0.0,0.0,0.3,0.7,0.00016986301369863014,161728.96726518314,27.467104136943817
2026-03-25 00:00:00+00:00,0.0,0.0,0.008910953571428572,7.739e-05,bybit,0.0181319957098278,-0.0002300364203304,BTCUSDT_260626,0.00013698630136986303,0.0002465753424657534,0.0,0.0,0.0,0.3,0.7,0.00016986301369863014,161756.43903496515,27.471769782016054
2026-03-26 00:00:00+00:00,-0.0,0.0,0.008117860714285711,4.5599999999999995e-06,bybit,0.0208912592050603,0.0,BTCUSDT_260626,0.00013698630136986303,0.0002465753424657534,0.0,0.0,0.0,0.3,0.7,0.00016986301369863014,161783.91547118477,27.476436219614698
2026-03-27 00:00:00+00:00,-0.0,0.0,0.009321640508187321,4.910759325164999e-05,okx,0.029557265143484,-0.0001299351516882,BTCUSDT_260925,0.00013698630136986303,0.0002465753424657534,0.0,0.0,0.0,0.3,0.7,0.00016986301369863014,161811.39657463468,27.48110344991437
2026-03-28 00:00:00+00:00,-0.0,0.0,0.009608319183357784,-6.120814195300001e-06,okx,0.0282409025768262,0.0006952706380505,BTCUSDT_260925,0.00013698630136986303,0.0002465753424657534,0.0,0.0,0.0,0.3,0.7,0.00016986301369863014,161838.88234610762,27.48577147294418
2026-03-29 00:00:00+00:00,-0.0,0.0,0.012129681166545215,-4.9326144937e-06,okx,0.0257199451666566,-0.0006018700236461,BTCUSDT_260925,0.00013698630136986303,0.0002465753424657534,0.0,0.0,0.0,0.3,0.7,0.00016986301369863014,161866.37278639653,27.49044028890785
2026-03-30 00:00:00+00:00,0.0,0.0,0.015882668242147926,5.6130051875550005e-05,okx,0.0279847810854878,-0.0001137020813842,BTCUSDT_260925,0.00013698630136986303,0.0002465753424657534,0.0,0.0,0.0,0.3,0.7,0.00016986301369863014,161893.86789629448,27.495109897950897
2026-03-31 00:00:00+00:00,0.0,0.0,0.01583606573404193,6.71473687258e-05,okx,0.0279852691352675,0.0001496679772622,BTCUSDT_260925,0.00013698630136986303,0.0002465753424657534,0.0,0.0,0.0,0.3,0.7,0.00016986301369863014,161921.36767659467,27.49978030018974
2026-04-01 00:00:00+00:00,-0.0,0.0,0.017904030356873032,7.70718528752e-05,okx,0.0275950297636299,-9.711671270715242e-05,BTCUSDT_260925,0.00013698630136986303,0.0002465753424657534,0.0,0.0,0.0,0.3,0.7,0.00016986301369863014,161948.8721280904,27.504451495740796
2026-04-02 00:00:00+00:00,-0.0,0.0,0.01101404372759057,-2.71752021676e-05,okx,0.0286646547162767,-0.0002398284415755,BTCUSDT_260925,0.00013698630136986303,0.0002465753424657534,0.0,0.0,0.0,0.3,0.7,0.00016986301369863014,161976.3812515752,27.509123484778684
2026-04-03 00:00:00+00:00,0.0,0.0,0.010135736227048678,3.22633398166e-05,okx,0.0298011243090935,3.882665838395044e-06,BTCUSDT_260925,0.00013698630136986303,0.0002465753424657534,0.0,0.0,0.0,0.3,0.7,0.00016986301369863014,162003.89504784255,27.513796267361613
2026-04-04 00:00:00+00:00,0.0,0.0,0.01101300793897775,1.07035748006e-05,okx,0.0298064953409267,4.7993756948261625e-05,BTCUSDT_260925,0.00013698630136986303,0.0002465753424657534,0.0,0.0,0.0,0.3,0.7,0.00016986301369863014,162031.4135176863,27.518469843751518
2026-04-05 00:00:00+00:00,0.0,0.0,0.012067210444651895,1.52849678069e-05,okx,0.0290284536055834,-0.0007128352940527,BTCUSDT_260925,0.00013698630136986303,0.0002465753424657534,0.0,0.0,0.0,0.3,0.7,0.00016986301369863014,162058.93666190025,27.5231442139484
2026-04-06 00:00:00+00:00,-0.0,0.0,0.014410829284535822,0.00010107616661304998,okx,0.0323071103365842,0.000315596876041,BTCUSDT_260925,0.00013698630136986303,0.0002465753424657534,0.0,0.0,0.0,0.3,0.7,0.00016986301369863014,162086.46448127844,27.527819378185086
2026-04-07 00:00:00+00:00,0.0,0.0,0.012472160274532606,2.9967415109299998e-05,okx,0.0298189656829537,0.000472789277381,BTCUSDT_260925,0.00013698630136986303,0.0002465753424657534,0.0,0.0,0.0,0.3,0.7,0.00016986301369863014,162113.99697661496,27.532495336519787
2026-04-08 00:00:00+00:00,-0.0,0.0,0.0157240424812935,0.00013943671711445001,okx,0.0283002993547011,0.0004681304737461,BTCUSDT_260925,0.00013698630136986303,0.0002465753424657534,0.0,0.0,0.0,0.3,0.7,0.00016986301369863014,162141.53414870414,27.537172089185333
2026-04-09 00:00:00+00:00,0.0,0.0,0.02209297462361154,9.496870193165e-05,okx,0.0261811391017514,-0.0002602803784534,BTCUSDT_260925,0.00013698630136986303,0.0002465753424657534,0.0,0.0,0.0,0.3,0.7,0.00016986301369863014,162169.07599834033,27.541849636181723
2026-04-10 00:00:00+00:00,0.0,0.0,0.022035025827809824,3.11519930478e-05,okx,0.0270257137910063,0.0010440951335409,BTCUSDT_260925,0.00013698630136986303,0.0002465753424657534,0.0,0.0,0.0,0.3,0.7,0.00016986301369863014,162196.62252631813,27.546527977799997
2026-04-11 00:00:00+00:00,0.0,0.0,0.024112751673644246,5.0550371844000004e-05,okx,0.0225986150037455,0.0006976697065131,BTCUSDT_260925,0.00013698630136986303,0.0002465753424657534,0.0,0.0,0.0,0.3,0.7,0.00016986301369863014,162224.1737334322,27.551207114069257
2026-04-12 00:00:00+00:00,-0.0,0.0,0.02562116528386164,4.4213448002850006e-05,okx,0.0203067142619439,0.0001004368330775,BTCUSDT_260925,0.00013698630136986303,0.0002465753424657534,0.0,0.0,0.0,0.3,0.7,0.00016986301369863014,162251.7296204773,27.55588704510592
2026-04-13 00:00:00+00:00,0.0,0.0,0.022180579889703785,3.509233713605e-05,okx,0.0189979437482628,-0.0010806526755156,BTCUSDT_260925,0.00013698630136986303,0.0002465753424657534,0.0,0.0,0.0,0.3,0.7,0.00016986301369863014,162279.29018824844,27.560567771142814
2026-04-14 00:00:00+00:00,-0.0,0.0,0.02341207998410175,5.358522513885e-05,okx,0.0240164481167632,0.0002977139962674,BTCUSDT_260925,0.00013698630136986303,0.0002465753424657534,0.0,0.0,0.0,0.3,0.7,0.00016986301369863014,162306.85543754068,27.56524929223815
2026-04-15 00:00:00+00:00,0.0,0.0,0.011407501626099003,-9.078807331300001e-05,okx,0.0226234220250546,-2.4729317568493468e-05,BTCUSDT_260925,0.00013698630136986303,0.0002465753424657534,0.0,0.0,0.0,0.3,0.7,0.00016986301369863014,162334.42536914925,27.56993160856655
2026-04-16 00:00:00+00:00,0.0,0.0,0.003960712254390786,-4.7846436703850005e-05,okx,0.0227697137005311,0.0003739640145626,BTCUSDT_260925,0.00013698630136986303,0.0002465753424657534,0.0,0.0,0.0,0.3,0.7,0.00016986301369863014,162361.9999838695,27.574614720244426
2026-04-17 00:00:00+00:00,0.0,0.0,0.00019578107226014352,-4.10521666095e-05,okx,0.0206876412730792,-0.0006353799045048,BTCUSDT_260925,0.00013698630136986303,0.0002465753424657534,0.0,0.0,0.0,0.3,0.7,0.00016986301369863014,162389.57928249688,27.579298627388198
2026-04-18 00:00:00+00:00,-0.0,0.0,-0.0027324638687886427,-5.6077503131e-06,okx,0.0241483187866157,0.0003806887301867,BTCUSDT_260925,0.00013698630136986303,0.0002465753424657534,0.0,0.0,0.0,0.3,0.7,0.00016986301369863014,162417.16326582708,27.58398333020159
2026-04-19 00:00:00+00:00,-0.0,0.0,-0.00865311541776432,-6.933329403230001e-05,okx,0.0231299165681892,0.001149565613517,BTCUSDT_260925,0.00013698630136986303,0.0002465753424657534,0.0,0.0,0.0,0.3,0.7,0.00016986301369863014,162444.75193465577,27.588668828684604
2026-04-20 00:00:00+00:00,0.0,0.0,-0.010199367997621287,5.438178070300002e-06,okx,0.0174819882890088,-0.000112208480456,BTCUSDT_260925,0.00013698630136986303,0.0002465753424657534,0.0,0.0,0.0,0.3,0.7,0.00016986301369863014,162472.34528977892,27.59335512315738
2026-04-21 00:00:00+00:00,0.0,0.0,-0.012867232920305147,2.4206923750499973e-06,okx,0.0179975627495171,0.0005670969782992,BTCUSDT_260925,0.00013698630136986303,0.0002465753424657534,0.0,0.0,0.0,0.3,0.7,0.00016986301369863014,162499.94333199252,27.598042213590816
2026-04-22 00:00:00+00:00,0.0,0.0,-0.008813081798457217,-1.3037229880300002e-05,okx,0.0150949500181699,-0.0005637758746903,BTCUSDT_260925,0.00013698630136986303,0.0002465753424657534,0.0,0.0,0.0,0.3,0.7,0.00016986301369863014,162527.54606209273,27.60273010021774
2026-04-23 00:00:00+00:00,0.0,0.0,-0.010191270581589428,-7.427745446255e-05,okx,0.0178294654039214,3.098745321217742e-05,BTCUSDT_260925,0.00013698630136986303,0.0002465753424657534,0.0,0.0,0.0,0.3,0.7,0.00016986301369863014,162555.1534808759,27.60741878315457
2026-04-24 00:00:00+00:00,-0.0,0.0,-0.009908603646361501,-3.56311568928e-05,okx,0.0179869039668595,0.0001541250302018,BTCUSDT_260925,0.00013698630136986303,0.0002465753424657534,0.0,0.0,0.0,0.3,0.7,0.00016986301369863014,162582.76558913838,27.61210826248862
2026-04-25 00:00:00+00:00,0.0,0.0,-0.012344039285714287,-1.957e-05,bybit,0.0173270605075095,0.0002283413848631,BTCUSDT_260925,0.00013698630136986303,0.0002465753424657534,0.0,0.0,0.0,0.3,0.7,0.00016986301369863014,162610.3823876768,27.61679853842361
2026-04-26 00:00:00+00:00,0.0,0.0,-0.007676904327388788,2.69157738209e-05,okx,0.0161298590836912,-0.00023348044784,BTCUSDT_260925,0.00013698630136986303,0.0002465753424657534,0.0,0.0,0.0,0.3,0.7,0.00016986301369863014,162638.00387728785,27.621489611046854
2026-04-27 00:00:00+00:00,-0.0,0.0,-0.008561335714285715,9.145e-06,bybit,0.0176541107777998,0.0001825611867548,BTCUSDT_260925,0.00013698630136986303,0.0002465753424657534,0.0,0.0,0.0,0.3,0.7,0.00016986301369863014,162665.63005876835,27.626181480503874
2026-04-28 00:00:00+00:00,-0.0,0.0,-0.0053245678571428555,-3.2999999999999996e-05,bybit,0.0171108060833178,-0.0004661214152957,BTCUSDT_260925,0.00013698630136986303,0.0002465753424657534,0.0,0.0,0.0,0.3,0.7,0.00016986301369863014,162693.26093291532,27.63087414696929
2026-04-29 00:00:00+00:00,-0.0,0.0,-0.008033910714285714,-5.8145e-05,bybit,0.0196542091997144,0.0006457508577461,BTCUSDT_260925,0.00013698630136986303,0.0002465753424657534,0.0,0.0,0.0,0.3,0.7,0.00016986301369863014,162720.89650052582,27.63556761050131
2026-04-30 00:00:00+00:00,0.0,0.0,-0.007108375000000001,-3.9280000000000003e-05,bybit,0.0164786823871505,-0.000261570362624,BTCUSDT_260925,0.00013698630136986303,0.0002465753424657534,0.0,0.0,0.0,0.3,0.7,0.00016986301369863014,162748.53676239715,27.64026187133277
2026-05-01 00:00:00+00:00,0.0,0.0,-0.008545432142857141,-5.0864999999999995e-05,bybit,0.0174587797469778,0.0002794284065691,BTCUSDT_260925,0.00013698630136986303,0.0002465753424657534,0.0,0.0,0.0,0.3,0.7,0.00016986301369863014,162776.18171932668,27.644956929521868
2026-05-02 00:00:00+00:00,0.0,0.0,-0.010298475,-4.2325e-05,binance,0.0160875038205237,-6.659308385070647e-05,BTCUSDT_260925,0.00013698630136986303,0.0002465753424657534,0.0,0.0,0.0,0.3,0.7,0.00016986301369863014,162803.83137211186,27.649652785185026
2026-05-03 00:00:00+00:00,-0.0,0.0,-0.010036196428571429,7.975e-06,binance,0.0165586043130087,-4.620168090130611e-05,BTCUSDT_260925,0.00013698630136986303,0.0002465753424657534,0.0,0.0,0.0,0.3,0.7,0.00016986301369863014,162831.4857215504,27.65434943852597
2026-05-04 00:00:00+00:00,0.0,0.0,-0.006106189285714287,4.9299999999999985e-06,binance,0.0166341819298863,-0.0001739897855034,BTCUSDT_260925,0.00013698630136986303,0.0002465753424657534,0.0,0.0,0.0,0.3,0.7,0.00016986301369863014,162859.14476844008,27.659046889690217
2026-05-05 00:00:00+00:00,0.0,0.0,-0.003522420220469249,-1.80874618493e-05,okx,0.0174109845069252,-0.0002806359813274,BTCUSDT_260925,0.00013698630136986303,0.0002465753424657534,0.0,0.0,0.0,0.3,0.7,0.00016986301369863014,162886.8085135788,27.663745138735976
2026-05-06 00:00:00+00:00,0.0,0.0,-0.004556137362926607,-1.29465531031e-05,okx,0.0188501416572119,-0.0002075582639559,BTCUSDT_260925,0.00013698630136986303,0.0002465753424657534,0.0,0.0,0.0,0.3,0.7,0.00016986301369863014,162914.47695776468,27.668444185866974
2026-05-07 00:00:00+00:00,-0.0,0.0,-0.0013378367151406782,2.2786871015850003e-05,okx,0.0204197007919443,0.000188548358873,BTCUSDT_260925,0.00013698630136986303,0.0002465753424657534,0.0,0.0,0.0,0.3,0.7,0.00016986301369863014,162942.15010179588,27.673144031199627
2026-05-08 00:00:00+00:00,0.0,0.0,0.000978809226581321,1.47602097858e-05,okx,0.0195367056464144,0.000257066780126,BTCUSDT_260925,0.00013698630136986303,0.0002465753424657534,0.0,0.0,0.0,0.3,0.7,0.00016986301369863014,162969.82794647067,27.67784467479214
2026-05-09 00:00:00+00:00,0.0,0.0,0.002453842857142857,1.7615e-05,bybit,0.0182169679534814,2.522360383957501e-05,BTCUSDT_260925,0.00013698630136986303,0.0002465753424657534,0.0,0.0,0.0,0.3,0.7,0.00016986301369863014,162997.5104925876,27.682546116935555
2026-05-10 00:00:00+00:00,0.0,0.0,0.004599377411188858,5.22057152522e-05,okx,0.0178761687826867,-0.000209949948954,BTCUSDT_260925,0.00013698630136986303,0.0002465753424657534,0.0,0.0,0.0,0.3,0.7,0.00016986301369863014,163025.19774094527,27.687248357658973
2026-05-11 00:00:00+00:00,-0.0,0.0,0.006886593800302,6.776752804200001e-05,okx,0.019234019733839,-0.0001491210847304,BTCUSDT_260925,0.00013698630136986303,0.0002465753424657534,0.0,0.0,0.0,0.3,0.7,0.00016986301369863014,163052.88969234235,27.69195139707881
2026-05-12 00:00:00+00:00,-0.0,0.0,0.005389755163790536,-4.679395624815e-05,okx,0.0204869378499033,-0.0005369888156521,BTCUSDT_260925,0.00013698630136986303,0.0002465753424657534,0.0,0.0,0.0,0.3,0.7,0.00016986301369863014,163080.58634757777,27.696655235427897
2026-05-13 00:00:00+00:00,-0.0,0.0,0.009198171720212537,6.0091572636500004e-05,okx,0.0238958894855406,0.0006012839410537,BTCUSDT_260925,0.00013698630136986303,0.0002465753424657534,0.0,0.0,0.0,0.3,0.7,0.00016986301369863014,163108.2877074505,27.70135987273534
2026-05-14 00:00:00+00:00,0.0,0.0,0.013471889285714286,5.4749999999999996e-05,binance,0.0203429465012661,0.0001875693905006,BTCUSDT_260925,0.00013698630136986303,0.0002465753424657534,0.0,0.0,0.0,0.3,0.7,0.00016986301369863014,163135.99377275968,27.706065309175756
2026-05-15 00:00:00+00:00,-0.0,0.0,0.013980021428571425,-2.292e-05,binance,0.0199527859806015,4.2597184465089246e-05,BTCUSDT_260925,0.00013698630136986303,0.0002465753424657534,0.0,0.0,0.0,0.3,0.7,0.00016986301369863014,163163.70454430464,27.710771544952877
2026-05-16 00:00:00+00:00,-0.0,0.0,0.018090434570367967,0.00012180714923325,okx,0.0201137504875409,0.0001056968152115,BTCUSDT_260925,0.00013698630136986303,0.0002465753424657534,0.0,0.0,0.0,0.3,0.7,0.00016986301369863014,163191.42002288476,27.71547858012491
2026-05-17 00:00:00+00:00,-0.0,0.0,0.016332434698493433,1.8490649216249994e-05,okx,0.019853685619612,0.000352450570744,BTCUSDT_260925,0.00013698630136986303,0.0002465753424657534,0.0,0.0,0.0,0.3,0.7,0.00016986301369863014,163219.1402092996,27.72018641483737
2026-05-18 00:00:00+00:00,-0.0,0.0,0.01656125539677893,7.21558702009e-05,okx,0.0181339701929916,-0.0004227819402308,BTCUSDT_260925,0.00013698630136986303,0.0002465753424657534,0.0,0.0,0.0,0.3,0.7,0.00016986301369863014,163246.86510434884,27.724895049235784
2026-05-19 00:00:00+00:00,-0.0,0.0,0.024941554763431933,0.00011392411379725,okx,0.0207120876649458,0.0001162891185661,BTCUSDT_260925,0.00013698630136986303,0.0002465753424657534,0.0,0.0,0.0,0.3,0.7,0.00016986301369863014,163274.59470883233,27.729604483494768
2026-05-20 00:00:00+00:00,0.0,0.0,0.02614757197931718,8.322066992745e-05,okx,0.0200236071951125,0.000146933234544,BTCUSDT_260925,0.00013698630136986303,0.0002465753424657534,0.0,0.0,0.0,0.3,0.7,0.00016986301369863014,163302.32902354997,27.73431471764343
2026-05-21 00:00:00+00:00,0.0,0.0,0.02675533849555911,6.9153820924e-05,okx,0.0193209288169153,0.0,BTCUSDT_260925,0.00013698630136986303,0.0002465753424657534,0.0,0.0,0.0,0.3,0.7,0.00016986301369863014,163330.06804930192,27.7390257519437
2026-05-22 00:00:00+00:00,-0.0,0.0,0.027188611279764352,4.26731485046e-05,okx,0.02026640745192,-0.0005,BTCUSDT_260626,0.00013698630136986303,0.0002465753424657534,0.0,0.0,0.0,0.3,0.7,0.00016986301369863014,163357.81178688837,27.74373758645379
2026-05-23 00:00:00+00:00,0.0,0.0,0.024012828571428575,2.179e-05,bybit,0.0167164195439311,-0.0014247314826021,BTCUSDT_260925,0.00013698630136986303,0.0002465753424657534,0.0,0.0,0.0,0.3,0.7,0.00016986301369863014,163385.56023710972,27.74845022134832
2026-05-24 00:00:00+00:00,0.0,0.0,0.026281042857142854,7e-05,bybit,0.0222046753719826,0.0,BTCUSDT_260925,0.00013698630136986303,0.0002465753424657534,0.0,0.0,0.0,0.3,0.7,0.00016986301369863014,163413.3134007664,27.7531636566855
2026-05-25 00:00:00+00:00,0.0,0.0,0.02811568928571429,8.726e-05,bybit,0.0278643372372238,-0.0005,BTCUSDT_260626,0.00013698630136986303,0.0002465753424657534,0.0,0.0,0.0,0.3,0.7,0.00016986301369863014,163441.07127865913,27.757877892727265
2026-05-26 00:00:00+00:00,-0.0,0.0,0.0252434,8.842999999999999e-05,binance,0.0226597645323768,-0.0005,BTCUSDT_260925,0.00013698630136986303,0.0002465753424657534,0.0,0.0,0.0,0.3,0.7,0.00016986301369863014,163468.83387158866,27.76259292953182
2026-05-27 00:00:00+00:00,-0.0,0.0,0.028050510714285718,0.00014431,binance,0.0300533383121121,-0.0004817996945572,BTCUSDT_260626,0.00013698630136986303,0.0002465753424657534,0.0,0.0,0.0,0.3,0.7,0.00016986301369863014,163496.60118035588,27.76730876721558
2026-05-28 00:00:00+00:00,-0.0,0.0,0.03142754285714285,0.000125055,binance,0.0309776142603333,0.0,BTCUSDT_260626,0.00013698630136986303,0.0002465753424657534,0.0,0.0,0.0,0.3,0.7,0.00016986301369863014,163524.37320576186,27.772025405982276
2026-05-29 00:00:00+00:00,-0.0,0.0,0.03571837857142857,0.000110465,binance,0.0242386012593639,-0.0002958094101368,BTCUSDT_260925,0.00013698630136986303,0.0002465753424657534,0.0,0.0,0.0,0.3,0.7,0.00016986301369863014,163552.14994860775,27.776742845890112
2026-05-30 00:00:00+00:00,0.0,0.0,0.03680321071428572,7.205e-05,binance,0.0230478980945216,-0.0001691155830231,BTCUSDT_260925,0.00013698630136986303,0.0002465753424657534,0.0,0.0,0.0,0.3,0.7,0.00016986301369863014,163579.93140969492,27.78146108717192
2026-05-31 00:00:00+00:00,-0.0,0.0,0.03536511071428572,8.0415e-05,binance,0.0243693153678561,0.0,BTCUSDT_260925,0.00013698630136986303,0.0002465753424657534,0.0,0.0,0.0,0.3,0.7,0.00016986301369863014,163607.71758982478,27.786180129856803
2026-06-01 00:00:00+00:00,-0.0,0.0,0.037617421428571426,0.000100705,binance,0.0310160218124095,-0.0005,BTCUSDT_260626,0.00013698630136986303,0.0002465753424657534,0.0,0.0,0.0,0.3,0.7,0.00016986301369863014,163635.50848979893,27.790899974148488
2026-06-02 00:00:00+00:00,-0.0,0.0,0.03935091071428572,0.000121675,binance,0.0278531653183849,0.0001300101421746,BTCUSDT_260925,0.00013698630136986303,0.0002465753424657534,0.0,0.0,0.0,0.3,0.7,0.00016986301369863014,163663.30411041912,27.795620620192494
2026-06-03 00:00:00+00:00,-0.0,0.0,0.03766461071428572,0.00011197,binance,0.0250453911495515,-0.0003543658480498,BTCUSDT_260925,0.00013698630136986303,0.0002465753424657534,0.0,0.0,0.0,0.3,0.7,0.00016986301369863014,163691.10445248717,27.80034206804703
2026-06-04 00:00:00+00:00,-0.0,0.0,0.031964353571428565,1.5735e-05,binance,0.0276670475899913,-0.000303822481267,BTCUSDT_260925,0.00013698630136986303,0.0002465753424657534,0.0,0.0,0.0,0.3,0.7,0.00016986301369863014,163718.9095168051,27.805064317944925
2026-06-05 00:00:00+00:00,-0.0,0.0,0.025949153571428567,-4.8950000000000006e-06,binance,0.0312797302352114,-0.0002772023996801,BTCUSDT_260925,0.00013698630136986303,0.0002465753424657534,0.0,0.0,0.0,0.3,0.7,0.00016986301369863014,163746.71930417512,27.809787370002596
2026-06-06 00:00:00+00:00,-0.0,0.0,0.022434725,4.6499999999999995e-06,binance,0.0334788021037847,0.0002512128678802,BTCUSDT_260925,0.00013698630136986303,0.0002465753424657534,0.0,0.0,0.0,0.3,0.7,0.00016986301369863014,163774.53381539937,27.814511224249145
2026-06-07 00:00:00+00:00,0.0,0.0,0.018325346428571428,1.604999999999999e-06,binance,0.0308749298125287,0.0,BTCUSDT_260925,0.00013698630136986303,0.0002465753424657534,0.0,0.0,0.0,0.3,0.7,0.00016986301369863014,163802.3530512803,27.819235880946508
2026-06-08 00:00:00+00:00,-0.0,0.0,0.014927717857142858,3.5545000000000006e-05,binance,0.0318248596523224,-0.0005,BTCUSDT_260626,0.00013698630136986303,0.0002465753424657534,0.0,0.0,0.0,0.3,0.7,0.00016986301369863014,163830.17701262052,27.8239613402111
2026-06-09 00:00:00+00:00,-0.0,0.0,0.009126042857142856,1.0409999999999999e-05,binance,0.0298105999244019,-0.0005,BTCUSDT_260925,0.00013698630136986303,0.0002465753424657534,0.0,0.0,0.0,0.3,0.7,0.00016986301369863014,163858.00570022265,27.82868760213023
2026-06-10 00:00:00+00:00,-0.0,0.0,0.003293603571428572,1.7985e-05,bybit,0.0362004923835563,-0.0005,BTCUSDT_260626,0.00013698630136986303,0.0002465753424657534,0.0,0.0,0.0,0.3,0.7,0.00016986301369863014,163885.83911488953,27.833414666878525
2026-06-11 00:00:00+00:00,0.0,0.0,0.006585903571428572,7.5465e-05,bybit,0.0310379794453701,-0.0005187030488641,BTCUSDT_260925,0.00013698630136986303,0.0002465753424657534,0.0,0.0,0.0,0.3,0.7,0.00016986301369863014,163913.6772574241,27.8381425345724
2026-06-12 00:00:00+00:00,-0.0,0.0,0.013070910714285714,8.0955e-05,bybit,0.0314863639268589,0.0003641081528612,BTCUSDT_260925,0.00013698630136986303,0.0002465753424657534,0.0,0.0,0.0,0.3,0.7,0.00016986301369863014,163941.5201286295,27.842871205386473
2026-06-13 00:00:00+00:00,0.0,0.0,0.012892582142857142,2.7445e-05,bybit,0.0288351627910704,-0.0001548294773605,BTCUSDT_260925,0.00013698630136986303,0.0002465753424657534,0.0,0.0,0.0,0.3,0.7,0.00016986301369863014,163969.36772930887,27.847600679378957
2026-06-14 00:00:00+00:00,0.0,0.0,0.014869317857142857,1.2829999999999999e-05,bybit,0.0296203744235533,-4.950837649785472e-05,BTCUSDT_260925,0.00013698630136986303,0.0002465753424657534,0.0,0.0,0.0,0.3,0.7,0.00016986301369863014,163997.2200602656,27.852330956724472
2026-06-15 00:00:00+00:00,0.0,0.0,0.013609546428571427,1.0975000000000002e-05,bybit,0.0299994022051315,0.0002545653663855,BTCUSDT_260925,0.00013698630136986303,0.0002465753424657534,0.0,0.0,0.0,0.3,0.7,0.00016986301369863014,164025.07712230322,27.857062037626747
2026-06-16 00:00:00+00:00,-0.0,0.0,0.01254166071428571,1.487e-05,bybit,0.0287397544875343,2.276360521309791e-05,BTCUSDT_260925,0.00013698630136986303,0.0002465753424657534,0.0,0.0,0.0,0.3,0.7,0.00016986301369863014,164052.93891622536,27.86179392214399
2026-06-17 00:00:00+00:00,-0.0,0.0,0.013529507142857139,3.693e-05,bybit,0.0293824620907958,-5.107782741742896e-05,BTCUSDT_260925,0.00013698630136986303,0.0002465753424657534,0.0,0.0,0.0,0.3,0.7,0.00016986301369863014,164080.8054428358,27.866526610421715
2026-06-18 00:00:00+00:00,-0.0,0.0,0.008392653571428575,-2.3049999999999998e-05,bybit,0.0307965161817753,0.0,BTCUSDT_260925,0.00013698630136986303,0.0002465753424657534,0.0,0.0,0.0,0.3,0.7,0.00016986301369863014,164108.6767029384,27.871260102605447
2026-06-19 00:00:00+00:00,0.0,0.0,0.0005315964285714282,-6.9805e-05,bybit,0.0308239127679664,0.0001172417624285,BTCUSDT_260925,0.00013698630136986303,0.0002465753424657534,0.0,0.0,0.0,0.3,0.7,0.00016986301369863014,164136.55269733723,27.875994398840703
2026-06-20 00:00:00+00:00,0.0,0.0,0.00130305,6.216e-05,binance,0.0299044624037416,-0.0001237985436874,BTCUSDT_260925,0.00013698630136986303,0.0002465753424657534,0.0,0.0,0.0,0.3,0.7,0.00016986301369863014,164164.4334268365,27.880729499273002
2026-06-21 00:00:00+00:00,-0.0,0.0,0.006630225000000002,4.0005e-05,binance,0.0316425961206823,-0.0001799027324839,BTCUSDT_260925,0.00013698630136986303,0.0002465753424657534,0.0,0.0,0.0,0.3,0.7,0.00016986301369863014,164192.3188922405,27.885465403989656
2026-06-22 00:00:00+00:00,0.0,0.0,0.010684071428571432,6.4495e-05,binance,0.0329891676384499,0.0005471726730439,BTCUSDT_260925,0.00013698630136986303,0.0002465753424657534,0.0,0.0,0.0,0.3,0.7,0.00016986301369863014,164220.20909435372,27.890202113223495
2026-06-23 00:00:00+00:00,-0.0,0.0,0.012013453571428571,1.9034999999999996e-05,binance,0.0296868709725175,0.0005540804695082,BTCUSDT_260925,0.00013698630136986303,0.0002465753424657534,0.0,0.0,0.0,0.3,0.7,0.00016986301369863014,164248.1040339807,27.89493962697452
2026-06-24 00:00:00+00:00,-0.0,0.0,0.015044257142857145,2.1575e-05,binance,0.026352725513337,-0.000357657480215,BTCUSDT_260925,0.00013698630136986303,0.0002465753424657534,0.0,0.0,0.0,0.3,0.7,0.00016986301369863014,164276.0037119262,27.899677945504664
2026-06-25 00:00:00+00:00,-0.0,0.0,0.013206221428571429,-8.229999999999999e-06,binance,0.0301100808427777,0.0,BTCUSDT_260925,0.00013698630136986303,0.0002465753424657534,0.0,0.0,0.0,0.3,0.7,0.00016986301369863014,164303.90812899504,27.90441706884303
2026-06-26 00:00:00+00:00,0.0,0.0,0.015204335714285713,9.255e-05,binance,0.0349769458087524,-0.0002917542677062,BTCUSDT_261225,0.00013698630136986303,0.0002465753424657534,0.0,0.0,0.0,0.3,0.7,0.00016986301369863014,164331.8172859923,27.909156997251557
2026-06-27 00:00:00+00:00,-0.0,0.0,0.015425682142857142,6.6405e-05,binance,0.0343693457922592,-0.0001673357877025,BTCUSDT_261225,0.00013698630136986303,0.0002465753424657534,0.0,0.0,0.0,0.3,0.7,0.00016986301369863014,164359.73118372305,27.913897730759345
2026-06-28 00:00:00+00:00,-0.0,0.0,0.015958060714285714,5.0215000000000006e-05,binance,0.035506271630617,9.173001464820922e-05,BTCUSDT_261225,0.00013698630136986303,0.0002465753424657534,0.0,0.0,0.0,0.3,0.7,0.00016986301369863014,164387.64982299262,27.91863926957012
2026-06-29 00:00:00+00:00,0.0,0.0,0.015055989285714288,1.556e-05,binance,0.0350597014369283,-0.0005,BTCUSDT_261225,0.00013698630136986303,0.0002465753424657534,0.0,0.0,0.0,0.3,0.7,0.00016986301369863014,164415.5732046064,27.9233816137712
