openTime,symbol,expiry,open,high,low,close,volume
2021-02-03 00:00:00+00:00,BTCUSDT_210326,2021-03-26 00:00:00+00:00,36054.1,38995.8,31111.0,38664.1,688.738
2021-02-04 00:00:00+00:00,BTCUSDT_210326,2021-03-26 00:00:00+00:00,38664.1,43820.2,37445.4,38328.3,757.761
2021-02-05 00:00:00+00:00,BTCUSDT_210326,2021-03-26 00:00:00+00:00,38304.6,39955.4,37858.3,39848.1,383.41
2021-02-06 00:00:00+00:00,BTCUSDT_210326,2021-03-26 00:00:00+00:00,39876.5,42727.3,39437.6,41245.1,453.336
2021-02-07 00:00:00+00:00,BTCUSDT_210326,2021-03-26 00:00:00+00:00,41240.3,41642.5,38639.2,40592.0,428.693
2021-02-08 00:00:00+00:00,BTCUSDT_210326,2021-03-26 00:00:00+00:00,40592.0,50175.0,39657.0,48946.5,706.203
2021-02-09 00:00:00+00:00,BTCUSDT_210326,2021-03-26 00:00:00+00:00,49065.2,51446.5,47382.5,48922.2,558.101
2021-02-10 00:00:00+00:00,BTCUSDT_210326,2021-03-26 00:00:00+00:00,48906.3,50193.6,46000.0,47261.5,632.816
2021-02-11 00:00:00+00:00,BTCUSDT_210326,2021-03-26 00:00:00+00:00,47299.9,51613.4,46176.9,50824.9,572.903
2021-02-12 00:00:00+00:00,BTCUSDT_210326,2021-03-26 00:00:00+00:00,50849.0,51999.0,48567.6,50232.5,538.779
2021-02-13 00:00:00+00:00,BTCUSDT_210326,2021-03-26 00:00:00+00:00,50192.2,51269.8,48682.4,50071.1,478.454
2021-02-14 00:00:00+00:00,BTCUSDT_210326,2021-03-26 00:00:00+00:00,50104.0,53859.2,49916.1,51738.4,610.694
2021-02-15 00:00:00+00:00,BTCUSDT_210326,2021-03-26 00:00:00+00:00,51752.5,52191.5,47078.5,50815.0,607.902
2021-02-16 00:00:00+00:00,BTCUSDT_210326,2021-03-26 00:00:00+00:00,50815.0,54250.0,49702.0,52111.9,610.167
2021-02-17 00:00:00+00:00,BTCUSDT_210326,2021-03-26 00:00:00+00:00,52075.3,56363.0,51940.7,55612.5,683.835
2021-02-18 00:00:00+00:00,BTCUSDT_210326,2021-03-26 00:00:00+00:00,55686.9,56241.5,54356.2,54481.4,541.554
2021-02-19 00:00:00+00:00,BTCUSDT_210326,2021-03-26 00:00:00+00:00,54565.4,59676.9,53217.4,58598.0,552.769
2021-02-20 00:00:00+00:00,BTCUSDT_210326,2021-03-26 00:00:00+00:00,58627.1,60459.8,55652.6,58277.5,569.654
2021-02-21 00:00:00+00:00,BTCUSDT_210326,2021-03-26 00:00:00+00:00,58247.3,61000.0,57862.0,59954.8,483.891
2021-02-22 00:00:00+00:00,BTCUSDT_210326,2021-03-26 00:00:00+00:00,59960.3,60017.4,48683.1,56512.3,979.39
2021-02-23 00:00:00+00:00,BTCUSDT_210326,2021-03-26 00:00:00+00:00,56534.5,56592.3,46349.3,50848.8,1313.471
2021-02-24 00:00:00+00:00,BTCUSDT_210326,2021-03-26 00:00:00+00:00,50801.3,53220.1,48789.0,51504.1,563.871
2021-02-25 00:00:00+00:00,BTCUSDT_210326,2021-03-26 00:00:00+00:00,51524.7,54110.6,48095.3,48682.0,520.231
2021-02-26 00:00:00+00:00,BTCUSDT_210326,2021-03-26 00:00:00+00:00,48611.3,49878.1,45140.7,47569.4,653.08
2021-02-27 00:00:00+00:00,BTCUSDT_210326,2021-03-26 00:00:00+00:00,47624.7,49848.9,46160.1,47432.4,480.403
2021-02-28 00:00:00+00:00,BTCUSDT_210326,2021-03-26 00:00:00+00:00,47436.2,47920.0,43647.1,46023.1,701.384
2021-03-01 00:00:00+00:00,BTCUSDT_210326,2021-03-26 00:00:00+00:00,46026.1,51000.0,45901.8,50698.0,574.841
2021-03-02 00:00:00+00:00,BTCUSDT_210326,2021-03-26 00:00:00+00:00,50809.3,51512.4,47882.6,49414.5,501.115
2021-03-03 00:00:00+00:00,BTCUSDT_210326,2021-03-26 00:00:00+00:00,49307.6,53756.3,49111.2,51345.1,695.472
2021-03-04 00:00:00+00:00,BTCUSDT_210326,2021-03-26 00:00:00+00:00,51344.2,52777.2,48080.0,48981.7,803.821
2021-03-05 00:00:00+00:00,BTCUSDT_210326,2021-03-26 00:00:00+00:00,48984.0,50103.2,46841.5,49418.6,904.695
2021-03-06 00:00:00+00:00,BTCUSDT_210326,2021-03-26 00:00:00+00:00,49431.7,49835.3,47507.3,49497.5,560.461
2021-03-07 00:00:00+00:00,BTCUSDT_210326,2021-03-26 00:00:00+00:00,49636.7,52310.9,49586.0,51799.6,713.065
2021-03-08 00:00:00+00:00,BTCUSDT_210326,2021-03-26 00:00:00+00:00,51894.5,53289.5,49850.0,53194.0,831.439
2021-03-09 00:00:00+00:00,BTCUSDT_210326,2021-03-26 00:00:00+00:00,53299.9,55881.3,52642.9,55873.7,766.062
2021-03-10 00:00:00+00:00,BTCUSDT_210326,2021-03-26 00:00:00+00:00,55827.6,58523.8,53776.5,56935.2,927.978
2021-03-11 00:00:00+00:00,BTCUSDT_210326,2021-03-26 00:00:00+00:00,56938.4,59479.2,55066.8,59048.3,871.456
2021-03-12 00:00:00+00:00,BTCUSDT_210326,2021-03-26 00:00:00+00:00,59050.1,59366.4,55941.4,58231.5,928.462
2021-03-13 00:00:00+00:00,BTCUSDT_210326,2021-03-26 00:00:00+00:00,58231.5,63448.3,56957.2,62791.0,926.521
2021-03-14 00:00:00+00:00,BTCUSDT_210326,2021-03-26 00:00:00+00:00,62818.2,63314.8,60201.6,60288.5,726.755
2021-03-15 00:00:00+00:00,BTCUSDT_210326,2021-03-26 00:00:00+00:00,60297.1,62030.3,55173.4,56251.5,1369.909
2021-03-16 00:00:00+00:00,BTCUSDT_210326,2021-03-26 00:00:00+00:00,56188.4,57588.0,53708.4,57588.0,1258.78
2021-03-17 00:00:00+00:00,BTCUSDT_210326,2021-03-26 00:00:00+00:00,57596.2,59594.0,54514.0,59544.9,1076.104
2021-03-18 00:00:00+00:00,BTCUSDT_210326,2021-03-26 00:00:00+00:00,59575.0,60765.1,57480.6,58069.5,885.8
2021-03-19 00:00:00+00:00,BTCUSDT_210326,2021-03-26 00:00:00+00:00,58016.5,59916.0,56636.3,58476.7,1002.129
2021-03-20 00:00:00+00:00,BTCUSDT_210326,2021-03-26 00:00:00+00:00,58326.9,60477.7,58242.7,58407.1,900.256
2021-03-21 00:00:00+00:00,BTCUSDT_210326,2021-03-26 00:00:00+00:00,58296.1,58839.5,55400.5,57586.1,981.64
2021-03-22 00:00:00+00:00,BTCUSDT_210326,2021-03-26 00:00:00+00:00,57639.0,58680.0,53567.6,54249.7,867.283
2021-03-23 00:00:00+00:00,BTCUSDT_210326,2021-03-26 00:00:00+00:00,54200.0,55937.9,52938.9,54451.1,790.037
2021-03-24 00:00:00+00:00,BTCUSDT_210326,2021-03-26 00:00:00+00:00,54402.5,57286.8,51750.0,52322.6,1168.704
2021-03-25 00:00:00+00:00,BTCUSDT_210326,2021-03-26 00:00:00+00:00,52319.0,53420.2,50560.5,51506.3,945.104
2021-03-26 00:00:00+00:00,BTCUSDT_210326,2021-03-26 00:00:00+00:00,51693.7,53258.3,51610.1,53258.3,240.086
2021-03-16 00:00:00+00:00,BTCUSDT_210625,2021-06-25 00:00:00+00:00,59114.2,60698.5,58420.1,60698.5,298.538
2021-03-17 00:00:00+00:00,BTCUSDT_210625,2021-06-25 00:00:00+00:00,60789.5,63130.5,57671.3,63086.2,474.918
2021-03-18 00:00:00+00:00,BTCUSDT_210625,2021-06-25 00:00:00+00:00,63129.5,64618.1,61129.5,61569.0,521.438
2021-03-19 00:00:00+00:00,BTCUSDT_210625,2021-06-25 00:00:00+00:00,61549.2,63857.3,59947.4,62236.2,504.428
2021-03-20 00:00:00+00:00,BTCUSDT_210625,2021-06-25 00:00:00+00:00,62150.0,64838.1,61922.0,62511.9,504.023
2021-03-21 00:00:00+00:00,BTCUSDT_210625,2021-06-25 00:00:00+00:00,62412.9,62950.0,59204.1,61204.1,566.446
2021-03-22 00:00:00+00:00,BTCUSDT_210625,2021-06-25 00:00:00+00:00,61308.9,62600.4,56818.2,57502.3,765.601
2021-03-23 00:00:00+00:00,BTCUSDT_210625,2021-06-25 00:00:00+00:00,57529.4,59182.8,55958.2,57680.0,890.123
2021-03-24 00:00:00+00:00,BTCUSDT_210625,2021-06-25 00:00:00+00:00,57647.1,61197.4,54652.7,55150.0,995.148
2021-03-25 00:00:00+00:00,BTCUSDT_210625,2021-06-25 00:00:00+00:00,55107.8,56079.2,52850.3,53976.5,799.549
2021-03-26 00:00:00+00:00,BTCUSDT_210625,2021-06-25 00:00:00+00:00,53909.6,58082.3,53883.8,58031.3,681.264
2021-03-27 00:00:00+00:00,BTCUSDT_210625,2021-06-25 00:00:00+00:00,58050.3,60104.0,57005.0,59332.3,590.108
2021-03-28 00:00:00+00:00,BTCUSDT_210625,2021-06-25 00:00:00+00:00,59355.7,60420.1,58131.3,59269.2,586.146
2021-03-29 00:00:00+00:00,BTCUSDT_210625,2021-06-25 00:00:00+00:00,59285.8,63034.4,58291.0,61740.9,601.097
2021-03-30 00:00:00+00:00,BTCUSDT_210625,2021-06-25 00:00:00+00:00,61781.6,64193.3,61160.1,63283.5,605.01
2021-03-31 00:00:00+00:00,BTCUSDT_210625,2021-06-25 00:00:00+00:00,63287.8,65172.0,60999.4,63605.2,823.712
2021-04-01 00:00:00+00:00,BTCUSDT_210625,2021-06-25 00:00:00+00:00,63608.8,64439.0,62437.6,63553.3,532.345
2021-04-02 00:00:00+00:00,BTCUSDT_210625,2021-06-25 00:00:00+00:00,63557.9,65939.4,63185.1,64000.4,556.77
2021-04-03 00:00:00+00:00,BTCUSDT_210625,2021-06-25 00:00:00+00:00,64039.0,65349.6,61350.7,61546.8,610.029
2021-04-04 00:00:00+00:00,BTCUSDT_210625,2021-06-25 00:00:00+00:00,61552.1,63061.6,60487.9,62840.0,541.517
2021-04-05 00:00:00+00:00,BTCUSDT_210625,2021-06-25 00:00:00+00:00,62897.5,64791.0,61027.8,64650.7,586.183
2021-04-06 00:00:00+00:00,BTCUSDT_210625,2021-06-25 00:00:00+00:00,64656.0,65333.2,62129.2,62870.3,599.678
2021-04-07 00:00:00+00:00,BTCUSDT_210625,2021-06-25 00:00:00+00:00,62861.5,63499.3,59313.0,59873.5,982.732
2021-04-08 00:00:00+00:00,BTCUSDT_210625,2021-06-25 00:00:00+00:00,59858.3,62679.9,59572.8,62632.3,682.104
2021-04-09 00:00:00+00:00,BTCUSDT_210625,2021-06-25 00:00:00+00:00,62664.5,64021.3,62114.5,62743.5,621.077
2021-04-10 00:00:00+00:00,BTCUSDT_210625,2021-06-25 00:00:00+00:00,62787.6,68390.3,62438.0,65711.2,962.437
2021-04-11 00:00:00+00:00,BTCUSDT_210625,2021-06-25 00:00:00+00:00,65735.9,66988.9,65017.3,66158.2,588.187
2021-04-12 00:00:00+00:00,BTCUSDT_210625,2021-06-25 00:00:00+00:00,66192.2,68040.9,65155.0,65551.0,799.694
2021-04-13 00:00:00+00:00,BTCUSDT_210625,2021-06-25 00:00:00+00:00,65528.2,70740.3,65467.6,70340.5,900.054
2021-04-14 00:00:00+00:00,BTCUSDT_210625,2021-06-25 00:00:00+00:00,70364.2,71524.7,66381.9,68573.4,1018.516
2021-04-15 00:00:00+00:00,BTCUSDT_210625,2021-06-25 00:00:00+00:00,68712.4,69753.0,67346.7,69033.1,672.617
2021-04-16 00:00:00+00:00,BTCUSDT_210625,2021-06-25 00:00:00+00:00,69052.6,69472.4,64709.8,66314.8,984.27
2021-04-17 00:00:00+00:00,BTCUSDT_210625,2021-06-25 00:00:00+00:00,66314.6,67999.5,63824.4,64481.3,696.256
2021-04-18 00:00:00+00:00,BTCUSDT_210625,2021-06-25 00:00:00+00:00,64516.0,64840.6,35000.0,58866.7,2552.043
2021-04-19 00:00:00+00:00,BTCUSDT_210625,2021-06-25 00:00:00+00:00,58841.5,60755.0,56959.8,58539.9,1346.886
2021-04-20 00:00:00+00:00,BTCUSDT_210625,2021-06-25 00:00:00+00:00,58590.6,59825.2,55852.2,59077.1,1372.131
2021-04-21 00:00:00+00:00,BTCUSDT_210625,2021-06-25 00:00:00+00:00,59065.1,59475.4,56039.0,56238.2,1188.976
2021-04-22 00:00:00+00:00,BTCUSDT_210625,2021-06-25 00:00:00+00:00,56288.0,58581.9,52125.2,53714.5,2919.488
2021-04-23 00:00:00+00:00,BTCUSDT_210625,2021-06-25 00:00:00+00:00,53697.3,54241.6,49149.9,52706.3,2221.169
2021-04-24 00:00:00+00:00,BTCUSDT_210625,2021-06-25 00:00:00+00:00,52701.7,52751.4,50102.6,51621.1,1605.934
2021-04-25 00:00:00+00:00,BTCUSDT_210625,2021-06-25 00:00:00+00:00,51629.0,52334.7,48361.6,50739.6,1043.645
2021-04-26 00:00:00+00:00,BTCUSDT_210625,2021-06-25 00:00:00+00:00,50739.6,56344.0,50376.6,56074.7,1275.108
2021-04-27 00:00:00+00:00,BTCUSDT_210625,2021-06-25 00:00:00+00:00,56058.7,57621.8,55066.8,56994.8,805.472
2021-04-28 00:00:00+00:00,BTCUSDT_210625,2021-06-25 00:00:00+00:00,56992.7,58676.2,55656.8,56941.1,1145.044
2021-04-29 00:00:00+00:00,BTCUSDT_210625,2021-06-25 00:00:00+00:00,56933.4,57338.6,54051.0,55473.2,1029.382
2021-04-30 00:00:00+00:00,BTCUSDT_210625,2021-06-25 00:00:00+00:00,55460.0,60252.1,54925.5,59952.5,1342.963
2021-05-01 00:00:00+00:00,BTCUSDT_210625,2021-06-25 00:00:00+00:00,59930.8,60770.3,59321.1,60185.5,851.321
2021-05-02 00:00:00+00:00,BTCUSDT_210625,2021-06-25 00:00:00+00:00,60195.2,60278.0,58100.0,58668.0,923.953
2021-05-03 00:00:00+00:00,BTCUSDT_210625,2021-06-25 00:00:00+00:00,58664.8,61560.4,58422.2,59287.8,1166.274
2021-05-04 00:00:00+00:00,BTCUSDT_210625,2021-06-25 00:00:00+00:00,59291.4,59303.3,54488.6,54704.4,1166.187
2021-05-05 00:00:00+00:00,BTCUSDT_210625,2021-06-25 00:00:00+00:00,54684.9,60199.0,54441.1,59828.5,1114.069
2021-05-06 00:00:00+00:00,BTCUSDT_210625,2021-06-25 00:00:00+00:00,59849.4,60770.5,56965.5,58422.9,1276.476
2021-05-07 00:00:00+00:00,BTCUSDT_210625,2021-06-25 00:00:00+00:00,58441.3,61081.5,57028.9,59261.5,1794.367
2021-05-08 00:00:00+00:00,BTCUSDT_210625,2021-06-25 00:00:00+00:00,59276.9,62035.9,58817.8,61436.3,1412.381
2021-05-09 00:00:00+00:00,BTCUSDT_210625,2021-06-25 00:00:00+00:00,61431.0,61866.4,57943.9,60571.8,1735.883
2021-05-10 00:00:00+00:00,BTCUSDT_210625,2021-06-25 00:00:00+00:00,60596.9,62271.2,55099.6,57642.0,1643.353
2021-05-11 00:00:00+00:00,BTCUSDT_210625,2021-06-25 00:00:00+00:00,57655.6,58895.9,56260.3,58613.1,1720.918
2021-05-12 00:00:00+00:00,BTCUSDT_210625,2021-06-25 00:00:00+00:00,58669.8,60153.2,49699.2,50782.8,3560.105
2021-05-13 00:00:00+00:00,BTCUSDT_210625,2021-06-25 00:00:00+00:00,50782.7,52500.2,46258.5,50980.6,2740.483
2021-05-14 00:00:00+00:00,BTCUSDT_210625,2021-06-25 00:00:00+00:00,50976.4,52749.5,50079.1,50991.4,1332.585
2021-05-15 00:00:00+00:00,BTCUSDT_210625,2021-06-25 00:00:00+00:00,50973.4,51867.3,47506.1,47729.9,1778.314
2021-05-16 00:00:00+00:00,BTCUSDT_210625,2021-06-25 00:00:00+00:00,47760.6,50942.0,44500.0,47333.1,2249.569
2021-05-17 00:00:00+00:00,BTCUSDT_210625,2021-06-25 00:00:00+00:00,47313.2,47512.3,42700.0,44396.3,2127.862
2021-05-18 00:00:00+00:00,BTCUSDT_210625,2021-06-25 00:00:00+00:00,44441.3,46631.0,42866.8,43473.3,2925.033
2021-05-19 00:00:00+00:00,BTCUSDT_210625,2021-06-25 00:00:00+00:00,43499.1,44279.8,29235.1,37082.5,7149.807
2021-05-20 00:00:00+00:00,BTCUSDT_210625,2021-06-25 00:00:00+00:00,37100.2,42874.9,35200.0,40952.7,3073.664
2021-05-21 00:00:00+00:00,BTCUSDT_210625,2021-06-25 00:00:00+00:00,40876.1,42948.5,33600.2,37547.4,2738.023
2021-05-22 00:00:00+00:00,BTCUSDT_210625,2021-06-25 00:00:00+00:00,37510.0,39271.0,35424.9,37724.9,2330.093
2021-05-23 00:00:00+00:00,BTCUSDT_210625,2021-06-25 00:00:00+00:00,37738.8,38587.6,31218.2,34935.9,2882.137
2021-05-24 00:00:00+00:00,BTCUSDT_210625,2021-06-25 00:00:00+00:00,34997.9,40334.4,34626.6,39070.4,2124.486
2021-05-25 00:00:00+00:00,BTCUSDT_210625,2021-06-25 00:00:00+00:00,39134.2,40155.0,36742.1,38698.4,1240.533
2021-05-26 00:00:00+00:00,BTCUSDT_210625,2021-06-25 00:00:00+00:00,38685.5,41250.0,38130.6,39551.9,1216.034
2021-05-27 00:00:00+00:00,BTCUSDT_210625,2021-06-25 00:00:00+00:00,39530.5,40779.0,37380.1,38774.3,1470.964
2021-05-28 00:00:00+00:00,BTCUSDT_210625,2021-06-25 00:00:00+00:00,38737.7,39156.6,34844.1,35819.9,2027.236
2021-05-29 00:00:00+00:00,BTCUSDT_210625,2021-06-25 00:00:00+00:00,35845.8,37543.8,33644.1,34685.9,2060.525
2021-05-30 00:00:00+00:00,BTCUSDT_210625,2021-06-25 00:00:00+00:00,34663.9,36681.2,33321.0,35760.3,1448.259
2021-05-31 00:00:00+00:00,BTCUSDT_210625,2021-06-25 00:00:00+00:00,35740.0,37694.7,34240.0,37468.9,1474.595
2021-06-01 00:00:00+00:00,BTCUSDT_210625,2021-06-25 00:00:00+00:00,37435.3,38115.3,35991.0,36981.6,2123.307
2021-06-02 00:00:00+00:00,BTCUSDT_210625,2021-06-25 00:00:00+00:00,36989.3,38739.6,36171.8,37840.5,1717.009
2021-06-03 00:00:00+00:00,BTCUSDT_210625,2021-06-25 00:00:00+00:00,37832.5,39758.8,37428.4,39481.0,1575.135
2021-06-04 00:00:00+00:00,BTCUSDT_210625,2021-06-25 00:00:00+00:00,39524.5,39570.4,35668.1,36989.0,2504.647
2021-06-05 00:00:00+00:00,BTCUSDT_210625,2021-06-25 00:00:00+00:00,37009.8,38074.4,34800.0,35520.7,2583.771
2021-06-06 00:00:00+00:00,BTCUSDT_210625,2021-06-25 00:00:00+00:00,35517.3,36528.2,35210.0,35812.1,1842.706
2021-06-07 00:00:00+00:00,BTCUSDT_210625,2021-06-25 00:00:00+00:00,35805.5,36839.9,33170.8,33548.9,2115.202
2021-06-08 00:00:00+00:00,BTCUSDT_210625,2021-06-25 00:00:00+00:00,33520.8,34037.2,30938.2,33358.4,3990.441
2021-06-09 00:00:00+00:00,BTCUSDT_210625,2021-06-25 00:00:00+00:00,33364.9,37598.7,32401.1,37473.0,3739.586
2021-06-10 00:00:00+00:00,BTCUSDT_210625,2021-06-25 00:00:00+00:00,37481.1,38688.0,35851.2,36857.9,5497.357
2021-06-11 00:00:00+00:00,BTCUSDT_210625,2021-06-25 00:00:00+00:00,36864.0,37846.6,36080.1,37492.6,1718.459
2021-06-12 00:00:00+00:00,BTCUSDT_210625,2021-06-25 00:00:00+00:00,37503.7,37635.6,34714.8,35646.0,2469.617
2021-06-13 00:00:00+00:00,BTCUSDT_210625,2021-06-25 00:00:00+00:00,35637.1,39476.0,34800.3,39149.0,3227.826
2021-06-14 00:00:00+00:00,BTCUSDT_210625,2021-06-25 00:00:00+00:00,39151.7,41193.1,38854.4,40619.8,3455.393
2021-06-15 00:00:00+00:00,BTCUSDT_210625,2021-06-25 00:00:00+00:00,40613.6,41462.1,39571.0,40243.9,1889.406
2021-06-16 00:00:00+00:00,BTCUSDT_210625,2021-06-25 00:00:00+00:00,40243.1,40627.5,38135.6,38402.7,2770.061
2021-06-17 00:00:00+00:00,BTCUSDT_210625,2021-06-25 00:00:00+00:00,38400.8,39640.0,37420.0,38176.2,2418.217
2021-06-18 00:00:00+00:00,BTCUSDT_210625,2021-06-25 00:00:00+00:00,38177.4,38303.3,35155.9,35861.6,3315.65
2021-06-19 00:00:00+00:00,BTCUSDT_210625,2021-06-25 00:00:00+00:00,35880.7,36482.9,34825.4,35494.8,2040.694
2021-06-20 00:00:00+00:00,BTCUSDT_210625,2021-06-25 00:00:00+00:00,35485.8,36174.0,33261.4,35583.8,2929.773
2021-06-21 00:00:00+00:00,BTCUSDT_210625,2021-06-25 00:00:00+00:00,35591.6,35736.1,31273.5,31618.9,2798.926
2021-06-22 00:00:00+00:00,BTCUSDT_210625,2021-06-25 00:00:00+00:00,31614.1,33315.0,28611.0,32492.3,3728.954
2021-06-23 00:00:00+00:00,BTCUSDT_210625,2021-06-25 00:00:00+00:00,32524.5,34888.0,31708.1,33734.0,2478.153
2021-06-24 00:00:00+00:00,BTCUSDT_210625,2021-06-25 00:00:00+00:00,33752.2,35429.7,32380.0,34686.9,2933.507
2021-06-25 00:00:00+00:00,BTCUSDT_210625,2021-06-25 00:00:00+00:00,34721.0,35582.2,34044.6,34489.5,674.558
2021-06-18 00:00:00+00:00,BTCUSDT_210924,2021-09-24 00:00:00+00:00,38621.0,38817.3,35401.6,36140.4,364.443
2021-06-19 00:00:00+00:00,BTCUSDT_210924,2021-09-24 00:00:00+00:00,36114.9,36798.8,34803.3,35972.4,418.241
2021-06-20 00:00:00+00:00,BTCUSDT_210924,2021-09-24 00:00:00+00:00,35950.0,36500.0,33766.0,36159.3,456.867
2021-06-21 00:00:00+00:00,BTCUSDT_210924,2021-09-24 00:00:00+00:00,36131.8,36304.8,31392.5,31930.3,771.641
2021-06-22 00:00:00+00:00,BTCUSDT_210924,2021-09-24 00:00:00+00:00,31900.0,33769.4,29155.3,32747.7,851.28
2021-06-23 00:00:00+00:00,BTCUSDT_210924,2021-09-24 00:00:00+00:00,32819.9,35425.9,32128.7,34042.2,609.458
2021-06-24 00:00:00+00:00,BTCUSDT_210924,2021-09-24 00:00:00+00:00,34051.7,35950.0,32611.8,35082.9,467.406
2021-06-25 00:00:00+00:00,BTCUSDT_210924,2021-09-24 00:00:00+00:00,35097.5,35988.6,31688.2,32022.5,1942.041
2021-06-26 00:00:00+00:00,BTCUSDT_210924,2021-09-24 00:00:00+00:00,32024.9,33183.8,30475.3,32624.0,2272.052
2021-06-27 00:00:00+00:00,BTCUSDT_210924,2021-09-24 00:00:00+00:00,32623.8,35164.0,32371.3,35049.6,1407.96
2021-06-28 00:00:00+00:00,BTCUSDT_210924,2021-09-24 00:00:00+00:00,35112.8,35756.0,34363.7,34941.7,2037.736
2021-06-29 00:00:00+00:00,BTCUSDT_210924,2021-09-24 00:00:00+00:00,34942.4,37000.0,34570.0,36345.2,3242.752
2021-06-30 00:00:00+00:00,BTCUSDT_210924,2021-09-24 00:00:00+00:00,36291.6,36522.9,34429.3,35490.6,2799.76
2021-07-01 00:00:00+00:00,BTCUSDT_210924,2021-09-24 00:00:00+00:00,35506.7,35509.3,32979.3,33863.6,1734.868
2021-07-02 00:00:00+00:00,BTCUSDT_210924,2021-09-24 00:00:00+00:00,33839.1,34419.9,32898.1,34111.3,1333.246
2021-07-03 00:00:00+00:00,BTCUSDT_210924,2021-09-24 00:00:00+00:00,34136.9,35276.9,33590.9,35001.7,1183.079
2021-07-04 00:00:00+00:00,BTCUSDT_210924,2021-09-24 00:00:00+00:00,34989.5,36341.9,34632.1,35587.8,1004.986
2021-07-05 00:00:00+00:00,BTCUSDT_210924,2021-09-24 00:00:00+00:00,35580.6,35580.6,33368.2,33954.1,2071.252
2021-07-06 00:00:00+00:00,BTCUSDT_210924,2021-09-24 00:00:00+00:00,33966.8,35500.0,33824.7,34558.8,2183.908
2021-07-07 00:00:00+00:00,BTCUSDT_210924,2021-09-24 00:00:00+00:00,34572.5,35467.1,34057.2,34147.7,1314.367
2021-07-08 00:00:00+00:00,BTCUSDT_210924,2021-09-24 00:00:00+00:00,34123.2,34209.3,32301.6,33117.9,1853.628
2021-07-09 00:00:00+00:00,BTCUSDT_210924,2021-09-24 00:00:00+00:00,33109.9,34500.0,32482.7,34183.5,1458.7
2021-07-10 00:00:00+00:00,BTCUSDT_210924,2021-09-24 00:00:00+00:00,34170.6,34649.5,33263.7,33776.2,1368.891
2021-07-11 00:00:00+00:00,BTCUSDT_210924,2021-09-24 00:00:00+00:00,33776.4,35063.9,33663.1,34703.4,1738.377
2021-07-12 00:00:00+00:00,BTCUSDT_210924,2021-09-24 00:00:00+00:00,34721.0,35134.1,32905.6,33472.9,1570.751
2021-07-13 00:00:00+00:00,BTCUSDT_210924,2021-09-24 00:00:00+00:00,33479.6,33699.8,32456.4,33024.6,1419.547
2021-07-14 00:00:00+00:00,BTCUSDT_210924,2021-09-24 00:00:00+00:00,33026.4,33447.0,31791.6,33038.0,2265.602
2021-07-15 00:00:00+00:00,BTCUSDT_210924,2021-09-24 00:00:00+00:00,33034.6,33478.6,31281.8,32083.6,2268.108
2021-07-16 00:00:00+00:00,BTCUSDT_210924,2021-09-24 00:00:00+00:00,32090.4,32498.4,31183.3,31538.6,2105.461
2021-07-17 00:00:00+00:00,BTCUSDT_210924,2021-09-24 00:00:00+00:00,31533.0,32199.3,31320.6,31675.4,1487.295
2021-07-18 00:00:00+00:00,BTCUSDT_210924,2021-09-24 00:00:00+00:00,31669.4,32834.4,31279.1,32018.7,1894.382
2021-07-19 00:00:00+00:00,BTCUSDT_210924,2021-09-24 00:00:00+00:00,32018.1,32146.6,30432.8,30907.3,2154.706
2021-07-20 00:00:00+00:00,BTCUSDT_210924,2021-09-24 00:00:00+00:00,30916.0,31162.3,29292.4,29863.8,2150.703
2021-07-21 00:00:00+00:00,BTCUSDT_210924,2021-09-24 00:00:00+00:00,29867.7,33072.3,29571.4,32314.8,4120.113
2021-07-22 00:00:00+00:00,BTCUSDT_210924,2021-09-24 00:00:00+00:00,32321.8,32789.2,31860.8,32447.3,2296.239
2021-07-23 00:00:00+00:00,BTCUSDT_210924,2021-09-24 00:00:00+00:00,32440.1,33852.5,32182.2,33848.9,2901.073
2021-07-24 00:00:00+00:00,BTCUSDT_210924,2021-09-24 00:00:00+00:00,33856.9,34801.1,33611.9,34546.7,3014.301
2021-07-25 00:00:00+00:00,BTCUSDT_210924,2021-09-24 00:00:00+00:00,34556.6,35731.8,33943.4,35702.4,2286.096
2021-07-26 00:00:00+00:00,BTCUSDT_210924,2021-09-24 00:00:00+00:00,35711.2,40974.0,35528.8,37525.5,5932.735
2021-07-27 00:00:00+00:00,BTCUSDT_210924,2021-09-24 00:00:00+00:00,37517.9,39924.4,36682.5,39828.8,3557.897
2021-07-28 00:00:00+00:00,BTCUSDT_210924,2021-09-24 00:00:00+00:00,39802.5,41360.0,39127.1,40426.3,3913.805
2021-07-29 00:00:00+00:00,BTCUSDT_210924,2021-09-24 00:00:00+00:00,40423.7,41071.3,39595.7,40469.5,2533.781
2021-07-30 00:00:00+00:00,BTCUSDT_210924,2021-09-24 00:00:00+00:00,40478.3,42813.6,38668.3,42694.0,3620.818
2021-07-31 00:00:00+00:00,BTCUSDT_210924,2021-09-24 00:00:00+00:00,42685.1,42938.3,41481.6,41912.7,2300.476
2021-08-01 00:00:00+00:00,BTCUSDT_210924,2021-09-24 00:00:00+00:00,41919.6,43117.5,39750.0,40207.3,2720.388
2021-08-02 00:00:00+00:00,BTCUSDT_210924,2021-09-24 00:00:00+00:00,40205.1,40888.5,39057.8,39532.3,2846.498
2021-08-03 00:00:00+00:00,BTCUSDT_210924,2021-09-24 00:00:00+00:00,39526.6,40189.9,37886.1,38553.1,2743.983
2021-08-04 00:00:00+00:00,BTCUSDT_210924,2021-09-24 00:00:00+00:00,38555.9,40360.0,37760.0,40116.8,2075.612
2021-08-05 00:00:00+00:00,BTCUSDT_210924,2021-09-24 00:00:00+00:00,40104.5,41771.9,37519.3,41281.6,3378.284
2021-08-06 00:00:00+00:00,BTCUSDT_210924,2021-09-24 00:00:00+00:00,41284.9,43892.9,40150.8,43267.9,4386.079
2021-08-07 00:00:00+00:00,BTCUSDT_210924,2021-09-24 00:00:00+00:00,43276.5,45189.4,42500.0,45023.5,4156.284
2021-08-08 00:00:00+00:00,BTCUSDT_210924,2021-09-24 00:00:00+00:00,45025.4,45787.9,43681.5,44229.5,5404.546
2021-08-09 00:00:00+00:00,BTCUSDT_210924,2021-09-24 00:00:00+00:00,44215.4,47107.9,43168.0,46777.0,3820.451
2021-08-10 00:00:00+00:00,BTCUSDT_210924,2021-09-24 00:00:00+00:00,46737.2,47284.2,45060.0,46027.5,8424.814
2021-08-11 00:00:00+00:00,BTCUSDT_210924,2021-09-24 00:00:00+00:00,46024.0,47256.6,45784.6,45923.8,2921.267
2021-08-12 00:00:00+00:00,BTCUSDT_210924,2021-09-24 00:00:00+00:00,45923.9,46715.5,44160.0,44803.5,3335.802
2021-08-13 00:00:00+00:00,BTCUSDT_210924,2021-09-24 00:00:00+00:00,44799.4,48549.3,44634.5,48403.6,2129.513
2021-08-14 00:00:00+00:00,BTCUSDT_210924,2021-09-24 00:00:00+00:00,48413.5,48862.8,46460.3,47600.5,2151.709
2021-08-15 00:00:00+00:00,BTCUSDT_210924,2021-09-24 00:00:00+00:00,47590.2,47912.0,45850.0,47469.3,2340.21
2021-08-16 00:00:00+00:00,BTCUSDT_210924,2021-09-24 00:00:00+00:00,47481.5,48580.0,46028.4,46294.1,2223.877
2021-08-17 00:00:00+00:00,BTCUSDT_210924,2021-09-24 00:00:00+00:00,46297.4,47700.0,44775.0,45059.2,3704.239
2021-08-18 00:00:00+00:00,BTCUSDT_210924,2021-09-24 00:00:00+00:00,45045.8,46451.9,44549.4,45047.8,3278.736
2021-08-19 00:00:00+00:00,BTCUSDT_210924,2021-09-24 00:00:00+00:00,45062.5,47581.3,44257.7,47253.8,2695.079
2021-08-20 00:00:00+00:00,BTCUSDT_210924,2021-09-24 00:00:00+00:00,47267.3,49950.0,47123.4,49786.3,2321.404
2021-08-21 00:00:00+00:00,BTCUSDT_210924,2021-09-24 00:00:00+00:00,49802.7,50298.0,48681.3,49253.3,2297.894
2021-08-22 00:00:00+00:00,BTCUSDT_210924,2021-09-24 00:00:00+00:00,49243.5,50063.1,44223.0,49769.5,2987.047
2021-08-23 00:00:00+00:00,BTCUSDT_210924,2021-09-24 00:00:00+00:00,49769.8,51096.9,49507.4,49958.2,2371.771
2021-08-24 00:00:00+00:00,BTCUSDT_210924,2021-09-24 00:00:00+00:00,49952.6,50403.6,47540.0,47981.2,4285.871
2021-08-25 00:00:00+00:00,BTCUSDT_210924,2021-09-24 00:00:00+00:00,47967.8,49664.4,47471.9,49368.1,2608.474
2021-08-26 00:00:00+00:00,BTCUSDT_210924,2021-09-24 00:00:00+00:00,49368.1,49786.4,46520.1,47098.4,2855.673
2021-08-27 00:00:00+00:00,BTCUSDT_210924,2021-09-24 00:00:00+00:00,47102.1,49555.8,46586.7,49438.0,2583.185
2021-08-28 00:00:00+00:00,BTCUSDT_210924,2021-09-24 00:00:00+00:00,49443.2,49711.9,48708.0,49273.0,1554.918
2021-08-29 00:00:00+00:00,BTCUSDT_210924,2021-09-24 00:00:00+00:00,49277.0,50050.3,48030.8,49062.6,1788.425
2021-08-30 00:00:00+00:00,BTCUSDT_210924,2021-09-24 00:00:00+00:00,49053.7,49190.3,47078.3,47261.3,2680.732
2021-08-31 00:00:00+00:00,BTCUSDT_210924,2021-09-24 00:00:00+00:00,47240.2,48611.4,46929.3,47416.7,1939.077
2021-09-01 00:00:00+00:00,BTCUSDT_210924,2021-09-24 00:00:00+00:00,47416.3,49500.0,46784.2,49181.7,2186.375
2021-09-02 00:00:00+00:00,BTCUSDT_210924,2021-09-24 00:00:00+00:00,49179.6,50817.7,48953.5,49666.0,2295.598
2021-09-03 00:00:00+00:00,BTCUSDT_210924,2021-09-24 00:00:00+00:00,49647.8,51531.3,48677.3,50448.5,2513.553
2021-09-04 00:00:00+00:00,BTCUSDT_210924,2021-09-24 00:00:00+00:00,50455.5,51009.8,49727.5,50307.8,1640.925
2021-09-05 00:00:00+00:00,BTCUSDT_210924,2021-09-24 00:00:00+00:00,50314.0,52371.5,49828.7,52268.9,1813.122
2021-09-06 00:00:00+00:00,BTCUSDT_210924,2021-09-24 00:00:00+00:00,52255.4,53386.8,51465.4,53199.9,2199.556
2021-09-07 00:00:00+00:00,BTCUSDT_210924,2021-09-24 00:00:00+00:00,53199.3,53479.6,42200.0,47056.4,5940.654
2021-09-08 00:00:00+00:00,BTCUSDT_210924,2021-09-24 00:00:00+00:00,47049.8,47505.2,44542.4,46177.0,2986.951
2021-09-09 00:00:00+00:00,BTCUSDT_210924,2021-09-24 00:00:00+00:00,46177.4,47533.3,45665.1,46517.0,3069.005
2021-09-10 00:00:00+00:00,BTCUSDT_210924,2021-09-24 00:00:00+00:00,46512.4,47187.5,44173.3,44925.9,2908.687
2021-09-11 00:00:00+00:00,BTCUSDT_210924,2021-09-24 00:00:00+00:00,44920.5,46112.6,44792.2,45283.2,2281.518
2021-09-12 00:00:00+00:00,BTCUSDT_210924,2021-09-24 00:00:00+00:00,45294.1,46799.6,44825.5,46113.4,2219.247
2021-09-13 00:00:00+00:00,BTCUSDT_210924,2021-09-24 00:00:00+00:00,46135.1,47023.0,43210.0,45003.9,4124.108
2021-09-14 00:00:00+00:00,BTCUSDT_210924,2021-09-24 00:00:00+00:00,45019.4,47338.4,44732.5,47176.2,2209.766
2021-09-15 00:00:00+00:00,BTCUSDT_210924,2021-09-24 00:00:00+00:00,47170.3,48544.3,46718.8,48162.4,2073.551
2021-09-16 00:00:00+00:00,BTCUSDT_210924,2021-09-24 00:00:00+00:00,48185.2,48592.4,47100.1,47831.8,2184.123
2021-09-17 00:00:00+00:00,BTCUSDT_210924,2021-09-24 00:00:00+00:00,47844.7,48250.0,46808.4,47372.9,1907.335
2021-09-18 00:00:00+00:00,BTCUSDT_210924,2021-09-24 00:00:00+00:00,47367.2,48898.9,47083.0,48337.3,1784.66
2021-09-19 00:00:00+00:00,BTCUSDT_210924,2021-09-24 00:00:00+00:00,48352.7,48435.7,46872.0,47283.4,1709.982
2021-09-20 00:00:00+00:00,BTCUSDT_210924,2021-09-24 00:00:00+00:00,47287.9,47399.4,42500.0,43052.2,6936.751
2021-09-21 00:00:00+00:00,BTCUSDT_210924,2021-09-24 00:00:00+00:00,43052.2,43687.4,39450.0,40796.4,6454.287
2021-09-22 00:00:00+00:00,BTCUSDT_210924,2021-09-24 00:00:00+00:00,40780.6,44016.1,40530.0,43561.6,3459.982
2021-09-23 00:00:00+00:00,BTCUSDT_210924,2021-09-24 00:00:00+00:00,43549.1,44939.5,43063.9,44809.9,2081.248
2021-09-24 00:00:00+00:00,BTCUSDT_210924,2021-09-24 00:00:00+00:00,44803.4,44903.3,42523.1,44201.0,529.219
2021-09-22 00:00:00+00:00,BTCUSDT_211231,2021-12-31 00:00:00+00:00,48284.3,48284.3,42397.1,44509.7,485.981
2021-09-23 00:00:00+00:00,BTCUSDT_211231,2021-12-31 00:00:00+00:00,44504.1,46499.9,43953.3,45774.7,624.834
2021-09-24 00:00:00+00:00,BTCUSDT_211231,2021-12-31 00:00:00+00:00,45755.7,46049.0,41331.9,43542.6,3329.266
2021-09-25 00:00:00+00:00,BTCUSDT_211231,2021-12-31 00:00:00+00:00,43543.6,43742.3,42358.9,43407.4,1501.463
2021-09-26 00:00:00+00:00,BTCUSDT_211231,2021-12-31 00:00:00+00:00,43411.9,44879.8,41321.8,44073.8,2146.73
2021-09-27 00:00:00+00:00,BTCUSDT_211231,2021-12-31 00:00:00+00:00,44068.5,45290.0,42860.7,42922.1,1803.738
2021-09-28 00:00:00+00:00,BTCUSDT_211231,2021-12-31 00:00:00+00:00,42907.1,43585.1,41500.0,41705.3,2283.004
2021-09-29 00:00:00+00:00,BTCUSDT_211231,2021-12-31 00:00:00+00:00,41674.3,43414.3,41386.0,42214.9,2322.972
2021-09-30 00:00:00+00:00,BTCUSDT_211231,2021-12-31 00:00:00+00:00,42241.9,45035.0,42110.0,44668.9,2449.459
2021-10-01 00:00:00+00:00,BTCUSDT_211231,2021-12-31 00:00:00+00:00,44662.3,49515.9,44100.2,49161.9,3471.959
2021-10-02 00:00:00+00:00,BTCUSDT_211231,2021-12-31 00:00:00+00:00,49186.3,49378.0,48470.1,48643.6,1483.556
2021-10-03 00:00:00+00:00,BTCUSDT_211231,2021-12-31 00:00:00+00:00,48654.6,50479.1,48100.0,49325.1,2222.058
2021-10-04 00:00:00+00:00,BTCUSDT_211231,2021-12-31 00:00:00+00:00,49325.1,50738.3,47961.5,50461.2,1808.321
2021-10-05 00:00:00+00:00,BTCUSDT_211231,2021-12-31 00:00:00+00:00,50491.5,53151.3,50245.3,52764.5,1860.87
2021-10-06 00:00:00+00:00,BTCUSDT_211231,2021-12-31 00:00:00+00:00,52769.4,57442.1,51606.6,56710.1,2431.58
2021-10-07 00:00:00+00:00,BTCUSDT_211231,2021-12-31 00:00:00+00:00,56723.3,56739.9,54769.0,55176.4,1284.378
2021-10-08 00:00:00+00:00,BTCUSDT_211231,2021-12-31 00:00:00+00:00,55176.8,57849.4,55009.7,55367.1,1536.003
2021-10-09 00:00:00+00:00,BTCUSDT_211231,2021-12-31 00:00:00+00:00,55397.9,57099.7,55091.3,56531.6,1528.864
2021-10-10 00:00:00+00:00,BTCUSDT_211231,2021-12-31 00:00:00+00:00,56552.4,58353.6,55600.0,56221.0,2157.046
2021-10-11 00:00:00+00:00,BTCUSDT_211231,2021-12-31 00:00:00+00:00,56178.0,59798.1,55938.0,59422.9,2176.548
2021-10-12 00:00:00+00:00,BTCUSDT_211231,2021-12-31 00:00:00+00:00,59404.5,59582.9,54000.0,57771.7,2199.897
2021-10-13 00:00:00+00:00,BTCUSDT_211231,2021-12-31 00:00:00+00:00,57780.2,59665.4,55930.0,59275.1,1687.071
2021-10-14 00:00:00+00:00,BTCUSDT_211231,2021-12-31 00:00:00+00:00,59272.5,60589.2,58662.1,59246.0,1722.938
2021-10-15 00:00:00+00:00,BTCUSDT_211231,2021-12-31 00:00:00+00:00,59237.5,65623.8,58710.7,63806.6,2829.443
2021-10-16 00:00:00+00:00,BTCUSDT_211231,2021-12-31 00:00:00+00:00,63785.5,64500.3,62062.1,62823.8,1345.694
2021-10-17 00:00:00+00:00,BTCUSDT_211231,2021-12-31 00:00:00+00:00,62816.9,63878.7,60646.2,63691.6,1690.448
2021-10-18 00:00:00+00:00,BTCUSDT_211231,2021-12-31 00:00:00+00:00,63694.0,65056.8,61797.6,64146.9,3353.064
2021-10-19 00:00:00+00:00,BTCUSDT_211231,2021-12-31 00:00:00+00:00,64145.6,66725.2,63385.5,66514.4,3373.243
2021-10-20 00:00:00+00:00,BTCUSDT_211231,2021-12-31 00:00:00+00:00,66525.9,69949.2,65679.6,68726.2,2203.667
2021-10-21 00:00:00+00:00,BTCUSDT_211231,2021-12-31 00:00:00+00:00,68727.8,69672.9,64393.7,64596.8,3498.471
2021-10-22 00:00:00+00:00,BTCUSDT_211231,2021-12-31 00:00:00+00:00,64567.0,66385.0,62181.1,62900.6,2436.328
2021-10-23 00:00:00+00:00,BTCUSDT_211231,2021-12-31 00:00:00+00:00,62904.9,64022.9,61616.0,63577.1,1484.732
2021-10-24 00:00:00+00:00,BTCUSDT_211231,2021-12-31 00:00:00+00:00,63544.0,63769.1,61580.2,63073.5,1798.143
2021-10-25 00:00:00+00:00,BTCUSDT_211231,2021-12-31 00:00:00+00:00,63073.4,66274.1,62842.9,65532.4,1553.491
2021-10-26 00:00:00+00:00,BTCUSDT_211231,2021-12-31 00:00:00+00:00,65535.4,65796.7,61913.1,62306.9,2030.937
2021-10-27 00:00:00+00:00,BTCUSDT_211231,2021-12-31 00:00:00+00:00,62304.3,63640.4,59400.0,60091.9,3256.099
2021-10-28 00:00:00+00:00,BTCUSDT_211231,2021-12-31 00:00:00+00:00,60096.6,64617.3,59350.0,62592.5,2771.813
2021-10-29 00:00:00+00:00,BTCUSDT_211231,2021-12-31 00:00:00+00:00,62580.4,65339.1,62187.0,64460.0,2222.554
2021-10-30 00:00:00+00:00,BTCUSDT_211231,2021-12-31 00:00:00+00:00,64455.6,64599.1,62774.0,64011.7,1304.398
2021-10-31 00:00:00+00:00,BTCUSDT_211231,2021-12-31 00:00:00+00:00,64000.0,64583.1,61820.0,63327.2,1436.86
2021-11-01 00:00:00+00:00,BTCUSDT_211231,2021-12-31 00:00:00+00:00,63330.1,64604.7,60987.6,62809.6,2238.38
2021-11-02 00:00:00+00:00,BTCUSDT_211231,2021-12-31 00:00:00+00:00,62825.4,66684.1,62550.0,65454.3,1771.211
2021-11-03 00:00:00+00:00,BTCUSDT_211231,2021-12-31 00:00:00+00:00,65459.4,65809.6,62311.0,65149.7,1799.844
2021-11-04 00:00:00+00:00,BTCUSDT_211231,2021-12-31 00:00:00+00:00,65149.8,65370.8,62653.3,63522.7,1596.862
2021-11-05 00:00:00+00:00,BTCUSDT_211231,2021-12-31 00:00:00+00:00,63518.0,64737.1,62599.1,62906.0,1275.704
2021-11-06 00:00:00+00:00,BTCUSDT_211231,2021-12-31 00:00:00+00:00,62890.9,63533.3,61640.0,63294.1,1534.482
2021-11-07 00:00:00+00:00,BTCUSDT_211231,2021-12-31 00:00:00+00:00,63293.4,65300.0,63185.6,65269.3,1248.108
2021-11-08 00:00:00+00:00,BTCUSDT_211231,2021-12-31 00:00:00+00:00,65269.3,70480.2,65269.3,70217.5,3010.949
2021-11-09 00:00:00+00:00,BTCUSDT_211231,2021-12-31 00:00:00+00:00,70231.4,71310.0,68550.9,69339.9,1680.624
2021-11-10 00:00:00+00:00,BTCUSDT_211231,2021-12-31 00:00:00+00:00,69362.7,71455.6,63570.9,66479.6,3726.629
2021-11-11 00:00:00+00:00,BTCUSDT_211231,2021-12-31 00:00:00+00:00,66481.7,67441.3,65597.2,66450.0,1718.131
2021-11-12 00:00:00+00:00,BTCUSDT_211231,2021-12-31 00:00:00+00:00,66456.6,67224.2,63534.0,65689.5,2006.593
2021-11-13 00:00:00+00:00,BTCUSDT_211231,2021-12-31 00:00:00+00:00,65689.5,66546.6,64752.3,65899.3,1056.136
2021-11-14 00:00:00+00:00,BTCUSDT_211231,2021-12-31 00:00:00+00:00,65915.7,67080.1,64999.4,67079.0,1097.598
2021-11-15 00:00:00+00:00,BTCUSDT_211231,2021-12-31 00:00:00+00:00,67066.2,67963.3,64758.0,65039.2,1574.069
2021-11-16 00:00:00+00:00,BTCUSDT_211231,2021-12-31 00:00:00+00:00,65041.6,65042.4,59466.9,61113.7,3917.408
2021-11-17 00:00:00+00:00,BTCUSDT_211231,2021-12-31 00:00:00+00:00,61112.4,61930.9,59333.0,61425.5,1969.888
2021-11-18 00:00:00+00:00,BTCUSDT_211231,2021-12-31 00:00:00+00:00,61414.2,62075.6,57239.2,57745.5,3225.287
2021-11-19 00:00:00+00:00,BTCUSDT_211231,2021-12-31 00:00:00+00:00,57761.6,59237.9,56291.6,58962.3,2214.123
2021-11-20 00:00:00+00:00,BTCUSDT_211231,2021-12-31 00:00:00+00:00,58971.4,60804.9,58228.8,60663.9,1678.02
2021-11-21 00:00:00+00:00,BTCUSDT_211231,2021-12-31 00:00:00+00:00,60669.3,61025.1,59401.5,59570.3,1389.837
2021-11-22 00:00:00+00:00,BTCUSDT_211231,2021-12-31 00:00:00+00:00,59570.3,60485.7,56266.4,57037.7,2523.691
2021-11-23 00:00:00+00:00,BTCUSDT_211231,2021-12-31 00:00:00+00:00,57042.0,58712.9,55998.7,58374.0,2248.031
2021-11-24 00:00:00+00:00,BTCUSDT_211231,2021-12-31 00:00:00+00:00,58430.8,58589.1,56603.6,57950.7,1751.842
2021-11-25 00:00:00+00:00,BTCUSDT_211231,2021-12-31 00:00:00+00:00,57959.9,60390.3,57826.5,59846.7,1593.602
2021-11-26 00:00:00+00:00,BTCUSDT_211231,2021-12-31 00:00:00+00:00,59841.0,60075.0,54000.0,54230.2,2828.53
2021-11-27 00:00:00+00:00,BTCUSDT_211231,2021-12-31 00:00:00+00:00,54271.8,55825.8,54090.5,55298.7,1266.394
2021-11-28 00:00:00+00:00,BTCUSDT_211231,2021-12-31 00:00:00+00:00,55211.2,58205.6,53663.8,58029.7,1696.413
2021-11-29 00:00:00+00:00,BTCUSDT_211231,2021-12-31 00:00:00+00:00,58029.7,59555.0,57323.5,58431.6,1896.183
2021-11-30 00:00:00+00:00,BTCUSDT_211231,2021-12-31 00:00:00+00:00,58419.3,59956.3,56451.0,57584.6,4720.393
2021-12-01 00:00:00+00:00,BTCUSDT_211231,2021-12-31 00:00:00+00:00,57584.6,59776.8,57073.0,57826.1,3801.356
2021-12-02 00:00:00+00:00,BTCUSDT_211231,2021-12-31 00:00:00+00:00,57823.2,58028.3,56341.7,56985.1,2075.251
2021-12-03 00:00:00+00:00,BTCUSDT_211231,2021-12-31 00:00:00+00:00,56985.8,58200.0,51372.0,53986.2,3220.153
2021-12-04 00:00:00+00:00,BTCUSDT_211231,2021-12-31 00:00:00+00:00,53899.9,54191.4,41333.0,49367.7,5393.981
2021-12-05 00:00:00+00:00,BTCUSDT_211231,2021-12-31 00:00:00+00:00,49347.6,49900.0,47888.0,49554.4,1953.692
2021-12-06 00:00:00+00:00,BTCUSDT_211231,2021-12-31 00:00:00+00:00,49566.9,51196.7,47255.1,50715.7,2278.975
2021-12-07 00:00:00+00:00,BTCUSDT_211231,2021-12-31 00:00:00+00:00,50753.7,52175.0,50180.9,50809.1,2076.624
2021-12-08 00:00:00+00:00,BTCUSDT_211231,2021-12-31 00:00:00+00:00,50812.7,51450.0,48764.3,50701.7,1625.641
2021-12-09 00:00:00+00:00,BTCUSDT_211231,2021-12-31 00:00:00+00:00,50725.4,51057.5,47478.4,47731.8,1927.986
2021-12-10 00:00:00+00:00,BTCUSDT_211231,2021-12-31 00:00:00+00:00,47716.5,50333.3,46925.0,47320.2,2275.886
2021-12-11 00:00:00+00:00,BTCUSDT_211231,2021-12-31 00:00:00+00:00,47304.1,49729.5,46850.0,49612.5,1682.853
2021-12-12 00:00:00+00:00,BTCUSDT_211231,2021-12-31 00:00:00+00:00,49623.7,51056.7,48800.0,50239.6,1508.396
2021-12-13 00:00:00+00:00,BTCUSDT_211231,2021-12-31 00:00:00+00:00,50249.1,50374.9,45657.0,46783.3,2696.588
2021-12-14 00:00:00+00:00,BTCUSDT_211231,2021-12-31 00:00:00+00:00,46794.6,48832.0,46370.1,48529.5,2517.454
2021-12-15 00:00:00+00:00,BTCUSDT_211231,2021-12-31 00:00:00+00:00,48521.7,49704.9,46650.0,49057.7,2540.294
2021-12-16 00:00:00+00:00,BTCUSDT_211231,2021-12-31 00:00:00+00:00,49079.7,49630.3,47629.2,47764.2,1452.045
2021-12-17 00:00:00+00:00,BTCUSDT_211231,2021-12-31 00:00:00+00:00,47773.2,48179.6,45508.8,46271.4,2831.242
2021-12-18 00:00:00+00:00,BTCUSDT_211231,2021-12-31 00:00:00+00:00,46282.3,47525.5,45601.1,46980.1,1491.652
2021-12-19 00:00:00+00:00,BTCUSDT_211231,2021-12-31 00:00:00+00:00,46989.0,48623.5,46577.2,46827.3,1511.818
2021-12-20 00:00:00+00:00,BTCUSDT_211231,2021-12-31 00:00:00+00:00,46801.9,47705.2,45685.2,47028.3,1755.577
2021-12-21 00:00:00+00:00,BTCUSDT_211231,2021-12-31 00:00:00+00:00,47068.6,49515.2,46823.1,49072.5,1716.241
2021-12-22 00:00:00+00:00,BTCUSDT_211231,2021-12-31 00:00:00+00:00,49072.5,49787.1,48600.1,48746.4,1228.961
2021-12-23 00:00:00+00:00,BTCUSDT_211231,2021-12-31 00:00:00+00:00,48770.7,51521.4,48173.2,50934.4,1737.675
2021-12-24 00:00:00+00:00,BTCUSDT_211231,2021-12-31 00:00:00+00:00,50940.0,51882.0,50402.1,50891.7,1446.289
2021-12-25 00:00:00+00:00,BTCUSDT_211231,2021-12-31 00:00:00+00:00,50900.0,51222.0,50145.3,50455.7,1025.711
2021-12-26 00:00:00+00:00,BTCUSDT_211231,2021-12-31 00:00:00+00:00,50451.4,51399.7,49351.0,50838.9,1390.436
2021-12-27 00:00:00+00:00,BTCUSDT_211231,2021-12-31 00:00:00+00:00,50851.4,52146.7,50500.0,50760.0,1389.238
2021-12-28 00:00:00+00:00,BTCUSDT_211231,2021-12-31 00:00:00+00:00,50718.6,50728.5,47327.4,47568.4,1869.429
2021-12-29 00:00:00+00:00,BTCUSDT_211231,2021-12-31 00:00:00+00:00,47579.9,48175.1,46059.4,46451.0,1776.068
2021-12-30 00:00:00+00:00,BTCUSDT_211231,2021-12-31 00:00:00+00:00,46450.9,47920.0,45918.4,47133.1,1386.261
2021-12-31 00:00:00+00:00,BTCUSDT_211231,2021-12-31 00:00:00+00:00,47126.4,47566.8,46870.5,47020.0,299.749
2021-12-24 00:00:00+00:00,BTCUSDT_220325,2022-03-25 00:00:00+00:00,52703.8,53180.0,51236.6,52197.1,427.936
2021-12-25 00:00:00+00:00,BTCUSDT_220325,2022-03-25 00:00:00+00:00,52070.5,52575.6,51500.0,51710.0,412.897
2021-12-26 00:00:00+00:00,BTCUSDT_220325,2022-03-25 00:00:00+00:00,51700.1,52500.0,50515.0,52073.2,510.498
2021-12-27 00:00:00+00:00,BTCUSDT_220325,2022-03-25 00:00:00+00:00,52006.1,53421.1,51691.8,51928.7,485.183
2021-12-28 00:00:00+00:00,BTCUSDT_220325,2022-03-25 00:00:00+00:00,51929.0,51948.9,48401.2,48965.6,740.659
2021-12-29 00:00:00+00:00,BTCUSDT_220325,2022-03-25 00:00:00+00:00,48986.9,49423.4,46902.4,47462.3,675.889
2021-12-30 00:00:00+00:00,BTCUSDT_220325,2022-03-25 00:00:00+00:00,47451.4,48999.9,46833.1,48178.1,585.251
2021-12-31 00:00:00+00:00,BTCUSDT_220325,2022-03-25 00:00:00+00:00,48172.6,49772.9,46607.1,47205.9,1882.778
2022-01-01 00:00:00+00:00,BTCUSDT_220325,2022-03-25 00:00:00+00:00,47221.2,48997.1,47214.5,48797.5,1174.275
2022-01-02 00:00:00+00:00,BTCUSDT_220325,2022-03-25 00:00:00+00:00,48790.3,49042.6,47612.4,48345.9,1048.591
2022-01-03 00:00:00+00:00,BTCUSDT_220325,2022-03-25 00:00:00+00:00,48338.4,48632.0,46671.2,47461.6,1687.234
2022-01-04 00:00:00+00:00,BTCUSDT_220325,2022-03-25 00:00:00+00:00,47470.6,48577.7,46500.0,46841.8,1936.723
2022-01-05 00:00:00+00:00,BTCUSDT_220325,2022-03-25 00:00:00+00:00,46834.9,48100.0,43232.0,44294.7,2775.746
2022-01-06 00:00:00+00:00,BTCUSDT_220325,2022-03-25 00:00:00+00:00,44286.9,44675.4,43232.3,43892.6,2015.862
2022-01-07 00:00:00+00:00,BTCUSDT_220325,2022-03-25 00:00:00+00:00,43872.9,43917.7,41125.8,42280.0,3254.642
2022-01-08 00:00:00+00:00,BTCUSDT_220325,2022-03-25 00:00:00+00:00,42309.2,43037.9,41209.4,42417.8,2040.673
2022-01-09 00:00:00+00:00,BTCUSDT_220325,2022-03-25 00:00:00+00:00,42427.1,43544.3,41906.7,42589.8,1453.005
2022-01-10 00:00:00+00:00,BTCUSDT_220325,2022-03-25 00:00:00+00:00,42578.4,42970.0,40149.7,42516.2,2877.097
2022-01-11 00:00:00+00:00,BTCUSDT_220325,2022-03-25 00:00:00+00:00,42528.6,43837.0,41930.0,43403.8,1957.386
2022-01-12 00:00:00+00:00,BTCUSDT_220325,2022-03-25 00:00:00+00:00,43437.0,45299.7,43105.3,44539.8,1656.404
2022-01-13 00:00:00+00:00,BTCUSDT_220325,2022-03-25 00:00:00+00:00,44561.9,45000.0,42900.0,43125.2,1892.41
2022-01-14 00:00:00+00:00,BTCUSDT_220325,2022-03-25 00:00:00+00:00,43131.4,44085.2,42312.3,43670.1,1564.263
2022-01-15 00:00:00+00:00,BTCUSDT_220325,2022-03-25 00:00:00+00:00,43681.1,44456.1,43132.8,43700.0,1154.497
2022-01-16 00:00:00+00:00,BTCUSDT_220325,2022-03-25 00:00:00+00:00,43700.0,44117.4,43200.1,43662.9,1004.046
2022-01-17 00:00:00+00:00,BTCUSDT_220325,2022-03-25 00:00:00+00:00,43670.5,43771.6,42065.0,42743.8,1111.38
2022-01-18 00:00:00+00:00,BTCUSDT_220325,2022-03-25 00:00:00+00:00,42747.6,43238.0,41767.2,42872.4,1340.6
2022-01-19 00:00:00+00:00,BTCUSDT_220325,2022-03-25 00:00:00+00:00,42870.0,43044.4,41597.7,42068.5,1954.225
2022-01-20 00:00:00+00:00,BTCUSDT_220325,2022-03-25 00:00:00+00:00,42084.3,43974.6,40941.6,41084.5,2224.749
2022-01-21 00:00:00+00:00,BTCUSDT_220325,2022-03-25 00:00:00+00:00,41074.4,41499.3,35623.0,36727.4,4216.509
2022-01-22 00:00:00+00:00,BTCUSDT_220325,2022-03-25 00:00:00+00:00,36700.0,37117.1,34210.0,35408.5,4666.878
2022-01-23 00:00:00+00:00,BTCUSDT_220325,2022-03-25 00:00:00+00:00,35410.8,36972.5,34977.6,36702.3,2316.189
2022-01-24 00:00:00+00:00,BTCUSDT_220325,2022-03-25 00:00:00+00:00,36688.6,37990.0,33223.8,37033.3,5051.531
2022-01-25 00:00:00+00:00,BTCUSDT_220325,2022-03-25 00:00:00+00:00,37033.6,37900.0,36020.0,37253.5,2460.336
2022-01-26 00:00:00+00:00,BTCUSDT_220325,2022-03-25 00:00:00+00:00,37275.3,39238.9,36535.3,37081.3,2967.019
2022-01-27 00:00:00+00:00,BTCUSDT_220325,2022-03-25 00:00:00+00:00,37100.6,37531.1,35780.4,37449.3,2481.02
2022-01-28 00:00:00+00:00,BTCUSDT_220325,2022-03-25 00:00:00+00:00,37443.8,38249.5,36383.8,37961.0,2171.932
2022-01-29 00:00:00+00:00,BTCUSDT_220325,2022-03-25 00:00:00+00:00,37969.9,38999.8,37500.0,38422.3,1672.717
2022-01-30 00:00:00+00:00,BTCUSDT_220325,2022-03-25 00:00:00+00:00,38438.8,38638.7,37602.5,38174.9,1241.994
2022-01-31 00:00:00+00:00,BTCUSDT_220325,2022-03-25 00:00:00+00:00,38143.2,38998.0,36850.0,38682.9,1882.336
2022-02-01 00:00:00+00:00,BTCUSDT_220325,2022-03-25 00:00:00+00:00,38683.2,39550.0,38184.2,38937.3,2158.538
2022-02-02 00:00:00+00:00,BTCUSDT_220325,2022-03-25 00:00:00+00:00,38937.1,39078.2,36750.3,37106.9,2169.356
2022-02-03 00:00:00+00:00,BTCUSDT_220325,2022-03-25 00:00:00+00:00,37100.1,37600.0,36423.0,37530.5,1762.695
2022-02-04 00:00:00+00:00,BTCUSDT_220325,2022-03-25 00:00:00+00:00,37523.5,42112.0,37239.4,41813.2,3888.132
2022-02-05 00:00:00+00:00,BTCUSDT_220325,2022-03-25 00:00:00+00:00,41814.2,42235.0,41003.3,41615.0,1757.954
2022-02-06 00:00:00+00:00,BTCUSDT_220325,2022-03-25 00:00:00+00:00,41615.0,42923.2,41331.1,42602.3,1410.331
2022-02-07 00:00:00+00:00,BTCUSDT_220325,2022-03-25 00:00:00+00:00,42614.6,44901.7,41865.8,44059.7,3533.354
2022-02-08 00:00:00+00:00,BTCUSDT_220325,2022-03-25 00:00:00+00:00,44069.7,45797.1,42888.8,44206.2,4337.897
2022-02-09 00:00:00+00:00,BTCUSDT_220325,2022-03-25 00:00:00+00:00,44225.0,44972.9,43308.0,44504.8,3032.35
2022-02-10 00:00:00+00:00,BTCUSDT_220325,2022-03-25 00:00:00+00:00,44507.9,45928.0,43293.8,43599.8,4939.188
2022-02-11 00:00:00+00:00,BTCUSDT_220325,2022-03-25 00:00:00+00:00,43599.7,44021.6,42028.9,42488.3,3584.474
2022-02-12 00:00:00+00:00,BTCUSDT_220325,2022-03-25 00:00:00+00:00,42479.4,43128.3,41813.0,42315.0,2090.656
2022-02-13 00:00:00+00:00,BTCUSDT_220325,2022-03-25 00:00:00+00:00,42315.8,42869.0,41953.0,42159.8,1538.505
2022-02-14 00:00:00+00:00,BTCUSDT_220325,2022-03-25 00:00:00+00:00,42171.6,42912.3,41600.6,42603.3,2475.54
2022-02-15 00:00:00+00:00,BTCUSDT_220325,2022-03-25 00:00:00+00:00,42604.3,44870.0,42490.4,44642.1,2561.27
2022-02-16 00:00:00+00:00,BTCUSDT_220325,2022-03-25 00:00:00+00:00,44641.3,44641.3,43389.5,43951.6,1990.223
2022-02-17 00:00:00+00:00,BTCUSDT_220325,2022-03-25 00:00:00+00:00,43950.3,44252.4,40111.2,40598.0,3304.669
2022-02-18 00:00:00+00:00,BTCUSDT_220325,2022-03-25 00:00:00+00:00,40583.3,41050.0,39544.0,40067.4,3184.734
2022-02-19 00:00:00+00:00,BTCUSDT_220325,2022-03-25 00:00:00+00:00,40067.3,40665.9,39727.4,40201.3,1361.227
2022-02-20 00:00:00+00:00,BTCUSDT_220325,2022-03-25 00:00:00+00:00,40201.3,40241.1,38016.0,38444.9,2217.595
2022-02-21 00:00:00+00:00,BTCUSDT_220325,2022-03-25 00:00:00+00:00,38445.9,39620.9,36839.6,37087.0,4743.245
2022-02-22 00:00:00+00:00,BTCUSDT_220325,2022-03-25 00:00:00+00:00,37085.5,38552.1,36374.1,38293.1,3323.825
2022-02-23 00:00:00+00:00,BTCUSDT_220325,2022-03-25 00:00:00+00:00,38292.2,39371.9,37057.9,37321.9,3073.253
2022-02-24 00:00:00+00:00,BTCUSDT_220325,2022-03-25 00:00:00+00:00,37337.2,40336.8,34200.0,38403.0,7693.528
2022-02-25 00:00:00+00:00,BTCUSDT_220325,2022-03-25 00:00:00+00:00,38399.3,39785.7,38098.2,39291.7,3388.46
2022-02-26 00:00:00+00:00,BTCUSDT_220325,2022-03-25 00:00:00+00:00,39293.8,40600.0,38607.3,39150.0,2083.139
2022-02-27 00:00:00+00:00,BTCUSDT_220325,2022-03-25 00:00:00+00:00,39169.1,39934.0,37014.0,37747.0,3296.035
2022-02-28 00:00:00+00:00,BTCUSDT_220325,2022-03-25 00:00:00+00:00,37733.2,44423.6,37487.0,43243.6,5086.891
2022-03-01 00:00:00+00:00,BTCUSDT_220325,2022-03-25 00:00:00+00:00,43248.7,45018.5,42612.6,44487.5,4312.523
2022-03-02 00:00:00+00:00,BTCUSDT_220325,2022-03-25 00:00:00+00:00,44487.5,45480.0,43400.0,43989.8,3269.31
2022-03-03 00:00:00+00:00,BTCUSDT_220325,2022-03-25 00:00:00+00:00,43982.9,44176.8,41922.2,42520.8,3383.657
2022-03-04 00:00:00+00:00,BTCUSDT_220325,2022-03-25 00:00:00+00:00,42519.6,42598.0,38560.1,39181.2,3950.886
2022-03-05 00:00:00+00:00,BTCUSDT_220325,2022-03-25 00:00:00+00:00,39181.1,39644.5,38600.0,39425.6,1791.13
2022-03-06 00:00:00+00:00,BTCUSDT_220325,2022-03-25 00:00:00+00:00,39426.9,39777.0,38100.0,38450.0,2642.439
2022-03-07 00:00:00+00:00,BTCUSDT_220325,2022-03-25 00:00:00+00:00,38450.0,39575.6,37175.0,38008.1,4279.229
2022-03-08 00:00:00+00:00,BTCUSDT_220325,2022-03-25 00:00:00+00:00,38008.0,39397.7,37887.1,38779.7,3745.818
2022-03-09 00:00:00+00:00,BTCUSDT_220325,2022-03-25 00:00:00+00:00,38769.0,42642.3,38692.8,41978.0,4235.705
2022-03-10 00:00:00+00:00,BTCUSDT_220325,2022-03-25 00:00:00+00:00,41999.0,42095.2,38550.0,39430.7,4330.28
2022-03-11 00:00:00+00:00,BTCUSDT_220325,2022-03-25 00:00:00+00:00,39436.1,40299.0,38276.2,38750.2,3964.667
2022-03-12 00:00:00+00:00,BTCUSDT_220325,2022-03-25 00:00:00+00:00,38750.1,39638.1,38677.6,38834.3,1298.62
2022-03-13 00:00:00+00:00,BTCUSDT_220325,2022-03-25 00:00:00+00:00,38833.9,39364.0,37550.0,37773.3,1821.599
2022-03-14 00:00:00+00:00,BTCUSDT_220325,2022-03-25 00:00:00+00:00,37774.8,39975.0,37561.5,39716.3,2655.494
2022-03-15 00:00:00+00:00,BTCUSDT_220325,2022-03-25 00:00:00+00:00,39719.9,39950.0,38100.9,39327.7,2309.576
2022-03-16 00:00:00+00:00,BTCUSDT_220325,2022-03-25 00:00:00+00:00,39325.2,41806.0,38821.7,41151.5,5652.295
2022-03-17 00:00:00+00:00,BTCUSDT_220325,2022-03-25 00:00:00+00:00,41148.4,41500.0,40515.0,40922.6,1941.222
2022-03-18 00:00:00+00:00,BTCUSDT_220325,2022-03-25 00:00:00+00:00,40927.0,42389.0,40111.9,41784.7,2295.392
2022-03-19 00:00:00+00:00,BTCUSDT_220325,2022-03-25 00:00:00+00:00,41793.9,42445.0,41520.0,42214.6,1441.559
2022-03-20 00:00:00+00:00,BTCUSDT_220325,2022-03-25 00:00:00+00:00,42214.6,42316.1,40935.5,41284.5,1755.553
2022-03-21 00:00:00+00:00,BTCUSDT_220325,2022-03-25 00:00:00+00:00,41287.6,41570.0,40500.0,41001.5,2349.663
2022-03-22 00:00:00+00:00,BTCUSDT_220325,2022-03-25 00:00:00+00:00,41000.0,43451.2,40878.5,42367.6,3499.038
2022-03-23 00:00:00+00:00,BTCUSDT_220325,2022-03-25 00:00:00+00:00,42367.6,42996.9,41737.6,42845.1,2141.763
2022-03-24 00:00:00+00:00,BTCUSDT_220325,2022-03-25 00:00:00+00:00,42845.1,44200.0,42540.0,43956.8,3000.939
2022-03-25 00:00:00+00:00,BTCUSDT_220325,2022-03-25 00:00:00+00:00,43961.0,44414.4,43813.2,44081.9,575.15
2022-03-22 00:00:00+00:00,BTCUSDT_220624,2022-06-24 00:00:00+00:00,43600.0,43876.2,42375.7,42865.6,340.424
2022-03-23 00:00:00+00:00,BTCUSDT_220624,2022-06-24 00:00:00+00:00,42865.6,43800.0,42313.0,43766.0,499.85
2022-03-24 00:00:00+00:00,BTCUSDT_220624,2022-06-24 00:00:00+00:00,43761.7,44899.0,43320.6,44640.1,638.69
2022-03-25 00:00:00+00:00,BTCUSDT_220624,2022-06-24 00:00:00+00:00,44641.9,45664.5,44165.4,44941.8,2130.711
2022-03-26 00:00:00+00:00,BTCUSDT_220624,2022-06-24 00:00:00+00:00,44938.3,45345.7,44679.7,45065.3,686.732
2022-03-27 00:00:00+00:00,BTCUSDT_220624,2022-06-24 00:00:00+00:00,45067.1,47600.0,44956.0,47409.4,1413.129
2022-03-28 00:00:00+00:00,BTCUSDT_220624,2022-06-24 00:00:00+00:00,47414.3,48812.9,47224.1,47714.6,1616.845
2022-03-29 00:00:00+00:00,BTCUSDT_220624,2022-06-24 00:00:00+00:00,47722.5,48706.8,47528.9,48009.8,1327.633
2022-03-30 00:00:00+00:00,BTCUSDT_220624,2022-06-24 00:00:00+00:00,48006.2,48322.4,47128.0,47659.3,1067.561
2022-03-31 00:00:00+00:00,BTCUSDT_220624,2022-06-24 00:00:00+00:00,47659.5,48249.8,45739.4,46105.9,1408.749
2022-04-01 00:00:00+00:00,BTCUSDT_220624,2022-06-24 00:00:00+00:00,46088.7,47308.4,44770.0,46866.8,2067.451
2022-04-02 00:00:00+00:00,BTCUSDT_220624,2022-06-24 00:00:00+00:00,46860.0,47867.3,46187.4,46388.2,1010.851
2022-04-03 00:00:00+00:00,BTCUSDT_220624,2022-06-24 00:00:00+00:00,46383.7,48101.9,46080.8,47053.1,1057.507
2022-04-04 00:00:00+00:00,BTCUSDT_220624,2022-06-24 00:00:00+00:00,47043.6,47523.3,45672.5,47246.4,1235.263
2022-04-05 00:00:00+00:00,BTCUSDT_220624,2022-06-24 00:00:00+00:00,47200.0,47837.4,45924.7,46053.9,1135.954
2022-04-06 00:00:00+00:00,BTCUSDT_220624,2022-06-24 00:00:00+00:00,46056.5,46061.5,43550.1,43604.8,1964.268
2022-04-07 00:00:00+00:00,BTCUSDT_220624,2022-06-24 00:00:00+00:00,43606.3,44348.4,43134.9,43867.5,1157.786
2022-04-08 00:00:00+00:00,BTCUSDT_220624,2022-06-24 00:00:00+00:00,43863.4,44399.9,42444.2,42621.6,1461.33
2022-04-09 00:00:00+00:00,BTCUSDT_220624,2022-06-24 00:00:00+00:00,42621.6,43144.3,42463.0,43097.1,602.847
2022-04-10 00:00:00+00:00,BTCUSDT_220624,2022-06-24 00:00:00+00:00,43106.4,43806.6,42195.6,42498.1,885.533
2022-04-11 00:00:00+00:00,BTCUSDT_220624,2022-06-24 00:00:00+00:00,42499.0,42757.4,39444.1,39785.8,2340.942
2022-04-12 00:00:00+00:00,BTCUSDT_220624,2022-06-24 00:00:00+00:00,39769.5,40941.1,39465.1,40254.2,1731.978
2022-04-13 00:00:00+00:00,BTCUSDT_220624,2022-06-24 00:00:00+00:00,40265.9,41765.9,39786.3,41325.4,1663.857
2022-04-14 00:00:00+00:00,BTCUSDT_220624,2022-06-24 00:00:00+00:00,41325.9,41694.0,39714.0,40112.8,1403.222
2022-04-15 00:00:00+00:00,BTCUSDT_220624,2022-06-24 00:00:00+00:00,40123.9,41056.8,39909.4,40700.6,1170.575
2022-04-16 00:00:00+00:00,BTCUSDT_220624,2022-06-24 00:00:00+00:00,40709.0,40879.5,40165.7,40569.6,775.641
2022-04-17 00:00:00+00:00,BTCUSDT_220624,2022-06-24 00:00:00+00:00,40580.1,40786.1,39685.3,39822.0,751.049
2022-04-18 00:00:00+00:00,BTCUSDT_220624,2022-06-24 00:00:00+00:00,39821.9,41437.1,38633.4,40966.2,1863.226
2022-04-19 00:00:00+00:00,BTCUSDT_220624,2022-06-24 00:00:00+00:00,40962.4,41956.0,40727.4,41668.1,1174.754
2022-04-20 00:00:00+00:00,BTCUSDT_220624,2022-06-24 00:00:00+00:00,41668.8,42373.9,41032.1,41501.2,1279.517
2022-04-21 00:00:00+00:00,BTCUSDT_220624,2022-06-24 00:00:00+00:00,41507.8,43134.8,39851.4,40619.2,1642.601
2022-04-22 00:00:00+00:00,BTCUSDT_220624,2022-06-24 00:00:00+00:00,40613.8,40919.9,39301.8,39800.8,1424.084
2022-04-23 00:00:00+00:00,BTCUSDT_220624,2022-06-24 00:00:00+00:00,39811.4,40197.1,39405.2,39545.5,609.833
2022-04-24 00:00:00+00:00,BTCUSDT_220624,2022-06-24 00:00:00+00:00,39566.3,40077.7,39037.8,39570.5,836.376
2022-04-25 00:00:00+00:00,BTCUSDT_220624,2022-06-24 00:00:00+00:00,39567.3,40790.9,38235.1,40579.6,2177.758
2022-04-26 00:00:00+00:00,BTCUSDT_220624,2022-06-24 00:00:00+00:00,40579.1,40944.0,37818.2,38263.0,1938.126
2022-04-27 00:00:00+00:00,BTCUSDT_220624,2022-06-24 00:00:00+00:00,38253.7,39613.9,37982.1,39364.1,1858.492
2022-04-28 00:00:00+00:00,BTCUSDT_220624,2022-06-24 00:00:00+00:00,39367.3,40529.3,39012.8,39898.4,1956.822
2022-04-29 00:00:00+00:00,BTCUSDT_220624,2022-06-24 00:00:00+00:00,39889.0,40080.6,38300.9,38725.4,1426.924
2022-04-30 00:00:00+00:00,BTCUSDT_220624,2022-06-24 00:00:00+00:00,38725.1,38944.1,37668.6,37729.4,898.47
2022-05-01 00:00:00+00:00,BTCUSDT_220624,2022-06-24 00:00:00+00:00,37733.6,38870.0,37456.1,38603.5,1093.82
2022-05-02 00:00:00+00:00,BTCUSDT_220624,2022-06-24 00:00:00+00:00,38594.7,39358.6,38176.5,38672.7,1485.079
2022-05-03 00:00:00+00:00,BTCUSDT_220624,2022-06-24 00:00:00+00:00,38680.0,38817.2,37620.1,37845.7,953.598
2022-05-04 00:00:00+00:00,BTCUSDT_220624,2022-06-24 00:00:00+00:00,37848.3,40200.0,37771.9,39868.5,2059.044
2022-05-05 00:00:00+00:00,BTCUSDT_220624,2022-06-24 00:00:00+00:00,39868.0,40050.0,35616.9,36621.5,3070.703
2022-05-06 00:00:00+00:00,BTCUSDT_220624,2022-06-24 00:00:00+00:00,36614.4,36735.5,35323.3,36134.5,2437.758
2022-05-07 00:00:00+00:00,BTCUSDT_220624,2022-06-24 00:00:00+00:00,36124.7,36271.6,34844.7,35600.1,1116.911
2022-05-08 00:00:00+00:00,BTCUSDT_220624,2022-06-24 00:00:00+00:00,35580.9,35623.2,33732.9,34100.0,2563.335
2022-05-09 00:00:00+00:00,BTCUSDT_220624,2022-06-24 00:00:00+00:00,34115.7,34319.6,30060.0,30135.5,5090.121
2022-05-10 00:00:00+00:00,BTCUSDT_220624,2022-06-24 00:00:00+00:00,30104.6,32736.1,29769.2,31072.7,5591.795
2022-05-11 00:00:00+00:00,BTCUSDT_220624,2022-06-24 00:00:00+00:00,31080.0,32234.5,27718.3,29159.6,6860.777
2022-05-12 00:00:00+00:00,BTCUSDT_220624,2022-06-24 00:00:00+00:00,29149.0,30272.4,26251.9,29106.6,6259.354
2022-05-13 00:00:00+00:00,BTCUSDT_220624,2022-06-24 00:00:00+00:00,29110.4,31170.0,28831.8,29373.6,2863.757
2022-05-14 00:00:00+00:00,BTCUSDT_220624,2022-06-24 00:00:00+00:00,29369.2,30434.3,28681.4,30151.1,1427.979
2022-05-15 00:00:00+00:00,BTCUSDT_220624,2022-06-24 00:00:00+00:00,30148.3,31499.9,29531.8,31361.7,1647.658
2022-05-16 00:00:00+00:00,BTCUSDT_220624,2022-06-24 00:00:00+00:00,31349.0,31349.0,29120.1,29933.8,2336.678
2022-05-17 00:00:00+00:00,BTCUSDT_220624,2022-06-24 00:00:00+00:00,29928.8,30840.0,29487.4,30518.0,1839.973
2022-05-18 00:00:00+00:00,BTCUSDT_220624,2022-06-24 00:00:00+00:00,30515.1,30787.2,28677.8,28739.5,1992.676
2022-05-19 00:00:00+00:00,BTCUSDT_220624,2022-06-24 00:00:00+00:00,28739.8,30639.7,28718.2,30393.1,2097.391
2022-05-20 00:00:00+00:00,BTCUSDT_220624,2022-06-24 00:00:00+00:00,30392.9,30886.0,28762.5,29250.9,2062.514
2022-05-21 00:00:00+00:00,BTCUSDT_220624,2022-06-24 00:00:00+00:00,29253.6,29735.2,29001.0,29506.7,704.513
2022-05-22 00:00:00+00:00,BTCUSDT_220624,2022-06-24 00:00:00+00:00,29489.7,30594.4,29303.1,30348.8,1342.284
2022-05-23 00:00:00+00:00,BTCUSDT_220624,2022-06-24 00:00:00+00:00,30353.6,30726.8,28914.6,29172.2,2563.197
2022-05-24 00:00:00+00:00,BTCUSDT_220624,2022-06-24 00:00:00+00:00,29179.6,29946.1,28709.0,29743.8,1936.102
2022-05-25 00:00:00+00:00,BTCUSDT_220624,2022-06-24 00:00:00+00:00,29727.9,30313.5,29406.9,29590.6,1895.742
2022-05-26 00:00:00+00:00,BTCUSDT_220624,2022-06-24 00:00:00+00:00,29589.4,29941.4,28000.0,29264.7,2476.532
2022-05-27 00:00:00+00:00,BTCUSDT_220624,2022-06-24 00:00:00+00:00,29259.0,29446.9,28320.3,28674.6,2478.571
2022-05-28 00:00:00+00:00,BTCUSDT_220624,2022-06-24 00:00:00+00:00,28688.9,29335.0,28584.5,29093.0,1236.369
2022-05-29 00:00:00+00:00,BTCUSDT_220624,2022-06-24 00:00:00+00:00,29096.9,29666.0,28900.8,29539.2,989.964
2022-05-30 00:00:00+00:00,BTCUSDT_220624,2022-06-24 00:00:00+00:00,29539.2,32320.7,29363.0,31819.5,2858.583
2022-05-31 00:00:00+00:00,BTCUSDT_220624,2022-06-24 00:00:00+00:00,31821.0,32522.9,31300.2,31877.3,1952.605
2022-06-01 00:00:00+00:00,BTCUSDT_220624,2022-06-24 00:00:00+00:00,31896.3,32067.9,29373.2,29862.4,2929.314
2022-06-02 00:00:00+00:00,BTCUSDT_220624,2022-06-24 00:00:00+00:00,29859.1,30779.7,29652.4,30514.8,1618.728
2022-06-03 00:00:00+00:00,BTCUSDT_220624,2022-06-24 00:00:00+00:00,30514.7,30792.0,29320.0,29774.7,1344.045
2022-06-04 00:00:00+00:00,BTCUSDT_220624,2022-06-24 00:00:00+00:00,29785.3,30057.4,29548.3,29953.4,949.639
2022-06-05 00:00:00+00:00,BTCUSDT_220624,2022-06-24 00:00:00+00:00,29953.3,30284.7,29609.7,29991.7,873.732
2022-06-06 00:00:00+00:00,BTCUSDT_220624,2022-06-24 00:00:00+00:00,29995.0,31922.9,29968.4,31456.9,2574.398
2022-06-07 00:00:00+00:00,BTCUSDT_220624,2022-06-24 00:00:00+00:00,31448.9,31630.2,29239.5,31182.5,3825.745
2022-06-08 00:00:00+00:00,BTCUSDT_220624,2022-06-24 00:00:00+00:00,31167.4,31383.0,29870.7,30238.3,2724.198
2022-06-09 00:00:00+00:00,BTCUSDT_220624,2022-06-24 00:00:00+00:00,30246.8,30750.0,29970.8,30148.4,1418.028
2022-06-10 00:00:00+00:00,BTCUSDT_220624,2022-06-24 00:00:00+00:00,30149.0,30382.8,28827.3,29099.3,3249.748
2022-06-11 00:00:00+00:00,BTCUSDT_220624,2022-06-24 00:00:00+00:00,29099.5,29453.1,28111.6,28430.4,2107.893
2022-06-12 00:00:00+00:00,BTCUSDT_220624,2022-06-24 00:00:00+00:00,28443.1,28567.8,26562.3,26598.1,2731.696
2022-06-13 00:00:00+00:00,BTCUSDT_220624,2022-06-24 00:00:00+00:00,26585.1,26897.5,21911.9,22475.0,10224.331
2022-06-14 00:00:00+00:00,BTCUSDT_220624,2022-06-24 00:00:00+00:00,22470.9,23297.7,20783.8,22120.1,11580.59
2022-06-15 00:00:00+00:00,BTCUSDT_220624,2022-06-24 00:00:00+00:00,22116.8,22804.7,20078.7,22584.2,11176.087
2022-06-16 00:00:00+00:00,BTCUSDT_220624,2022-06-24 00:00:00+00:00,22576.3,22998.5,20215.5,20368.6,5310.777
2022-06-17 00:00:00+00:00,BTCUSDT_220624,2022-06-24 00:00:00+00:00,20379.7,21349.2,20223.4,20459.3,4544.632
2022-06-18 00:00:00+00:00,BTCUSDT_220624,2022-06-24 00:00:00+00:00,20459.3,20768.9,17555.0,18950.0,10216.107
2022-06-19 00:00:00+00:00,BTCUSDT_220624,2022-06-24 00:00:00+00:00,18943.3,20821.1,17898.0,20571.1,7731.135
2022-06-20 00:00:00+00:00,BTCUSDT_220624,2022-06-24 00:00:00+00:00,20565.5,21102.2,19616.2,20565.3,4732.398
2022-06-21 00:00:00+00:00,BTCUSDT_220624,2022-06-24 00:00:00+00:00,20562.7,21737.7,20344.1,20662.4,4946.317
2022-06-22 00:00:00+00:00,BTCUSDT_220624,2022-06-24 00:00:00+00:00,20666.0,20887.9,19759.8,19981.0,3425.675
2022-06-23 00:00:00+00:00,BTCUSDT_220624,2022-06-24 00:00:00+00:00,19974.5,21220.7,19867.8,21084.8,3087.685
2022-06-24 00:00:00+00:00,BTCUSDT_220624,2022-06-24 00:00:00+00:00,21095.9,21370.9,20757.2,20902.3,466.209
2022-06-20 00:00:00+00:00,BTCUSDT_220930,2022-09-30 00:00:00+00:00,19850.0,21227.6,19850.0,20723.2,461.658
2022-06-21 00:00:00+00:00,BTCUSDT_220930,2022-09-30 00:00:00+00:00,20687.7,21850.0,20540.1,20836.2,668.03
2022-06-22 00:00:00+00:00,BTCUSDT_220930,2022-09-30 00:00:00+00:00,20826.3,21023.0,19832.5,20044.4,765.606
2022-06-23 00:00:00+00:00,BTCUSDT_220930,2022-09-30 00:00:00+00:00,20055.1,21311.1,19985.8,21177.2,1763.822
2022-06-24 00:00:00+00:00,BTCUSDT_220930,2022-09-30 00:00:00+00:00,21179.4,21645.0,20785.6,21312.3,2338.723
2022-06-25 00:00:00+00:00,BTCUSDT_220930,2022-09-30 00:00:00+00:00,21312.3,21709.8,20986.4,21564.7,1502.318
2022-06-26 00:00:00+00:00,BTCUSDT_220930,2022-09-30 00:00:00+00:00,21570.7,21971.9,21013.6,21110.1,1873.909
2022-06-27 00:00:00+00:00,BTCUSDT_220930,2022-09-30 00:00:00+00:00,21088.7,21665.0,20513.4,20785.5,2072.795
2022-06-28 00:00:00+00:00,BTCUSDT_220930,2022-09-30 00:00:00+00:00,20787.7,21280.0,20229.1,20326.0,2053.547
2022-06-29 00:00:00+00:00,BTCUSDT_220930,2022-09-30 00:00:00+00:00,20324.3,20509.3,19867.7,20154.4,2453.335
2022-06-30 00:00:00+00:00,BTCUSDT_220930,2022-09-30 00:00:00+00:00,20161.8,20214.2,18628.5,19970.9,3469.813
2022-07-01 00:00:00+00:00,BTCUSDT_220930,2022-09-30 00:00:00+00:00,19986.0,20991.6,19027.5,19335.5,4263.854
2022-07-02 00:00:00+00:00,BTCUSDT_220930,2022-09-30 00:00:00+00:00,19340.7,19503.8,19035.2,19336.0,1788.299
2022-07-03 00:00:00+00:00,BTCUSDT_220930,2022-09-30 00:00:00+00:00,19341.3,19775.0,18855.1,19407.4,1877.078
2022-07-04 00:00:00+00:00,BTCUSDT_220930,2022-09-30 00:00:00+00:00,19409.9,20458.4,19129.8,20344.5,2620.597
2022-07-05 00:00:00+00:00,BTCUSDT_220930,2022-09-30 00:00:00+00:00,20345.6,20890.0,19396.0,20315.9,3652.986
2022-07-06 00:00:00+00:00,BTCUSDT_220930,2022-09-30 00:00:00+00:00,20310.8,20799.0,19875.4,20682.6,2239.436
2022-07-07 00:00:00+00:00,BTCUSDT_220930,2022-09-30 00:00:00+00:00,20687.6,21934.9,20358.4,21703.0,2623.64
2022-07-08 00:00:00+00:00,BTCUSDT_220930,2022-09-30 00:00:00+00:00,21713.3,22674.0,21279.0,21660.0,3768.618
2022-07-09 00:00:00+00:00,BTCUSDT_220930,2022-09-30 00:00:00+00:00,21660.0,22097.3,21360.2,21693.6,1791.016
2022-07-10 00:00:00+00:00,BTCUSDT_220930,2022-09-30 00:00:00+00:00,21699.8,21706.4,20711.1,20972.8,2032.117
2022-07-11 00:00:00+00:00,BTCUSDT_220930,2022-09-30 00:00:00+00:00,20978.7,20978.7,19959.3,20058.4,2463.254
2022-07-12 00:00:00+00:00,BTCUSDT_220930,2022-09-30 00:00:00+00:00,20056.6,20148.0,19305.2,19413.0,2587.84
2022-07-13 00:00:00+00:00,BTCUSDT_220930,2022-09-30 00:00:00+00:00,19417.3,20435.1,18995.2,20306.4,3807.033
2022-07-14 00:00:00+00:00,BTCUSDT_220930,2022-09-30 00:00:00+00:00,20316.0,21024.9,19666.3,20692.0,3912.285
2022-07-15 00:00:00+00:00,BTCUSDT_220930,2022-09-30 00:00:00+00:00,20683.5,21329.8,20478.3,20924.9,2625.712
2022-07-16 00:00:00+00:00,BTCUSDT_220930,2022-09-30 00:00:00+00:00,20923.7,21700.9,20575.0,21306.3,2674.759
2022-07-17 00:00:00+00:00,BTCUSDT_220930,2022-09-30 00:00:00+00:00,21301.1,21803.6,20847.0,20899.7,2594.639
2022-07-18 00:00:00+00:00,BTCUSDT_220930,2022-09-30 00:00:00+00:00,20886.3,22897.0,20853.8,22578.5,5272.505
2022-07-19 00:00:00+00:00,BTCUSDT_220930,2022-09-30 00:00:00+00:00,22581.3,23953.6,21706.2,23513.1,6360.636
2022-07-20 00:00:00+00:00,BTCUSDT_220930,2022-09-30 00:00:00+00:00,23513.0,24401.8,23029.1,23345.0,4627.46
2022-07-21 00:00:00+00:00,BTCUSDT_220930,2022-09-30 00:00:00+00:00,23341.7,23579.4,22453.8,23274.5,3720.294
2022-07-22 00:00:00+00:00,BTCUSDT_220930,2022-09-30 00:00:00+00:00,23265.9,23893.7,22612.3,22808.8,2971.444
2022-07-23 00:00:00+00:00,BTCUSDT_220930,2022-09-30 00:00:00+00:00,22801.4,23126.7,22024.5,22571.8,2770.762
2022-07-24 00:00:00+00:00,BTCUSDT_220930,2022-09-30 00:00:00+00:00,22566.6,23161.1,22382.5,22716.7,2264.192
2022-07-25 00:00:00+00:00,BTCUSDT_220930,2022-09-30 00:00:00+00:00,22715.7,22811.6,21307.8,21416.8,3297.833
2022-07-26 00:00:00+00:00,BTCUSDT_220930,2022-09-30 00:00:00+00:00,21422.2,21457.2,20833.9,21384.1,3372.32
2022-07-27 00:00:00+00:00,BTCUSDT_220930,2022-09-30 00:00:00+00:00,21380.9,23258.2,21159.7,23092.2,3742.501
2022-07-28 00:00:00+00:00,BTCUSDT_220930,2022-09-30 00:00:00+00:00,23105.4,24377.9,22737.1,24029.5,4015.546
2022-07-29 00:00:00+00:00,BTCUSDT_220930,2022-09-30 00:00:00+00:00,24029.3,24718.5,23621.4,23983.4,2977.157
2022-07-30 00:00:00+00:00,BTCUSDT_220930,2022-09-30 00:00:00+00:00,23986.7,24928.0,23710.1,23858.6,2386.087
2022-07-31 00:00:00+00:00,BTCUSDT_220930,2022-09-30 00:00:00+00:00,23845.6,24404.3,23398.0,23484.9,1946.953
2022-08-01 00:00:00+00:00,BTCUSDT_220930,2022-09-30 00:00:00+00:00,23480.0,23694.7,23006.7,23433.5,1713.651
2022-08-02 00:00:00+00:00,BTCUSDT_220930,2022-09-30 00:00:00+00:00,23435.2,23625.0,22804.3,23132.2,2419.12
2022-08-03 00:00:00+00:00,BTCUSDT_220930,2022-09-30 00:00:00+00:00,23134.0,23787.9,22805.0,22963.6,2515.358
2022-08-04 00:00:00+00:00,BTCUSDT_220930,2022-09-30 00:00:00+00:00,22960.4,23363.2,22519.2,22736.7,2248.492
2022-08-05 00:00:00+00:00,BTCUSDT_220930,2022-09-30 00:00:00+00:00,22734.6,23625.0,22705.1,23487.3,2480.441
2022-08-06 00:00:00+00:00,BTCUSDT_220930,2022-09-30 00:00:00+00:00,23478.3,23531.3,23090.2,23143.3,1742.034
2022-08-07 00:00:00+00:00,BTCUSDT_220930,2022-09-30 00:00:00+00:00,23137.5,23594.8,23029.2,23347.3,1416.622
2022-08-08 00:00:00+00:00,BTCUSDT_220930,2022-09-30 00:00:00+00:00,23336.7,24429.8,23328.1,23975.3,3064.988
2022-08-09 00:00:00+00:00,BTCUSDT_220930,2022-09-30 00:00:00+00:00,23972.5,24090.1,23007.6,23287.4,2089.186
2022-08-10 00:00:00+00:00,BTCUSDT_220930,2022-09-30 00:00:00+00:00,23286.0,24403.9,22787.2,24086.7,3618.987
2022-08-11 00:00:00+00:00,BTCUSDT_220930,2022-09-30 00:00:00+00:00,24086.8,25095.4,23991.3,24076.7,3209.908
2022-08-12 00:00:00+00:00,BTCUSDT_220930,2022-09-30 00:00:00+00:00,24077.5,24610.5,23721.1,24539.8,1944.251
2022-08-13 00:00:00+00:00,BTCUSDT_220930,2022-09-30 00:00:00+00:00,24543.3,25040.5,24427.1,24576.3,1868.044
2022-08-14 00:00:00+00:00,BTCUSDT_220930,2022-09-30 00:00:00+00:00,24580.7,25195.4,24253.2,24419.9,2450.894
2022-08-15 00:00:00+00:00,BTCUSDT_220930,2022-09-30 00:00:00+00:00,24429.0,25336.2,23833.8,24207.5,3242.533
2022-08-16 00:00:00+00:00,BTCUSDT_220930,2022-09-30 00:00:00+00:00,24206.0,24352.8,23777.1,23963.6,2101.439
2022-08-17 00:00:00+00:00,BTCUSDT_220930,2022-09-30 00:00:00+00:00,23962.8,24561.1,23258.1,23409.0,3229.303
2022-08-18 00:00:00+00:00,BTCUSDT_220930,2022-09-30 00:00:00+00:00,23419.2,23684.9,23148.3,23239.0,1923.466
2022-08-19 00:00:00+00:00,BTCUSDT_220930,2022-09-30 00:00:00+00:00,23236.6,23249.0,20800.1,20853.9,5175.643
2022-08-20 00:00:00+00:00,BTCUSDT_220930,2022-09-30 00:00:00+00:00,20854.6,21400.0,20758.8,21174.8,2166.061
2022-08-21 00:00:00+00:00,BTCUSDT_220930,2022-09-30 00:00:00+00:00,21165.2,21850.8,21090.0,21526.1,1989.576
2022-08-22 00:00:00+00:00,BTCUSDT_220930,2022-09-30 00:00:00+00:00,21530.0,21555.0,20901.0,21404.8,2342.121
2022-08-23 00:00:00+00:00,BTCUSDT_220930,2022-09-30 00:00:00+00:00,21407.5,21707.4,20902.9,21536.2,1982.232
2022-08-24 00:00:00+00:00,BTCUSDT_220930,2022-09-30 00:00:00+00:00,21551.9,21899.0,21162.1,21381.1,1757.434
2022-08-25 00:00:00+00:00,BTCUSDT_220930,2022-09-30 00:00:00+00:00,21382.8,21836.4,21326.6,21567.4,1416.864
2022-08-26 00:00:00+00:00,BTCUSDT_220930,2022-09-30 00:00:00+00:00,21561.9,21889.7,20090.5,20228.9,5131.235
2022-08-27 00:00:00+00:00,BTCUSDT_220930,2022-09-30 00:00:00+00:00,20219.1,20348.1,19711.9,20030.4,2541.359
2022-08-28 00:00:00+00:00,BTCUSDT_220930,2022-09-30 00:00:00+00:00,20032.6,20205.2,19500.0,19519.5,1836.31
2022-08-29 00:00:00+00:00,BTCUSDT_220930,2022-09-30 00:00:00+00:00,19527.0,20417.2,19523.1,20280.7,2470.874
2022-08-30 00:00:00+00:00,BTCUSDT_220930,2022-09-30 00:00:00+00:00,20279.7,20566.4,19511.7,19780.4,3052.778
2022-08-31 00:00:00+00:00,BTCUSDT_220930,2022-09-30 00:00:00+00:00,19793.7,20481.3,19771.6,20035.8,2477.802
2022-09-01 00:00:00+00:00,BTCUSDT_220930,2022-09-30 00:00:00+00:00,20030.3,20188.8,19533.4,20089.4,3543.675
2022-09-02 00:00:00+00:00,BTCUSDT_220930,2022-09-30 00:00:00+00:00,20090.7,20430.1,19740.3,19940.1,3147.096
2022-09-03 00:00:00+00:00,BTCUSDT_220930,2022-09-30 00:00:00+00:00,19945.1,20053.0,19648.0,19820.9,1102.935
2022-09-04 00:00:00+00:00,BTCUSDT_220930,2022-09-30 00:00:00+00:00,19830.0,20029.9,19576.7,20003.4,1689.943
2022-09-05 00:00:00+00:00,BTCUSDT_220930,2022-09-30 00:00:00+00:00,20008.0,20069.2,19618.0,19776.3,1991.049
2022-09-06 00:00:00+00:00,BTCUSDT_220930,2022-09-30 00:00:00+00:00,19786.5,20179.5,18570.6,18765.5,4851.452
2022-09-07 00:00:00+00:00,BTCUSDT_220930,2022-09-30 00:00:00+00:00,18762.0,19447.1,18500.0,19280.2,3547.806
2022-09-08 00:00:00+00:00,BTCUSDT_220930,2022-09-30 00:00:00+00:00,19278.8,19452.5,18998.0,19310.6,3800.848
2022-09-09 00:00:00+00:00,BTCUSDT_220930,2022-09-30 00:00:00+00:00,19307.9,21695.4,19288.1,21370.5,7511.683
2022-09-10 00:00:00+00:00,BTCUSDT_220930,2022-09-30 00:00:00+00:00,21374.0,21888.3,21126.6,21647.8,3618.585
2022-09-11 00:00:00+00:00,BTCUSDT_220930,2022-09-30 00:00:00+00:00,21651.9,21882.1,21355.2,21846.2,3282.896
2022-09-12 00:00:00+00:00,BTCUSDT_220930,2022-09-30 00:00:00+00:00,21846.8,22493.5,21553.1,22400.0,6886.793
2022-09-13 00:00:00+00:00,BTCUSDT_220930,2022-09-30 00:00:00+00:00,22394.6,22799.0,19852.1,20173.6,8634.492
2022-09-14 00:00:00+00:00,BTCUSDT_220930,2022-09-30 00:00:00+00:00,20170.3,20537.6,19610.0,20231.5,4187.776
2022-09-15 00:00:00+00:00,BTCUSDT_220930,2022-09-30 00:00:00+00:00,20223.1,20334.1,19509.0,19707.6,4118.411
2022-09-16 00:00:00+00:00,BTCUSDT_220930,2022-09-30 00:00:00+00:00,19711.1,19896.4,19333.9,19797.4,3710.975
2022-09-17 00:00:00+00:00,BTCUSDT_220930,2022-09-30 00:00:00+00:00,19796.9,20200.8,19751.9,20119.7,2052.96
2022-09-18 00:00:00+00:00,BTCUSDT_220930,2022-09-30 00:00:00+00:00,20121.6,20213.9,19326.2,19404.6,3343.343
2022-09-19 00:00:00+00:00,BTCUSDT_220930,2022-09-30 00:00:00+00:00,19404.3,19680.4,18202.7,19517.6,6165.17
2022-09-20 00:00:00+00:00,BTCUSDT_220930,2022-09-30 00:00:00+00:00,19521.6,19629.1,18692.6,18878.0,4259.467
2022-09-21 00:00:00+00:00,BTCUSDT_220930,2022-09-30 00:00:00+00:00,18870.0,20025.6,18135.0,18449.6,8662.541
2022-09-22 00:00:00+00:00,BTCUSDT_220930,2022-09-30 00:00:00+00:00,18445.4,19526.6,18325.2,19398.9,6397.762
2022-09-23 00:00:00+00:00,BTCUSDT_220930,2022-09-30 00:00:00+00:00,19399.0,19500.0,18528.7,19299.6,4385.057
2022-09-24 00:00:00+00:00,BTCUSDT_220930,2022-09-30 00:00:00+00:00,19299.6,19324.1,18800.0,18915.6,2006.435
2022-09-25 00:00:00+00:00,BTCUSDT_220930,2022-09-30 00:00:00+00:00,18916.6,19196.1,18635.7,18816.0,2312.126
2022-09-26 00:00:00+00:00,BTCUSDT_220930,2022-09-30 00:00:00+00:00,18810.3,19322.1,18688.6,19231.3,3876.872
2022-09-27 00:00:00+00:00,BTCUSDT_220930,2022-09-30 00:00:00+00:00,19232.8,20374.5,18812.5,19074.5,6147.92
2022-09-28 00:00:00+00:00,BTCUSDT_220930,2022-09-30 00:00:00+00:00,19075.6,19773.0,18460.0,19406.3,4345.714
2022-09-29 00:00:00+00:00,BTCUSDT_220930,2022-09-30 00:00:00+00:00,19408.9,19630.8,18829.6,19576.3,3903.43
2022-09-30 00:00:00+00:00,BTCUSDT_220930,2022-09-30 00:00:00+00:00,19574.3,19679.4,19285.2,19514.0,566.075
2022-09-23 00:00:00+00:00,BTCUSDT_221230,2022-12-30 00:00:00+00:00,19310.5,20512.2,18570.4,19341.8,562.548
2022-09-24 00:00:00+00:00,BTCUSDT_221230,2022-12-30 00:00:00+00:00,19363.7,19382.4,18600.0,18983.3,623.013
2022-09-25 00:00:00+00:00,BTCUSDT_221230,2022-12-30 00:00:00+00:00,18993.6,19246.0,17912.7,18875.9,634.1
2022-09-26 00:00:00+00:00,BTCUSDT_221230,2022-12-30 00:00:00+00:00,18890.0,19409.7,18758.3,19299.7,1109.02
2022-09-27 00:00:00+00:00,BTCUSDT_221230,2022-12-30 00:00:00+00:00,19316.8,20460.0,18891.0,19161.2,1295.479
2022-09-28 00:00:00+00:00,BTCUSDT_221230,2022-12-30 00:00:00+00:00,19159.9,19897.7,18541.9,19489.9,1215.734
2022-09-29 00:00:00+00:00,BTCUSDT_221230,2022-12-30 00:00:00+00:00,19490.0,19728.3,18915.5,19700.0,1295.973
2022-09-30 00:00:00+00:00,BTCUSDT_221230,2022-12-30 00:00:00+00:00,19700.1,20291.5,19260.0,19516.2,4159.951
2022-10-01 00:00:00+00:00,BTCUSDT_221230,2022-12-30 00:00:00+00:00,19511.4,19579.9,19247.1,19396.9,1648.653
2022-10-02 00:00:00+00:00,BTCUSDT_221230,2022-12-30 00:00:00+00:00,19395.9,19500.0,19006.5,19153.5,2545.025
2022-10-03 00:00:00+00:00,BTCUSDT_221230,2022-12-30 00:00:00+00:00,19150.1,19828.6,19053.7,19731.5,3279.313
2022-10-04 00:00:00+00:00,BTCUSDT_221230,2022-12-30 00:00:00+00:00,19731.3,20599.9,19595.4,20447.9,4306.237
2022-10-05 00:00:00+00:00,BTCUSDT_221230,2022-12-30 00:00:00+00:00,20441.6,20465.8,19810.0,20259.3,4042.445
2022-10-06 00:00:00+00:00,BTCUSDT_221230,2022-12-30 00:00:00+00:00,20257.3,20566.2,19960.0,20071.9,4533.957
2022-10-07 00:00:00+00:00,BTCUSDT_221230,2022-12-30 00:00:00+00:00,20067.9,20184.0,19417.4,19619.8,3388.637
2022-10-08 00:00:00+00:00,BTCUSDT_221230,2022-12-30 00:00:00+00:00,19620.3,19720.0,19317.1,19506.7,1410.985
2022-10-09 00:00:00+00:00,BTCUSDT_221230,2022-12-30 00:00:00+00:00,19507.8,19652.9,19415.0,19519.3,1512.818
2022-10-10 00:00:00+00:00,BTCUSDT_221230,2022-12-30 00:00:00+00:00,19515.4,19612.8,19102.0,19210.6,2559.295
2022-10-11 00:00:00+00:00,BTCUSDT_221230,2022-12-30 00:00:00+00:00,19206.2,19364.5,18943.2,19157.2,2526.807
2022-10-12 00:00:00+00:00,BTCUSDT_221230,2022-12-30 00:00:00+00:00,19150.2,19350.0,19060.0,19244.3,1808.579
2022-10-13 00:00:00+00:00,BTCUSDT_221230,2022-12-30 00:00:00+00:00,19244.0,19610.8,17951.0,19472.4,6621.603
2022-10-14 00:00:00+00:00,BTCUSDT_221230,2022-12-30 00:00:00+00:00,19467.7,20059.7,19150.0,19257.3,3662.052
2022-10-15 00:00:00+00:00,BTCUSDT_221230,2022-12-30 00:00:00+00:00,19258.2,19309.0,19055.1,19147.1,1023.398
2022-10-16 00:00:00+00:00,BTCUSDT_221230,2022-12-30 00:00:00+00:00,19147.6,19497.8,19143.4,19334.6,1252.199
2022-10-17 00:00:00+00:00,BTCUSDT_221230,2022-12-30 00:00:00+00:00,19337.5,19764.6,19237.4,19633.4,3006.165
2022-10-18 00:00:00+00:00,BTCUSDT_221230,2022-12-30 00:00:00+00:00,19636.2,19802.9,19169.5,19409.8,4336.601
2022-10-19 00:00:00+00:00,BTCUSDT_221230,2022-12-30 00:00:00+00:00,19408.7,19442.4,19149.5,19214.3,2583.994
2022-10-20 00:00:00+00:00,BTCUSDT_221230,2022-12-30 00:00:00+00:00,19212.7,19440.7,18980.2,19117.9,3048.436
2022-10-21 00:00:00+00:00,BTCUSDT_221230,2022-12-30 00:00:00+00:00,19116.9,19340.1,18750.0,19250.5,2992.871
2022-10-22 00:00:00+00:00,BTCUSDT_221230,2022-12-30 00:00:00+00:00,19250.5,19357.0,19200.0,19292.5,631.253
2022-10-23 00:00:00+00:00,BTCUSDT_221230,2022-12-30 00:00:00+00:00,19294.8,19830.0,19165.1,19667.9,1642.353
2022-10-24 00:00:00+00:00,BTCUSDT_221230,2022-12-30 00:00:00+00:00,19673.8,19705.5,19241.9,19413.5,2407.712
2022-10-25 00:00:00+00:00,BTCUSDT_221230,2022-12-30 00:00:00+00:00,19412.4,20523.8,19323.8,20198.0,4382.065
2022-10-26 00:00:00+00:00,BTCUSDT_221230,2022-12-30 00:00:00+00:00,20198.7,21133.5,20169.1,20873.1,4284.888
2022-10-27 00:00:00+00:00,BTCUSDT_221230,2022-12-30 00:00:00+00:00,20870.8,20990.0,20309.1,20401.4,3382.247
2022-10-28 00:00:00+00:00,BTCUSDT_221230,2022-12-30 00:00:00+00:00,20404.4,20870.4,20093.4,20699.5,3081.815
2022-10-29 00:00:00+00:00,BTCUSDT_221230,2022-12-30 00:00:00+00:00,20697.3,21215.4,20658.9,20921.5,2328.314
2022-10-30 00:00:00+00:00,BTCUSDT_221230,2022-12-30 00:00:00+00:00,20921.8,21049.6,20607.8,20720.5,1595.705
2022-10-31 00:00:00+00:00,BTCUSDT_221230,2022-12-30 00:00:00+00:00,20725.7,20958.4,20332.5,20589.2,2623.032
2022-11-01 00:00:00+00:00,BTCUSDT_221230,2022-12-30 00:00:00+00:00,20590.3,20805.7,20425.0,20584.1,2021.438
2022-11-02 00:00:00+00:00,BTCUSDT_221230,2022-12-30 00:00:00+00:00,20588.1,20925.0,20137.1,20241.9,3396.381
2022-11-03 00:00:00+00:00,BTCUSDT_221230,2022-12-30 00:00:00+00:00,20239.9,20500.0,20132.4,20302.6,2297.751
2022-11-04 00:00:00+00:00,BTCUSDT_221230,2022-12-30 00:00:00+00:00,20302.6,21424.9,20275.7,21249.6,3768.981
2022-11-05 00:00:00+00:00,BTCUSDT_221230,2022-12-30 00:00:00+00:00,21248.5,21591.1,21183.9,21412.9,1810.502
2022-11-06 00:00:00+00:00,BTCUSDT_221230,2022-12-30 00:00:00+00:00,21412.0,21477.7,20990.2,21018.0,1544.32
2022-11-07 00:00:00+00:00,BTCUSDT_221230,2022-12-30 00:00:00+00:00,21019.5,21185.5,20501.0,20701.3,3400.269
2022-11-08 00:00:00+00:00,BTCUSDT_221230,2022-12-30 00:00:00+00:00,20703.1,20798.0,16647.6,18615.3,12658.213
2022-11-09 00:00:00+00:00,BTCUSDT_221230,2022-12-30 00:00:00+00:00,18615.6,18661.9,15474.0,15877.7,13706.363
2022-11-10 00:00:00+00:00,BTCUSDT_221230,2022-12-30 00:00:00+00:00,15881.5,18107.3,15697.7,17509.6,12109.338
2022-11-11 00:00:00+00:00,BTCUSDT_221230,2022-12-30 00:00:00+00:00,17509.3,17585.6,16279.5,16980.4,6616.383
2022-11-12 00:00:00+00:00,BTCUSDT_221230,2022-12-30 00:00:00+00:00,16988.2,17036.2,16530.6,16747.4,2183.517
2022-11-13 00:00:00+00:00,BTCUSDT_221230,2022-12-30 00:00:00+00:00,16750.7,16904.3,16180.1,16287.1,2115.293
2022-11-14 00:00:00+00:00,BTCUSDT_221230,2022-12-30 00:00:00+00:00,16285.5,17130.0,15743.2,16548.8,6612.102
2022-11-15 00:00:00+00:00,BTCUSDT_221230,2022-12-30 00:00:00+00:00,16554.3,17067.9,16468.9,16830.1,3791.894
2022-11-16 00:00:00+00:00,BTCUSDT_221230,2022-12-30 00:00:00+00:00,16832.7,16960.9,16336.5,16617.7,4185.81
2022-11-17 00:00:00+00:00,BTCUSDT_221230,2022-12-30 00:00:00+00:00,16618.2,16721.9,16364.2,16635.2,2464.423
2022-11-18 00:00:00+00:00,BTCUSDT_221230,2022-12-30 00:00:00+00:00,16634.8,16919.0,16510.7,16657.2,3615.679
2022-11-19 00:00:00+00:00,BTCUSDT_221230,2022-12-30 00:00:00+00:00,16657.2,16786.5,16505.7,16667.8,1359.857
2022-11-20 00:00:00+00:00,BTCUSDT_221230,2022-12-30 00:00:00+00:00,16663.7,16714.9,16154.2,16253.5,2053.611
2022-11-21 00:00:00+00:00,BTCUSDT_221230,2022-12-30 00:00:00+00:00,16252.3,16285.0,15418.3,15733.0,4410.097
2022-11-22 00:00:00+00:00,BTCUSDT_221230,2022-12-30 00:00:00+00:00,15737.9,16282.5,15581.1,16189.5,4020.291
2022-11-23 00:00:00+00:00,BTCUSDT_221230,2022-12-30 00:00:00+00:00,16189.8,16700.0,16118.5,16566.1,3796.313
2022-11-24 00:00:00+00:00,BTCUSDT_221230,2022-12-30 00:00:00+00:00,16565.9,16771.8,16408.9,16545.1,2805.307
2022-11-25 00:00:00+00:00,BTCUSDT_221230,2022-12-30 00:00:00+00:00,16544.4,16599.9,16274.3,16470.6,2310.866
2022-11-26 00:00:00+00:00,BTCUSDT_221230,2022-12-30 00:00:00+00:00,16473.9,16663.7,16324.8,16402.5,2109.622
2022-11-27 00:00:00+00:00,BTCUSDT_221230,2022-12-30 00:00:00+00:00,16404.0,16567.3,16371.3,16400.4,1263.589
2022-11-28 00:00:00+00:00,BTCUSDT_221230,2022-12-30 00:00:00+00:00,16400.5,16451.7,15953.6,16167.8,3431.235
2022-11-29 00:00:00+00:00,BTCUSDT_221230,2022-12-30 00:00:00+00:00,16166.1,16548.8,16062.7,16416.0,4100.386
2022-11-30 00:00:00+00:00,BTCUSDT_221230,2022-12-30 00:00:00+00:00,16416.0,17220.9,16402.6,17155.0,4707.506
2022-12-01 00:00:00+00:00,BTCUSDT_221230,2022-12-30 00:00:00+00:00,17155.0,17351.4,16833.1,16955.8,4417.83
2022-12-02 00:00:00+00:00,BTCUSDT_221230,2022-12-30 00:00:00+00:00,16956.0,17081.1,16749.6,17073.9,2852.565
2022-12-03 00:00:00+00:00,BTCUSDT_221230,2022-12-30 00:00:00+00:00,17072.8,17130.4,16850.1,16869.4,1783.245
2022-12-04 00:00:00+00:00,BTCUSDT_221230,2022-12-30 00:00:00+00:00,16870.5,17186.1,16867.1,17096.4,2224.029
2022-12-05 00:00:00+00:00,BTCUSDT_221230,2022-12-30 00:00:00+00:00,17097.0,17448.0,16850.0,16950.6,4470.748
2022-12-06 00:00:00+00:00,BTCUSDT_221230,2022-12-30 00:00:00+00:00,16951.2,17105.5,16903.1,17080.9,3040.824
2022-12-07 00:00:00+00:00,BTCUSDT_221230,2022-12-30 00:00:00+00:00,17083.4,17134.8,16684.0,16824.5,2894.466
2022-12-08 00:00:00+00:00,BTCUSDT_221230,2022-12-30 00:00:00+00:00,16827.5,17299.3,16722.2,17219.4,3091.971
2022-12-09 00:00:00+00:00,BTCUSDT_221230,2022-12-30 00:00:00+00:00,17219.2,17350.0,17055.0,17126.5,2137.984
2022-12-10 00:00:00+00:00,BTCUSDT_221230,2022-12-30 00:00:00+00:00,17128.9,17228.0,17093.6,17125.9,984.909
2022-12-11 00:00:00+00:00,BTCUSDT_221230,2022-12-30 00:00:00+00:00,17125.7,17270.3,17069.4,17087.1,1120.33
2022-12-12 00:00:00+00:00,BTCUSDT_221230,2022-12-30 00:00:00+00:00,17082.3,17245.6,16874.2,17213.0,2749.61
2022-12-13 00:00:00+00:00,BTCUSDT_221230,2022-12-30 00:00:00+00:00,17214.6,18000.0,17079.9,17810.4,5403.971
2022-12-14 00:00:00+00:00,BTCUSDT_221230,2022-12-30 00:00:00+00:00,17806.7,18500.0,17691.7,17829.0,5744.814
2022-12-15 00:00:00+00:00,BTCUSDT_221230,2022-12-30 00:00:00+00:00,17830.8,17879.4,17295.4,17382.8,3133.415
2022-12-16 00:00:00+00:00,BTCUSDT_221230,2022-12-30 00:00:00+00:00,17382.8,17548.2,16530.5,16634.9,4871.915
2022-12-17 00:00:00+00:00,BTCUSDT_221230,2022-12-30 00:00:00+00:00,16636.8,16783.2,16582.2,16764.7,2379.425
2022-12-18 00:00:00+00:00,BTCUSDT_221230,2022-12-30 00:00:00+00:00,16762.4,16838.5,16660.1,16731.2,1084.77
2022-12-19 00:00:00+00:00,BTCUSDT_221230,2022-12-30 00:00:00+00:00,16729.2,16803.1,16223.7,16441.7,2696.852
2022-12-20 00:00:00+00:00,BTCUSDT_221230,2022-12-30 00:00:00+00:00,16439.9,17053.1,16395.4,16901.9,3900.673
2022-12-21 00:00:00+00:00,BTCUSDT_221230,2022-12-30 00:00:00+00:00,16895.7,16924.2,16740.0,16847.9,1980.233
2022-12-22 00:00:00+00:00,BTCUSDT_221230,2022-12-30 00:00:00+00:00,16840.2,16874.6,16579.4,16827.7,2424.319
2022-12-23 00:00:00+00:00,BTCUSDT_221230,2022-12-30 00:00:00+00:00,16828.1,16965.0,16728.6,16821.4,2149.679
2022-12-24 00:00:00+00:00,BTCUSDT_221230,2022-12-30 00:00:00+00:00,16820.6,16885.6,16817.7,16852.6,580.509
2022-12-25 00:00:00+00:00,BTCUSDT_221230,2022-12-30 00:00:00+00:00,16852.4,16887.4,16749.5,16859.9,991.469
2022-12-26 00:00:00+00:00,BTCUSDT_221230,2022-12-30 00:00:00+00:00,16859.8,16971.7,16821.6,16946.1,919.685
2022-12-27 00:00:00+00:00,BTCUSDT_221230,2022-12-30 00:00:00+00:00,16947.0,16995.1,16606.6,16711.6,1810.095
2022-12-28 00:00:00+00:00,BTCUSDT_221230,2022-12-30 00:00:00+00:00,16709.9,16794.3,16485.3,16561.8,2236.482
2022-12-29 00:00:00+00:00,BTCUSDT_221230,2022-12-30 00:00:00+00:00,16561.8,16682.5,16506.2,16664.9,1792.013
2022-12-30 00:00:00+00:00,BTCUSDT_221230,2022-12-30 00:00:00+00:00,16659.0,16663.6,16453.0,16509.0,577.215
2022-12-23 00:00:00+00:00,BTCUSDT_230331,2023-03-31 00:00:00+00:00,16765.2,16969.5,16738.3,16820.0,98.967
2022-12-24 00:00:00+00:00,BTCUSDT_230331,2023-03-31 00:00:00+00:00,16847.8,17000.0,16831.1,16882.7,115.903
2022-12-25 00:00:00+00:00,BTCUSDT_230331,2023-03-31 00:00:00+00:00,16873.4,17150.0,16854.5,16950.1,263.962
2022-12-26 00:00:00+00:00,BTCUSDT_230331,2023-03-31 00:00:00+00:00,16950.0,17012.2,16833.2,17000.0,124.956
2022-12-27 00:00:00+00:00,BTCUSDT_230331,2023-03-31 00:00:00+00:00,16971.5,17039.3,16667.2,16793.7,204.0
2022-12-28 00:00:00+00:00,BTCUSDT_230331,2023-03-31 00:00:00+00:00,16793.2,16849.6,16541.7,16618.9,225.202
2022-12-29 00:00:00+00:00,BTCUSDT_230331,2023-03-31 00:00:00+00:00,16593.6,16726.7,16528.4,16710.0,377.39
2022-12-30 00:00:00+00:00,BTCUSDT_230331,2023-03-31 00:00:00+00:00,16710.0,16840.0,16424.5,16676.3,1571.399
2022-12-31 00:00:00+00:00,BTCUSDT_230331,2023-03-31 00:00:00+00:00,16675.7,16726.2,16562.8,16621.2,857.478
2023-01-01 00:00:00+00:00,BTCUSDT_230331,2023-03-31 00:00:00+00:00,16623.0,16716.4,16592.1,16700.3,455.608
2023-01-02 00:00:00+00:00,BTCUSDT_230331,2023-03-31 00:00:00+00:00,16700.8,16875.3,16629.7,16755.3,2102.449
2023-01-03 00:00:00+00:00,BTCUSDT_230331,2023-03-31 00:00:00+00:00,16753.4,16859.1,16680.7,16743.2,1286.465
2023-01-04 00:00:00+00:00,BTCUSDT_230331,2023-03-31 00:00:00+00:00,16743.3,17070.0,16722.2,16945.5,2293.956
2023-01-05 00:00:00+00:00,BTCUSDT_230331,2023-03-31 00:00:00+00:00,16943.4,16971.8,16843.0,16917.8,846.072
2023-01-06 00:00:00+00:00,BTCUSDT_230331,2023-03-31 00:00:00+00:00,16917.5,17128.1,16756.8,17044.8,1450.996
2023-01-07 00:00:00+00:00,BTCUSDT_230331,2023-03-31 00:00:00+00:00,17044.8,17078.0,17002.7,17035.0,457.93
2023-01-08 00:00:00+00:00,BTCUSDT_230331,2023-03-31 00:00:00+00:00,17035.7,17275.0,16999.5,17219.2,751.943
2023-01-09 00:00:00+00:00,BTCUSDT_230331,2023-03-31 00:00:00+00:00,17222.7,17491.1,17197.8,17278.9,1921.75
2023-01-10 00:00:00+00:00,BTCUSDT_230331,2023-03-31 00:00:00+00:00,17277.4,17597.8,17240.0,17539.8,1467.504
2023-01-11 00:00:00+00:00,BTCUSDT_230331,2023-03-31 00:00:00+00:00,17539.4,18150.0,17407.7,18057.8,2102.361
2023-01-12 00:00:00+00:00,BTCUSDT_230331,2023-03-31 00:00:00+00:00,18060.6,19246.8,18025.8,18969.3,5951.503
2023-01-13 00:00:00+00:00,BTCUSDT_230331,2023-03-31 00:00:00+00:00,18970.3,20144.7,18819.1,20058.0,4502.027
2023-01-14 00:00:00+00:00,BTCUSDT_230331,2023-03-31 00:00:00+00:00,20062.0,21600.0,20018.1,21133.6,7690.609
2023-01-15 00:00:00+00:00,BTCUSDT_230331,2023-03-31 00:00:00+00:00,21135.5,21253.4,20751.0,21063.5,2318.335
2023-01-16 00:00:00+00:00,BTCUSDT_230331,2023-03-31 00:00:00+00:00,21063.9,21723.9,20786.7,21371.5,4558.06
2023-01-17 00:00:00+00:00,BTCUSDT_230331,2023-03-31 00:00:00+00:00,21368.6,21830.0,21040.0,21307.4,3368.085
2023-01-18 00:00:00+00:00,BTCUSDT_230331,2023-03-31 00:00:00+00:00,21307.4,21830.0,20570.0,20859.6,4509.35
2023-01-19 00:00:00+00:00,BTCUSDT_230331,2023-03-31 00:00:00+00:00,20857.5,21372.8,20837.3,21248.0,1631.213
2023-01-20 00:00:00+00:00,BTCUSDT_230331,2023-03-31 00:00:00+00:00,21246.2,22997.1,21030.1,22868.6,3622.629
2023-01-21 00:00:00+00:00,BTCUSDT_230331,2023-03-31 00:00:00+00:00,22861.7,23626.3,22618.5,22982.3,4039.261
2023-01-22 00:00:00+00:00,BTCUSDT_230331,2023-03-31 00:00:00+00:00,22984.9,23277.1,22493.8,22907.1,2857.205
2023-01-23 00:00:00+00:00,BTCUSDT_230331,2023-03-31 00:00:00+00:00,22907.0,23385.7,22687.3,23111.1,3180.49
2023-01-24 00:00:00+00:00,BTCUSDT_230331,2023-03-31 00:00:00+00:00,23114.2,23395.9,22670.1,22856.1,2922.628
2023-01-25 00:00:00+00:00,BTCUSDT_230331,2023-03-31 00:00:00+00:00,22854.5,24067.5,22540.0,23298.0,4101.045
2023-01-26 00:00:00+00:00,BTCUSDT_230331,2023-03-31 00:00:00+00:00,23300.0,23520.2,23075.4,23240.9,2775.426
2023-01-27 00:00:00+00:00,BTCUSDT_230331,2023-03-31 00:00:00+00:00,23243.8,23742.4,22766.1,23313.4,2589.459
2023-01-28 00:00:00+00:00,BTCUSDT_230331,2023-03-31 00:00:00+00:00,23313.2,23424.4,23115.0,23258.7,742.803
2023-01-29 00:00:00+00:00,BTCUSDT_230331,2023-03-31 00:00:00+00:00,23258.0,24222.1,23204.3,24009.0,2570.669
2023-01-30 00:00:00+00:00,BTCUSDT_230331,2023-03-31 00:00:00+00:00,23997.1,24054.5,22712.0,23046.8,3183.687
2023-01-31 00:00:00+00:00,BTCUSDT_230331,2023-03-31 00:00:00+00:00,23047.0,23550.0,22938.7,23357.9,1911.444
2023-02-01 00:00:00+00:00,BTCUSDT_230331,2023-03-31 00:00:00+00:00,23351.6,24071.3,22982.7,23970.6,2427.577
2023-02-02 00:00:00+00:00,BTCUSDT_230331,2023-03-31 00:00:00+00:00,23970.9,24537.0,23615.0,23725.1,3519.664
2023-02-03 00:00:00+00:00,BTCUSDT_230331,2023-03-31 00:00:00+00:00,23731.8,23956.0,23430.3,23659.7,2254.368
2023-02-04 00:00:00+00:00,BTCUSDT_230331,2023-03-31 00:00:00+00:00,23661.8,23799.0,23450.0,23518.3,1157.976
2023-02-05 00:00:00+00:00,BTCUSDT_230331,2023-03-31 00:00:00+00:00,23516.7,23629.9,22924.7,23121.4,1453.523
2023-02-06 00:00:00+00:00,BTCUSDT_230331,2023-03-31 00:00:00+00:00,23118.6,23352.1,22815.0,22949.0,1888.367
2023-02-07 00:00:00+00:00,BTCUSDT_230331,2023-03-31 00:00:00+00:00,22949.0,23538.8,22930.4,23430.3,2135.191
2023-02-08 00:00:00+00:00,BTCUSDT_230331,2023-03-31 00:00:00+00:00,23425.9,23638.5,22843.3,23148.8,1677.002
2023-02-09 00:00:00+00:00,BTCUSDT_230331,2023-03-31 00:00:00+00:00,23150.0,23199.3,21853.1,21972.4,3942.552
2023-02-10 00:00:00+00:00,BTCUSDT_230331,2023-03-31 00:00:00+00:00,21974.0,22099.3,21575.4,21769.0,2327.921
2023-02-11 00:00:00+00:00,BTCUSDT_230331,2023-03-31 00:00:00+00:00,21765.9,22024.0,21715.3,21985.5,1224.412
2023-02-12 00:00:00+00:00,BTCUSDT_230331,2023-03-31 00:00:00+00:00,21985.5,22214.5,21738.3,21893.0,1560.871
2023-02-13 00:00:00+00:00,BTCUSDT_230331,2023-03-31 00:00:00+00:00,21894.5,22017.1,21461.2,21891.2,2784.593
2023-02-14 00:00:00+00:00,BTCUSDT_230331,2023-03-31 00:00:00+00:00,21890.4,22448.2,21655.3,22340.1,3483.84
2023-02-15 00:00:00+00:00,BTCUSDT_230331,2023-03-31 00:00:00+00:00,22342.9,24592.5,22202.8,24521.8,5328.661
2023-02-16 00:00:00+00:00,BTCUSDT_230331,2023-03-31 00:00:00+00:00,24521.8,25492.7,23664.2,23677.7,5355.938
2023-02-17 00:00:00+00:00,BTCUSDT_230331,2023-03-31 00:00:00+00:00,23690.1,25263.3,23512.7,24758.0,5652.631
2023-02-18 00:00:00+00:00,BTCUSDT_230331,2023-03-31 00:00:00+00:00,24756.2,25089.5,24620.0,24825.8,1898.559
2023-02-19 00:00:00+00:00,BTCUSDT_230331,2023-03-31 00:00:00+00:00,24825.8,25431.6,24364.9,24460.4,3255.838
2023-02-20 00:00:00+00:00,BTCUSDT_230331,2023-03-31 00:00:00+00:00,24459.4,25360.6,24030.0,25071.5,3641.917
2023-02-21 00:00:00+00:00,BTCUSDT_230331,2023-03-31 00:00:00+00:00,25073.9,25528.4,24337.8,24664.5,4850.329
2023-02-22 00:00:00+00:00,BTCUSDT_230331,2023-03-31 00:00:00+00:00,24662.1,24686.2,23752.9,24366.1,4013.073
2023-02-23 00:00:00+00:00,BTCUSDT_230331,2023-03-31 00:00:00+00:00,24370.5,24789.6,23758.4,24118.0,4228.784
2023-02-24 00:00:00+00:00,BTCUSDT_230331,2023-03-31 00:00:00+00:00,24118.5,24309.7,22986.9,23329.1,4146.961
2023-02-25 00:00:00+00:00,BTCUSDT_230331,2023-03-31 00:00:00+00:00,23329.5,23375.0,22834.8,23301.1,1722.542
2023-02-26 00:00:00+00:00,BTCUSDT_230331,2023-03-31 00:00:00+00:00,23298.2,23830.6,23202.5,23707.6,1887.775
2023-02-27 00:00:00+00:00,BTCUSDT_230331,2023-03-31 00:00:00+00:00,23709.9,24063.2,23250.0,23629.1,3051.665
2023-02-28 00:00:00+00:00,BTCUSDT_230331,2023-03-31 00:00:00+00:00,23631.6,23740.1,23163.3,23273.4,1889.234
2023-03-01 00:00:00+00:00,BTCUSDT_230331,2023-03-31 00:00:00+00:00,23275.9,24160.3,23151.4,23778.0,2749.29
2023-03-02 00:00:00+00:00,BTCUSDT_230331,2023-03-31 00:00:00+00:00,23777.5,23945.4,23316.0,23593.4,1915.798
2023-03-03 00:00:00+00:00,BTCUSDT_230331,2023-03-31 00:00:00+00:00,23595.1,23608.6,22000.0,22463.1,4200.688
2023-03-04 00:00:00+00:00,BTCUSDT_230331,2023-03-31 00:00:00+00:00,22461.6,22523.7,22251.6,22441.5,753.148
2023-03-05 00:00:00+00:00,BTCUSDT_230331,2023-03-31 00:00:00+00:00,22441.5,22755.2,22292.7,22513.1,1323.308
2023-03-06 00:00:00+00:00,BTCUSDT_230331,2023-03-31 00:00:00+00:00,22515.9,22689.0,22316.4,22483.0,1410.381
2023-03-07 00:00:00+00:00,BTCUSDT_230331,2023-03-31 00:00:00+00:00,22484.9,22632.3,22000.0,22263.7,3138.913
2023-03-08 00:00:00+00:00,BTCUSDT_230331,2023-03-31 00:00:00+00:00,22263.0,22351.1,21607.7,21763.1,2665.87
2023-03-09 00:00:00+00:00,BTCUSDT_230331,2023-03-31 00:00:00+00:00,21761.3,21885.0,20063.7,20413.9,4936.293
2023-03-10 00:00:00+00:00,BTCUSDT_230331,2023-03-31 00:00:00+00:00,20415.5,20420.9,19560.6,20184.0,7556.618
2023-03-11 00:00:00+00:00,BTCUSDT_230331,2023-03-31 00:00:00+00:00,20187.6,20769.0,19788.6,20479.7,4367.572
2023-03-12 00:00:00+00:00,BTCUSDT_230331,2023-03-31 00:00:00+00:00,20477.0,22221.6,20291.8,22058.2,4125.785
2023-03-13 00:00:00+00:00,BTCUSDT_230331,2023-03-31 00:00:00+00:00,22053.3,24581.0,21852.6,24192.6,10125.498
2023-03-14 00:00:00+00:00,BTCUSDT_230331,2023-03-31 00:00:00+00:00,24194.7,26578.9,24004.5,24753.2,10984.594
2023-03-15 00:00:00+00:00,BTCUSDT_230331,2023-03-31 00:00:00+00:00,24754.8,25292.9,23937.6,24365.7,8882.853
2023-03-16 00:00:00+00:00,BTCUSDT_230331,2023-03-31 00:00:00+00:00,24364.2,25250.0,24214.2,25045.9,5794.129
2023-03-17 00:00:00+00:00,BTCUSDT_230331,2023-03-31 00:00:00+00:00,25055.2,27831.0,24944.6,27443.7,8083.335
2023-03-18 00:00:00+00:00,BTCUSDT_230331,2023-03-31 00:00:00+00:00,27439.4,27782.7,26603.1,26978.5,4974.53
2023-03-19 00:00:00+00:00,BTCUSDT_230331,2023-03-31 00:00:00+00:00,26964.4,28456.6,26882.0,28017.8,5514.791
2023-03-20 00:00:00+00:00,BTCUSDT_230331,2023-03-31 00:00:00+00:00,28023.8,28544.7,27191.0,27792.2,7959.508
2023-03-21 00:00:00+00:00,BTCUSDT_230331,2023-03-31 00:00:00+00:00,27785.1,28499.8,27353.4,28155.7,4719.425
2023-03-22 00:00:00+00:00,BTCUSDT_230331,2023-03-31 00:00:00+00:00,28147.1,28923.7,26634.0,27275.7,8081.505
2023-03-23 00:00:00+00:00,BTCUSDT_230331,2023-03-31 00:00:00+00:00,27275.3,28851.1,27161.5,28346.1,6651.639
2023-03-24 00:00:00+00:00,BTCUSDT_230331,2023-03-31 00:00:00+00:00,28342.4,28431.6,27030.7,27472.2,5685.394
2023-03-25 00:00:00+00:00,BTCUSDT_230331,2023-03-31 00:00:00+00:00,27472.6,27823.8,27177.5,27490.6,2130.355
2023-03-26 00:00:00+00:00,BTCUSDT_230331,2023-03-31 00:00:00+00:00,27485.7,28242.1,27443.5,27997.7,2193.778
2023-03-27 00:00:00+00:00,BTCUSDT_230331,2023-03-31 00:00:00+00:00,27989.9,28045.9,26520.0,27133.1,3859.251
2023-03-28 00:00:00+00:00,BTCUSDT_230331,2023-03-31 00:00:00+00:00,27136.5,27495.4,26622.0,27245.3,3294.472
2023-03-29 00:00:00+00:00,BTCUSDT_230331,2023-03-31 00:00:00+00:00,27250.8,28640.0,27223.0,28334.6,4282.667
2023-03-30 00:00:00+00:00,BTCUSDT_230331,2023-03-31 00:00:00+00:00,28336.2,29180.8,27657.1,28017.9,4866.556
2023-03-31 00:00:00+00:00,BTCUSDT_230331,2023-03-31 00:00:00+00:00,28018.0,28359.6,27677.3,27807.8,601.325
2023-03-27 00:00:00+00:00,BTCUSDT_230630,2023-06-30 00:00:00+00:00,27854.0,28457.6,26750.7,27340.4,141.18
2023-03-28 00:00:00+00:00,BTCUSDT_230630,2023-06-30 00:00:00+00:00,27376.4,27838.8,26927.8,27543.9,281.282
2023-03-29 00:00:00+00:00,BTCUSDT_230630,2023-06-30 00:00:00+00:00,27543.8,28986.4,27538.0,28642.3,316.783
2023-03-30 00:00:00+00:00,BTCUSDT_230630,2023-06-30 00:00:00+00:00,28685.1,29576.9,28028.8,28367.4,514.619
2023-03-31 00:00:00+00:00,BTCUSDT_230630,2023-06-30 00:00:00+00:00,28365.9,29079.1,27833.3,28819.3,2348.646
2023-04-01 00:00:00+00:00,BTCUSDT_230630,2023-06-30 00:00:00+00:00,28816.2,29199.5,28585.2,28822.1,862.809
2023-04-02 00:00:00+00:00,BTCUSDT_230630,2023-06-30 00:00:00+00:00,28824.7,28899.6,28230.0,28545.9,1046.339
2023-04-03 00:00:00+00:00,BTCUSDT_230630,2023-06-30 00:00:00+00:00,28550.9,28888.0,27533.9,28140.5,2660.916
2023-04-04 00:00:00+00:00,BTCUSDT_230630,2023-06-30 00:00:00+00:00,28142.1,28816.1,28015.3,28534.3,2012.282
2023-04-05 00:00:00+00:00,BTCUSDT_230630,2023-06-30 00:00:00+00:00,28531.8,29168.8,28136.0,28518.4,2246.426
2023-04-06 00:00:00+00:00,BTCUSDT_230630,2023-06-30 00:00:00+00:00,28515.9,28531.5,28044.0,28380.0,1417.765
2023-04-07 00:00:00+00:00,BTCUSDT_230630,2023-06-30 00:00:00+00:00,28382.1,28450.0,28085.8,28226.0,1145.35
2023-04-08 00:00:00+00:00,BTCUSDT_230630,2023-06-30 00:00:00+00:00,28228.7,28482.7,28180.0,28267.4,687.527
2023-04-09 00:00:00+00:00,BTCUSDT_230630,2023-06-30 00:00:00+00:00,28269.3,28869.1,28134.3,28656.6,1198.767
2023-04-10 00:00:00+00:00,BTCUSDT_230630,2023-06-30 00:00:00+00:00,28657.3,30152.2,28476.1,29982.8,2438.483
2023-04-11 00:00:00+00:00,BTCUSDT_230630,2023-06-30 00:00:00+00:00,29980.5,30892.1,29932.4,30535.2,3289.797
2023-04-12 00:00:00+00:00,BTCUSDT_230630,2023-06-30 00:00:00+00:00,30534.8,30824.9,30003.0,30219.9,2795.356
2023-04-13 00:00:00+00:00,BTCUSDT_230630,2023-06-30 00:00:00+00:00,30223.3,30938.9,30186.6,30713.2,1806.396
2023-04-14 00:00:00+00:00,BTCUSDT_230630,2023-06-30 00:00:00+00:00,30718.6,31395.6,30267.7,30758.4,2673.88
2023-04-15 00:00:00+00:00,BTCUSDT_230630,2023-06-30 00:00:00+00:00,30760.0,30900.0,30523.0,30613.7,574.285
2023-04-16 00:00:00+00:00,BTCUSDT_230630,2023-06-30 00:00:00+00:00,30617.5,30906.1,30420.1,30639.6,992.458
2023-04-17 00:00:00+00:00,BTCUSDT_230630,2023-06-30 00:00:00+00:00,30634.1,30655.3,29522.6,29718.1,2500.311
2023-04-18 00:00:00+00:00,BTCUSDT_230630,2023-06-30 00:00:00+00:00,29718.1,30803.8,29375.6,30692.4,2159.058
2023-04-19 00:00:00+00:00,BTCUSDT_230630,2023-06-30 00:00:00+00:00,30692.3,30736.6,28777.0,29070.8,2923.825
2023-04-20 00:00:00+00:00,BTCUSDT_230630,2023-06-30 00:00:00+00:00,29059.0,29366.9,28246.3,28502.2,2490.034
2023-04-21 00:00:00+00:00,BTCUSDT_230630,2023-06-30 00:00:00+00:00,28506.4,28632.8,27333.0,27484.9,2255.738
2023-04-22 00:00:00+00:00,BTCUSDT_230630,2023-06-30 00:00:00+00:00,27484.1,28111.5,27343.9,28034.0,1013.065
2023-04-23 00:00:00+00:00,BTCUSDT_230630,2023-06-30 00:00:00+00:00,28035.9,28039.5,27523.1,27788.5,1112.337
2023-04-24 00:00:00+00:00,BTCUSDT_230630,2023-06-30 00:00:00+00:00,27791.6,28197.9,27130.2,27717.3,2029.752
2023-04-25 00:00:00+00:00,BTCUSDT_230630,2023-06-30 00:00:00+00:00,27717.2,28625.0,27392.8,28540.4,2076.578
2023-04-26 00:00:00+00:00,BTCUSDT_230630,2023-06-30 00:00:00+00:00,28542.1,30292.4,27450.0,28638.3,5150.186
2023-04-27 00:00:00+00:00,BTCUSDT_230630,2023-06-30 00:00:00+00:00,28641.5,30128.5,28591.5,29692.9,3465.107
2023-04-28 00:00:00+00:00,BTCUSDT_230630,2023-06-30 00:00:00+00:00,29692.0,29826.6,29111.3,29523.5,1665.361
2023-04-29 00:00:00+00:00,BTCUSDT_230630,2023-06-30 00:00:00+00:00,29526.6,29684.2,29280.0,29468.7,671.707
2023-04-30 00:00:00+00:00,BTCUSDT_230630,2023-06-30 00:00:00+00:00,29470.8,30208.0,29325.9,29469.7,1479.914
2023-05-01 00:00:00+00:00,BTCUSDT_230630,2023-06-30 00:00:00+00:00,29476.7,29577.0,27866.8,28290.0,3366.791
2023-05-02 00:00:00+00:00,BTCUSDT_230630,2023-06-30 00:00:00+00:00,28287.7,29100.8,28080.2,28883.4,2480.659
2023-05-03 00:00:00+00:00,BTCUSDT_230630,2023-06-30 00:00:00+00:00,28883.8,29523.7,28320.0,29263.2,3397.392
2023-05-04 00:00:00+00:00,BTCUSDT_230630,2023-06-30 00:00:00+00:00,29266.5,29629.5,28897.7,29074.2,2058.691
2023-05-05 00:00:00+00:00,BTCUSDT_230630,2023-06-30 00:00:00+00:00,29071.1,29949.4,29051.5,29762.9,2700.648
2023-05-06 00:00:00+00:00,BTCUSDT_230630,2023-06-30 00:00:00+00:00,29764.7,30099.9,28540.0,29044.1,2262.14
2023-05-07 00:00:00+00:00,BTCUSDT_230630,2023-06-30 00:00:00+00:00,29042.1,29348.0,28571.4,28627.0,1635.916
2023-05-08 00:00:00+00:00,BTCUSDT_230630,2023-06-30 00:00:00+00:00,28620.5,28826.2,27434.8,27854.0,3073.785
2023-05-09 00:00:00+00:00,BTCUSDT_230630,2023-06-30 00:00:00+00:00,27857.0,27989.9,27503.8,27795.3,1333.676
2023-05-10 00:00:00+00:00,BTCUSDT_230630,2023-06-30 00:00:00+00:00,27793.6,28497.8,26900.0,27745.6,3637.361
2023-05-11 00:00:00+00:00,BTCUSDT_230630,2023-06-30 00:00:00+00:00,27745.7,27792.3,26812.1,27087.8,2435.249
2023-05-12 00:00:00+00:00,BTCUSDT_230630,2023-06-30 00:00:00+00:00,27085.1,27202.1,25875.3,26910.0,3249.163
2023-05-13 00:00:00+00:00,BTCUSDT_230630,2023-06-30 00:00:00+00:00,26913.1,27179.7,26800.1,26891.6,1302.135
2023-05-14 00:00:00+00:00,BTCUSDT_230630,2023-06-30 00:00:00+00:00,26895.5,27391.5,26700.0,27047.1,1293.968
2023-05-15 00:00:00+00:00,BTCUSDT_230630,2023-06-30 00:00:00+00:00,27037.1,27807.2,26852.2,27303.4,2225.496
2023-05-16 00:00:00+00:00,BTCUSDT_230630,2023-06-30 00:00:00+00:00,27302.0,27437.6,26985.4,27157.8,1770.067
2023-05-17 00:00:00+00:00,BTCUSDT_230630,2023-06-30 00:00:00+00:00,27156.3,27661.7,26664.1,27523.8,2677.159
2023-05-18 00:00:00+00:00,BTCUSDT_230630,2023-06-30 00:00:00+00:00,27524.5,27607.0,26461.6,26922.7,2858.737
2023-05-19 00:00:00+00:00,BTCUSDT_230630,2023-06-30 00:00:00+00:00,26928.0,27300.0,26740.0,26995.6,1510.442
2023-05-20 00:00:00+00:00,BTCUSDT_230630,2023-06-30 00:00:00+00:00,26995.0,27282.3,26937.7,27221.8,635.272
2023-05-21 00:00:00+00:00,BTCUSDT_230630,2023-06-30 00:00:00+00:00,27225.4,27406.7,26777.7,26866.0,1033.772
2023-05-22 00:00:00+00:00,BTCUSDT_230630,2023-06-30 00:00:00+00:00,26859.7,27222.0,26641.1,26967.4,1437.631
2023-05-23 00:00:00+00:00,BTCUSDT_230630,2023-06-30 00:00:00+00:00,26970.9,27640.0,26911.9,27335.4,1660.612
2023-05-24 00:00:00+00:00,BTCUSDT_230630,2023-06-30 00:00:00+00:00,27334.8,27340.4,26160.2,26413.9,2663.646
2023-05-25 00:00:00+00:00,BTCUSDT_230630,2023-06-30 00:00:00+00:00,26412.0,26712.1,25948.2,26558.4,2132.657
2023-05-26 00:00:00+00:00,BTCUSDT_230630,2023-06-30 00:00:00+00:00,26558.5,27044.7,26420.0,26808.4,1528.985
2023-05-27 00:00:00+00:00,BTCUSDT_230630,2023-06-30 00:00:00+00:00,26805.0,26980.9,26656.3,26946.9,792.43
2023-05-28 00:00:00+00:00,BTCUSDT_230630,2023-06-30 00:00:00+00:00,26946.8,28412.1,26854.7,28200.5,2298.77
2023-05-29 00:00:00+00:00,BTCUSDT_230630,2023-06-30 00:00:00+00:00,28202.5,28586.0,27650.2,27864.0,1898.697
2023-05-30 00:00:00+00:00,BTCUSDT_230630,2023-06-30 00:00:00+00:00,27864.1,28182.0,27666.0,27826.5,1302.429
2023-05-31 00:00:00+00:00,BTCUSDT_230630,2023-06-30 00:00:00+00:00,27824.5,27968.4,26900.1,27307.2,2048.272
2023-06-01 00:00:00+00:00,BTCUSDT_230630,2023-06-30 00:00:00+00:00,27307.2,27450.0,26672.1,26904.6,1947.965
2023-06-02 00:00:00+00:00,BTCUSDT_230630,2023-06-30 00:00:00+00:00,26902.8,27418.3,26588.2,27348.3,1972.87
2023-06-03 00:00:00+00:00,BTCUSDT_230630,2023-06-30 00:00:00+00:00,27348.6,27440.7,27022.3,27175.3,753.252
2023-06-04 00:00:00+00:00,BTCUSDT_230630,2023-06-30 00:00:00+00:00,27175.0,27581.2,27055.1,27210.6,837.949
2023-06-05 00:00:00+00:00,BTCUSDT_230630,2023-06-30 00:00:00+00:00,27206.9,27221.7,25377.9,25788.9,3129.142
2023-06-06 00:00:00+00:00,BTCUSDT_230630,2023-06-30 00:00:00+00:00,25797.1,27445.1,25400.0,27317.7,4045.722
2023-06-07 00:00:00+00:00,BTCUSDT_230630,2023-06-30 00:00:00+00:00,27320.6,27467.9,26207.2,26420.3,2907.681
2023-06-08 00:00:00+00:00,BTCUSDT_230630,2023-06-30 00:00:00+00:00,26418.6,26903.3,26281.1,26582.9,1382.309
2023-06-09 00:00:00+00:00,BTCUSDT_230630,2023-06-30 00:00:00+00:00,26583.7,26860.5,26352.2,26554.3,1496.862
2023-06-10 00:00:00+00:00,BTCUSDT_230630,2023-06-30 00:00:00+00:00,26552.0,26606.9,25400.3,25918.6,2996.974
2023-06-11 00:00:00+00:00,BTCUSDT_230630,2023-06-30 00:00:00+00:00,25919.2,26279.6,25701.8,25993.0,1419.585
2023-06-12 00:00:00+00:00,BTCUSDT_230630,2023-06-30 00:00:00+00:00,25993.6,26173.3,25684.9,25981.1,1328.466
2023-06-13 00:00:00+00:00,BTCUSDT_230630,2023-06-30 00:00:00+00:00,25975.5,26497.5,25766.0,25991.0,1943.371
2023-06-14 00:00:00+00:00,BTCUSDT_230630,2023-06-30 00:00:00+00:00,25989.7,26155.2,24800.0,25175.1,2461.649
2023-06-15 00:00:00+00:00,BTCUSDT_230630,2023-06-30 00:00:00+00:00,25173.7,25807.6,24843.0,25633.2,2235.94
2023-06-16 00:00:00+00:00,BTCUSDT_230630,2023-06-30 00:00:00+00:00,25633.6,26553.5,25200.0,26367.1,2166.458
2023-06-17 00:00:00+00:00,BTCUSDT_230630,2023-06-30 00:00:00+00:00,26364.8,26932.8,26197.9,26532.4,1181.874
2023-06-18 00:00:00+00:00,BTCUSDT_230630,2023-06-30 00:00:00+00:00,26533.8,26734.9,26277.2,26366.7,1417.717
2023-06-19 00:00:00+00:00,BTCUSDT_230630,2023-06-30 00:00:00+00:00,26367.3,27088.0,26284.1,26851.9,2273.637
2023-06-20 00:00:00+00:00,BTCUSDT_230630,2023-06-30 00:00:00+00:00,26856.3,28680.0,26677.8,28318.7,4342.108
2023-06-21 00:00:00+00:00,BTCUSDT_230630,2023-06-30 00:00:00+00:00,28324.9,30860.2,28278.5,30033.7,6628.085
2023-06-22 00:00:00+00:00,BTCUSDT_230630,2023-06-30 00:00:00+00:00,30029.2,30544.5,29534.8,29901.7,2969.074
2023-06-23 00:00:00+00:00,BTCUSDT_230630,2023-06-30 00:00:00+00:00,29900.0,31507.2,29824.4,30714.9,3435.305
2023-06-24 00:00:00+00:00,BTCUSDT_230630,2023-06-30 00:00:00+00:00,30712.6,30832.9,30247.6,30554.8,1172.776
2023-06-25 00:00:00+00:00,BTCUSDT_230630,2023-06-30 00:00:00+00:00,30554.7,31069.1,30275.9,30472.3,1050.349
2023-06-26 00:00:00+00:00,BTCUSDT_230630,2023-06-30 00:00:00+00:00,30478.3,30693.1,29916.0,30259.4,2060.838
2023-06-27 00:00:00+00:00,BTCUSDT_230630,2023-06-30 00:00:00+00:00,30261.0,30994.4,30217.1,30687.0,1703.484
2023-06-28 00:00:00+00:00,BTCUSDT_230630,2023-06-30 00:00:00+00:00,30684.1,30702.3,29813.6,30058.0,1446.565
2023-06-29 00:00:00+00:00,BTCUSDT_230630,2023-06-30 00:00:00+00:00,30054.0,30828.9,30023.3,30440.2,1545.859
2023-06-30 00:00:00+00:00,BTCUSDT_230630,2023-06-30 00:00:00+00:00,30442.9,31298.3,30336.2,30661.0,488.714
2023-06-25 00:00:00+00:00,BTCUSDT_230929,2023-09-29 00:00:00+00:00,30711.4,31939.0,30651.0,30880.3,328.481
2023-06-26 00:00:00+00:00,BTCUSDT_230929,2023-09-29 00:00:00+00:00,30881.2,31080.0,30340.0,30688.1,450.728
2023-06-27 00:00:00+00:00,BTCUSDT_230929,2023-09-29 00:00:00+00:00,30682.4,31492.2,30640.1,31201.8,435.758
2023-06-28 00:00:00+00:00,BTCUSDT_230929,2023-09-29 00:00:00+00:00,31196.2,31211.5,30313.9,30574.8,557.232
2023-06-29 00:00:00+00:00,BTCUSDT_230929,2023-09-29 00:00:00+00:00,30573.9,31358.2,30522.3,30998.1,531.893
2023-06-30 00:00:00+00:00,BTCUSDT_230929,2023-09-29 00:00:00+00:00,30991.2,31849.2,30000.0,30994.5,1801.655
2023-07-01 00:00:00+00:00,BTCUSDT_230929,2023-09-29 00:00:00+00:00,30988.9,31195.8,30821.8,31133.1,353.017
2023-07-02 00:00:00+00:00,BTCUSDT_230929,2023-09-29 00:00:00+00:00,31133.2,31359.8,30690.0,31178.1,788.505
2023-07-03 00:00:00+00:00,BTCUSDT_230929,2023-09-29 00:00:00+00:00,31179.2,31978.9,31145.7,31730.8,1296.294
2023-07-04 00:00:00+00:00,BTCUSDT_230929,2023-09-29 00:00:00+00:00,31733.7,31908.8,31189.9,31314.1,984.461
2023-07-05 00:00:00+00:00,BTCUSDT_230929,2023-09-29 00:00:00+00:00,31314.0,31436.4,30741.5,31053.2,1041.139
2023-07-06 00:00:00+00:00,BTCUSDT_230929,2023-09-29 00:00:00+00:00,31054.0,32139.1,30394.0,30441.5,2201.69
2023-07-07 00:00:00+00:00,BTCUSDT_230929,2023-09-29 00:00:00+00:00,30434.9,31020.9,30249.0,30910.8,1252.492
2023-07-08 00:00:00+00:00,BTCUSDT_230929,2023-09-29 00:00:00+00:00,30912.4,30959.1,30575.0,30826.0,505.493
2023-07-09 00:00:00+00:00,BTCUSDT_230929,2023-09-29 00:00:00+00:00,30826.3,30994.1,30581.3,30696.4,494.329
2023-07-10 00:00:00+00:00,BTCUSDT_230929,2023-09-29 00:00:00+00:00,30697.4,31604.0,30476.8,30941.0,1424.154
2023-07-11 00:00:00+00:00,BTCUSDT_230929,2023-09-29 00:00:00+00:00,30941.0,31362.7,30838.9,31184.4,1051.591
2023-07-12 00:00:00+00:00,BTCUSDT_230929,2023-09-29 00:00:00+00:00,31182.5,31560.0,30724.0,30910.5,1405.357
2023-07-13 00:00:00+00:00,BTCUSDT_230929,2023-09-29 00:00:00+00:00,30914.1,32376.0,30777.4,31984.4,1900.377
2023-07-14 00:00:00+00:00,BTCUSDT_230929,2023-09-29 00:00:00+00:00,31988.8,32170.7,30397.7,30824.2,1662.149
2023-07-15 00:00:00+00:00,BTCUSDT_230929,2023-09-29 00:00:00+00:00,30818.6,30907.7,30750.0,30794.7,332.727
2023-07-16 00:00:00+00:00,BTCUSDT_230929,2023-09-29 00:00:00+00:00,30795.4,30936.9,30538.1,30736.8,473.859
2023-07-17 00:00:00+00:00,BTCUSDT_230929,2023-09-29 00:00:00+00:00,30734.4,30844.7,30084.2,30590.0,856.283
2023-07-18 00:00:00+00:00,BTCUSDT_230929,2023-09-29 00:00:00+00:00,30590.0,30712.3,29907.0,30308.3,924.655
2023-07-19 00:00:00+00:00,BTCUSDT_230929,2023-09-29 00:00:00+00:00,30303.0,30646.8,30201.6,30352.1,699.882
2023-07-20 00:00:00+00:00,BTCUSDT_230929,2023-09-29 00:00:00+00:00,30352.7,30870.6,30004.8,30260.1,1145.918
2023-07-21 00:00:00+00:00,BTCUSDT_230929,2023-09-29 00:00:00+00:00,30261.9,30526.7,30180.0,30344.7,492.269
2023-07-22 00:00:00+00:00,BTCUSDT_230929,2023-09-29 00:00:00+00:00,30352.3,30453.6,30030.9,30208.1,377.489
2023-07-23 00:00:00+00:00,BTCUSDT_230929,2023-09-29 00:00:00+00:00,30206.6,30777.0,30138.5,30501.5,567.126
2023-07-24 00:00:00+00:00,BTCUSDT_230929,2023-09-29 00:00:00+00:00,30499.6,30518.7,29250.0,29579.5,1247.823
2023-07-25 00:00:00+00:00,BTCUSDT_230929,2023-09-29 00:00:00+00:00,29580.1,29782.1,29451.5,29632.4,505.767
2023-07-26 00:00:00+00:00,BTCUSDT_230929,2023-09-29 00:00:00+00:00,29632.9,30108.3,29499.9,29763.3,1014.011
2023-07-27 00:00:00+00:00,BTCUSDT_230929,2023-09-29 00:00:00+00:00,29764.8,29994.3,29456.6,29613.9,665.553
2023-07-28 00:00:00+00:00,BTCUSDT_230929,2023-09-29 00:00:00+00:00,29614.0,29944.6,29514.8,29703.6,705.451
2023-07-29 00:00:00+00:00,BTCUSDT_230929,2023-09-29 00:00:00+00:00,29705.6,29799.0,29637.8,29736.4,257.515
2023-07-30 00:00:00+00:00,BTCUSDT_230929,2023-09-29 00:00:00+00:00,29735.7,29838.8,29365.1,29645.5,473.97
2023-07-31 00:00:00+00:00,BTCUSDT_230929,2023-09-29 00:00:00+00:00,29645.1,29910.0,29468.6,29593.3,640.14
2023-08-01 00:00:00+00:00,BTCUSDT_230929,2023-09-29 00:00:00+00:00,29595.7,30117.9,28904.0,30086.0,1311.612
2023-08-02 00:00:00+00:00,BTCUSDT_230929,2023-09-29 00:00:00+00:00,30080.5,30428.8,29262.5,29571.3,1487.746
2023-08-03 00:00:00+00:00,BTCUSDT_230929,2023-09-29 00:00:00+00:00,29577.2,29839.8,29339.1,29577.1,796.46
2023-08-04 00:00:00+00:00,BTCUSDT_230929,2023-09-29 00:00:00+00:00,29576.1,29724.9,29150.0,29494.0,788.771
2023-08-05 00:00:00+00:00,BTCUSDT_230929,2023-09-29 00:00:00+00:00,29494.0,29549.2,29377.4,29473.0,236.816
2023-08-06 00:00:00+00:00,BTCUSDT_230929,2023-09-29 00:00:00+00:00,29474.0,29594.5,29376.3,29471.0,333.326
2023-08-07 00:00:00+00:00,BTCUSDT_230929,2023-09-29 00:00:00+00:00,29472.3,29670.2,29061.5,29581.7,980.904
2023-08-08 00:00:00+00:00,BTCUSDT_230929,2023-09-29 00:00:00+00:00,29581.9,30541.3,29516.0,30074.9,2765.207
2023-08-09 00:00:00+00:00,BTCUSDT_230929,2023-09-29 00:00:00+00:00,30077.8,30459.4,29717.4,29925.9,1187.299
2023-08-10 00:00:00+00:00,BTCUSDT_230929,2023-09-29 00:00:00+00:00,29925.9,30080.0,29644.7,29795.5,609.387
2023-08-11 00:00:00+00:00,BTCUSDT_230929,2023-09-29 00:00:00+00:00,29795.5,29902.8,29551.6,29760.8,628.7
2023-08-12 00:00:00+00:00,BTCUSDT_230929,2023-09-29 00:00:00+00:00,29761.2,29817.1,29704.1,29756.4,224.795
2023-08-13 00:00:00+00:00,BTCUSDT_230929,2023-09-29 00:00:00+00:00,29756.3,29791.2,29590.0,29615.4,280.408
2023-08-14 00:00:00+00:00,BTCUSDT_230929,2023-09-29 00:00:00+00:00,29615.1,30016.3,29400.0,29743.0,916.536
2023-08-15 00:00:00+00:00,BTCUSDT_230929,2023-09-29 00:00:00+00:00,29743.1,29823.1,29388.1,29504.7,588.08
2023-08-16 00:00:00+00:00,BTCUSDT_230929,2023-09-29 00:00:00+00:00,29504.1,29574.8,29021.1,29023.5,974.76
2023-08-17 00:00:00+00:00,BTCUSDT_230929,2023-09-29 00:00:00+00:00,29027.4,29082.7,24658.3,26861.0,3860.923
2023-08-18 00:00:00+00:00,BTCUSDT_230929,2023-09-29 00:00:00+00:00,26862.0,27054.4,25800.0,26259.1,2237.216
2023-08-19 00:00:00+00:00,BTCUSDT_230929,2023-09-29 00:00:00+00:00,26259.5,26481.0,25991.9,26303.7,986.625
2023-08-20 00:00:00+00:00,BTCUSDT_230929,2023-09-29 00:00:00+00:00,26303.4,26482.2,26157.2,26368.6,495.504
2023-08-21 00:00:00+00:00,BTCUSDT_230929,2023-09-29 00:00:00+00:00,26369.7,26444.3,25974.9,26286.4,976.095
2023-08-22 00:00:00+00:00,BTCUSDT_230929,2023-09-29 00:00:00+00:00,26289.1,26307.1,25439.8,26232.3,1299.483
2023-08-23 00:00:00+00:00,BTCUSDT_230929,2023-09-29 00:00:00+00:00,26229.1,26980.8,25954.2,26572.3,2092.886
2023-08-24 00:00:00+00:00,BTCUSDT_230929,2023-09-29 00:00:00+00:00,26573.1,26721.6,25990.0,26306.9,1163.158
2023-08-25 00:00:00+00:00,BTCUSDT_230929,2023-09-29 00:00:00+00:00,26306.9,26451.8,25900.0,26176.0,1005.14
2023-08-26 00:00:00+00:00,BTCUSDT_230929,2023-09-29 00:00:00+00:00,26178.8,26242.6,26090.7,26121.7,234.049
2023-08-27 00:00:00+00:00,BTCUSDT_230929,2023-09-29 00:00:00+00:00,26120.2,26278.8,26074.4,26194.9,339.483
2023-08-28 00:00:00+00:00,BTCUSDT_230929,2023-09-29 00:00:00+00:00,26194.8,26346.6,25948.9,26208.5,768.764
2023-08-29 00:00:00+00:00,BTCUSDT_230929,2023-09-29 00:00:00+00:00,26202.7,28240.5,26005.0,27800.8,4036.933
2023-08-30 00:00:00+00:00,BTCUSDT_230929,2023-09-29 00:00:00+00:00,27803.5,27861.3,27050.0,27384.0,1821.292
2023-08-31 00:00:00+00:00,BTCUSDT_230929,2023-09-29 00:00:00+00:00,27384.1,27718.2,25704.2,26009.7,2650.601
2023-09-01 00:00:00+00:00,BTCUSDT_230929,2023-09-29 00:00:00+00:00,26006.8,26229.3,25400.0,25877.7,1303.526
2023-09-02 00:00:00+00:00,BTCUSDT_230929,2023-09-29 00:00:00+00:00,25881.3,26051.1,25811.3,25935.7,564.626
2023-09-03 00:00:00+00:00,BTCUSDT_230929,2023-09-29 00:00:00+00:00,25936.4,26214.8,25852.8,26033.0,672.595
2023-09-04 00:00:00+00:00,BTCUSDT_230929,2023-09-29 00:00:00+00:00,26032.6,26165.0,25661.4,25855.7,804.094
2023-09-05 00:00:00+00:00,BTCUSDT_230929,2023-09-29 00:00:00+00:00,25859.3,25946.9,25585.1,25829.3,834.825
2023-09-06 00:00:00+00:00,BTCUSDT_230929,2023-09-29 00:00:00+00:00,25830.8,26094.0,25400.0,25799.8,940.113
2023-09-07 00:00:00+00:00,BTCUSDT_230929,2023-09-29 00:00:00+00:00,25800.0,26499.9,25652.1,26301.7,1102.829
2023-09-08 00:00:00+00:00,BTCUSDT_230929,2023-09-29 00:00:00+00:00,26301.3,26495.8,25687.6,25955.1,1100.214
2023-09-09 00:00:00+00:00,BTCUSDT_230929,2023-09-29 00:00:00+00:00,25954.0,25986.5,25825.0,25942.9,289.83
2023-09-10 00:00:00+00:00,BTCUSDT_230929,2023-09-29 00:00:00+00:00,25947.9,26075.4,25562.0,25866.2,628.493
2023-09-11 00:00:00+00:00,BTCUSDT_230929,2023-09-29 00:00:00+00:00,25865.5,25938.3,24913.1,25186.6,1515.963
2023-09-12 00:00:00+00:00,BTCUSDT_230929,2023-09-29 00:00:00+00:00,25186.7,26626.6,25159.2,25876.5,2378.102
2023-09-13 00:00:00+00:00,BTCUSDT_230929,2023-09-29 00:00:00+00:00,25875.7,26438.1,25798.9,26253.6,1231.434
2023-09-14 00:00:00+00:00,BTCUSDT_230929,2023-09-29 00:00:00+00:00,26254.1,26899.7,26153.8,26552.7,1438.287
2023-09-15 00:00:00+00:00,BTCUSDT_230929,2023-09-29 00:00:00+00:00,26549.0,26928.5,26232.2,26630.1,935.738
2023-09-16 00:00:00+00:00,BTCUSDT_230929,2023-09-29 00:00:00+00:00,26628.1,26810.0,26466.0,26580.3,460.543
2023-09-17 00:00:00+00:00,BTCUSDT_230929,2023-09-29 00:00:00+00:00,26579.7,26640.6,26415.6,26535.8,428.467
2023-09-18 00:00:00+00:00,BTCUSDT_230929,2023-09-29 00:00:00+00:00,26535.4,27435.1,26366.6,26775.5,2251.993
2023-09-19 00:00:00+00:00,BTCUSDT_230929,2023-09-29 00:00:00+00:00,26772.5,27511.8,26680.1,27204.0,1589.795
2023-09-20 00:00:00+00:00,BTCUSDT_230929,2023-09-29 00:00:00+00:00,27215.6,27394.1,26762.4,27129.6,1315.663
2023-09-21 00:00:00+00:00,BTCUSDT_230929,2023-09-29 00:00:00+00:00,27126.5,27164.7,26387.0,26579.4,1158.738
2023-09-22 00:00:00+00:00,BTCUSDT_230929,2023-09-29 00:00:00+00:00,26575.3,26768.6,26477.6,26588.6,642.684
2023-09-23 00:00:00+00:00,BTCUSDT_230929,2023-09-29 00:00:00+00:00,26588.0,26639.3,26520.1,26577.3,198.462
2023-09-24 00:00:00+00:00,BTCUSDT_230929,2023-09-29 00:00:00+00:00,26577.3,26740.5,26096.5,26254.5,599.73
2023-09-25 00:00:00+00:00,BTCUSDT_230929,2023-09-29 00:00:00+00:00,26250.1,26452.0,25987.2,26308.1,1015.059
2023-09-26 00:00:00+00:00,BTCUSDT_230929,2023-09-29 00:00:00+00:00,26308.5,26399.8,26093.0,26221.8,609.699
2023-09-27 00:00:00+00:00,BTCUSDT_230929,2023-09-29 00:00:00+00:00,26221.9,26867.7,26108.2,26365.7,1235.618
2023-09-28 00:00:00+00:00,BTCUSDT_230929,2023-09-29 00:00:00+00:00,26366.6,27314.5,26338.9,27017.9,1187.771
2023-09-29 00:00:00+00:00,BTCUSDT_230929,2023-09-29 00:00:00+00:00,27018.6,27180.0,26870.8,27108.4,180.941
2023-09-30 00:00:00+00:00,BTCUSDT_230929,2023-09-29 00:00:00+00:00,27108.4,27108.4,27108.4,27108.4,0.0
2023-10-01 00:00:00+00:00,BTCUSDT_230929,2023-09-29 00:00:00+00:00,27108.4,27108.4,27108.4,27108.4,0.0
2023-10-02 00:00:00+00:00,BTCUSDT_230929,2023-09-29 00:00:00+00:00,27108.4,27108.4,27108.4,27108.4,0.0
2023-10-03 00:00:00+00:00,BTCUSDT_230929,2023-09-29 00:00:00+00:00,27108.4,27108.4,27108.4,27108.4,0.0
2023-10-04 00:00:00+00:00,BTCUSDT_230929,2023-09-29 00:00:00+00:00,27108.4,27108.4,27108.4,27108.4,0.0
2023-10-05 00:00:00+00:00,BTCUSDT_230929,2023-09-29 00:00:00+00:00,27108.4,27108.4,27108.4,27108.4,0.0
2023-10-06 00:00:00+00:00,BTCUSDT_230929,2023-09-29 00:00:00+00:00,27108.4,27108.4,27108.4,27108.4,0.0
2023-10-07 00:00:00+00:00,BTCUSDT_230929,2023-09-29 00:00:00+00:00,27108.4,27108.4,27108.4,27108.4,0.0
2023-10-08 00:00:00+00:00,BTCUSDT_230929,2023-09-29 00:00:00+00:00,27108.4,27108.4,27108.4,27108.4,0.0
2023-10-09 00:00:00+00:00,BTCUSDT_230929,2023-09-29 00:00:00+00:00,27108.4,27108.4,27108.4,27108.4,0.0
2023-10-10 00:00:00+00:00,BTCUSDT_230929,2023-09-29 00:00:00+00:00,27108.4,27108.4,27108.4,27108.4,0.0
2023-10-11 00:00:00+00:00,BTCUSDT_230929,2023-09-29 00:00:00+00:00,27108.4,27108.4,27108.4,27108.4,0.0
2023-10-12 00:00:00+00:00,BTCUSDT_230929,2023-09-29 00:00:00+00:00,27108.4,27108.4,27108.4,27108.4,0.0
2023-10-13 00:00:00+00:00,BTCUSDT_230929,2023-09-29 00:00:00+00:00,27108.4,27108.4,27108.4,27108.4,0.0
2023-10-14 00:00:00+00:00,BTCUSDT_230929,2023-09-29 00:00:00+00:00,27108.4,27108.4,27108.4,27108.4,0.0
2023-10-15 00:00:00+00:00,BTCUSDT_230929,2023-09-29 00:00:00+00:00,27108.4,27108.4,27108.4,27108.4,0.0
2023-10-16 00:00:00+00:00,BTCUSDT_230929,2023-09-29 00:00:00+00:00,27108.4,27108.4,27108.4,27108.4,0.0
2023-10-17 00:00:00+00:00,BTCUSDT_230929,2023-09-29 00:00:00+00:00,27108.4,27108.4,27108.4,27108.4,0.0
2023-10-18 00:00:00+00:00,BTCUSDT_230929,2023-09-29 00:00:00+00:00,27108.4,27108.4,27108.4,27108.4,0.0
2023-10-19 00:00:00+00:00,BTCUSDT_230929,2023-09-29 00:00:00+00:00,27108.4,27108.4,27108.4,27108.4,0.0
2023-10-20 00:00:00+00:00,BTCUSDT_230929,2023-09-29 00:00:00+00:00,27108.4,27108.4,27108.4,27108.4,0.0
2023-10-21 00:00:00+00:00,BTCUSDT_230929,2023-09-29 00:00:00+00:00,27108.4,27108.4,27108.4,27108.4,0.0
2023-10-22 00:00:00+00:00,BTCUSDT_230929,2023-09-29 00:00:00+00:00,27108.4,27108.4,27108.4,27108.4,0.0
2023-10-23 00:00:00+00:00,BTCUSDT_230929,2023-09-29 00:00:00+00:00,27108.4,27108.4,27108.4,27108.4,0.0
2023-10-24 00:00:00+00:00,BTCUSDT_230929,2023-09-29 00:00:00+00:00,27108.4,27108.4,27108.4,27108.4,0.0
2023-10-25 00:00:00+00:00,BTCUSDT_230929,2023-09-29 00:00:00+00:00,27108.4,27108.4,27108.4,27108.4,0.0
2023-10-26 00:00:00+00:00,BTCUSDT_230929,2023-09-29 00:00:00+00:00,27108.4,27108.4,27108.4,27108.4,0.0
2023-10-27 00:00:00+00:00,BTCUSDT_230929,2023-09-29 00:00:00+00:00,27108.4,27108.4,27108.4,27108.4,0.0
2023-10-28 00:00:00+00:00,BTCUSDT_230929,2023-09-29 00:00:00+00:00,27108.4,27108.4,27108.4,27108.4,0.0
2023-10-29 00:00:00+00:00,BTCUSDT_230929,2023-09-29 00:00:00+00:00,27108.4,27108.4,27108.4,27108.4,0.0
2023-10-30 00:00:00+00:00,BTCUSDT_230929,2023-09-29 00:00:00+00:00,27108.4,27108.4,27108.4,27108.4,0.0
2023-10-31 00:00:00+00:00,BTCUSDT_230929,2023-09-29 00:00:00+00:00,27108.4,27108.4,27108.4,27108.4,0.0
2023-11-01 00:00:00+00:00,BTCUSDT_230929,2023-09-29 00:00:00+00:00,27108.4,27108.4,27108.4,27108.4,0.0
2023-11-02 00:00:00+00:00,BTCUSDT_230929,2023-09-29 00:00:00+00:00,27108.4,27108.4,27108.4,27108.4,0.0
2023-11-03 00:00:00+00:00,BTCUSDT_230929,2023-09-29 00:00:00+00:00,27108.4,27108.4,27108.4,27108.4,0.0
2023-11-04 00:00:00+00:00,BTCUSDT_230929,2023-09-29 00:00:00+00:00,27108.4,27108.4,27108.4,27108.4,0.0
2023-11-05 00:00:00+00:00,BTCUSDT_230929,2023-09-29 00:00:00+00:00,27108.4,27108.4,27108.4,27108.4,0.0
2023-11-06 00:00:00+00:00,BTCUSDT_230929,2023-09-29 00:00:00+00:00,27108.4,27108.4,27108.4,27108.4,0.0
2023-11-07 00:00:00+00:00,BTCUSDT_230929,2023-09-29 00:00:00+00:00,27108.4,27108.4,27108.4,27108.4,0.0
2023-11-08 00:00:00+00:00,BTCUSDT_230929,2023-09-29 00:00:00+00:00,27108.4,27108.4,27108.4,27108.4,0.0
2023-11-09 00:00:00+00:00,BTCUSDT_230929,2023-09-29 00:00:00+00:00,27108.4,27108.4,27108.4,27108.4,0.0
2023-11-10 00:00:00+00:00,BTCUSDT_230929,2023-09-29 00:00:00+00:00,27108.4,27108.4,27108.4,27108.4,0.0
2023-11-11 00:00:00+00:00,BTCUSDT_230929,2023-09-29 00:00:00+00:00,27108.4,27108.4,27108.4,27108.4,0.0
2023-11-12 00:00:00+00:00,BTCUSDT_230929,2023-09-29 00:00:00+00:00,27108.4,27108.4,27108.4,27108.4,0.0
2023-11-13 00:00:00+00:00,BTCUSDT_230929,2023-09-29 00:00:00+00:00,27108.4,27108.4,27108.4,27108.4,0.0
2023-11-14 00:00:00+00:00,BTCUSDT_230929,2023-09-29 00:00:00+00:00,27108.4,27108.4,27108.4,27108.4,0.0
2023-08-18 00:00:00+00:00,BTCUSDT_231229,2023-12-29 00:00:00+00:00,27367.0,27367.1,26140.6,26547.8,181.246
2023-08-19 00:00:00+00:00,BTCUSDT_231229,2023-12-29 00:00:00+00:00,26551.7,26840.8,26293.6,26676.0,412.012
2023-08-20 00:00:00+00:00,BTCUSDT_231229,2023-12-29 00:00:00+00:00,26676.2,26895.6,26563.7,26773.5,260.57
2023-08-21 00:00:00+00:00,BTCUSDT_231229,2023-12-29 00:00:00+00:00,26773.4,26873.5,26447.7,26735.8,295.376
2023-08-22 00:00:00+00:00,BTCUSDT_231229,2023-12-29 00:00:00+00:00,26744.9,26752.4,26000.1,26620.4,362.323
2023-08-23 00:00:00+00:00,BTCUSDT_231229,2023-12-29 00:00:00+00:00,26635.1,27429.0,26379.1,27025.3,416.997
2023-08-24 00:00:00+00:00,BTCUSDT_231229,2023-12-29 00:00:00+00:00,27012.3,27149.0,26437.7,26770.1,366.757
2023-08-25 00:00:00+00:00,BTCUSDT_231229,2023-12-29 00:00:00+00:00,26772.1,26895.0,26365.4,26632.2,290.369
2023-08-26 00:00:00+00:00,BTCUSDT_231229,2023-12-29 00:00:00+00:00,26634.3,26710.6,26551.0,26580.0,254.766
2023-08-27 00:00:00+00:00,BTCUSDT_231229,2023-12-29 00:00:00+00:00,26578.9,26750.0,26538.8,26640.4,263.892
2023-08-28 00:00:00+00:00,BTCUSDT_231229,2023-12-29 00:00:00+00:00,26640.2,26792.0,26414.7,26636.6,353.682
2023-08-29 00:00:00+00:00,BTCUSDT_231229,2023-12-29 00:00:00+00:00,26637.6,28709.4,26460.0,28222.0,729.132
2023-08-30 00:00:00+00:00,BTCUSDT_231229,2023-12-29 00:00:00+00:00,28221.9,28265.5,27505.1,27808.7,545.882
2023-08-31 00:00:00+00:00,BTCUSDT_231229,2023-12-29 00:00:00+00:00,27806.3,28098.0,26115.4,26428.6,458.505
2023-09-01 00:00:00+00:00,BTCUSDT_231229,2023-12-29 00:00:00+00:00,26429.0,26635.8,25824.1,26306.5,397.715
2023-09-02 00:00:00+00:00,BTCUSDT_231229,2023-12-29 00:00:00+00:00,26297.9,26464.9,26215.3,26342.7,269.689
2023-09-03 00:00:00+00:00,BTCUSDT_231229,2023-12-29 00:00:00+00:00,26342.7,26600.0,26250.0,26425.5,288.618
2023-09-04 00:00:00+00:00,BTCUSDT_231229,2023-12-29 00:00:00+00:00,26423.9,26544.0,26034.4,26240.0,324.31
2023-09-05 00:00:00+00:00,BTCUSDT_231229,2023-12-29 00:00:00+00:00,26239.7,26301.6,25990.0,26189.7,353.256
2023-09-06 00:00:00+00:00,BTCUSDT_231229,2023-12-29 00:00:00+00:00,26189.8,26450.6,25714.5,26141.1,464.391
2023-09-07 00:00:00+00:00,BTCUSDT_231229,2023-12-29 00:00:00+00:00,26145.4,26865.6,26000.1,26644.0,529.473
2023-09-08 00:00:00+00:00,BTCUSDT_231229,2023-12-29 00:00:00+00:00,26647.3,26842.3,26043.7,26245.1,535.519
2023-09-09 00:00:00+00:00,BTCUSDT_231229,2023-12-29 00:00:00+00:00,26248.0,26275.2,26138.0,26224.1,355.36
2023-09-10 00:00:00+00:00,BTCUSDT_231229,2023-12-29 00:00:00+00:00,26230.8,26387.6,25900.0,26160.6,417.911
2023-09-11 00:00:00+00:00,BTCUSDT_231229,2023-12-29 00:00:00+00:00,26162.7,26239.4,25209.2,25488.9,708.08
2023-09-12 00:00:00+00:00,BTCUSDT_231229,2023-12-29 00:00:00+00:00,25488.9,27200.0,25447.0,26179.1,1040.146
2023-09-13 00:00:00+00:00,BTCUSDT_231229,2023-12-29 00:00:00+00:00,26180.2,26746.3,26088.6,26557.2,618.509
2023-09-14 00:00:00+00:00,BTCUSDT_231229,2023-12-29 00:00:00+00:00,26555.2,27200.0,26465.0,26850.1,591.473
2023-09-15 00:00:00+00:00,BTCUSDT_231229,2023-12-29 00:00:00+00:00,26851.1,27250.0,26550.0,26938.3,534.376
2023-09-16 00:00:00+00:00,BTCUSDT_231229,2023-12-29 00:00:00+00:00,26937.0,27130.4,26778.3,26890.7,384.896
2023-09-17 00:00:00+00:00,BTCUSDT_231229,2023-12-29 00:00:00+00:00,26882.8,26952.7,26723.6,26852.8,323.707
2023-09-18 00:00:00+00:00,BTCUSDT_231229,2023-12-29 00:00:00+00:00,26860.9,27721.2,26690.0,27080.6,937.053
2023-09-19 00:00:00+00:00,BTCUSDT_231229,2023-12-29 00:00:00+00:00,27068.5,27800.0,26971.5,27517.6,844.55
2023-09-20 00:00:00+00:00,BTCUSDT_231229,2023-12-29 00:00:00+00:00,27516.5,27700.0,27125.0,27443.2,606.524
2023-09-21 00:00:00+00:00,BTCUSDT_231229,2023-12-29 00:00:00+00:00,27441.6,27488.9,26700.0,26874.8,566.209
2023-09-22 00:00:00+00:00,BTCUSDT_231229,2023-12-29 00:00:00+00:00,26879.2,27068.0,26764.8,26888.3,391.767
2023-09-23 00:00:00+00:00,BTCUSDT_231229,2023-12-29 00:00:00+00:00,26886.9,26960.0,26832.3,26887.9,333.436
2023-09-24 00:00:00+00:00,BTCUSDT_231229,2023-12-29 00:00:00+00:00,26890.5,27039.9,26367.9,26539.1,419.257
2023-09-25 00:00:00+00:00,BTCUSDT_231229,2023-12-29 00:00:00+00:00,26522.8,26741.0,26272.5,26585.7,623.695
2023-09-26 00:00:00+00:00,BTCUSDT_231229,2023-12-29 00:00:00+00:00,26587.8,26685.9,26370.8,26518.6,433.526
2023-09-27 00:00:00+00:00,BTCUSDT_231229,2023-12-29 00:00:00+00:00,26512.3,27180.7,26424.0,26665.8,565.359
2023-09-28 00:00:00+00:00,BTCUSDT_231229,2023-12-29 00:00:00+00:00,26669.8,27639.0,26645.1,27348.7,593.764
2023-09-29 00:00:00+00:00,BTCUSDT_231229,2023-12-29 00:00:00+00:00,27341.9,27586.7,26966.0,27236.3,640.688
2023-09-30 00:00:00+00:00,BTCUSDT_231229,2023-12-29 00:00:00+00:00,27236.6,27409.0,27212.9,27281.8,252.992
2023-10-01 00:00:00+00:00,BTCUSDT_231229,2023-12-29 00:00:00+00:00,27277.8,29000.0,27272.2,28340.7,623.529
2023-10-02 00:00:00+00:00,BTCUSDT_231229,2023-12-29 00:00:00+00:00,28340.7,28953.0,27606.0,27837.6,1993.783
2023-10-03 00:00:00+00:00,BTCUSDT_231229,2023-12-29 00:00:00+00:00,27837.7,28010.1,27500.0,27776.5,784.894
2023-10-04 00:00:00+00:00,BTCUSDT_231229,2023-12-29 00:00:00+00:00,27760.9,28230.0,27541.0,28157.7,782.016
2023-10-05 00:00:00+00:00,BTCUSDT_231229,2023-12-29 00:00:00+00:00,28153.9,28488.0,27709.2,27765.9,1058.401
2023-10-06 00:00:00+00:00,BTCUSDT_231229,2023-12-29 00:00:00+00:00,27764.4,28666.0,27513.8,28296.7,1189.031
2023-10-07 00:00:00+00:00,BTCUSDT_231229,2023-12-29 00:00:00+00:00,28290.8,28379.6,28200.0,28313.8,184.836
2023-10-08 00:00:00+00:00,BTCUSDT_231229,2023-12-29 00:00:00+00:00,28302.7,28464.1,28009.2,28262.7,323.12
2023-10-09 00:00:00+00:00,BTCUSDT_231229,2023-12-29 00:00:00+00:00,28259.5,28329.0,27587.8,27923.6,720.658
2023-10-10 00:00:00+00:00,BTCUSDT_231229,2023-12-29 00:00:00+00:00,27923.9,28069.6,27613.5,27718.1,581.947
2023-10-11 00:00:00+00:00,BTCUSDT_231229,2023-12-29 00:00:00+00:00,27715.2,27812.6,26791.1,27167.6,1135.597
2023-10-12 00:00:00+00:00,BTCUSDT_231229,2023-12-29 00:00:00+00:00,27160.9,27233.2,26840.0,27067.6,525.599
2023-10-13 00:00:00+00:00,BTCUSDT_231229,2023-12-29 00:00:00+00:00,27061.3,27417.6,26958.9,27137.6,595.148
2023-10-14 00:00:00+00:00,BTCUSDT_231229,2023-12-29 00:00:00+00:00,27138.8,27260.6,27063.1,27122.2,206.105
2023-10-15 00:00:00+00:00,BTCUSDT_231229,2023-12-29 00:00:00+00:00,27121.7,27553.4,27076.6,27411.9,376.835
2023-10-16 00:00:00+00:00,BTCUSDT_231229,2023-12-29 00:00:00+00:00,27416.4,30786.6,27359.8,28761.5,2746.068
2023-10-17 00:00:00+00:00,BTCUSDT_231229,2023-12-29 00:00:00+00:00,28772.1,28884.0,28330.0,28653.6,835.469
2023-10-18 00:00:00+00:00,BTCUSDT_231229,2023-12-29 00:00:00+00:00,28651.9,29295.6,28390.1,28610.4,1227.17
2023-10-19 00:00:00+00:00,BTCUSDT_231229,2023-12-29 00:00:00+00:00,28609.0,29200.0,28380.0,28984.9,875.155
2023-10-20 00:00:00+00:00,BTCUSDT_231229,2023-12-29 00:00:00+00:00,28985.4,30550.5,28853.2,29930.1,1492.407
2023-10-21 00:00:00+00:00,BTCUSDT_231229,2023-12-29 00:00:00+00:00,29931.3,30657.7,29725.8,30171.2,617.015
2023-10-22 00:00:00+00:00,BTCUSDT_231229,2023-12-29 00:00:00+00:00,30165.9,30513.6,29876.0,30279.9,499.534
2023-10-23 00:00:00+00:00,BTCUSDT_231229,2023-12-29 00:00:00+00:00,30280.5,36313.8,30162.5,33414.4,3154.082
2023-10-24 00:00:00+00:00,BTCUSDT_231229,2023-12-29 00:00:00+00:00,33439.1,35684.3,33192.8,34299.9,2318.81
2023-10-25 00:00:00+00:00,BTCUSDT_231229,2023-12-29 00:00:00+00:00,34305.3,35567.9,34088.3,34908.9,1352.752
2023-10-26 00:00:00+00:00,BTCUSDT_231229,2023-12-29 00:00:00+00:00,34918.9,35271.2,34191.6,34628.9,879.33
2023-10-27 00:00:00+00:00,BTCUSDT_231229,2023-12-29 00:00:00+00:00,34626.0,34726.5,33756.5,34344.0,748.192
2023-10-28 00:00:00+00:00,BTCUSDT_231229,2023-12-29 00:00:00+00:00,34343.2,34990.6,34317.4,34551.8,559.355
2023-10-29 00:00:00+00:00,BTCUSDT_231229,2023-12-29 00:00:00+00:00,34541.6,35257.8,34387.2,35005.4,602.558
2023-10-30 00:00:00+00:00,BTCUSDT_231229,2023-12-29 00:00:00+00:00,35006.2,35355.4,34516.0,34959.2,1001.688
2023-10-31 00:00:00+00:00,BTCUSDT_231229,2023-12-29 00:00:00+00:00,34960.8,35218.7,34481.6,35135.1,935.47
2023-11-01 00:00:00+00:00,BTCUSDT_231229,2023-12-29 00:00:00+00:00,35127.4,36271.9,34532.4,35948.0,1302.491
2023-11-02 00:00:00+00:00,BTCUSDT_231229,2023-12-29 00:00:00+00:00,35958.3,36561.1,34777.9,35442.0,1156.729
2023-11-03 00:00:00+00:00,BTCUSDT_231229,2023-12-29 00:00:00+00:00,35453.1,35457.6,34605.0,35199.7,1518.796
2023-11-04 00:00:00+00:00,BTCUSDT_231229,2023-12-29 00:00:00+00:00,35190.2,35744.1,35066.7,35548.8,767.97
2023-11-05 00:00:00+00:00,BTCUSDT_231229,2023-12-29 00:00:00+00:00,35550.1,35963.2,34777.6,35557.1,941.997
2023-11-06 00:00:00+00:00,BTCUSDT_231229,2023-12-29 00:00:00+00:00,35545.4,35826.9,35249.2,35589.1,466.296
2023-11-07 00:00:00+00:00,BTCUSDT_231229,2023-12-29 00:00:00+00:00,35585.0,36445.5,35017.4,35935.8,861.968
2023-11-08 00:00:00+00:00,BTCUSDT_231229,2023-12-29 00:00:00+00:00,35938.2,36679.9,35571.9,36141.5,824.45
2023-11-09 00:00:00+00:00,BTCUSDT_231229,2023-12-29 00:00:00+00:00,36141.6,38753.2,36052.2,37212.8,3237.893
2023-11-10 00:00:00+00:00,BTCUSDT_231229,2023-12-29 00:00:00+00:00,37206.4,38079.3,36868.9,37861.1,1239.891
2023-11-11 00:00:00+00:00,BTCUSDT_231229,2023-12-29 00:00:00+00:00,37864.1,37952.2,37099.6,37658.8,490.746
2023-11-12 00:00:00+00:00,BTCUSDT_231229,2023-12-29 00:00:00+00:00,37657.6,37763.9,37204.7,37604.6,359.9
2023-11-13 00:00:00+00:00,BTCUSDT_231229,2023-12-29 00:00:00+00:00,37602.6,37967.7,36827.9,36992.0,785.739
2023-11-14 00:00:00+00:00,BTCUSDT_231229,2023-12-29 00:00:00+00:00,36995.8,37299.9,35000.0,36057.0,1407.118
2023-11-15 00:00:00+00:00,BTCUSDT_231229,2023-12-29 00:00:00+00:00,36043.0,38562.7,35886.7,38444.8,1849.222
2023-11-16 00:00:00+00:00,BTCUSDT_231229,2023-12-29 00:00:00+00:00,38444.6,38513.2,35933.8,36656.7,1543.137
2023-11-17 00:00:00+00:00,BTCUSDT_231229,2023-12-29 00:00:00+00:00,36649.0,37360.1,36266.6,37065.5,1130.845
2023-11-18 00:00:00+00:00,BTCUSDT_231229,2023-12-29 00:00:00+00:00,37058.1,37310.9,36569.7,36979.4,512.45
2023-11-19 00:00:00+00:00,BTCUSDT_231229,2023-12-29 00:00:00+00:00,36993.9,37955.1,36783.1,37792.8,588.983
2023-11-20 00:00:00+00:00,BTCUSDT_231229,2023-12-29 00:00:00+00:00,37803.5,38172.8,36911.4,37846.8,1099.935
2023-11-21 00:00:00+00:00,BTCUSDT_231229,2023-12-29 00:00:00+00:00,37840.6,38073.2,36023.1,36045.1,1428.449
2023-11-22 00:00:00+00:00,BTCUSDT_231229,2023-12-29 00:00:00+00:00,36036.1,38229.1,35898.5,37771.4,809.246
2023-11-23 00:00:00+00:00,BTCUSDT_231229,2023-12-29 00:00:00+00:00,37779.4,38023.8,37192.4,37636.1,444.133
2023-11-24 00:00:00+00:00,BTCUSDT_231229,2023-12-29 00:00:00+00:00,37658.3,38800.0,37604.8,38054.0,1191.258
2023-11-25 00:00:00+00:00,BTCUSDT_231229,2023-12-29 00:00:00+00:00,38062.1,38260.2,37937.4,38136.1,250.791
2023-11-26 00:00:00+00:00,BTCUSDT_231229,2023-12-29 00:00:00+00:00,38139.5,38171.5,37451.1,37806.7,539.413
2023-11-27 00:00:00+00:00,BTCUSDT_231229,2023-12-29 00:00:00+00:00,37806.7,37927.6,36987.7,37547.1,655.123
2023-11-28 00:00:00+00:00,BTCUSDT_231229,2023-12-29 00:00:00+00:00,37550.8,38730.8,37171.2,38130.9,755.393
2023-11-29 00:00:00+00:00,BTCUSDT_231229,2023-12-29 00:00:00+00:00,38131.0,38821.9,37846.5,38141.3,577.095
2023-11-30 00:00:00+00:00,BTCUSDT_231229,2023-12-29 00:00:00+00:00,38137.3,38435.7,37742.3,38007.6,405.998
2023-12-01 00:00:00+00:00,BTCUSDT_231229,2023-12-29 00:00:00+00:00,38015.7,39312.0,37886.3,38983.7,710.039
2023-12-02 00:00:00+00:00,BTCUSDT_231229,2023-12-29 00:00:00+00:00,38981.7,40187.1,38932.9,39773.5,565.428
2023-12-03 00:00:00+00:00,BTCUSDT_231229,2023-12-29 00:00:00+00:00,39772.5,40663.4,39585.2,40283.1,668.764
2023-12-04 00:00:00+00:00,BTCUSDT_231229,2023-12-29 00:00:00+00:00,40283.2,42774.0,40283.2,42303.7,1385.132
2023-12-05 00:00:00+00:00,BTCUSDT_231229,2023-12-29 00:00:00+00:00,42300.0,44744.8,41700.0,44284.6,1662.923
2023-12-06 00:00:00+00:00,BTCUSDT_231229,2023-12-29 00:00:00+00:00,44293.3,44542.5,43586.2,43997.7,837.607
2023-12-07 00:00:00+00:00,BTCUSDT_231229,2023-12-29 00:00:00+00:00,43980.8,44290.5,43049.1,43561.3,1015.545
2023-12-08 00:00:00+00:00,BTCUSDT_231229,2023-12-29 00:00:00+00:00,43544.2,45039.1,43348.3,44464.3,817.75
2023-12-09 00:00:00+00:00,BTCUSDT_231229,2023-12-29 00:00:00+00:00,44467.3,44667.9,43828.0,43997.9,524.889
2023-12-10 00:00:00+00:00,BTCUSDT_231229,2023-12-29 00:00:00+00:00,43988.2,44356.0,43841.6,44075.8,382.239
2023-12-11 00:00:00+00:00,BTCUSDT_231229,2023-12-29 00:00:00+00:00,44074.7,44094.3,40440.2,41521.3,1663.044
2023-12-12 00:00:00+00:00,BTCUSDT_231229,2023-12-29 00:00:00+00:00,41510.9,42335.2,40905.5,41714.9,990.948
2023-12-13 00:00:00+00:00,BTCUSDT_231229,2023-12-29 00:00:00+00:00,41727.6,43707.1,40756.7,43081.1,934.887
2023-12-14 00:00:00+00:00,BTCUSDT_231229,2023-12-29 00:00:00+00:00,43084.4,43575.3,41500.1,43159.3,840.043
2023-12-15 00:00:00+00:00,BTCUSDT_231229,2023-12-29 00:00:00+00:00,43157.6,43230.1,41806.0,42093.5,515.028
2023-12-16 00:00:00+00:00,BTCUSDT_231229,2023-12-29 00:00:00+00:00,42099.0,42904.8,41763.0,42443.2,330.149
2023-12-17 00:00:00+00:00,BTCUSDT_231229,2023-12-29 00:00:00+00:00,42430.3,42624.6,41400.2,41498.4,462.58
2023-12-18 00:00:00+00:00,BTCUSDT_231229,2023-12-29 00:00:00+00:00,41498.7,42901.2,40650.1,42780.6,961.786
2023-12-19 00:00:00+00:00,BTCUSDT_231229,2023-12-29 00:00:00+00:00,42783.1,43658.5,41916.1,42358.7,925.629
2023-12-20 00:00:00+00:00,BTCUSDT_231229,2023-12-29 00:00:00+00:00,42355.1,44451.5,42291.2,43817.2,1335.143
2023-12-21 00:00:00+00:00,BTCUSDT_231229,2023-12-29 00:00:00+00:00,43823.9,44428.3,43442.8,44025.9,783.598
2023-12-22 00:00:00+00:00,BTCUSDT_231229,2023-12-29 00:00:00+00:00,44026.0,44626.8,43560.8,44128.5,517.787
2023-12-23 00:00:00+00:00,BTCUSDT_231229,2023-12-29 00:00:00+00:00,44145.0,44158.4,43441.2,43859.8,270.554
2023-12-24 00:00:00+00:00,BTCUSDT_231229,2023-12-29 00:00:00+00:00,43858.8,44115.5,42664.6,43125.6,463.523
2023-12-25 00:00:00+00:00,BTCUSDT_231229,2023-12-29 00:00:00+00:00,43088.8,43963.5,42854.5,43752.7,643.06
2023-12-26 00:00:00+00:00,BTCUSDT_231229,2023-12-29 00:00:00+00:00,43751.0,43777.9,41677.4,42601.3,1146.512
2023-12-27 00:00:00+00:00,BTCUSDT_231229,2023-12-29 00:00:00+00:00,42603.3,43739.0,42181.8,43483.1,767.328
2023-12-28 00:00:00+00:00,BTCUSDT_231229,2023-12-29 00:00:00+00:00,43481.6,43858.4,42332.5,42655.9,965.91
2023-12-29 00:00:00+00:00,BTCUSDT_231229,2023-12-29 00:00:00+00:00,42653.3,42862.7,42170.0,42374.0,277.767
2023-12-30 00:00:00+00:00,BTCUSDT_231229,2023-12-29 00:00:00+00:00,42374.0,42374.0,42374.0,42374.0,0.0
2023-12-31 00:00:00+00:00,BTCUSDT_231229,2023-12-29 00:00:00+00:00,42374.0,42374.0,42374.0,42374.0,0.0
2024-01-01 00:00:00+00:00,BTCUSDT_231229,2023-12-29 00:00:00+00:00,42374.0,42374.0,42374.0,42374.0,0.0
2024-01-02 00:00:00+00:00,BTCUSDT_231229,2023-12-29 00:00:00+00:00,42374.0,42374.0,42374.0,42374.0,0.0
2024-01-03 00:00:00+00:00,BTCUSDT_231229,2023-12-29 00:00:00+00:00,42374.0,42374.0,42374.0,42374.0,0.0
2024-01-04 00:00:00+00:00,BTCUSDT_231229,2023-12-29 00:00:00+00:00,42374.0,42374.0,42374.0,42374.0,0.0
2024-01-05 00:00:00+00:00,BTCUSDT_231229,2023-12-29 00:00:00+00:00,42374.0,42374.0,42374.0,42374.0,0.0
2024-01-06 00:00:00+00:00,BTCUSDT_231229,2023-12-29 00:00:00+00:00,42374.0,42374.0,42374.0,42374.0,0.0
2024-01-07 00:00:00+00:00,BTCUSDT_231229,2023-12-29 00:00:00+00:00,42374.0,42374.0,42374.0,42374.0,0.0
2024-01-08 00:00:00+00:00,BTCUSDT_231229,2023-12-29 00:00:00+00:00,42374.0,42374.0,42374.0,42374.0,0.0
2024-01-09 00:00:00+00:00,BTCUSDT_231229,2023-12-29 00:00:00+00:00,42374.0,42374.0,42374.0,42374.0,0.0
2023-09-29 00:00:00+00:00,BTCUSDT_240329,2024-03-29 00:00:00+00:00,27738.4,28094.9,27338.2,27535.7,243.522
2023-09-30 00:00:00+00:00,BTCUSDT_240329,2024-03-29 00:00:00+00:00,27538.0,27750.0,27492.2,27613.8,240.82
2023-10-01 00:00:00+00:00,BTCUSDT_240329,2024-03-29 00:00:00+00:00,27613.8,28994.2,27603.2,28659.3,325.2
2023-10-02 00:00:00+00:00,BTCUSDT_240329,2024-03-29 00:00:00+00:00,28661.5,29279.3,27962.5,28181.8,458.215
2023-10-03 00:00:00+00:00,BTCUSDT_240329,2024-03-29 00:00:00+00:00,28184.4,28320.0,27807.0,28104.4,308.139
2023-10-04 00:00:00+00:00,BTCUSDT_240329,2024-03-29 00:00:00+00:00,28100.9,28542.8,27913.0,28487.0,323.744
2023-10-05 00:00:00+00:00,BTCUSDT_240329,2024-03-29 00:00:00+00:00,28487.1,28819.9,28040.6,28081.9,325.17
2023-10-06 00:00:00+00:00,BTCUSDT_240329,2024-03-29 00:00:00+00:00,28093.8,28984.9,27831.1,28600.5,381.453
2023-10-07 00:00:00+00:00,BTCUSDT_240329,2024-03-29 00:00:00+00:00,28606.0,28710.7,28521.7,28617.3,263.931
2023-10-08 00:00:00+00:00,BTCUSDT_240329,2024-03-29 00:00:00+00:00,28617.4,28762.4,28369.2,28573.8,296.799
2023-10-09 00:00:00+00:00,BTCUSDT_240329,2024-03-29 00:00:00+00:00,28570.0,28646.0,27929.6,28244.1,358.604
2023-10-10 00:00:00+00:00,BTCUSDT_240329,2024-03-29 00:00:00+00:00,28252.4,28396.8,27955.0,28041.6,326.623
2023-10-11 00:00:00+00:00,BTCUSDT_240329,2024-03-29 00:00:00+00:00,28053.4,28145.7,27064.4,27452.8,434.568
2023-10-12 00:00:00+00:00,BTCUSDT_240329,2024-03-29 00:00:00+00:00,27452.8,27532.1,27064.0,27320.5,299.625
2023-10-13 00:00:00+00:00,BTCUSDT_240329,2024-03-29 00:00:00+00:00,27320.6,27654.9,27221.2,27371.8,284.839
2023-10-14 00:00:00+00:00,BTCUSDT_240329,2024-03-29 00:00:00+00:00,27371.8,27498.1,27316.2,27357.8,235.486
2023-10-15 00:00:00+00:00,BTCUSDT_240329,2024-03-29 00:00:00+00:00,27357.2,27800.0,27316.8,27668.9,336.046
2023-10-16 00:00:00+00:00,BTCUSDT_240329,2024-03-29 00:00:00+00:00,27667.7,31194.7,27626.0,29038.0,776.603
2023-10-17 00:00:00+00:00,BTCUSDT_240329,2024-03-29 00:00:00+00:00,29038.0,29150.0,28600.0,28932.3,434.294
2023-10-18 00:00:00+00:00,BTCUSDT_240329,2024-03-29 00:00:00+00:00,28931.4,29530.0,28689.2,28856.8,359.794
2023-10-19 00:00:00+00:00,BTCUSDT_240329,2024-03-29 00:00:00+00:00,28847.4,29450.0,28671.8,29250.2,404.087
2023-10-20 00:00:00+00:00,BTCUSDT_240329,2024-03-29 00:00:00+00:00,29249.2,30835.5,29124.4,30188.6,482.577
2023-10-21 00:00:00+00:00,BTCUSDT_240329,2024-03-29 00:00:00+00:00,30192.4,30942.0,29991.1,30426.8,446.315
2023-10-22 00:00:00+00:00,BTCUSDT_240329,2024-03-29 00:00:00+00:00,30428.4,30809.3,30183.8,30530.0,369.879
2023-10-23 00:00:00+00:00,BTCUSDT_240329,2024-03-29 00:00:00+00:00,30553.2,36784.2,30426.1,33759.7,783.287
2023-10-24 00:00:00+00:00,BTCUSDT_240329,2024-03-29 00:00:00+00:00,33759.7,36000.0,33548.2,34632.4,727.363
2023-10-25 00:00:00+00:00,BTCUSDT_240329,2024-03-29 00:00:00+00:00,34585.5,35971.0,34432.4,35301.7,480.088
2023-10-26 00:00:00+00:00,BTCUSDT_240329,2024-03-29 00:00:00+00:00,35300.0,35645.1,34556.2,35014.2,444.067
2023-10-27 00:00:00+00:00,BTCUSDT_240329,2024-03-29 00:00:00+00:00,35014.3,35113.5,34250.0,34752.0,400.818
2023-10-28 00:00:00+00:00,BTCUSDT_240329,2024-03-29 00:00:00+00:00,34745.3,35449.3,34722.2,34994.8,363.313
2023-10-29 00:00:00+00:00,BTCUSDT_240329,2024-03-29 00:00:00+00:00,34993.9,35735.8,34841.8,35472.7,423.031
2023-10-30 00:00:00+00:00,BTCUSDT_240329,2024-03-29 00:00:00+00:00,35489.4,35890.0,35028.0,35474.9,405.105
2023-10-31 00:00:00+00:00,BTCUSDT_240329,2024-03-29 00:00:00+00:00,35464.1,35732.0,34985.9,35650.8,375.758
2023-11-01 00:00:00+00:00,BTCUSDT_240329,2024-03-29 00:00:00+00:00,35659.0,36788.1,35110.2,36574.6,525.536
2023-11-02 00:00:00+00:00,BTCUSDT_240329,2024-03-29 00:00:00+00:00,36588.7,37196.7,35380.9,36085.0,541.578
2023-11-03 00:00:00+00:00,BTCUSDT_240329,2024-03-29 00:00:00+00:00,36089.4,36090.5,35196.1,35853.6,477.122
2023-11-04 00:00:00+00:00,BTCUSDT_240329,2024-03-29 00:00:00+00:00,35853.0,36434.9,35707.9,36214.2,406.839
2023-11-05 00:00:00+00:00,BTCUSDT_240329,2024-03-29 00:00:00+00:00,36218.1,36696.0,35530.2,36274.9,436.695
2023-11-06 00:00:00+00:00,BTCUSDT_240329,2024-03-29 00:00:00+00:00,36267.1,36500.0,35931.8,36269.2,391.699
2023-11-07 00:00:00+00:00,BTCUSDT_240329,2024-03-29 00:00:00+00:00,36278.9,37228.0,35750.0,36697.5,473.201
2023-11-08 00:00:00+00:00,BTCUSDT_240329,2024-03-29 00:00:00+00:00,36720.4,37477.3,36375.1,36942.7,444.138
2023-11-09 00:00:00+00:00,BTCUSDT_240329,2024-03-29 00:00:00+00:00,36956.3,39518.4,36864.2,38069.7,767.895
2023-11-10 00:00:00+00:00,BTCUSDT_240329,2024-03-29 00:00:00+00:00,38063.5,38984.1,37696.8,38763.7,525.477
2023-11-11 00:00:00+00:00,BTCUSDT_240329,2024-03-29 00:00:00+00:00,38763.7,38820.8,37943.4,38595.1,525.907
2023-11-12 00:00:00+00:00,BTCUSDT_240329,2024-03-29 00:00:00+00:00,38574.7,38681.3,38060.4,38537.6,372.698
2023-11-13 00:00:00+00:00,BTCUSDT_240329,2024-03-29 00:00:00+00:00,38565.2,38939.3,37763.1,37916.7,456.348
2023-11-14 00:00:00+00:00,BTCUSDT_240329,2024-03-29 00:00:00+00:00,37900.1,38246.8,36005.0,36919.0,634.561
2023-11-15 00:00:00+00:00,BTCUSDT_240329,2024-03-29 00:00:00+00:00,36929.0,39465.5,36714.3,39368.4,581.766
2023-11-16 00:00:00+00:00,BTCUSDT_240329,2024-03-29 00:00:00+00:00,39339.6,39434.9,36815.9,37521.7,595.068
2023-11-17 00:00:00+00:00,BTCUSDT_240329,2024-03-29 00:00:00+00:00,37513.2,38190.0,37161.4,37935.3,451.408
2023-11-18 00:00:00+00:00,BTCUSDT_240329,2024-03-29 00:00:00+00:00,37940.0,38128.2,37406.2,37788.3,389.729
2023-11-19 00:00:00+00:00,BTCUSDT_240329,2024-03-29 00:00:00+00:00,37766.8,38778.8,37547.9,38630.0,410.186
2023-11-20 00:00:00+00:00,BTCUSDT_240329,2024-03-29 00:00:00+00:00,38630.0,39050.0,37750.0,38738.1,522.66
2023-11-21 00:00:00+00:00,BTCUSDT_240329,2024-03-29 00:00:00+00:00,38710.1,38962.9,36815.9,36815.9,624.663
2023-11-22 00:00:00+00:00,BTCUSDT_240329,2024-03-29 00:00:00+00:00,36815.9,39149.0,36709.2,38679.9,473.767
2023-11-23 00:00:00+00:00,BTCUSDT_240329,2024-03-29 00:00:00+00:00,38697.0,38905.4,38100.0,38531.9,136.924
2023-11-24 00:00:00+00:00,BTCUSDT_240329,2024-03-29 00:00:00+00:00,38535.8,39746.0,38500.0,38970.4,265.655
2023-11-25 00:00:00+00:00,BTCUSDT_240329,2024-03-29 00:00:00+00:00,38970.3,39098.7,38780.7,38995.5,96.945
2023-11-26 00:00:00+00:00,BTCUSDT_240329,2024-03-29 00:00:00+00:00,38984.0,39029.9,38319.2,38684.4,139.167
2023-11-27 00:00:00+00:00,BTCUSDT_240329,2024-03-29 00:00:00+00:00,38677.2,38803.8,37801.1,38343.3,118.125
2023-11-28 00:00:00+00:00,BTCUSDT_240329,2024-03-29 00:00:00+00:00,38363.9,39589.9,37965.5,38955.1,206.854
2023-11-29 00:00:00+00:00,BTCUSDT_240329,2024-03-29 00:00:00+00:00,38971.6,39638.1,38650.0,38958.7,149.943
2023-11-30 00:00:00+00:00,BTCUSDT_240329,2024-03-29 00:00:00+00:00,38958.6,39285.7,38600.4,38841.3,87.195
2023-12-01 00:00:00+00:00,BTCUSDT_240329,2024-03-29 00:00:00+00:00,38851.4,40261.1,38756.6,39872.0,241.35
2023-12-02 00:00:00+00:00,BTCUSDT_240329,2024-03-29 00:00:00+00:00,39872.0,41040.2,39831.4,40678.3,132.356
2023-12-03 00:00:00+00:00,BTCUSDT_240329,2024-03-29 00:00:00+00:00,40678.3,41600.0,40500.1,41217.7,134.339
2023-12-04 00:00:00+00:00,BTCUSDT_240329,2024-03-29 00:00:00+00:00,41241.6,43800.0,41241.6,43306.5,502.73
2023-12-05 00:00:00+00:00,BTCUSDT_240329,2024-03-29 00:00:00+00:00,43305.9,45860.0,42700.0,45389.9,342.813
2023-12-06 00:00:00+00:00,BTCUSDT_240329,2024-03-29 00:00:00+00:00,45413.3,45678.4,44673.7,45120.0,201.707
2023-12-07 00:00:00+00:00,BTCUSDT_240329,2024-03-29 00:00:00+00:00,45133.5,45418.0,44130.3,44601.5,145.727
2023-12-08 00:00:00+00:00,BTCUSDT_240329,2024-03-29 00:00:00+00:00,44613.2,46214.2,44445.7,45601.6,172.578
2023-12-09 00:00:00+00:00,BTCUSDT_240329,2024-03-29 00:00:00+00:00,45615.3,45825.7,44953.6,45145.6,109.789
2023-12-10 00:00:00+00:00,BTCUSDT_240329,2024-03-29 00:00:00+00:00,45120.1,45496.5,44980.2,45221.8,57.417
2023-12-11 00:00:00+00:00,BTCUSDT_240329,2024-03-29 00:00:00+00:00,45222.3,45230.6,41531.0,42632.0,531.812
2023-12-12 00:00:00+00:00,BTCUSDT_240329,2024-03-29 00:00:00+00:00,42630.5,43531.6,42021.0,42854.5,213.877
2023-12-13 00:00:00+00:00,BTCUSDT_240329,2024-03-29 00:00:00+00:00,42859.6,44888.0,41871.3,44249.1,224.095
2023-12-14 00:00:00+00:00,BTCUSDT_240329,2024-03-29 00:00:00+00:00,44240.6,44774.4,42601.0,44265.4,265.551
2023-12-15 00:00:00+00:00,BTCUSDT_240329,2024-03-29 00:00:00+00:00,44271.4,44349.9,42944.0,43212.8,143.878
2023-12-16 00:00:00+00:00,BTCUSDT_240329,2024-03-29 00:00:00+00:00,43213.9,44057.6,42939.4,43584.1,107.669
2023-12-17 00:00:00+00:00,BTCUSDT_240329,2024-03-29 00:00:00+00:00,43595.0,43817.5,42517.1,42676.6,196.165
2023-12-18 00:00:00+00:00,BTCUSDT_240329,2024-03-29 00:00:00+00:00,42650.2,44156.2,41801.9,44005.2,339.515
2023-12-19 00:00:00+00:00,BTCUSDT_240329,2024-03-29 00:00:00+00:00,44006.4,44906.5,43125.6,43598.1,340.919
2023-12-20 00:00:00+00:00,BTCUSDT_240329,2024-03-29 00:00:00+00:00,43622.4,45800.0,43565.4,45145.8,354.302
2023-12-21 00:00:00+00:00,BTCUSDT_240329,2024-03-29 00:00:00+00:00,45166.3,45796.2,44713.8,45437.4,300.386
2023-12-22 00:00:00+00:00,BTCUSDT_240329,2024-03-29 00:00:00+00:00,45437.4,46046.2,44944.8,45598.3,221.552
2023-12-23 00:00:00+00:00,BTCUSDT_240329,2024-03-29 00:00:00+00:00,45605.9,45623.2,44826.7,45312.0,134.513
2023-12-24 00:00:00+00:00,BTCUSDT_240329,2024-03-29 00:00:00+00:00,45311.9,45589.3,44057.6,44539.9,236.535
2023-12-25 00:00:00+00:00,BTCUSDT_240329,2024-03-29 00:00:00+00:00,44524.1,45460.0,44228.7,45213.0,241.045
2023-12-26 00:00:00+00:00,BTCUSDT_240329,2024-03-29 00:00:00+00:00,45226.4,45251.6,43200.0,44131.7,413.529
2023-12-27 00:00:00+00:00,BTCUSDT_240329,2024-03-29 00:00:00+00:00,44136.7,45456.6,43711.6,45173.7,478.571
2023-12-28 00:00:00+00:00,BTCUSDT_240329,2024-03-29 00:00:00+00:00,45168.9,45631.7,44006.5,44324.8,464.254
2023-12-29 00:00:00+00:00,BTCUSDT_240329,2024-03-29 00:00:00+00:00,44323.0,44946.2,42935.0,43880.1,883.516
2023-12-30 00:00:00+00:00,BTCUSDT_240329,2024-03-29 00:00:00+00:00,43876.8,44597.2,43297.1,44153.4,465.342
2023-12-31 00:00:00+00:00,BTCUSDT_240329,2024-03-29 00:00:00+00:00,44158.0,45108.7,44007.5,44400.4,568.384
2024-01-01 00:00:00+00:00,BTCUSDT_240329,2024-03-29 00:00:00+00:00,44381.4,46528.1,44280.3,46488.7,668.487
2024-01-02 00:00:00+00:00,BTCUSDT_240329,2024-03-29 00:00:00+00:00,46496.3,48450.2,46451.9,47241.5,1953.645
2024-01-03 00:00:00+00:00,BTCUSDT_240329,2024-03-29 00:00:00+00:00,47244.7,47774.0,41847.4,44427.0,2508.769
2024-01-04 00:00:00+00:00,BTCUSDT_240329,2024-03-29 00:00:00+00:00,44405.6,46430.3,44200.0,45786.1,710.0
2024-01-05 00:00:00+00:00,BTCUSDT_240329,2024-03-29 00:00:00+00:00,45790.4,45899.2,43751.7,45446.1,819.096
2024-01-06 00:00:00+00:00,BTCUSDT_240329,2024-03-29 00:00:00+00:00,45448.0,45539.4,44547.8,45251.0,234.34
2024-01-07 00:00:00+00:00,BTCUSDT_240329,2024-03-29 00:00:00+00:00,45249.4,45847.6,44918.4,45285.2,302.119
2024-01-08 00:00:00+00:00,BTCUSDT_240329,2024-03-29 00:00:00+00:00,45267.2,48715.0,44418.9,48395.3,1128.26
2024-01-09 00:00:00+00:00,BTCUSDT_240329,2024-03-29 00:00:00+00:00,48388.5,49593.5,46031.0,47494.8,1197.844
2024-01-10 00:00:00+00:00,BTCUSDT_240329,2024-03-29 00:00:00+00:00,47490.9,49064.0,45362.2,47953.1,1744.096
2024-01-11 00:00:00+00:00,BTCUSDT_240329,2024-03-29 00:00:00+00:00,47962.2,50235.5,46658.9,47449.5,1331.26
2024-01-12 00:00:00+00:00,BTCUSDT_240329,2024-03-29 00:00:00+00:00,47444.3,47551.8,42153.5,43678.4,1355.161
2024-01-13 00:00:00+00:00,BTCUSDT_240329,2024-03-29 00:00:00+00:00,43685.3,44223.8,43390.4,43715.4,503.103
2024-01-14 00:00:00+00:00,BTCUSDT_240329,2024-03-29 00:00:00+00:00,43707.7,43885.0,42500.2,42502.9,410.015
2024-01-15 00:00:00+00:00,BTCUSDT_240329,2024-03-29 00:00:00+00:00,42512.0,44185.6,42478.3,43306.3,506.223
2024-01-16 00:00:00+00:00,BTCUSDT_240329,2024-03-29 00:00:00+00:00,43310.1,44429.6,42864.1,43965.1,762.023
2024-01-17 00:00:00+00:00,BTCUSDT_240329,2024-03-29 00:00:00+00:00,43951.9,44043.1,43046.8,43640.7,415.02
2024-01-18 00:00:00+00:00,BTCUSDT_240329,2024-03-29 00:00:00+00:00,43652.2,43835.2,41473.6,42088.2,738.491
2024-01-19 00:00:00+00:00,BTCUSDT_240329,2024-03-29 00:00:00+00:00,42098.0,43000.0,40984.9,42468.5,1205.024
2024-01-20 00:00:00+00:00,BTCUSDT_240329,2024-03-29 00:00:00+00:00,42461.3,42648.2,42241.1,42465.8,272.263
2024-01-21 00:00:00+00:00,BTCUSDT_240329,2024-03-29 00:00:00+00:00,42470.2,42659.5,42273.8,42354.8,148.519
2024-01-22 00:00:00+00:00,BTCUSDT_240329,2024-03-29 00:00:00+00:00,42344.2,42469.1,40087.0,40222.0,954.937
2024-01-23 00:00:00+00:00,BTCUSDT_240329,2024-03-29 00:00:00+00:00,40220.0,40894.2,39192.6,40570.7,1262.503
2024-01-24 00:00:00+00:00,BTCUSDT_240329,2024-03-29 00:00:00+00:00,40569.1,41235.2,40149.8,40756.2,530.663
2024-01-25 00:00:00+00:00,BTCUSDT_240329,2024-03-29 00:00:00+00:00,40757.3,41000.0,40222.3,40624.3,520.991
2024-01-26 00:00:00+00:00,BTCUSDT_240329,2024-03-29 00:00:00+00:00,40614.4,42917.5,40479.6,42452.3,971.978
2024-01-27 00:00:00+00:00,BTCUSDT_240329,2024-03-29 00:00:00+00:00,42452.1,42863.8,42052.1,42772.8,380.147
2024-01-28 00:00:00+00:00,BTCUSDT_240329,2024-03-29 00:00:00+00:00,42770.3,43528.4,42236.0,42672.0,585.169
2024-01-29 00:00:00+00:00,BTCUSDT_240329,2024-03-29 00:00:00+00:00,42677.5,43976.6,42435.0,43961.1,1152.54
2024-01-30 00:00:00+00:00,BTCUSDT_240329,2024-03-29 00:00:00+00:00,43951.9,44547.5,43319.0,43587.2,883.947
2024-01-31 00:00:00+00:00,BTCUSDT_240329,2024-03-29 00:00:00+00:00,43584.6,44390.6,42837.2,43160.0,809.605
2024-02-01 00:00:00+00:00,BTCUSDT_240329,2024-03-29 00:00:00+00:00,43160.1,43847.0,42412.0,43613.2,633.771
2024-02-02 00:00:00+00:00,BTCUSDT_240329,2024-03-29 00:00:00+00:00,43613.2,44047.0,43103.1,43757.8,706.647
2024-02-03 00:00:00+00:00,BTCUSDT_240329,2024-03-29 00:00:00+00:00,43757.7,43957.5,43415.9,43539.9,207.949
2024-02-04 00:00:00+00:00,BTCUSDT_240329,2024-03-29 00:00:00+00:00,43535.4,43632.8,42690.0,43073.2,344.789
2024-02-05 00:00:00+00:00,BTCUSDT_240329,2024-03-29 00:00:00+00:00,43079.0,44080.2,42746.1,43162.9,649.26
2024-02-06 00:00:00+00:00,BTCUSDT_240329,2024-03-29 00:00:00+00:00,43159.8,43897.5,43014.5,43585.2,418.795
2024-02-07 00:00:00+00:00,BTCUSDT_240329,2024-03-29 00:00:00+00:00,43592.8,44917.0,43281.2,44889.1,665.783
2024-02-08 00:00:00+00:00,BTCUSDT_240329,2024-03-29 00:00:00+00:00,44886.0,46178.3,44852.9,45821.8,929.979
2024-02-09 00:00:00+00:00,BTCUSDT_240329,2024-03-29 00:00:00+00:00,45828.5,48843.7,45784.5,47725.2,1762.989
2024-02-10 00:00:00+00:00,BTCUSDT_240329,2024-03-29 00:00:00+00:00,47717.2,48784.0,47425.7,48355.7,523.076
2024-02-11 00:00:00+00:00,BTCUSDT_240329,2024-03-29 00:00:00+00:00,48341.5,49229.7,48148.9,48993.5,708.634
2024-02-12 00:00:00+00:00,BTCUSDT_240329,2024-03-29 00:00:00+00:00,48999.4,51140.9,48384.0,50678.0,1062.365
2024-02-13 00:00:00+00:00,BTCUSDT_240329,2024-03-29 00:00:00+00:00,50683.3,51160.0,48946.4,50361.2,873.706
2024-02-14 00:00:00+00:00,BTCUSDT_240329,2024-03-29 00:00:00+00:00,50359.5,52868.0,49873.2,52540.0,1010.796
2024-02-15 00:00:00+00:00,BTCUSDT_240329,2024-03-29 00:00:00+00:00,52565.7,53555.0,52050.1,52652.7,962.719
2024-02-16 00:00:00+00:00,BTCUSDT_240329,2024-03-29 00:00:00+00:00,52651.0,53387.6,52327.3,52899.3,654.538
2024-02-17 00:00:00+00:00,BTCUSDT_240329,2024-03-29 00:00:00+00:00,52888.5,52949.6,51343.0,52445.2,502.099
2024-02-18 00:00:00+00:00,BTCUSDT_240329,2024-03-29 00:00:00+00:00,52443.7,53214.5,51936.0,52922.2,380.086
2024-02-19 00:00:00+00:00,BTCUSDT_240329,2024-03-29 00:00:00+00:00,52949.6,53317.3,52472.9,52552.1,515.453
2024-02-20 00:00:00+00:00,BTCUSDT_240329,2024-03-29 00:00:00+00:00,52550.7,53857.1,51449.6,52998.7,1045.265
2024-02-21 00:00:00+00:00,BTCUSDT_240329,2024-03-29 00:00:00+00:00,53006.3,53114.4,51159.4,52496.9,792.447
2024-02-22 00:00:00+00:00,BTCUSDT_240329,2024-03-29 00:00:00+00:00,52505.6,52760.0,51559.8,51937.5,684.502
2024-02-23 00:00:00+00:00,BTCUSDT_240329,2024-03-29 00:00:00+00:00,51940.1,52189.6,51117.0,51364.4,490.938
2024-02-24 00:00:00+00:00,BTCUSDT_240329,2024-03-29 00:00:00+00:00,51366.4,52389.9,51200.3,52241.5,230.66
2024-02-25 00:00:00+00:00,BTCUSDT_240329,2024-03-29 00:00:00+00:00,52241.9,52763.6,51993.3,52469.4,309.034
2024-02-26 00:00:00+00:00,BTCUSDT_240329,2024-03-29 00:00:00+00:00,52471.0,55766.2,51591.6,55310.6,1083.572
2024-02-27 00:00:00+00:00,BTCUSDT_240329,2024-03-29 00:00:00+00:00,55304.2,58545.9,55287.6,57947.6,1481.119
2024-02-28 00:00:00+00:00,BTCUSDT_240329,2024-03-29 00:00:00+00:00,57948.2,65286.8,57561.1,63328.3,2801.814
2024-02-29 00:00:00+00:00,BTCUSDT_240329,2024-03-29 00:00:00+00:00,63316.9,64729.0,61210.8,62117.3,1653.447
2024-03-01 00:00:00+00:00,BTCUSDT_240329,2024-03-29 00:00:00+00:00,62110.8,64092.4,61767.2,63330.4,622.653
2024-03-02 00:00:00+00:00,BTCUSDT_240329,2024-03-29 00:00:00+00:00,63327.4,63389.9,62500.0,62994.9,332.938
2024-03-03 00:00:00+00:00,BTCUSDT_240329,2024-03-29 00:00:00+00:00,62989.4,64430.2,62347.9,64268.7,425.413
2024-03-04 00:00:00+00:00,BTCUSDT_240329,2024-03-29 00:00:00+00:00,64257.8,69949.6,63361.3,69669.5,1936.202
2024-03-05 00:00:00+00:00,BTCUSDT_240329,2024-03-29 00:00:00+00:00,69656.5,71020.6,60364.6,65054.8,3285.866
2024-03-06 00:00:00+00:00,BTCUSDT_240329,2024-03-29 00:00:00+00:00,65020.4,68909.4,63883.3,67215.0,1616.756
2024-03-07 00:00:00+00:00,BTCUSDT_240329,2024-03-29 00:00:00+00:00,67216.7,69352.9,66676.2,68115.5,1237.792
2024-03-08 00:00:00+00:00,BTCUSDT_240329,2024-03-29 00:00:00+00:00,68110.8,71660.3,67357.1,69276.2,1500.347
2024-03-09 00:00:00+00:00,BTCUSDT_240329,2024-03-29 00:00:00+00:00,69294.1,69807.6,69012.0,69557.4,267.977
2024-03-10 00:00:00+00:00,BTCUSDT_240329,2024-03-29 00:00:00+00:00,69549.5,71329.3,69444.3,70319.6,845.985
2024-03-11 00:00:00+00:00,BTCUSDT_240329,2024-03-29 00:00:00+00:00,70317.3,74391.6,68296.0,73582.4,1469.658
2024-03-12 00:00:00+00:00,BTCUSDT_240329,2024-03-29 00:00:00+00:00,73573.0,74583.2,69756.3,72622.8,1760.348
2024-03-13 00:00:00+00:00,BTCUSDT_240329,2024-03-29 00:00:00+00:00,72629.0,75000.0,72500.9,73950.0,1294.61
2024-03-14 00:00:00+00:00,BTCUSDT_240329,2024-03-29 00:00:00+00:00,73949.9,74756.7,69300.0,72319.0,1535.308
2024-03-15 00:00:00+00:00,BTCUSDT_240329,2024-03-29 00:00:00+00:00,72318.3,73410.6,66178.0,70256.1,1674.904
2024-03-16 00:00:00+00:00,BTCUSDT_240329,2024-03-29 00:00:00+00:00,70278.6,70831.6,65300.0,65869.6,877.564
2024-03-17 00:00:00+00:00,BTCUSDT_240329,2024-03-29 00:00:00+00:00,65845.4,69561.8,65050.0,68992.6,837.587
2024-03-18 00:00:00+00:00,BTCUSDT_240329,2024-03-29 00:00:00+00:00,69014.4,69545.7,67062.3,68001.1,869.863
2024-03-19 00:00:00+00:00,BTCUSDT_240329,2024-03-29 00:00:00+00:00,67999.3,68532.2,61846.4,62262.7,2196.297
2024-03-20 00:00:00+00:00,BTCUSDT_240329,2024-03-29 00:00:00+00:00,62258.2,68520.2,61028.1,68219.9,2057.624
2024-03-21 00:00:00+00:00,BTCUSDT_240329,2024-03-29 00:00:00+00:00,68214.6,68588.0,64834.4,65811.7,866.588
2024-03-22 00:00:00+00:00,BTCUSDT_240329,2024-03-29 00:00:00+00:00,65803.4,66885.3,62420.8,63989.4,887.46
2024-03-23 00:00:00+00:00,BTCUSDT_240329,2024-03-29 00:00:00+00:00,63999.1,66167.8,63188.9,64144.8,693.49
2024-03-24 00:00:00+00:00,BTCUSDT_240329,2024-03-29 00:00:00+00:00,64125.5,67845.8,63921.5,67397.9,630.749
2024-03-25 00:00:00+00:00,BTCUSDT_240329,2024-03-29 00:00:00+00:00,67431.6,71268.6,66541.7,69979.1,1458.129
2024-03-26 00:00:00+00:00,BTCUSDT_240329,2024-03-29 00:00:00+00:00,69977.4,71623.6,69389.0,70043.2,924.574
2024-03-27 00:00:00+00:00,BTCUSDT_240329,2024-03-29 00:00:00+00:00,70052.1,71847.9,68425.8,69550.3,1262.955
2024-03-28 00:00:00+00:00,BTCUSDT_240329,2024-03-29 00:00:00+00:00,69543.3,71588.9,68931.6,70776.9,750.196
2024-03-29 00:00:00+00:00,BTCUSDT_240329,2024-03-29 00:00:00+00:00,70776.7,70895.8,69492.6,69819.7,240.324
2023-12-29 00:00:00+00:00,BTCUSDT_240628,2024-06-28 00:00:00+00:00,43460.1,46243.3,43460.1,45187.0,238.761
2023-12-30 00:00:00+00:00,BTCUSDT_240628,2024-06-28 00:00:00+00:00,45173.8,45995.5,44525.2,45516.3,168.413
2023-12-31 00:00:00+00:00,BTCUSDT_240628,2024-06-28 00:00:00+00:00,45483.8,46416.2,45317.6,45724.9,91.482
2024-01-01 00:00:00+00:00,BTCUSDT_240628,2024-06-28 00:00:00+00:00,45728.6,48070.8,45613.3,48032.4,107.51
2024-01-02 00:00:00+00:00,BTCUSDT_240628,2024-06-28 00:00:00+00:00,48053.1,49788.9,48016.9,48709.0,443.875
2024-01-03 00:00:00+00:00,BTCUSDT_240628,2024-06-28 00:00:00+00:00,48736.9,49335.3,43613.2,45973.5,615.28
2024-01-04 00:00:00+00:00,BTCUSDT_240628,2024-06-28 00:00:00+00:00,45964.7,47943.9,45757.4,47289.8,360.73
2024-01-05 00:00:00+00:00,BTCUSDT_240628,2024-06-28 00:00:00+00:00,47323.6,47401.6,45098.0,46870.5,328.237
2024-01-06 00:00:00+00:00,BTCUSDT_240628,2024-06-28 00:00:00+00:00,46880.0,46977.6,45908.8,46552.0,123.997
2024-01-07 00:00:00+00:00,BTCUSDT_240628,2024-06-28 00:00:00+00:00,46559.0,47059.7,46169.1,46525.7,144.026
2024-01-08 00:00:00+00:00,BTCUSDT_240628,2024-06-28 00:00:00+00:00,46491.3,50000.0,45667.8,49660.0,438.847
2024-01-09 00:00:00+00:00,BTCUSDT_240628,2024-06-28 00:00:00+00:00,49662.9,51050.6,47263.6,48863.3,886.963
2024-01-10 00:00:00+00:00,BTCUSDT_240628,2024-06-28 00:00:00+00:00,48867.9,50499.9,46763.4,49396.7,646.532
2024-01-11 00:00:00+00:00,BTCUSDT_240628,2024-06-28 00:00:00+00:00,49399.9,51775.4,48131.4,48920.2,591.513
2024-01-12 00:00:00+00:00,BTCUSDT_240628,2024-06-28 00:00:00+00:00,48906.9,49046.5,43425.4,45081.9,657.561
2024-01-13 00:00:00+00:00,BTCUSDT_240628,2024-06-28 00:00:00+00:00,45077.1,45500.0,44650.4,45001.1,219.274
2024-01-14 00:00:00+00:00,BTCUSDT_240628,2024-06-28 00:00:00+00:00,44991.7,45185.0,43677.3,43707.7,222.109
2024-01-15 00:00:00+00:00,BTCUSDT_240628,2024-06-28 00:00:00+00:00,43671.9,45478.4,43660.9,44611.2,363.124
2024-01-16 00:00:00+00:00,BTCUSDT_240628,2024-06-28 00:00:00+00:00,44597.2,45740.6,44101.5,45268.8,216.762
2024-01-17 00:00:00+00:00,BTCUSDT_240628,2024-06-28 00:00:00+00:00,45268.0,45316.0,44319.3,44941.5,189.607
2024-01-18 00:00:00+00:00,BTCUSDT_240628,2024-06-28 00:00:00+00:00,44937.6,45064.6,42635.4,43210.5,327.055
2024-01-19 00:00:00+00:00,BTCUSDT_240628,2024-06-28 00:00:00+00:00,43203.5,44071.4,42052.3,43582.6,317.741
2024-01-20 00:00:00+00:00,BTCUSDT_240628,2024-06-28 00:00:00+00:00,43565.7,43825.5,43330.4,43646.4,87.975
2024-01-21 00:00:00+00:00,BTCUSDT_240628,2024-06-28 00:00:00+00:00,43641.3,43877.9,43462.7,43559.6,102.181
2024-01-22 00:00:00+00:00,BTCUSDT_240628,2024-06-28 00:00:00+00:00,43563.5,43691.8,41000.0,41226.3,442.872
2024-01-23 00:00:00+00:00,BTCUSDT_240628,2024-06-28 00:00:00+00:00,41214.7,41903.6,40111.4,41653.9,374.127
2024-01-24 00:00:00+00:00,BTCUSDT_240628,2024-06-28 00:00:00+00:00,41662.4,42463.6,41270.0,41952.0,282.6
2024-01-25 00:00:00+00:00,BTCUSDT_240628,2024-06-28 00:00:00+00:00,41932.6,42206.3,41361.2,41856.4,171.782
2024-01-26 00:00:00+00:00,BTCUSDT_240628,2024-06-28 00:00:00+00:00,41842.1,43960.2,41610.6,43398.5,575.977
2024-01-27 00:00:00+00:00,BTCUSDT_240628,2024-06-28 00:00:00+00:00,43399.5,43803.3,42976.4,43742.5,107.952
2024-01-28 00:00:00+00:00,BTCUSDT_240628,2024-06-28 00:00:00+00:00,43742.5,44525.3,43236.0,43685.1,137.936
2024-01-29 00:00:00+00:00,BTCUSDT_240628,2024-06-28 00:00:00+00:00,43685.3,45055.2,43467.9,44990.5,186.058
2024-01-30 00:00:00+00:00,BTCUSDT_240628,2024-06-28 00:00:00+00:00,45002.9,45555.0,44304.7,44623.8,190.0
2024-01-31 00:00:00+00:00,BTCUSDT_240628,2024-06-28 00:00:00+00:00,44594.9,45499.3,43944.0,44226.7,232.978
2024-02-01 00:00:00+00:00,BTCUSDT_240628,2024-06-28 00:00:00+00:00,44239.1,44870.0,43409.0,44628.7,200.747
2024-02-02 00:00:00+00:00,BTCUSDT_240628,2024-06-28 00:00:00+00:00,44632.1,45067.9,44100.7,44759.7,168.148
2024-02-03 00:00:00+00:00,BTCUSDT_240628,2024-06-28 00:00:00+00:00,44759.6,44937.4,44415.7,44557.6,44.888
2024-02-04 00:00:00+00:00,BTCUSDT_240628,2024-06-28 00:00:00+00:00,44559.9,44636.6,43624.8,44112.8,103.618
2024-02-05 00:00:00+00:00,BTCUSDT_240628,2024-06-28 00:00:00+00:00,44111.2,45165.4,43769.7,44251.1,206.449
2024-02-06 00:00:00+00:00,BTCUSDT_240628,2024-06-28 00:00:00+00:00,44240.9,44954.5,44088.0,44662.9,102.902
2024-02-07 00:00:00+00:00,BTCUSDT_240628,2024-06-28 00:00:00+00:00,44663.1,45994.9,44355.0,45978.0,148.381
2024-02-08 00:00:00+00:00,BTCUSDT_240628,2024-06-28 00:00:00+00:00,45974.1,47307.0,45974.1,46952.4,378.479
2024-02-09 00:00:00+00:00,BTCUSDT_240628,2024-06-28 00:00:00+00:00,46954.4,50129.2,46890.0,48873.6,701.377
2024-02-10 00:00:00+00:00,BTCUSDT_240628,2024-06-28 00:00:00+00:00,48893.0,49949.0,48541.5,49488.5,273.078
2024-02-11 00:00:00+00:00,BTCUSDT_240628,2024-06-28 00:00:00+00:00,49479.0,50433.2,49310.9,50171.1,264.403
2024-02-12 00:00:00+00:00,BTCUSDT_240628,2024-06-28 00:00:00+00:00,50174.9,52500.0,49578.5,51926.1,595.336
2024-02-13 00:00:00+00:00,BTCUSDT_240628,2024-06-28 00:00:00+00:00,51926.1,52412.1,50201.4,51711.4,512.76
2024-02-14 00:00:00+00:00,BTCUSDT_240628,2024-06-28 00:00:00+00:00,51713.9,54307.0,51208.4,54012.4,558.508
2024-02-15 00:00:00+00:00,BTCUSDT_240628,2024-06-28 00:00:00+00:00,54006.4,55271.5,53699.2,54322.5,582.89
2024-02-16 00:00:00+00:00,BTCUSDT_240628,2024-06-28 00:00:00+00:00,54329.9,55064.5,53947.2,54610.3,361.719
2024-02-17 00:00:00+00:00,BTCUSDT_240628,2024-06-28 00:00:00+00:00,54616.4,54641.7,52887.9,54080.4,340.996
2024-02-18 00:00:00+00:00,BTCUSDT_240628,2024-06-28 00:00:00+00:00,54087.3,54986.6,53560.7,54652.6,249.462
2024-02-19 00:00:00+00:00,BTCUSDT_240628,2024-06-28 00:00:00+00:00,54686.1,55142.8,54077.8,54283.6,292.347
2024-02-20 00:00:00+00:00,BTCUSDT_240628,2024-06-28 00:00:00+00:00,54268.0,55715.3,53164.0,54817.1,531.548
2024-02-21 00:00:00+00:00,BTCUSDT_240628,2024-06-28 00:00:00+00:00,54829.1,55000.0,53002.7,54332.3,452.982
2024-02-22 00:00:00+00:00,BTCUSDT_240628,2024-06-28 00:00:00+00:00,54333.4,54585.9,53358.0,53745.2,358.363
2024-02-23 00:00:00+00:00,BTCUSDT_240628,2024-06-28 00:00:00+00:00,53740.3,54031.5,52948.0,53178.7,259.647
2024-02-24 00:00:00+00:00,BTCUSDT_240628,2024-06-28 00:00:00+00:00,53182.4,54243.9,52980.3,54080.0,140.016
2024-02-25 00:00:00+00:00,BTCUSDT_240628,2024-06-28 00:00:00+00:00,54087.9,54579.9,53853.4,54278.7,133.4
2024-02-26 00:00:00+00:00,BTCUSDT_240628,2024-06-28 00:00:00+00:00,54287.3,57815.7,53467.0,57284.2,614.359
2024-02-27 00:00:00+00:00,BTCUSDT_240628,2024-06-28 00:00:00+00:00,57284.2,60913.3,57274.6,60087.5,1114.715
2024-02-28 00:00:00+00:00,BTCUSDT_240628,2024-06-28 00:00:00+00:00,60087.6,67749.9,59736.7,65722.3,1656.902
2024-02-29 00:00:00+00:00,BTCUSDT_240628,2024-06-28 00:00:00+00:00,65727.2,67199.4,63554.0,64518.0,845.983
2024-03-01 00:00:00+00:00,BTCUSDT_240628,2024-06-28 00:00:00+00:00,64509.2,66603.3,64126.2,65640.0,490.619
2024-03-02 00:00:00+00:00,BTCUSDT_240628,2024-06-28 00:00:00+00:00,65634.5,65836.5,64952.8,65508.9,304.855
2024-03-03 00:00:00+00:00,BTCUSDT_240628,2024-06-28 00:00:00+00:00,65508.9,67186.3,65011.9,67009.5,368.6
2024-03-04 00:00:00+00:00,BTCUSDT_240628,2024-06-28 00:00:00+00:00,67012.2,72999.0,66289.1,72676.2,1385.423
2024-03-05 00:00:00+00:00,BTCUSDT_240628,2024-06-28 00:00:00+00:00,72681.9,74224.2,63000.0,68113.3,1866.547
2024-03-06 00:00:00+00:00,BTCUSDT_240628,2024-06-28 00:00:00+00:00,68081.2,72169.1,66547.0,70467.7,1003.098
2024-03-07 00:00:00+00:00,BTCUSDT_240628,2024-06-28 00:00:00+00:00,70487.9,72216.0,69500.0,70897.3,642.464
2024-03-08 00:00:00+00:00,BTCUSDT_240628,2024-06-28 00:00:00+00:00,70912.6,74823.2,70196.8,72245.8,868.906
2024-03-09 00:00:00+00:00,BTCUSDT_240628,2024-06-28 00:00:00+00:00,72248.4,72764.7,71930.0,72616.6,214.522
2024-03-10 00:00:00+00:00,BTCUSDT_240628,2024-06-28 00:00:00+00:00,72616.4,74857.6,72515.7,73729.3,601.427
2024-03-11 00:00:00+00:00,BTCUSDT_240628,2024-06-28 00:00:00+00:00,73729.1,77981.0,71250.0,77209.7,1450.542
2024-03-12 00:00:00+00:00,BTCUSDT_240628,2024-06-28 00:00:00+00:00,77200.0,78269.7,72011.8,76411.7,1071.003
2024-03-13 00:00:00+00:00,BTCUSDT_240628,2024-06-28 00:00:00+00:00,76426.1,79152.7,76288.7,77980.9,731.246
2024-03-14 00:00:00+00:00,BTCUSDT_240628,2024-06-28 00:00:00+00:00,77989.4,78999.0,73003.1,76243.0,873.114
2024-03-15 00:00:00+00:00,BTCUSDT_240628,2024-06-28 00:00:00+00:00,76253.8,77419.6,70001.1,74204.6,1613.442
2024-03-16 00:00:00+00:00,BTCUSDT_240628,2024-06-28 00:00:00+00:00,74179.9,74911.3,68750.0,69362.6,759.432
2024-03-17 00:00:00+00:00,BTCUSDT_240628,2024-06-28 00:00:00+00:00,69358.8,73759.2,68800.0,73250.0,651.758
2024-03-18 00:00:00+00:00,BTCUSDT_240628,2024-06-28 00:00:00+00:00,73264.2,73768.8,70858.2,71792.3,524.793
2024-03-19 00:00:00+00:00,BTCUSDT_240628,2024-06-28 00:00:00+00:00,71770.3,72431.3,65173.4,65513.0,1710.7
2024-03-20 00:00:00+00:00,BTCUSDT_240628,2024-06-28 00:00:00+00:00,65491.1,72618.3,64120.5,72296.2,1442.111
2024-03-21 00:00:00+00:00,BTCUSDT_240628,2024-06-28 00:00:00+00:00,72314.4,72745.2,68555.5,69550.0,689.816
2024-03-22 00:00:00+00:00,BTCUSDT_240628,2024-06-28 00:00:00+00:00,69549.9,70699.9,65845.4,67423.0,746.492
2024-03-23 00:00:00+00:00,BTCUSDT_240628,2024-06-28 00:00:00+00:00,67424.9,69823.0,66700.1,67605.0,448.929
2024-03-24 00:00:00+00:00,BTCUSDT_240628,2024-06-28 00:00:00+00:00,67548.1,71572.5,67361.5,71172.0,457.959
2024-03-25 00:00:00+00:00,BTCUSDT_240628,2024-06-28 00:00:00+00:00,71180.2,75716.6,70218.7,74227.8,1318.4
2024-03-26 00:00:00+00:00,BTCUSDT_240628,2024-06-28 00:00:00+00:00,74212.4,76201.5,73583.3,74354.9,1237.403
2024-03-27 00:00:00+00:00,BTCUSDT_240628,2024-06-28 00:00:00+00:00,74350.5,76351.2,72644.1,73702.5,1169.418
2024-03-28 00:00:00+00:00,BTCUSDT_240628,2024-06-28 00:00:00+00:00,73703.2,76097.1,73015.8,75163.8,906.377
2024-03-29 00:00:00+00:00,BTCUSDT_240628,2024-06-28 00:00:00+00:00,75157.8,75282.1,73396.9,74258.9,744.073
2024-03-30 00:00:00+00:00,BTCUSDT_240628,2024-06-28 00:00:00+00:00,74266.6,74940.0,74115.1,74146.5,319.167
2024-03-31 00:00:00+00:00,BTCUSDT_240628,2024-06-28 00:00:00+00:00,74155.8,77284.8,74127.3,77179.4,470.265
2024-04-01 00:00:00+00:00,BTCUSDT_240628,2024-06-28 00:00:00+00:00,77177.6,77177.6,72639.3,74225.5,833.39
2024-04-02 00:00:00+00:00,BTCUSDT_240628,2024-06-28 00:00:00+00:00,74212.1,74245.4,67943.2,68897.1,1293.744
2024-04-03 00:00:00+00:00,BTCUSDT_240628,2024-06-28 00:00:00+00:00,68901.9,70173.0,67676.9,69142.1,1322.2
2024-04-04 00:00:00+00:00,BTCUSDT_240628,2024-06-28 00:00:00+00:00,69127.9,72842.2,68220.9,71800.1,1166.548
2024-04-05 00:00:00+00:00,BTCUSDT_240628,2024-06-28 00:00:00+00:00,71804.5,72084.3,69014.7,70971.3,1121.122
2024-04-06 00:00:00+00:00,BTCUSDT_240628,2024-06-28 00:00:00+00:00,70972.9,72523.4,70571.2,71728.5,438.632
2024-04-07 00:00:00+00:00,BTCUSDT_240628,2024-06-28 00:00:00+00:00,71737.4,73363.3,71654.6,72301.3,512.27
2024-04-08 00:00:00+00:00,BTCUSDT_240628,2024-06-28 00:00:00+00:00,72289.4,76888.4,71948.2,75572.5,1428.562
2024-04-09 00:00:00+00:00,BTCUSDT_240628,2024-06-28 00:00:00+00:00,75572.5,75710.1,71303.3,72238.0,1190.268
2024-04-10 00:00:00+00:00,BTCUSDT_240628,2024-06-28 00:00:00+00:00,72198.1,74286.0,70517.0,73738.6,1048.072
2024-04-11 00:00:00+00:00,BTCUSDT_240628,2024-06-28 00:00:00+00:00,73728.2,74466.4,72436.1,72927.8,638.066
2024-04-12 00:00:00+00:00,BTCUSDT_240628,2024-06-28 00:00:00+00:00,72934.0,74245.7,67366.5,69231.8,1355.333
2024-04-13 00:00:00+00:00,BTCUSDT_240628,2024-06-28 00:00:00+00:00,69227.8,70107.0,60300.0,65425.9,1564.225
2024-04-14 00:00:00+00:00,BTCUSDT_240628,2024-06-28 00:00:00+00:00,65391.6,67586.8,63703.1,67379.8,895.547
2024-04-15 00:00:00+00:00,BTCUSDT_240628,2024-06-28 00:00:00+00:00,67356.6,68950.5,63800.0,65038.9,871.852
2024-04-16 00:00:00+00:00,BTCUSDT_240628,2024-06-28 00:00:00+00:00,65066.0,65958.9,63054.6,65407.4,889.383
2024-04-17 00:00:00+00:00,BTCUSDT_240628,2024-06-28 00:00:00+00:00,65400.0,66200.6,60870.5,62593.6,998.054
2024-04-18 00:00:00+00:00,BTCUSDT_240628,2024-06-28 00:00:00+00:00,62593.9,65637.4,62126.6,64918.2,837.624
2024-04-19 00:00:00+00:00,BTCUSDT_240628,2024-06-28 00:00:00+00:00,64924.5,67082.9,60834.7,65010.8,1456.654
2024-04-20 00:00:00+00:00,BTCUSDT_240628,2024-06-28 00:00:00+00:00,65009.0,66750.0,64256.2,66264.4,379.54
2024-04-21 00:00:00+00:00,BTCUSDT_240628,2024-06-28 00:00:00+00:00,66264.6,67136.5,65522.7,66314.4,326.365
2024-04-22 00:00:00+00:00,BTCUSDT_240628,2024-06-28 00:00:00+00:00,66317.5,68782.3,66026.3,68338.5,871.074
2024-04-23 00:00:00+00:00,BTCUSDT_240628,2024-06-28 00:00:00+00:00,68317.8,68725.7,67342.6,67892.2,568.704
2024-04-24 00:00:00+00:00,BTCUSDT_240628,2024-06-28 00:00:00+00:00,67891.6,68589.9,64925.4,65656.9,606.576
2024-04-25 00:00:00+00:00,BTCUSDT_240628,2024-06-28 00:00:00+00:00,65656.1,66579.3,64037.2,65734.2,643.917
2024-04-26 00:00:00+00:00,BTCUSDT_240628,2024-06-28 00:00:00+00:00,65742.6,66100.0,64494.9,64961.8,719.139
2024-04-27 00:00:00+00:00,BTCUSDT_240628,2024-06-28 00:00:00+00:00,64957.7,65127.7,63453.9,64606.5,442.093
2024-04-28 00:00:00+00:00,BTCUSDT_240628,2024-06-28 00:00:00+00:00,64594.5,65589.1,63861.1,64182.2,318.746
2024-04-29 00:00:00+00:00,BTCUSDT_240628,2024-06-28 00:00:00+00:00,64195.6,65309.7,62821.4,64944.2,967.417
2024-04-30 00:00:00+00:00,BTCUSDT_240628,2024-06-28 00:00:00+00:00,64947.3,65877.2,60000.0,61563.1,1281.416
2024-05-01 00:00:00+00:00,BTCUSDT_240628,2024-06-28 00:00:00+00:00,61563.1,61752.1,57025.8,59073.8,1907.077
2024-05-02 00:00:00+00:00,BTCUSDT_240628,2024-06-28 00:00:00+00:00,59072.2,60480.0,57672.9,59851.6,1033.563
2024-05-03 00:00:00+00:00,BTCUSDT_240628,2024-06-28 00:00:00+00:00,59855.3,64233.5,59573.1,63749.9,994.727
2024-05-04 00:00:00+00:00,BTCUSDT_240628,2024-06-28 00:00:00+00:00,63749.8,65510.6,63448.2,64819.0,704.493
2024-05-05 00:00:00+00:00,BTCUSDT_240628,2024-06-28 00:00:00+00:00,64830.4,65695.0,63845.7,65000.3,616.188
2024-05-06 00:00:00+00:00,BTCUSDT_240628,2024-06-28 00:00:00+00:00,65018.8,66543.0,63632.0,64134.5,1074.705
2024-05-07 00:00:00+00:00,BTCUSDT_240628,2024-06-28 00:00:00+00:00,64128.9,65400.2,63125.9,63190.5,889.838
2024-05-08 00:00:00+00:00,BTCUSDT_240628,2024-06-28 00:00:00+00:00,63183.7,63920.8,61725.1,62040.9,779.115
2024-05-09 00:00:00+00:00,BTCUSDT_240628,2024-06-28 00:00:00+00:00,62045.2,64278.2,61479.8,63897.2,756.006
2024-05-10 00:00:00+00:00,BTCUSDT_240628,2024-06-28 00:00:00+00:00,63892.3,64257.6,60896.7,61510.4,953.499
2024-05-11 00:00:00+00:00,BTCUSDT_240628,2024-06-28 00:00:00+00:00,61511.9,62281.3,61211.8,61560.2,324.965
2024-05-12 00:00:00+00:00,BTCUSDT_240628,2024-06-28 00:00:00+00:00,61564.0,62603.4,61341.0,62218.0,267.784
2024-05-13 00:00:00+00:00,BTCUSDT_240628,2024-06-28 00:00:00+00:00,62230.8,64242.0,61461.1,63693.9,606.285
2024-05-14 00:00:00+00:00,BTCUSDT_240628,2024-06-28 00:00:00+00:00,63689.0,63856.3,61778.4,62259.4,736.439
2024-05-15 00:00:00+00:00,BTCUSDT_240628,2024-06-28 00:00:00+00:00,62259.4,67216.1,62021.3,66971.3,871.668
2024-05-16 00:00:00+00:00,BTCUSDT_240628,2024-06-28 00:00:00+00:00,66965.0,67538.3,65335.2,65987.7,790.536
2024-05-17 00:00:00+00:00,BTCUSDT_240628,2024-06-28 00:00:00+00:00,65987.8,68244.9,65846.0,67790.5,490.518
2024-05-18 00:00:00+00:00,BTCUSDT_240628,2024-06-28 00:00:00+00:00,67794.3,68200.0,67378.2,67710.4,226.073
2024-05-19 00:00:00+00:00,BTCUSDT_240628,2024-06-28 00:00:00+00:00,67707.2,68560.9,66633.7,67040.5,387.438
2024-05-20 00:00:00+00:00,BTCUSDT_240628,2024-06-28 00:00:00+00:00,67035.0,72546.8,66820.1,72340.8,1154.178
2024-05-21 00:00:00+00:00,BTCUSDT_240628,2024-06-28 00:00:00+00:00,72355.3,72954.4,70128.1,71131.4,849.883
2024-05-22 00:00:00+00:00,BTCUSDT_240628,2024-06-28 00:00:00+00:00,71127.8,71691.8,69649.3,70150.0,539.773
2024-05-23 00:00:00+00:00,BTCUSDT_240628,2024-06-28 00:00:00+00:00,70150.1,71049.4,67000.1,68845.3,776.418
2024-05-24 00:00:00+00:00,BTCUSDT_240628,2024-06-28 00:00:00+00:00,68838.0,70088.6,67428.0,69367.1,489.456
2024-05-25 00:00:00+00:00,BTCUSDT_240628,2024-06-28 00:00:00+00:00,69372.8,70332.2,69308.1,70052.4,270.925
2024-05-26 00:00:00+00:00,BTCUSDT_240628,2024-06-28 00:00:00+00:00,70051.1,70323.5,68853.6,69229.3,315.46
2024-05-27 00:00:00+00:00,BTCUSDT_240628,2024-06-28 00:00:00+00:00,69229.4,71492.4,68976.6,70188.1,533.011
2024-05-28 00:00:00+00:00,BTCUSDT_240628,2024-06-28 00:00:00+00:00,70189.0,70359.7,68000.6,69181.9,670.667
2024-05-29 00:00:00+00:00,BTCUSDT_240628,2024-06-28 00:00:00+00:00,69188.4,69703.7,67766.6,68280.7,527.399
2024-05-30 00:00:00+00:00,BTCUSDT_240628,2024-06-28 00:00:00+00:00,68273.4,70127.0,67715.7,68939.7,567.272
2024-05-31 00:00:00+00:00,BTCUSDT_240628,2024-06-28 00:00:00+00:00,68949.7,69636.5,67207.3,68116.7,521.749
2024-06-01 00:00:00+00:00,BTCUSDT_240628,2024-06-28 00:00:00+00:00,68128.6,68474.9,67981.5,68336.0,193.381
2024-06-02 00:00:00+00:00,BTCUSDT_240628,2024-06-28 00:00:00+00:00,68336.0,69130.0,67856.7,68355.4,426.726
2024-06-03 00:00:00+00:00,BTCUSDT_240628,2024-06-28 00:00:00+00:00,68379.9,71000.0,68217.0,69420.9,817.477
2024-06-04 00:00:00+00:00,BTCUSDT_240628,2024-06-28 00:00:00+00:00,69423.1,71670.2,69154.2,71119.9,491.236
2024-06-05 00:00:00+00:00,BTCUSDT_240628,2024-06-28 00:00:00+00:00,71110.7,72360.6,70978.0,71617.0,681.548
2024-06-06 00:00:00+00:00,BTCUSDT_240628,2024-06-28 00:00:00+00:00,71621.8,72241.1,70629.8,71345.9,341.003
2024-06-07 00:00:00+00:00,BTCUSDT_240628,2024-06-28 00:00:00+00:00,71340.7,72608.7,68685.2,69861.2,689.351
2024-06-08 00:00:00+00:00,BTCUSDT_240628,2024-06-28 00:00:00+00:00,69861.1,70089.7,69638.8,69793.9,181.35
2024-06-09 00:00:00+00:00,BTCUSDT_240628,2024-06-28 00:00:00+00:00,69791.3,70341.1,69560.1,70135.7,177.435
2024-06-10 00:00:00+00:00,BTCUSDT_240628,2024-06-28 00:00:00+00:00,70140.9,70628.1,69607.5,69958.9,257.219
2024-06-11 00:00:00+00:00,BTCUSDT_240628,2024-06-28 00:00:00+00:00,69963.3,70016.8,66235.8,67620.3,942.547
2024-06-12 00:00:00+00:00,BTCUSDT_240628,2024-06-28 00:00:00+00:00,67625.9,70414.1,67201.7,68622.6,726.718
2024-06-13 00:00:00+00:00,BTCUSDT_240628,2024-06-28 00:00:00+00:00,68620.0,68749.9,66588.0,67110.9,570.072
2024-06-14 00:00:00+00:00,BTCUSDT_240628,2024-06-28 00:00:00+00:00,67127.1,67675.0,65293.2,66295.7,508.066
2024-06-15 00:00:00+00:00,BTCUSDT_240628,2024-06-28 00:00:00+00:00,66293.6,66769.6,66085.0,66441.6,155.396
2024-06-16 00:00:00+00:00,BTCUSDT_240628,2024-06-28 00:00:00+00:00,66443.5,67220.0,66256.0,66928.7,132.616
2024-06-17 00:00:00+00:00,BTCUSDT_240628,2024-06-28 00:00:00+00:00,66924.5,67492.4,65214.5,66669.7,1016.162
2024-06-18 00:00:00+00:00,BTCUSDT_240628,2024-06-28 00:00:00+00:00,66662.1,66755.0,64103.0,65333.6,831.052
2024-06-19 00:00:00+00:00,BTCUSDT_240628,2024-06-28 00:00:00+00:00,65337.4,65902.6,64788.9,65098.7,402.406
2024-06-20 00:00:00+00:00,BTCUSDT_240628,2024-06-28 00:00:00+00:00,65084.9,66634.4,64673.7,64987.0,503.818
2024-06-21 00:00:00+00:00,BTCUSDT_240628,2024-06-28 00:00:00+00:00,64978.0,65183.5,63496.1,64238.9,624.016
2024-06-22 00:00:00+00:00,BTCUSDT_240628,2024-06-28 00:00:00+00:00,64248.8,64640.5,64027.6,64350.8,177.8
2024-06-23 00:00:00+00:00,BTCUSDT_240628,2024-06-28 00:00:00+00:00,64344.4,64623.8,63253.7,63281.2,221.944
2024-06-24 00:00:00+00:00,BTCUSDT_240628,2024-06-28 00:00:00+00:00,63290.6,63413.7,58325.5,60339.8,1681.025
2024-06-25 00:00:00+00:00,BTCUSDT_240628,2024-06-28 00:00:00+00:00,60335.5,62500.0,60295.3,61857.7,831.382
2024-06-26 00:00:00+00:00,BTCUSDT_240628,2024-06-28 00:00:00+00:00,61848.5,62549.9,60735.2,60893.5,494.956
2024-06-27 00:00:00+00:00,BTCUSDT_240628,2024-06-28 00:00:00+00:00,60891.1,62365.3,60631.0,61719.6,876.821
2024-06-28 00:00:00+00:00,BTCUSDT_240628,2024-06-28 00:00:00+00:00,61714.9,62221.6,61407.1,61440.0,149.877
2024-06-29 00:00:00+00:00,BTCUSDT_240628,2024-06-28 00:00:00+00:00,61440.0,61440.0,61440.0,61440.0,0.0
2024-06-30 00:00:00+00:00,BTCUSDT_240628,2024-06-28 00:00:00+00:00,61440.0,61440.0,61440.0,61440.0,0.0
2024-07-01 00:00:00+00:00,BTCUSDT_240628,2024-06-28 00:00:00+00:00,61440.0,61440.0,61440.0,61440.0,0.0
2024-03-29 00:00:00+00:00,BTCUSDT_240927,2024-09-27 00:00:00+00:00,70115.5,79098.7,70115.5,77521.9,380.271
2024-03-30 00:00:00+00:00,BTCUSDT_240927,2024-09-27 00:00:00+00:00,77535.6,78872.6,77372.1,78028.5,182.64
2024-03-31 00:00:00+00:00,BTCUSDT_240927,2024-09-27 00:00:00+00:00,78021.6,81502.7,78001.2,81330.4,160.112
2024-04-01 00:00:00+00:00,BTCUSDT_240927,2024-09-27 00:00:00+00:00,81324.1,81340.1,76300.0,77353.4,386.983
2024-04-02 00:00:00+00:00,BTCUSDT_240927,2024-09-27 00:00:00+00:00,77335.8,77386.5,70839.8,71899.2,433.787
2024-04-03 00:00:00+00:00,BTCUSDT_240927,2024-09-27 00:00:00+00:00,71900.2,73400.0,70558.0,72164.6,336.824
2024-04-04 00:00:00+00:00,BTCUSDT_240927,2024-09-27 00:00:00+00:00,72120.8,76207.9,71189.3,75082.0,419.616
2024-04-05 00:00:00+00:00,BTCUSDT_240927,2024-09-27 00:00:00+00:00,75070.8,75554.6,72248.3,74317.9,360.876
2024-04-06 00:00:00+00:00,BTCUSDT_240927,2024-09-27 00:00:00+00:00,74338.2,75780.7,73784.7,75021.9,152.223
2024-04-07 00:00:00+00:00,BTCUSDT_240927,2024-09-27 00:00:00+00:00,75035.1,76734.1,74939.4,75635.4,196.55
2024-04-08 00:00:00+00:00,BTCUSDT_240927,2024-09-27 00:00:00+00:00,75617.4,80430.0,75339.3,78799.4,460.042
2024-04-09 00:00:00+00:00,BTCUSDT_240927,2024-09-27 00:00:00+00:00,78809.0,78954.3,74867.2,75919.0,375.455
2024-04-10 00:00:00+00:00,BTCUSDT_240927,2024-09-27 00:00:00+00:00,75821.4,77869.5,74081.3,77321.4,471.642
2024-04-11 00:00:00+00:00,BTCUSDT_240927,2024-09-27 00:00:00+00:00,77325.4,77975.0,76036.7,76235.2,371.81
2024-04-12 00:00:00+00:00,BTCUSDT_240927,2024-09-27 00:00:00+00:00,76246.8,77686.5,70300.0,72636.2,734.526
2024-04-13 00:00:00+00:00,BTCUSDT_240927,2024-09-27 00:00:00+00:00,72629.0,73321.3,62670.9,68084.7,852.336
2024-04-14 00:00:00+00:00,BTCUSDT_240927,2024-09-27 00:00:00+00:00,68098.0,70170.1,66200.0,70027.8,408.503
2024-04-15 00:00:00+00:00,BTCUSDT_240927,2024-09-27 00:00:00+00:00,70022.6,71536.8,66177.6,67474.4,630.953
2024-04-16 00:00:00+00:00,BTCUSDT_240927,2024-09-27 00:00:00+00:00,67484.6,68145.4,65379.9,67655.1,621.917
2024-04-17 00:00:00+00:00,BTCUSDT_240927,2024-09-27 00:00:00+00:00,67652.1,68600.0,62693.5,64348.7,809.728
2024-04-18 00:00:00+00:00,BTCUSDT_240927,2024-09-27 00:00:00+00:00,64320.8,67519.3,63861.4,66744.7,431.921
2024-04-19 00:00:00+00:00,BTCUSDT_240927,2024-09-27 00:00:00+00:00,66755.1,68750.0,62457.5,66538.9,698.892
2024-04-20 00:00:00+00:00,BTCUSDT_240927,2024-09-27 00:00:00+00:00,66542.0,68360.8,65812.1,67965.8,257.004
2024-04-21 00:00:00+00:00,BTCUSDT_240927,2024-09-27 00:00:00+00:00,67971.1,68879.6,67288.9,68083.8,210.847
2024-04-22 00:00:00+00:00,BTCUSDT_240927,2024-09-27 00:00:00+00:00,68084.2,70899.0,67645.8,70475.8,442.134
2024-04-23 00:00:00+00:00,BTCUSDT_240927,2024-09-27 00:00:00+00:00,70463.1,70876.4,69332.9,70023.6,210.051
2024-04-24 00:00:00+00:00,BTCUSDT_240927,2024-09-27 00:00:00+00:00,70020.3,70771.6,67024.6,67826.1,351.097
2024-04-25 00:00:00+00:00,BTCUSDT_240927,2024-09-27 00:00:00+00:00,67806.9,68635.0,65986.3,67835.5,352.061
2024-04-26 00:00:00+00:00,BTCUSDT_240927,2024-09-27 00:00:00+00:00,67829.6,68148.2,66558.4,67001.4,266.758
2024-04-27 00:00:00+00:00,BTCUSDT_240927,2024-09-27 00:00:00+00:00,67005.9,67155.0,65400.0,66531.0,225.672
2024-04-28 00:00:00+00:00,BTCUSDT_240927,2024-09-27 00:00:00+00:00,66565.9,67552.9,65742.1,66099.1,181.652
2024-04-29 00:00:00+00:00,BTCUSDT_240927,2024-09-27 00:00:00+00:00,66079.3,67007.0,64500.0,66623.3,319.418
2024-04-30 00:00:00+00:00,BTCUSDT_240927,2024-09-27 00:00:00+00:00,66634.6,67563.1,61333.1,62941.2,620.192
2024-05-01 00:00:00+00:00,BTCUSDT_240927,2024-09-27 00:00:00+00:00,62940.7,63139.6,58036.2,60082.8,1082.255
2024-05-02 00:00:00+00:00,BTCUSDT_240927,2024-09-27 00:00:00+00:00,60085.2,61647.5,58744.7,60970.6,553.703
2024-05-03 00:00:00+00:00,BTCUSDT_240927,2024-09-27 00:00:00+00:00,60966.5,65760.6,60713.8,65296.8,562.488
2024-05-04 00:00:00+00:00,BTCUSDT_240927,2024-09-27 00:00:00+00:00,65296.8,67143.0,65000.0,66483.2,405.001
2024-05-05 00:00:00+00:00,BTCUSDT_240927,2024-09-27 00:00:00+00:00,66480.6,67094.2,65428.1,66518.2,443.274
2024-05-06 00:00:00+00:00,BTCUSDT_240927,2024-09-27 00:00:00+00:00,66528.1,68099.9,65200.0,65774.5,700.949
2024-05-07 00:00:00+00:00,BTCUSDT_240927,2024-09-27 00:00:00+00:00,65780.8,67139.4,64836.7,64920.9,327.22
2024-05-08 00:00:00+00:00,BTCUSDT_240927,2024-09-27 00:00:00+00:00,64867.8,65611.1,63285.7,63656.8,759.362
2024-05-09 00:00:00+00:00,BTCUSDT_240927,2024-09-27 00:00:00+00:00,63637.2,65961.5,63056.0,65526.6,386.313
2024-05-10 00:00:00+00:00,BTCUSDT_240927,2024-09-27 00:00:00+00:00,65528.7,65855.1,62448.9,63006.1,358.562
2024-05-11 00:00:00+00:00,BTCUSDT_240927,2024-09-27 00:00:00+00:00,63021.5,63741.8,62655.6,63034.6,107.819
2024-05-12 00:00:00+00:00,BTCUSDT_240927,2024-09-27 00:00:00+00:00,63038.7,64094.4,62800.0,63708.0,100.129
2024-05-13 00:00:00+00:00,BTCUSDT_240927,2024-09-27 00:00:00+00:00,63723.9,65777.4,62962.9,65218.9,312.676
2024-05-14 00:00:00+00:00,BTCUSDT_240927,2024-09-27 00:00:00+00:00,65214.2,65367.3,63386.3,63782.8,363.825
2024-05-15 00:00:00+00:00,BTCUSDT_240927,2024-09-27 00:00:00+00:00,63776.1,68971.4,63547.9,68666.0,480.39
2024-05-16 00:00:00+00:00,BTCUSDT_240927,2024-09-27 00:00:00+00:00,68667.1,69476.3,66970.9,67694.9,300.533
2024-05-17 00:00:00+00:00,BTCUSDT_240927,2024-09-27 00:00:00+00:00,67701.9,70085.3,67530.9,69557.2,265.275
2024-05-18 00:00:00+00:00,BTCUSDT_240927,2024-09-27 00:00:00+00:00,69559.9,70006.0,69200.0,69606.2,143.7
2024-05-19 00:00:00+00:00,BTCUSDT_240927,2024-09-27 00:00:00+00:00,69598.1,70539.7,68553.8,68970.0,173.512
2024-05-20 00:00:00+00:00,BTCUSDT_240927,2024-09-27 00:00:00+00:00,68972.9,74999.9,68757.7,74781.1,565.862
2024-05-21 00:00:00+00:00,BTCUSDT_240927,2024-09-27 00:00:00+00:00,74807.7,75425.2,72530.0,73572.2,532.552
2024-05-22 00:00:00+00:00,BTCUSDT_240927,2024-09-27 00:00:00+00:00,73581.6,74222.7,72253.3,72667.4,284.747
2024-05-23 00:00:00+00:00,BTCUSDT_240927,2024-09-27 00:00:00+00:00,72667.4,73711.1,69363.2,71427.9,463.324
2024-05-24 00:00:00+00:00,BTCUSDT_240927,2024-09-27 00:00:00+00:00,71420.8,72711.5,69895.4,71961.7,216.952
2024-05-25 00:00:00+00:00,BTCUSDT_240927,2024-09-27 00:00:00+00:00,71959.0,72856.4,71831.7,72592.6,170.763
2024-05-26 00:00:00+00:00,BTCUSDT_240927,2024-09-27 00:00:00+00:00,72617.5,72856.3,71013.4,71705.8,102.359
2024-05-27 00:00:00+00:00,BTCUSDT_240927,2024-09-27 00:00:00+00:00,71696.9,74068.1,71471.4,72747.7,248.855
2024-05-28 00:00:00+00:00,BTCUSDT_240927,2024-09-27 00:00:00+00:00,72747.6,72991.1,70350.6,71688.7,229.38
2024-05-29 00:00:00+00:00,BTCUSDT_240927,2024-09-27 00:00:00+00:00,71708.0,72307.0,70365.2,70883.2,178.216
2024-05-30 00:00:00+00:00,BTCUSDT_240927,2024-09-27 00:00:00+00:00,70878.5,72868.8,70234.3,71589.9,201.481
2024-05-31 00:00:00+00:00,BTCUSDT_240927,2024-09-27 00:00:00+00:00,71582.9,72170.9,69716.5,70684.9,263.787
2024-06-01 00:00:00+00:00,BTCUSDT_240927,2024-09-27 00:00:00+00:00,70699.0,71017.7,70543.3,70897.4,81.521
2024-06-02 00:00:00+00:00,BTCUSDT_240927,2024-09-27 00:00:00+00:00,70897.7,71691.0,70414.2,70935.2,124.341
2024-06-03 00:00:00+00:00,BTCUSDT_240927,2024-09-27 00:00:00+00:00,70918.9,73642.1,70745.5,72032.7,268.357
2024-06-04 00:00:00+00:00,BTCUSDT_240927,2024-09-27 00:00:00+00:00,72040.2,74199.9,71702.0,73611.9,229.161
2024-06-05 00:00:00+00:00,BTCUSDT_240927,2024-09-27 00:00:00+00:00,73590.9,75019.7,73468.2,74276.8,286.368
2024-06-06 00:00:00+00:00,BTCUSDT_240927,2024-09-27 00:00:00+00:00,74241.3,74878.9,73075.2,73963.3,145.415
2024-06-07 00:00:00+00:00,BTCUSDT_240927,2024-09-27 00:00:00+00:00,73957.2,75334.6,71500.0,72460.0,398.526
2024-06-08 00:00:00+00:00,BTCUSDT_240927,2024-09-27 00:00:00+00:00,72460.0,72690.0,72234.9,72360.0,145.873
2024-06-09 00:00:00+00:00,BTCUSDT_240927,2024-09-27 00:00:00+00:00,72359.9,72936.9,72158.6,72724.2,94.623
2024-06-10 00:00:00+00:00,BTCUSDT_240927,2024-09-27 00:00:00+00:00,72742.3,73231.1,72161.8,72544.1,183.803
2024-06-11 00:00:00+00:00,BTCUSDT_240927,2024-09-27 00:00:00+00:00,72536.3,72602.2,68182.8,69775.2,832.92
2024-06-12 00:00:00+00:00,BTCUSDT_240927,2024-09-27 00:00:00+00:00,69768.9,72622.8,69346.6,70745.0,664.458
2024-06-13 00:00:00+00:00,BTCUSDT_240927,2024-09-27 00:00:00+00:00,70742.0,70915.0,68626.6,69222.5,435.981
2024-06-14 00:00:00+00:00,BTCUSDT_240927,2024-09-27 00:00:00+00:00,69238.2,69784.8,67291.5,68353.9,326.897
2024-06-15 00:00:00+00:00,BTCUSDT_240927,2024-09-27 00:00:00+00:00,68351.8,68774.1,68170.9,68534.2,117.489
2024-06-16 00:00:00+00:00,BTCUSDT_240927,2024-09-27 00:00:00+00:00,68536.3,69363.4,68349.8,69074.3,115.078
2024-06-17 00:00:00+00:00,BTCUSDT_240927,2024-09-27 00:00:00+00:00,69057.5,69847.1,67437.2,68957.6,839.112
2024-06-18 00:00:00+00:00,BTCUSDT_240927,2024-09-27 00:00:00+00:00,68957.6,69043.8,65976.2,67299.3,650.6
2024-06-19 00:00:00+00:00,BTCUSDT_240927,2024-09-27 00:00:00+00:00,67298.5,67992.6,66776.1,67121.5,248.974
2024-06-20 00:00:00+00:00,BTCUSDT_240927,2024-09-27 00:00:00+00:00,67111.9,68686.2,66617.6,66883.1,345.682
2024-06-21 00:00:00+00:00,BTCUSDT_240927,2024-09-27 00:00:00+00:00,66875.5,67095.4,65335.8,66166.0,371.454
2024-06-22 00:00:00+00:00,BTCUSDT_240927,2024-09-27 00:00:00+00:00,66179.5,66558.2,65909.4,66219.3,145.237
2024-06-23 00:00:00+00:00,BTCUSDT_240927,2024-09-27 00:00:00+00:00,66217.1,66492.5,65074.0,65133.4,123.752
2024-06-24 00:00:00+00:00,BTCUSDT_240927,2024-09-27 00:00:00+00:00,65121.7,65290.0,60153.0,62082.2,716.985
2024-06-25 00:00:00+00:00,BTCUSDT_240927,2024-09-27 00:00:00+00:00,62098.0,64384.5,62042.0,63675.7,463.305
2024-06-26 00:00:00+00:00,BTCUSDT_240927,2024-09-27 00:00:00+00:00,63684.6,64402.4,62468.4,62645.0,317.2
2024-06-27 00:00:00+00:00,BTCUSDT_240927,2024-09-27 00:00:00+00:00,62642.7,64246.6,62400.0,63459.9,477.171
2024-06-28 00:00:00+00:00,BTCUSDT_240927,2024-09-27 00:00:00+00:00,63459.9,64024.3,61734.9,62138.3,668.815
2024-06-29 00:00:00+00:00,BTCUSDT_240927,2024-09-27 00:00:00+00:00,62138.3,62994.2,62108.8,62705.2,213.397
2024-06-30 00:00:00+00:00,BTCUSDT_240927,2024-09-27 00:00:00+00:00,62700.5,64884.6,62366.9,64620.3,323.157
2024-07-01 00:00:00+00:00,BTCUSDT_240927,2024-09-27 00:00:00+00:00,64630.6,65746.8,64310.4,64704.8,453.33
2024-07-02 00:00:00+00:00,BTCUSDT_240927,2024-09-27 00:00:00+00:00,64690.0,65099.9,63377.5,63695.1,322.257
2024-07-03 00:00:00+00:00,BTCUSDT_240927,2024-09-27 00:00:00+00:00,63705.8,63889.7,60608.1,61569.3,828.538
2024-07-04 00:00:00+00:00,BTCUSDT_240927,2024-09-27 00:00:00+00:00,61572.4,61883.3,57936.3,58274.3,953.429
2024-07-05 00:00:00+00:00,BTCUSDT_240927,2024-09-27 00:00:00+00:00,58253.5,58730.2,54119.7,57892.8,1355.309
2024-07-06 00:00:00+00:00,BTCUSDT_240927,2024-09-27 00:00:00+00:00,57882.3,59810.4,57236.8,59539.0,323.569
2024-07-07 00:00:00+00:00,BTCUSDT_240927,2024-09-27 00:00:00+00:00,59549.4,59749.6,56875.7,57033.2,399.867
2024-07-08 00:00:00+00:00,BTCUSDT_240927,2024-09-27 00:00:00+00:00,57019.5,59517.9,55362.4,57945.4,725.512
2024-07-09 00:00:00+00:00,BTCUSDT_240927,2024-09-27 00:00:00+00:00,57923.7,59543.4,57455.8,59269.1,477.992
2024-07-10 00:00:00+00:00,BTCUSDT_240927,2024-09-27 00:00:00+00:00,59266.8,60760.3,58302.9,58962.0,601.743
2024-07-11 00:00:00+00:00,BTCUSDT_240927,2024-09-27 00:00:00+00:00,58911.4,60846.8,58227.4,58438.5,594.244
2024-07-12 00:00:00+00:00,BTCUSDT_240927,2024-09-27 00:00:00+00:00,58445.1,59735.2,57606.5,59079.8,369.967
2024-07-13 00:00:00+00:00,BTCUSDT_240927,2024-09-27 00:00:00+00:00,59112.2,61123.8,58946.2,60466.9,288.622
2024-07-14 00:00:00+00:00,BTCUSDT_240927,2024-09-27 00:00:00+00:00,60437.7,62834.6,60437.7,62204.1,704.894
2024-07-15 00:00:00+00:00,BTCUSDT_240927,2024-09-27 00:00:00+00:00,62184.4,66389.1,62052.4,66204.1,709.233
2024-07-16 00:00:00+00:00,BTCUSDT_240927,2024-09-27 00:00:00+00:00,66220.5,66930.0,63795.8,66523.5,761.87
2024-07-17 00:00:00+00:00,BTCUSDT_240927,2024-09-27 00:00:00+00:00,66523.6,67664.3,65308.5,65512.7,587.326
2024-07-18 00:00:00+00:00,BTCUSDT_240927,2024-09-27 00:00:00+00:00,65515.1,66589.5,64565.0,65389.4,402.842
2024-07-19 00:00:00+00:00,BTCUSDT_240927,2024-09-27 00:00:00+00:00,65396.8,68954.8,64676.8,68145.7,568.178
2024-07-20 00:00:00+00:00,BTCUSDT_240927,2024-09-27 00:00:00+00:00,68137.9,69198.4,67660.0,68671.4,271.153
2024-07-21 00:00:00+00:00,BTCUSDT_240927,2024-09-27 00:00:00+00:00,68677.6,70000.0,67241.9,69797.4,474.867
2024-07-22 00:00:00+00:00,BTCUSDT_240927,2024-09-27 00:00:00+00:00,69789.9,70163.0,68030.5,69003.8,354.743
2024-07-23 00:00:00+00:00,BTCUSDT_240927,2024-09-27 00:00:00+00:00,69005.0,69247.0,66777.8,67266.4,530.617
2024-07-24 00:00:00+00:00,BTCUSDT_240927,2024-09-27 00:00:00+00:00,67260.4,68411.1,66266.2,66647.8,416.627
2024-07-25 00:00:00+00:00,BTCUSDT_240927,2024-09-27 00:00:00+00:00,66636.9,67386.1,64513.4,66997.7,450.821
2024-07-26 00:00:00+00:00,BTCUSDT_240927,2024-09-27 00:00:00+00:00,66997.7,69506.6,66929.0,69178.3,332.177
2024-07-27 00:00:00+00:00,BTCUSDT_240927,2024-09-27 00:00:00+00:00,69195.6,70759.5,67819.6,69191.9,438.351
2024-07-28 00:00:00+00:00,BTCUSDT_240927,2024-09-27 00:00:00+00:00,69174.5,69591.4,68318.1,69506.9,163.17
2024-07-29 00:00:00+00:00,BTCUSDT_240927,2024-09-27 00:00:00+00:00,69506.8,71500.0,67577.6,67945.4,622.166
2024-07-30 00:00:00+00:00,BTCUSDT_240927,2024-09-27 00:00:00+00:00,67936.3,68261.4,66417.6,67385.5,425.727
2024-07-31 00:00:00+00:00,BTCUSDT_240927,2024-09-27 00:00:00+00:00,67389.2,68059.3,65666.0,65704.1,391.695
2024-08-01 00:00:00+00:00,BTCUSDT_240927,2024-09-27 00:00:00+00:00,65718.2,66531.0,63090.4,66268.5,1022.752
2024-08-02 00:00:00+00:00,BTCUSDT_240927,2024-09-27 00:00:00+00:00,66287.8,66522.5,61938.1,62222.4,665.523
2024-08-03 00:00:00+00:00,BTCUSDT_240927,2024-09-27 00:00:00+00:00,62224.1,62930.3,60555.1,61427.5,483.86
2024-08-04 00:00:00+00:00,BTCUSDT_240927,2024-09-27 00:00:00+00:00,61407.9,61838.8,57815.0,58828.6,574.751
2024-08-05 00:00:00+00:00,BTCUSDT_240927,2024-09-27 00:00:00+00:00,58830.0,58975.8,49063.4,54578.1,4063.824
2024-08-06 00:00:00+00:00,BTCUSDT_240927,2024-09-27 00:00:00+00:00,54580.1,57683.9,54504.9,56615.0,808.758
2024-08-07 00:00:00+00:00,BTCUSDT_240927,2024-09-27 00:00:00+00:00,56597.2,58360.5,55112.0,55577.9,667.901
2024-08-08 00:00:00+00:00,BTCUSDT_240927,2024-09-27 00:00:00+00:00,55670.2,63481.4,55284.3,62323.5,884.122
2024-08-09 00:00:00+00:00,BTCUSDT_240927,2024-09-27 00:00:00+00:00,62321.0,62386.8,60107.5,61477.3,435.475
2024-08-10 00:00:00+00:00,BTCUSDT_240927,2024-09-27 00:00:00+00:00,61478.2,62107.3,60871.4,61600.5,172.836
2024-08-11 00:00:00+00:00,BTCUSDT_240927,2024-09-27 00:00:00+00:00,61591.0,62616.7,58857.7,59319.8,342.881
2024-08-12 00:00:00+00:00,BTCUSDT_240927,2024-09-27 00:00:00+00:00,59324.2,61300.0,58185.6,59925.0,538.578
2024-08-13 00:00:00+00:00,BTCUSDT_240927,2024-09-27 00:00:00+00:00,59925.0,62171.3,58956.5,61184.4,470.993
2024-08-14 00:00:00+00:00,BTCUSDT_240927,2024-09-27 00:00:00+00:00,61169.2,62393.4,58910.3,59197.5,515.724
2024-08-15 00:00:00+00:00,BTCUSDT_240927,2024-09-27 00:00:00+00:00,59195.7,60382.1,56559.7,58013.8,659.901
2024-08-16 00:00:00+00:00,BTCUSDT_240927,2024-09-27 00:00:00+00:00,58006.0,60296.4,57560.2,59357.0,518.31
2024-08-17 00:00:00+00:00,BTCUSDT_240927,2024-09-27 00:00:00+00:00,59357.0,60183.5,59278.1,59948.7,174.66
2024-08-18 00:00:00+00:00,BTCUSDT_240927,2024-09-27 00:00:00+00:00,59951.4,60788.9,58844.8,58849.3,301.468
2024-08-19 00:00:00+00:00,BTCUSDT_240927,2024-09-27 00:00:00+00:00,58850.0,60001.3,58195.6,59838.1,309.523
2024-08-20 00:00:00+00:00,BTCUSDT_240927,2024-09-27 00:00:00+00:00,59845.7,61900.1,58913.2,59392.6,628.153
2024-08-21 00:00:00+00:00,BTCUSDT_240927,2024-09-27 00:00:00+00:00,59380.4,62255.8,59129.8,61560.1,510.545
2024-08-22 00:00:00+00:00,BTCUSDT_240927,2024-09-27 00:00:00+00:00,61566.1,61845.6,60103.3,60736.6,496.796
2024-08-23 00:00:00+00:00,BTCUSDT_240927,2024-09-27 00:00:00+00:00,60753.9,65411.3,60700.1,64402.4,823.958
2024-08-24 00:00:00+00:00,BTCUSDT_240927,2024-09-27 00:00:00+00:00,64402.2,64872.9,63903.7,64519.5,359.257
2024-08-25 00:00:00+00:00,BTCUSDT_240927,2024-09-27 00:00:00+00:00,64509.4,65400.0,64089.0,64534.4,213.814
2024-08-26 00:00:00+00:00,BTCUSDT_240927,2024-09-27 00:00:00+00:00,64528.7,64779.4,63113.1,63161.0,385.469
2024-08-27 00:00:00+00:00,BTCUSDT_240927,2024-09-27 00:00:00+00:00,63148.0,63543.1,58179.5,59702.0,600.574
2024-08-28 00:00:00+00:00,BTCUSDT_240927,2024-09-27 00:00:00+00:00,59711.6,60499.9,58106.9,59270.3,448.786
2024-08-29 00:00:00+00:00,BTCUSDT_240927,2024-09-27 00:00:00+00:00,59297.8,61436.3,58948.5,59621.8,367.899
2024-08-30 00:00:00+00:00,BTCUSDT_240927,2024-09-27 00:00:00+00:00,59584.3,60180.5,57897.5,59360.8,418.756
2024-08-31 00:00:00+00:00,BTCUSDT_240927,2024-09-27 00:00:00+00:00,59371.2,59699.8,58970.0,59207.0,150.665
2024-09-01 00:00:00+00:00,BTCUSDT_240927,2024-09-27 00:00:00+00:00,59200.6,59318.7,57400.2,57523.8,304.471
2024-09-02 00:00:00+00:00,BTCUSDT_240927,2024-09-27 00:00:00+00:00,57502.9,59667.6,57320.6,59377.9,355.02
2024-09-03 00:00:00+00:00,BTCUSDT_240927,2024-09-27 00:00:00+00:00,59385.6,60072.6,57600.0,57685.1,476.373
2024-09-04 00:00:00+00:00,BTCUSDT_240927,2024-09-27 00:00:00+00:00,57673.4,58745.8,55753.2,58168.4,601.773
2024-09-05 00:00:00+00:00,BTCUSDT_240927,2024-09-27 00:00:00+00:00,58166.1,58534.6,55818.7,56357.4,486.137
2024-09-06 00:00:00+00:00,BTCUSDT_240927,2024-09-27 00:00:00+00:00,56344.1,57224.0,52686.4,54146.2,992.987
2024-09-07 00:00:00+00:00,BTCUSDT_240927,2024-09-27 00:00:00+00:00,54144.2,55020.5,53921.5,54335.8,243.197
2024-09-08 00:00:00+00:00,BTCUSDT_240927,2024-09-27 00:00:00+00:00,54332.4,55527.6,53787.7,55047.3,334.745
2024-09-09 00:00:00+00:00,BTCUSDT_240927,2024-09-27 00:00:00+00:00,55053.1,58436.7,54760.2,57264.0,608.546
2024-09-10 00:00:00+00:00,BTCUSDT_240927,2024-09-27 00:00:00+00:00,57249.3,58247.2,56565.6,57836.6,410.909
2024-09-11 00:00:00+00:00,BTCUSDT_240927,2024-09-27 00:00:00+00:00,57842.2,58157.9,55694.0,57500.2,579.787
2024-09-12 00:00:00+00:00,BTCUSDT_240927,2024-09-27 00:00:00+00:00,57478.1,58744.2,57472.7,58270.2,477.355
2024-09-13 00:00:00+00:00,BTCUSDT_240927,2024-09-27 00:00:00+00:00,58271.8,60792.9,57800.0,60637.1,619.583
2024-09-14 00:00:00+00:00,BTCUSDT_240927,2024-09-27 00:00:00+00:00,60659.9,60774.2,59561.9,60134.1,290.275
2024-09-15 00:00:00+00:00,BTCUSDT_240927,2024-09-27 00:00:00+00:00,60135.1,60579.6,58821.7,59263.8,302.221
2024-09-16 00:00:00+00:00,BTCUSDT_240927,2024-09-27 00:00:00+00:00,59253.4,59343.8,57593.9,58318.0,462.816
2024-09-17 00:00:00+00:00,BTCUSDT_240927,2024-09-27 00:00:00+00:00,58310.5,61486.4,57723.4,60410.0,664.739
2024-09-18 00:00:00+00:00,BTCUSDT_240927,2024-09-27 00:00:00+00:00,60396.5,61899.9,59250.0,61861.4,698.887
2024-09-19 00:00:00+00:00,BTCUSDT_240927,2024-09-27 00:00:00+00:00,61880.2,63996.0,61678.1,63060.7,625.755
2024-09-20 00:00:00+00:00,BTCUSDT_240927,2024-09-27 00:00:00+00:00,63057.1,64294.8,62450.0,63307.5,542.818
2024-09-21 00:00:00+00:00,BTCUSDT_240927,2024-09-27 00:00:00+00:00,63315.3,63650.0,62848.9,63429.2,146.109
2024-09-22 00:00:00+00:00,BTCUSDT_240927,2024-09-27 00:00:00+00:00,63442.2,64089.4,62418.4,63656.7,285.922
2024-09-23 00:00:00+00:00,BTCUSDT_240927,2024-09-27 00:00:00+00:00,63656.7,64839.0,62631.0,63377.3,473.809
2024-09-24 00:00:00+00:00,BTCUSDT_240927,2024-09-27 00:00:00+00:00,63383.2,64775.4,62678.0,64316.2,556.502
2024-09-25 00:00:00+00:00,BTCUSDT_240927,2024-09-27 00:00:00+00:00,64322.0,64863.1,62929.1,63164.9,793.492
2024-09-26 00:00:00+00:00,BTCUSDT_240927,2024-09-27 00:00:00+00:00,63165.7,65846.1,62679.0,65190.7,688.364
2024-09-27 00:00:00+00:00,BTCUSDT_240927,2024-09-27 00:00:00+00:00,65190.7,65554.4,64825.0,65426.0,119.927
2024-06-28 00:00:00+00:00,BTCUSDT_241227,2024-12-27 00:00:00+00:00,64435.0,65888.0,63555.0,63949.3,157.547
2024-06-29 00:00:00+00:00,BTCUSDT_241227,2024-12-27 00:00:00+00:00,63947.6,64808.3,63915.9,64457.5,73.795
2024-06-30 00:00:00+00:00,BTCUSDT_241227,2024-12-27 00:00:00+00:00,64448.2,66733.6,64165.7,66514.6,119.235
2024-07-01 00:00:00+00:00,BTCUSDT_241227,2024-12-27 00:00:00+00:00,66522.4,67628.9,66110.0,66587.0,239.83
2024-07-02 00:00:00+00:00,BTCUSDT_241227,2024-12-27 00:00:00+00:00,66542.4,66860.0,65247.8,65594.1,222.782
2024-07-03 00:00:00+00:00,BTCUSDT_241227,2024-12-27 00:00:00+00:00,65594.1,65770.9,62208.3,63175.3,402.962
2024-07-04 00:00:00+00:00,BTCUSDT_241227,2024-12-27 00:00:00+00:00,63178.3,63481.8,59368.7,59757.3,446.162
2024-07-05 00:00:00+00:00,BTCUSDT_241227,2024-12-27 00:00:00+00:00,59747.3,60219.5,55671.0,59450.1,646.88
2024-07-06 00:00:00+00:00,BTCUSDT_241227,2024-12-27 00:00:00+00:00,59445.0,61435.6,58750.0,61146.5,249.099
2024-07-07 00:00:00+00:00,BTCUSDT_241227,2024-12-27 00:00:00+00:00,61161.7,61373.3,58440.2,58599.6,246.354
2024-07-08 00:00:00+00:00,BTCUSDT_241227,2024-12-27 00:00:00+00:00,58616.6,61104.5,56843.9,59512.8,407.55
2024-07-09 00:00:00+00:00,BTCUSDT_241227,2024-12-27 00:00:00+00:00,59530.4,61234.2,59084.0,60899.6,317.167
2024-07-10 00:00:00+00:00,BTCUSDT_241227,2024-12-27 00:00:00+00:00,60862.5,62410.2,59937.5,60585.0,252.42
2024-07-11 00:00:00+00:00,BTCUSDT_241227,2024-12-27 00:00:00+00:00,60588.8,62586.0,59851.7,60106.9,202.031
2024-07-12 00:00:00+00:00,BTCUSDT_241227,2024-12-27 00:00:00+00:00,60116.4,61340.0,59250.0,60713.3,172.629
2024-07-13 00:00:00+00:00,BTCUSDT_241227,2024-12-27 00:00:00+00:00,60729.9,62862.6,60546.5,62153.1,160.632
2024-07-14 00:00:00+00:00,BTCUSDT_241227,2024-12-27 00:00:00+00:00,62153.3,64633.2,62146.2,64106.8,406.383
2024-07-15 00:00:00+00:00,BTCUSDT_241227,2024-12-27 00:00:00+00:00,64091.0,68339.0,63901.3,68155.8,439.215
2024-07-16 00:00:00+00:00,BTCUSDT_241227,2024-12-27 00:00:00+00:00,68141.7,68850.0,65656.8,68439.0,471.761
2024-07-17 00:00:00+00:00,BTCUSDT_241227,2024-12-27 00:00:00+00:00,68475.3,69716.4,67249.9,67478.7,368.764
2024-07-18 00:00:00+00:00,BTCUSDT_241227,2024-12-27 00:00:00+00:00,67477.8,68593.0,66594.8,67393.1,238.933
2024-07-19 00:00:00+00:00,BTCUSDT_241227,2024-12-27 00:00:00+00:00,67398.5,71076.1,66674.3,70234.9,369.337
2024-07-20 00:00:00+00:00,BTCUSDT_241227,2024-12-27 00:00:00+00:00,70227.2,71333.7,69767.8,70815.2,174.36
2024-07-21 00:00:00+00:00,BTCUSDT_241227,2024-12-27 00:00:00+00:00,70803.1,72150.0,69334.5,71986.1,213.73
2024-07-22 00:00:00+00:00,BTCUSDT_241227,2024-12-27 00:00:00+00:00,71985.8,72317.0,70120.3,71139.0,248.264
2024-07-23 00:00:00+00:00,BTCUSDT_241227,2024-12-27 00:00:00+00:00,71128.2,71378.8,68754.0,69286.5,253.749
2024-07-24 00:00:00+00:00,BTCUSDT_241227,2024-12-27 00:00:00+00:00,69271.3,70500.0,67937.6,68664.2,249.59
2024-07-25 00:00:00+00:00,BTCUSDT_241227,2024-12-27 00:00:00+00:00,68637.1,69396.2,66425.7,69004.9,401.372
2024-07-26 00:00:00+00:00,BTCUSDT_241227,2024-12-27 00:00:00+00:00,69008.9,71492.5,68927.5,71189.9,250.076
2024-07-27 00:00:00+00:00,BTCUSDT_241227,2024-12-27 00:00:00+00:00,71185.2,72888.8,69802.5,71167.9,311.734
2024-07-28 00:00:00+00:00,BTCUSDT_241227,2024-12-27 00:00:00+00:00,71178.3,71621.9,70320.3,71514.4,120.978
2024-07-29 00:00:00+00:00,BTCUSDT_241227,2024-12-27 00:00:00+00:00,71514.7,73650.0,69720.1,70124.9,449.816
2024-07-30 00:00:00+00:00,BTCUSDT_241227,2024-12-27 00:00:00+00:00,70057.9,70300.0,68452.0,69416.9,196.901
2024-07-31 00:00:00+00:00,BTCUSDT_241227,2024-12-27 00:00:00+00:00,69412.0,70043.2,67500.1,67547.2,334.095
2024-08-01 00:00:00+00:00,BTCUSDT_241227,2024-12-27 00:00:00+00:00,67551.4,68149.0,64656.4,67906.4,669.078
2024-08-02 00:00:00+00:00,BTCUSDT_241227,2024-12-27 00:00:00+00:00,67925.5,68186.3,63300.0,63496.6,729.04
2024-08-03 00:00:00+00:00,BTCUSDT_241227,2024-12-27 00:00:00+00:00,63489.3,64393.4,61900.5,62858.8,365.239
2024-08-04 00:00:00+00:00,BTCUSDT_241227,2024-12-27 00:00:00+00:00,62838.9,63288.8,59000.0,60093.0,468.309
2024-08-05 00:00:00+00:00,BTCUSDT_241227,2024-12-27 00:00:00+00:00,60105.0,60253.7,50306.4,55920.6,1957.958
2024-08-06 00:00:00+00:00,BTCUSDT_241227,2024-12-27 00:00:00+00:00,55915.8,59149.9,55818.3,58040.1,581.548
2024-08-07 00:00:00+00:00,BTCUSDT_241227,2024-12-27 00:00:00+00:00,57996.1,59804.3,56536.3,57109.0,544.18
2024-08-08 00:00:00+00:00,BTCUSDT_241227,2024-12-27 00:00:00+00:00,57102.9,65035.3,56720.0,63902.7,713.994
2024-08-09 00:00:00+00:00,BTCUSDT_241227,2024-12-27 00:00:00+00:00,63892.8,63952.8,61647.4,63033.0,441.394
2024-08-10 00:00:00+00:00,BTCUSDT_241227,2024-12-27 00:00:00+00:00,63017.0,63740.0,62354.1,63152.9,244.486
2024-08-11 00:00:00+00:00,BTCUSDT_241227,2024-12-27 00:00:00+00:00,63151.0,64286.0,60400.0,60820.9,283.461
2024-08-12 00:00:00+00:00,BTCUSDT_241227,2024-12-27 00:00:00+00:00,60820.6,62758.0,59598.6,61410.6,488.899
2024-08-13 00:00:00+00:00,BTCUSDT_241227,2024-12-27 00:00:00+00:00,61411.1,63706.7,60404.4,62700.8,362.149
2024-08-14 00:00:00+00:00,BTCUSDT_241227,2024-12-27 00:00:00+00:00,62706.4,64040.1,60387.8,60663.3,424.777
2024-08-15 00:00:00+00:00,BTCUSDT_241227,2024-12-27 00:00:00+00:00,60662.7,61831.3,57956.0,59414.0,408.529
2024-08-16 00:00:00+00:00,BTCUSDT_241227,2024-12-27 00:00:00+00:00,59412.3,61671.1,58941.6,60732.8,299.457
2024-08-17 00:00:00+00:00,BTCUSDT_241227,2024-12-27 00:00:00+00:00,60737.6,61620.1,60653.6,61404.0,101.261
2024-08-18 00:00:00+00:00,BTCUSDT_241227,2024-12-27 00:00:00+00:00,61406.0,62183.4,60216.1,60236.8,222.22
2024-08-19 00:00:00+00:00,BTCUSDT_241227,2024-12-27 00:00:00+00:00,60241.9,61357.1,59571.3,61172.1,290.336
2024-08-20 00:00:00+00:00,BTCUSDT_241227,2024-12-27 00:00:00+00:00,61166.9,63300.0,60357.3,60790.4,311.075
2024-08-21 00:00:00+00:00,BTCUSDT_241227,2024-12-27 00:00:00+00:00,60757.9,63653.8,60498.5,62924.0,313.465
2024-08-22 00:00:00+00:00,BTCUSDT_241227,2024-12-27 00:00:00+00:00,62924.7,63160.0,61450.0,62066.2,324.518
2024-08-23 00:00:00+00:00,BTCUSDT_241227,2024-12-27 00:00:00+00:00,62093.9,66901.5,62052.2,65851.0,537.105
2024-08-24 00:00:00+00:00,BTCUSDT_241227,2024-12-27 00:00:00+00:00,65865.3,66366.3,65336.7,65951.0,245.157
2024-08-25 00:00:00+00:00,BTCUSDT_241227,2024-12-27 00:00:00+00:00,65951.1,66899.9,65537.0,66069.9,156.242
2024-08-26 00:00:00+00:00,BTCUSDT_241227,2024-12-27 00:00:00+00:00,66071.7,66332.1,64507.8,64569.3,247.98
2024-08-27 00:00:00+00:00,BTCUSDT_241227,2024-12-27 00:00:00+00:00,64551.8,65005.1,59252.3,60835.0,482.453
2024-08-28 00:00:00+00:00,BTCUSDT_241227,2024-12-27 00:00:00+00:00,60845.6,61686.0,59252.0,60455.1,359.545
2024-08-29 00:00:00+00:00,BTCUSDT_241227,2024-12-27 00:00:00+00:00,60472.7,62686.5,60102.7,60789.9,285.868
2024-08-30 00:00:00+00:00,BTCUSDT_241227,2024-12-27 00:00:00+00:00,60758.5,61342.5,59089.7,60519.8,284.376
2024-08-31 00:00:00+00:00,BTCUSDT_241227,2024-12-27 00:00:00+00:00,60528.5,60880.4,60109.0,60342.1,73.422
2024-09-01 00:00:00+00:00,BTCUSDT_241227,2024-12-27 00:00:00+00:00,60326.0,60471.7,58500.0,58572.1,226.904
2024-09-02 00:00:00+00:00,BTCUSDT_241227,2024-12-27 00:00:00+00:00,58534.7,60799.1,58398.8,60500.2,228.724
2024-09-03 00:00:00+00:00,BTCUSDT_241227,2024-12-27 00:00:00+00:00,60507.6,61248.8,58682.6,58786.1,230.26
2024-09-04 00:00:00+00:00,BTCUSDT_241227,2024-12-27 00:00:00+00:00,58763.8,59852.2,56797.5,59256.9,400.098
2024-09-05 00:00:00+00:00,BTCUSDT_241227,2024-12-27 00:00:00+00:00,59264.9,59650.0,56830.4,57377.4,412.703
2024-09-06 00:00:00+00:00,BTCUSDT_241227,2024-12-27 00:00:00+00:00,57371.8,58216.6,53700.0,55135.2,703.015
2024-09-07 00:00:00+00:00,BTCUSDT_241227,2024-12-27 00:00:00+00:00,55134.9,55980.3,54880.1,55297.5,255.084
2024-09-08 00:00:00+00:00,BTCUSDT_241227,2024-12-27 00:00:00+00:00,55298.4,57018.8,54702.5,56017.2,304.358
2024-09-09 00:00:00+00:00,BTCUSDT_241227,2024-12-27 00:00:00+00:00,56029.8,59431.0,55725.0,58243.1,582.071
2024-09-10 00:00:00+00:00,BTCUSDT_241227,2024-12-27 00:00:00+00:00,58239.6,59275.2,57578.2,58853.7,371.14
2024-09-11 00:00:00+00:00,BTCUSDT_241227,2024-12-27 00:00:00+00:00,58853.6,59247.3,56740.5,58498.9,540.793
2024-09-12 00:00:00+00:00,BTCUSDT_241227,2024-12-27 00:00:00+00:00,58499.9,59811.8,58494.2,59329.9,494.582
2024-09-13 00:00:00+00:00,BTCUSDT_241227,2024-12-27 00:00:00+00:00,59325.0,61938.7,58817.2,61800.0,449.448
2024-09-14 00:00:00+00:00,BTCUSDT_241227,2024-12-27 00:00:00+00:00,61790.2,61889.9,60657.1,61269.5,248.298
2024-09-15 00:00:00+00:00,BTCUSDT_241227,2024-12-27 00:00:00+00:00,61266.5,61628.1,59872.0,60294.7,276.633
2024-09-16 00:00:00+00:00,BTCUSDT_241227,2024-12-27 00:00:00+00:00,60281.9,60380.3,58554.0,59311.0,433.987
2024-09-17 00:00:00+00:00,BTCUSDT_241227,2024-12-27 00:00:00+00:00,59314.8,62528.9,58700.0,61396.5,653.866
2024-09-18 00:00:00+00:00,BTCUSDT_241227,2024-12-27 00:00:00+00:00,61397.1,63047.0,60247.3,62977.4,530.526
2024-09-19 00:00:00+00:00,BTCUSDT_241227,2024-12-27 00:00:00+00:00,62992.8,65160.4,62815.0,64211.8,657.988
2024-09-20 00:00:00+00:00,BTCUSDT_241227,2024-12-27 00:00:00+00:00,64208.5,65408.6,63571.3,64456.5,378.998
2024-09-21 00:00:00+00:00,BTCUSDT_241227,2024-12-27 00:00:00+00:00,64448.4,64799.7,63971.3,64599.6,113.505
2024-09-22 00:00:00+00:00,BTCUSDT_241227,2024-12-27 00:00:00+00:00,64612.3,65215.7,63523.6,64760.6,252.089
2024-09-23 00:00:00+00:00,BTCUSDT_241227,2024-12-27 00:00:00+00:00,64763.5,66001.0,63734.8,64485.2,361.508
2024-09-24 00:00:00+00:00,BTCUSDT_241227,2024-12-27 00:00:00+00:00,64485.2,65833.0,63810.0,65427.0,379.362
2024-09-25 00:00:00+00:00,BTCUSDT_241227,2024-12-27 00:00:00+00:00,65412.9,65985.8,64094.3,64321.4,300.901
2024-09-26 00:00:00+00:00,BTCUSDT_241227,2024-12-27 00:00:00+00:00,64312.8,67000.0,63826.1,66304.2,564.197
2024-09-27 00:00:00+00:00,BTCUSDT_241227,2024-12-27 00:00:00+00:00,66295.9,67753.1,65941.7,67079.0,818.968
2024-09-28 00:00:00+00:00,BTCUSDT_241227,2024-12-27 00:00:00+00:00,67079.0,67606.0,66678.0,67156.2,184.625
2024-09-29 00:00:00+00:00,BTCUSDT_241227,2024-12-27 00:00:00+00:00,67160.9,67436.0,66700.0,66903.1,210.513
2024-09-30 00:00:00+00:00,BTCUSDT_241227,2024-12-27 00:00:00+00:00,66890.6,66900.7,63949.7,64459.0,693.107
2024-10-01 00:00:00+00:00,BTCUSDT_241227,2024-12-27 00:00:00+00:00,64458.9,65261.3,61112.1,61866.9,829.463
2024-10-02 00:00:00+00:00,BTCUSDT_241227,2024-12-27 00:00:00+00:00,61858.5,63436.3,61000.0,61711.6,562.108
2024-10-03 00:00:00+00:00,BTCUSDT_241227,2024-12-27 00:00:00+00:00,61711.6,62542.8,60888.0,61788.3,454.474
2024-10-04 00:00:00+00:00,BTCUSDT_241227,2024-12-27 00:00:00+00:00,61787.6,63584.6,61500.5,63153.5,389.933
2024-10-05 00:00:00+00:00,BTCUSDT_241227,2024-12-27 00:00:00+00:00,63157.9,63484.6,62765.1,63139.6,148.468
2024-10-06 00:00:00+00:00,BTCUSDT_241227,2024-12-27 00:00:00+00:00,63154.6,64186.0,62895.0,63992.3,180.883
2024-10-07 00:00:00+00:00,BTCUSDT_241227,2024-12-27 00:00:00+00:00,63989.6,65690.9,63223.1,63340.0,442.786
2024-10-08 00:00:00+00:00,BTCUSDT_241227,2024-12-27 00:00:00+00:00,63333.6,64349.9,62916.7,63216.8,287.856
2024-10-09 00:00:00+00:00,BTCUSDT_241227,2024-12-27 00:00:00+00:00,63215.1,63624.1,61278.5,61639.8,341.866
2024-10-10 00:00:00+00:00,BTCUSDT_241227,2024-12-27 00:00:00+00:00,61650.4,62338.7,59866.1,61283.0,415.15
2024-10-11 00:00:00+00:00,BTCUSDT_241227,2024-12-27 00:00:00+00:00,61281.5,64584.8,61055.9,63657.1,407.54
2024-10-12 00:00:00+00:00,BTCUSDT_241227,2024-12-27 00:00:00+00:00,63659.6,64571.3,63550.8,64257.7,167.944
2024-10-13 00:00:00+00:00,BTCUSDT_241227,2024-12-27 00:00:00+00:00,64263.5,64364.7,63100.2,63955.0,206.211
2024-10-14 00:00:00+00:00,BTCUSDT_241227,2024-12-27 00:00:00+00:00,63962.9,67800.0,63538.1,67361.9,656.984
2024-10-15 00:00:00+00:00,BTCUSDT_241227,2024-12-27 00:00:00+00:00,67361.3,69213.1,65858.0,68237.7,635.139
2024-10-16 00:00:00+00:00,BTCUSDT_241227,2024-12-27 00:00:00+00:00,68244.4,69666.0,67876.7,68774.5,470.674
2024-10-17 00:00:00+00:00,BTCUSDT_241227,2024-12-27 00:00:00+00:00,68775.7,69129.1,67787.9,68517.6,461.045
2024-10-18 00:00:00+00:00,BTCUSDT_241227,2024-12-27 00:00:00+00:00,68506.6,70250.0,68288.5,69620.3,488.834
2024-10-19 00:00:00+00:00,BTCUSDT_241227,2024-12-27 00:00:00+00:00,69634.5,69945.9,69152.8,69513.4,132.084
2024-10-20 00:00:00+00:00,BTCUSDT_241227,2024-12-27 00:00:00+00:00,69535.1,70748.1,69228.3,70345.2,232.444
2024-10-21 00:00:00+00:00,BTCUSDT_241227,2024-12-27 00:00:00+00:00,70343.5,70868.7,67973.8,68549.2,446.602
2024-10-22 00:00:00+00:00,BTCUSDT_241227,2024-12-27 00:00:00+00:00,68548.5,69058.3,67717.4,68610.0,298.911
2024-10-23 00:00:00+00:00,BTCUSDT_241227,2024-12-27 00:00:00+00:00,68646.0,68648.1,66303.5,67807.7,406.323
2024-10-24 00:00:00+00:00,BTCUSDT_241227,2024-12-27 00:00:00+00:00,67809.4,70110.2,67670.0,69467.6,374.77
2024-10-25 00:00:00+00:00,BTCUSDT_241227,2024-12-27 00:00:00+00:00,69457.5,70047.5,66666.0,67817.7,623.864
2024-10-26 00:00:00+00:00,BTCUSDT_241227,2024-12-27 00:00:00+00:00,67812.0,68561.0,67531.3,68196.3,192.652
2024-10-27 00:00:00+00:00,BTCUSDT_241227,2024-12-27 00:00:00+00:00,68233.7,69550.0,68038.9,69239.1,190.732
2024-10-28 00:00:00+00:00,BTCUSDT_241227,2024-12-27 00:00:00+00:00,69245.0,71644.1,68770.6,71234.9,528.371
2024-10-29 00:00:00+00:00,BTCUSDT_241227,2024-12-27 00:00:00+00:00,71237.5,75066.8,71018.9,74185.7,675.658
2024-10-30 00:00:00+00:00,BTCUSDT_241227,2024-12-27 00:00:00+00:00,74185.9,74413.8,72857.8,73736.6,306.288
2024-10-31 00:00:00+00:00,BTCUSDT_241227,2024-12-27 00:00:00+00:00,73739.3,74086.8,70913.0,71546.8,454.173
2024-11-01 00:00:00+00:00,BTCUSDT_241227,2024-12-27 00:00:00+00:00,71551.2,72915.3,69949.8,70656.7,609.966
2024-11-02 00:00:00+00:00,BTCUSDT_241227,2024-12-27 00:00:00+00:00,70641.9,71060.0,70046.7,70445.5,172.34
2024-11-03 00:00:00+00:00,BTCUSDT_241227,2024-12-27 00:00:00+00:00,70454.8,70488.7,68451.8,69791.1,353.458
2024-11-04 00:00:00+00:00,BTCUSDT_241227,2024-12-27 00:00:00+00:00,69781.7,70591.6,67771.4,68810.5,334.715
2024-11-05 00:00:00+00:00,BTCUSDT_241227,2024-12-27 00:00:00+00:00,68807.3,71568.0,68403.2,70367.4,437.013
2024-11-06 00:00:00+00:00,BTCUSDT_241227,2024-12-27 00:00:00+00:00,70369.3,77698.4,70269.8,76832.6,1451.496
2024-11-07 00:00:00+00:00,BTCUSDT_241227,2024-12-27 00:00:00+00:00,76834.3,78234.9,75671.7,77189.3,533.644
2024-11-08 00:00:00+00:00,BTCUSDT_241227,2024-12-27 00:00:00+00:00,77205.1,78562.1,76873.0,77784.8,418.025
2024-11-09 00:00:00+00:00,BTCUSDT_241227,2024-12-27 00:00:00+00:00,77789.4,78256.3,76976.6,78003.1,208.698
2024-11-10 00:00:00+00:00,BTCUSDT_241227,2024-12-27 00:00:00+00:00,78009.3,83200.0,77814.8,81963.2,828.115
2024-11-11 00:00:00+00:00,BTCUSDT_241227,2024-12-27 00:00:00+00:00,81971.3,91500.0,81802.4,90474.4,1346.578
2024-11-12 00:00:00+00:00,BTCUSDT_241227,2024-12-27 00:00:00+00:00,90465.1,91999.9,87059.7,89596.0,1511.95
2024-11-13 00:00:00+00:00,BTCUSDT_241227,2024-12-27 00:00:00+00:00,89524.6,95100.0,87594.6,92018.2,1428.992
2024-11-14 00:00:00+00:00,BTCUSDT_241227,2024-12-27 00:00:00+00:00,91979.2,93408.2,88054.0,88747.6,826.965
2024-11-15 00:00:00+00:00,BTCUSDT_241227,2024-12-27 00:00:00+00:00,88776.3,93436.3,88484.9,92557.0,649.24
2024-11-16 00:00:00+00:00,BTCUSDT_241227,2024-12-27 00:00:00+00:00,92541.2,93324.8,91596.9,92108.8,289.093
2024-11-17 00:00:00+00:00,BTCUSDT_241227,2024-12-27 00:00:00+00:00,92154.6,93048.5,90217.6,91485.1,483.888
2024-11-18 00:00:00+00:00,BTCUSDT_241227,2024-12-27 00:00:00+00:00,91502.2,94319.6,90909.1,92056.7,711.143
2024-11-19 00:00:00+00:00,BTCUSDT_241227,2024-12-27 00:00:00+00:00,92056.1,95626.7,91930.9,93939.3,631.298
2024-11-20 00:00:00+00:00,BTCUSDT_241227,2024-12-27 00:00:00+00:00,93942.7,96477.7,93000.0,95852.9,489.318
2024-11-21 00:00:00+00:00,BTCUSDT_241227,2024-12-27 00:00:00+00:00,95856.6,100647.4,95600.0,99962.2,877.306
2024-11-22 00:00:00+00:00,BTCUSDT_241227,2024-12-27 00:00:00+00:00,99962.1,101232.5,98764.6,100462.7,558.397
2024-11-23 00:00:00+00:00,BTCUSDT_241227,2024-12-27 00:00:00+00:00,100464.6,100489.0,98652.1,99265.1,263.688
2024-11-24 00:00:00+00:00,BTCUSDT_241227,2024-12-27 00:00:00+00:00,99244.8,100212.6,97228.1,99424.9,377.883
2024-11-25 00:00:00+00:00,BTCUSDT_241227,2024-12-27 00:00:00+00:00,99454.3,100475.4,94022.0,94442.4,646.075
2024-11-26 00:00:00+00:00,BTCUSDT_241227,2024-12-27 00:00:00+00:00,94399.0,96425.1,92050.1,93262.8,778.547
2024-11-27 00:00:00+00:00,BTCUSDT_241227,2024-12-27 00:00:00+00:00,93262.8,98599.6,93092.4,97255.8,466.249
2024-11-28 00:00:00+00:00,BTCUSDT_241227,2024-12-27 00:00:00+00:00,97217.5,98000.0,95945.5,97172.3,283.499
2024-11-29 00:00:00+00:00,BTCUSDT_241227,2024-12-27 00:00:00+00:00,97180.8,100211.9,96827.9,98923.0,397.98
2024-11-30 00:00:00+00:00,BTCUSDT_241227,2024-12-27 00:00:00+00:00,98934.8,98936.1,97531.2,97848.9,163.007
2024-12-01 00:00:00+00:00,BTCUSDT_241227,2024-12-27 00:00:00+00:00,97875.5,99249.9,97100.0,98690.0,211.114
2024-12-02 00:00:00+00:00,BTCUSDT_241227,2024-12-27 00:00:00+00:00,98656.4,99628.5,95617.9,97062.6,508.573
2024-12-03 00:00:00+00:00,BTCUSDT_241227,2024-12-27 00:00:00+00:00,97063.7,97571.4,94642.1,97116.9,527.996
2024-12-04 00:00:00+00:00,BTCUSDT_241227,2024-12-27 00:00:00+00:00,97108.6,100367.9,95800.0,99920.4,554.929
2024-12-05 00:00:00+00:00,BTCUSDT_241227,2024-12-27 00:00:00+00:00,99908.0,105800.0,92553.9,98217.3,1773.238
2024-12-06 00:00:00+00:00,BTCUSDT_241227,2024-12-27 00:00:00+00:00,98232.1,103220.2,97566.0,101031.0,633.494
2024-12-07 00:00:00+00:00,BTCUSDT_241227,2024-12-27 00:00:00+00:00,101035.1,101780.0,100049.2,100971.5,183.01
2024-12-08 00:00:00+00:00,BTCUSDT_241227,2024-12-27 00:00:00+00:00,100978.4,102657.9,99707.1,102360.0,164.95
2024-12-09 00:00:00+00:00,BTCUSDT_241227,2024-12-27 00:00:00+00:00,102364.0,102464.5,95132.0,98200.0,759.146
2024-12-10 00:00:00+00:00,BTCUSDT_241227,2024-12-27 00:00:00+00:00,98189.5,99135.9,94970.4,97369.8,722.333
2024-12-11 00:00:00+00:00,BTCUSDT_241227,2024-12-27 00:00:00+00:00,97382.2,102715.3,96406.3,101924.3,490.808
2024-12-12 00:00:00+00:00,BTCUSDT_241227,2024-12-27 00:00:00+00:00,101951.8,103392.7,100009.7,100710.6,383.453
2024-12-13 00:00:00+00:00,BTCUSDT_241227,2024-12-27 00:00:00+00:00,100706.6,102549.7,99869.0,102030.0,317.556
2024-12-14 00:00:00+00:00,BTCUSDT_241227,2024-12-27 00:00:00+00:00,102033.3,103281.3,101114.9,101955.3,247.951
2024-12-15 00:00:00+00:00,BTCUSDT_241227,2024-12-27 00:00:00+00:00,101954.9,105905.6,101748.4,105115.2,348.648
2024-12-16 00:00:00+00:00,BTCUSDT_241227,2024-12-27 00:00:00+00:00,105116.6,108349.7,103842.0,106534.9,647.286
2024-12-17 00:00:00+00:00,BTCUSDT_241227,2024-12-27 00:00:00+00:00,106535.0,108888.0,105709.5,106557.8,467.675
2024-12-18 00:00:00+00:00,BTCUSDT_241227,2024-12-27 00:00:00+00:00,106547.2,106920.2,100301.8,100548.2,701.056
2024-12-19 00:00:00+00:00,BTCUSDT_241227,2024-12-27 00:00:00+00:00,100541.1,103140.0,95979.2,97732.4,833.909
2024-12-20 00:00:00+00:00,BTCUSDT_241227,2024-12-27 00:00:00+00:00,97736.7,98454.5,92454.2,97980.0,1005.257
2024-12-21 00:00:00+00:00,BTCUSDT_241227,2024-12-27 00:00:00+00:00,97977.6,99823.4,96629.6,97480.1,728.662
2024-12-22 00:00:00+00:00,BTCUSDT_241227,2024-12-27 00:00:00+00:00,97522.5,97672.6,94416.5,95382.8,400.457
2024-12-23 00:00:00+00:00,BTCUSDT_241227,2024-12-27 00:00:00+00:00,95383.5,96749.3,92675.4,95113.4,926.157
2024-12-24 00:00:00+00:00,BTCUSDT_241227,2024-12-27 00:00:00+00:00,95138.1,99750.0,93762.7,98874.1,1204.438
2024-12-25 00:00:00+00:00,BTCUSDT_241227,2024-12-27 00:00:00+00:00,98875.6,99766.1,97823.5,99622.2,395.431
2024-12-26 00:00:00+00:00,BTCUSDT_241227,2024-12-27 00:00:00+00:00,99622.0,100166.6,95200.0,95799.1,1202.775
2024-12-27 00:00:00+00:00,BTCUSDT_241227,2024-12-27 00:00:00+00:00,95804.1,96654.8,94932.3,95104.9,308.974
2024-09-27 00:00:00+00:00,BTCUSDT_250328,2025-03-28 00:00:00+00:00,73818.6,77421.7,66800.0,68761.0,354.552
2024-09-28 00:00:00+00:00,BTCUSDT_250328,2025-03-28 00:00:00+00:00,68801.4,69425.7,68241.0,68879.6,168.168
2024-09-29 00:00:00+00:00,BTCUSDT_250328,2025-03-28 00:00:00+00:00,68874.7,69106.2,68298.5,68624.0,126.64
2024-09-30 00:00:00+00:00,BTCUSDT_250328,2025-03-28 00:00:00+00:00,68635.8,68643.0,65225.5,65698.9,820.038
2024-10-01 00:00:00+00:00,BTCUSDT_250328,2025-03-28 00:00:00+00:00,65699.5,66589.9,62307.7,63051.2,566.308
2024-10-02 00:00:00+00:00,BTCUSDT_250328,2025-03-28 00:00:00+00:00,63029.7,64494.2,62066.5,62824.0,552.2
2024-10-03 00:00:00+00:00,BTCUSDT_250328,2025-03-28 00:00:00+00:00,62816.6,63696.8,62009.4,62962.4,248.712
2024-10-04 00:00:00+00:00,BTCUSDT_250328,2025-03-28 00:00:00+00:00,62965.6,64842.3,62673.5,64341.2,195.992
2024-10-05 00:00:00+00:00,BTCUSDT_250328,2025-03-28 00:00:00+00:00,64350.7,64652.7,63942.6,64327.6,73.373
2024-10-06 00:00:00+00:00,BTCUSDT_250328,2025-03-28 00:00:00+00:00,64336.7,65472.6,64074.1,65232.2,104.557
2024-10-07 00:00:00+00:00,BTCUSDT_250328,2025-03-28 00:00:00+00:00,65239.0,66991.4,64495.2,64541.8,268.159
2024-10-08 00:00:00+00:00,BTCUSDT_250328,2025-03-28 00:00:00+00:00,64534.9,65638.7,64142.4,64472.7,232.343
2024-10-09 00:00:00+00:00,BTCUSDT_250328,2025-03-28 00:00:00+00:00,64473.0,64896.5,62555.6,62841.6,159.2
2024-10-10 00:00:00+00:00,BTCUSDT_250328,2025-03-28 00:00:00+00:00,62856.3,63568.2,60949.9,62426.1,234.446
2024-10-11 00:00:00+00:00,BTCUSDT_250328,2025-03-28 00:00:00+00:00,62426.2,65851.7,62308.8,64911.2,273.026
2024-10-12 00:00:00+00:00,BTCUSDT_250328,2025-03-28 00:00:00+00:00,64912.6,65861.1,64835.2,65548.4,112.477
2024-10-13 00:00:00+00:00,BTCUSDT_250328,2025-03-28 00:00:00+00:00,65540.1,65644.2,64370.4,65246.6,110.471
2024-10-14 00:00:00+00:00,BTCUSDT_250328,2025-03-28 00:00:00+00:00,65253.2,69282.5,64792.8,68768.7,394.994
2024-10-15 00:00:00+00:00,BTCUSDT_250328,2025-03-28 00:00:00+00:00,68780.1,70679.1,67172.3,69543.7,506.253
2024-10-16 00:00:00+00:00,BTCUSDT_250328,2025-03-28 00:00:00+00:00,69568.0,70984.1,69099.0,70048.5,365.919
2024-10-17 00:00:00+00:00,BTCUSDT_250328,2025-03-28 00:00:00+00:00,70047.2,70370.4,69050.5,69786.1,263.438
2024-10-18 00:00:00+00:00,BTCUSDT_250328,2025-03-28 00:00:00+00:00,69789.3,71620.0,69553.9,71011.4,323.803
2024-10-19 00:00:00+00:00,BTCUSDT_250328,2025-03-28 00:00:00+00:00,71019.9,71277.9,70525.0,70921.6,63.415
2024-10-20 00:00:00+00:00,BTCUSDT_250328,2025-03-28 00:00:00+00:00,70922.7,72155.2,70610.0,71764.1,133.195
2024-10-21 00:00:00+00:00,BTCUSDT_250328,2025-03-28 00:00:00+00:00,71764.3,72290.4,69282.1,69984.5,299.041
2024-10-22 00:00:00+00:00,BTCUSDT_250328,2025-03-28 00:00:00+00:00,69984.5,70470.9,69141.1,70031.0,199.075
2024-10-23 00:00:00+00:00,BTCUSDT_250328,2025-03-28 00:00:00+00:00,70060.0,70077.0,67566.7,69329.3,309.351
2024-10-24 00:00:00+00:00,BTCUSDT_250328,2025-03-28 00:00:00+00:00,69326.4,71584.5,69186.3,70984.8,301.411
2024-10-25 00:00:00+00:00,BTCUSDT_250328,2025-03-28 00:00:00+00:00,70969.1,71500.0,68234.8,69386.6,408.968
2024-10-26 00:00:00+00:00,BTCUSDT_250328,2025-03-28 00:00:00+00:00,69380.2,70126.5,69113.2,69778.1,147.212
2024-10-27 00:00:00+00:00,BTCUSDT_250328,2025-03-28 00:00:00+00:00,69786.1,71141.9,69619.4,70835.0,129.73
2024-10-28 00:00:00+00:00,BTCUSDT_250328,2025-03-28 00:00:00+00:00,70860.3,73301.3,70368.3,72914.4,345.286
2024-10-29 00:00:00+00:00,BTCUSDT_250328,2025-03-28 00:00:00+00:00,72916.3,77060.4,72706.3,76204.4,571.535
2024-10-30 00:00:00+00:00,BTCUSDT_250328,2025-03-28 00:00:00+00:00,76204.5,76410.6,74915.0,75797.4,228.428
2024-10-31 00:00:00+00:00,BTCUSDT_250328,2025-03-28 00:00:00+00:00,75755.6,76083.9,72900.0,73553.9,319.096
2024-11-01 00:00:00+00:00,BTCUSDT_250328,2025-03-28 00:00:00+00:00,73552.2,75012.7,71944.1,72666.3,353.674
2024-11-02 00:00:00+00:00,BTCUSDT_250328,2025-03-28 00:00:00+00:00,72644.1,73085.6,71671.2,72227.3,202.506
2024-11-03 00:00:00+00:00,BTCUSDT_250328,2025-03-28 00:00:00+00:00,72230.0,72240.1,70187.8,71558.0,294.724
2024-11-04 00:00:00+00:00,BTCUSDT_250328,2025-03-28 00:00:00+00:00,71570.5,72466.8,69541.6,70590.9,285.106
2024-11-05 00:00:00+00:00,BTCUSDT_250328,2025-03-28 00:00:00+00:00,70562.0,73402.0,70199.4,72178.7,242.384
2024-11-06 00:00:00+00:00,BTCUSDT_250328,2025-03-28 00:00:00+00:00,72161.2,79485.8,72092.9,78687.1,944.535
2024-11-07 00:00:00+00:00,BTCUSDT_250328,2025-03-28 00:00:00+00:00,78687.1,80386.9,77502.0,79354.4,566.912
2024-11-08 00:00:00+00:00,BTCUSDT_250328,2025-03-28 00:00:00+00:00,79379.7,80729.3,78956.9,79904.6,303.479
2024-11-09 00:00:00+00:00,BTCUSDT_250328,2025-03-28 00:00:00+00:00,79906.8,80423.1,79100.1,80172.1,155.775
2024-11-10 00:00:00+00:00,BTCUSDT_250328,2025-03-28 00:00:00+00:00,80216.0,85747.7,79992.3,84465.6,769.186
2024-11-11 00:00:00+00:00,BTCUSDT_250328,2025-03-28 00:00:00+00:00,84463.8,94283.4,84273.8,93279.9,1021.922
2024-11-12 00:00:00+00:00,BTCUSDT_250328,2025-03-28 00:00:00+00:00,93287.9,94969.7,89860.5,92207.4,1223.612
2024-11-13 00:00:00+00:00,BTCUSDT_250328,2025-03-28 00:00:00+00:00,92140.9,98132.2,90218.5,94997.8,1048.794
2024-11-14 00:00:00+00:00,BTCUSDT_250328,2025-03-28 00:00:00+00:00,94998.6,96550.6,90879.1,91574.9,531.873
2024-11-15 00:00:00+00:00,BTCUSDT_250328,2025-03-28 00:00:00+00:00,91603.9,96424.2,91400.0,95573.4,394.384
2024-11-16 00:00:00+00:00,BTCUSDT_250328,2025-03-28 00:00:00+00:00,95582.6,96368.4,94725.2,95264.2,288.636
2024-11-17 00:00:00+00:00,BTCUSDT_250328,2025-03-28 00:00:00+00:00,95287.8,96211.9,93290.3,94527.3,373.721
2024-11-18 00:00:00+00:00,BTCUSDT_250328,2025-03-28 00:00:00+00:00,94552.7,97619.9,94040.5,95324.3,483.013
2024-11-19 00:00:00+00:00,BTCUSDT_250328,2025-03-28 00:00:00+00:00,95289.1,99067.0,95178.8,97279.9,515.187
2024-11-20 00:00:00+00:00,BTCUSDT_250328,2025-03-28 00:00:00+00:00,97280.0,99928.9,96339.0,99175.0,491.698
2024-11-21 00:00:00+00:00,BTCUSDT_250328,2025-03-28 00:00:00+00:00,99182.9,104208.1,98929.7,103479.3,675.162
2024-11-22 00:00:00+00:00,BTCUSDT_250328,2025-03-28 00:00:00+00:00,103479.3,104834.3,102314.2,104032.4,399.701
2024-11-23 00:00:00+00:00,BTCUSDT_250328,2025-03-28 00:00:00+00:00,104032.5,104114.9,102292.8,102927.9,231.358
2024-11-24 00:00:00+00:00,BTCUSDT_250328,2025-03-28 00:00:00+00:00,102917.3,103967.2,100800.4,103077.3,356.888
2024-11-25 00:00:00+00:00,BTCUSDT_250328,2025-03-28 00:00:00+00:00,103106.9,104198.2,97406.7,97600.0,521.292
2024-11-26 00:00:00+00:00,BTCUSDT_250328,2025-03-28 00:00:00+00:00,97600.1,99747.8,95230.3,96398.0,578.961
2024-11-27 00:00:00+00:00,BTCUSDT_250328,2025-03-28 00:00:00+00:00,96414.4,101980.1,96234.5,100635.6,341.212
2024-11-28 00:00:00+00:00,BTCUSDT_250328,2025-03-28 00:00:00+00:00,100616.0,101392.8,99300.0,100391.3,272.916
2024-11-29 00:00:00+00:00,BTCUSDT_250328,2025-03-28 00:00:00+00:00,100406.3,103741.5,100140.0,102232.8,310.042
2024-11-30 00:00:00+00:00,BTCUSDT_250328,2025-03-28 00:00:00+00:00,102243.6,102257.5,100988.7,101356.3,188.386
2024-12-01 00:00:00+00:00,BTCUSDT_250328,2025-03-28 00:00:00+00:00,101364.7,102854.2,100547.2,102270.8,156.893
2024-12-02 00:00:00+00:00,BTCUSDT_250328,2025-03-28 00:00:00+00:00,102237.1,103221.4,99095.4,100588.1,302.044
2024-12-03 00:00:00+00:00,BTCUSDT_250328,2025-03-28 00:00:00+00:00,100556.5,101202.1,98040.0,100730.0,318.098
2024-12-04 00:00:00+00:00,BTCUSDT_250328,2025-03-28 00:00:00+00:00,100710.7,104088.0,99411.1,103554.9,497.345
2024-12-05 00:00:00+00:00,BTCUSDT_250328,2025-03-28 00:00:00+00:00,103539.7,109689.2,96000.0,101745.3,1493.226
2024-12-06 00:00:00+00:00,BTCUSDT_250328,2025-03-28 00:00:00+00:00,101747.8,107074.5,101093.0,104756.2,604.61
2024-12-07 00:00:00+00:00,BTCUSDT_250328,2025-03-28 00:00:00+00:00,104762.0,105563.5,103808.0,104729.2,178.002
2024-12-08 00:00:00+00:00,BTCUSDT_250328,2025-03-28 00:00:00+00:00,104734.5,106440.9,103534.0,106203.7,156.45
2024-12-09 00:00:00+00:00,BTCUSDT_250328,2025-03-28 00:00:00+00:00,106191.1,106276.9,98500.0,101712.1,679.981
2024-12-10 00:00:00+00:00,BTCUSDT_250328,2025-03-28 00:00:00+00:00,101715.3,102700.0,98331.6,100812.2,556.199
2024-12-11 00:00:00+00:00,BTCUSDT_250328,2025-03-28 00:00:00+00:00,100811.9,106200.0,99735.0,105419.5,441.548
2024-12-12 00:00:00+00:00,BTCUSDT_250328,2025-03-28 00:00:00+00:00,105450.0,107237.0,103672.7,104316.2,352.355
2024-12-13 00:00:00+00:00,BTCUSDT_250328,2025-03-28 00:00:00+00:00,104322.3,106274.4,103500.0,105817.5,301.21
2024-12-14 00:00:00+00:00,BTCUSDT_250328,2025-03-28 00:00:00+00:00,105815.9,107344.0,104865.0,105652.3,235.232
2024-12-15 00:00:00+00:00,BTCUSDT_250328,2025-03-28 00:00:00+00:00,105669.2,109979.3,105501.9,109180.9,270.218
2024-12-16 00:00:00+00:00,BTCUSDT_250328,2025-03-28 00:00:00+00:00,109202.0,112500.0,108000.0,110500.3,464.775
2024-12-17 00:00:00+00:00,BTCUSDT_250328,2025-03-28 00:00:00+00:00,110488.7,112761.3,109660.5,110420.5,338.065
2024-12-18 00:00:00+00:00,BTCUSDT_250328,2025-03-28 00:00:00+00:00,110401.3,110850.0,103822.3,104035.9,646.867
2024-12-19 00:00:00+00:00,BTCUSDT_250328,2025-03-28 00:00:00+00:00,104051.1,106752.2,99329.8,101322.2,789.921
2024-12-20 00:00:00+00:00,BTCUSDT_250328,2025-03-28 00:00:00+00:00,101314.6,101730.2,95450.1,101222.4,945.993
2024-12-21 00:00:00+00:00,BTCUSDT_250328,2025-03-28 00:00:00+00:00,101206.8,102950.0,99681.7,100575.4,372.879
2024-12-22 00:00:00+00:00,BTCUSDT_250328,2025-03-28 00:00:00+00:00,100584.6,100730.8,97371.2,98348.9,337.803
2024-12-23 00:00:00+00:00,BTCUSDT_250328,2025-03-28 00:00:00+00:00,98358.3,99768.8,95612.6,98184.1,585.876
2024-12-24 00:00:00+00:00,BTCUSDT_250328,2025-03-28 00:00:00+00:00,98198.1,102817.2,96726.7,101907.9,586.623
2024-12-25 00:00:00+00:00,BTCUSDT_250328,2025-03-28 00:00:00+00:00,101900.1,102800.0,100866.2,102647.7,343.468
2024-12-26 00:00:00+00:00,BTCUSDT_250328,2025-03-28 00:00:00+00:00,102663.2,103254.5,98238.2,98732.1,489.937
2024-12-27 00:00:00+00:00,BTCUSDT_250328,2025-03-28 00:00:00+00:00,98724.2,100548.1,96500.0,97314.4,675.805
2024-12-28 00:00:00+00:00,BTCUSDT_250328,2025-03-28 00:00:00+00:00,97303.3,98836.3,97140.6,98302.4,204.662
2024-12-29 00:00:00+00:00,BTCUSDT_250328,2025-03-28 00:00:00+00:00,98304.1,98340.0,96112.7,96832.4,183.222
2024-12-30 00:00:00+00:00,BTCUSDT_250328,2025-03-28 00:00:00+00:00,96833.4,98069.9,94455.7,95750.6,511.755
2024-12-31 00:00:00+00:00,BTCUSDT_250328,2025-03-28 00:00:00+00:00,95784.9,99365.7,95032.1,96660.2,432.554
2025-01-01 00:00:00+00:00,BTCUSDT_250328,2025-03-28 00:00:00+00:00,96656.5,98261.1,95937.9,97700.9,186.51
2025-01-02 00:00:00+00:00,BTCUSDT_250328,2025-03-28 00:00:00+00:00,97706.6,101241.5,97511.0,100330.6,372.403
2025-01-03 00:00:00+00:00,BTCUSDT_250328,2025-03-28 00:00:00+00:00,100373.3,102185.0,99375.1,101371.0,312.709
2025-01-04 00:00:00+00:00,BTCUSDT_250328,2025-03-28 00:00:00+00:00,101379.4,101800.0,100674.5,101239.6,133.772
2025-01-05 00:00:00+00:00,BTCUSDT_250328,2025-03-28 00:00:00+00:00,101238.3,101694.8,100159.4,101193.3,201.846
2025-01-06 00:00:00+00:00,BTCUSDT_250328,2025-03-28 00:00:00+00:00,101203.4,105400.0,100791.8,105088.5,430.597
2025-01-07 00:00:00+00:00,BTCUSDT_250328,2025-03-28 00:00:00+00:00,105088.4,105575.0,98710.6,99541.8,632.825
2025-01-08 00:00:00+00:00,BTCUSDT_250328,2025-03-28 00:00:00+00:00,99534.9,99878.9,94759.9,97487.8,637.035
2025-01-09 00:00:00+00:00,BTCUSDT_250328,2025-03-28 00:00:00+00:00,97393.2,97812.6,93616.8,94953.7,539.505
2025-01-10 00:00:00+00:00,BTCUSDT_250328,2025-03-28 00:00:00+00:00,94950.8,98204.6,94590.3,96968.8,498.082
2025-01-11 00:00:00+00:00,BTCUSDT_250328,2025-03-28 00:00:00+00:00,96936.5,97143.8,96047.6,96707.1,129.595
2025-01-12 00:00:00+00:00,BTCUSDT_250328,2025-03-28 00:00:00+00:00,96707.1,97540.0,95812.6,96590.9,160.397
2025-01-13 00:00:00+00:00,BTCUSDT_250328,2025-03-28 00:00:00+00:00,96658.4,98054.9,91000.0,96646.7,855.561
2025-01-14 00:00:00+00:00,BTCUSDT_250328,2025-03-28 00:00:00+00:00,96665.4,99532.6,96462.4,98701.1,490.47
2025-01-15 00:00:00+00:00,BTCUSDT_250328,2025-03-28 00:00:00+00:00,98722.7,103093.8,98647.3,102866.3,437.966
2025-01-16 00:00:00+00:00,BTCUSDT_250328,2025-03-28 00:00:00+00:00,102858.9,103262.7,99666.6,102444.4,394.146
2025-01-17 00:00:00+00:00,BTCUSDT_250328,2025-03-28 00:00:00+00:00,102444.5,108389.7,102390.5,106640.8,557.996
2025-01-18 00:00:00+00:00,BTCUSDT_250328,2025-03-28 00:00:00+00:00,106624.8,107466.3,104722.9,106967.8,436.551
2025-01-19 00:00:00+00:00,BTCUSDT_250328,2025-03-28 00:00:00+00:00,106956.0,109002.3,101906.9,103761.0,724.548
2025-01-20 00:00:00+00:00,BTCUSDT_250328,2025-03-28 00:00:00+00:00,103763.9,112524.5,101862.6,104642.0,1514.798
2025-01-21 00:00:00+00:00,BTCUSDT_250328,2025-03-28 00:00:00+00:00,104535.5,109620.8,102434.5,108529.8,563.849
2025-01-22 00:00:00+00:00,BTCUSDT_250328,2025-03-28 00:00:00+00:00,108537.3,108876.8,105567.8,105891.3,372.594
2025-01-23 00:00:00+00:00,BTCUSDT_250328,2025-03-28 00:00:00+00:00,105882.0,109024.2,103215.6,106171.9,953.916
2025-01-24 00:00:00+00:00,BTCUSDT_250328,2025-03-28 00:00:00+00:00,106176.0,109249.6,104927.7,106938.7,461.876
2025-01-25 00:00:00+00:00,BTCUSDT_250328,2025-03-28 00:00:00+00:00,106951.5,107450.2,106155.5,106742.0,215.961
2025-01-26 00:00:00+00:00,BTCUSDT_250328,2025-03-28 00:00:00+00:00,106742.0,107550.9,104440.2,104624.2,311.273
2025-01-27 00:00:00+00:00,BTCUSDT_250328,2025-03-28 00:00:00+00:00,104624.1,105317.1,99500.0,103934.5,869.837
2025-01-28 00:00:00+00:00,BTCUSDT_250328,2025-03-28 00:00:00+00:00,103915.3,105638.9,102035.5,103079.7,307.529
2025-01-29 00:00:00+00:00,BTCUSDT_250328,2025-03-28 00:00:00+00:00,103082.7,106651.4,103082.6,105575.1,336.178
2025-01-30 00:00:00+00:00,BTCUSDT_250328,2025-03-28 00:00:00+00:00,105572.3,108292.1,105114.5,106372.0,375.714
2025-01-31 00:00:00+00:00,BTCUSDT_250328,2025-03-28 00:00:00+00:00,106428.4,107723.9,103223.9,104123.7,337.454
2025-02-01 00:00:00+00:00,BTCUSDT_250328,2025-03-28 00:00:00+00:00,104128.7,104456.2,101941.6,102337.0,211.03
2025-02-02 00:00:00+00:00,BTCUSDT_250328,2025-03-28 00:00:00+00:00,102336.1,103183.4,97655.1,99229.9,614.404
2025-02-03 00:00:00+00:00,BTCUSDT_250328,2025-03-28 00:00:00+00:00,99221.3,103912.2,92542.2,102703.8,1428.064
2025-02-04 00:00:00+00:00,BTCUSDT_250328,2025-03-28 00:00:00+00:00,102703.3,103090.5,97291.6,98969.6,608.494
2025-02-05 00:00:00+00:00,BTCUSDT_250328,2025-03-28 00:00:00+00:00,98992.4,100289.5,97300.1,97743.7,330.342
2025-02-06 00:00:00+00:00,BTCUSDT_250328,2025-03-28 00:00:00+00:00,97753.1,100331.7,96764.3,97685.2,363.868
2025-02-07 00:00:00+00:00,BTCUSDT_250328,2025-03-28 00:00:00+00:00,97670.9,101287.6,96613.6,97532.3,361.958
2025-02-08 00:00:00+00:00,BTCUSDT_250328,2025-03-28 00:00:00+00:00,97525.2,97906.6,96639.2,97424.1,105.488
2025-02-09 00:00:00+00:00,BTCUSDT_250328,2025-03-28 00:00:00+00:00,97423.3,98294.7,95611.0,97435.6,143.185
2025-02-10 00:00:00+00:00,BTCUSDT_250328,2025-03-28 00:00:00+00:00,97425.1,99326.6,96169.5,98372.0,221.365
2025-02-11 00:00:00+00:00,BTCUSDT_250328,2025-03-28 00:00:00+00:00,98368.4,99469.1,95743.5,96676.6,254.888
2025-02-12 00:00:00+00:00,BTCUSDT_250328,2025-03-28 00:00:00+00:00,96694.9,99033.0,94862.3,98765.1,312.509
2025-02-13 00:00:00+00:00,BTCUSDT_250328,2025-03-28 00:00:00+00:00,98754.4,98998.2,96005.0,97446.9,217.71
2025-02-14 00:00:00+00:00,BTCUSDT_250328,2025-03-28 00:00:00+00:00,97458.8,99695.3,97072.8,98351.5,255.556
2025-02-15 00:00:00+00:00,BTCUSDT_250328,2025-03-28 00:00:00+00:00,98326.7,98811.2,98063.7,98415.5,84.411
2025-02-16 00:00:00+00:00,BTCUSDT_250328,2025-03-28 00:00:00+00:00,98405.4,98551.6,96870.5,96968.7,99.133
2025-02-17 00:00:00+00:00,BTCUSDT_250328,2025-03-28 00:00:00+00:00,96926.2,97729.0,95859.6,96449.9,192.312
2025-02-18 00:00:00+00:00,BTCUSDT_250328,2025-03-28 00:00:00+00:00,96443.0,97395.6,93960.5,96274.5,296.592
2025-02-19 00:00:00+00:00,BTCUSDT_250328,2025-03-28 00:00:00+00:00,96286.1,97526.7,95647.2,97202.3,197.963
2025-02-20 00:00:00+00:00,BTCUSDT_250328,2025-03-28 00:00:00+00:00,97202.5,99364.8,96968.7,98929.5,226.158
2025-02-21 00:00:00+00:00,BTCUSDT_250328,2025-03-28 00:00:00+00:00,98937.3,100165.8,95330.7,96723.9,429.023
2025-02-22 00:00:00+00:00,BTCUSDT_250328,2025-03-28 00:00:00+00:00,96732.8,97586.0,96293.7,97104.1,119.124
2025-02-23 00:00:00+00:00,BTCUSDT_250328,2025-03-28 00:00:00+00:00,97095.1,97185.7,95791.7,96818.1,136.544
2025-02-24 00:00:00+00:00,BTCUSDT_250328,2025-03-28 00:00:00+00:00,96824.4,97055.2,91787.1,92029.4,404.129
2025-02-25 00:00:00+00:00,BTCUSDT_250328,2025-03-28 00:00:00+00:00,91994.5,93034.2,86532.3,89200.1,910.843
2025-02-26 00:00:00+00:00,BTCUSDT_250328,2025-03-28 00:00:00+00:00,89212.8,89927.2,82654.9,84650.2,759.632
2025-02-27 00:00:00+00:00,BTCUSDT_250328,2025-03-28 00:00:00+00:00,84695.4,87540.0,83169.5,85209.5,573.979
2025-02-28 00:00:00+00:00,BTCUSDT_250328,2025-03-28 00:00:00+00:00,85210.4,85600.4,78696.0,84811.3,1244.654
2025-03-01 00:00:00+00:00,BTCUSDT_250328,2025-03-28 00:00:00+00:00,84817.5,87103.1,84312.3,86521.3,314.251
2025-03-02 00:00:00+00:00,BTCUSDT_250328,2025-03-28 00:00:00+00:00,86503.6,95335.0,85473.5,94602.1,1122.59
2025-03-03 00:00:00+00:00,BTCUSDT_250328,2025-03-28 00:00:00+00:00,94615.3,94724.4,85486.8,86578.4,985.486
2025-03-04 00:00:00+00:00,BTCUSDT_250328,2025-03-28 00:00:00+00:00,86632.2,89289.0,81818.9,87552.5,877.701
2025-03-05 00:00:00+00:00,BTCUSDT_250328,2025-03-28 00:00:00+00:00,87555.6,91384.5,86647.7,90908.3,531.144
2025-03-06 00:00:00+00:00,BTCUSDT_250328,2025-03-28 00:00:00+00:00,90950.6,93114.6,88125.0,90210.2,494.865
2025-03-07 00:00:00+00:00,BTCUSDT_250328,2025-03-28 00:00:00+00:00,90289.0,91607.9,84915.2,87091.7,1094.568
2025-03-08 00:00:00+00:00,BTCUSDT_250328,2025-03-28 00:00:00+00:00,87091.0,87200.3,85501.2,86424.9,168.497
2025-03-09 00:00:00+00:00,BTCUSDT_250328,2025-03-28 00:00:00+00:00,86460.5,86760.8,80181.5,80906.5,375.128
2025-03-10 00:00:00+00:00,BTCUSDT_250328,2025-03-28 00:00:00+00:00,80954.6,84241.0,77669.0,78774.5,916.19
2025-03-11 00:00:00+00:00,BTCUSDT_250328,2025-03-28 00:00:00+00:00,78803.7,83835.8,76820.0,83124.9,716.084
2025-03-12 00:00:00+00:00,BTCUSDT_250328,2025-03-28 00:00:00+00:00,83132.8,84624.6,80792.3,83849.8,511.906
2025-03-13 00:00:00+00:00,BTCUSDT_250328,2025-03-28 00:00:00+00:00,83848.5,84518.8,80094.9,81284.9,413.785
2025-03-14 00:00:00+00:00,BTCUSDT_250328,2025-03-28 00:00:00+00:00,81285.4,85529.9,81009.9,84178.6,538.481
2025-03-15 00:00:00+00:00,BTCUSDT_250328,2025-03-28 00:00:00+00:00,84238.3,84869.8,83803.7,84481.9,187.422
2025-03-16 00:00:00+00:00,BTCUSDT_250328,2025-03-28 00:00:00+00:00,84498.2,85250.0,82133.2,82717.9,303.882
2025-03-17 00:00:00+00:00,BTCUSDT_250328,2025-03-28 00:00:00+00:00,82716.7,84885.8,82645.9,84242.7,365.31
2025-03-18 00:00:00+00:00,BTCUSDT_250328,2025-03-28 00:00:00+00:00,84144.3,84144.3,81217.2,82763.5,507.133
2025-03-19 00:00:00+00:00,BTCUSDT_250328,2025-03-28 00:00:00+00:00,82759.7,87061.9,82610.3,86878.2,531.197
2025-03-20 00:00:00+00:00,BTCUSDT_250328,2025-03-28 00:00:00+00:00,86906.2,87487.0,83698.6,84240.6,561.915
2025-03-21 00:00:00+00:00,BTCUSDT_250328,2025-03-28 00:00:00+00:00,84256.1,84870.4,83206.2,84135.0,430.95
2025-03-22 00:00:00+00:00,BTCUSDT_250328,2025-03-28 00:00:00+00:00,84155.8,84575.8,83719.1,83911.1,85.765
2025-03-23 00:00:00+00:00,BTCUSDT_250328,2025-03-28 00:00:00+00:00,83925.2,86208.0,83875.4,86163.6,210.17
2025-03-24 00:00:00+00:00,BTCUSDT_250328,2025-03-28 00:00:00+00:00,86163.6,88821.2,85608.8,87557.0,440.974
2025-03-25 00:00:00+00:00,BTCUSDT_250328,2025-03-28 00:00:00+00:00,87566.6,88589.6,86375.0,87453.0,339.101
2025-03-26 00:00:00+00:00,BTCUSDT_250328,2025-03-28 00:00:00+00:00,87457.9,88330.9,85895.5,86909.7,314.659
2025-03-27 00:00:00+00:00,BTCUSDT_250328,2025-03-28 00:00:00+00:00,86992.0,87818.8,85841.1,87266.2,378.396
2025-03-28 00:00:00+00:00,BTCUSDT_250328,2025-03-28 00:00:00+00:00,87266.2,87536.4,84850.0,85200.0,126.555
2024-12-27 00:00:00+00:00,BTCUSDT_250627,2025-06-27 00:00:00+00:00,95862.1,103780.1,90997.0,100176.7,238.432
2024-12-28 00:00:00+00:00,BTCUSDT_250627,2025-06-27 00:00:00+00:00,100141.8,101817.6,99958.6,101297.3,70.519
2024-12-29 00:00:00+00:00,BTCUSDT_250627,2025-06-27 00:00:00+00:00,101306.8,101429.9,99025.9,99841.9,88.516
2024-12-30 00:00:00+00:00,BTCUSDT_250627,2025-06-27 00:00:00+00:00,99833.1,101067.4,97346.0,98697.2,178.96
2024-12-31 00:00:00+00:00,BTCUSDT_250627,2025-06-27 00:00:00+00:00,98693.8,102378.7,97841.9,99591.4,162.601
2025-01-01 00:00:00+00:00,BTCUSDT_250627,2025-06-27 00:00:00+00:00,99610.9,101269.4,98822.0,100650.3,85.154
2025-01-02 00:00:00+00:00,BTCUSDT_250627,2025-06-27 00:00:00+00:00,100675.4,104283.7,100481.2,103374.3,191.084
2025-01-03 00:00:00+00:00,BTCUSDT_250627,2025-06-27 00:00:00+00:00,103383.3,105539.0,102285.6,104663.2,190.28
2025-01-04 00:00:00+00:00,BTCUSDT_250627,2025-06-27 00:00:00+00:00,104671.7,105106.4,103918.2,104578.2,77.448
2025-01-05 00:00:00+00:00,BTCUSDT_250627,2025-06-27 00:00:00+00:00,104597.8,105067.5,103549.1,104473.0,95.062
2025-01-06 00:00:00+00:00,BTCUSDT_250627,2025-06-27 00:00:00+00:00,104561.6,108853.4,104070.6,108500.0,257.518
2025-01-07 00:00:00+00:00,BTCUSDT_250627,2025-06-27 00:00:00+00:00,108512.3,109030.7,101916.8,102661.3,272.331
2025-01-08 00:00:00+00:00,BTCUSDT_250627,2025-06-27 00:00:00+00:00,102693.5,103070.9,97744.1,100630.6,284.335
2025-01-09 00:00:00+00:00,BTCUSDT_250627,2025-06-27 00:00:00+00:00,100620.9,100985.9,96531.7,97939.3,287.178
2025-01-10 00:00:00+00:00,BTCUSDT_250627,2025-06-27 00:00:00+00:00,97935.6,101503.9,97623.0,100035.4,359.597
2025-01-11 00:00:00+00:00,BTCUSDT_250627,2025-06-27 00:00:00+00:00,100017.8,100165.6,99100.0,99678.9,88.395
2025-01-12 00:00:00+00:00,BTCUSDT_250627,2025-06-27 00:00:00+00:00,99700.8,100621.4,98766.6,99551.7,95.243
2025-01-13 00:00:00+00:00,BTCUSDT_250627,2025-06-27 00:00:00+00:00,99564.4,100958.6,94004.2,99572.5,467.153
2025-01-14 00:00:00+00:00,BTCUSDT_250627,2025-06-27 00:00:00+00:00,99584.9,102669.9,99363.3,101718.4,370.389
2025-01-15 00:00:00+00:00,BTCUSDT_250627,2025-06-27 00:00:00+00:00,101745.9,106333.0,101668.1,106082.9,295.292
2025-01-16 00:00:00+00:00,BTCUSDT_250627,2025-06-27 00:00:00+00:00,106086.6,106468.5,102650.1,105576.0,184.255
2025-01-17 00:00:00+00:00,BTCUSDT_250627,2025-06-27 00:00:00+00:00,105576.1,111637.5,105552.4,109861.1,299.363
2025-01-18 00:00:00+00:00,BTCUSDT_250627,2025-06-27 00:00:00+00:00,109857.1,110488.1,107903.3,110158.4,312.219
2025-01-19 00:00:00+00:00,BTCUSDT_250627,2025-06-27 00:00:00+00:00,110149.7,112399.9,105077.3,107140.6,528.787
2025-01-20 00:00:00+00:00,BTCUSDT_250627,2025-06-27 00:00:00+00:00,107140.9,116208.3,105193.8,107708.0,960.456
2025-01-21 00:00:00+00:00,BTCUSDT_250627,2025-06-27 00:00:00+00:00,107677.7,113176.1,105566.8,112084.9,403.802
2025-01-22 00:00:00+00:00,BTCUSDT_250627,2025-06-27 00:00:00+00:00,112104.4,112434.3,108868.1,109186.0,245.633
2025-01-23 00:00:00+00:00,BTCUSDT_250627,2025-06-27 00:00:00+00:00,109202.5,112310.5,106340.3,109276.6,602.314
2025-01-24 00:00:00+00:00,BTCUSDT_250627,2025-06-27 00:00:00+00:00,109292.6,112561.1,108057.0,110170.9,198.802
2025-01-25 00:00:00+00:00,BTCUSDT_250627,2025-06-27 00:00:00+00:00,110185.5,110766.2,109397.1,110004.8,108.978
2025-01-26 00:00:00+00:00,BTCUSDT_250627,2025-06-27 00:00:00+00:00,110004.8,110821.7,107426.4,107735.5,196.627
2025-01-27 00:00:00+00:00,BTCUSDT_250627,2025-06-27 00:00:00+00:00,107723.0,108475.7,102323.0,107348.9,528.503
2025-01-28 00:00:00+00:00,BTCUSDT_250627,2025-06-27 00:00:00+00:00,107312.7,108781.9,105141.8,106241.7,279.512
2025-01-29 00:00:00+00:00,BTCUSDT_250627,2025-06-27 00:00:00+00:00,106242.7,109728.7,106242.6,108551.1,258.125
2025-01-30 00:00:00+00:00,BTCUSDT_250627,2025-06-27 00:00:00+00:00,108561.5,111328.8,108145.3,109436.1,208.238
2025-01-31 00:00:00+00:00,BTCUSDT_250627,2025-06-27 00:00:00+00:00,109477.7,110700.0,106060.2,106993.1,210.632
2025-02-01 00:00:00+00:00,BTCUSDT_250627,2025-06-27 00:00:00+00:00,107027.3,107399.9,104704.5,105092.7,107.431
2025-02-02 00:00:00+00:00,BTCUSDT_250627,2025-06-27 00:00:00+00:00,105087.4,106019.1,100126.0,101708.0,424.351
2025-02-03 00:00:00+00:00,BTCUSDT_250627,2025-06-27 00:00:00+00:00,101716.2,106540.6,94789.4,105387.7,903.644
2025-02-04 00:00:00+00:00,BTCUSDT_250627,2025-06-27 00:00:00+00:00,105387.4,105799.8,99544.0,101370.7,555.008
2025-02-05 00:00:00+00:00,BTCUSDT_250627,2025-06-27 00:00:00+00:00,101380.8,102743.8,99562.6,100067.8,183.963
2025-02-06 00:00:00+00:00,BTCUSDT_250627,2025-06-27 00:00:00+00:00,100056.9,102625.1,99093.0,100060.7,163.203
2025-02-07 00:00:00+00:00,BTCUSDT_250627,2025-06-27 00:00:00+00:00,100054.7,103566.2,98800.0,99766.4,227.44
2025-02-08 00:00:00+00:00,BTCUSDT_250627,2025-06-27 00:00:00+00:00,99759.8,100173.3,98807.4,99606.1,70.508
2025-02-09 00:00:00+00:00,BTCUSDT_250627,2025-06-27 00:00:00+00:00,99644.7,100469.9,97770.6,99641.0,146.945
2025-02-10 00:00:00+00:00,BTCUSDT_250627,2025-06-27 00:00:00+00:00,99640.6,101478.1,98360.4,100472.8,141.519
2025-02-11 00:00:00+00:00,BTCUSDT_250627,2025-06-27 00:00:00+00:00,100472.0,101665.9,97701.7,98709.4,203.723
2025-02-12 00:00:00+00:00,BTCUSDT_250627,2025-06-27 00:00:00+00:00,98706.8,101221.9,96800.0,100966.5,306.451
2025-02-13 00:00:00+00:00,BTCUSDT_250627,2025-06-27 00:00:00+00:00,100951.5,101236.8,98050.4,99526.8,155.133
2025-02-14 00:00:00+00:00,BTCUSDT_250627,2025-06-27 00:00:00+00:00,99593.2,101771.8,99147.8,100427.7,141.569
2025-02-15 00:00:00+00:00,BTCUSDT_250627,2025-06-27 00:00:00+00:00,100417.3,100893.2,100150.4,100457.0,58.702
2025-02-16 00:00:00+00:00,BTCUSDT_250627,2025-06-27 00:00:00+00:00,100443.3,100589.8,98829.6,98909.8,67.52
2025-02-17 00:00:00+00:00,BTCUSDT_250627,2025-06-27 00:00:00+00:00,98894.1,99570.9,97710.0,98286.7,184.052
2025-02-18 00:00:00+00:00,BTCUSDT_250627,2025-06-27 00:00:00+00:00,98293.1,99240.1,95793.7,98137.9,190.528
2025-02-19 00:00:00+00:00,BTCUSDT_250627,2025-06-27 00:00:00+00:00,98149.9,99292.7,97512.4,99083.2,117.739
2025-02-20 00:00:00+00:00,BTCUSDT_250627,2025-06-27 00:00:00+00:00,99084.3,101250.7,98853.4,100778.9,117.697
2025-02-21 00:00:00+00:00,BTCUSDT_250627,2025-06-27 00:00:00+00:00,100790.5,102117.9,97219.4,98657.8,200.806
2025-02-22 00:00:00+00:00,BTCUSDT_250627,2025-06-27 00:00:00+00:00,98663.8,99492.0,98200.0,99019.2,65.002
2025-02-23 00:00:00+00:00,BTCUSDT_250627,2025-06-27 00:00:00+00:00,99014.2,99122.6,97663.0,98713.7,64.536
2025-02-24 00:00:00+00:00,BTCUSDT_250627,2025-06-27 00:00:00+00:00,98758.0,98968.0,93457.0,93671.2,284.55
2025-02-25 00:00:00+00:00,BTCUSDT_250627,2025-06-27 00:00:00+00:00,93678.9,94828.8,88086.7,90842.5,801.809
2025-02-26 00:00:00+00:00,BTCUSDT_250627,2025-06-27 00:00:00+00:00,90855.5,91627.3,84113.5,86236.1,599.17
2025-02-27 00:00:00+00:00,BTCUSDT_250627,2025-06-27 00:00:00+00:00,86295.5,89186.9,84777.1,86845.6,425.336
2025-02-28 00:00:00+00:00,BTCUSDT_250627,2025-06-27 00:00:00+00:00,86845.6,87087.5,80042.4,86309.7,908.897
2025-03-01 00:00:00+00:00,BTCUSDT_250627,2025-06-27 00:00:00+00:00,86316.2,88642.1,85817.7,88030.9,200.407
2025-03-02 00:00:00+00:00,BTCUSDT_250627,2025-06-27 00:00:00+00:00,88045.5,97021.3,86975.1,96243.0,562.46
2025-03-03 00:00:00+00:00,BTCUSDT_250627,2025-06-27 00:00:00+00:00,96232.3,96357.4,86745.9,87920.9,656.661
2025-03-04 00:00:00+00:00,BTCUSDT_250627,2025-06-27 00:00:00+00:00,87998.1,90651.5,83109.7,88912.4,594.77
2025-03-05 00:00:00+00:00,BTCUSDT_250627,2025-06-27 00:00:00+00:00,88894.5,92725.3,87987.0,92318.2,322.73
2025-03-06 00:00:00+00:00,BTCUSDT_250627,2025-06-27 00:00:00+00:00,92318.1,94563.5,89558.2,91695.1,491.38
2025-03-07 00:00:00+00:00,BTCUSDT_250627,2025-06-27 00:00:00+00:00,91689.6,93068.0,86271.2,88444.7,644.857
2025-03-08 00:00:00+00:00,BTCUSDT_250627,2025-06-27 00:00:00+00:00,88376.8,88579.2,86778.5,87830.9,128.038
2025-03-09 00:00:00+00:00,BTCUSDT_250627,2025-06-27 00:00:00+00:00,87821.8,88148.4,81528.2,82260.7,416.531
2025-03-10 00:00:00+00:00,BTCUSDT_250627,2025-06-27 00:00:00+00:00,82324.1,85679.7,79080.1,80204.5,901.817
2025-03-11 00:00:00+00:00,BTCUSDT_250627,2025-06-27 00:00:00+00:00,80196.2,85289.0,78200.0,84566.9,667.975
2025-03-12 00:00:00+00:00,BTCUSDT_250627,2025-06-27 00:00:00+00:00,84561.5,86068.1,82220.4,85315.7,330.919
2025-03-13 00:00:00+00:00,BTCUSDT_250627,2025-06-27 00:00:00+00:00,85319.7,85983.3,81458.9,82774.6,251.767
2025-03-14 00:00:00+00:00,BTCUSDT_250627,2025-06-27 00:00:00+00:00,82776.6,86945.2,82470.2,85486.6,282.619
2025-03-15 00:00:00+00:00,BTCUSDT_250627,2025-06-27 00:00:00+00:00,85502.1,86222.0,85128.4,85703.6,290.7
2025-03-16 00:00:00+00:00,BTCUSDT_250627,2025-06-27 00:00:00+00:00,85726.7,86574.7,83338.6,83917.0,179.816
2025-03-17 00:00:00+00:00,BTCUSDT_250627,2025-06-27 00:00:00+00:00,83927.0,86089.0,83826.2,85318.1,235.196
2025-03-18 00:00:00+00:00,BTCUSDT_250627,2025-06-27 00:00:00+00:00,85319.2,85348.9,82344.0,83900.0,359.872
2025-03-19 00:00:00+00:00,BTCUSDT_250627,2025-06-27 00:00:00+00:00,83886.1,88301.8,83748.5,88134.7,355.343
2025-03-20 00:00:00+00:00,BTCUSDT_250627,2025-06-27 00:00:00+00:00,88137.5,88740.6,84840.5,85411.4,371.039
2025-03-21 00:00:00+00:00,BTCUSDT_250627,2025-06-27 00:00:00+00:00,85420.5,86079.5,84318.6,85220.7,253.551
2025-03-22 00:00:00+00:00,BTCUSDT_250627,2025-06-27 00:00:00+00:00,85233.4,85681.7,84820.5,85008.5,91.176
2025-03-23 00:00:00+00:00,BTCUSDT_250627,2025-06-27 00:00:00+00:00,85008.5,87300.0,84970.5,87252.2,193.938
2025-03-24 00:00:00+00:00,BTCUSDT_250627,2025-06-27 00:00:00+00:00,87267.2,89932.8,86739.4,88688.4,342.953
2025-03-25 00:00:00+00:00,BTCUSDT_250627,2025-06-27 00:00:00+00:00,88684.7,89756.2,87485.3,88663.5,242.637
2025-03-26 00:00:00+00:00,BTCUSDT_250627,2025-06-27 00:00:00+00:00,88639.0,89498.7,86972.3,88039.1,303.75
2025-03-27 00:00:00+00:00,BTCUSDT_250627,2025-06-27 00:00:00+00:00,88069.5,88903.9,86857.6,88281.5,266.983
2025-03-28 00:00:00+00:00,BTCUSDT_250627,2025-06-27 00:00:00+00:00,88294.7,88567.4,84603.2,85389.2,468.504
2025-03-29 00:00:00+00:00,BTCUSDT_250627,2025-06-27 00:00:00+00:00,85395.4,85575.7,82545.2,83490.0,336.556
2025-03-30 00:00:00+00:00,BTCUSDT_250627,2025-06-27 00:00:00+00:00,83493.2,84373.0,82327.6,83165.1,231.587
2025-03-31 00:00:00+00:00,BTCUSDT_250627,2025-06-27 00:00:00+00:00,83198.4,84773.2,82066.9,83392.8,403.878
2025-04-01 00:00:00+00:00,BTCUSDT_250627,2025-06-27 00:00:00+00:00,83395.1,86566.9,83280.6,86156.0,309.676
2025-04-02 00:00:00+00:00,BTCUSDT_250627,2025-06-27 00:00:00+00:00,86191.0,89490.6,83213.1,83368.9,690.457
2025-04-03 00:00:00+00:00,BTCUSDT_250627,2025-06-27 00:00:00+00:00,83372.9,84833.6,82208.3,84140.6,506.626
2025-04-04 00:00:00+00:00,BTCUSDT_250627,2025-06-27 00:00:00+00:00,84218.9,85759.1,82632.5,84884.6,631.384
2025-04-05 00:00:00+00:00,BTCUSDT_250627,2025-06-27 00:00:00+00:00,84904.1,85284.9,83372.0,84478.8,142.967
2025-04-06 00:00:00+00:00,BTCUSDT_250627,2025-06-27 00:00:00+00:00,84491.3,84705.4,77911.8,79200.8,656.966
2025-04-07 00:00:00+00:00,BTCUSDT_250627,2025-06-27 00:00:00+00:00,79219.1,82154.8,75284.4,80076.1,1142.311
2025-04-08 00:00:00+00:00,BTCUSDT_250627,2025-06-27 00:00:00+00:00,80085.8,81770.6,77275.5,77316.3,525.638
2025-04-09 00:00:00+00:00,BTCUSDT_250627,2025-06-27 00:00:00+00:00,77325.8,84674.1,75629.7,83705.4,1127.023
2025-04-10 00:00:00+00:00,BTCUSDT_250627,2025-06-27 00:00:00+00:00,83706.8,83841.7,79454.5,80502.8,517.343
2025-04-11 00:00:00+00:00,BTCUSDT_250627,2025-06-27 00:00:00+00:00,80518.2,85072.1,79867.1,84186.7,550.25
2025-04-12 00:00:00+00:00,BTCUSDT_250627,2025-06-27 00:00:00+00:00,84200.9,86774.5,83630.0,86153.1,255.765
2025-04-13 00:00:00+00:00,BTCUSDT_250627,2025-06-27 00:00:00+00:00,86130.3,86982.3,83950.0,84657.9,342.988
2025-04-14 00:00:00+00:00,BTCUSDT_250627,2025-06-27 00:00:00+00:00,84671.2,86683.5,84600.0,85377.9,429.838
2025-04-15 00:00:00+00:00,BTCUSDT_250627,2025-06-27 00:00:00+00:00,85408.5,87337.8,84453.4,84501.9,323.816
2025-04-16 00:00:00+00:00,BTCUSDT_250627,2025-06-27 00:00:00+00:00,84492.4,86347.2,83941.4,84915.2,375.411
2025-04-17 00:00:00+00:00,BTCUSDT_250627,2025-06-27 00:00:00+00:00,84911.9,86295.6,84619.5,85806.6,236.318
2025-04-18 00:00:00+00:00,BTCUSDT_250627,2025-06-27 00:00:00+00:00,85862.9,86008.2,85120.5,85301.9,82.447
2025-04-19 00:00:00+00:00,BTCUSDT_250627,2025-06-27 00:00:00+00:00,85281.5,86513.3,85188.5,85983.5,124.549
2025-04-20 00:00:00+00:00,BTCUSDT_250627,2025-06-27 00:00:00+00:00,85990.6,86247.9,84810.9,85941.3,174.796
2025-04-21 00:00:00+00:00,BTCUSDT_250627,2025-06-27 00:00:00+00:00,85945.4,89247.7,85890.1,88240.8,632.991
2025-04-22 00:00:00+00:00,BTCUSDT_250627,2025-06-27 00:00:00+00:00,88255.4,94775.9,87811.1,94229.9,597.322
2025-04-23 00:00:00+00:00,BTCUSDT_250627,2025-06-27 00:00:00+00:00,94239.4,95650.0,92837.1,94477.3,565.081
2025-04-24 00:00:00+00:00,BTCUSDT_250627,2025-06-27 00:00:00+00:00,94482.3,94833.4,92462.5,94808.5,383.238
2025-04-25 00:00:00+00:00,BTCUSDT_250627,2025-06-27 00:00:00+00:00,94818.2,96591.9,93690.2,95490.0,394.464
2025-04-26 00:00:00+00:00,BTCUSDT_250627,2025-06-27 00:00:00+00:00,95474.1,96192.5,94840.5,95565.2,203.371
2025-04-27 00:00:00+00:00,BTCUSDT_250627,2025-06-27 00:00:00+00:00,95580.0,96285.0,94490.9,94583.3,145.457
2025-04-28 00:00:00+00:00,BTCUSDT_250627,2025-06-27 00:00:00+00:00,94596.4,96471.3,93590.0,95829.4,329.958
2025-04-29 00:00:00+00:00,BTCUSDT_250627,2025-06-27 00:00:00+00:00,95873.8,96338.9,94635.7,95186.8,233.434
2025-04-30 00:00:00+00:00,BTCUSDT_250627,2025-06-27 00:00:00+00:00,95169.0,96123.5,93763.6,95100.5,397.226
2025-05-01 00:00:00+00:00,BTCUSDT_250627,2025-06-27 00:00:00+00:00,95068.5,98333.4,95038.7,97349.6,425.126
2025-05-02 00:00:00+00:00,BTCUSDT_250627,2025-06-27 00:00:00+00:00,97334.9,98723.4,97222.0,97635.6,321.921
2025-05-03 00:00:00+00:00,BTCUSDT_250627,2025-06-27 00:00:00+00:00,97631.9,97684.7,96443.0,96554.9,165.08
2025-05-04 00:00:00+00:00,BTCUSDT_250627,2025-06-27 00:00:00+00:00,96544.8,97003.7,94666.1,94800.0,247.611
2025-05-05 00:00:00+00:00,BTCUSDT_250627,2025-06-27 00:00:00+00:00,94789.7,95831.7,94039.8,95384.4,278.144
2025-05-06 00:00:00+00:00,BTCUSDT_250627,2025-06-27 00:00:00+00:00,95390.0,97446.4,93950.1,97370.3,331.881
2025-05-07 00:00:00+00:00,BTCUSDT_250627,2025-06-27 00:00:00+00:00,97374.7,98282.3,96276.8,97570.2,545.597
2025-05-08 00:00:00+00:00,BTCUSDT_250627,2025-06-27 00:00:00+00:00,97575.0,104983.3,97428.9,103921.6,727.954
2025-05-09 00:00:00+00:00,BTCUSDT_250627,2025-06-27 00:00:00+00:00,103925.4,105074.0,103017.5,103646.2,320.399
2025-05-10 00:00:00+00:00,BTCUSDT_250627,2025-06-27 00:00:00+00:00,103646.3,105781.9,103494.1,105589.5,219.798
2025-05-11 00:00:00+00:00,BTCUSDT_250627,2025-06-27 00:00:00+00:00,105571.5,105754.2,104135.2,104851.3,270.478
2025-05-12 00:00:00+00:00,BTCUSDT_250627,2025-06-27 00:00:00+00:00,104836.9,106624.4,101428.2,103417.7,413.587
2025-05-13 00:00:00+00:00,BTCUSDT_250627,2025-06-27 00:00:00+00:00,103428.3,105727.4,102148.0,104838.7,227.356
2025-05-14 00:00:00+00:00,BTCUSDT_250627,2025-06-27 00:00:00+00:00,104838.6,105086.4,103300.0,104205.3,148.862
2025-05-15 00:00:00+00:00,BTCUSDT_250627,2025-06-27 00:00:00+00:00,104205.3,104717.5,101847.4,104337.8,328.489
2025-05-16 00:00:00+00:00,BTCUSDT_250627,2025-06-27 00:00:00+00:00,104333.4,105119.0,103646.0,104045.0,180.975
2025-05-17 00:00:00+00:00,BTCUSDT_250627,2025-06-27 00:00:00+00:00,104037.5,104264.3,103115.6,103606.0,129.446
2025-05-18 00:00:00+00:00,BTCUSDT_250627,2025-06-27 00:00:00+00:00,103610.5,107356.6,103586.7,107142.7,258.99
2025-05-19 00:00:00+00:00,BTCUSDT_250627,2025-06-27 00:00:00+00:00,107146.4,107800.0,102632.2,106155.5,383.896
2025-05-20 00:00:00+00:00,BTCUSDT_250627,2025-06-27 00:00:00+00:00,106154.0,107913.2,104764.3,107386.8,296.51
2025-05-21 00:00:00+00:00,BTCUSDT_250627,2025-06-27 00:00:00+00:00,107416.8,111412.5,106672.8,110294.0,512.409
2025-05-22 00:00:00+00:00,BTCUSDT_250627,2025-06-27 00:00:00+00:00,110298.9,112688.4,109875.0,112417.5,337.994
2025-05-23 00:00:00+00:00,BTCUSDT_250627,2025-06-27 00:00:00+00:00,112427.9,112526.8,107429.6,107967.4,394.098
2025-05-24 00:00:00+00:00,BTCUSDT_250627,2025-06-27 00:00:00+00:00,107959.9,110091.5,107501.3,108373.9,274.973
2025-05-25 00:00:00+00:00,BTCUSDT_250627,2025-06-27 00:00:00+00:00,108381.2,109909.1,107124.9,109596.2,251.644
2025-05-26 00:00:00+00:00,BTCUSDT_250627,2025-06-27 00:00:00+00:00,109586.0,111067.2,109238.9,110033.5,245.916
2025-05-27 00:00:00+00:00,BTCUSDT_250627,2025-06-27 00:00:00+00:00,110017.4,111292.5,108112.0,109500.8,316.86
2025-05-28 00:00:00+00:00,BTCUSDT_250627,2025-06-27 00:00:00+00:00,109501.2,109841.2,107349.1,108347.6,412.371
2025-05-29 00:00:00+00:00,BTCUSDT_250627,2025-06-27 00:00:00+00:00,108347.7,109459.3,105827.9,106104.5,338.771
2025-05-30 00:00:00+00:00,BTCUSDT_250627,2025-06-27 00:00:00+00:00,106110.2,106904.5,104068.0,104449.4,418.081
2025-05-31 00:00:00+00:00,BTCUSDT_250627,2025-06-27 00:00:00+00:00,104462.8,105372.1,103564.4,105025.5,198.098
2025-06-01 00:00:00+00:00,BTCUSDT_250627,2025-06-27 00:00:00+00:00,105025.5,106318.7,104226.0,106079.4,142.035
2025-06-02 00:00:00+00:00,BTCUSDT_250627,2025-06-27 00:00:00+00:00,106091.0,106386.3,104100.0,106290.6,279.103
2025-06-03 00:00:00+00:00,BTCUSDT_250627,2025-06-27 00:00:00+00:00,106297.3,107215.6,105274.3,105777.5,230.794
2025-06-04 00:00:00+00:00,BTCUSDT_250627,2025-06-27 00:00:00+00:00,105777.5,106357.8,104511.7,105008.0,194.775
2025-06-05 00:00:00+00:00,BTCUSDT_250627,2025-06-27 00:00:00+00:00,105002.4,106214.7,100687.7,101773.4,386.502
2025-06-06 00:00:00+00:00,BTCUSDT_250627,2025-06-27 00:00:00+00:00,101779.1,105576.9,101373.0,104580.1,287.556
2025-06-07 00:00:00+00:00,BTCUSDT_250627,2025-06-27 00:00:00+00:00,104596.9,106158.5,104157.0,105788.3,116.062
2025-06-08 00:00:00+00:00,BTCUSDT_250627,2025-06-27 00:00:00+00:00,105790.5,106770.4,105182.4,106009.5,137.216
2025-06-09 00:00:00+00:00,BTCUSDT_250627,2025-06-27 00:00:00+00:00,105997.9,110843.4,105552.6,110499.9,395.525
2025-06-10 00:00:00+00:00,BTCUSDT_250627,2025-06-27 00:00:00+00:00,110494.5,110639.1,108582.9,110527.2,262.687
2025-06-11 00:00:00+00:00,BTCUSDT_250627,2025-06-27 00:00:00+00:00,110532.8,110627.0,108242.6,108831.6,223.255
2025-06-12 00:00:00+00:00,BTCUSDT_250627,2025-06-27 00:00:00+00:00,108826.3,108982.8,105778.7,105796.6,466.49
2025-06-13 00:00:00+00:00,BTCUSDT_250627,2025-06-27 00:00:00+00:00,105785.1,106348.8,102782.5,106180.2,503.166
2025-06-14 00:00:00+00:00,BTCUSDT_250627,2025-06-27 00:00:00+00:00,106175.0,106336.5,104400.0,105506.2,125.243
2025-06-15 00:00:00+00:00,BTCUSDT_250627,2025-06-27 00:00:00+00:00,105517.6,106236.0,104549.9,105666.1,153.073
2025-06-16 00:00:00+00:00,BTCUSDT_250627,2025-06-27 00:00:00+00:00,105660.8,109035.2,105055.0,106868.3,301.062
2025-06-17 00:00:00+00:00,BTCUSDT_250627,2025-06-27 00:00:00+00:00,106855.1,107843.3,103447.7,104649.9,345.106
2025-06-18 00:00:00+00:00,BTCUSDT_250627,2025-06-27 00:00:00+00:00,104650.0,105618.4,103552.2,104905.9,281.628
2025-06-19 00:00:00+00:00,BTCUSDT_250627,2025-06-27 00:00:00+00:00,104904.4,105257.9,103963.7,104688.3,142.336
2025-06-20 00:00:00+00:00,BTCUSDT_250627,2025-06-27 00:00:00+00:00,104686.4,106569.9,102358.6,103303.2,511.368
2025-06-21 00:00:00+00:00,BTCUSDT_250627,2025-06-27 00:00:00+00:00,103320.4,104014.7,100920.0,102134.1,223.46
2025-06-22 00:00:00+00:00,BTCUSDT_250627,2025-06-27 00:00:00+00:00,102161.5,103382.0,98249.1,100984.0,489.632
2025-06-23 00:00:00+00:00,BTCUSDT_250627,2025-06-27 00:00:00+00:00,100984.0,106067.6,99671.8,105354.3,578.288
2025-06-24 00:00:00+00:00,BTCUSDT_250627,2025-06-27 00:00:00+00:00,105342.5,106356.0,104654.2,106087.4,312.328
2025-06-25 00:00:00+00:00,BTCUSDT_250627,2025-06-27 00:00:00+00:00,106090.0,108147.5,105822.5,107330.3,295.361
2025-06-26 00:00:00+00:00,BTCUSDT_250627,2025-06-27 00:00:00+00:00,107375.5,108288.9,106534.5,106926.4,409.458
2025-06-27 00:00:00+00:00,BTCUSDT_250627,2025-06-27 00:00:00+00:00,106909.5,107708.7,106370.9,107051.2,42.967
2025-03-28 00:00:00+00:00,BTCUSDT_250926,2025-09-26 00:00:00+00:00,87240.0,88619.5,86079.5,86845.7,212.726
2025-03-29 00:00:00+00:00,BTCUSDT_250926,2025-09-26 00:00:00+00:00,86876.3,87054.0,83947.4,84857.5,109.189
2025-03-30 00:00:00+00:00,BTCUSDT_250926,2025-09-26 00:00:00+00:00,84848.2,85760.8,83748.8,84542.9,87.954
2025-03-31 00:00:00+00:00,BTCUSDT_250926,2025-09-26 00:00:00+00:00,84608.0,86175.7,83417.2,84667.9,311.615
2025-04-01 00:00:00+00:00,BTCUSDT_250926,2025-09-26 00:00:00+00:00,84673.1,88070.4,84550.1,87641.2,225.933
2025-04-02 00:00:00+00:00,BTCUSDT_250926,2025-09-26 00:00:00+00:00,87623.1,91070.0,84612.7,84806.5,363.021
2025-04-03 00:00:00+00:00,BTCUSDT_250926,2025-09-26 00:00:00+00:00,84789.9,86303.0,83663.6,85645.0,233.472
2025-04-04 00:00:00+00:00,BTCUSDT_250926,2025-09-26 00:00:00+00:00,85679.6,87345.7,84100.1,86217.6,315.285
2025-04-05 00:00:00+00:00,BTCUSDT_250926,2025-09-26 00:00:00+00:00,86233.7,86647.0,84761.8,85907.1,63.185
2025-04-06 00:00:00+00:00,BTCUSDT_250926,2025-09-26 00:00:00+00:00,85890.3,86141.9,79033.1,80351.7,327.101
2025-04-07 00:00:00+00:00,BTCUSDT_250926,2025-09-26 00:00:00+00:00,80376.6,83359.8,76425.4,81474.0,582.736
2025-04-08 00:00:00+00:00,BTCUSDT_250926,2025-09-26 00:00:00+00:00,81474.9,83118.3,78534.0,78592.8,248.939
2025-04-09 00:00:00+00:00,BTCUSDT_250926,2025-09-26 00:00:00+00:00,78595.3,86355.0,76877.2,85421.4,501.646
2025-04-10 00:00:00+00:00,BTCUSDT_250926,2025-09-26 00:00:00+00:00,85421.2,85563.9,80860.8,81964.9,263.822
2025-04-11 00:00:00+00:00,BTCUSDT_250926,2025-09-26 00:00:00+00:00,81901.1,86311.3,81291.4,85436.4,371.6
2025-04-12 00:00:00+00:00,BTCUSDT_250926,2025-09-26 00:00:00+00:00,85433.7,88160.8,84921.1,87564.6,172.659
2025-04-13 00:00:00+00:00,BTCUSDT_250926,2025-09-26 00:00:00+00:00,87545.5,88360.7,85372.4,86075.8,137.658
2025-04-14 00:00:00+00:00,BTCUSDT_250926,2025-09-26 00:00:00+00:00,86092.3,88133.1,86009.4,86791.8,157.272
2025-04-15 00:00:00+00:00,BTCUSDT_250926,2025-09-26 00:00:00+00:00,86845.1,88713.7,85850.6,85916.3,180.204
2025-04-16 00:00:00+00:00,BTCUSDT_250926,2025-09-26 00:00:00+00:00,85889.9,87760.5,85348.9,86296.2,151.858
2025-04-17 00:00:00+00:00,BTCUSDT_250926,2025-09-26 00:00:00+00:00,86306.0,87650.0,85971.0,87140.7,125.928
2025-04-18 00:00:00+00:00,BTCUSDT_250926,2025-09-26 00:00:00+00:00,87189.5,87400.0,86512.2,86645.0,40.225
2025-04-19 00:00:00+00:00,BTCUSDT_250926,2025-09-26 00:00:00+00:00,86627.9,87919.7,86526.7,87457.9,94.11
2025-04-20 00:00:00+00:00,BTCUSDT_250926,2025-09-26 00:00:00+00:00,87457.2,87708.8,86245.1,87341.6,75.977
2025-04-21 00:00:00+00:00,BTCUSDT_250926,2025-09-26 00:00:00+00:00,87349.1,90669.4,87322.3,89753.7,362.344
2025-04-22 00:00:00+00:00,BTCUSDT_250926,2025-09-26 00:00:00+00:00,89762.3,96500.0,89318.6,95839.6,330.557
2025-04-23 00:00:00+00:00,BTCUSDT_250926,2025-09-26 00:00:00+00:00,95839.5,97266.9,94472.6,96147.4,333.869
2025-04-24 00:00:00+00:00,BTCUSDT_250926,2025-09-26 00:00:00+00:00,96147.4,96469.0,94126.7,96401.1,183.531
2025-04-25 00:00:00+00:00,BTCUSDT_250926,2025-09-26 00:00:00+00:00,96443.1,98216.4,95320.7,97140.3,169.698
2025-04-26 00:00:00+00:00,BTCUSDT_250926,2025-09-26 00:00:00+00:00,97151.6,97775.0,96434.6,97192.5,111.802
2025-04-27 00:00:00+00:00,BTCUSDT_250926,2025-09-26 00:00:00+00:00,97204.5,97879.2,96100.0,96164.6,86.796
2025-04-28 00:00:00+00:00,BTCUSDT_250926,2025-09-26 00:00:00+00:00,96185.8,98094.1,95153.2,97469.2,143.109
2025-04-29 00:00:00+00:00,BTCUSDT_250926,2025-09-26 00:00:00+00:00,97502.6,97959.3,96232.2,96776.6,81.793
2025-04-30 00:00:00+00:00,BTCUSDT_250926,2025-09-26 00:00:00+00:00,96752.2,97700.0,95304.2,96669.7,164.019
2025-05-01 00:00:00+00:00,BTCUSDT_250926,2025-09-26 00:00:00+00:00,96659.0,99972.0,96625.8,98887.5,212.891
2025-05-02 00:00:00+00:00,BTCUSDT_250926,2025-09-26 00:00:00+00:00,98871.0,100316.1,98815.8,99214.5,194.125
2025-05-03 00:00:00+00:00,BTCUSDT_250926,2025-09-26 00:00:00+00:00,99217.6,99249.0,97937.3,98065.0,57.402
2025-05-04 00:00:00+00:00,BTCUSDT_250926,2025-09-26 00:00:00+00:00,98041.2,98506.0,96057.0,96176.2,162.851
2025-05-05 00:00:00+00:00,BTCUSDT_250926,2025-09-26 00:00:00+00:00,96173.7,97380.1,95401.0,96914.6,163.142
2025-05-06 00:00:00+00:00,BTCUSDT_250926,2025-09-26 00:00:00+00:00,96892.0,98909.8,95430.0,98806.0,119.951
2025-05-07 00:00:00+00:00,BTCUSDT_250926,2025-09-26 00:00:00+00:00,98839.4,99721.7,97677.8,98894.7,269.604
2025-05-08 00:00:00+00:00,BTCUSDT_250926,2025-09-26 00:00:00+00:00,98924.7,106680.2,98784.6,105646.9,315.546
2025-05-09 00:00:00+00:00,BTCUSDT_250926,2025-09-26 00:00:00+00:00,105608.1,106709.6,104671.6,105307.8,156.372
2025-05-10 00:00:00+00:00,BTCUSDT_250926,2025-09-26 00:00:00+00:00,105306.8,107590.7,105155.6,107382.0,135.636
2025-05-11 00:00:00+00:00,BTCUSDT_250926,2025-09-26 00:00:00+00:00,107362.2,107632.2,105910.5,106766.8,145.455
2025-05-12 00:00:00+00:00,BTCUSDT_250926,2025-09-26 00:00:00+00:00,106754.5,108540.7,103209.5,105256.5,245.06
2025-05-13 00:00:00+00:00,BTCUSDT_250926,2025-09-26 00:00:00+00:00,105256.7,107648.9,104094.0,106786.0,176.682
2025-05-14 00:00:00+00:00,BTCUSDT_250926,2025-09-26 00:00:00+00:00,106786.3,106956.9,105175.5,106078.3,104.616
2025-05-15 00:00:00+00:00,BTCUSDT_250926,2025-09-26 00:00:00+00:00,106084.4,106478.5,103437.3,106087.9,238.025
2025-05-16 00:00:00+00:00,BTCUSDT_250926,2025-09-26 00:00:00+00:00,106092.3,106813.9,105294.9,105796.1,89.044
2025-05-17 00:00:00+00:00,BTCUSDT_250926,2025-09-26 00:00:00+00:00,105793.6,106018.2,104720.7,105264.5,96.367
2025-05-18 00:00:00+00:00,BTCUSDT_250926,2025-09-26 00:00:00+00:00,105270.6,109247.6,105244.9,109071.8,276.19
2025-05-19 00:00:00+00:00,BTCUSDT_250926,2025-09-26 00:00:00+00:00,109059.5,109715.1,104304.5,107908.7,257.826
2025-05-20 00:00:00+00:00,BTCUSDT_250926,2025-09-26 00:00:00+00:00,107908.6,109726.0,106534.2,109237.6,124.125
2025-05-21 00:00:00+00:00,BTCUSDT_250926,2025-09-26 00:00:00+00:00,109238.4,113658.6,108566.8,112442.7,445.261
2025-05-22 00:00:00+00:00,BTCUSDT_250926,2025-09-26 00:00:00+00:00,112450.5,114858.0,112055.9,114574.5,255.172
2025-05-23 00:00:00+00:00,BTCUSDT_250926,2025-09-26 00:00:00+00:00,114569.5,114674.2,109441.1,109972.5,213.825
2025-05-24 00:00:00+00:00,BTCUSDT_250926,2025-09-26 00:00:00+00:00,109984.1,112158.0,109554.7,110422.2,98.974
2025-05-25 00:00:00+00:00,BTCUSDT_250926,2025-09-26 00:00:00+00:00,110435.3,112027.2,109142.1,111686.8,187.677
2025-05-26 00:00:00+00:00,BTCUSDT_250926,2025-09-26 00:00:00+00:00,111697.9,113275.0,111360.0,112248.7,185.921
2025-05-27 00:00:00+00:00,BTCUSDT_250926,2025-09-26 00:00:00+00:00,112244.0,113551.4,110300.5,111677.1,138.627
2025-05-28 00:00:00+00:00,BTCUSDT_250926,2025-09-26 00:00:00+00:00,111677.0,112042.2,109457.2,110460.3,140.133
2025-05-29 00:00:00+00:00,BTCUSDT_250926,2025-09-26 00:00:00+00:00,110460.4,111670.0,107966.2,108224.0,256.871
2025-05-30 00:00:00+00:00,BTCUSDT_250926,2025-09-26 00:00:00+00:00,108225.0,109068.9,106222.0,106619.3,267.09
2025-05-31 00:00:00+00:00,BTCUSDT_250926,2025-09-26 00:00:00+00:00,106622.0,107468.0,105709.8,107127.2,128.893
2025-06-01 00:00:00+00:00,BTCUSDT_250926,2025-09-26 00:00:00+00:00,107128.2,108438.4,106300.0,108207.4,85.863
2025-06-02 00:00:00+00:00,BTCUSDT_250926,2025-09-26 00:00:00+00:00,108217.6,108458.8,106030.3,108320.0,151.968
2025-06-03 00:00:00+00:00,BTCUSDT_250926,2025-09-26 00:00:00+00:00,108320.1,109202.0,107258.0,107694.1,124.937
2025-06-04 00:00:00+00:00,BTCUSDT_250926,2025-09-26 00:00:00+00:00,107694.1,108286.1,106230.0,106820.0,99.386
2025-06-05 00:00:00+00:00,BTCUSDT_250926,2025-09-26 00:00:00+00:00,106820.0,108084.8,102371.9,103537.2,196.996
2025-06-06 00:00:00+00:00,BTCUSDT_250926,2025-09-26 00:00:00+00:00,103552.7,107325.0,103124.4,106312.0,166.902
2025-06-07 00:00:00+00:00,BTCUSDT_250926,2025-09-26 00:00:00+00:00,106329.0,107855.2,105877.5,107479.9,70.84
2025-06-08 00:00:00+00:00,BTCUSDT_250926,2025-09-26 00:00:00+00:00,107499.0,108625.0,106876.0,107838.6,108.927
2025-06-09 00:00:00+00:00,BTCUSDT_250926,2025-09-26 00:00:00+00:00,107835.0,112619.3,107353.2,112310.1,203.137
2025-06-10 00:00:00+00:00,BTCUSDT_250926,2025-09-26 00:00:00+00:00,112310.2,112450.0,110422.8,112330.7,171.905
2025-06-11 00:00:00+00:00,BTCUSDT_250926,2025-09-26 00:00:00+00:00,112330.8,112383.6,110022.1,110583.1,186.246
2025-06-12 00:00:00+00:00,BTCUSDT_250926,2025-09-26 00:00:00+00:00,110583.0,110726.0,107294.2,107294.2,276.39
2025-06-13 00:00:00+00:00,BTCUSDT_250926,2025-09-26 00:00:00+00:00,107292.6,107775.5,104202.8,107659.9,287.184
2025-06-14 00:00:00+00:00,BTCUSDT_250926,2025-09-26 00:00:00+00:00,107666.1,107811.0,105920.5,107055.9,100.876
2025-06-15 00:00:00+00:00,BTCUSDT_250926,2025-09-26 00:00:00+00:00,107065.7,107740.7,106041.1,107168.4,128.71
2025-06-16 00:00:00+00:00,BTCUSDT_250926,2025-09-26 00:00:00+00:00,107165.6,110557.6,106551.2,108356.4,199.588
2025-06-17 00:00:00+00:00,BTCUSDT_250926,2025-09-26 00:00:00+00:00,108361.7,109348.0,104910.0,106107.8,273.412
2025-06-18 00:00:00+00:00,BTCUSDT_250926,2025-09-26 00:00:00+00:00,106127.2,107103.9,104975.1,106360.4,168.758
2025-06-19 00:00:00+00:00,BTCUSDT_250926,2025-09-26 00:00:00+00:00,106365.7,106700.0,105333.7,106074.2,92.47
2025-06-20 00:00:00+00:00,BTCUSDT_250926,2025-09-26 00:00:00+00:00,106069.0,107951.4,103720.6,104686.4,236.343
2025-06-21 00:00:00+00:00,BTCUSDT_250926,2025-09-26 00:00:00+00:00,104694.0,105384.5,102172.7,103437.5,128.553
2025-06-22 00:00:00+00:00,BTCUSDT_250926,2025-09-26 00:00:00+00:00,103438.3,104624.0,99332.7,102136.6,369.999
2025-06-23 00:00:00+00:00,BTCUSDT_250926,2025-09-26 00:00:00+00:00,102132.6,107235.4,100789.7,106609.7,367.007
2025-06-24 00:00:00+00:00,BTCUSDT_250926,2025-09-26 00:00:00+00:00,106615.1,107573.0,105933.9,107409.9,159.52
2025-06-25 00:00:00+00:00,BTCUSDT_250926,2025-09-26 00:00:00+00:00,107444.5,109551.8,107103.1,108696.2,158.918
2025-06-26 00:00:00+00:00,BTCUSDT_250926,2025-09-26 00:00:00+00:00,108688.0,109589.9,107804.5,108161.0,146.223
2025-06-27 00:00:00+00:00,BTCUSDT_250926,2025-09-26 00:00:00+00:00,108212.2,108949.2,107607.5,108190.6,297.445
2025-06-28 00:00:00+00:00,BTCUSDT_250926,2025-09-26 00:00:00+00:00,108203.3,108696.6,107937.5,108381.2,58.477
2025-06-29 00:00:00+00:00,BTCUSDT_250926,2025-09-26 00:00:00+00:00,108381.3,109671.2,108240.2,109520.5,136.733
2025-06-30 00:00:00+00:00,BTCUSDT_250926,2025-09-26 00:00:00+00:00,109522.7,110111.6,107730.3,108219.7,191.94
2025-07-01 00:00:00+00:00,BTCUSDT_250926,2025-09-26 00:00:00+00:00,108195.7,108616.1,106190.0,106625.9,228.398
2025-07-02 00:00:00+00:00,BTCUSDT_250926,2025-09-26 00:00:00+00:00,106622.0,110779.3,106016.7,109887.4,252.749
2025-07-03 00:00:00+00:00,BTCUSDT_250926,2025-09-26 00:00:00+00:00,109878.5,111724.3,109600.0,110722.6,215.776
2025-07-04 00:00:00+00:00,BTCUSDT_250926,2025-09-26 00:00:00+00:00,110725.9,110880.6,108373.8,109085.3,167.685
2025-07-05 00:00:00+00:00,BTCUSDT_250926,2025-09-26 00:00:00+00:00,109085.3,109490.0,108852.0,109210.0,55.655
2025-07-06 00:00:00+00:00,BTCUSDT_250926,2025-09-26 00:00:00+00:00,109209.0,110806.7,108765.3,110321.8,105.9
2025-07-07 00:00:00+00:00,BTCUSDT_250926,2025-09-26 00:00:00+00:00,110322.4,110850.0,108578.0,109323.9,140.644
2025-07-08 00:00:00+00:00,BTCUSDT_250926,2025-09-26 00:00:00+00:00,109296.9,110324.6,108465.2,110049.2,118.019
2025-07-09 00:00:00+00:00,BTCUSDT_250926,2025-09-26 00:00:00+00:00,110043.9,113333.0,109513.2,112618.9,226.95
2025-07-10 00:00:00+00:00,BTCUSDT_250926,2025-09-26 00:00:00+00:00,112618.4,119007.4,111733.7,117429.4,316.597
2025-07-11 00:00:00+00:00,BTCUSDT_250926,2025-09-26 00:00:00+00:00,117444.7,120526.2,116668.1,119067.9,321.349
2025-07-12 00:00:00+00:00,BTCUSDT_250926,2025-09-26 00:00:00+00:00,119075.5,119772.1,118500.0,119013.8,109.987
2025-07-13 00:00:00+00:00,BTCUSDT_250926,2025-09-26 00:00:00+00:00,119073.9,121191.3,118820.2,120791.4,110.687
2025-07-14 00:00:00+00:00,BTCUSDT_250926,2025-09-26 00:00:00+00:00,120799.0,125082.3,120579.5,121517.0,343.999
2025-07-15 00:00:00+00:00,BTCUSDT_250926,2025-09-26 00:00:00+00:00,121458.4,121608.4,117301.1,119451.5,429.02
2025-07-16 00:00:00+00:00,BTCUSDT_250926,2025-09-26 00:00:00+00:00,119459.6,121838.7,118722.4,120395.7,261.593
2025-07-17 00:00:00+00:00,BTCUSDT_250926,2025-09-26 00:00:00+00:00,120347.4,122542.9,119055.0,120732.8,200.077
2025-07-18 00:00:00+00:00,BTCUSDT_250926,2025-09-26 00:00:00+00:00,120753.1,122450.0,118265.2,119526.1,191.465
2025-07-19 00:00:00+00:00,BTCUSDT_250926,2025-09-26 00:00:00+00:00,119530.1,120188.0,118923.0,119577.1,47.556
2025-07-20 00:00:00+00:00,BTCUSDT_250926,2025-09-26 00:00:00+00:00,119539.1,120665.7,118031.3,118995.0,105.489
2025-07-21 00:00:00+00:00,BTCUSDT_250926,2025-09-26 00:00:00+00:00,118990.0,121460.2,118217.6,119046.9,229.763
2025-07-22 00:00:00+00:00,BTCUSDT_250926,2025-09-26 00:00:00+00:00,119013.3,122007.8,117688.9,121738.7,216.913
2025-07-23 00:00:00+00:00,BTCUSDT_250926,2025-09-26 00:00:00+00:00,121723.0,121880.3,119052.7,120519.9,238.515
2025-07-24 00:00:00+00:00,BTCUSDT_250926,2025-09-26 00:00:00+00:00,120518.4,121194.7,118707.3,119899.6,229.806
2025-07-25 00:00:00+00:00,BTCUSDT_250926,2025-09-26 00:00:00+00:00,119949.2,120057.2,115946.0,119190.9,383.992
2025-07-26 00:00:00+00:00,BTCUSDT_250926,2025-09-26 00:00:00+00:00,119179.3,119944.0,118710.2,119524.8,81.774
2025-07-27 00:00:00+00:00,BTCUSDT_250926,2025-09-26 00:00:00+00:00,119548.5,121495.9,119440.7,121177.8,99.897
2025-07-28 00:00:00+00:00,BTCUSDT_250926,2025-09-26 00:00:00+00:00,121177.4,121574.3,119095.5,119684.3,145.822
2025-07-29 00:00:00+00:00,BTCUSDT_250926,2025-09-26 00:00:00+00:00,119689.7,121000.0,118556.0,119490.8,119.429
2025-07-30 00:00:00+00:00,BTCUSDT_250926,2025-09-26 00:00:00+00:00,119490.8,120233.8,117010.1,119040.5,155.365
2025-07-31 00:00:00+00:00,BTCUSDT_250926,2025-09-26 00:00:00+00:00,119035.1,120147.2,116627.9,116912.2,120.841
2025-08-01 00:00:00+00:00,BTCUSDT_250926,2025-09-26 00:00:00+00:00,116890.3,117225.6,113613.7,114172.1,343.886
2025-08-02 00:00:00+00:00,BTCUSDT_250926,2025-09-26 00:00:00+00:00,114175.6,115050.2,113044.7,113594.2,119.234
2025-08-03 00:00:00+00:00,BTCUSDT_250926,2025-09-26 00:00:00+00:00,113611.8,115810.9,112880.0,115233.0,112.677
2025-08-04 00:00:00+00:00,BTCUSDT_250926,2025-09-26 00:00:00+00:00,115216.3,116800.0,115101.6,116120.8,102.864
2025-08-05 00:00:00+00:00,BTCUSDT_250926,2025-09-26 00:00:00+00:00,116153.4,116172.2,113739.4,115191.0,174.255
2025-08-06 00:00:00+00:00,BTCUSDT_250926,2025-09-26 00:00:00+00:00,115159.4,116709.8,114417.7,116016.7,119.243
2025-08-07 00:00:00+00:00,BTCUSDT_250926,2025-09-26 00:00:00+00:00,115996.2,118739.7,115303.7,118583.1,147.518
2025-08-08 00:00:00+00:00,BTCUSDT_250926,2025-09-26 00:00:00+00:00,118585.8,118753.3,117067.7,117828.8,100.445
2025-08-09 00:00:00+00:00,BTCUSDT_250926,2025-09-26 00:00:00+00:00,117828.9,119108.1,117472.1,117685.8,66.175
2025-08-10 00:00:00+00:00,BTCUSDT_250926,2025-09-26 00:00:00+00:00,117677.8,120555.0,117677.3,120530.9,99.35
2025-08-11 00:00:00+00:00,BTCUSDT_250926,2025-09-26 00:00:00+00:00,120541.4,123637.0,119269.2,119919.2,242.263
2025-08-12 00:00:00+00:00,BTCUSDT_250926,2025-09-26 00:00:00+00:00,119909.1,121540.8,119416.3,121338.2,136.046
2025-08-13 00:00:00+00:00,BTCUSDT_250926,2025-09-26 00:00:00+00:00,121333.4,125000.0,120103.5,124626.3,236.437
2025-08-14 00:00:00+00:00,BTCUSDT_250926,2025-09-26 00:00:00+00:00,124626.4,125841.6,118324.3,119443.2,304.964
2025-08-15 00:00:00+00:00,BTCUSDT_250926,2025-09-26 00:00:00+00:00,119447.7,120370.3,117889.0,118424.1,152.097
2025-08-16 00:00:00+00:00,BTCUSDT_250926,2025-09-26 00:00:00+00:00,118390.6,118956.1,118154.4,118400.8,48.051
2025-08-17 00:00:00+00:00,BTCUSDT_250926,2025-09-26 00:00:00+00:00,118387.9,119500.0,118158.2,118269.2,118.371
2025-08-18 00:00:00+00:00,BTCUSDT_250926,2025-09-26 00:00:00+00:00,118246.2,118448.2,115374.2,116960.8,285.946
2025-08-19 00:00:00+00:00,BTCUSDT_250926,2025-09-26 00:00:00+00:00,116964.1,117453.2,113381.8,113520.0,277.894
2025-08-20 00:00:00+00:00,BTCUSDT_250926,2025-09-26 00:00:00+00:00,113524.9,115364.2,112961.5,114936.5,186.579
2025-08-21 00:00:00+00:00,BTCUSDT_250926,2025-09-26 00:00:00+00:00,114981.1,115554.9,112707.1,113219.3,126.166
2025-08-22 00:00:00+00:00,BTCUSDT_250926,2025-09-26 00:00:00+00:00,113214.3,118280.0,112364.9,117830.6,272.533
2025-08-23 00:00:00+00:00,BTCUSDT_250926,2025-09-26 00:00:00+00:00,117865.8,117949.9,115452.0,116341.7,83.575
2025-08-24 00:00:00+00:00,BTCUSDT_250926,2025-09-26 00:00:00+00:00,116324.5,116686.6,111392.5,114443.6,254.148
2025-08-25 00:00:00+00:00,BTCUSDT_250926,2025-09-26 00:00:00+00:00,114444.0,114600.0,109901.1,110774.1,295.006
2025-08-26 00:00:00+00:00,BTCUSDT_250926,2025-09-26 00:00:00+00:00,110766.2,113092.1,109299.0,112474.2,203.483
2025-08-27 00:00:00+00:00,BTCUSDT_250926,2025-09-26 00:00:00+00:00,112488.7,113357.6,111078.7,111956.3,131.299
2025-08-28 00:00:00+00:00,BTCUSDT_250926,2025-09-26 00:00:00+00:00,111936.5,114211.4,111556.5,113210.5,102.82
2025-08-29 00:00:00+00:00,BTCUSDT_250926,2025-09-26 00:00:00+00:00,113199.1,113287.8,108010.8,108944.8,190.895
2025-08-30 00:00:00+00:00,BTCUSDT_250926,2025-09-26 00:00:00+00:00,108956.3,109438.4,107828.9,109295.3,81.355
2025-08-31 00:00:00+00:00,BTCUSDT_250926,2025-09-26 00:00:00+00:00,109297.6,109989.5,108540.1,108700.0,78.264
2025-09-01 00:00:00+00:00,BTCUSDT_250926,2025-09-26 00:00:00+00:00,108708.2,110424.7,107700.7,109700.3,143.825
2025-09-02 00:00:00+00:00,BTCUSDT_250926,2025-09-26 00:00:00+00:00,109720.0,112287.7,108815.5,111681.3,172.789
2025-09-03 00:00:00+00:00,BTCUSDT_250926,2025-09-26 00:00:00+00:00,111707.4,113050.2,110944.2,112157.8,203.853
2025-09-04 00:00:00+00:00,BTCUSDT_250926,2025-09-26 00:00:00+00:00,112138.2,112649.0,109673.0,111046.5,135.087
2025-09-05 00:00:00+00:00,BTCUSDT_250926,2025-09-26 00:00:00+00:00,111060.5,113718.4,110528.7,110942.7,208.626
2025-09-06 00:00:00+00:00,BTCUSDT_250926,2025-09-26 00:00:00+00:00,110964.1,111623.0,110265.8,110509.0,38.408
2025-09-07 00:00:00+00:00,BTCUSDT_250926,2025-09-26 00:00:00+00:00,110507.3,111924.9,110478.3,111470.9,52.306
2025-09-08 00:00:00+00:00,BTCUSDT_250926,2025-09-26 00:00:00+00:00,111450.8,113255.6,110919.7,112335.3,110.779
2025-09-09 00:00:00+00:00,BTCUSDT_250926,2025-09-26 00:00:00+00:00,112335.5,113619.6,111111.0,111877.7,150.574
2025-09-10 00:00:00+00:00,BTCUSDT_250926,2025-09-26 00:00:00+00:00,111918.1,114681.8,111280.0,114276.7,121.79
2025-09-11 00:00:00+00:00,BTCUSDT_250926,2025-09-26 00:00:00+00:00,114261.7,115891.3,113773.6,115833.6,109.393
2025-09-12 00:00:00+00:00,BTCUSDT_250926,2025-09-26 00:00:00+00:00,115850.0,116937.2,115112.3,116300.0,153.916
2025-09-13 00:00:00+00:00,BTCUSDT_250926,2025-09-26 00:00:00+00:00,116311.5,116572.3,115433.0,116209.0,66.317
2025-09-14 00:00:00+00:00,BTCUSDT_250926,2025-09-26 00:00:00+00:00,116219.3,116452.3,115450.0,115674.4,56.055
2025-09-15 00:00:00+00:00,BTCUSDT_250926,2025-09-26 00:00:00+00:00,115541.4,117076.4,114624.6,115539.9,176.413
2025-09-16 00:00:00+00:00,BTCUSDT_250926,2025-09-26 00:00:00+00:00,115548.1,117100.0,114900.0,116944.3,154.12
2025-09-17 00:00:00+00:00,BTCUSDT_250926,2025-09-26 00:00:00+00:00,116954.2,117421.0,114900.0,116580.5,154.483
2025-09-18 00:00:00+00:00,BTCUSDT_250926,2025-09-26 00:00:00+00:00,116593.6,118041.2,116235.9,117209.7,101.066
2025-09-19 00:00:00+00:00,BTCUSDT_250926,2025-09-26 00:00:00+00:00,117230.0,117592.8,115243.5,115751.0,121.975
2025-09-20 00:00:00+00:00,BTCUSDT_250926,2025-09-26 00:00:00+00:00,115761.5,116223.9,115533.3,115781.9,77.849
2025-09-21 00:00:00+00:00,BTCUSDT_250926,2025-09-26 00:00:00+00:00,115796.4,115912.1,115275.4,115330.2,68.554
2025-09-22 00:00:00+00:00,BTCUSDT_250926,2025-09-26 00:00:00+00:00,115310.3,115477.3,111565.0,112659.7,285.693
2025-09-23 00:00:00+00:00,BTCUSDT_250926,2025-09-26 00:00:00+00:00,112671.6,113319.1,111475.0,112017.9,158.857
2025-09-24 00:00:00+00:00,BTCUSDT_250926,2025-09-26 00:00:00+00:00,112007.6,113947.1,111000.0,113302.1,157.463
2025-09-25 00:00:00+00:00,BTCUSDT_250926,2025-09-26 00:00:00+00:00,113341.6,113501.3,108621.9,109010.8,223.825
2025-09-26 00:00:00+00:00,BTCUSDT_250926,2025-09-26 00:00:00+00:00,108986.4,109793.6,108841.9,109001.0,31.236
2025-06-27 00:00:00+00:00,BTCUSDT_251226,2025-12-26 00:00:00+00:00,114888.0,114888.0,102600.0,110165.0,123.649
2025-06-28 00:00:00+00:00,BTCUSDT_251226,2025-12-26 00:00:00+00:00,110171.0,110526.5,109885.5,110301.2,73.564
2025-06-29 00:00:00+00:00,BTCUSDT_251226,2025-12-26 00:00:00+00:00,110330.2,111781.5,110177.2,111550.5,98.202
2025-06-30 00:00:00+00:00,BTCUSDT_251226,2025-12-26 00:00:00+00:00,111555.3,112386.8,109658.0,110232.7,93.486
2025-07-01 00:00:00+00:00,BTCUSDT_251226,2025-12-26 00:00:00+00:00,110198.0,110639.2,108095.7,108508.7,85.127
2025-07-02 00:00:00+00:00,BTCUSDT_251226,2025-12-26 00:00:00+00:00,108500.5,112699.9,107922.2,111859.2,179.515
2025-07-03 00:00:00+00:00,BTCUSDT_251226,2025-12-26 00:00:00+00:00,111848.0,113700.0,111572.9,112668.2,140.905
2025-07-04 00:00:00+00:00,BTCUSDT_251226,2025-12-26 00:00:00+00:00,112656.1,112800.6,110208.5,110950.6,99.368
2025-07-05 00:00:00+00:00,BTCUSDT_251226,2025-12-26 00:00:00+00:00,110960.6,111309.9,110703.1,111062.0,31.209
2025-07-06 00:00:00+00:00,BTCUSDT_251226,2025-12-26 00:00:00+00:00,111079.1,112774.5,110629.2,112286.4,70.348
2025-07-07 00:00:00+00:00,BTCUSDT_251226,2025-12-26 00:00:00+00:00,112300.2,112890.0,110506.4,111249.6,79.556
2025-07-08 00:00:00+00:00,BTCUSDT_251226,2025-12-26 00:00:00+00:00,111205.7,112262.9,110379.1,112053.9,55.297
2025-07-09 00:00:00+00:00,BTCUSDT_251226,2025-12-26 00:00:00+00:00,112057.9,115415.6,111462.2,114745.8,155.642
2025-07-10 00:00:00+00:00,BTCUSDT_251226,2025-12-26 00:00:00+00:00,114739.1,121138.4,113633.0,119486.9,236.108
2025-07-11 00:00:00+00:00,BTCUSDT_251226,2025-12-26 00:00:00+00:00,119499.9,122714.3,118713.4,121308.5,218.934
2025-07-12 00:00:00+00:00,BTCUSDT_251226,2025-12-26 00:00:00+00:00,121303.8,121981.8,120752.5,121311.7,58.242
2025-07-13 00:00:00+00:00,BTCUSDT_251226,2025-12-26 00:00:00+00:00,121347.5,123743.9,121120.0,123205.5,102.91
2025-07-14 00:00:00+00:00,BTCUSDT_251226,2025-12-26 00:00:00+00:00,123231.7,127676.5,123025.3,123979.1,246.14
2025-07-15 00:00:00+00:00,BTCUSDT_251226,2025-12-26 00:00:00+00:00,123920.6,124069.5,119807.8,121912.4,195.069
2025-07-16 00:00:00+00:00,BTCUSDT_251226,2025-12-26 00:00:00+00:00,121929.4,124345.0,121116.7,122833.3,103.407
2025-07-17 00:00:00+00:00,BTCUSDT_251226,2025-12-26 00:00:00+00:00,122790.2,124931.2,121406.0,123124.8,88.272
2025-07-18 00:00:00+00:00,BTCUSDT_251226,2025-12-26 00:00:00+00:00,123119.5,124946.3,120789.7,122005.1,121.615
2025-07-19 00:00:00+00:00,BTCUSDT_251226,2025-12-26 00:00:00+00:00,122011.6,122690.4,121395.7,122078.4,55.788
2025-07-20 00:00:00+00:00,BTCUSDT_251226,2025-12-26 00:00:00+00:00,122038.1,123200.0,120688.9,121574.0,86.816
2025-07-21 00:00:00+00:00,BTCUSDT_251226,2025-12-26 00:00:00+00:00,121555.1,124091.0,120667.2,121519.8,196.239
2025-07-22 00:00:00+00:00,BTCUSDT_251226,2025-12-26 00:00:00+00:00,121502.1,124633.6,120261.4,124358.7,173.841
2025-07-23 00:00:00+00:00,BTCUSDT_251226,2025-12-26 00:00:00+00:00,124350.0,124524.3,121624.1,123102.2,128.688
2025-07-24 00:00:00+00:00,BTCUSDT_251226,2025-12-26 00:00:00+00:00,123096.8,123749.3,121059.0,122443.9,249.589
2025-07-25 00:00:00+00:00,BTCUSDT_251226,2025-12-26 00:00:00+00:00,122497.7,122619.0,118121.6,121610.7,212.303
2025-07-26 00:00:00+00:00,BTCUSDT_251226,2025-12-26 00:00:00+00:00,121611.9,122492.2,121225.6,122057.9,75.183
2025-07-27 00:00:00+00:00,BTCUSDT_251226,2025-12-26 00:00:00+00:00,122106.0,123961.2,121854.4,123606.5,90.989
2025-07-28 00:00:00+00:00,BTCUSDT_251226,2025-12-26 00:00:00+00:00,123652.0,124031.4,121515.6,122145.0,69.691
2025-07-29 00:00:00+00:00,BTCUSDT_251226,2025-12-26 00:00:00+00:00,122161.6,123449.5,120960.5,121951.1,93.801
2025-07-30 00:00:00+00:00,BTCUSDT_251226,2025-12-26 00:00:00+00:00,121896.8,122500.0,119142.6,121297.2,131.523
2025-07-31 00:00:00+00:00,BTCUSDT_251226,2025-12-26 00:00:00+00:00,121288.2,122399.9,118749.5,119008.5,69.282
2025-08-01 00:00:00+00:00,BTCUSDT_251226,2025-12-26 00:00:00+00:00,118962.1,119370.1,115500.0,116185.5,177.287
2025-08-02 00:00:00+00:00,BTCUSDT_251226,2025-12-26 00:00:00+00:00,116064.4,117179.2,115048.4,115640.9,101.341
2025-08-03 00:00:00+00:00,BTCUSDT_251226,2025-12-26 00:00:00+00:00,115640.9,117966.5,114976.8,117310.6,33.446
2025-08-04 00:00:00+00:00,BTCUSDT_251226,2025-12-26 00:00:00+00:00,117317.2,118964.0,117240.6,118317.1,56.328
2025-08-05 00:00:00+00:00,BTCUSDT_251226,2025-12-26 00:00:00+00:00,118331.8,118388.2,115919.3,117406.1,126.153
2025-08-06 00:00:00+00:00,BTCUSDT_251226,2025-12-26 00:00:00+00:00,117405.4,119064.5,116645.7,118335.1,161.959
2025-08-07 00:00:00+00:00,BTCUSDT_251226,2025-12-26 00:00:00+00:00,118322.7,121251.9,117655.5,121087.3,114.279
2025-08-08 00:00:00+00:00,BTCUSDT_251226,2025-12-26 00:00:00+00:00,121088.4,121273.1,119554.6,120332.4,102.681
2025-08-09 00:00:00+00:00,BTCUSDT_251226,2025-12-26 00:00:00+00:00,120339.1,121670.6,120000.1,120267.4,63.611
2025-08-10 00:00:00+00:00,BTCUSDT_251226,2025-12-26 00:00:00+00:00,120262.9,123301.8,120262.9,123222.5,112.003
2025-08-11 00:00:00+00:00,BTCUSDT_251226,2025-12-26 00:00:00+00:00,123222.4,126346.2,121925.6,122552.2,185.384
2025-08-12 00:00:00+00:00,BTCUSDT_251226,2025-12-26 00:00:00+00:00,122520.0,124341.6,122000.0,124165.6,142.324
2025-08-13 00:00:00+00:00,BTCUSDT_251226,2025-12-26 00:00:00+00:00,124172.0,127968.6,122950.0,127546.5,138.652
2025-08-14 00:00:00+00:00,BTCUSDT_251226,2025-12-26 00:00:00+00:00,127558.4,128776.4,121216.6,122364.2,179.275
2025-08-15 00:00:00+00:00,BTCUSDT_251226,2025-12-26 00:00:00+00:00,122375.7,123410.8,120664.1,121173.0,145.963
2025-08-16 00:00:00+00:00,BTCUSDT_251226,2025-12-26 00:00:00+00:00,121151.1,121800.3,120910.1,121188.1,104.055
2025-08-17 00:00:00+00:00,BTCUSDT_251226,2025-12-26 00:00:00+00:00,121137.3,122287.2,120901.6,120987.2,74.939
2025-08-18 00:00:00+00:00,BTCUSDT_251226,2025-12-26 00:00:00+00:00,120987.3,121132.9,117760.0,119248.5,199.268
2025-08-19 00:00:00+00:00,BTCUSDT_251226,2025-12-26 00:00:00+00:00,119222.5,119766.6,115460.5,115609.4,234.783
2025-08-20 00:00:00+00:00,BTCUSDT_251226,2025-12-26 00:00:00+00:00,115573.7,117350.0,114955.0,116982.0,136.269
2025-08-21 00:00:00+00:00,BTCUSDT_251226,2025-12-26 00:00:00+00:00,116978.7,117695.2,114759.1,115269.4,67.415
2025-08-22 00:00:00+00:00,BTCUSDT_251226,2025-12-26 00:00:00+00:00,115244.3,120620.0,114510.0,120202.8,220.586
2025-08-23 00:00:00+00:00,BTCUSDT_251226,2025-12-26 00:00:00+00:00,120209.3,120327.5,117352.3,118624.8,94.755
2025-08-24 00:00:00+00:00,BTCUSDT_251226,2025-12-26 00:00:00+00:00,118610.9,118967.8,113939.0,116779.7,117.967
2025-08-25 00:00:00+00:00,BTCUSDT_251226,2025-12-26 00:00:00+00:00,116773.7,116948.6,112018.9,112852.9,271.506
2025-08-26 00:00:00+00:00,BTCUSDT_251226,2025-12-26 00:00:00+00:00,112855.8,115346.9,111393.5,114705.5,146.005
2025-08-27 00:00:00+00:00,BTCUSDT_251226,2025-12-26 00:00:00+00:00,114730.0,115593.2,113310.9,114179.5,99.866
2025-08-28 00:00:00+00:00,BTCUSDT_251226,2025-12-26 00:00:00+00:00,114164.5,116480.2,113782.6,115413.5,84.277
2025-08-29 00:00:00+00:00,BTCUSDT_251226,2025-12-26 00:00:00+00:00,115397.7,115550.7,110208.4,111101.3,129.794
2025-08-30 00:00:00+00:00,BTCUSDT_251226,2025-12-26 00:00:00+00:00,111154.7,111504.0,109810.3,111338.5,153.805
2025-08-31 00:00:00+00:00,BTCUSDT_251226,2025-12-26 00:00:00+00:00,111380.4,112048.5,110557.4,110746.1,61.118
2025-09-01 00:00:00+00:00,BTCUSDT_251226,2025-12-26 00:00:00+00:00,110736.3,112479.5,109720.4,111700.6,192.749
2025-09-02 00:00:00+00:00,BTCUSDT_251226,2025-12-26 00:00:00+00:00,111715.9,114266.5,110774.9,113712.0,204.375
2025-09-03 00:00:00+00:00,BTCUSDT_251226,2025-12-26 00:00:00+00:00,113728.5,115200.0,112965.0,114249.4,118.155
2025-09-04 00:00:00+00:00,BTCUSDT_251226,2025-12-26 00:00:00+00:00,114261.1,114768.2,111556.7,112909.4,114.749
2025-09-05 00:00:00+00:00,BTCUSDT_251226,2025-12-26 00:00:00+00:00,112922.2,115665.9,112456.3,112905.0,205.018
2025-09-06 00:00:00+00:00,BTCUSDT_251226,2025-12-26 00:00:00+00:00,112889.2,113604.5,112242.2,112474.4,58.501
2025-09-07 00:00:00+00:00,BTCUSDT_251226,2025-12-26 00:00:00+00:00,112474.5,113965.0,112457.3,113491.7,61.747
2025-09-08 00:00:00+00:00,BTCUSDT_251226,2025-12-26 00:00:00+00:00,113472.8,115273.4,112921.0,114383.7,100.282
2025-09-09 00:00:00+00:00,BTCUSDT_251226,2025-12-26 00:00:00+00:00,114361.1,115605.9,113133.4,113907.8,135.056
2025-09-10 00:00:00+00:00,BTCUSDT_251226,2025-12-26 00:00:00+00:00,113938.2,116684.5,113311.1,116252.3,104.172
2025-09-11 00:00:00+00:00,BTCUSDT_251226,2025-12-26 00:00:00+00:00,116241.6,118026.6,115616.7,117992.6,108.169
2025-09-12 00:00:00+00:00,BTCUSDT_251226,2025-12-26 00:00:00+00:00,117997.3,119211.0,117360.6,118573.3,147.959
2025-09-13 00:00:00+00:00,BTCUSDT_251226,2025-12-26 00:00:00+00:00,118589.1,118877.8,117752.6,118615.6,53.714
2025-09-14 00:00:00+00:00,BTCUSDT_251226,2025-12-26 00:00:00+00:00,118580.6,118814.5,117785.4,117963.2,72.509
2025-09-15 00:00:00+00:00,BTCUSDT_251226,2025-12-26 00:00:00+00:00,117947.4,119437.7,116916.4,117814.7,151.378
2025-09-16 00:00:00+00:00,BTCUSDT_251226,2025-12-26 00:00:00+00:00,117815.4,119240.2,117104.1,119084.9,121.093
2025-09-17 00:00:00+00:00,BTCUSDT_251226,2025-12-26 00:00:00+00:00,119072.1,119500.0,116870.5,118489.1,134.327
2025-09-18 00:00:00+00:00,BTCUSDT_251226,2025-12-26 00:00:00+00:00,118540.9,120090.8,118181.0,119292.5,92.891
2025-09-19 00:00:00+00:00,BTCUSDT_251226,2025-12-26 00:00:00+00:00,119284.6,119658.7,117213.1,117755.9,85.944
2025-09-20 00:00:00+00:00,BTCUSDT_251226,2025-12-26 00:00:00+00:00,117737.5,118225.2,117525.5,117758.0,28.756
2025-09-21 00:00:00+00:00,BTCUSDT_251226,2025-12-26 00:00:00+00:00,117757.8,117924.3,117288.7,117334.4,41.515
2025-09-22 00:00:00+00:00,BTCUSDT_251226,2025-12-26 00:00:00+00:00,117300.1,117479.6,113113.8,114624.0,251.352
2025-09-23 00:00:00+00:00,BTCUSDT_251226,2025-12-26 00:00:00+00:00,114618.0,115255.2,113357.5,113949.7,116.717
2025-09-24 00:00:00+00:00,BTCUSDT_251226,2025-12-26 00:00:00+00:00,113939.4,115879.5,112975.0,115169.4,95.032
2025-09-25 00:00:00+00:00,BTCUSDT_251226,2025-12-26 00:00:00+00:00,115195.7,115400.0,110471.3,110747.6,262.431
2025-09-26 00:00:00+00:00,BTCUSDT_251226,2025-12-26 00:00:00+00:00,110727.9,111968.6,110450.2,111447.1,332.306
2025-09-27 00:00:00+00:00,BTCUSDT_251226,2025-12-26 00:00:00+00:00,111382.7,111530.2,110867.8,111399.3,41.198
2025-09-28 00:00:00+00:00,BTCUSDT_251226,2025-12-26 00:00:00+00:00,111413.0,114140.8,110963.4,113939.4,65.248
2025-09-29 00:00:00+00:00,BTCUSDT_251226,2025-12-26 00:00:00+00:00,113940.5,116396.3,113304.0,116316.7,118.431
2025-09-30 00:00:00+00:00,BTCUSDT_251226,2025-12-26 00:00:00+00:00,116282.1,116712.8,114618.0,115977.5,106.083
2025-10-01 00:00:00+00:00,BTCUSDT_251226,2025-12-26 00:00:00+00:00,115999.7,120699.0,115878.7,120593.0,155.983
2025-10-02 00:00:00+00:00,BTCUSDT_251226,2025-12-26 00:00:00+00:00,120645.3,123125.6,120236.0,122659.4,200.256
2025-10-03 00:00:00+00:00,BTCUSDT_251226,2025-12-26 00:00:00+00:00,122650.2,126056.6,121379.0,124311.0,192.998
2025-10-04 00:00:00+00:00,BTCUSDT_251226,2025-12-26 00:00:00+00:00,124340.7,124975.5,123651.0,124494.7,62.194
2025-10-05 00:00:00+00:00,BTCUSDT_251226,2025-12-26 00:00:00+00:00,124513.4,128103.3,124239.5,125681.7,212.892
2025-10-06 00:00:00+00:00,BTCUSDT_251226,2025-12-26 00:00:00+00:00,125705.4,128470.2,125216.1,126860.0,145.584
2025-10-07 00:00:00+00:00,BTCUSDT_251226,2025-12-26 00:00:00+00:00,126891.7,127372.7,122724.3,123498.3,230.607
2025-10-08 00:00:00+00:00,BTCUSDT_251226,2025-12-26 00:00:00+00:00,123491.1,126211.6,123110.1,125318.9,136.591
2025-10-09 00:00:00+00:00,BTCUSDT_251226,2025-12-26 00:00:00+00:00,125340.1,125753.3,121416.1,123527.4,191.769
2025-10-10 00:00:00+00:00,BTCUSDT_251226,2025-12-26 00:00:00+00:00,123554.2,124370.9,102762.5,114400.2,674.205
2025-10-11 00:00:00+00:00,BTCUSDT_251226,2025-12-26 00:00:00+00:00,114400.2,114924.4,111217.4,112297.2,251.854
2025-10-12 00:00:00+00:00,BTCUSDT_251226,2025-12-26 00:00:00+00:00,112310.9,117499.8,111227.0,116679.8,305.707
2025-10-13 00:00:00+00:00,BTCUSDT_251226,2025-12-26 00:00:00+00:00,116636.9,117620.0,115247.7,116719.8,171.603
2025-10-14 00:00:00+00:00,BTCUSDT_251226,2025-12-26 00:00:00+00:00,116746.0,116942.6,111144.5,114253.7,539.36
2025-10-15 00:00:00+00:00,BTCUSDT_251226,2025-12-26 00:00:00+00:00,114274.1,114864.8,111450.0,112036.5,243.137
2025-10-16 00:00:00+00:00,BTCUSDT_251226,2025-12-26 00:00:00+00:00,112052.8,113258.0,108650.3,109414.0,202.482
2025-10-17 00:00:00+00:00,BTCUSDT_251226,2025-12-26 00:00:00+00:00,109402.4,110557.0,104569.0,107542.0,304.579
2025-10-18 00:00:00+00:00,BTCUSDT_251226,2025-12-26 00:00:00+00:00,107559.9,108692.1,107425.3,108421.4,59.549
2025-10-19 00:00:00+00:00,BTCUSDT_251226,2025-12-26 00:00:00+00:00,108383.1,110682.9,107260.8,109849.9,117.923
2025-10-20 00:00:00+00:00,BTCUSDT_251226,2025-12-26 00:00:00+00:00,109851.1,112967.6,108635.6,111701.5,194.735
2025-10-21 00:00:00+00:00,BTCUSDT_251226,2025-12-26 00:00:00+00:00,111701.5,115255.2,108588.6,109360.0,302.238
2025-10-22 00:00:00+00:00,BTCUSDT_251226,2025-12-26 00:00:00+00:00,109349.9,110248.6,107693.1,108674.0,195.785
2025-10-23 00:00:00+00:00,BTCUSDT_251226,2025-12-26 00:00:00+00:00,108636.8,112456.8,108540.5,111102.3,141.529
2025-10-24 00:00:00+00:00,BTCUSDT_251226,2025-12-26 00:00:00+00:00,111133.1,113201.9,110745.2,112069.7,138.64
2025-10-25 00:00:00+00:00,BTCUSDT_251226,2025-12-26 00:00:00+00:00,112083.4,113033.0,111700.5,112669.6,72.134
2025-10-26 00:00:00+00:00,BTCUSDT_251226,2025-12-26 00:00:00+00:00,112634.6,116800.0,112303.6,115677.9,117.402
2025-10-27 00:00:00+00:00,BTCUSDT_251226,2025-12-26 00:00:00+00:00,115725.9,117667.8,114954.6,115220.5,155.895
2025-10-28 00:00:00+00:00,BTCUSDT_251226,2025-12-26 00:00:00+00:00,115203.0,117203.7,113209.8,113911.2,157.516
2025-10-29 00:00:00+00:00,BTCUSDT_251226,2025-12-26 00:00:00+00:00,113899.5,114623.4,110018.8,110831.2,278.295
2025-10-30 00:00:00+00:00,BTCUSDT_251226,2025-12-26 00:00:00+00:00,110840.0,112436.7,107029.8,109136.1,202.288
2025-10-31 00:00:00+00:00,BTCUSDT_251226,2025-12-26 00:00:00+00:00,109149.4,112115.2,109102.7,110433.5,163.839
2025-11-01 00:00:00+00:00,BTCUSDT_251226,2025-12-26 00:00:00+00:00,110438.0,111372.4,110219.1,110898.0,39.693
2025-11-02 00:00:00+00:00,BTCUSDT_251226,2025-12-26 00:00:00+00:00,110881.4,112013.7,110248.7,111316.5,83.808
2025-11-03 00:00:00+00:00,BTCUSDT_251226,2025-12-26 00:00:00+00:00,111308.2,111512.9,105547.3,107275.4,234.556
2025-11-04 00:00:00+00:00,BTCUSDT_251226,2025-12-26 00:00:00+00:00,107295.8,107962.3,99405.4,101955.5,510.723
2025-11-05 00:00:00+00:00,BTCUSDT_251226,2025-12-26 00:00:00+00:00,102007.4,105245.2,99425.2,104558.7,247.553
2025-11-06 00:00:00+00:00,BTCUSDT_251226,2025-12-26 00:00:00+00:00,104553.2,104901.2,100875.5,101903.2,221.281
2025-11-07 00:00:00+00:00,BTCUSDT_251226,2025-12-26 00:00:00+00:00,101931.0,104747.1,99854.4,103974.4,223.512
2025-11-08 00:00:00+00:00,BTCUSDT_251226,2025-12-26 00:00:00+00:00,103950.1,104036.1,102069.3,102869.1,100.23
2025-11-09 00:00:00+00:00,BTCUSDT_251226,2025-12-26 00:00:00+00:00,102887.1,106111.9,101924.5,105330.2,182.756
2025-11-10 00:00:00+00:00,BTCUSDT_251226,2025-12-26 00:00:00+00:00,105165.8,107304.9,104895.0,106636.1,164.397
2025-11-11 00:00:00+00:00,BTCUSDT_251226,2025-12-26 00:00:00+00:00,106642.4,108189.9,103018.2,103582.6,158.799
2025-11-12 00:00:00+00:00,BTCUSDT_251226,2025-12-26 00:00:00+00:00,103602.7,105942.0,101340.3,102137.1,166.953
2025-11-13 00:00:00+00:00,BTCUSDT_251226,2025-12-26 00:00:00+00:00,102122.9,104628.8,98489.3,100265.3,271.288
2025-11-14 00:00:00+00:00,BTCUSDT_251226,2025-12-26 00:00:00+00:00,100167.7,100357.6,94500.0,95016.7,507.236
2025-11-15 00:00:00+00:00,BTCUSDT_251226,2025-12-26 00:00:00+00:00,95057.5,97321.3,95045.5,96068.7,132.201
2025-11-16 00:00:00+00:00,BTCUSDT_251226,2025-12-26 00:00:00+00:00,96088.2,97089.2,93399.2,94713.0,216.454
2025-11-17 00:00:00+00:00,BTCUSDT_251226,2025-12-26 00:00:00+00:00,94713.0,96557.9,91693.9,92632.8,204.967
2025-11-18 00:00:00+00:00,BTCUSDT_251226,2025-12-26 00:00:00+00:00,92638.0,94276.4,89682.7,93400.0,221.681
2025-11-19 00:00:00+00:00,BTCUSDT_251226,2025-12-26 00:00:00+00:00,93411.5,93411.5,89030.0,92023.2,240.769
2025-11-20 00:00:00+00:00,BTCUSDT_251226,2025-12-26 00:00:00+00:00,92009.6,93650.0,86466.5,87020.7,346.17
2025-11-21 00:00:00+00:00,BTCUSDT_251226,2025-12-26 00:00:00+00:00,87017.8,87905.0,80916.5,85460.0,752.218
2025-11-22 00:00:00+00:00,BTCUSDT_251226,2025-12-26 00:00:00+00:00,85451.3,85978.2,83799.2,85024.3,182.025
2025-11-23 00:00:00+00:00,BTCUSDT_251226,2025-12-26 00:00:00+00:00,85034.9,88524.6,85026.0,87192.1,306.399
2025-11-24 00:00:00+00:00,BTCUSDT_251226,2025-12-26 00:00:00+00:00,87195.3,89554.0,85600.3,88658.7,244.47
2025-11-25 00:00:00+00:00,BTCUSDT_251226,2025-12-26 00:00:00+00:00,88664.3,88868.3,86477.0,87745.5,213.727
2025-11-26 00:00:00+00:00,BTCUSDT_251226,2025-12-26 00:00:00+00:00,87722.3,91072.7,86662.3,90877.6,149.143
2025-11-27 00:00:00+00:00,BTCUSDT_251226,2025-12-26 00:00:00+00:00,90823.7,92298.0,90441.2,91655.0,164.133
2025-11-28 00:00:00+00:00,BTCUSDT_251226,2025-12-26 00:00:00+00:00,91666.2,93449.4,90534.0,91211.0,195.673
2025-11-29 00:00:00+00:00,BTCUSDT_251226,2025-12-26 00:00:00+00:00,91200.1,91489.0,90478.4,91139.3,74.237
2025-11-30 00:00:00+00:00,BTCUSDT_251226,2025-12-26 00:00:00+00:00,91158.5,92285.2,90646.6,90681.7,73.744
2025-12-01 00:00:00+00:00,BTCUSDT_251226,2025-12-26 00:00:00+00:00,90650.1,90717.4,84074.1,86563.4,353.03
2025-12-02 00:00:00+00:00,BTCUSDT_251226,2025-12-26 00:00:00+00:00,86548.9,92570.7,86449.5,91567.8,335.704
2025-12-03 00:00:00+00:00,BTCUSDT_251226,2025-12-26 00:00:00+00:00,91630.9,94435.3,91244.5,93717.9,280.366
2025-12-04 00:00:00+00:00,BTCUSDT_251226,2025-12-26 00:00:00+00:00,93704.9,94336.1,91100.0,92311.7,215.221
2025-12-05 00:00:00+00:00,BTCUSDT_251226,2025-12-26 00:00:00+00:00,92329.2,92920.4,88215.0,89519.8,321.937
2025-12-06 00:00:00+00:00,BTCUSDT_251226,2025-12-26 00:00:00+00:00,89514.7,90472.7,89094.7,89406.1,121.014
2025-12-07 00:00:00+00:00,BTCUSDT_251226,2025-12-26 00:00:00+00:00,89425.5,91960.5,87906.8,90580.1,167.904
2025-12-08 00:00:00+00:00,BTCUSDT_251226,2025-12-26 00:00:00+00:00,90580.7,92513.1,89775.6,90832.6,189.24
2025-12-09 00:00:00+00:00,BTCUSDT_251226,2025-12-26 00:00:00+00:00,90806.5,94799.8,89700.0,92868.9,184.31
2025-12-10 00:00:00+00:00,BTCUSDT_251226,2025-12-26 00:00:00+00:00,92812.7,94682.5,91752.2,92154.6,199.14
2025-12-11 00:00:00+00:00,BTCUSDT_251226,2025-12-26 00:00:00+00:00,92171.8,93719.7,89400.6,92646.2,226.848
2025-12-12 00:00:00+00:00,BTCUSDT_251226,2025-12-26 00:00:00+00:00,92673.1,92918.9,89605.3,90368.4,169.708
2025-12-13 00:00:00+00:00,BTCUSDT_251226,2025-12-26 00:00:00+00:00,90393.5,90790.3,89908.3,90402.1,38.053
2025-12-14 00:00:00+00:00,BTCUSDT_251226,2025-12-26 00:00:00+00:00,90376.2,90594.0,87653.2,88236.8,94.982
2025-12-15 00:00:00+00:00,BTCUSDT_251226,2025-12-26 00:00:00+00:00,88234.2,90162.8,85245.5,86511.1,207.434
2025-12-16 00:00:00+00:00,BTCUSDT_251226,2025-12-26 00:00:00+00:00,86519.4,88300.0,85366.0,87953.4,162.651
2025-12-17 00:00:00+00:00,BTCUSDT_251226,2025-12-26 00:00:00+00:00,87973.1,90481.1,85431.3,86337.0,200.338
2025-12-18 00:00:00+00:00,BTCUSDT_251226,2025-12-26 00:00:00+00:00,86341.8,89565.0,84533.2,85617.0,201.841
2025-12-19 00:00:00+00:00,BTCUSDT_251226,2025-12-26 00:00:00+00:00,85616.2,89500.0,85224.4,88265.6,167.359
2025-12-20 00:00:00+00:00,BTCUSDT_251226,2025-12-26 00:00:00+00:00,88249.0,88687.7,87933.8,88462.7,41.785
2025-12-21 00:00:00+00:00,BTCUSDT_251226,2025-12-26 00:00:00+00:00,88471.5,89185.4,87674.3,88717.0,126.2
2025-12-22 00:00:00+00:00,BTCUSDT_251226,2025-12-26 00:00:00+00:00,88719.3,90657.0,87944.7,88629.1,168.772
2025-12-23 00:00:00+00:00,BTCUSDT_251226,2025-12-26 00:00:00+00:00,88660.3,88980.5,86651.5,87538.7,120.66
2025-12-24 00:00:00+00:00,BTCUSDT_251226,2025-12-26 00:00:00+00:00,87531.8,88075.5,86426.3,87674.4,85.088
2025-12-25 00:00:00+00:00,BTCUSDT_251226,2025-12-26 00:00:00+00:00,87617.6,88600.0,86963.8,87233.8,121.119
2025-12-26 00:00:00+00:00,BTCUSDT_251226,2025-12-26 00:00:00+00:00,87224.8,90222.0,86899.3,88721.0,84.658
2025-12-27 00:00:00+00:00,BTCUSDT_251226,2025-12-26 00:00:00+00:00,88721.0,88721.0,88721.0,88721.0,0.0
2025-12-28 00:00:00+00:00,BTCUSDT_251226,2025-12-26 00:00:00+00:00,88721.0,88721.0,88721.0,88721.0,0.0
2025-12-29 00:00:00+00:00,BTCUSDT_251226,2025-12-26 00:00:00+00:00,88721.0,88721.0,88721.0,88721.0,0.0
2025-12-30 00:00:00+00:00,BTCUSDT_251226,2025-12-26 00:00:00+00:00,88721.0,88721.0,88721.0,88721.0,0.0
2025-12-31 00:00:00+00:00,BTCUSDT_251226,2025-12-26 00:00:00+00:00,88721.0,88721.0,88721.0,88721.0,0.0
2026-01-01 00:00:00+00:00,BTCUSDT_251226,2025-12-26 00:00:00+00:00,88721.0,88721.0,88721.0,88721.0,0.0
2026-01-02 00:00:00+00:00,BTCUSDT_251226,2025-12-26 00:00:00+00:00,88721.0,88721.0,88721.0,88721.0,0.0
2026-01-03 00:00:00+00:00,BTCUSDT_251226,2025-12-26 00:00:00+00:00,88721.0,88721.0,88721.0,88721.0,0.0
2026-01-04 00:00:00+00:00,BTCUSDT_251226,2025-12-26 00:00:00+00:00,88721.0,88721.0,88721.0,88721.0,0.0
2026-01-05 00:00:00+00:00,BTCUSDT_251226,2025-12-26 00:00:00+00:00,88721.0,88721.0,88721.0,88721.0,0.0
2026-01-06 00:00:00+00:00,BTCUSDT_251226,2025-12-26 00:00:00+00:00,88721.0,88721.0,88721.0,88721.0,0.0
2026-01-07 00:00:00+00:00,BTCUSDT_251226,2025-12-26 00:00:00+00:00,88721.0,88721.0,88721.0,88721.0,0.0
2026-01-08 00:00:00+00:00,BTCUSDT_251226,2025-12-26 00:00:00+00:00,88721.0,88721.0,88721.0,88721.0,0.0
2026-01-09 00:00:00+00:00,BTCUSDT_251226,2025-12-26 00:00:00+00:00,88721.0,88721.0,88721.0,88721.0,0.0
2026-01-10 00:00:00+00:00,BTCUSDT_251226,2025-12-26 00:00:00+00:00,88721.0,88721.0,88721.0,88721.0,0.0
2026-01-11 00:00:00+00:00,BTCUSDT_251226,2025-12-26 00:00:00+00:00,88721.0,88721.0,88721.0,88721.0,0.0
2026-01-12 00:00:00+00:00,BTCUSDT_251226,2025-12-26 00:00:00+00:00,88721.0,88721.0,88721.0,88721.0,0.0
2026-01-13 00:00:00+00:00,BTCUSDT_251226,2025-12-26 00:00:00+00:00,88721.0,88721.0,88721.0,88721.0,0.0
2026-01-14 00:00:00+00:00,BTCUSDT_251226,2025-12-26 00:00:00+00:00,88721.0,88721.0,88721.0,88721.0,0.0
2026-01-15 00:00:00+00:00,BTCUSDT_251226,2025-12-26 00:00:00+00:00,88721.0,88721.0,88721.0,88721.0,0.0
2026-01-16 00:00:00+00:00,BTCUSDT_251226,2025-12-26 00:00:00+00:00,88721.0,88721.0,88721.0,88721.0,0.0
2026-01-17 00:00:00+00:00,BTCUSDT_251226,2025-12-26 00:00:00+00:00,88721.0,88721.0,88721.0,88721.0,0.0
2026-01-18 00:00:00+00:00,BTCUSDT_251226,2025-12-26 00:00:00+00:00,88721.0,88721.0,88721.0,88721.0,0.0
2026-01-19 00:00:00+00:00,BTCUSDT_251226,2025-12-26 00:00:00+00:00,88721.0,88721.0,88721.0,88721.0,0.0
2026-01-20 00:00:00+00:00,BTCUSDT_251226,2025-12-26 00:00:00+00:00,88721.0,88721.0,88721.0,88721.0,0.0
2025-09-26 00:00:00+00:00,BTCUSDT_260327,2026-03-27 00:00:00+00:00,109333.0,114861.7,104005.2,113679.3,154.457
2025-09-27 00:00:00+00:00,BTCUSDT_260327,2026-03-27 00:00:00+00:00,113624.0,113710.0,113023.7,113666.5,42.081
2025-09-28 00:00:00+00:00,BTCUSDT_260327,2026-03-27 00:00:00+00:00,113644.2,116379.9,113090.4,116109.7,41.356
2025-09-29 00:00:00+00:00,BTCUSDT_260327,2026-03-27 00:00:00+00:00,116214.6,118797.2,115564.1,118797.2,77.967
2025-09-30 00:00:00+00:00,BTCUSDT_260327,2026-03-27 00:00:00+00:00,118721.9,119169.8,117047.4,118313.4,104.675
2025-10-01 00:00:00+00:00,BTCUSDT_260327,2026-03-27 00:00:00+00:00,118331.2,123037.9,118218.3,122980.6,92.706
2025-10-02 00:00:00+00:00,BTCUSDT_260327,2026-03-27 00:00:00+00:00,122984.2,125578.4,122694.7,125116.0,82.684
2025-10-03 00:00:00+00:00,BTCUSDT_260327,2026-03-27 00:00:00+00:00,125133.5,128540.0,123811.1,126825.9,99.186
2025-10-04 00:00:00+00:00,BTCUSDT_260327,2026-03-27 00:00:00+00:00,126876.3,127429.3,126023.3,126939.3,53.85
2025-10-05 00:00:00+00:00,BTCUSDT_260327,2026-03-27 00:00:00+00:00,126949.7,130632.1,126666.0,128148.0,103.185
2025-10-06 00:00:00+00:00,BTCUSDT_260327,2026-03-27 00:00:00+00:00,128154.3,132403.5,127760.8,129364.0,116.997
2025-10-07 00:00:00+00:00,BTCUSDT_260327,2026-03-27 00:00:00+00:00,129422.3,129949.4,125311.6,125992.5,132.641
2025-10-08 00:00:00+00:00,BTCUSDT_260327,2026-03-27 00:00:00+00:00,125981.0,128677.4,125562.6,127785.4,71.548
2025-10-09 00:00:00+00:00,BTCUSDT_260327,2026-03-27 00:00:00+00:00,127787.7,128244.9,123915.9,125932.5,123.55
2025-10-10 00:00:00+00:00,BTCUSDT_260327,2026-03-27 00:00:00+00:00,125932.6,126732.4,104106.7,116527.0,493.344
2025-10-11 00:00:00+00:00,BTCUSDT_260327,2026-03-27 00:00:00+00:00,116489.7,117087.8,113334.1,114400.0,122.8
2025-10-12 00:00:00+00:00,BTCUSDT_260327,2026-03-27 00:00:00+00:00,114445.6,119699.0,113322.4,118896.8,181.434
2025-10-13 00:00:00+00:00,BTCUSDT_260327,2026-03-27 00:00:00+00:00,118850.0,119846.5,117331.7,118891.0,69.793
2025-10-14 00:00:00+00:00,BTCUSDT_260327,2026-03-27 00:00:00+00:00,118930.6,119105.1,113200.2,116457.5,176.748
2025-10-15 00:00:00+00:00,BTCUSDT_260327,2026-03-27 00:00:00+00:00,116451.2,117042.8,113473.9,114070.0,102.595
2025-10-16 00:00:00+00:00,BTCUSDT_260327,2026-03-27 00:00:00+00:00,114090.0,115344.5,110545.4,111320.4,217.65
2025-10-17 00:00:00+00:00,BTCUSDT_260327,2026-03-27 00:00:00+00:00,111295.7,112442.6,106321.9,109277.8,397.593
2025-10-18 00:00:00+00:00,BTCUSDT_260327,2026-03-27 00:00:00+00:00,109275.4,110495.1,109152.9,110360.6,81.617
2025-10-19 00:00:00+00:00,BTCUSDT_260327,2026-03-27 00:00:00+00:00,110326.7,112778.6,109185.0,111897.0,109.647
2025-10-20 00:00:00+00:00,BTCUSDT_260327,2026-03-27 00:00:00+00:00,111897.3,115092.8,110663.0,113742.6,158.854
2025-10-21 00:00:00+00:00,BTCUSDT_260327,2026-03-27 00:00:00+00:00,113754.2,117399.9,110549.5,111249.5,223.733
2025-10-22 00:00:00+00:00,BTCUSDT_260327,2026-03-27 00:00:00+00:00,111248.0,112194.0,109642.1,110492.2,168.693
2025-10-23 00:00:00+00:00,BTCUSDT_260327,2026-03-27 00:00:00+00:00,110488.2,114458.1,110404.5,113137.7,83.225
2025-10-24 00:00:00+00:00,BTCUSDT_260327,2026-03-27 00:00:00+00:00,113141.8,115440.1,112700.0,114031.7,94.658
2025-10-25 00:00:00+00:00,BTCUSDT_260327,2026-03-27 00:00:00+00:00,114041.4,115021.5,113685.7,114541.2,42.674
2025-10-26 00:00:00+00:00,BTCUSDT_260327,2026-03-27 00:00:00+00:00,114633.1,118805.0,114201.1,117650.0,69.63
2025-10-27 00:00:00+00:00,BTCUSDT_260327,2026-03-27 00:00:00+00:00,117673.3,119588.6,116878.5,117168.4,80.485
2025-10-28 00:00:00+00:00,BTCUSDT_260327,2026-03-27 00:00:00+00:00,117142.8,119127.0,115189.7,115840.5,99.353
2025-10-29 00:00:00+00:00,BTCUSDT_260327,2026-03-27 00:00:00+00:00,115758.0,116547.0,111726.6,112607.8,126.452
2025-10-30 00:00:00+00:00,BTCUSDT_260327,2026-03-27 00:00:00+00:00,112607.8,114178.9,108630.7,110891.0,186.942
2025-10-31 00:00:00+00:00,BTCUSDT_260327,2026-03-27 00:00:00+00:00,110897.8,113824.4,110854.8,112180.6,111.393
2025-11-01 00:00:00+00:00,BTCUSDT_260327,2026-03-27 00:00:00+00:00,112204.9,113079.0,111952.4,112614.1,28.019
2025-11-02 00:00:00+00:00,BTCUSDT_260327,2026-03-27 00:00:00+00:00,112588.4,113731.2,111941.8,113177.5,51.188
2025-11-03 00:00:00+00:00,BTCUSDT_260327,2026-03-27 00:00:00+00:00,112998.4,113206.5,107514.6,108768.3,88.508
2025-11-04 00:00:00+00:00,BTCUSDT_260327,2026-03-27 00:00:00+00:00,108807.2,109423.1,100660.1,103340.3,269.374
2025-11-05 00:00:00+00:00,BTCUSDT_260327,2026-03-27 00:00:00+00:00,103306.5,106683.1,100603.2,106018.5,155.28
2025-11-06 00:00:00+00:00,BTCUSDT_260327,2026-03-27 00:00:00+00:00,105971.9,106312.9,102264.3,103233.9,118.512
2025-11-07 00:00:00+00:00,BTCUSDT_260327,2026-03-27 00:00:00+00:00,103241.9,106196.1,101133.0,105380.5,239.031
2025-11-08 00:00:00+00:00,BTCUSDT_260327,2026-03-27 00:00:00+00:00,105379.3,105449.9,103389.1,104163.9,73.1
2025-11-09 00:00:00+00:00,BTCUSDT_260327,2026-03-27 00:00:00+00:00,104165.4,107419.2,103193.3,106692.8,114.046
2025-11-10 00:00:00+00:00,BTCUSDT_260327,2026-03-27 00:00:00+00:00,106642.8,108733.0,106192.4,108074.6,119.742
2025-11-11 00:00:00+00:00,BTCUSDT_260327,2026-03-27 00:00:00+00:00,108074.3,109647.1,104337.4,104910.3,103.813
2025-11-12 00:00:00+00:00,BTCUSDT_260327,2026-03-27 00:00:00+00:00,104933.6,107306.9,102626.8,103407.9,97.22
2025-11-13 00:00:00+00:00,BTCUSDT_260327,2026-03-27 00:00:00+00:00,103380.8,105915.3,99673.7,101343.8,183.734
2025-11-14 00:00:00+00:00,BTCUSDT_260327,2026-03-27 00:00:00+00:00,101308.0,101530.5,95590.7,96165.6,270.245
2025-11-15 00:00:00+00:00,BTCUSDT_260327,2026-03-27 00:00:00+00:00,96185.4,98442.2,96185.4,97153.2,66.716
2025-11-16 00:00:00+00:00,BTCUSDT_260327,2026-03-27 00:00:00+00:00,97172.6,98173.1,94145.0,95771.9,94.889
2025-11-17 00:00:00+00:00,BTCUSDT_260327,2026-03-27 00:00:00+00:00,95797.2,97959.0,92625.0,93678.2,148.279
2025-11-18 00:00:00+00:00,BTCUSDT_260327,2026-03-27 00:00:00+00:00,93685.8,95462.5,90686.7,94522.5,262.211
2025-11-19 00:00:00+00:00,BTCUSDT_260327,2026-03-27 00:00:00+00:00,94558.0,94558.0,90133.8,93150.5,212.198
2025-11-20 00:00:00+00:00,BTCUSDT_260327,2026-03-27 00:00:00+00:00,93131.4,94769.4,87524.7,88010.9,211.831
2025-11-21 00:00:00+00:00,BTCUSDT_260327,2026-03-27 00:00:00+00:00,88028.3,88927.2,80210.1,86399.8,527.649
2025-11-22 00:00:00+00:00,BTCUSDT_260327,2026-03-27 00:00:00+00:00,86376.2,86847.8,84733.4,85966.0,148.602
2025-11-23 00:00:00+00:00,BTCUSDT_260327,2026-03-27 00:00:00+00:00,85984.9,89500.2,85919.1,88220.8,124.58
2025-11-24 00:00:00+00:00,BTCUSDT_260327,2026-03-27 00:00:00+00:00,88228.0,90648.8,86666.8,89767.7,164.322
2025-11-25 00:00:00+00:00,BTCUSDT_260327,2026-03-27 00:00:00+00:00,89740.9,90019.1,87516.3,88818.1,113.8
2025-11-26 00:00:00+00:00,BTCUSDT_260327,2026-03-27 00:00:00+00:00,88828.0,92243.6,87711.8,92091.3,102.609
2025-11-27 00:00:00+00:00,BTCUSDT_260327,2026-03-27 00:00:00+00:00,92055.5,93473.2,91640.5,92827.2,121.463
2025-11-28 00:00:00+00:00,BTCUSDT_260327,2026-03-27 00:00:00+00:00,92865.1,94534.2,91677.2,92354.3,140.631
2025-11-29 00:00:00+00:00,BTCUSDT_260327,2026-03-27 00:00:00+00:00,92342.9,92621.4,91613.2,92296.9,75.653
2025-11-30 00:00:00+00:00,BTCUSDT_260327,2026-03-27 00:00:00+00:00,92275.2,93400.0,91776.0,91791.6,37.436
2025-12-01 00:00:00+00:00,BTCUSDT_260327,2026-03-27 00:00:00+00:00,91772.3,91832.8,85027.0,87588.3,227.772
2025-12-02 00:00:00+00:00,BTCUSDT_260327,2026-03-27 00:00:00+00:00,87566.7,93673.8,87437.2,92691.0,175.454
2025-12-03 00:00:00+00:00,BTCUSDT_260327,2026-03-27 00:00:00+00:00,92635.8,95583.3,92360.0,94866.9,239.823
2025-12-04 00:00:00+00:00,BTCUSDT_260327,2026-03-27 00:00:00+00:00,94839.7,95536.2,92222.0,93400.0,178.624
2025-12-05 00:00:00+00:00,BTCUSDT_260327,2026-03-27 00:00:00+00:00,93474.8,93996.5,89256.3,90576.1,334.618
2025-12-06 00:00:00+00:00,BTCUSDT_260327,2026-03-27 00:00:00+00:00,90524.1,91493.6,90056.1,90352.9,96.239
2025-12-07 00:00:00+00:00,BTCUSDT_260327,2026-03-27 00:00:00+00:00,90385.2,92944.5,88836.0,91623.3,196.171
2025-12-08 00:00:00+00:00,BTCUSDT_260327,2026-03-27 00:00:00+00:00,91613.6,93497.5,90763.7,91810.8,97.729
2025-12-09 00:00:00+00:00,BTCUSDT_260327,2026-03-27 00:00:00+00:00,91822.9,95759.7,90648.6,93816.2,127.562
2025-12-10 00:00:00+00:00,BTCUSDT_260327,2026-03-27 00:00:00+00:00,93777.0,95668.4,92708.7,93152.4,134.937
2025-12-11 00:00:00+00:00,BTCUSDT_260327,2026-03-27 00:00:00+00:00,93165.6,94633.3,90331.8,93544.9,181.208
2025-12-12 00:00:00+00:00,BTCUSDT_260327,2026-03-27 00:00:00+00:00,93565.4,93827.7,90490.2,91297.1,118.362
2025-12-13 00:00:00+00:00,BTCUSDT_260327,2026-03-27 00:00:00+00:00,91297.0,91683.0,90758.8,91277.3,38.243
2025-12-14 00:00:00+00:00,BTCUSDT_260327,2026-03-27 00:00:00+00:00,91273.0,91514.4,88500.0,89066.0,81.803
2025-12-15 00:00:00+00:00,BTCUSDT_260327,2026-03-27 00:00:00+00:00,89076.0,91013.4,85974.1,87285.5,236.722
2025-12-16 00:00:00+00:00,BTCUSDT_260327,2026-03-27 00:00:00+00:00,87296.0,89026.2,86147.0,88694.9,197.7
2025-12-17 00:00:00+00:00,BTCUSDT_260327,2026-03-27 00:00:00+00:00,88697.5,91276.7,86222.8,87120.0,206.422
2025-12-18 00:00:00+00:00,BTCUSDT_260327,2026-03-27 00:00:00+00:00,87112.6,90391.6,85355.5,86409.0,240.764
2025-12-19 00:00:00+00:00,BTCUSDT_260327,2026-03-27 00:00:00+00:00,86367.5,90451.6,86010.8,89223.8,279.391
2025-12-20 00:00:00+00:00,BTCUSDT_260327,2026-03-27 00:00:00+00:00,89220.0,89622.0,88840.7,89407.3,76.089
2025-12-21 00:00:00+00:00,BTCUSDT_260327,2026-03-27 00:00:00+00:00,89423.5,90134.9,88626.4,89714.1,86.621
2025-12-22 00:00:00+00:00,BTCUSDT_260327,2026-03-27 00:00:00+00:00,89749.8,91700.0,88981.2,89625.0,157.964
2025-12-23 00:00:00+00:00,BTCUSDT_260327,2026-03-27 00:00:00+00:00,89590.9,89988.3,87622.6,88494.7,163.912
2025-12-24 00:00:00+00:00,BTCUSDT_260327,2026-03-27 00:00:00+00:00,88493.2,89022.0,87360.4,88633.5,89.08
2025-12-25 00:00:00+00:00,BTCUSDT_260327,2026-03-27 00:00:00+00:00,88650.0,89611.8,87965.5,88271.8,106.046
2025-12-26 00:00:00+00:00,BTCUSDT_260327,2026-03-27 00:00:00+00:00,88210.1,90567.7,87675.3,88390.9,246.881
2025-12-27 00:00:00+00:00,BTCUSDT_260327,2026-03-27 00:00:00+00:00,88388.0,89083.8,88262.9,88967.0,85.737
2025-12-28 00:00:00+00:00,BTCUSDT_260327,2026-03-27 00:00:00+00:00,88952.4,89194.9,88530.2,89059.9,47.446
2025-12-29 00:00:00+00:00,BTCUSDT_260327,2026-03-27 00:00:00+00:00,89066.6,91560.6,87786.2,88214.2,345.219
2025-12-30 00:00:00+00:00,BTCUSDT_260327,2026-03-27 00:00:00+00:00,88192.6,90290.2,87735.0,89419.5,153.528
2025-12-31 00:00:00+00:00,BTCUSDT_260327,2026-03-27 00:00:00+00:00,89352.2,90071.6,88060.7,88479.5,108.69
2026-01-01 00:00:00+00:00,BTCUSDT_260327,2026-03-27 00:00:00+00:00,88477.7,89780.5,88371.9,89703.3,63.623
2026-01-02 00:00:00+00:00,BTCUSDT_260327,2026-03-27 00:00:00+00:00,89715.1,91846.7,89240.4,90828.0,200.593
2026-01-03 00:00:00+00:00,BTCUSDT_260327,2026-03-27 00:00:00+00:00,90827.7,91653.9,90132.6,91538.3,62.948
2026-01-04 00:00:00+00:00,BTCUSDT_260327,2026-03-27 00:00:00+00:00,91542.4,92788.3,91531.8,92574.8,113.991
2026-01-05 00:00:00+00:00,BTCUSDT_260327,2026-03-27 00:00:00+00:00,92516.5,95762.6,92509.6,94780.3,177.602
2026-01-06 00:00:00+00:00,BTCUSDT_260327,2026-03-27 00:00:00+00:00,94787.3,95413.1,92245.7,94734.2,123.39
2026-01-07 00:00:00+00:00,BTCUSDT_260327,2026-03-27 00:00:00+00:00,94722.1,94722.1,91638.2,92356.1,143.03
2026-01-08 00:00:00+00:00,BTCUSDT_260327,2026-03-27 00:00:00+00:00,92339.3,92612.6,90189.4,91995.8,155.849
2026-01-09 00:00:00+00:00,BTCUSDT_260327,2026-03-27 00:00:00+00:00,91999.1,92934.9,90570.6,91514.0,116.609
2026-01-10 00:00:00+00:00,BTCUSDT_260327,2026-03-27 00:00:00+00:00,91519.0,91705.2,91252.8,91396.0,27.354
2026-01-11 00:00:00+00:00,BTCUSDT_260327,2026-03-27 00:00:00+00:00,91390.0,92210.3,91084.8,91900.0,53.668
2026-01-12 00:00:00+00:00,BTCUSDT_260327,2026-03-27 00:00:00+00:00,91913.4,93461.0,90973.7,92159.6,192.494
2026-01-13 00:00:00+00:00,BTCUSDT_260327,2026-03-27 00:00:00+00:00,92154.8,97741.3,91889.9,96237.4,264.562
2026-01-14 00:00:00+00:00,BTCUSDT_260327,2026-03-27 00:00:00+00:00,96297.0,98800.0,95436.8,97777.1,196.478
2026-01-15 00:00:00+00:00,BTCUSDT_260327,2026-03-27 00:00:00+00:00,97774.8,98030.5,95931.2,96434.0,152.47
2026-01-16 00:00:00+00:00,BTCUSDT_260327,2026-03-27 00:00:00+00:00,96443.6,96695.1,95099.3,96365.1,111.02
2026-01-17 00:00:00+00:00,BTCUSDT_260327,2026-03-27 00:00:00+00:00,96380.4,96448.4,95774.0,95952.2,38.08
2026-01-18 00:00:00+00:00,BTCUSDT_260327,2026-03-27 00:00:00+00:00,95949.2,96319.4,94345.1,94427.6,46.463
2026-01-19 00:00:00+00:00,BTCUSDT_260327,2026-03-27 00:00:00+00:00,94415.0,94415.0,92638.0,93364.3,87.378
2026-01-20 00:00:00+00:00,BTCUSDT_260327,2026-03-27 00:00:00+00:00,93363.1,93600.0,88500.0,89077.3,226.796
2026-01-21 00:00:00+00:00,BTCUSDT_260327,2026-03-27 00:00:00+00:00,89077.4,91234.0,87905.8,90056.2,220.959
2026-01-22 00:00:00+00:00,BTCUSDT_260327,2026-03-27 00:00:00+00:00,90100.4,91040.1,89169.3,90202.4,73.632
2026-01-23 00:00:00+00:00,BTCUSDT_260327,2026-03-27 00:00:00+00:00,90227.1,91928.6,89229.5,90300.0,113.563
2026-01-24 00:00:00+00:00,BTCUSDT_260327,2026-03-27 00:00:00+00:00,90284.3,90608.1,89845.4,89896.8,33.081
2026-01-25 00:00:00+00:00,BTCUSDT_260327,2026-03-27 00:00:00+00:00,89887.7,89990.1,86705.7,87310.0,117.782
2026-01-26 00:00:00+00:00,BTCUSDT_260327,2026-03-27 00:00:00+00:00,87316.3,89494.2,87151.6,89000.0,114.717
2026-01-27 00:00:00+00:00,BTCUSDT_260327,2026-03-27 00:00:00+00:00,88995.9,90176.1,87927.0,89875.1,90.781
2026-01-28 00:00:00+00:00,BTCUSDT_260327,2026-03-27 00:00:00+00:00,89890.4,91240.0,89456.0,89876.4,129.471
2026-01-29 00:00:00+00:00,BTCUSDT_260327,2026-03-27 00:00:00+00:00,89924.3,89966.0,83910.5,85221.6,231.917
2026-01-30 00:00:00+00:00,BTCUSDT_260327,2026-03-27 00:00:00+00:00,85212.5,85329.8,81247.2,84853.5,275.877
2026-01-31 00:00:00+00:00,BTCUSDT_260327,2026-03-27 00:00:00+00:00,84853.0,84873.3,75565.2,79157.7,484.405
2026-02-01 00:00:00+00:00,BTCUSDT_260327,2026-03-27 00:00:00+00:00,79130.9,79800.0,76120.0,77396.3,304.104
2026-02-02 00:00:00+00:00,BTCUSDT_260327,2026-03-27 00:00:00+00:00,77403.6,79750.7,75025.5,79118.9,313.628
2026-02-03 00:00:00+00:00,BTCUSDT_260327,2026-03-27 00:00:00+00:00,79117.0,79581.6,73375.2,76216.1,327.478
2026-02-04 00:00:00+00:00,BTCUSDT_260327,2026-03-27 00:00:00+00:00,76203.7,77462.6,72311.7,73609.0,296.227
2026-02-05 00:00:00+00:00,BTCUSDT_260327,2026-03-27 00:00:00+00:00,73599.0,73774.4,62577.5,63191.3,1072.185
2026-02-06 00:00:00+00:00,BTCUSDT_260327,2026-03-27 00:00:00+00:00,63186.2,72047.0,60159.8,70801.2,1378.702
2026-02-07 00:00:00+00:00,BTCUSDT_260327,2026-03-27 00:00:00+00:00,70784.7,71970.8,67609.9,69629.5,562.419
2026-02-08 00:00:00+00:00,BTCUSDT_260327,2026-03-27 00:00:00+00:00,69591.8,72620.1,69196.6,70650.8,206.611
2026-02-09 00:00:00+00:00,BTCUSDT_260327,2026-03-27 00:00:00+00:00,70642.4,71764.3,68588.5,70437.2,159.219
2026-02-10 00:00:00+00:00,BTCUSDT_260327,2026-03-27 00:00:00+00:00,70444.3,70790.2,68143.5,69066.4,189.684
2026-02-11 00:00:00+00:00,BTCUSDT_260327,2026-03-27 00:00:00+00:00,69067.7,69511.6,65945.4,67286.9,270.576
2026-02-12 00:00:00+00:00,BTCUSDT_260327,2026-03-27 00:00:00+00:00,67375.5,68612.2,65332.8,66476.1,189.003
2026-02-13 00:00:00+00:00,BTCUSDT_260327,2026-03-27 00:00:00+00:00,66455.0,69666.6,66063.5,69075.0,233.657
2026-02-14 00:00:00+00:00,BTCUSDT_260327,2026-03-27 00:00:00+00:00,69039.1,70750.0,68905.0,70015.7,198.391
2026-02-15 00:00:00+00:00,BTCUSDT_260327,2026-03-27 00:00:00+00:00,69999.9,71180.9,68326.2,69053.2,392.557
2026-02-16 00:00:00+00:00,BTCUSDT_260327,2026-03-27 00:00:00+00:00,69057.5,70326.9,67499.9,69082.5,184.58
2026-02-17 00:00:00+00:00,BTCUSDT_260327,2026-03-27 00:00:00+00:00,69077.0,69434.4,66825.1,67746.5,384.569
2026-02-18 00:00:00+00:00,BTCUSDT_260327,2026-03-27 00:00:00+00:00,67760.5,68700.0,66063.4,66683.3,183.885
2026-02-19 00:00:00+00:00,BTCUSDT_260327,2026-03-27 00:00:00+00:00,66661.7,67521.6,65842.0,67221.2,261.559
2026-02-20 00:00:00+00:00,BTCUSDT_260327,2026-03-27 00:00:00+00:00,67241.3,68547.2,66689.1,68294.4,417.333
2026-02-21 00:00:00+00:00,BTCUSDT_260327,2026-03-27 00:00:00+00:00,68271.0,68961.2,67781.3,68229.8,191.558
2026-02-22 00:00:00+00:00,BTCUSDT_260327,2026-03-27 00:00:00+00:00,68229.9,68530.2,67437.3,67890.0,173.448
2026-02-23 00:00:00+00:00,BTCUSDT_260327,2026-03-27 00:00:00+00:00,67899.7,67932.7,64052.9,64851.2,422.728
2026-02-24 00:00:00+00:00,BTCUSDT_260327,2026-03-27 00:00:00+00:00,64836.7,65193.9,62655.0,64201.4,377.645
2026-02-25 00:00:00+00:00,BTCUSDT_260327,2026-03-27 00:00:00+00:00,64205.3,70115.9,64057.1,68090.6,455.92
2026-02-26 00:00:00+00:00,BTCUSDT_260327,2026-03-27 00:00:00+00:00,68078.9,68942.5,66592.6,67557.9,214.57
2026-02-27 00:00:00+00:00,BTCUSDT_260327,2026-03-27 00:00:00+00:00,67555.1,68329.9,65000.0,66003.6,321.686
2026-02-28 00:00:00+00:00,BTCUSDT_260327,2026-03-27 00:00:00+00:00,65985.6,67943.9,63088.5,67110.5,240.112
2026-03-01 00:00:00+00:00,BTCUSDT_260327,2026-03-27 00:00:00+00:00,67120.0,68369.9,65159.9,65802.6,263.679
2026-03-02 00:00:00+00:00,BTCUSDT_260327,2026-03-27 00:00:00+00:00,65856.8,70298.0,65429.6,68948.4,333.015
2026-03-03 00:00:00+00:00,BTCUSDT_260327,2026-03-27 00:00:00+00:00,68963.4,69356.6,66263.8,68437.4,262.724
2026-03-04 00:00:00+00:00,BTCUSDT_260327,2026-03-27 00:00:00+00:00,68430.0,74182.9,67482.9,72817.7,391.645
2026-03-05 00:00:00+00:00,BTCUSDT_260327,2026-03-27 00:00:00+00:00,72815.6,73911.0,70752.7,71004.2,270.395
2026-03-06 00:00:00+00:00,BTCUSDT_260327,2026-03-27 00:00:00+00:00,71015.1,71521.4,67837.2,68212.0,263.988
2026-03-07 00:00:00+00:00,BTCUSDT_260327,2026-03-27 00:00:00+00:00,68200.4,68647.2,66932.6,67354.2,121.668
2026-03-08 00:00:00+00:00,BTCUSDT_260327,2026-03-27 00:00:00+00:00,67358.8,68279.1,65653.0,66019.8,216.423
2026-03-09 00:00:00+00:00,BTCUSDT_260327,2026-03-27 00:00:00+00:00,66027.7,69637.2,65884.4,68503.7,292.279
2026-03-10 00:00:00+00:00,BTCUSDT_260327,2026-03-27 00:00:00+00:00,68481.9,71900.2,68458.8,70019.5,289.714
2026-03-11 00:00:00+00:00,BTCUSDT_260327,2026-03-27 00:00:00+00:00,70008.2,71409.8,69081.4,70241.2,217.244
2026-03-12 00:00:00+00:00,BTCUSDT_260327,2026-03-27 00:00:00+00:00,70246.8,70893.9,69270.7,70535.4,199.517
2026-03-13 00:00:00+00:00,BTCUSDT_260327,2026-03-27 00:00:00+00:00,70577.3,73972.7,70450.0,71032.9,280.57
2026-03-14 00:00:00+00:00,BTCUSDT_260327,2026-03-27 00:00:00+00:00,70988.7,71386.1,70387.7,71268.7,84.813
2026-03-15 00:00:00+00:00,BTCUSDT_260327,2026-03-27 00:00:00+00:00,71271.9,73271.8,70922.6,72896.3,124.6
2026-03-16 00:00:00+00:00,BTCUSDT_260327,2026-03-27 00:00:00+00:00,72927.5,74985.6,72350.0,74919.1,340.369
2026-03-17 00:00:00+00:00,BTCUSDT_260327,2026-03-27 00:00:00+00:00,74947.7,76102.4,73452.1,73947.5,460.32
2026-03-18 00:00:00+00:00,BTCUSDT_260327,2026-03-27 00:00:00+00:00,73943.9,74748.8,70551.6,71320.1,229.698
2026-03-19 00:00:00+00:00,BTCUSDT_260327,2026-03-27 00:00:00+00:00,71308.2,71689.0,68862.8,69985.1,313.673
2026-03-20 00:00:00+00:00,BTCUSDT_260327,2026-03-27 00:00:00+00:00,69968.7,71416.2,69474.7,70598.0,238.115
2026-03-21 00:00:00+00:00,BTCUSDT_260327,2026-03-27 00:00:00+00:00,70590.9,71160.9,68600.0,68972.7,213.297
2026-03-22 00:00:00+00:00,BTCUSDT_260327,2026-03-27 00:00:00+00:00,68957.1,69640.8,67376.1,67925.9,172.675
2026-03-23 00:00:00+00:00,BTCUSDT_260327,2026-03-27 00:00:00+00:00,67932.8,71854.3,67499.9,70964.4,445.185
2026-03-24 00:00:00+00:00,BTCUSDT_260327,2026-03-27 00:00:00+00:00,70962.7,71457.4,68955.1,70598.1,228.88
2026-03-25 00:00:00+00:00,BTCUSDT_260327,2026-03-27 00:00:00+00:00,70628.1,72073.4,70450.0,71389.8,259.515
2026-03-26 00:00:00+00:00,BTCUSDT_260327,2026-03-27 00:00:00+00:00,71391.1,71479.1,68207.0,68852.1,237.403
2026-03-27 00:00:00+00:00,BTCUSDT_260327,2026-03-27 00:00:00+00:00,68859.0,72000.0,67488.0,69260.0,49.351
2026-03-28 00:00:00+00:00,BTCUSDT_260327,2026-03-27 00:00:00+00:00,69260.0,69260.0,69260.0,69260.0,0.0
2026-03-29 00:00:00+00:00,BTCUSDT_260327,2026-03-27 00:00:00+00:00,69260.0,69260.0,69260.0,69260.0,0.0
2026-03-30 00:00:00+00:00,BTCUSDT_260327,2026-03-27 00:00:00+00:00,69260.0,69260.0,69260.0,69260.0,0.0
2026-03-31 00:00:00+00:00,BTCUSDT_260327,2026-03-27 00:00:00+00:00,69260.0,69260.0,69260.0,69260.0,0.0
2026-04-01 00:00:00+00:00,BTCUSDT_260327,2026-03-27 00:00:00+00:00,69260.0,69260.0,69260.0,69260.0,0.0
2026-04-02 00:00:00+00:00,BTCUSDT_260327,2026-03-27 00:00:00+00:00,69260.0,69260.0,69260.0,69260.0,0.0
2026-04-03 00:00:00+00:00,BTCUSDT_260327,2026-03-27 00:00:00+00:00,69260.0,69260.0,69260.0,69260.0,0.0
2026-04-04 00:00:00+00:00,BTCUSDT_260327,2026-03-27 00:00:00+00:00,69260.0,69260.0,69260.0,69260.0,0.0
2026-04-05 00:00:00+00:00,BTCUSDT_260327,2026-03-27 00:00:00+00:00,69260.0,69260.0,69260.0,69260.0,0.0
2026-04-06 00:00:00+00:00,BTCUSDT_260327,2026-03-27 00:00:00+00:00,69260.0,69260.0,69260.0,69260.0,0.0
2026-04-07 00:00:00+00:00,BTCUSDT_260327,2026-03-27 00:00:00+00:00,69260.0,69260.0,69260.0,69260.0,0.0
2026-04-08 00:00:00+00:00,BTCUSDT_260327,2026-03-27 00:00:00+00:00,69260.0,69260.0,69260.0,69260.0,0.0
2026-04-09 00:00:00+00:00,BTCUSDT_260327,2026-03-27 00:00:00+00:00,69260.0,69260.0,69260.0,69260.0,0.0
2026-04-10 00:00:00+00:00,BTCUSDT_260327,2026-03-27 00:00:00+00:00,69260.0,69260.0,69260.0,69260.0,0.0
2026-04-11 00:00:00+00:00,BTCUSDT_260327,2026-03-27 00:00:00+00:00,69260.0,69260.0,69260.0,69260.0,0.0
2026-04-12 00:00:00+00:00,BTCUSDT_260327,2026-03-27 00:00:00+00:00,69260.0,69260.0,69260.0,69260.0,0.0
2026-04-13 00:00:00+00:00,BTCUSDT_260327,2026-03-27 00:00:00+00:00,69260.0,69260.0,69260.0,69260.0,0.0
2026-04-14 00:00:00+00:00,BTCUSDT_260327,2026-03-27 00:00:00+00:00,69260.0,69260.0,69260.0,69260.0,0.0
2026-04-15 00:00:00+00:00,BTCUSDT_260327,2026-03-27 00:00:00+00:00,69260.0,69260.0,69260.0,69260.0,0.0
2026-04-16 00:00:00+00:00,BTCUSDT_260327,2026-03-27 00:00:00+00:00,69260.0,69260.0,69260.0,69260.0,0.0
2025-12-26 00:00:00+00:00,BTCUSDT_260626,2026-06-26 00:00:00+00:00,92575.7,92575.7,88598.4,89431.7,80.512
2025-12-27 00:00:00+00:00,BTCUSDT_260626,2026-06-26 00:00:00+00:00,89446.8,90543.1,89302.0,90159.4,40.387
2025-12-28 00:00:00+00:00,BTCUSDT_260626,2026-06-26 00:00:00+00:00,90159.4,90390.5,89651.9,90222.2,42.986
2025-12-29 00:00:00+00:00,BTCUSDT_260626,2026-06-26 00:00:00+00:00,90233.0,92700.0,88800.0,89244.8,234.306
2025-12-30 00:00:00+00:00,BTCUSDT_260626,2026-06-26 00:00:00+00:00,89235.9,91316.9,88750.0,90363.3,144.562
2025-12-31 00:00:00+00:00,BTCUSDT_260626,2026-06-26 00:00:00+00:00,90332.5,91014.6,89034.0,89466.8,80.685
2026-01-01 00:00:00+00:00,BTCUSDT_260626,2026-06-26 00:00:00+00:00,89450.0,90777.9,89357.3,90658.2,43.941
2026-01-02 00:00:00+00:00,BTCUSDT_260626,2026-06-26 00:00:00+00:00,90684.4,92916.2,90188.8,91872.9,145.009
2026-01-03 00:00:00+00:00,BTCUSDT_260626,2026-06-26 00:00:00+00:00,91894.3,92730.5,91187.0,92604.6,56.0
2026-01-04 00:00:00+00:00,BTCUSDT_260626,2026-06-26 00:00:00+00:00,92632.8,93973.8,92625.9,93693.9,88.266
2026-01-05 00:00:00+00:00,BTCUSDT_260626,2026-06-26 00:00:00+00:00,93708.7,97171.1,93701.3,96033.6,160.936
2026-01-06 00:00:00+00:00,BTCUSDT_260626,2026-06-26 00:00:00+00:00,96033.6,96693.3,93415.0,95977.4,156.323
2026-01-07 00:00:00+00:00,BTCUSDT_260626,2026-06-26 00:00:00+00:00,95953.0,95967.6,92753.9,93535.3,88.624
2026-01-08 00:00:00+00:00,BTCUSDT_260626,2026-06-26 00:00:00+00:00,93549.0,93836.9,91372.7,93220.6,108.131
2026-01-09 00:00:00+00:00,BTCUSDT_260626,2026-06-26 00:00:00+00:00,93217.9,94175.3,91723.2,92684.9,85.611
2026-01-10 00:00:00+00:00,BTCUSDT_260626,2026-06-26 00:00:00+00:00,92661.8,92882.7,92372.6,92516.6,26.513
2026-01-11 00:00:00+00:00,BTCUSDT_260626,2026-06-26 00:00:00+00:00,92518.3,93377.5,92260.7,93090.1,33.144
2026-01-12 00:00:00+00:00,BTCUSDT_260626,2026-06-26 00:00:00+00:00,93069.9,94665.8,92179.5,93367.0,142.183
2026-01-13 00:00:00+00:00,BTCUSDT_260626,2026-06-26 00:00:00+00:00,93351.5,98997.9,93105.6,97597.5,189.786
2026-01-14 00:00:00+00:00,BTCUSDT_260626,2026-06-26 00:00:00+00:00,97596.5,100184.2,96754.3,99082.9,179.462
2026-01-15 00:00:00+00:00,BTCUSDT_260626,2026-06-26 00:00:00+00:00,99064.6,99400.0,97181.8,97727.6,94.408
2026-01-16 00:00:00+00:00,BTCUSDT_260626,2026-06-26 00:00:00+00:00,97769.7,98000.0,96378.7,97688.9,69.936
2026-01-17 00:00:00+00:00,BTCUSDT_260626,2026-06-26 00:00:00+00:00,97702.6,97796.6,97125.0,97261.0,37.957
2026-01-18 00:00:00+00:00,BTCUSDT_260626,2026-06-26 00:00:00+00:00,97271.7,97691.6,95555.0,95724.5,40.246
2026-01-19 00:00:00+00:00,BTCUSDT_260626,2026-06-26 00:00:00+00:00,95712.2,95712.2,94000.0,94583.8,102.031
2026-01-20 00:00:00+00:00,BTCUSDT_260626,2026-06-26 00:00:00+00:00,94565.3,94859.7,89642.7,90196.5,209.998
2026-01-21 00:00:00+00:00,BTCUSDT_260626,2026-06-26 00:00:00+00:00,90206.1,92344.6,88924.1,91218.5,182.677
2026-01-22 00:00:00+00:00,BTCUSDT_260626,2026-06-26 00:00:00+00:00,91186.3,92099.3,90253.7,91325.0,60.408
2026-01-23 00:00:00+00:00,BTCUSDT_260626,2026-06-26 00:00:00+00:00,91309.3,93004.8,90230.0,91401.1,55.373
2026-01-24 00:00:00+00:00,BTCUSDT_260626,2026-06-26 00:00:00+00:00,91372.8,91699.9,90892.1,90951.4,22.827
2026-01-25 00:00:00+00:00,BTCUSDT_260626,2026-06-26 00:00:00+00:00,90933.5,91035.0,87713.8,88345.5,68.219
2026-01-26 00:00:00+00:00,BTCUSDT_260626,2026-06-26 00:00:00+00:00,88335.8,90535.0,88200.0,90008.3,91.069
2026-01-27 00:00:00+00:00,BTCUSDT_260626,2026-06-26 00:00:00+00:00,90051.1,91159.8,88878.9,90873.0,59.685
2026-01-28 00:00:00+00:00,BTCUSDT_260626,2026-06-26 00:00:00+00:00,90914.0,92321.0,90454.4,90895.4,100.187
2026-01-29 00:00:00+00:00,BTCUSDT_260626,2026-06-26 00:00:00+00:00,90925.5,90969.3,84839.4,86119.0,173.97
2026-01-30 00:00:00+00:00,BTCUSDT_260626,2026-06-26 00:00:00+00:00,86111.1,86212.1,82327.5,85849.8,223.609
2026-01-31 00:00:00+00:00,BTCUSDT_260626,2026-06-26 00:00:00+00:00,85845.4,85861.1,76627.5,79975.0,330.271
2026-02-01 00:00:00+00:00,BTCUSDT_260626,2026-06-26 00:00:00+00:00,79979.0,80628.9,76868.2,78188.1,162.2
2026-02-02 00:00:00+00:00,BTCUSDT_260626,2026-06-26 00:00:00+00:00,78186.6,80514.9,75728.7,79873.7,159.042
2026-02-03 00:00:00+00:00,BTCUSDT_260626,2026-06-26 00:00:00+00:00,79858.6,80344.8,74102.8,77034.5,158.44
2026-02-04 00:00:00+00:00,BTCUSDT_260626,2026-06-26 00:00:00+00:00,77027.0,78285.7,73006.1,74358.3,158.34
2026-02-05 00:00:00+00:00,BTCUSDT_260626,2026-06-26 00:00:00+00:00,74325.6,74518.3,63219.4,63757.8,445.608
2026-02-06 00:00:00+00:00,BTCUSDT_260626,2026-06-26 00:00:00+00:00,63767.5,72613.5,60448.6,71410.7,446.394
2026-02-07 00:00:00+00:00,BTCUSDT_260626,2026-06-26 00:00:00+00:00,71417.4,72570.9,68162.0,70305.6,212.368
2026-02-08 00:00:00+00:00,BTCUSDT_260626,2026-06-26 00:00:00+00:00,70305.7,73369.2,69904.5,71372.6,166.044
2026-02-09 00:00:00+00:00,BTCUSDT_260626,2026-06-26 00:00:00+00:00,71365.2,72471.6,69300.0,71114.4,260.146
2026-02-10 00:00:00+00:00,BTCUSDT_260626,2026-06-26 00:00:00+00:00,71114.9,71503.8,68833.4,69728.3,136.497
2026-02-11 00:00:00+00:00,BTCUSDT_260626,2026-06-26 00:00:00+00:00,69754.2,70200.0,66445.4,67908.2,214.769
2026-02-12 00:00:00+00:00,BTCUSDT_260626,2026-06-26 00:00:00+00:00,67902.0,69200.6,65922.3,67058.6,181.525
2026-02-13 00:00:00+00:00,BTCUSDT_260626,2026-06-26 00:00:00+00:00,67041.7,70311.6,66650.6,69642.3,232.0
2026-02-14 00:00:00+00:00,BTCUSDT_260626,2026-06-26 00:00:00+00:00,69627.8,71313.2,69500.0,70572.2,167.197
2026-02-15 00:00:00+00:00,BTCUSDT_260626,2026-06-26 00:00:00+00:00,70557.7,71748.6,68944.3,69675.2,242.391
2026-02-16 00:00:00+00:00,BTCUSDT_260626,2026-06-26 00:00:00+00:00,69635.8,70957.8,68110.0,69654.2,96.174
2026-02-17 00:00:00+00:00,BTCUSDT_260626,2026-06-26 00:00:00+00:00,69689.5,70006.3,67427.9,68357.8,278.471
2026-02-18 00:00:00+00:00,BTCUSDT_260626,2026-06-26 00:00:00+00:00,68371.6,69304.9,66661.5,67248.3,163.694
2026-02-19 00:00:00+00:00,BTCUSDT_260626,2026-06-26 00:00:00+00:00,67248.3,68086.4,66392.8,67855.8,227.438
2026-02-20 00:00:00+00:00,BTCUSDT_260626,2026-06-26 00:00:00+00:00,67819.1,69154.8,67296.5,68868.9,287.135
2026-02-21 00:00:00+00:00,BTCUSDT_260626,2026-06-26 00:00:00+00:00,68880.3,69587.9,68390.7,68889.7,70.778
2026-02-22 00:00:00+00:00,BTCUSDT_260626,2026-06-26 00:00:00+00:00,68846.8,69132.2,68059.6,68600.0,100.683
2026-02-23 00:00:00+00:00,BTCUSDT_260626,2026-06-26 00:00:00+00:00,68530.1,68554.4,64616.6,65397.1,295.314
2026-02-24 00:00:00+00:00,BTCUSDT_260626,2026-06-26 00:00:00+00:00,65382.4,65739.3,63190.5,64733.4,177.811
2026-02-25 00:00:00+00:00,BTCUSDT_260626,2026-06-26 00:00:00+00:00,64741.8,70642.1,64588.3,68550.8,562.79
2026-02-26 00:00:00+00:00,BTCUSDT_260626,2026-06-26 00:00:00+00:00,68594.6,69485.4,67086.7,68032.7,142.238
2026-02-27 00:00:00+00:00,BTCUSDT_260626,2026-06-26 00:00:00+00:00,68032.7,68836.3,65521.0,66520.8,429.726
2026-02-28 00:00:00+00:00,BTCUSDT_260626,2026-06-26 00:00:00+00:00,66512.8,68437.4,63603.7,67605.3,247.151
2026-03-01 00:00:00+00:00,BTCUSDT_260626,2026-06-26 00:00:00+00:00,67599.0,68877.3,65600.0,66389.0,227.095
2026-03-02 00:00:00+00:00,BTCUSDT_260626,2026-06-26 00:00:00+00:00,66415.1,70759.8,65857.0,69411.1,277.975
2026-03-03 00:00:00+00:00,BTCUSDT_260626,2026-06-26 00:00:00+00:00,69421.6,69850.6,66760.1,68802.7,405.621
2026-03-04 00:00:00+00:00,BTCUSDT_260626,2026-06-26 00:00:00+00:00,68843.5,74775.5,67882.9,73370.3,430.45
2026-03-05 00:00:00+00:00,BTCUSDT_260626,2026-06-26 00:00:00+00:00,73394.1,74231.6,71279.4,71495.9,210.654
2026-03-06 00:00:00+00:00,BTCUSDT_260626,2026-06-26 00:00:00+00:00,71501.3,72045.1,68227.8,68602.2,230.976
2026-03-07 00:00:00+00:00,BTCUSDT_260626,2026-06-26 00:00:00+00:00,68620.0,69076.7,67388.2,67726.9,68.441
2026-03-08 00:00:00+00:00,BTCUSDT_260626,2026-06-26 00:00:00+00:00,67738.9,68648.7,66000.0,66365.3,117.936
2026-03-09 00:00:00+00:00,BTCUSDT_260626,2026-06-26 00:00:00+00:00,66333.7,70128.7,66265.5,68973.1,246.096
2026-03-10 00:00:00+00:00,BTCUSDT_260626,2026-06-26 00:00:00+00:00,68962.7,72367.9,68938.1,70509.7,199.647
2026-03-11 00:00:00+00:00,BTCUSDT_260626,2026-06-26 00:00:00+00:00,70498.0,71885.1,69533.7,70707.9,174.282
2026-03-12 00:00:00+00:00,BTCUSDT_260626,2026-06-26 00:00:00+00:00,70730.2,71373.6,69750.0,71024.8,141.457
2026-03-13 00:00:00+00:00,BTCUSDT_260626,2026-06-26 00:00:00+00:00,71021.4,74475.4,70916.9,71440.0,289.334
2026-03-14 00:00:00+00:00,BTCUSDT_260626,2026-06-26 00:00:00+00:00,71407.9,71812.9,70820.7,71682.6,75.325
2026-03-15 00:00:00+00:00,BTCUSDT_260626,2026-06-26 00:00:00+00:00,71650.9,73655.0,71312.8,73275.8,112.118
2026-03-16 00:00:00+00:00,BTCUSDT_260626,2026-06-26 00:00:00+00:00,73275.8,75408.0,72720.0,75354.4,399.628
2026-03-17 00:00:00+00:00,BTCUSDT_260626,2026-06-26 00:00:00+00:00,75362.4,76577.0,73900.0,74420.2,341.784
2026-03-18 00:00:00+00:00,BTCUSDT_260626,2026-06-26 00:00:00+00:00,74427.0,75200.0,70901.7,71674.8,274.377
2026-03-19 00:00:00+00:00,BTCUSDT_260626,2026-06-26 00:00:00+00:00,71687.8,72050.0,69262.0,70360.5,187.911
2026-03-20 00:00:00+00:00,BTCUSDT_260626,2026-06-26 00:00:00+00:00,70362.8,71840.0,69857.9,70971.4,195.59
2026-03-21 00:00:00+00:00,BTCUSDT_260626,2026-06-26 00:00:00+00:00,70981.1,71544.3,69000.0,69360.1,110.341
2026-03-22 00:00:00+00:00,BTCUSDT_260626,2026-06-26 00:00:00+00:00,69348.9,69945.9,67675.9,68219.0,238.058
2026-03-23 00:00:00+00:00,BTCUSDT_260626,2026-06-26 00:00:00+00:00,68226.2,72207.0,67800.0,71364.5,338.702
2026-03-24 00:00:00+00:00,BTCUSDT_260626,2026-06-26 00:00:00+00:00,71352.8,71840.0,69338.8,70958.5,177.99
2026-03-25 00:00:00+00:00,BTCUSDT_260626,2026-06-26 00:00:00+00:00,70991.1,72375.8,70820.0,71666.1,296.298
2026-03-26 00:00:00+00:00,BTCUSDT_260626,2026-06-26 00:00:00+00:00,71666.1,71793.6,68460.7,69182.7,381.368
2026-03-27 00:00:00+00:00,BTCUSDT_260626,2026-06-26 00:00:00+00:00,69178.1,69482.8,65872.7,66734.0,664.875
2026-03-28 00:00:00+00:00,BTCUSDT_260626,2026-06-26 00:00:00+00:00,66734.0,67623.2,66254.3,66711.1,424.745
2026-03-29 00:00:00+00:00,BTCUSDT_260626,2026-06-26 00:00:00+00:00,66704.0,67450.0,65282.3,66305.5,302.711
2026-03-30 00:00:00+00:00,BTCUSDT_260626,2026-06-26 00:00:00+00:00,66331.5,68500.1,66079.2,67150.0,428.302
2026-03-31 00:00:00+00:00,BTCUSDT_260626,2026-06-26 00:00:00+00:00,67165.7,68882.4,66350.0,68571.2,663.236
2026-04-01 00:00:00+00:00,BTCUSDT_260626,2026-06-26 00:00:00+00:00,68510.5,69594.6,67850.0,68390.0,387.856
2026-04-02 00:00:00+00:00,BTCUSDT_260626,2026-06-26 00:00:00+00:00,68375.7,68935.9,65940.8,67161.7,316.183
2026-04-03 00:00:00+00:00,BTCUSDT_260626,2026-06-26 00:00:00+00:00,67178.4,67641.2,66537.5,67262.7,134.324
2026-04-04 00:00:00+00:00,BTCUSDT_260626,2026-06-26 00:00:00+00:00,67262.7,67850.2,67062.8,67556.9,62.128
2026-04-05 00:00:00+00:00,BTCUSDT_260626,2026-06-26 00:00:00+00:00,67577.3,69417.6,66915.0,69308.2,139.588
2026-04-06 00:00:00+00:00,BTCUSDT_260626,2026-06-26 00:00:00+00:00,69324.1,70720.5,68664.7,69226.6,266.667
2026-04-07 00:00:00+00:00,BTCUSDT_260626,2026-06-26 00:00:00+00:00,69200.0,73088.4,68132.6,72235.1,347.315
2026-04-08 00:00:00+00:00,BTCUSDT_260626,2026-06-26 00:00:00+00:00,72235.0,73199.8,71031.3,71325.0,222.11
2026-04-09 00:00:00+00:00,BTCUSDT_260626,2026-06-26 00:00:00+00:00,71300.0,73402.5,70666.8,72053.2,219.056
2026-04-10 00:00:00+00:00,BTCUSDT_260626,2026-06-26 00:00:00+00:00,72022.4,73695.4,71677.1,73202.8,166.882
2026-04-11 00:00:00+00:00,BTCUSDT_260626,2026-06-26 00:00:00+00:00,73209.1,73968.6,72710.5,73220.2,127.692
2026-04-12 00:00:00+00:00,BTCUSDT_260626,2026-06-26 00:00:00+00:00,73198.6,73308.2,70600.3,70885.5,145.715
2026-04-13 00:00:00+00:00,BTCUSDT_260626,2026-06-26 00:00:00+00:00,70888.6,75004.3,70739.3,74547.4,250.947
2026-04-14 00:00:00+00:00,BTCUSDT_260626,2026-06-26 00:00:00+00:00,74558.7,76179.8,73998.1,74332.4,311.747
2026-04-15 00:00:00+00:00,BTCUSDT_260626,2026-06-26 00:00:00+00:00,74321.5,75573.2,73726.2,74957.1,260.735
2026-04-16 00:00:00+00:00,BTCUSDT_260626,2026-06-26 00:00:00+00:00,74975.0,75678.6,73468.1,75324.0,211.161
2026-04-17 00:00:00+00:00,BTCUSDT_260626,2026-06-26 00:00:00+00:00,75275.0,78454.7,74730.3,77204.3,303.13
2026-04-18 00:00:00+00:00,BTCUSDT_260626,2026-06-26 00:00:00+00:00,77155.7,77558.0,75616.9,75888.8,139.617
2026-04-19 00:00:00+00:00,BTCUSDT_260626,2026-06-26 00:00:00+00:00,75881.8,76380.0,73880.0,73941.8,160.475
2026-04-20 00:00:00+00:00,BTCUSDT_260626,2026-06-26 00:00:00+00:00,73933.3,76600.4,73848.6,75870.5,217.205
2026-04-21 00:00:00+00:00,BTCUSDT_260626,2026-06-26 00:00:00+00:00,75876.8,76985.0,74925.8,76404.1,218.925
2026-04-22 00:00:00+00:00,BTCUSDT_260626,2026-06-26 00:00:00+00:00,76426.0,79489.4,76211.4,78181.7,236.38
2026-04-23 00:00:00+00:00,BTCUSDT_260626,2026-06-26 00:00:00+00:00,78203.1,78711.9,77022.0,78322.7,255.835
2026-04-24 00:00:00+00:00,BTCUSDT_260626,2026-06-26 00:00:00+00:00,78348.4,78648.4,77311.1,77525.0,150.409
2026-04-25 00:00:00+00:00,BTCUSDT_260626,2026-06-26 00:00:00+00:00,77513.9,77964.4,77176.1,77669.9,58.224
2026-04-26 00:00:00+00:00,BTCUSDT_260626,2026-06-26 00:00:00+00:00,77666.4,79040.4,77388.2,78707.1,160.374
2026-04-27 00:00:00+00:00,BTCUSDT_260626,2026-06-26 00:00:00+00:00,78720.2,79554.0,76544.5,77461.2,208.625
2026-04-28 00:00:00+00:00,BTCUSDT_260626,2026-06-26 00:00:00+00:00,77463.6,77555.6,75719.3,76441.3,116.586
2026-04-29 00:00:00+00:00,BTCUSDT_260626,2026-06-26 00:00:00+00:00,76415.1,77954.8,75020.2,75916.5,422.052
2026-04-30 00:00:00+00:00,BTCUSDT_260626,2026-06-26 00:00:00+00:00,75910.0,76720.6,75407.7,76430.0,121.462
2026-05-01 00:00:00+00:00,BTCUSDT_260626,2026-06-26 00:00:00+00:00,76455.7,78994.5,76423.8,78330.4,177.249
2026-05-02 00:00:00+00:00,BTCUSDT_260626,2026-06-26 00:00:00+00:00,78335.9,79277.3,78129.9,78773.5,51.914
2026-05-03 00:00:00+00:00,BTCUSDT_260626,2026-06-26 00:00:00+00:00,78783.2,79531.6,78153.2,78655.3,156.283
2026-05-04 00:00:00+00:00,BTCUSDT_260626,2026-06-26 00:00:00+00:00,78664.4,80835.6,78332.3,79944.2,354.118
2026-05-05 00:00:00+00:00,BTCUSDT_260626,2026-06-26 00:00:00+00:00,79928.8,81854.6,79877.5,80977.8,216.881
2026-05-06 00:00:00+00:00,BTCUSDT_260626,2026-06-26 00:00:00+00:00,80953.2,82924.4,80800.0,81563.6,265.681
2026-05-07 00:00:00+00:00,BTCUSDT_260626,2026-06-26 00:00:00+00:00,81565.1,81823.8,79609.8,80103.5,139.618
2026-05-08 00:00:00+00:00,BTCUSDT_260626,2026-06-26 00:00:00+00:00,80112.1,80619.2,79300.1,80331.1,113.991
2026-05-09 00:00:00+00:00,BTCUSDT_260626,2026-06-26 00:00:00+00:00,80340.2,81178.2,80252.7,80787.2,63.596
2026-05-10 00:00:00+00:00,BTCUSDT_260626,2026-06-26 00:00:00+00:00,80795.2,82523.6,80307.0,82294.8,204.288
2026-05-11 00:00:00+00:00,BTCUSDT_260626,2026-06-26 00:00:00+00:00,82290.2,82431.9,80551.0,81854.0,141.204
2026-05-12 00:00:00+00:00,BTCUSDT_260626,2026-06-26 00:00:00+00:00,81854.4,81876.4,79979.5,80630.3,107.238
2026-05-13 00:00:00+00:00,BTCUSDT_260626,2026-06-26 00:00:00+00:00,80633.9,81423.4,78915.5,79469.1,177.316
2026-05-14 00:00:00+00:00,BTCUSDT_260626,2026-06-26 00:00:00+00:00,79467.7,82098.0,79071.6,81136.8,184.825
2026-05-15 00:00:00+00:00,BTCUSDT_260626,2026-06-26 00:00:00+00:00,81146.6,81796.8,78655.1,79186.8,225.866
2026-05-16 00:00:00+00:00,BTCUSDT_260626,2026-06-26 00:00:00+00:00,79179.5,79298.6,77762.8,78219.8,270.036
2026-05-17 00:00:00+00:00,BTCUSDT_260626,2026-06-26 00:00:00+00:00,78218.7,78682.9,76815.5,77574.6,135.268
2026-05-18 00:00:00+00:00,BTCUSDT_260626,2026-06-26 00:00:00+00:00,77552.4,77861.7,76131.7,77094.6,218.585
2026-05-19 00:00:00+00:00,BTCUSDT_260626,2026-06-26 00:00:00+00:00,77107.0,77509.9,76241.5,76945.9,119.722
2026-05-20 00:00:00+00:00,BTCUSDT_260626,2026-06-26 00:00:00+00:00,76934.3,77970.8,76621.5,77670.8,169.984
2026-05-21 00:00:00+00:00,BTCUSDT_260626,2026-06-26 00:00:00+00:00,77679.2,78278.1,76825.5,77757.5,256.238
2026-05-22 00:00:00+00:00,BTCUSDT_260626,2026-06-26 00:00:00+00:00,77770.5,78031.2,75466.2,75686.3,138.462
2026-05-23 00:00:00+00:00,BTCUSDT_260626,2026-06-26 00:00:00+00:00,75663.1,77469.2,74387.0,76832.5,252.393
2026-05-24 00:00:00+00:00,BTCUSDT_260626,2026-06-26 00:00:00+00:00,76837.7,77624.1,76241.5,77189.2,109.633
2026-05-25 00:00:00+00:00,BTCUSDT_260626,2026-06-26 00:00:00+00:00,77202.9,78022.7,77042.9,77510.9,93.277
2026-05-26 00:00:00+00:00,BTCUSDT_260626,2026-06-26 00:00:00+00:00,77462.7,78180.2,75837.3,76071.7,204.763
2026-05-27 00:00:00+00:00,BTCUSDT_260626,2026-06-26 00:00:00+00:00,76096.2,76332.0,74431.1,74633.2,215.259
2026-05-28 00:00:00+00:00,BTCUSDT_260626,2026-06-26 00:00:00+00:00,74623.4,74780.9,72738.7,73798.7,269.76
2026-05-29 00:00:00+00:00,BTCUSDT_260626,2026-06-26 00:00:00+00:00,73776.4,74450.7,72680.6,73597.0,272.816
2026-05-30 00:00:00+00:00,BTCUSDT_260626,2026-06-26 00:00:00+00:00,73600.0,74298.9,73334.9,74000.5,68.777
2026-05-31 00:00:00+00:00,BTCUSDT_260626,2026-06-26 00:00:00+00:00,74026.8,74399.4,73540.1,73793.5,83.724
2026-06-01 00:00:00+00:00,BTCUSDT_260626,2026-06-26 00:00:00+00:00,73829.3,74230.3,70836.3,71560.6,370.883
2026-06-02 00:00:00+00:00,BTCUSDT_260626,2026-06-26 00:00:00+00:00,71569.4,71571.0,66322.0,66868.9,548.595
2026-06-03 00:00:00+00:00,BTCUSDT_260626,2026-06-26 00:00:00+00:00,66877.6,67631.8,64188.8,64230.7,452.958
2026-06-04 00:00:00+00:00,BTCUSDT_260626,2026-06-26 00:00:00+00:00,64238.8,64871.9,61450.0,63988.2,630.274
2026-06-05 00:00:00+00:00,BTCUSDT_260626,2026-06-26 00:00:00+00:00,63944.7,64081.3,59205.9,61163.3,788.597
2026-06-06 00:00:00+00:00,BTCUSDT_260626,2026-06-26 00:00:00+00:00,61170.0,61650.0,59612.4,60983.3,517.372
2026-06-07 00:00:00+00:00,BTCUSDT_260626,2026-06-26 00:00:00+00:00,60966.5,64669.4,60850.8,63424.3,364.253
2026-06-08 00:00:00+00:00,BTCUSDT_260626,2026-06-26 00:00:00+00:00,63411.4,64297.4,62521.0,63185.0,345.76
2026-06-09 00:00:00+00:00,BTCUSDT_260626,2026-06-26 00:00:00+00:00,63183.5,63600.0,60863.2,61805.3,290.717
2026-06-10 00:00:00+00:00,BTCUSDT_260626,2026-06-26 00:00:00+00:00,61841.0,62964.6,60820.5,61608.6,307.444
2026-06-11 00:00:00+00:00,BTCUSDT_260626,2026-06-26 00:00:00+00:00,61607.6,63999.0,61601.9,63695.9,268.566
2026-06-12 00:00:00+00:00,BTCUSDT_260626,2026-06-26 00:00:00+00:00,63701.7,64448.7,62922.7,63640.1,237.195
2026-06-13 00:00:00+00:00,BTCUSDT_260626,2026-06-26 00:00:00+00:00,63642.4,64810.1,63478.2,64490.4,162.802
2026-06-14 00:00:00+00:00,BTCUSDT_260626,2026-06-26 00:00:00+00:00,64464.3,65842.6,63737.4,65795.8,172.517
2026-06-15 00:00:00+00:00,BTCUSDT_260626,2026-06-26 00:00:00+00:00,65794.4,67328.2,65404.0,66367.1,252.189
2026-06-16 00:00:00+00:00,BTCUSDT_260626,2026-06-26 00:00:00+00:00,66344.5,67019.2,65417.3,65711.9,191.535
2026-06-17 00:00:00+00:00,BTCUSDT_260626,2026-06-26 00:00:00+00:00,65720.0,66469.4,63964.1,64515.9,365.518
2026-06-18 00:00:00+00:00,BTCUSDT_260626,2026-06-26 00:00:00+00:00,64548.6,64889.7,62293.2,62997.8,251.633
2026-06-19 00:00:00+00:00,BTCUSDT_260626,2026-06-26 00:00:00+00:00,62974.1,63688.1,62350.0,63562.6,148.361
2026-06-20 00:00:00+00:00,BTCUSDT_260626,2026-06-26 00:00:00+00:00,63559.5,64380.2,63200.8,64310.6,180.946
2026-06-21 00:00:00+00:00,BTCUSDT_260626,2026-06-26 00:00:00+00:00,64294.1,64580.9,63278.5,63310.0,137.322
2026-06-22 00:00:00+00:00,BTCUSDT_260626,2026-06-26 00:00:00+00:00,63364.0,65623.9,63356.3,64033.7,284.579
2026-06-23 00:00:00+00:00,BTCUSDT_260626,2026-06-26 00:00:00+00:00,64026.9,64287.6,61911.0,62734.0,201.753
2026-06-24 00:00:00+00:00,BTCUSDT_260626,2026-06-26 00:00:00+00:00,62727.7,63274.0,59082.1,61076.8,411.261
2026-06-25 00:00:00+00:00,BTCUSDT_260626,2026-06-26 00:00:00+00:00,61076.8,61935.0,58124.5,59805.0,573.242
2026-06-26 00:00:00+00:00,BTCUSDT_260626,2026-06-26 00:00:00+00:00,59803.6,63636.3,57600.0,59681.2,189.824
2026-03-27 00:00:00+00:00,BTCUSDT_260925,2026-09-25 00:00:00+00:00,68915.0,70497.0,66365.3,67386.0,243.746
2026-03-28 00:00:00+00:00,BTCUSDT_260925,2026-09-25 00:00:00+00:00,67389.8,68262.0,66879.6,67306.6,102.28
2026-03-29 00:00:00+00:00,BTCUSDT_260925,2026-09-25 00:00:00+00:00,67290.6,68063.5,65856.4,66848.2,100.678
2026-03-30 00:00:00+00:00,BTCUSDT_260925,2026-09-25 00:00:00+00:00,66882.2,69131.9,66631.5,67714.1,126.537
2026-03-31 00:00:00+00:00,BTCUSDT_260925,2026-09-25 00:00:00+00:00,67741.2,69640.7,66900.0,69216.4,231.803
2026-04-01 00:00:00+00:00,BTCUSDT_260925,2026-09-25 00:00:00+00:00,69187.7,70268.4,68493.1,69025.4,151.172
2026-04-02 00:00:00+00:00,BTCUSDT_260925,2026-09-25 00:00:00+00:00,69068.5,69623.2,66604.3,67826.7,160.151
2026-04-03 00:00:00+00:00,BTCUSDT_260925,2026-09-25 00:00:00+00:00,67832.9,68300.4,67167.0,67921.1,78.539
2026-04-04 00:00:00+00:00,BTCUSDT_260925,2026-09-25 00:00:00+00:00,67939.9,68514.6,67756.6,68256.7,43.047
2026-04-05 00:00:00+00:00,BTCUSDT_260925,2026-09-25 00:00:00+00:00,68237.8,70118.8,67579.4,69984.0,126.137
2026-04-06 00:00:00+00:00,BTCUSDT_260925,2026-09-25 00:00:00+00:00,70000.0,71378.9,69342.1,69901.9,177.087
2026-04-07 00:00:00+00:00,BTCUSDT_260925,2026-09-25 00:00:00+00:00,69881.1,73750.0,68782.3,72929.0,211.314
2026-04-08 00:00:00+00:00,BTCUSDT_260925,2026-09-25 00:00:00+00:00,72942.1,73881.9,71695.6,72006.7,135.292
2026-04-09 00:00:00+00:00,BTCUSDT_260925,2026-09-25 00:00:00+00:00,71992.7,74024.9,71387.2,72658.2,185.022
2026-04-10 00:00:00+00:00,BTCUSDT_260925,2026-09-25 00:00:00+00:00,72646.8,74361.6,72311.0,73870.3,170.945
2026-04-11 00:00:00+00:00,BTCUSDT_260925,2026-09-25 00:00:00+00:00,73891.0,74598.6,73354.7,73798.4,86.905
2026-04-12 00:00:00+00:00,BTCUSDT_260925,2026-09-25 00:00:00+00:00,73782.3,73916.6,71190.7,71394.3,121.977
2026-04-13 00:00:00+00:00,BTCUSDT_260925,2026-09-25 00:00:00+00:00,71338.5,75551.9,71288.1,75057.1,205.066
2026-04-14 00:00:00+00:00,BTCUSDT_260925,2026-09-25 00:00:00+00:00,75068.6,76741.2,74580.0,74931.5,235.582
2026-04-15 00:00:00+00:00,BTCUSDT_260925,2026-09-25 00:00:00+00:00,74914.5,76250.0,74244.5,75565.8,135.161
2026-04-16 00:00:00+00:00,BTCUSDT_260925,2026-09-25 00:00:00+00:00,75586.3,76264.8,74061.5,75913.8,138.489
2026-04-17 00:00:00+00:00,BTCUSDT_260925,2026-09-25 00:00:00+00:00,75877.3,79051.5,75298.6,77775.3,385.625
2026-04-18 00:00:00+00:00,BTCUSDT_260925,2026-09-25 00:00:00+00:00,77730.5,78098.0,76205.9,76493.0,100.791
2026-04-19 00:00:00+00:00,BTCUSDT_260925,2026-09-25 00:00:00+00:00,76482.0,76955.3,74500.3,74545.4,116.078
2026-04-20 00:00:00+00:00,BTCUSDT_260925,2026-09-25 00:00:00+00:00,74526.8,77192.2,74471.6,76414.9,157.422
2026-04-21 00:00:00+00:00,BTCUSDT_260925,2026-09-25 00:00:00+00:00,76416.4,77500.0,75439.0,76927.1,193.556
2026-04-22 00:00:00+00:00,BTCUSDT_260925,2026-09-25 00:00:00+00:00,76927.1,80000.0,76709.2,78682.6,225.942
2026-04-23 00:00:00+00:00,BTCUSDT_260925,2026-09-25 00:00:00+00:00,78680.5,79243.0,77511.1,78850.0,128.846
2026-04-24 00:00:00+00:00,BTCUSDT_260925,2026-09-25 00:00:00+00:00,78872.6,79166.6,77846.8,78024.8,119.007
2026-04-25 00:00:00+00:00,BTCUSDT_260925,2026-09-25 00:00:00+00:00,78036.1,78475.0,77722.6,78188.8,40.743
2026-04-26 00:00:00+00:00,BTCUSDT_260925,2026-09-25 00:00:00+00:00,78195.6,79523.1,77880.1,79185.9,61.844
2026-04-27 00:00:00+00:00,BTCUSDT_260925,2026-09-25 00:00:00+00:00,79222.5,80059.0,77029.3,77936.4,138.662
2026-04-28 00:00:00+00:00,BTCUSDT_260925,2026-09-25 00:00:00+00:00,77951.3,78050.0,76154.1,76879.6,79.652
2026-04-29 00:00:00+00:00,BTCUSDT_260925,2026-09-25 00:00:00+00:00,76866.1,78451.4,75489.9,76388.0,137.398
2026-04-30 00:00:00+00:00,BTCUSDT_260925,2026-09-25 00:00:00+00:00,76374.9,77126.7,75922.0,76856.7,98.318
2026-05-01 00:00:00+00:00,BTCUSDT_260925,2026-09-25 00:00:00+00:00,76875.5,79463.4,76855.8,78781.2,144.263
2026-05-02 00:00:00+00:00,BTCUSDT_260925,2026-09-25 00:00:00+00:00,78766.2,79700.0,78565.9,79193.2,38.301
2026-05-03 00:00:00+00:00,BTCUSDT_260925,2026-09-25 00:00:00+00:00,79226.7,79998.7,78585.8,79085.4,64.986
2026-05-04 00:00:00+00:00,BTCUSDT_260925,2026-09-25 00:00:00+00:00,79084.7,81633.2,78774.9,80385.1,253.993
2026-05-05 00:00:00+00:00,BTCUSDT_260925,2026-09-25 00:00:00+00:00,80409.3,82369.8,80366.0,81457.4,195.755
2026-05-06 00:00:00+00:00,BTCUSDT_260925,2026-09-25 00:00:00+00:00,81435.5,83428.6,81264.7,82044.3,171.091
2026-05-07 00:00:00+00:00,BTCUSDT_260925,2026-09-25 00:00:00+00:00,82038.6,82321.4,80135.1,80637.1,103.965
2026-05-08 00:00:00+00:00,BTCUSDT_260925,2026-09-25 00:00:00+00:00,80640.9,81089.9,79845.9,80794.1,69.143
2026-05-09 00:00:00+00:00,BTCUSDT_260925,2026-09-25 00:00:00+00:00,80802.2,81632.2,80692.2,81238.1,52.914
2026-05-10 00:00:00+00:00,BTCUSDT_260925,2026-09-25 00:00:00+00:00,81214.8,83030.6,80768.7,82765.7,78.762
2026-05-11 00:00:00+00:00,BTCUSDT_260925,2026-09-25 00:00:00+00:00,82784.1,82928.5,81026.2,82335.8,125.97
2026-05-12 00:00:00+00:00,BTCUSDT_260925,2026-09-25 00:00:00+00:00,82323.7,82373.5,80457.7,81119.0,68.214
2026-05-13 00:00:00+00:00,BTCUSDT_260925,2026-09-25 00:00:00+00:00,81106.6,81898.4,79419.1,80014.6,86.839
2026-05-14 00:00:00+00:00,BTCUSDT_260925,2026-09-25 00:00:00+00:00,80016.6,82600.0,79587.3,81695.6,103.503
2026-05-15 00:00:00+00:00,BTCUSDT_260925,2026-09-25 00:00:00+00:00,81700.9,82304.2,79276.8,79688.4,77.749
2026-05-16 00:00:00+00:00,BTCUSDT_260925,2026-09-25 00:00:00+00:00,79684.3,79795.8,78250.0,78716.5,67.086
2026-05-17 00:00:00+00:00,BTCUSDT_260925,2026-09-25 00:00:00+00:00,78709.0,79163.0,77278.0,78009.6,62.54
2026-05-18 00:00:00+00:00,BTCUSDT_260925,2026-09-25 00:00:00+00:00,78009.6,78333.0,76602.4,77499.2,112.582
2026-05-19 00:00:00+00:00,BTCUSDT_260925,2026-09-25 00:00:00+00:00,77516.8,77929.6,76741.9,77396.8,154.047
2026-05-20 00:00:00+00:00,BTCUSDT_260925,2026-09-25 00:00:00+00:00,77397.1,78443.4,77105.1,78096.8,119.484
2026-05-21 00:00:00+00:00,BTCUSDT_260925,2026-09-25 00:00:00+00:00,78116.9,78711.3,77217.8,78137.3,130.062
2026-05-22 00:00:00+00:00,BTCUSDT_260925,2026-09-25 00:00:00+00:00,78163.4,78395.7,75807.4,75997.3,89.268
2026-05-23 00:00:00+00:00,BTCUSDT_260925,2026-09-25 00:00:00+00:00,76006.6,77789.7,74687.9,77191.4,129.987
2026-05-24 00:00:00+00:00,BTCUSDT_260925,2026-09-25 00:00:00+00:00,77168.1,78166.0,76632.8,77646.3,122.686
2026-05-25 00:00:00+00:00,BTCUSDT_260925,2026-09-25 00:00:00+00:00,77607.8,78371.9,77445.3,77852.3,59.944
2026-05-26 00:00:00+00:00,BTCUSDT_260925,2026-09-25 00:00:00+00:00,77835.2,78595.8,76272.3,76505.1,127.551
2026-05-27 00:00:00+00:00,BTCUSDT_260925,2026-09-25 00:00:00+00:00,76528.0,76726.3,74863.0,75071.2,72.44
2026-05-28 00:00:00+00:00,BTCUSDT_260925,2026-09-25 00:00:00+00:00,75057.2,75237.1,73156.7,74261.0,125.603
2026-05-29 00:00:00+00:00,BTCUSDT_260925,2026-09-25 00:00:00+00:00,74249.0,74922.1,73134.5,74041.3,126.709
2026-05-30 00:00:00+00:00,BTCUSDT_260925,2026-09-25 00:00:00+00:00,74044.1,74711.3,73770.5,74434.9,44.236
2026-05-31 00:00:00+00:00,BTCUSDT_260925,2026-09-25 00:00:00+00:00,74460.9,74821.8,73925.1,74249.9,44.413
2026-06-01 00:00:00+00:00,BTCUSDT_260925,2026-09-25 00:00:00+00:00,74233.3,74665.1,71273.7,72045.6,129.9
2026-06-02 00:00:00+00:00,BTCUSDT_260925,2026-09-25 00:00:00+00:00,72044.1,72044.1,66747.5,67346.7,240.916
2026-06-03 00:00:00+00:00,BTCUSDT_260925,2026-09-25 00:00:00+00:00,67327.4,68046.9,64597.6,64644.5,200.952
2026-06-04 00:00:00+00:00,BTCUSDT_260925,2026-09-25 00:00:00+00:00,64642.5,65327.5,61848.8,64433.2,553.215
2026-06-05 00:00:00+00:00,BTCUSDT_260925,2026-09-25 00:00:00+00:00,64387.2,64529.3,59672.9,61642.5,682.968
2026-06-06 00:00:00+00:00,BTCUSDT_260925,2026-09-25 00:00:00+00:00,61637.0,62115.0,60150.3,61504.5,309.082
2026-06-07 00:00:00+00:00,BTCUSDT_260925,2026-09-25 00:00:00+00:00,61499.7,64894.8,61360.5,63921.3,194.55
2026-06-08 00:00:00+00:00,BTCUSDT_260925,2026-09-25 00:00:00+00:00,63917.9,64781.1,62973.2,63656.7,182.783
2026-06-09 00:00:00+00:00,BTCUSDT_260925,2026-09-25 00:00:00+00:00,63669.4,64100.2,61340.1,62274.5,176.459
2026-06-10 00:00:00+00:00,BTCUSDT_260925,2026-09-25 00:00:00+00:00,62314.6,63420.0,61294.5,62087.5,170.527
2026-06-11 00:00:00+00:00,BTCUSDT_260925,2026-09-25 00:00:00+00:00,62076.6,64499.0,62072.1,64199.5,156.054
2026-06-12 00:00:00+00:00,BTCUSDT_260925,2026-09-25 00:00:00+00:00,64210.0,64972.8,63438.5,64155.9,164.187
2026-06-13 00:00:00+00:00,BTCUSDT_260925,2026-09-25 00:00:00+00:00,64163.7,65339.8,64000.0,64987.6,52.114
2026-06-14 00:00:00+00:00,BTCUSDT_260925,2026-09-25 00:00:00+00:00,64987.7,66325.5,64225.1,66296.0,80.161
2026-06-15 00:00:00+00:00,BTCUSDT_260925,2026-09-25 00:00:00+00:00,66290.3,67850.7,65900.0,66884.8,229.963
2026-06-16 00:00:00+00:00,BTCUSDT_260925,2026-09-25 00:00:00+00:00,66853.6,67516.7,65909.7,66197.3,112.475
2026-06-17 00:00:00+00:00,BTCUSDT_260925,2026-09-25 00:00:00+00:00,66233.4,66963.4,64454.5,65028.7,208.301
2026-06-18 00:00:00+00:00,BTCUSDT_260925,2026-09-25 00:00:00+00:00,65065.8,65344.0,62752.1,63483.9,148.524
2026-06-19 00:00:00+00:00,BTCUSDT_260925,2026-09-25 00:00:00+00:00,63473.7,64176.0,62837.2,64069.8,105.02
2026-06-20 00:00:00+00:00,BTCUSDT_260925,2026-09-25 00:00:00+00:00,64057.3,64890.5,63702.7,64809.0,92.684
2026-06-21 00:00:00+00:00,BTCUSDT_260925,2026-09-25 00:00:00+00:00,64818.2,65089.6,63820.7,63838.9,63.688
2026-06-22 00:00:00+00:00,BTCUSDT_260925,2026-09-25 00:00:00+00:00,63942.6,66204.3,63899.1,64569.7,198.059
2026-06-23 00:00:00+00:00,BTCUSDT_260925,2026-09-25 00:00:00+00:00,64550.8,64802.7,62381.8,63214.2,143.968
2026-06-24 00:00:00+00:00,BTCUSDT_260925,2026-09-25 00:00:00+00:00,63214.2,63741.2,59475.1,61488.1,248.203
2026-06-25 00:00:00+00:00,BTCUSDT_260925,2026-09-25 00:00:00+00:00,61488.6,62383.0,58556.9,60247.8,483.882
2026-06-26 00:00:00+00:00,BTCUSDT_260925,2026-09-25 00:00:00+00:00,60255.3,61145.1,58779.9,60532.9,394.223
2026-06-27 00:00:00+00:00,BTCUSDT_260925,2026-09-25 00:00:00+00:00,60533.4,61395.7,60286.2,60427.3,130.358
2026-06-28 00:00:00+00:00,BTCUSDT_260925,2026-09-25 00:00:00+00:00,60431.1,60988.4,59325.5,60021.0,117.041
2026-06-29 00:00:00+00:00,BTCUSDT_260925,2026-09-25 00:00:00+00:00,60025.9,60681.2,59320.8,60462.2,54.19
2026-06-26 00:00:00+00:00,BTCUSDT_261225,2026-12-25 00:00:00+00:00,60900.0,63979.5,59553.4,61145.4,80.622
2026-06-27 00:00:00+00:00,BTCUSDT_261225,2026-12-25 00:00:00+00:00,61134.8,61991.8,60872.3,61052.1,52.977
2026-06-28 00:00:00+00:00,BTCUSDT_261225,2026-12-25 00:00:00+00:00,61048.7,61598.9,59925.0,60620.2,70.586
2026-06-29 00:00:00+00:00,BTCUSDT_261225,2026-12-25 00:00:00+00:00,60598.2,61268.3,59906.0,61069.5,16.965
