date,open,high,low,close,volume,signal,ret,pos,turnover,cost,strategy_ret,equity,daily_pnl,year
2020-01-01 00:00:00+00:00,7195.24,7255.0,7175.15,7200.85,16792.388165,0.0,0.0,0.0,0.0,0.0,0.0,100000.0,0.0,2020
2020-01-02 00:00:00+00:00,7200.77,7212.5,6924.74,6965.71,31951.483932000003,0.0,-0.032654478290757405,0.0,0.0,0.0,-0.0,100000.0,0.0,2020
2020-01-03 00:00:00+00:00,6965.49,7405.0,6871.04,7344.96,68428.500451,0.0,0.054445275499554135,0.0,0.0,0.0,0.0,100000.0,0.0,2020
2020-01-04 00:00:00+00:00,7345.0,7404.0,7272.21,7354.11,29987.974976999998,0.0,0.0012457521892561552,0.0,0.0,0.0,0.0,100000.0,0.0,2020
2020-01-05 00:00:00+00:00,7354.19,7495.0,7318.0,7358.75,38331.085604,0.0,0.000630939705824396,0.0,0.0,0.0,0.0,100000.0,0.0,2020
2020-01-06 00:00:00+00:00,7357.64,7795.34,7346.76,7758.0,54635.695316,0.0,0.05425513844063201,0.0,0.0,0.0,0.0,100000.0,0.0,2020
2020-01-07 00:00:00+00:00,7758.9,8207.68,7723.71,8145.28,91171.684661,0.0,0.049920082495488405,0.0,0.0,0.0,0.0,100000.0,0.0,2020
2020-01-08 00:00:00+00:00,8145.92,8455.0,7870.0,8055.98,112622.64264,0.0,-0.010963404572955193,0.0,0.0,0.0,-0.0,100000.0,0.0,2020
2020-01-09 00:00:00+00:00,8054.72,8055.96,7750.0,7817.76,64239.519830000005,0.0,-0.02957057986737799,0.0,0.0,0.0,-0.0,100000.0,0.0,2020
2020-01-10 00:00:00+00:00,7817.74,8199.0,7672.0,8197.02,82406.77744800001,0.0,0.048512617424940174,0.0,0.0,0.0,0.0,100000.0,0.0,2020
2020-01-11 00:00:00+00:00,8198.86,8286.34,8003.16,8020.01,54810.032667,0.0,-0.02159443309885789,0.0,0.0,0.0,-0.0,100000.0,0.0,2020
2020-01-12 00:00:00+00:00,8020.01,8197.0,7960.0,8184.98,38131.494336,0.0,0.02056979978827944,0.0,0.0,0.0,0.0,100000.0,0.0,2020
2020-01-13 00:00:00+00:00,8184.97,8196.0,8055.89,8110.34,31159.755683,0.0,-0.00911914262466118,0.0,0.0,0.0,-0.0,100000.0,0.0,2020
2020-01-14 00:00:00+00:00,8110.34,8880.0,8105.54,8810.01,120399.126742,0.0,0.08626888638454133,0.0,0.0,0.0,0.0,100000.0,0.0,2020
2020-01-15 00:00:00+00:00,8814.64,8916.48,8564.0,8821.41,84816.297606,0.0,0.0012939826402011967,0.0,0.0,0.0,0.0,100000.0,0.0,2020
2020-01-16 00:00:00+00:00,8820.01,8859.81,8586.0,8720.01,51991.074283999995,0.0,-0.011494761041602186,0.0,0.0,0.0,-0.0,100000.0,0.0,2020
2020-01-17 00:00:00+00:00,8720.15,9041.65,8672.44,8913.28,70897.737377,0.0,0.02216396540829657,0.0,0.0,0.0,0.0,100000.0,0.0,2020
2020-01-18 00:00:00+00:00,8913.27,8988.88,8806.38,8915.96,38294.746545,0.0,0.00030067494794261407,0.0,0.0,0.0,0.0,100000.0,0.0,2020
2020-01-19 00:00:00+00:00,8915.09,9198.98,8466.0,8701.7,70676.889259,0.0,-0.024031063396426022,0.0,0.0,0.0,-0.0,100000.0,0.0,2020
2020-01-20 00:00:00+00:00,8701.72,8746.99,8521.28,8642.35,38896.639746,0.0,-0.006820506337842036,0.0,0.0,0.0,-0.0,100000.0,0.0,2020
2020-01-21 00:00:00+00:00,8642.35,8789.0,8488.0,8736.03,36494.687659,0.0,0.010839644309707408,0.0,0.0,0.0,0.0,100000.0,0.0,2020
2020-01-22 00:00:00+00:00,8736.04,8818.0,8590.0,8682.36,29080.557137999996,0.0,-0.006143522858781392,0.0,0.0,0.0,-0.0,100000.0,0.0,2020
2020-01-23 00:00:00+00:00,8682.77,8691.81,8306.39,8404.52,48165.944597,0.0,-0.03200051598874043,0.0,0.0,0.0,-0.0,100000.0,0.0,2020
2020-01-24 00:00:00+00:00,8404.52,8528.02,8238.0,8439.0,41687.529529,0.0,0.0041025543398076625,0.0,0.0,0.0,0.0,100000.0,0.0,2020
2020-01-25 00:00:00+00:00,8438.99,8451.26,8254.9,8340.58,25521.157932000002,0.0,-0.011662519255836057,0.0,0.0,0.0,-0.0,100000.0,0.0,2020
2020-01-26 00:00:00+00:00,8340.01,8618.13,8293.66,8615.0,31130.485163999998,0.0,0.032901788604629445,0.0,0.0,0.0,0.0,100000.0,0.0,2020
2020-01-27 00:00:00+00:00,8614.39,9000.0,8535.0,8907.57,53973.542996000004,0.0,0.0339605339524085,0.0,0.0,0.0,0.0,100000.0,0.0,2020
2020-01-28 00:00:00+00:00,8907.57,9400.0,8862.4,9374.21,74584.853765,0.0,0.05238690237629329,0.0,0.0,0.0,0.0,100000.0,0.0,2020
2020-01-29 00:00:00+00:00,9375.34,9449.24,9216.0,9301.53,53864.065122,0.0,-0.007753186668529755,0.0,0.0,0.0,-0.0,100000.0,0.0,2020
2020-01-30 00:00:00+00:00,9301.57,9578.0,9204.44,9513.21,60626.744259,0.0,0.022757546339150503,0.0,0.0,0.0,0.0,100000.0,0.0,2020
2020-01-31 00:00:00+00:00,9511.52,9530.22,9210.01,9352.89,45552.022352,0.0,-0.01685235582942035,0.0,0.0,0.0,-0.0,100000.0,0.0,2020
2020-02-01 00:00:00+00:00,9351.71,9464.53,9281.0,9384.61,28578.067354,0.0,0.0033914650979538497,0.0,0.0,0.0,0.0,100000.0,0.0,2020
2020-02-02 00:00:00+00:00,9384.41,9477.03,9120.0,9331.51,45690.91254,0.0,-0.005658199967819688,0.0,0.0,0.0,-0.0,100000.0,0.0,2020
2020-02-03 00:00:00+00:00,9331.59,9618.79,9234.0,9292.24,50892.133451,0.0,-0.004208322125786812,0.0,0.0,0.0,-0.0,100000.0,0.0,2020
2020-02-04 00:00:00+00:00,9291.35,9350.0,9093.01,9197.02,53308.175266000006,0.0,-0.01024726007937804,0.0,0.0,0.0,-0.0,100000.0,0.0,2020
2020-02-05 00:00:00+00:00,9197.02,9744.45,9177.22,9612.04,64870.415615,0.0,0.04512548629882285,0.0,0.0,0.0,0.0,100000.0,0.0,2020
2020-02-06 00:00:00+00:00,9612.03,9862.57,9526.35,9772.0,64949.706588,0.0,0.016641628624100457,0.0,0.0,0.0,0.0,100000.0,0.0,2020
2020-02-07 00:00:00+00:00,9772.0,9885.0,9730.0,9813.73,43966.114632000004,0.0,0.004270364306180774,0.0,0.0,0.0,0.0,100000.0,0.0,2020
2020-02-08 00:00:00+00:00,9813.87,9940.0,9667.11,9895.05,43600.843666,0.0,0.008286349838440676,0.0,0.0,0.0,0.0,100000.0,0.0,2020
2020-02-09 00:00:00+00:00,9895.04,10166.0,9880.75,10151.75,43408.475615999996,0.0,0.025942264061323606,0.0,0.0,0.0,0.0,100000.0,0.0,2020
2020-02-10 00:00:00+00:00,10151.72,10188.0,9756.0,9851.83,59573.084619,0.0,-0.02954367473588293,0.0,0.0,0.0,-0.0,100000.0,0.0,2020
2020-02-11 00:00:00+00:00,9851.74,10323.59,9700.0,10223.08,62422.395224,0.0,0.03768335426007141,0.0,0.0,0.0,0.0,100000.0,0.0,2020
2020-02-12 00:00:00+00:00,10223.08,10450.0,10223.08,10326.46,61008.06393,0.0,0.01011241230627169,0.0,0.0,0.0,0.0,100000.0,0.0,2020
2020-02-13 00:00:00+00:00,10325.33,10500.0,10080.0,10229.63,79344.358759,0.0,-0.009376882300420442,0.0,0.0,0.0,-0.0,100000.0,0.0,2020
2020-02-14 00:00:00+00:00,10227.78,10381.56,10111.37,10344.36,47038.480173,0.0,0.011215459405667705,0.0,0.0,0.0,0.0,100000.0,0.0,2020
2020-02-15 00:00:00+00:00,10344.36,10375.0,9801.0,9904.72,57657.202947,0.0,-0.04250045435387029,0.0,0.0,0.0,-0.0,100000.0,0.0,2020
2020-02-16 00:00:00+00:00,9904.46,10050.0,9638.12,9917.27,60023.999537,0.0,0.0012670726683845501,0.0,0.0,0.0,0.0,100000.0,0.0,2020
2020-02-17 00:00:00+00:00,9910.7,9964.16,9452.67,9706.0,70261.01190099999,0.0,-0.021303241718739208,0.0,0.0,0.0,-0.0,100000.0,0.0,2020
2020-02-18 00:00:00+00:00,9706.0,10250.0,9576.01,10164.71,70604.124019,0.0,0.04726045744900054,0.0,0.0,0.0,0.0,100000.0,0.0,2020
2020-02-19 00:00:00+00:00,10164.78,10250.0,9350.0,9593.79,55162.586895,0.0,-0.0561668753953628,0.0,0.0,0.0,-0.0,100000.0,0.0,2020
2020-02-20 00:00:00+00:00,9594.65,9699.0,9400.0,9596.42,60152.342914,0.0,0.00027413566484146834,0.0,0.0,0.0,0.0,100000.0,0.0,2020
2020-02-21 00:00:00+00:00,9597.21,9755.51,9550.21,9677.05,42181.554524,0.0,0.00840209161333072,0.0,0.0,0.0,0.0,100000.0,0.0,2020
2020-02-22 00:00:00+00:00,9677.05,9709.17,9560.02,9650.86,24636.757623,0.0,-0.002706403294392312,0.0,0.0,0.0,-0.0,100000.0,0.0,2020
2020-02-23 00:00:00+00:00,9650.85,9990.0,9645.0,9936.4,37702.089843,0.0,0.02958700053673957,0.0,0.0,0.0,0.0,100000.0,0.0,2020
2020-02-24 00:00:00+00:00,9936.4,9990.0,9473.56,9656.13,55796.59612,0.0,-0.028206392657300516,0.0,0.0,0.0,-0.0,100000.0,0.0,2020
2020-02-25 00:00:00+00:00,9655.52,9675.0,9250.0,9315.84,54379.344552,0.0,-0.03524082629376357,0.0,0.0,0.0,-0.0,100000.0,0.0,2020
2020-02-26 00:00:00+00:00,9316.48,9377.44,8633.63,8785.25,92130.345482,0.0,-0.056955679788403435,0.0,0.0,0.0,-0.0,100000.0,0.0,2020
2020-02-27 00:00:00+00:00,8786.0,8971.77,8531.0,8823.21,72483.57876199999,0.0,0.00432087874562459,0.0,0.0,0.0,0.0,100000.0,0.0,2020
2020-02-28 00:00:00+00:00,8823.25,8900.0,8445.0,8692.91,71155.208977,0.0,-0.014767867930152279,0.0,0.0,0.0,-0.0,100000.0,0.0,2020
2020-02-29 00:00:00+00:00,8690.8,8790.0,8523.55,8523.61,36748.183034999995,0.0,-0.01947564164359228,0.0,0.0,0.0,-0.0,100000.0,0.0,2020
2020-03-01 00:00:00+00:00,8523.61,8750.0,8411.0,8531.88,43892.201778999995,0.0,0.0009702461750360492,0.0,0.0,0.0,0.0,100000.0,0.0,2020
2020-03-02 00:00:00+00:00,8530.3,8965.75,8498.0,8915.24,60401.317729999995,0.0,0.04493265259239476,0.0,0.0,0.0,0.0,100000.0,0.0,2020
2020-03-03 00:00:00+00:00,8911.18,8919.65,8651.0,8760.07,55154.997282,0.0,-0.017405027795101446,0.0,0.0,0.0,-0.0,100000.0,0.0,2020
2020-03-04 00:00:00+00:00,8760.07,8848.29,8660.0,8750.87,38696.482577999996,0.0,-0.0010502199183338723,0.0,0.0,0.0,-0.0,100000.0,0.0,2020
2020-03-05 00:00:00+00:00,8750.99,9159.42,8746.54,9054.68,58201.866355,0.0,0.034717690926730604,0.0,0.0,0.0,0.0,100000.0,0.0,2020
2020-03-06 00:00:00+00:00,9054.64,9170.0,8985.5,9131.88,43782.948044000004,0.0,0.008525977726435263,0.0,0.0,0.0,0.0,100000.0,0.0,2020
2020-03-07 00:00:00+00:00,9130.89,9188.0,8835.0,8886.66,45422.204525,0.0,-0.026853178096952535,0.0,0.0,0.0,-0.0,100000.0,0.0,2020
2020-03-08 00:00:00+00:00,8885.25,8886.76,8000.0,8033.31,77537.315166,0.0,-0.09602595350784204,0.0,0.0,0.0,-0.0,100000.0,0.0,2020
2020-03-09 00:00:00+00:00,8034.76,8179.31,7632.01,7929.87,116968.863268,0.0,-0.012876385948008995,0.0,0.0,0.0,-0.0,100000.0,0.0,2020
2020-03-10 00:00:00+00:00,7929.87,8149.0,7728.01,7894.56,86783.443875,0.0,-0.004452784219665551,0.0,0.0,0.0,-0.0,100000.0,0.0,2020
2020-03-11 00:00:00+00:00,7894.57,7980.0,7590.0,7934.52,79942.41117200001,0.0,0.005061713382379818,0.0,0.0,0.0,0.0,100000.0,0.0,2020
2020-03-12 00:00:00+00:00,7934.58,7966.17,4410.0,4800.0,261505.60865299997,0.0,-0.3950484717412017,0.0,0.0,0.0,-0.0,100000.0,0.0,2020
2020-03-13 00:00:00+00:00,4800.01,5955.0,3782.13,5578.6,402201.673764,0.0,0.1622083333333335,0.0,0.0,0.0,0.0,100000.0,0.0,2020
2020-03-14 00:00:00+00:00,5576.05,5640.52,5055.13,5172.06,136910.13597399998,0.0,-0.07287491485318898,0.0,0.0,0.0,-0.0,100000.0,0.0,2020
2020-03-15 00:00:00+00:00,5172.48,5940.0,5093.1,5361.3,139916.146534,0.0,0.03658890268094339,0.0,0.0,0.0,0.0,100000.0,0.0,2020
2020-03-16 00:00:00+00:00,5360.33,5365.42,4442.12,5028.97,227276.92276,0.0,-0.06198683155204898,0.0,0.0,0.0,-0.0,100000.0,0.0,2020
2020-03-17 00:00:00+00:00,5028.86,5525.0,4921.45,5312.64,150089.926318,0.0,0.05640717681751939,0.0,0.0,0.0,0.0,100000.0,0.0,2020
2020-03-18 00:00:00+00:00,5312.64,5436.17,5009.37,5393.04,137127.63489400002,0.0,0.015133718829056564,0.0,0.0,0.0,0.0,100000.0,0.0,2020
2020-03-19 00:00:00+00:00,5393.26,6400.0,5252.53,6162.37,199020.873439,0.0,0.14265238158812088,0.0,0.0,0.0,0.0,100000.0,0.0,2020
2020-03-20 00:00:00+00:00,6162.05,6900.0,5670.0,6208.36,219298.329514,0.0,0.0074630377598228215,0.0,0.0,0.0,0.0,100000.0,0.0,2020
2020-03-21 00:00:00+00:00,6204.57,6456.98,5860.02,6186.98,128913.668363,0.0,-0.0034437435973430075,0.0,0.0,0.0,-0.0,100000.0,0.0,2020
2020-03-22 00:00:00+00:00,6187.04,6407.87,5734.01,5816.19,119115.99052699999,0.0,-0.05993069316532462,0.0,0.0,0.0,-0.0,100000.0,0.0,2020
2020-03-23 00:00:00+00:00,5816.05,6600.0,5688.0,6467.31,164674.215785,0.0,0.11194957523739779,0.0,0.0,0.0,0.0,100000.0,0.0,2020
2020-03-24 00:00:00+00:00,6465.25,6833.0,6371.33,6744.72,151138.009878,0.0,0.04289418630002273,0.0,0.0,0.0,0.0,100000.0,0.0,2020
2020-03-25 00:00:00+00:00,6744.69,6957.96,6450.0,6677.43,132155.73498900002,0.0,-0.009976692879763771,0.0,0.0,0.0,-0.0,100000.0,0.0,2020
2020-03-26 00:00:00+00:00,6677.42,6780.0,6510.0,6737.36,83026.555211,0.0,0.0089750098466026,0.0,0.0,0.0,0.0,100000.0,0.0,2020
2020-03-27 00:00:00+00:00,6737.27,6842.59,6261.0,6359.11,82914.968354,0.0,-0.05614216844580078,0.0,0.0,0.0,-0.0,100000.0,0.0,2020
2020-03-28 00:00:00+00:00,6359.11,6360.0,6024.0,6236.65,93159.693429,0.0,-0.01925741180762719,0.0,0.0,0.0,-0.0,100000.0,0.0,2020
2020-03-29 00:00:00+00:00,6236.65,6266.0,5866.56,5881.42,63311.627714,0.0,-0.05695846327756082,0.0,0.0,0.0,-0.0,100000.0,0.0,2020
2020-03-30 00:00:00+00:00,5880.5,6599.0,5857.76,6394.38,118889.549992,0.0,0.0872170326213737,0.0,0.0,0.0,0.0,100000.0,0.0,2020
2020-03-31 00:00:00+00:00,6394.45,6523.23,6321.4,6410.44,72337.595259,0.0,0.002511580481610265,0.0,0.0,0.0,0.0,100000.0,0.0,2020
2020-04-01 00:00:00+00:00,6412.14,6679.94,6150.11,6642.92,97500.7524,0.0,0.03626584134630395,0.0,0.0,0.0,0.0,100000.0,0.0,2020
2020-04-02 00:00:00+00:00,6643.36,7198.0,6551.0,6794.09,149299.906871,0.0,0.022756558862668808,0.0,0.0,0.0,0.0,100000.0,0.0,2020
2020-04-03 00:00:00+00:00,6793.86,7048.0,6602.1,6734.1,104080.276939,0.0,-0.008829732900211718,0.0,0.0,0.0,-0.0,100000.0,0.0,2020
2020-04-04 00:00:00+00:00,6732.97,6990.41,6650.01,6856.99,72990.861139,0.0,0.018248912252565308,0.0,0.0,0.0,0.0,100000.0,0.0,2020
2020-04-05 00:00:00+00:00,6857.41,6895.54,6677.52,6772.78,49685.356983,0.0,-0.012280898761701575,0.0,0.0,0.0,-0.0,100000.0,0.0,2020
2020-04-06 00:00:00+00:00,6772.78,7355.14,6765.0,7329.9,118052.00083199999,0.0,0.08225868845584827,0.0,0.0,0.0,0.0,100000.0,0.0,2020
2020-04-07 00:00:00+00:00,7329.9,7459.69,7077.0,7197.32,103585.16891800001,0.0,-0.018087559175432144,0.0,0.0,0.0,-0.0,100000.0,0.0,2020
2020-04-08 00:00:00+00:00,7197.32,7420.0,7150.0,7361.28,76059.145838,0.0,0.022780701705634954,0.0,0.0,0.0,0.0,100000.0,0.0,2020
2020-04-09 00:00:00+00:00,7360.26,7371.92,7108.08,7283.54,61094.872417,0.0,-0.010560663362893408,0.0,0.0,0.0,-0.0,100000.0,0.0,2020
2020-04-10 00:00:00+00:00,7283.54,7295.75,6739.98,6858.92,104674.623375,0.0,-0.05829857459422205,0.0,0.0,0.0,-0.0,100000.0,0.0,2020
2020-04-11 00:00:00+00:00,6858.92,6944.3,6760.0,6876.83,45470.293206,0.0,0.0026111982644496656,0.0,0.0,0.0,0.0,100000.0,0.0,2020
2020-04-12 00:00:00+00:00,6876.84,7177.0,6780.0,6903.79,73868.666501,0.0,0.003920411003325741,0.0,0.0,0.0,0.0,100000.0,0.0,2020
2020-04-13 00:00:00+00:00,6903.79,6903.79,6575.0,6837.91,96415.47657299999,0.0,-0.00954258458035373,0.0,0.0,0.0,-0.0,100000.0,0.0,2020
2020-04-14 00:00:00+00:00,6838.04,6978.0,6754.28,6868.7,69068.62328500001,0.0,0.0045028378554266,0.0,0.0,0.0,0.0,100000.0,0.0,2020
2020-04-15 00:00:00+00:00,6868.57,6933.0,6605.0,6621.24,61571.38499399999,0.0,-0.03602719583036096,0.0,0.0,0.0,-0.0,100000.0,0.0,2020
2020-04-16 00:00:00+00:00,6621.25,7190.0,6468.27,7101.94,125009.857539,0.0,0.07259969431707658,0.0,0.0,0.0,0.0,100000.0,0.0,2020
2020-04-17 00:00:00+00:00,7101.99,7148.12,6972.98,7027.55,54126.509762999995,0.0,-0.010474602714187875,0.0,0.0,0.0,-0.0,100000.0,0.0,2020
2020-04-18 00:00:00+00:00,7026.78,7293.08,7014.4,7248.6,49488.542818999995,0.0,0.03145477442351896,0.0,0.0,0.0,0.0,100000.0,0.0,2020
2020-04-19 00:00:00+00:00,7248.6,7266.15,7055.6,7120.74,45664.86393,0.0,-0.01763926827249407,0.0,0.0,0.0,-0.0,100000.0,0.0,2020
2020-04-20 00:00:00+00:00,7121.4,7220.0,6751.0,6826.83,90149.49137,0.0,-0.04127520454334799,0.0,0.0,0.0,-0.0,100000.0,0.0,2020
2020-04-21 00:00:00+00:00,6828.98,6940.0,6762.0,6841.37,60109.710808,0.0,0.002129831854609021,0.0,0.0,0.0,0.0,100000.0,0.0,2020
2020-04-22 00:00:00+00:00,6841.36,7156.38,6818.0,7125.14,61486.377334000004,0.0,0.04147853427018289,0.0,0.0,0.0,0.0,100000.0,0.0,2020
2020-04-23 00:00:00+00:00,7125.12,7738.0,7020.0,7482.39,102773.56956100001,0.0,0.050139365682639214,0.0,0.0,0.0,0.0,100000.0,0.0,2020
2020-04-24 00:00:00+00:00,7483.96,7615.96,7388.0,7505.0,60182.119939,0.0,0.0030217617632868343,0.0,0.0,0.0,0.0,100000.0,0.0,2020
2020-04-25 00:00:00+00:00,7505.0,7705.0,7431.07,7538.67,43874.427726,0.0,0.004486342438374535,0.0,0.0,0.0,0.0,100000.0,0.0,2020
2020-04-26 00:00:00+00:00,7539.03,7700.0,7480.0,7693.1,50522.616209,0.0,0.020485045770673116,0.0,0.0,0.0,0.0,100000.0,0.0,2020
2020-04-27 00:00:00+00:00,7693.1,7792.02,7606.0,7774.62,65441.339576,0.0,0.010596508559618245,0.0,0.0,0.0,0.0,100000.0,0.0,2020
2020-04-28 00:00:00+00:00,7773.51,7780.0,7659.12,7738.98,46302.752638,0.0,-0.004584146877918194,0.0,0.0,0.0,-0.0,100000.0,0.0,2020
2020-04-29 00:00:00+00:00,7738.58,8952.89,7710.05,8778.57,183546.887514,0.0,0.13433165610971987,0.0,0.0,0.0,0.0,100000.0,0.0,2020
2020-04-30 00:00:00+00:00,8778.58,9460.0,8401.0,8620.0,206277.214124,0.0,-0.018063306438292348,0.0,0.0,0.0,-0.0,100000.0,0.0,2020
2020-05-01 00:00:00+00:00,8620.0,9059.18,8613.56,8826.96,91468.815059,0.0,0.024009280742459227,0.0,0.0,0.0,0.0,100000.0,0.0,2020
2020-05-02 00:00:00+00:00,8825.67,9010.0,8753.0,8972.05,59002.08755,0.0,0.016437142572301333,0.0,0.0,0.0,0.0,100000.0,0.0,2020
2020-05-03 00:00:00+00:00,8972.58,9200.0,8712.0,8894.16,90126.06564300001,0.0,-0.008681405030065537,0.0,0.0,0.0,-0.0,100000.0,0.0,2020
2020-05-04 00:00:00+00:00,8894.15,8950.0,8522.0,8871.96,84418.512331,0.0,-0.0024960198602229644,0.0,0.0,0.0,-0.0,100000.0,0.0,2020
2020-05-05 00:00:00+00:00,8871.92,9118.58,8760.0,9021.83,76480.765342,0.0,0.016892546855486357,0.0,0.0,0.0,0.0,100000.0,0.0,2020
2020-05-06 00:00:00+00:00,9021.36,9395.0,8906.21,9142.92,105925.30242,0.0,0.013421888907239499,0.0,0.0,0.0,0.0,100000.0,0.0,2020
2020-05-07 00:00:00+00:00,9143.4,10067.0,9021.0,9986.4,147154.611378,0.0,0.09225499074693855,0.0,0.0,0.0,0.0,100000.0,0.0,2020
2020-05-08 00:00:00+00:00,9986.3,10035.96,9705.0,9800.01,100683.79639999999,0.0,-0.018664383561643794,0.0,0.0,0.0,-0.0,100000.0,0.0,2020
2020-05-09 00:00:00+00:00,9800.02,9914.25,9520.0,9539.4,81950.679567,0.0,-0.02659283000731638,0.0,0.0,0.0,-0.0,100000.0,0.0,2020
2020-05-10 00:00:00+00:00,9539.1,9574.83,8117.0,8722.77,183865.182028,0.0,-0.0856060129567896,0.0,0.0,0.0,-0.0,100000.0,0.0,2020
2020-05-11 00:00:00+00:00,8722.77,9168.0,8200.0,8561.52,168807.251832,0.0,-0.018486100172307673,0.0,0.0,0.0,-0.0,100000.0,0.0,2020
2020-05-12 00:00:00+00:00,8562.04,8978.26,8528.78,8810.79,86522.78006599999,0.0,0.029115157121632596,0.0,0.0,0.0,0.0,100000.0,0.0,2020
2020-05-13 00:00:00+00:00,8810.99,9398.0,8792.99,9309.37,92466.274018,0.0,0.0565874342709336,0.0,0.0,0.0,0.0,100000.0,0.0,2020
2020-05-14 00:00:00+00:00,9309.35,9939.0,9256.76,9791.98,129565.37747,0.0,0.051841316866769516,0.0,0.0,0.0,0.0,100000.0,0.0,2020
2020-05-15 00:00:00+00:00,9791.97,9845.62,9150.0,9316.42,115890.761516,0.0,-0.048566275666412695,0.0,0.0,0.0,-0.0,100000.0,0.0,2020
2020-05-16 00:00:00+00:00,9315.96,9588.0,9220.0,9381.27,59587.627862,0.0,0.006960828300999866,0.0,0.0,0.0,0.0,100000.0,0.0,2020
2020-05-17 00:00:00+00:00,9380.81,9888.0,9322.1,9680.04,68647.764323,0.0,0.031847500391738004,0.0,0.0,0.0,0.0,100000.0,0.0,2020
2020-05-18 00:00:00+00:00,9681.11,9950.0,9464.23,9733.93,82006.603583,0.0,0.005567125755678637,0.0,0.0,0.0,0.0,100000.0,0.0,2020
2020-05-19 00:00:00+00:00,9733.93,9897.21,9474.0,9775.53,78539.760454,0.0,0.00427371061842452,0.0,0.0,0.0,0.0,100000.0,0.0,2020
2020-05-20 00:00:00+00:00,9775.13,9842.0,9326.0,9511.43,74923.73809,0.0,-0.027016437983413688,0.0,0.0,0.0,-0.0,100000.0,0.0,2020
2020-05-21 00:00:00+00:00,9511.43,9578.47,8815.0,9068.65,108928.780969,0.0,-0.04655241115163555,0.0,0.0,0.0,-0.0,100000.0,0.0,2020
2020-05-22 00:00:00+00:00,9067.51,9271.0,8933.52,9170.0,58943.131024,0.0,0.011175864103256883,0.0,0.0,0.0,0.0,100000.0,0.0,2020
2020-05-23 00:00:00+00:00,9170.0,9307.85,9070.0,9179.15,43526.296965999994,0.0,0.000997818974918241,0.0,0.0,0.0,0.0,100000.0,0.0,2020
2020-05-24 00:00:00+00:00,9179.01,9298.0,8700.0,8720.34,70379.86645,0.0,-0.04998393097400078,0.0,0.0,0.0,-0.0,100000.0,0.0,2020
2020-05-25 00:00:00+00:00,8718.14,8979.66,8642.72,8900.35,62833.910949,0.0,0.020642543754027853,0.0,0.0,0.0,0.0,100000.0,0.0,2020
2020-05-26 00:00:00+00:00,8900.35,9017.67,8700.0,8841.18,58299.770138,0.0,-0.006648053166448564,0.0,0.0,0.0,-0.0,100000.0,0.0,2020
2020-05-27 00:00:00+00:00,8841.0,9225.0,8811.73,9204.07,68910.355514,0.0,0.04104542606303685,0.0,0.0,0.0,0.0,100000.0,0.0,2020
2020-05-28 00:00:00+00:00,9204.07,9625.47,9110.0,9575.89,74110.787662,0.0,0.04039734595673439,0.0,0.0,0.0,0.0,100000.0,0.0,2020
2020-05-29 00:00:00+00:00,9575.87,9605.26,9330.0,9427.07,57374.362961000006,0.0,-0.015541114194085326,0.0,0.0,0.0,-0.0,100000.0,0.0,2020
2020-05-30 00:00:00+00:00,9426.6,9740.0,9331.23,9697.72,55665.272540000005,0.0,0.02870987486037535,0.0,0.0,0.0,0.0,100000.0,0.0,2020
2020-05-31 00:00:00+00:00,9697.72,9700.0,9381.41,9448.27,48333.786403,0.0,-0.025722540968392438,0.0,0.0,0.0,-0.0,100000.0,0.0,2020
2020-06-01 00:00:00+00:00,9448.27,10380.0,9421.67,10200.77,76649.12696,0.0,0.07964420999823241,0.0,0.0,0.0,0.0,100000.0,0.0,2020
2020-06-02 00:00:00+00:00,10202.71,10228.99,9266.0,9518.04,108970.773151,0.0,-0.06692926122243703,0.0,0.0,0.0,-0.0,100000.0,0.0,2020
2020-06-03 00:00:00+00:00,9518.02,9690.0,9365.21,9666.24,46252.644939,0.0,0.015570432568049686,0.0,0.0,0.0,0.0,100000.0,0.0,2020
2020-06-04 00:00:00+00:00,9666.32,9881.63,9450.0,9789.06,57456.10096900001,0.0,0.01270607806137658,0.0,0.0,0.0,0.0,100000.0,0.0,2020
2020-06-05 00:00:00+00:00,9788.14,9854.75,9581.0,9621.16,47788.05005,0.0,-0.01715180007069117,0.0,0.0,0.0,-0.0,100000.0,0.0,2020
2020-06-06 00:00:00+00:00,9621.17,9735.0,9531.05,9666.3,32752.950893,0.0,0.004691741952113748,0.0,0.0,0.0,0.0,100000.0,0.0,2020
2020-06-07 00:00:00+00:00,9666.85,9802.0,9372.46,9746.99,57952.848385000005,0.0,0.00834755801082121,0.0,0.0,0.0,0.0,100000.0,0.0,2020
2020-06-08 00:00:00+00:00,9746.99,9800.0,9633.0,9782.01,40664.664124999996,0.0,0.0035929040657680655,0.0,0.0,0.0,0.0,100000.0,0.0,2020
2020-06-09 00:00:00+00:00,9782.0,9877.0,9570.0,9772.43,46024.001289,0.0,-0.0009793488250369187,0.0,0.0,0.0,-0.0,100000.0,0.0,2020
2020-06-10 00:00:00+00:00,9772.44,9992.72,9704.18,9885.0,47130.762982,0.0,0.011519141093873309,0.0,0.0,0.0,0.0,100000.0,0.0,2020
2020-06-11 00:00:00+00:00,9885.22,9964.0,9113.0,9280.4,94418.98473,0.0,-0.061163378856853856,0.0,0.0,0.0,-0.0,100000.0,0.0,2020
2020-06-12 00:00:00+00:00,9278.88,9557.12,9232.51,9465.13,50119.066932,0.0,0.019905392008965128,0.0,0.0,0.0,0.0,100000.0,0.0,2020
2020-06-13 00:00:00+00:00,9464.96,9494.73,9351.0,9473.34,27759.784851,0.0,0.0008673943199934975,0.0,0.0,0.0,0.0,100000.0,0.0,2020
2020-06-14 00:00:00+00:00,9473.34,9480.99,9245.0,9342.1,30055.506608,0.0,-0.013853614459103047,0.0,0.0,0.0,-0.0,100000.0,0.0,2020
2020-06-15 00:00:00+00:00,9342.1,9495.0,8910.45,9426.02,86107.924707,0.0,0.008982990976333038,0.0,0.0,0.0,0.0,100000.0,0.0,2020
2020-06-16 00:00:00+00:00,9426.05,9589.0,9373.09,9525.59,52052.446927000005,0.0,0.010563313041983768,0.0,0.0,0.0,0.0,100000.0,0.0,2020
2020-06-17 00:00:00+00:00,9526.97,9565.0,9236.61,9465.14,48046.411152,0.0,-0.006346063603409391,0.0,0.0,0.0,-0.0,100000.0,0.0,2020
2020-06-18 00:00:00+00:00,9465.13,9489.0,9280.0,9386.32,37381.953765,0.0,-0.00832739927777082,0.0,0.0,0.0,-0.0,100000.0,0.0,2020
2020-06-19 00:00:00+00:00,9386.32,9438.3,9215.79,9310.23,45330.983672999995,0.0,-0.008106478364257819,0.0,0.0,0.0,-0.0,100000.0,0.0,2020
2020-06-20 00:00:00+00:00,9310.23,9395.0,9170.95,9358.95,30329.065384,0.0,0.005232953428647935,0.0,0.0,0.0,0.0,100000.0,0.0,2020
2020-06-21 00:00:00+00:00,9358.95,9422.0,9281.54,9294.69,24316.926234,0.0,-0.006866154857115392,0.0,0.0,0.0,-0.0,100000.0,0.0,2020
2020-06-22 00:00:00+00:00,9294.69,9780.0,9277.09,9685.69,57895.468343,0.0,0.04206702966962861,0.0,0.0,0.0,0.0,100000.0,0.0,2020
2020-06-23 00:00:00+00:00,9685.69,9720.0,9577.03,9624.89,41031.02938,0.0,-0.006277301875240782,0.0,0.0,0.0,-0.0,100000.0,0.0,2020
2020-06-24 00:00:00+00:00,9624.33,9670.0,9208.0,9296.49,61571.561464,0.0,-0.03411987046085718,0.0,0.0,0.0,-0.0,100000.0,0.0,2020
2020-06-25 00:00:00+00:00,9298.33,9340.0,9009.69,9249.49,55831.619156,0.0,-0.005055671549154539,0.0,0.0,0.0,-0.0,100000.0,0.0,2020
2020-06-26 00:00:00+00:00,9249.49,9298.0,9045.45,9162.21,50292.298276999994,0.0,-0.009436195941614156,0.0,0.0,0.0,-0.0,100000.0,0.0,2020
2020-06-27 00:00:00+00:00,9162.21,9196.24,8833.0,9012.0,46290.930112999995,0.0,-0.01639451617022525,0.0,0.0,0.0,-0.0,100000.0,0.0,2020
2020-06-28 00:00:00+00:00,9012.0,9191.0,8948.06,9116.35,30688.176421,0.0,0.011579005770084416,0.0,0.0,0.0,0.0,100000.0,0.0,2020
2020-06-29 00:00:00+00:00,9116.16,9238.0,9024.67,9192.56,42120.293261,0.0,0.008359705364537229,0.0,0.0,0.0,0.0,100000.0,0.0,2020
2020-06-30 00:00:00+00:00,9192.93,9205.0,9064.89,9138.55,31463.162801,0.0,-0.005875403587248806,0.0,0.0,0.0,-0.0,100000.0,0.0,2020
2020-07-01 00:00:00+00:00,9138.08,9292.0,9080.1,9232.0,38488.528699,0.0,0.010225911112813346,0.0,0.0,0.0,0.0,100000.0,0.0,2020
2020-07-02 00:00:00+00:00,9231.99,9261.96,8940.0,9086.54,45725.168076,0.0,-0.01575606585788547,0.0,0.0,0.0,-0.0,100000.0,0.0,2020
2020-07-03 00:00:00+00:00,9086.54,9125.0,9037.47,9058.26,28943.420177,0.0,-0.0031122957693467956,0.0,0.0,0.0,-0.0,100000.0,0.0,2020
2020-07-04 00:00:00+00:00,9057.79,9190.0,9040.04,9135.46,26441.968484,0.0,0.00852260809471117,0.0,0.0,0.0,0.0,100000.0,0.0,2020
2020-07-05 00:00:00+00:00,9135.0,9145.24,8893.03,9069.41,34073.653627,0.0,-0.007230068327155892,0.0,0.0,0.0,-0.0,100000.0,0.0,2020
2020-07-06 00:00:00+00:00,9069.41,9375.0,9055.92,9344.2,54463.132277000004,0.0,0.03029855304810347,0.0,0.0,0.0,0.0,100000.0,0.0,2020
2020-07-07 00:00:00+00:00,9342.47,9379.42,9203.0,9257.39,34587.336678,0.0,-0.009290254917489027,0.0,0.0,0.0,-0.0,100000.0,0.0,2020
2020-07-08 00:00:00+00:00,9257.4,9470.0,9231.0,9436.06,56140.517781,0.0,0.019300256335749166,0.0,0.0,0.0,0.0,100000.0,0.0,2020
2020-07-09 00:00:00+00:00,9436.06,9440.79,9160.0,9232.43,48044.450645,0.0,-0.021579981475319032,0.0,0.0,0.0,-0.0,100000.0,0.0,2020
2020-07-10 00:00:00+00:00,9232.42,9317.48,9125.0,9288.34,38295.494006,0.0,0.006055827122436908,0.0,0.0,0.0,0.0,100000.0,0.0,2020
2020-07-11 00:00:00+00:00,9288.34,9299.28,9178.25,9234.03,22561.366,0.0,-0.00584711584631914,0.0,0.0,0.0,-0.0,100000.0,0.0,2020
2020-07-12 00:00:00+00:00,9234.02,9345.0,9157.5,9302.75,30872.702286,0.0,0.007442037766825393,0.0,0.0,0.0,0.0,100000.0,0.0,2020
2020-07-13 00:00:00+00:00,9303.31,9343.82,9200.89,9242.62,42740.069115000006,0.0,-0.006463680094595636,0.0,0.0,0.0,-0.0,100000.0,0.0,2020
2020-07-14 00:00:00+00:00,9242.61,9279.54,9113.0,9255.85,45772.552509,0.0,0.0014314123051688554,0.0,0.0,0.0,0.0,100000.0,0.0,2020
2020-07-15 00:00:00+00:00,9255.85,9276.49,9160.57,9197.6,39053.579665,0.0,-0.006293317199392856,0.0,0.0,0.0,-0.0,100000.0,0.0,2020
2020-07-16 00:00:00+00:00,9197.6,9226.15,9047.25,9133.72,43375.571190999995,0.0,-0.006945290075672017,0.0,0.0,0.0,-0.0,100000.0,0.0,2020
2020-07-17 00:00:00+00:00,9133.72,9186.83,9089.81,9154.32,28054.358741,0.0,0.0022553789693575688,0.0,0.0,0.0,0.0,100000.0,0.0,2020
2020-07-18 00:00:00+00:00,9154.31,9219.3,9121.1,9170.28,22554.541457,0.7798847916113614,0.0017434391631492296,0.0,0.0,0.0,0.0,100000.0,0.0,2020
2020-07-19 00:00:00+00:00,9170.3,9232.27,9101.35,9208.99,26052.019417000003,0.8010534570508618,0.00422124515281963,0.7798847916113614,0.7798847916113614,0.001169827187417042,0.002122257708930165,100212.22577089301,212.22577089301194,2020
2020-07-20 00:00:00+00:00,9208.99,9221.52,9131.0,9160.78,35458.764082,0.8079574144510905,-0.005235101786406404,0.8010534570508618,0.021168665439500467,3.17529981592507e-05,-0.004225349382173243,99788.79410464577,-423.4316662472411,2020
2020-07-21 00:00:00+00:00,9160.78,9437.73,9152.8,9390.0,60413.582486,0.8115300563242366,0.02502188678256645,0.8079574144510905,0.006903957400228644,1.0355936100342966e-05,0.02020626301342996,101805.15272411726,2016.358619471488,2020
2020-07-22 00:00:00+00:00,9390.0,9544.0,9261.0,9518.16,48815.004107,0.8315213820279843,0.013648562300319522,0.8115300563242366,0.0035726418731460985,5.358962809719148e-06,0.011070859569513434,102932.22327337883,1127.070549261567,2020
2020-07-23 00:00:00+00:00,9518.16,9664.0,9440.33,9603.27,51856.2335,0.8083443004475325,0.00894185430797556,0.8315213820279843,0.01999132570374773,2.9986988555621595e-05,0.0074053560635051014,103694.4730371264,762.2497637475753,2020
2020-07-24 00:00:00+00:00,9603.27,9637.0,9463.44,9537.8,43931.136205,0.7977871564442109,-0.006817469466129933,0.8083443004475325,0.02317708158045184,3.4765622370677764e-05,-0.00554562820879189,103119.42204235589,-575.0509947705141,2020
2020-07-25 00:00:00+00:00,9538.1,9732.9,9513.0,9700.42,40679.545416,0.818432406839714,0.01705005347145061,0.7977871564442109,0.010557144003321528,1.5835716004982294e-05,0.013586477960205349,104520.45179720347,1401.0297548475792,2020
2020-07-26 00:00:00+00:00,9700.42,10111.0,9650.0,9931.54,65279.26931900001,0.807157797154146,0.023825772492325203,0.818432406839714,0.020645250395503023,3.0967875593254535e-05,0.019468816450115913,106555.34128852641,2034.889491322945,2020
2020-07-27 00:00:00+00:00,9931.54,11394.86,9917.21,11029.96,150188.933144,0.6706095793071459,0.11059916186210783,0.807157797154146,0.011274609685567927,1.691191452835189e-05,0.08925406394118544,116065.83853316739,9510.497244640981,2020
2020-07-28 00:00:00+00:00,11029.96,11242.23,10565.0,10906.27,97267.734187,0.6112332364097194,-0.011214002589311156,0.6706095793071459,0.1365482178470001,0.00020482232677050016,-0.007725039885537699,115169.22530115028,-896.6132320171164,2020
2020-07-29 00:00:00+00:00,10906.27,11342.82,10812.0,11100.53,76838.094233,0.5955477496802387,0.017811772494170874,0.6112332364097194,0.05937634289742655,8.906451434613983e-05,0.010798082833459543,116412.83213581746,1243.6068346671818,2020
2020-07-30 00:00:00+00:00,11100.52,11170.0,10831.0,11099.61,60794.826455999995,0.5809569022660654,-8.287892560088217e-05,0.5955477496802387,0.01568548672948067,2.3528230094221002e-05,-7.28865877317423e-05,116404.34720171489,-8.484934102569241,2020
2020-07-31 00:00:00+00:00,11099.79,11444.0,10960.0,11335.46,70063.660974,0.5594582863898374,0.021248494316466804,0.5809569022660654,0.01459084741417327,2.1886271121259903e-05,0.012322573164791392,117838.74828680781,1434.401085092919,2020
2020-08-01 00:00:00+00:00,11335.46,11861.0,11220.0,11801.17,85087.485126,0.5436946584983622,0.04108434946618855,0.5594582863898374,0.021498615876228033,3.224792381434205e-05,0.022952731825980736,120543.46947494417,2704.721188136362,2020
2020-08-02 00:00:00+00:00,11801.17,12123.46,10518.5,11071.35,97553.077604,0.4199921325251787,-0.06184302064964742,0.5436946584983622,0.01576362789147523,2.3645441837212845e-05,-0.03364736543445443,116487.4993067837,-4055.970168160464,2020
2020-08-03 00:00:00+00:00,11071.36,11473.0,10936.0,11219.81,56931.841475,0.40739376781091247,0.013409385485961378,0.4199921325251787,0.12370252597318349,0.00018555378895977523,0.005446282617141324,117121.92314937251,634.4238425888034,2020
2020-08-04 00:00:00+00:00,11219.68,11414.98,11000.0,11191.97,58629.113709,0.392801159482089,-0.0024813254413399433,0.40739376781091247,0.01259836471426623,1.8897547071399346e-05,-0.0010297740677839542,117001.3140301443,-120.60911922820378,2020
2020-08-05 00:00:00+00:00,11191.99,11780.93,11093.0,11744.91,74970.256852,0.3900208323527582,0.04940506452393989,0.392801159482089,0.014592608328823475,2.1888912493235213e-05,0.019384477716797775,119269.3233947977,2268.0093646533933,2020
2020-08-06 00:00:00+00:00,11744.91,11900.0,11562.5,11762.46,63529.08502,0.3809176513266752,0.0014942643238644582,0.3900208323527582,0.002780327129330795,4.170490693996193e-06,0.0005786237246546512,119338.33545493742,69.01206013972114,2020
2020-08-07 00:00:00+00:00,11762.47,11909.94,11322.0,11594.23,65755.926022,0.35741986094814926,-0.014302280305310222,0.3809176513266752,0.009103181026082985,1.3654771539124478e-05,-0.005461645794053657,118686.5517370306,-651.7837179068156,2020
2020-08-08 00:00:00+00:00,11594.36,11808.27,11512.0,11761.41,41858.16104,0.3567827648046104,0.014419241295023477,0.35741986094814926,0.02349779037852595,3.524668556778893e-05,0.0051184765330773135,119294.04606688848,607.4943298578728,2020
2020-08-09 00:00:00+00:00,11761.02,11797.11,11521.97,11681.68,41493.067342,0.34815557997037133,-0.006778949122596689,0.3567827648046104,0.0006370961435388511,9.556442153082768e-07,-0.002419567854645143,119005.40602777447,-288.64003911400505,2020
2020-08-10 00:00:00+00:00,11681.69,12067.35,11450.0,11892.92,84952.337887,0.3436115605912623,0.018083015456680895,0.34815557997037133,0.008627184834239077,1.2940777251358615e-05,0.006282761956682568,119753.08866540533,747.68263763086,2020
2020-08-11 00:00:00+00:00,11892.9,11935.0,11125.0,11392.08,90748.28463400001,0.3139215330516994,-0.04211245009635989,0.3436115605912623,0.004544019379109032,6.816029068663548e-06,-0.014477140727000539,118019.40634830328,-1733.6823171020515,2020
2020-08-12 00:00:00+00:00,11392.09,11617.52,11150.0,11564.33,64909.613644,0.31199262783210796,0.015120153650606483,0.3139215330516994,0.029690027539562902,4.453504130934435e-05,0.004702006772666292,118574.33439625904,554.9280479557638,2020
2020-08-13 00:00:00+00:00,11564.34,11792.96,11270.36,11780.0,70132.491502,0.3085592228777677,0.0186495888650704,0.31199262783210796,0.001928905219591437,2.8933578293871554e-06,0.005815640880172347,119263.92014271316,689.5857464541186,2020
2020-08-14 00:00:00+00:00,11779.77,11850.0,11634.03,11760.54,59818.852697,0.3081505029382512,-0.0016519524617996106,0.3085592228777677,0.0034334049543402467,5.15010743151037e-06,-0.0005148752752754135,119202.51409899927,-61.406043713897816,2020
2020-08-15 00:00:00+00:00,11760.55,11980.0,11680.0,11852.4,56237.90505,0.31478578351582587,0.007810865827589497,0.3081505029382512,0.00040871993951652197,6.13079909274783e-07,0.002406309153245628,119489.35219976558,286.838100766312,2020
2020-08-16 00:00:00+00:00,11852.4,11931.72,11686.0,11911.0,41368.236906,0.3531318912881726,0.004944146333232036,0.31478578351582587,0.006635280577574676,9.952920866362014e-06,0.0015463940564569819,119674.1298238172,184.77762405162503,2020
2020-08-17 00:00:00+00:00,11910.99,12468.0,11769.78,12281.13,84734.21154,0.3633852848960809,0.031074636890269458,0.3531318912881726,0.038346107772346705,5.7519161658520056e-05,0.010915926134495551,120980.48378518403,1306.3539613668254,2020
2020-08-18 00:00:00+00:00,12281.15,12387.77,11817.93,11945.01,75923.83552699999,0.35214526635347587,-0.02736881703882288,0.3633852848960809,0.010253393607908334,1.53800904118625e-05,-0.009960805467333227,119775.42072085594,-1205.0630643280892,2020
2020-08-19 00:00:00+00:00,11945.1,12020.08,11561.0,11754.59,73940.169606,0.3426690160924068,-0.015941384728853314,0.35214526635347587,0.011240018542605035,1.6860027813907554e-05,-0.005630543199199191,119101.02004028492,-674.4006805710233,2020
2020-08-20 00:00:00+00:00,11754.38,11888.0,11668.0,11853.55,46085.254350999996,0.35423464629161777,0.008418838938661244,0.3426690160924068,0.009476250261069075,1.4214375391603612e-05,0.002870660880359887,119442.91867932552,341.8986390406062,2020
2020-08-21 00:00:00+00:00,11853.54,11878.0,11485.81,11531.34,64448.306142,0.35296232039235664,-0.027182573996819448,0.35423464629161777,0.011565630199210974,1.734844529881646e-05,-0.00964635793035788,118290.72953349813,-1152.1891458273894,2020
2020-08-22 00:00:00+00:00,11531.23,11686.0,11376.81,11662.96,43678.701646,0.40859254602938444,0.01141411145625737,0.35296232039235664,0.0012723258992611286,1.908488848891693e-06,0.0040268427759686904,118767.06770318415,476.33816968601604,2020
2020-08-23 00:00:00+00:00,11663.51,11718.07,11514.13,11648.13,37900.00469,0.4238193588122,-0.001271546845740712,0.40859254602938444,0.0556302256370278,8.34453384555417e-05,-0.0006029899015523722,118695.45236072215,-71.61534246199881,2020
2020-08-24 00:00:00+00:00,11648.12,11824.9,11585.09,11748.2,46212.391867,0.4363152471881149,0.008591078567976362,0.4238193588122,0.015226812782815569,2.2840219174223355e-05,0.003618225191010752,119124.91923651214,429.4668757899926,2020
2020-08-25 00:00:00+00:00,11748.19,11767.85,11117.64,11318.42,69590.923272,0.42223713235439075,-0.03658262542346913,0.4363152471881149,0.012495888375914865,1.87438325638723e-05,-0.01598030108699502,117221.26716014871,-1903.6520763634326,2020
2020-08-26 00:00:00+00:00,11318.42,11539.32,11244.0,11461.43,53998.231231,0.429725259625765,0.012635155790295949,0.42223713235439075,0.01407811483372412,2.111717225058618e-05,0.005313914775494951,117844.17098371327,622.9038235645567,2020
2020-08-27 00:00:00+00:00,11461.42,11592.2,11125.0,11330.38,63246.036383,0.43102477072117645,-0.011434000818397072,0.429725259625765,0.0074881272713742675,1.1232190907061401e-05,-0.004924711161153953,117263.82247959284,-580.3485041204258,2020
2020-08-28 00:00:00+00:00,11330.38,11542.65,11276.89,11526.91,45953.908364999996,0.4401276426587302,0.017345402360732898,0.43102477072117645,0.001299511095411432,1.949266643117148e-06,0.007474348808958332,118140.2931914771,876.4707118842634,2020
2020-08-29 00:00:00+00:00,11526.9,11580.02,11417.04,11465.84,32973.7992,0.44384831184349194,-0.005298037375150777,0.4401276426587302,0.00910287193755377,1.3654307906330654e-05,-0.002345467008549289,117863.19903141615,-277.09416006095125,2020
2020-08-30 00:00:00+00:00,11465.84,11719.0,11458.0,11711.16,43177.879054000005,0.47417225224732185,0.021395728529266078,0.44384831184349194,0.0037206691847617157,5.5810037771425735e-06,0.009490876984599245,118981.82415443465,1118.6251230185007,2020
2020-08-31 00:00:00+00:00,11711.17,11800.77,11570.0,11649.51,55353.617744,0.5097417047410945,-0.005264209523223928,0.47417225224732185,0.030323940403829908,4.5485910605744863e-05,-0.0025416279965346355,118679.416619085,-302.40753534965916,2020
2020-09-01 00:00:00+00:00,11649.51,12050.85,11515.0,11921.97,78148.19366799999,0.5167440576679402,0.023388108169356325,0.5097417047410945,0.035569452493772635,5.3354178740658956e-05,0.011868539950176152,120087.9680164922,1408.5513974072092,2020
2020-09-02 00:00:00+00:00,11921.97,11954.57,11160.1,11388.54,87221.845602,0.4757713404986394,-0.044743444246210906,0.5167440576679402,0.007002352926845701,1.0503529390268551e-05,-0.023131412463216545,117310.16369643314,-2777.804320059062,2020
2020-09-03 00:00:00+00:00,11388.54,11462.6,9960.8,10140.85,121950.106015,0.361768882441273,-0.1095566244663495,0.4757713404986394,0.04097271716930079,6.145907575395118e-05,-0.05218536115861509,111188.29043635854,-6121.873260074601,2020
2020-09-04 00:00:00+00:00,10138.29,10627.05,9875.5,10446.25,92733.599113,0.3544814412705498,0.03011581869369917,0.361768882441273,0.11400245805736642,0.00017100368708604962,0.010723962385537498,112380.66948071026,1192.379044351721,2020
2020-09-05 00:00:00+00:00,10446.25,10565.68,9825.0,10166.69,90001.605568,0.3274809336477877,-0.02676175661122404,0.3544814412705498,0.0072874411707231634,1.0931161756084746e-05,-0.009497477216234448,111313.33663277206,-1067.3328479382035,2020
2020-09-06 00:00:00+00:00,10166.69,10347.14,9994.86,10256.2,56368.788815,0.3425171908014796,0.008804242088624736,0.3274809336477877,0.027000507622762127,4.050076143414319e-05,0.0028427206578098335,111629.76935430778,316.4327215357189,2020
2020-09-07 00:00:00+00:00,10255.89,10410.75,9875.0,10373.44,62620.23067600001,0.34769296703702585,0.011431134338253823,0.3425171908014796,0.01503625715369189,2.2554385730537834e-05,0.003892805635482492,112064.32234953785,434.55299523007125,2020
2020-09-08 00:00:00+00:00,10373.45,10438.0,9850.0,10126.65,73491.87841800001,0.33481442499475317,-0.02379056513557709,0.34769296703702585,0.00517577623554627,7.763664353319406e-06,-0.008279575843829741,111136.47729325746,-927.8450562803919,2020
2020-09-09 00:00:00+00:00,10126.66,10343.0,9981.01,10219.2,49347.113776,0.3328981229491042,0.009139251381256486,0.33481442499475317,0.012878542042272678,1.9317813063409017e-05,0.0030406353830344846,111474.40279846117,337.9255052037188,2020
2020-09-10 00:00:00+00:00,10219.29,10483.35,10070.83,10336.87,58253.75375,0.33602272063271055,0.011514599968686312,0.3328981229491042,0.0019163020456489654,2.8744530684734484e-06,0.003830314263017014,111901.38479346142,426.981995000242,2020
2020-09-11 00:00:00+00:00,10336.86,10397.6,10200.0,10387.89,43830.254467,0.3416271963228775,0.004935730061420784,0.33602272063271055,0.003124597683606345,4.6868965254095175e-06,0.001653830547021858,112086.4507218869,185.0659284254798,2020
2020-09-12 00:00:00+00:00,10387.89,10477.97,10269.25,10440.92,35379.153095999995,0.3431994085476393,0.005104982821342974,0.3416271963228775,0.005604475690166977,8.406713535250466e-06,0.0017355942549966029,112280.98732182277,194.53659993587644,2020
2020-09-13 00:00:00+00:00,10440.67,10580.11,10200.0,10332.83,43837.609865,0.33473104978820106,-0.01035253598341912,0.3431994085476393,0.001572212224761782,2.3583183371426732e-06,-0.003555342544814738,111881.7899506237,-399.1973711990722,2020
2020-09-14 00:00:00+00:00,10332.84,10750.0,10212.34,10671.77,67059.29136100001,0.349771689721503,0.03280224294796308,0.33473104978820106,0.008468358759438244,1.2702538139157365e-05,0.010967226679240138,113108.82290229134,1227.032951667643,2020
2020-09-15 00:00:00+00:00,10671.77,10930.04,10606.48,10785.31,61822.452785999994,0.35245426080808245,0.010639284767194113,0.349771689721503,0.015040639933301958,2.2560959899952937e-05,0.0036987596505497797,113527.18525256352,418.3623502721748,2020
2020-09-16 00:00:00+00:00,10785.23,11093.0,10661.22,10954.01,64991.51244,0.35929144740694674,0.015641645905402957,0.35245426080808245,0.0026825710865794328,4.02385662986915e-06,0.0055089408887807,114152.59980538955,625.4145528260269,2020
2020-09-17 00:00:00+00:00,10954.01,11045.46,10745.83,10939.99,55601.614529,0.357566735077443,-0.001279896585816509,0.35929144740694674,0.006837186598864287,1.025577989829643e-05,-0.00047011167674751935,114098.93533528995,-53.664470099596656,2020
2020-09-18 00:00:00+00:00,10940.0,11038.03,10812.84,10933.39,47266.728275,0.35505228862694094,-0.0006032912278713942,0.357566735077443,0.0017247123295037192,2.587068494255579e-06,-0.00021830394314509172,114074.02708779759,-24.908247492363444,2020
2020-09-19 00:00:00+00:00,10933.4,11179.79,10887.37,11080.65,38440.036858,0.3586691416092372,0.013468832631050365,0.35505228862694094,0.0025144464505020836,3.7716696757531254e-06,0.004778368181111901,114619.11478912523,545.0877013276477,2020
2020-09-20 00:00:00+00:00,11080.64,11080.64,10723.0,10920.28,39157.922565,0.34891527152538965,-0.014472977668277487,0.3586691416092372,0.003616852982296248,5.425279473444372e-06,-0.00519643575628419,114023.5039226814,-595.6108664438361,2020
2020-09-21 00:00:00+00:00,10920.28,10988.86,10296.35,10417.22,70683.43117899999,0.327620256715853,-0.04606658437329458,0.34891527152538965,0.009753870083847538,1.4630805125771307e-05,-0.01608796559998112,112189.09771398398,-1834.4062086974154,2020
2020-09-22 00:00:00+00:00,10417.22,10572.71,10353.0,10529.61,43991.235475999994,0.3513793656356247,0.010788866895390603,0.327620256715853,0.02129501480953666,3.1942522214304995e-05,0.0035027088197267324,112582.06345602396,392.96574203997443,2020
2020-09-23 00:00:00+00:00,10529.61,10537.15,10136.82,10241.46,51876.568079,0.38706551664698613,-0.027365685908595005,0.3513793656356247,0.023759108919771732,3.5638663379657596e-05,-0.009651376018125525,111495.4916287134,-1086.5718273105595,2020
2020-09-24 00:00:00+00:00,10241.46,10795.24,10190.93,10736.32,57676.619427,0.4130878218600237,0.04831928260228535,0.38706551664698613,0.03568615101136141,5.352922651704212e-05,0.018649198857948267,113574.79322386197,2079.3015951485722,2020
2020-09-25 00:00:00+00:00,10736.33,10760.53,10556.24,10686.67,48101.117008,0.44009845758087063,-0.004624489583022862,0.4130878218600237,0.026022305213037555,3.903345781955633e-05,-0.0019493537868848394,113353.39577059638,-221.39745326558477,2020
2020-09-26 00:00:00+00:00,10686.57,10820.94,10644.68,10728.6,28420.836659,0.45226416915201495,0.003923579562202351,0.44009845758087063,0.027010635720846943,4.051595358127041e-05,0.0016862453599398117,113544.53740824797,191.14163765158446,2020
2020-09-27 00:00:00+00:00,10728.59,10799.0,10594.82,10774.25,30549.483253,0.47534426442673583,0.004254982010700292,0.45226416915201495,0.012165711571144322,1.8248567356716484e-05,0.0019061273364694212,113760.9677549086,216.43034666063613,2020
2020-09-28 00:00:00+00:00,10774.26,10950.0,10626.0,10696.12,50095.251734000005,0.4900725447430098,-0.007251548831705201,0.47534426442673583,0.02308009527472088,3.462014291208132e-05,-0.003481602288273546,113364.89730925689,-396.07044565171236,2020
2020-09-29 00:00:00+00:00,10696.11,10867.54,10635.87,10840.48,41874.898399,0.5063131034066202,0.013496482836766965,0.4900725447430098,0.01472828031627399,2.2092420474410984e-05,0.006592163268420332,114112.21722122721,747.3199119703204,2020
2020-09-30 00:00:00+00:00,10840.58,10849.34,10665.13,10776.59,39596.027322,0.5210197691070495,-0.005893650465662037,0.5063131034066202,0.01624055866361035,2.4360837995415525e-05,-0.0030083932956586333,113768.92279198614,-343.2944292410684,2020
2020-10-01 00:00:00+00:00,10776.59,10920.0,10437.0,10619.13,60866.332893,0.49179922807903154,-0.01461130097739649,0.5210197691070495,0.014706665700429333,2.2059998550644e-05,-0.00763483666014737,112900.31564946841,-868.6071425177361,2020
2020-10-02 00:00:00+00:00,10619.13,10664.64,10374.0,10570.4,50130.393704999995,0.4836991012541771,-0.004588888166921379,0.49179922807903154,0.029220541028017966,4.383081154202695e-05,-0.002300642469774963,112640.57238843423,-259.74326103417843,2020
2020-10-03 00:00:00+00:00,10570.4,10603.56,10496.46,10542.06,22298.221341,0.5023868891866333,-0.0026810716718383976,0.4836991012541771,0.008100126824854448,1.2150190237281673e-05,-0.0013089821483035487,112493.12789000307,-147.4444984311558,2020
2020-10-04 00:00:00+00:00,10542.07,10696.87,10517.87,10666.63,23212.001595,0.5375806537896648,0.011816476096702111,0.5023868891866333,0.018687787932456235,2.803168189868435e-05,0.0059084109854717,113157.78352261845,664.6556326153805,2020
2020-10-05 00:00:00+00:00,10666.62,10798.0,10615.64,10792.21,34025.761653,0.5565200279414928,0.011773165470256197,0.5375806537896648,0.035193764603031474,5.279064690454721e-05,0.006276235343769686,113867.98840298575,710.2048803672951,2020
2020-10-06 00:00:00+00:00,10792.2,10800.0,10525.0,10599.66,48674.740471,0.561033422184282,-0.0178415727640584,0.5565200279414928,0.018939374151828003,2.8409061227742005e-05,-0.0099576016344017,112734.13633555816,-1133.8520674275933,2020
2020-10-07 00:00:00+00:00,10599.65,10681.87,10546.17,10666.39,32811.990279,0.5806064300222403,0.006295484949517149,0.561033422184282,0.0045133942427891816,6.7700913641837725e-06,0.0035252073741730643,113131.54754428931,397.4112087311514,2020
2020-10-08 00:00:00+00:00,10666.4,10950.0,10530.41,10925.57,51959.691572,0.5753291577131816,0.024298755248964188,0.5806064300222403,0.019573007837958345,2.9359511756937518e-05,0.014078654027328334,114724.28746174161,1592.7399174523016,2020
2020-10-09 00:00:00+00:00,10925.44,11104.64,10829.0,11050.64,48240.073237,0.5835570990406146,0.011447457661247773,0.5753291577131816,0.005277272309058723,7.915908463588085e-06,0.006578140265739401,115478.95991655198,754.6724548103666,2020
2020-10-10 00:00:00+00:00,11050.64,11491.0,11050.51,11293.22,43648.036943,0.5881742600973718,0.021951669767542814,0.5835570990406146,0.008227941327432986,1.2341911991149479e-05,0.012797710816653696,116956.82625097195,1477.866334419974,2020
2020-10-11 00:00:00+00:00,11293.22,11445.0,11221.0,11369.02,29043.851339,0.6420036081481826,0.006711991796848116,0.5881742600973718,0.004617161056757246,6.92574158513587e-06,0.003940895067305634,117417.74083063212,460.91457966016605,2020
2020-10-12 00:00:00+00:00,11369.02,11720.01,11172.0,11528.25,52825.28371,0.6147083764351771,0.014005604704715013,0.6420036081481826,0.053829348050810744,8.074402207621611e-05,0.008910904732647983,118464.03913309662,1046.2983024645073,2020
2020-10-13 00:00:00+00:00,11528.24,11557.0,11300.0,11420.56,42205.283708999996,0.6241551893823375,-0.009341400472751782,0.6147083764351771,0.02729523171300552,4.094284756950828e-05,-0.005783179965805551,117778.94027531368,-685.0988577829412,2020
2020-10-14 00:00:00+00:00,11420.57,11547.98,11280.0,11417.89,41415.106015,0.6628019457797873,-0.00023378888600911196,0.6241551893823375,0.009446812947160432,1.4170219420740649e-05,-0.00016009076584324363,117760.08495456481,-18.855320748873055,2020
2020-10-15 00:00:00+00:00,11417.89,11617.34,11250.83,11505.12,48760.717679,0.6484229289961975,0.007639765315658353,0.6628019457797873,0.038646756397449855,5.7970134596174784e-05,0.005005681181923113,118349.55439580353,589.469441238718,2020
2020-10-16 00:00:00+00:00,11505.13,11541.15,11200.0,11319.32,48797.749502,0.6196163872238543,-0.01614933177576605,0.6484229289961975,0.014379016783589882,2.1568525175384823e-05,-0.01049316553654897,117107.69293035155,-1241.861465451977,2020
2020-10-17 00:00:00+00:00,11319.24,11402.42,11255.0,11360.2,22368.915241,0.6280677949616154,0.003611524367188146,0.6196163872238543,0.028806541772343208,4.3209812658514815e-05,0.0021945498681095205,117364.69160242646,256.9986720749148,2020
2020-10-18 00:00:00+00:00,11360.31,11505.0,11346.22,11503.14,23284.041191,0.6550222014491878,0.012582524955546459,0.6280677949616154,0.008451407737761096,1.2677111606641645e-05,0.00789000159227292,118290.69920604622,926.007603619757,2020
2020-10-19 00:00:00+00:00,11503.14,11823.99,11407.96,11751.47,47414.534692,0.6475180431925569,0.021588018575797507,0.6550222014491878,0.026954406487572413,4.0431609731358624e-05,0.014100199842713485,119958.62170438578,1667.9224983395543,2020
2020-10-20 00:00:00+00:00,11751.46,12038.38,11677.59,11909.99,62134.750663,0.636532210545631,0.013489376222719507,0.6475180431925569,0.007504158256630866,1.12562373849463e-05,0.008723358258238594,121005.06373767766,1046.4420332918817,2020
2020-10-21 00:00:00+00:00,11910.0,13217.68,11886.95,12780.96,114584.456767,0.5969607209189238,0.07312936450828245,0.636532210545631,0.010985832646925875,1.647874897038881e-05,0.04653271729728385,126635.75816012283,5630.694422445173,2020
2020-10-22 00:00:00+00:00,12780.75,13185.0,12678.08,12968.52,70038.824144,0.5868447833137059,0.014674953994066264,0.5969607209189238,0.0395714896267072,5.9357234440060804e-05,0.008701013881309777,127737.61764974422,1101.8594896213908,2020
2020-10-23 00:00:00+00:00,12968.84,13027.69,12720.08,12923.07,50386.999841,0.5683673464942207,-0.003504640467840603,0.5868447833137059,0.010115937605217895,1.5173906407826844e-05,-0.00207185388235019,127472.96397069443,-264.6536790497921,2020
2020-10-24 00:00:00+00:00,12923.06,13166.73,12870.0,13111.73,35952.20907,0.5673114180355929,0.01459869829692173,0.5683673464942207,0.018477436819485216,2.7716155229227825e-05,0.008269707258061875,128527.12806604955,1054.164095355125,2020
2020-10-25 00:00:00+00:00,13111.73,13350.0,12888.0,13028.83,38481.579504,0.5428120666292521,-0.006322582908586449,0.5673114180355929,0.0010559284586277862,1.5838926879416794e-06,-0.003588457368205724,128065.91394632663,-461.21411972292117,2020
2020-10-26 00:00:00+00:00,13029.64,13238.81,12765.0,13052.19,60951.672986000005,0.529811990724394,0.0017929468724360298,0.5428120666292521,0.024499351406340852,3.674902710951128e-05,0.0009364841700739441,128185.8456474634,119.93170113676751,2020
2020-10-27 00:00:00+00:00,13052.15,13789.29,13019.87,13636.17,80811.01945,0.5116112869079072,0.04474191687371998,0.529811990724394,0.013000075904858077,1.9500113857287117e-05,0.02368530393383365,131221.96636163906,3036.1207141756604,2020
2020-10-28 00:00:00+00:00,13636.16,13859.48,12888.0,13266.4,94440.561226,0.46695104241978,-0.027116851725961233,0.5116112869079072,0.018200703816486752,2.730105572473013e-05,-0.013900588464134663,129397.90380979139,-1824.0625518476736,2020
2020-10-29 00:00:00+00:00,13266.4,13642.91,12920.77,13455.7,74872.602132,0.4510429250846712,0.014269131037809801,0.46695104241978,0.04466024448812722,6.699036673219083e-05,0.006595995245797534,130251.41176813692,853.5079583455372,2020
2020-10-30 00:00:00+00:00,13455.69,13669.98,13115.0,13560.1,70657.778881,0.44905498288386814,0.007758793671083675,0.4510429250846712,0.01590811733510883,2.3862176002663245e-05,0.0034756868165313516,130704.12488285403,452.71311471710214,2020
2020-10-31 00:00:00+00:00,13560.1,14100.0,13411.5,13791.0,67339.238515,0.43537675348135485,0.017027898024350785,0.44905498288386814,0.001987942200803061,2.981913301204592e-06,0.0076434805425718896,131703.15931823,999.034435375972,2020
2020-11-01 00:00:00+00:00,13791.0,13895.0,13603.0,13761.5,36285.648526,0.4459211622841913,-0.002139076209121904,0.43537675348135485,0.013678229402513287,2.051734410376993e-05,-0.0009518213994804682,131577.8014328117,-125.35788541828515,2020
2020-11-02 00:00:00+00:00,13761.49,13830.0,13195.05,13549.37,64566.421908,0.4225688397452315,-0.015414744032263838,0.4459211622841913,0.010544408802836469,1.5816613204254703e-05,-0.006889577188384647,130671.28601356242,-906.5154192492919,2020
2020-11-03 00:00:00+00:00,13549.63,14066.11,13284.99,14023.53,74115.630787,0.4161505733872046,0.034994985006682855,0.4225688397452315,0.023352322538959802,3.5028483808439706e-05,0.014752761727367308,132599.04836072915,1927.762347166732,2020
2020-11-04 00:00:00+00:00,14023.53,14259.0,13525.0,14144.01,93016.988262,0.4056402519335199,0.008591274807412841,0.4161505733872046,0.006418266358026892,9.627399537040338e-06,0.003565636537694859,133071.84837242775,472.80001169859315,2020
2020-11-05 00:00:00+00:00,14144.01,15750.0,14093.56,15590.02,143741.522673,0.3991662749011223,0.1022347976281126,0.4056402519335199,0.010510321453684746,1.576548218052712e-05,0.04145478358405949,138588.31304783752,5516.464675409778,2020
2020-11-06 00:00:00+00:00,15590.02,15960.0,15166.0,15579.92,122618.19769500001,0.3789326799080447,-0.0006478503555480408,0.3991662749011223,0.006473977032397604,9.710965548596406e-06,-0.00026831097866607544,138551.12828193197,-37.184765905549284,2020
2020-11-07 00:00:00+00:00,15579.93,15753.52,14344.22,14818.3,101431.206553,0.3285863204537994,-0.048884718278399464,0.3789326799080447,0.020233594993077586,3.035039248961638e-05,-0.0185543676962733,135980.39970305547,-2570.7285788765003,2020
2020-11-08 00:00:00+00:00,14818.3,15650.0,14703.88,15475.1,65547.178574,0.3307703869781536,0.04432357287948019,0.3285863204537994,0.050346359454245315,7.551953918136798e-05,0.014488600182652842,137950.56534703035,1970.1656439748767,2020
2020-11-09 00:00:00+00:00,15475.1,15840.0,14805.54,15328.41,108976.334134,0.31327160423816386,-0.009479098681107079,0.3307703869781536,0.0021840665243542112,3.276099786531317e-06,-0.0031386812387404254,137517.582495702,-432.98285132835736,2020
2020-11-10 00:00:00+00:00,15328.41,15460.0,15072.46,15297.21,61681.919605999996,0.3330778754237346,-0.002035436160697679,0.31327160423816386,0.017498782739989727,2.624817410998459e-05,-0.0006638925254961155,137426.2856005588,-91.29689514319762,2020
2020-11-11 00:00:00+00:00,15297.21,15965.0,15272.68,15684.24,78469.74645800001,0.33717097870258717,0.025300692086988485,0.3330778754237346,0.019806271185570767,2.9709406778356153e-05,0.008397391360305862,138580.30790393986,1154.0223033810616,2020
2020-11-12 00:00:00+00:00,15684.25,16340.7,15440.64,16291.86,102196.356592,0.3365834500768259,0.03874079968171884,0.33717097870258717,0.004093103278852539,6.1396549182788085e-06,0.01305613368948774,140389.63093066405,1809.3230267241888,2020
2020-11-13 00:00:00+00:00,16291.85,16480.0,15952.35,16320.7,75691.881014,0.33213391454222674,0.0017702091719422608,0.3365834500768259,0.00058752862576128,8.812929386419199e-07,0.0005949418175113253,140473.1545928497,83.52366218564566,2020
2020-11-14 00:00:00+00:00,16320.04,16326.99,15670.0,16070.45,59116.347179000004,0.32296053990674894,-0.015333288400620093,0.33213391454222674,0.004449535534599147,6.674303301898721e-06,-0.00509937940260477,139756.8286817,-716.3259111497027,2020
2020-11-15 00:00:00+00:00,16069.56,16180.0,15774.72,15957.0,43596.841513,0.32209305501169583,-0.007059540958716193,0.32296053990674894,0.009173374635477793,1.376006195321669e-05,-0.0022937132214740064,139436.2665959615,-320.5620857384929,2020
2020-11-16 00:00:00+00:00,15957.0,16880.0,15864.0,16713.57,81300.67592400001,0.3321012229375577,0.04741304756533182,0.32209305501169583,0.0008674848950531167,1.301227342579675e-06,0.015270112110389995,141565.47401913605,2129.20742317455,2020
2020-11-17 00:00:00+00:00,16713.08,17858.82,16538.0,17659.38,115221.40310200001,0.3433066209378898,0.05658934626175016,0.3321012229375577,0.0100081679258619,1.501225188879285e-05,0.018778378846875346,144223.84412190487,2658.370102768822,2020
2020-11-18 00:00:00+00:00,17659.38,18476.93,17214.45,17776.12,149019.788134,0.334391406492156,0.006610651110061427,0.3433066209378898,0.011205398000332045,1.6808097000498067e-05,0.0022526721977940006,144548.73316581728,324.88904391240794,2020
2020-11-19 00:00:00+00:00,17777.75,18179.8,17335.65,17802.82,93009.561008,0.3291918200667035,0.0015020150629045936,0.334391406492156,0.008915214445733788,1.3372821668600682e-05,0.0004888881077884706,144619.4013224579,70.66815664063324,2020
2020-11-20 00:00:00+00:00,17802.81,18815.22,17740.04,18655.67,88423.01848900001,0.3372829198997138,0.04790533185192003,0.3291918200667035,0.005199586425452485,7.799379638178727e-06,0.0157622440035948,146898.9276137563,2279.526291298389,2020
2020-11-21 00:00:00+00:00,18655.66,18965.9,18308.58,18703.8,75577.458394,0.3311879907627067,0.0025799127021437496,0.3372829198997138,0.008091099833010318,1.2136649749515478e-05,0.000858023839515889,147024.9703956482,126.04278189191245,2020
2020-11-22 00:00:00+00:00,18703.8,18750.0,17610.86,18414.43,81645.73777800001,0.3170512390767153,-0.015471187673093079,0.3311879907627067,0.006094929137007099,9.142393705510648e-06,-0.0051330139538699636,146270.28917104003,-754.6812246081827,2020
2020-11-23 00:00:00+00:00,18413.88,18766.0,18000.0,18368.0,82961.506093,0.3165141968468047,-0.0025213921907981662,0.3170512390767153,0.014136751685991433,2.120512752898715e-05,-0.0008206156458198995,146150.25748322767,-120.03168781235581,2020
2020-11-24 00:00:00+00:00,18368.01,19418.97,18018.0,19160.01,113581.50924099999,0.31850595401920107,0.043119011324041834,0.3165141968468047,0.0005370422299105782,8.055633448658672e-07,0.013646973674712513,148144.76619965374,1994.5087164260622,2020
2020-11-25 00:00:00+00:00,19160.0,19484.21,18500.27,18719.11,93266.576887,0.3226623674874595,-0.023011470244535204,0.31850595401920107,0.001991757172396358,2.987635758594537e-06,-0.007332277919378738,147058.5276015765,-1086.2385980772378,2020
2020-11-26 00:00:00+00:00,18718.83,18915.03,16188.0,17149.47,181005.246693,0.2672521474560998,-0.08385227716488652,0.3226623674874595,0.0041564134682584575,6.234620202387686e-06,-0.02706220888943931,143078.79900864925,-3979.7285929272475,2020
2020-11-27 00:00:00+00:00,17149.47,17457.62,16438.08,17139.52,85297.024787,0.2723647015875662,-0.000580192857272066,0.2672521474560998,0.0554102200313597,8.311533004703955e-05,-0.00023817311709168964,143044.72148509964,-34.077523549611215,2020
2020-11-28 00:00:00+00:00,17139.53,17880.49,16865.56,17719.85,64910.69997,0.2806097296678123,0.033859174585985974,0.2723647015875662,0.005112554131466385,7.668831197199577e-06,0.009214375150916176,144362.78921222166,1318.0677271220193,2020
2020-11-29 00:00:00+00:00,17719.84,18360.05,17517.0,18184.99,55329.016303,0.29078217279994384,0.02624965786956457,0.2806097296678123,0.008245028080246075,1.2367542120369112e-05,0.007353541856530706,145424.36702521922,1061.577812997566,2020
2020-11-30 00:00:00+00:00,18185.0,19863.16,18184.99,19695.87,115463.466888,0.295521848459184,0.08308390601259585,0.29078217279994384,0.010172443132131559,1.5258664698197339e-05,0.024144060050350743,148935.50167546037,3511.134650241147,2020
2020-12-01 00:00:00+00:00,19695.87,19888.0,18001.12,18764.96,127698.762652,0.26635312530876365,-0.047264223413334916,0.295521848459184,0.004739675659240161,7.109513488860242e-06,-0.013974720182585438,146854.16971429283,-2081.3319611675397,2020
2020-12-02 00:00:00+00:00,18764.96,19342.0,18330.0,19204.09,75911.01347800001,0.27121405941603655,0.023401595313818913,0.26635312530876365,0.02916872315042035,4.375308472563053e-05,0.006189334964320954,147763.09936156182,908.9296472689894,2020
2020-12-03 00:00:00+00:00,19204.08,19598.0,18867.2,19421.9,66689.391279,0.27180704717341,0.011341854781976135,0.27121405941603655,0.004860934107272896,7.291401160909344e-06,0.0030687790755660246,148216.55166902338,453.4523074615572,2020
2020-12-04 00:00:00+00:00,19422.34,19527.0,18565.31,18650.52,71283.6682,0.2575151339392739,-0.03971702047688441,0.27180704717341,0.000592987757373431,8.894816360601465e-07,-0.010796255539983871,146616.3679019494,-1600.1837670739915,2020
2020-12-05 00:00:00+00:00,18650.51,19177.0,18500.0,19147.66,42922.748573,0.2612583077780137,0.026655557056854073,0.2575151339392739,0.014291913234136089,2.1437869851204133e-05,0.00684277147587053,147619.6302021246,1003.2623001752072,2020
2020-12-06 00:00:00+00:00,19147.66,19420.0,18857.0,19359.4,37043.091861,0.2694504343935782,0.011058270305614348,0.2612583077780137,0.0037431738387397884,5.6147607581096825e-06,0.0028834502262385527,148045.28405822814,425.65385610354133,2020
2020-12-07 00:00:00+00:00,19358.67,19420.91,18902.88,19166.9,41372.296293,0.2766125364356277,-0.009943489984193699,0.2694504343935782,0.00819212661556451,1.2288189923346765e-05,-0.0026915658855525327,147646.8104221401,-398.4736360880488,2020
2020-12-08 00:00:00+00:00,19166.9,19294.84,18200.0,18324.11,61626.947614000004,0.26650259939744997,-0.04397111687335986,0.2766125364356277,0.007162102042049534,1.07431530630743e-05,-0.012173705321310574,145849.40166042955,-1797.4087617105397,2020
2020-12-09 00:00:00+00:00,18324.11,18639.57,17650.0,18541.28,79585.553801,0.2678572278342086,0.01185159879524833,0.26650259939744997,0.010109937038177752,1.5164905557266628e-05,0.0031433169803920997,146307.8525612488,458.4509008192399,2020
2020-12-10 00:00:00+00:00,18541.29,18557.32,17911.12,18254.63,52890.675094,0.2690248297295554,-0.015460097684733665,0.2678572278342086,0.0013546284367586536,2.0319426551379806e-06,-0.0041431308505339645,145701.6799836269,-606.1725776218809,2020
2020-12-11 00:00:00+00:00,18254.81,18292.73,17572.33,18036.53,72610.72425900001,0.2650261107383011,-0.011947653828097482,0.2690248297295554,0.0011676018953467593,1.751402843020139e-06,-0.003215966939614616,145233.10819775326,-468.57178587364615,2020
2020-12-12 00:00:00+00:00,18036.53,18948.66,18020.7,18808.69,49519.978432,0.27913009068849814,0.04281089544385752,0.2650261107383011,0.0039987189912542576,5.998078486881386e-06,0.011340007038222733,146880.05266689876,1646.9444691454992,2020
2020-12-13 00:00:00+00:00,18808.69,19411.0,18711.12,19174.99,56560.821744,0.2854580652173257,0.019475040526480303,0.27913009068849814,0.014103979950197021,2.1155969925295533e-05,0.005414913858393328,147675.3954996063,795.342832707538,2020
2020-12-14 00:00:00+00:00,19174.99,19349.0,19000.0,19273.14,47257.201294,0.3019776841772994,0.005118646737234167,0.2854580652173257,0.006327974528827551,9.491961793241327e-06,0.0014516670323486008,147889.7710027421,214.37550313581596,2020
2020-12-15 00:00:00+00:00,19273.69,19570.0,19050.0,19426.43,61834.366011000006,0.31159163755176983,0.007953556088940328,0.3019776841772994,0.016519618959973725,2.4779428439960587e-05,0.0023770170202724985,148241.30750553985,351.53650279773865,2020
2020-12-16 00:00:00+00:00,19426.43,21560.0,19278.6,21335.52,114306.33557,0.35018260056741846,0.098272816981813,0.31159163755176983,0.009613953374470408,1.4420930061705611e-05,0.03060656704012678,152778.46502182423,4537.15751628438,2020
2020-12-17 00:00:00+00:00,21335.52,23800.0,21230.0,22797.16,184882.47674800002,0.34612601266002235,0.06850735299631783,0.35018260056741846,0.03859096301564863,5.7886444523472943e-05,0.02393219658571723,156434.78928079063,3656.3242589664005,2020
2020-12-18 00:00:00+00:00,22797.15,23285.18,22350.0,23107.39,79646.134315,0.3521940703261156,0.013608274013078736,0.34612601266002235,0.004056587907396103,6.084881861094155e-06,0.004704092741470849,157170.67303755993,735.8837567692972,2020
2020-12-19 00:00:00+00:00,23107.39,24171.47,22750.0,23821.61,86045.06467699999,0.3531659510537489,0.030908726602182357,0.3521940703261156,0.006068057666093252,9.102086499139877e-06,0.010876768144120554,158880.18200724485,1709.5089696849172,2020
2020-12-20 00:00:00+00:00,23821.6,24295.0,23060.0,23455.52,76690.145685,0.35516883414781497,-0.015367978906547508,0.3531659510537489,0.000971880727633323,1.4578210914499846e-06,-0.005428904707396253,158017.63663923377,-862.5453680110804,2020
2020-12-21 00:00:00+00:00,23455.54,24102.77,21815.0,22719.71,88030.29724300001,0.33750341570116266,-0.03137044073207507,0.35516883414781497,0.0020028830940660436,3.0043246410990653e-06,-0.011144807186155329,156256.56054687756,-1761.0760923562048,2020
2020-12-22 00:00:00+00:00,22719.88,23837.1,22353.4,23810.79,87033.12616,0.34599177902923217,0.04802350029995983,0.33750341570116266,0.017665418446652315,2.6498127669978474e-05,0.016181597257492273,158785.0412784881,2528.480731610529,2020
2020-12-23 00:00:00+00:00,23810.79,24100.0,22600.0,23232.76,119047.259733,0.3259905318528434,-0.024275969003968445,0.34599177902923217,0.008488363328069515,1.2732544992104273e-05,-0.008412018248333644,157449.33861369104,-1335.7026647970488,2020
2020-12-24 00:00:00+00:00,23232.39,23794.43,22703.42,23729.2,69013.834252,0.33104361594216525,0.021368102627496777,0.3259905318528434,0.020001247176388792,3.000187076458319e-05,0.0069357972694592315,158541.37530652602,1092.0366928349831,2020
2020-12-25 00:00:00+00:00,23728.99,24789.86,23433.6,24712.47,79519.943569,0.33466298259497407,0.04143713230955948,0.33104361594216525,0.005053084089321869,7.579626133982803e-06,0.013709918487896513,160714.96463893753,2173.5893324115023,2020
2020-12-26 00:00:00+00:00,24712.47,26867.03,24500.0,26493.39,97806.513386,0.33288515044819117,0.07206564135434457,0.33466298259497407,0.0036193666528088198,5.42904997921323e-06,0.024112273428285445,164590.16781032883,3875.203171391302,2020
2020-12-27 00:00:00+00:00,26493.4,28422.0,25700.0,26281.66,148455.586214,0.30346593203378647,-0.007991804748278653,0.33288515044819117,0.0017778321467828984,2.6667482201743476e-06,-0.002663019874203482,164151.86092235142,-438.3068879774073,2020
2020-12-28 00:00:00+00:00,26281.54,27500.0,26101.0,27079.41,79721.74249599999,0.3092193276901757,0.03035386653658856,0.30346593203378647,0.029419218414404702,4.412882762160705e-05,0.009167235571733401,165656.67970096506,1504.8187786136405,2020
2020-12-29 00:00:00+00:00,27079.42,27410.0,25880.0,27385.0,69411.59260599999,0.3066825494639283,0.011284957833276321,0.3092193276901757,0.005753395656389215,8.630093484583824e-06,0.003480896980733102,166233.3135371744,576.6338362093375,2020
2020-12-30 00:00:00+00:00,27385.0,28996.0,27320.0,28875.54,95356.057826,0.31192069387351623,0.05442906700748584,0.3066825494639283,0.0025367782262473715,3.8051673393710574e-06,0.016688639867459373,169007.52144077077,2774.207903596369,2020
2020-12-31 00:00:00+00:00,28875.55,29300.0,27850.0,28923.63,75508.505152,0.30479131467086457,0.0016654233998740775,0.31192069387351623,0.005238144409587919,7.857216614381879e-06,0.0005116228058675308,169093.989543103,86.46810233223368,2020
2021-01-01 00:00:00+00:00,28923.63,29600.0,28624.57,29331.69,54182.925011,0.3085998265870228,0.014108187665241134,0.30479131467086457,0.0071293792026516645,1.0694068803977497e-05,0.004289358997308143,169819.29436854043,725.3048254374298,2021
2021-01-02 00:00:00+00:00,29331.7,33300.0,28946.53,32178.33,129993.873362,0.3016305242104879,0.09704998245924479,0.3085998265870228,0.0038085119161582193,5.712767874237329e-06,0.029943894989322307,174904.3454862728,5085.051117732364,2021
2021-01-03 00:00:00+00:00,32176.45,34778.11,31962.99,33000.05,120957.56675,0.28812497831527495,0.025536440206810118,0.3016305242104879,0.006969302376534869,1.0453953564802304e-05,0.007692115892485114,176249.7299818525,1345.3844955796958,2021
2021-01-04 00:00:00+00:00,33000.05,33600.0,28130.0,31988.71,140899.88569,0.24550911342958517,-0.03064662023239373,0.28812497831527495,0.013505545895212967,2.025831884281945e-05,-0.008850315108737728,174689.86433368316,-1559.8656481693324,2021
2021-01-05 00:00:00+00:00,31989.75,34360.0,29900.0,33949.53,116049.997038,0.2473870909855782,0.061297251436522426,0.24550911342958517,0.042615864885689775,6.392379732853466e-05,0.014985110058522452,177307.6111768318,2617.746843148634,2021
2021-01-06 00:00:00+00:00,33949.53,36939.21,33288.0,36769.36,127139.20131,0.26137775164355126,0.08305947092640165,0.2473870909855782,0.0018779775559930323,2.8169663339895484e-06,0.02054502392494972,180950.40029053547,3642.7891137036786,2021
2021-01-07 00:00:00+00:00,36769.36,40365.0,36300.0,39432.28,132825.70043700002,0.26176322001843133,0.0724222559217782,0.26137775164355126,0.013990660657973053,2.098599098695958e-05,0.01890858043080129,184371.91548841476,3421.5151978792856,2021
2021-01-08 00:00:00+00:00,39432.48,41950.0,36500.0,40582.81,139789.957499,0.2482607066882233,0.029177364331963496,0.26176322001843133,0.00038546837488007135,5.78202562320107e-07,0.007636982636623371,185779.9606056808,1408.0451172660396,2021
2021-01-09 00:00:00+00:00,40586.96,41380.0,38720.0,40088.22,75785.979675,0.238611906397204,-0.012187179744330034,0.2482607066882233,0.013502513330208021,2.0253769995312032e-05,-0.003045851625859087,185214.10241061792,-565.8581950628723,2021
2021-01-10 00:00:00+00:00,40088.22,41350.0,35111.11,38150.02,118209.544503,0.21125567793658903,-0.04834836767509265,0.238611906397204,0.009648800291019305,1.4473200436528957e-05,-0.011550969382583341,183074.69998445024,-2139.4024261676823,2021
2021-01-11 00:00:00+00:00,38150.02,38264.74,30420.0,35404.47,251156.138287,0.17628061409240228,-0.07196719687171849,0.21125567793658903,0.027356228460614973,4.103434269092246e-05,-0.01524451330702178,180283.81528435825,-2790.8847000919923,2021
2021-01-12 00:00:00+00:00,35410.37,36628.0,32531.0,34051.24,133948.151996,0.16283825849365197,-0.03822200981966406,0.17628061409240228,0.03497506384418675,5.246259576628013e-05,-0.00679026195862249,179059.64095167755,-1224.1743326807045,2021
2021-01-13 00:00:00+00:00,34049.15,37850.0,32380.0,37371.38,124477.914938,0.16754392450838676,0.09750423185763579,0.16283825849365197,0.013442355598750316,2.0163533398125476e-05,0.015857255778060547,181899.03547777596,2839.3945260984183,2021
2021-01-14 00:00:00+00:00,37371.38,40100.0,36701.23,39144.5,102950.389421,0.1705212447627097,0.04744593322483692,0.16754392450838676,0.004705666014734794,7.0584990221021915e-06,0.007942219355429934,183343.7175180816,1444.6820403056336,2021
2021-01-15 00:00:00+00:00,39145.21,39747.76,34408.0,36742.22,118300.920916,0.15371798417698734,-0.06136954105940806,0.1705212447627097,0.0029773202543229293,4.465980381484394e-06,-0.01046927651234797,181424.241442583,-1919.476075498591,2021
2021-01-16 00:00:00+00:00,36737.43,37950.0,35357.8,35994.98,86348.431508,0.15085260985446197,-0.020337366658846334,0.15371798417698734,0.016803260585722346,2.520489087858352e-05,-0.0031514238971447144,180852.4967525795,-571.7446900035138,2021
2021-01-17 00:00:00+00:00,35994.98,36852.5,33850.0,35828.61,80157.727384,0.1470096383776525,-0.004622033405769388,0.15085260985446197,0.0028653743225253714,4.298061483788057e-06,-0.0007015438635786076,180725.62079326986,-126.87595930963289,2021
2021-01-18 00:00:00+00:00,35824.99,37469.83,34800.0,36631.27,70698.11875,0.14809760128121566,0.02240276695076915,0.1470096383776525,0.0038429714768094814,5.764457215214222e-06,0.003287658210876183,181319.78486438654,594.1640711166838,2021
2021-01-19 00:00:00+00:00,36622.46,37850.0,35844.06,35891.49,79611.307769,0.14449299985981845,-0.02019531400358221,0.14809760128121566,0.0010879629035631666,1.6319443553447499e-06,-0.0029925095054068136,180777.18368466155,-542.6011797249957,2021
2021-01-20 00:00:00+00:00,35901.94,36415.31,33400.0,35468.23,89368.422918,0.13998024816483756,-0.011792767589197228,0.14449299985981845,0.0036046014213972077,5.406902132095812e-06,-0.0017093792677448424,180468.1669147897,-309.0167698718433,2021
2021-01-21 00:00:00+00:00,35468.23,35600.0,30071.0,30850.13,135004.076658,0.11516418330062733,-0.13020384721763678,0.13998024816483756,0.004512751694980888,6.769127542471332e-06,-0.01823273597308386,177177.7384758859,-3290.428438903793,2021
2021-01-22 00:00:00+00:00,30851.99,33826.53,28850.0,32945.17,142971.684049,0.12208087694988023,0.06791024867642359,0.11516418330062733,0.02481606486421023,3.722409729631535e-05,0.007783604229266515,178556.8198704187,1379.0813945327827,2021
2021-01-23 00:00:00+00:00,32950.0,33456.0,31390.16,32078.0,64595.287675,0.11992777780130082,-0.026321612545936124,0.12208087694988023,0.006916693649252903,1.0375040473879354e-05,-0.003223740582816731,177981.19900386373,-575.6208665549639,2021
2021-01-24 00:00:00+00:00,32078.0,33071.0,30900.0,32259.9,57978.037966,0.12553804394431398,0.005670553026996705,0.11992777780130082,0.002153099148579418,3.2296487228691273e-06,0.0006768271747092855,178101.6615159369,120.46251207316527,2021
2021-01-25 00:00:00+00:00,32259.45,34875.0,31910.0,32254.2,88499.226921,0.12788487817226687,-0.00017668994634212343,0.12553804394431398,0.0056102661430131595,8.41539921451974e-06,-3.059670946293571e-05,178096.21219114462,-5.449324792280095,2021
2021-01-26 00:00:00+00:00,32254.19,32921.88,30837.37,32467.77,84972.20691000001,0.13132928257856552,0.0066214632512975324,0.12788487817226687,0.0023468342279528986,3.520251341929348e-06,0.0008432647698723976,178246.39445253313,150.18226138851605,2021
2021-01-27 00:00:00+00:00,32464.01,32557.29,29241.72,30366.15,95911.961711,0.12402555842233143,-0.06472942243954538,0.13132928257856552,0.0034444044062986456,5.166606609447968e-06,-0.008506035217319843,176730.22434395962,-1516.1701085735112,2021
2021-01-28 00:00:00+00:00,30362.19,33783.98,29842.1,33364.86,92621.145617,0.13899954909325238,0.09875173507342883,0.12402555842233143,0.007303724156234093,1.0955586234351139e-05,0.01223678350142179,178892.83383741436,2162.6094934547436,2021
2021-01-29 00:00:00+00:00,33368.18,38531.9,31915.4,34252.2,231827.005626,0.13558038986521947,0.0265950464051099,0.13899954909325238,0.01497399067092095,2.2460986006381427e-05,0.0036742384724180177,179550.12876993968,657.2949325253139,2021
2021-01-30 00:00:00+00:00,34246.28,34933.0,32825.0,34262.88,84889.68134000001,0.14307171649925074,0.00031180478918146903,0.13558038986521947,0.003419159228032903,5.128738842049355e-06,3.7145876037016784e-05,179556.7983167654,6.669546825723955,2021
2021-01-31 00:00:00+00:00,34262.89,34342.69,32171.67,33092.98,68742.280384,0.14946172525315887,-0.03414482378597461,0.14307171649925074,0.0074913266340312645,1.1236989951046897e-05,-0.00489639553857488,178677.61721056642,-879.1811061989865,2021
2021-02-01 00:00:00+00:00,33092.97,34717.27,32296.16,33526.37,82718.276882,0.1551585700641409,0.013096130961913977,0.14946172525315887,0.006390008753908133,9.5850131308622e-06,0.0019477853145781119,179025.64284941298,348.0256388465641,2021
2021-02-02 00:00:00+00:00,33517.09,35984.33,33418.0,35466.24,78056.65987999999,0.1714733695451357,0.057861021041049066,0.1551585700641409,0.005696844810982038,8.545267216473057e-06,0.00896908801996387,180631.33959795997,1605.696748546994,2021
2021-02-03 00:00:00+00:00,35472.71,37662.63,35362.38,37618.87,80784.333663,0.18500978888320455,0.06069518505485805,0.1714733695451357,0.01631479948099479,2.4472199221492187e-05,0.010383135697300578,182506.85930819076,1875.5197102307866,2021
2021-02-04 00:00:00+00:00,37620.26,38708.27,36161.95,36936.66,92080.735898,0.18996458308357547,-0.018134781826248392,0.18500978888320455,0.013536419338068845,2.0304629007103267e-05,-0.003375416786124293,181890.82259169908,-616.0367164916825,2021
2021-02-05 00:00:00+00:00,36936.65,38310.12,36570.0,38290.24,66681.334275,0.19971276043789568,0.03664597719447271,0.18996458308357547,0.004954794200370927,7.4321913005563905e-06,0.006954005588137667,183155.6923884327,1264.8697967336338,2021
2021-02-06 00:00:00+00:00,38289.32,40955.51,38215.94,39186.94,98757.311183,0.20528615621921947,0.023418500380253615,0.19971276043789568,0.009748177354320209,1.4622266031480314e-05,0.004662351090224879,184009.62853052077,853.9361420880596,2021
2021-02-07 00:00:00+00:00,39181.01,39700.0,37351.0,38795.69,84363.679763,0.20433004426780946,-0.009984193713517775,0.20528615621921947,0.005573395781323792,8.360093671985688e-06,-0.002057976844068145,183630.9409759194,-378.6875546013762,2021
2021-02-08 00:00:00+00:00,38795.69,46794.45,37988.89,46374.87,138597.536914,0.21924697018244202,0.1953613919484356,0.20433004426780946,0.0009561119514100158,1.4341679271150237e-06,0.039916767697117606,190960.8945888583,7329.953612938902,2021
2021-02-09 00:00:00+00:00,46374.86,48142.19,44961.09,46420.42,115499.86171200001,0.2189159537264745,0.0009822129959609072,0.21924697018244202,0.014916925914632562,2.237538887194884e-05,0.0001929718345662992,190997.74466301754,36.85007415924338,2021
2021-02-10 00:00:00+00:00,46420.42,47310.0,43727.0,44807.58,97154.18220000001,0.2176706141009145,-0.03474419231881132,0.2189159537264745,0.00033101645596753104,4.965246839512966e-07,-0.0076065545226125806,189544.90990454223,-1452.8347584753064,2021
2021-02-11 00:00:00+00:00,44807.58,48678.9,43994.02,47969.51,89561.081454,0.2340869905625516,0.07056685498301851,0.2176706141009145,0.001245339625559977,1.8680094383399654e-06,0.015358462649885479,192456.0283237871,2911.1184192448563,2021
2021-02-12 00:00:00+00:00,47968.66,48985.8,46125.0,47287.6,85870.035697,0.22794367113961714,-0.014215488129855847,0.2340869905625516,0.0164163764616371,2.462456469245565e-05,-0.0033522854003880855,191810.86078982058,-645.1675339665089,2021
2021-02-13 00:00:00+00:00,47298.15,48150.0,46202.53,47153.69,63768.097399,0.22808070341684317,-0.0028318206041328953,0.22794367113961714,0.006143319422934473,9.214979134401711e-06,-0.0006547105636492623,191685.2801930388,-125.58059678177233,2021
2021-02-14 00:00:00+00:00,47156.78,49707.43,47014.17,48577.79,73735.47553299999,0.23595656159363082,0.03020124193885998,0.22808070341684317,0.00013703227722602906,2.055484158390436e-07,0.0068881149570616095,193005.63043858504,1320.3502455462294,2021
2021-02-15 00:00:00+00:00,48580.47,49010.92,45570.79,47911.1,79398.15678399999,0.22793915001297776,-0.013724173125208128,0.23595656159363082,0.007875858176787653,1.181378726518148e-05,-0.0032501224886050057,192378.33849866918,-627.2919399158563,2021
2021-02-16 00:00:00+00:00,47911.1,50689.18,47003.62,49133.45,88813.266298,0.23245166492222538,0.025512876974229215,0.22793915001297776,0.008017411580653055,1.2026117370979583e-05,0.0058033573745205,193494.77874809343,1116.4402494242531,2021
2021-02-17 00:00:00+00:00,49133.45,52618.74,48947.0,52119.71,85743.637818,0.24758729362174559,0.060778553103842725,0.23245166492222538,0.004512514909247617,6.768772363871425e-06,0.014121307088188258,196227.1779387563,2732.3991906628653,2021
2021-02-18 00:00:00+00:00,52117.67,52530.0,50901.9,51552.6,60758.046954,0.2648795658847482,-0.01088091242257494,0.24758729362174559,0.015135628699520204,2.2703443049280307e-05,-0.002716679101889841,195694.09166522726,-533.086273529043,2021
2021-02-19 00:00:00+00:00,51552.61,56368.0,50710.2,55906.0,79659.77802,0.2714809907083049,0.08444578934913083,0.2648795658847482,0.017292272263002617,2.5938408394503926e-05,0.02234202561519816,200066.29407395472,4372.202408727462,2021
2021-02-20 00:00:00+00:00,55906.0,57700.46,53863.93,55841.19,80948.205314,0.26435832074227716,-0.0011592673416090937,0.2714809907083049,0.00660142482355669,9.902137235335036e-06,-0.0003246211836311547,200001.34831676775,-64.9457571869716,2021
2021-02-21 00:00:00+00:00,55841.19,58352.8,55477.59,57408.57,58166.708511000004,0.2699307445558359,0.02806852790923675,0.26435832074227716,0.007122669966027728,1.0684004949041593e-05,0.007409464898844526,201483.25128684242,1481.902970074676,2021
2021-02-22 00:00:00+00:00,57412.35,57508.47,47622.0,54087.67,134019.43494399998,0.22919728027128097,-0.05784676399359889,0.2699307445558359,0.005572423813558713,8.358635720338071e-06,-0.015622978710658205,198335.4827414339,-3147.7685454085295,2021
2021-02-23 00:00:00+00:00,54087.67,54183.59,44892.56,48891.0,169375.025051,0.18931862375632763,-0.09607864417158285,0.22919728027128097,0.040733464284554904,6.110019642683235e-05,-0.022082064132705782,193955.82589174638,-4379.656849687512,2021
2021-02-24 00:00:00+00:00,48891.0,51374.99,46988.69,49676.2,91881.209252,0.1880919231293058,0.016060215581599868,0.18931862375632763,0.03987865651495334,5.981798477243002e-05,0.002980679926365986,194533.94612858366,578.120236837276,2021
2021-02-25 00:00:00+00:00,49676.21,52041.73,46674.34,47073.73,83310.673121,0.17076996825182106,-0.05238866902057715,0.1880919231293058,0.0012267006270218206,1.8400509405327309e-06,-0.009855725557205574,192616.6729439801,-1917.2731846035458,2021
2021-02-26 00:00:00+00:00,47073.73,48424.11,44106.78,46276.87,109423.200663,0.16487434400430398,-0.016927912871998907,0.17076996825182106,0.017321954877484752,2.598293231622713e-05,-0.0029167620760370736,192054.85593712467,-561.8170068554464,2021
2021-02-27 00:00:00+00:00,46276.88,48394.0,45000.0,46106.43,66060.834292,0.16234253722000713,-0.0036830494370082567,0.16487434400430398,0.005895624247517078,8.843436371275618e-06,-0.000616083796233433,191936.53405239386,-118.32188473080168,2021
2021-02-28 00:00:00+00:00,46103.67,46638.46,43000.0,45135.66,83055.369042,0.16869726100341273,-0.021054980834560366,0.16234253722000713,0.0025318067842968472,3.797710176445271e-06,-0.0034219167199775985,191279.7432173454,-656.7908350484504,2021
2021-03-01 00:00:00+00:00,45134.11,49790.0,44950.53,49587.03,85086.11164799999,0.18174750975835727,0.09862202081458427,0.16869726100341273,0.006354723783405597,9.532085675108395e-06,0.016627732700366816,194460.2916585582,3180.548441212799,2021
2021-03-02 00:00:00+00:00,49595.76,50200.0,47047.6,48440.65,64221.062139999995,0.17844251455019094,-0.02311854531315949,0.18174750975835727,0.013050248754944538,1.9575373132416808e-05,-0.004221313413034895,193639.41382107727,-820.8778374809481,2021
2021-03-03 00:00:00+00:00,48436.61,52640.0,48100.71,50349.37,81035.913705,0.18579101097264059,0.03940326977445596,0.17844251455019094,0.0033049952081663225,4.9574928122494835e-06,0.007026261047241208,194999.9748916189,1360.5610705416475,2021
2021-03-04 00:00:00+00:00,50349.37,51773.88,47500.0,48374.09,82649.716829,0.17558684692161142,-0.0392314739985824,0.18579101097264059,0.007348496422449641,1.1022744633674461e-05,-0.007299877960777161,193576.49887255547,-1423.4760190634406,2021
2021-03-05 00:00:00+00:00,48374.09,49448.93,46300.0,48751.71,78192.496372,0.17453390672018107,0.007806245037374371,0.17558684692161142,0.010204164051029169,1.5306246076543754e-05,0.0013553677063334988,193838.86620783247,262.36733527699835,2021
2021-03-06 00:00:00+00:00,48746.81,49200.0,47070.0,48882.2,44399.234242,0.17613198942936917,0.0026766240609816805,0.17453390672018107,0.0010529402014303468,1.5794103021455202e-06,0.0004655822438822233,193929.11414211307,90.24793428060366,2021
2021-03-07 00:00:00+00:00,48882.2,51450.03,48882.2,50971.75,55235.028032,0.1855177074533043,0.04274664397265271,0.17613198942936917,0.0015980827091880978,2.397124063782147e-06,0.007526654320268492,195388.75154689664,1459.6374047835707,2021
2021-03-08 00:00:00+00:00,50959.11,52402.78,49274.67,52375.17,66987.359664,0.19186513884346293,0.027533290499148988,0.1855177074533043,0.009385718023935119,1.4078577035902679e-05,0.005093834355012062,196384.02948210912,995.277935212478,2021
2021-03-09 00:00:00+00:00,52375.18,54895.0,51789.41,54884.5,71656.737076,0.20239410878244912,0.04791067981259056,0.19186513884346293,0.006347431390158642,9.521147085237964e-06,0.009182868087242146,198187.39811928442,1803.3686371752992,2021
2021-03-10 00:00:00+00:00,54874.67,57387.69,53005.0,55851.59,84749.238943,0.19950741989299212,0.017620457506217546,0.20239410878244912,0.010528969938986193,1.579345490847929e-05,0.0035504833384014368,198891.05917418806,703.6610549036413,2021
2021-03-11 00:00:00+00:00,55851.59,58150.0,54272.82,57773.16,81914.812859,0.21063750562125555,0.034404929206133694,0.19950741989299212,0.0028866888894570064,4.33003333418551e-06,0.006859708624182597,200255.39388807805,1364.3347138899844,2021
2021-03-12 00:00:00+00:00,57773.15,58081.51,54962.84,57221.72,73405.406047,0.21038026102078305,-0.009544916705265916,0.21063750562125555,0.011130085728263434,1.669512859239515e-05,-0.0020272125747522606,199849.4336354262,-405.96025265185745,2021
2021-03-13 00:00:00+00:00,57221.72,61844.0,56078.23,61188.39,83245.091346,0.21760059293397652,0.06932105501197783,0.21038026102078305,0.00025724460047249487,3.858669007087423e-07,0.014583395780755248,202763.91702269137,2914.4833872651798,2021
2021-03-14 00:00:00+00:00,61188.38,61724.79,58966.78,58968.31,52601.05275,0.22811927764612605,-0.03628270003508838,0.21760059293397652,0.007220331913193462,1.0830497869790192e-05,-0.007905967538750633,201160.87207668004,-1603.0449460113305,2021
2021-03-15 00:00:00+00:00,58976.08,60633.43,54600.0,55605.2,102771.427298,0.22410158033589603,-0.05703249762457163,0.22811927764612605,0.010518684712149534,1.57780270682243e-05,-0.013025990187539905,198540.55253089222,-2620.3195457878173,2021
2021-03-16 00:00:00+00:00,55605.2,56938.29,53271.34,56900.75,77986.694355,0.23145962441989223,0.023299079942163736,0.22410158033589603,0.004017697310230023,6.026545965345034e-06,0.005215334089445925,199576.007842644,1035.455311751779,2021
2021-03-17 00:00:00+00:00,56900.74,58974.73,54123.69,58912.97,70421.620841,0.24125842652206905,0.03536368149804714,0.23145962441989223,0.007358044083996207,1.1037066125994311e-05,0.00817422737151669,201207.38750864935,1631.3796660053486,2021
2021-03-18 00:00:00+00:00,58912.97,60129.97,57023.0,57648.16,66580.406675,0.2398645289110811,-0.021469126407987926,0.24125842652206905,0.009798802102176818,1.4698203153265227e-05,-0.005194305859147833,200162.25479680934,-1045.1327118400077,2021
2021-03-19 00:00:00+00:00,57641.0,59468.0,56270.74,58030.01,52392.652961,0.2420843524772757,0.0066238020432916045,0.2398645289110811,0.0013938976109879597,2.0908464164819395e-06,0.001586724310297915,200479.85711249945,317.6023156901065,2021
2021-03-20 00:00:00+00:00,58030.01,59880.0,57820.17,58102.28,44476.941776,0.24757743527658801,0.0012453901007425383,0.2420843524772757,0.002219823566194601,3.3297353492919014e-06,0.0002981597207705746,200539.63213071623,59.775018216780154,2021
2021-03-21 00:00:00+00:00,58100.02,58589.1,55450.11,57351.56,48564.470274,0.25015002330632047,-0.012920663354346829,0.24757743527658801,0.005493082799312321,8.239624198968482e-06,-0.0032071043195403526,199896.48061027078,-643.1515204454481,2021
2021-03-22 00:00:00+00:00,57351.56,58430.73,53650.0,54083.25,62581.626169,0.2306779143997656,-0.05698729031956584,0.25015002330632047,0.0025725880297324533,3.85888204459868e-06,-0.014259230883648045,197046.11054042028,-2850.370069850498,2021
2021-03-23 00:00:00+00:00,54083.25,55830.9,53000.0,54340.89,59789.365427,0.23728223278008226,0.004763766970365069,0.2306779143997656,0.019472108906554875,2.9208163359832313e-05,0.0010696876660504717,197256.88833450858,210.7777940882952,2021
2021-03-24 00:00:00+00:00,54342.8,57200.0,51700.0,52303.65,83537.465021,0.2245583116142226,-0.03749000062383956,0.23728223278008226,0.006604318380316665,9.906477570474997e-06,-0.008905617532521802,195500.1939313461,-1756.694403162488,2021
2021-03-25 00:00:00+00:00,52303.66,53287.0,50427.56,51293.78,87400.534538,0.2210975815093658,-0.019307830333064713,0.2245583116142226,0.012723921165859658,1.908588174878949e-05,-0.004354819662275675,194648.82584283513,-851.3680885109643,2021
2021-03-26 00:00:00+00:00,51293.78,55073.46,51214.6,55025.59,63813.774692,0.2316856354236022,0.07275365551144786,0.2210975815093658,0.003460730104856813,5.191095157285219e-06,0.016080466184389377,197778.86970463194,3130.0438617968175,2021
2021-03-27 00:00:00+00:00,55025.59,56700.36,53950.0,55817.14,50105.475055,0.2344447365660793,0.014385125175395697,0.2316856354236022,0.010588053914236423,1.5882080871354635e-05,0.0033169447860382545,198434.89129528723,656.0215906552912,2021
2021-03-28 00:00:00+00:00,55817.14,56559.75,54691.84,55777.63,39050.387511,0.23829505266359402,-0.0007078470878300047,0.2344447365660793,0.0027591011424770995,4.138651713715649e-06,-0.0001700896757490875,198401.13956896952,-33.7517263177142,2021
2021-03-29 00:00:00+00:00,55777.65,58405.82,54800.01,57635.47,67857.93739800001,0.24456795863088016,0.03330797669244823,0.23829505266359402,0.003850316097514711,5.775474146272067e-06,0.007931350585898441,199974.7285635328,1573.5889945632662,2021
2021-03-30 00:00:00+00:00,57635.46,59368.0,57071.35,58746.57,55122.443122,0.25651272336358627,0.01927805915350378,0.24456795863088016,0.006272905967286135,9.409358950929204e-06,0.004705386214586844,200915.6868945814,940.958331048605,2021
2021-03-31 00:00:00+00:00,58746.57,59800.0,56769.0,58740.55,60975.542665999994,0.2595398706285908,-0.00010247406784769097,0.25651272336358627,0.011944764732706115,1.7917147099059172e-05,-4.42030493168153e-05,200906.80580856506,-8.881086016335757,2021
2021-04-01 00:00:00+00:00,58739.46,59490.0,57935.45,58720.44,47415.61722,0.2652888309081876,-0.00034235294017503914,0.2595398706285908,0.003027147265004526,4.5407208975067894e-06,-9.339495869985413e-05,200888.04212573406,-18.763682830991456,2021
2021-04-02 00:00:00+00:00,58720.45,60200.0,58428.57,58950.01,47382.418781,0.2825621699496183,0.0039095415497567565,0.2652888309081876,0.005748960279596815,8.623440419395224e-06,0.0010285342667025587,201094.66236083113,206.6202350970707,2021
2021-04-03 00:00:00+00:00,58950.01,59791.72,56880.0,57051.94,47409.852113,0.2728242000764826,-0.03219795891468047,0.2825621699496183,0.01727333904143069,2.5910008562146036e-05,-0.009123835147442916,199259.9078124202,-1834.7545484109432,2021
2021-04-04 00:00:00+00:00,57051.95,58492.85,56388.0,58202.01,41314.081973,0.2960324012956608,0.020158297859809826,0.2728242000764826,0.009737969873135688,1.4606954809703533e-05,0.0054850645336963835,200352.8612657497,1092.9534533295082,2021
2021-04-05 00:00:00+00:00,58202.01,59272.0,56777.77,59129.99,54258.01579,0.3065751221735671,0.015944122891975665,0.2960324012956608,0.02320820121917816,3.481230182876724e-05,0.004685164684435904,201291.54741577766,938.6861500279629,2021
2021-04-06 00:00:00+00:00,59129.99,59495.24,57413.02,57991.15,54201.000727,0.3150727371151519,-0.019259938992041037,0.3065751221735671,0.010542720877906309,1.5814081316859463e-05,-0.005920432230857289,200099.81445065813,-1191.7329651195323,2021
2021-04-07 00:00:00+00:00,57990.03,58655.0,55473.0,55953.45,71228.405659,0.30360758663497567,-0.03513812021317053,0.3150727371151519,0.008497614941584797,1.2746422412377195e-05,-0.01108381013505726,197881.94609922686,-2217.8683514312725,2021
2021-04-08 00:00:00+00:00,55953.44,58153.31,55700.0,58077.52,44283.147019,0.319236283175749,0.03796137682305556,0.30360758663497567,0.011465150480176212,1.7197725720264317e-05,0.011508164276868533,200159.20404236324,2277.2579431363847,2021
2021-04-09 00:00:00+00:00,58077.52,58894.9,57654.0,58142.54,40831.884911,0.32424112521224113,0.0011195381620978662,0.319236283175749,0.015628696540773312,2.344304481115997e-05,0.000333954156930372,200226.04804060108,66.84399823783315,2021
2021-04-10 00:00:00+00:00,58142.55,61500.0,57900.01,59769.13,69906.42411699999,0.3306057341783721,0.0279759019815784,0.32424112521224113,0.005004842036492152,7.507263054738228e-06,0.009063430674279609,202040.78294620206,1814.7349056009843,2021
2021-04-11 00:00:00+00:00,59769.13,60699.0,59232.52,60002.43,41156.715391000005,0.35247108895968277,0.0039033527842884386,0.3306057341783721,0.006364608966130947,9.546913449196421e-06,0.0012809238995576755,202299.5818137632,258.7988675611268,2021
2021-04-12 00:00:00+00:00,59998.8,61300.0,59350.59,59860.0,56375.037117,0.35752934900873373,-0.002373737196976866,0.35247108895968277,0.021865354781310686,3.279803217196603e-05,-0.000869471766894507,202123.68803892154,-175.89377484165016,2021
2021-04-13 00:00:00+00:00,59860.01,63777.77,59805.15,63575.0,82848.688746,0.3910782153707778,0.062061476779151414,0.35752934900873373,0.005058260049050967,7.58739007357645e-06,0.022181212001297072,206607.03641379686,4483.348374875321,2021
2021-04-14 00:00:00+00:00,63575.01,64854.0,61301.0,62959.53,82616.34399299999,0.3821013752257942,-0.009681006685017701,0.3910782153707778,0.03354886636204407,5.032329954306611e-05,-0.0038363541169123584,205814.4186590677,-792.6177547291445,2021
2021-04-15 00:00:00+00:00,62959.53,63800.0,62020.0,63159.98,51649.700339999996,0.3993615802991128,0.003183791238594136,0.3821013752257942,0.008976840144983622,1.3465260217475433e-05,0.0012030657504811784,206062.02693711163,247.60827804391738,2021
2021-04-16 00:00:00+00:00,63158.74,63520.61,60000.0,61334.8,91764.139884,0.38189851806959585,-0.028897729226640023,0.3993615802991128,0.017260205073318602,2.5890307609977903e-05,-0.011566533118616796,203678.60367805423,-2383.4232590573956,2021
2021-04-17 00:00:00+00:00,61334.81,62506.05,59580.91,60006.66,58912.256128,0.365958173292998,-0.021653938710161302,0.38189851806959585,0.017463062229516935,2.6194593344275402e-05,-0.008295801697124731,201988.92637199385,-1689.6773060603882,2021
2021-04-18 00:00:00+00:00,60006.67,60499.0,50931.3,56150.01,124882.131824,0.3069061471818685,-0.06427036598937519,0.365958173292998,0.015940344776597837,2.3910517164896756e-05,-0.023544176251509067,197233.26348863853,-4755.662883355311,2021
2021-04-19 00:00:00+00:00,56150.01,57526.81,54221.58,55633.14,78229.042267,0.29883544749190627,-0.009205163097922964,0.3069061471818685,0.05905202611112953,8.857803916669429e-05,-0.0029136991797309437,196658.58509059603,-574.6783980425098,2021
2021-04-20 00:00:00+00:00,55633.14,57076.24,53329.96,56425.0,72744.482151,0.2994257664457878,0.01423360248945138,0.29883544749190627,0.008070699689962213,1.210604953494332e-05,0.004241398919822171,197492.69260097304,834.1075103770127,2021
2021-04-21 00:00:00+00:00,56425.0,56757.91,53536.02,53787.63,66984.756909,0.27760910767255925,-0.0467411608329642,0.2994257664457878,0.0005903189538815079,8.854784308222618e-07,-0.013996393385406964,194728.50718458658,-2764.1854163864627,2021
2021-04-22 00:00:00+00:00,53787.62,55521.48,50500.0,51690.96,104656.631337,0.25326067226870874,-0.03898052396062068,0.27760910767255925,0.021816658773228526,3.272498815984279e-05,-0.010854073461476566,192614.9096625614,-2113.597522025171,2021
2021-04-23 00:00:00+00:00,51690.95,52131.85,47500.0,51125.14,132230.780719,0.24394212072595098,-0.010946208002327706,0.25326067226870874,0.02434843540385051,3.652265310577577e-05,-0.00280876665056841,192073.89932789895,-541.0103346624528,2021
2021-04-24 00:00:00+00:00,51110.56,51166.22,48657.14,50047.84,55361.512573,0.23734416069089215,-0.021071824937789918,0.24394212072595098,0.009318551542757764,1.3977827314136645e-05,-0.0051542834902045895,191083.89599969392,-990.0033282050281,2021
2021-04-25 00:00:00+00:00,50047.84,50567.91,46930.0,49066.77,58255.645004,0.22874122135788966,-0.019602644190038987,0.23734416069089215,0.006597960035058831,9.896940052588247e-06,-0.004662470072659585,190192.97305322814,-890.9229464657838,2021
2021-04-26 00:00:00+00:00,49066.76,54356.62,48753.44,54001.39,86310.80212400001,0.23924158211515967,0.10056948928979836,0.22874122135788966,0.00860293933300249,1.2904408999503736e-05,0.022991483402488178,194565.79163645132,4372.818583223183,2021
2021-04-27 00:00:00+00:00,54001.38,55460.0,53222.0,55011.97,54064.034675,0.24700809012358013,0.0187139627331816,0.23924158211515967,0.01050036075727001,1.5750541135905017e-05,0.004461407510794598,195433.8289206019,868.0372841505741,2021
2021-04-28 00:00:00+00:00,55011.97,56428.0,53813.16,54846.22,55130.459015,0.24569644399237633,-0.0030129806294884043,0.24700809012358013,0.007766508008420464,1.1649762012630697e-05,-0.0007558803528819036,195286.10432903233,-147.72459156956756,2021
2021-04-29 00:00:00+00:00,54846.23,55195.84,52330.94,53555.0,52486.019455,0.23448037141424252,-0.023542552248814963,0.24569644399237633,0.0013116461312037975,1.9674691968056963e-06,-0.005786288839235365,194156.1225230955,-1129.9818059368408,2021
2021-04-30 00:00:00+00:00,53555.0,57963.0,53013.01,57694.27,68578.910045,0.24793703233183623,0.07729007562319112,0.23448037141424252,0.011216072578133812,1.682410886720072e-05,0.018106181529893545,197671.5485226389,3515.425999543426,2021
2021-05-01 00:00:00+00:00,57697.25,58458.07,56956.14,57800.37,42600.351836,0.24827255562657738,0.0018390041160067927,0.24793703233183623,0.013456660917593705,2.018499137639056e-05,0.0004357722315923655,197757.68829446094,86.13977182202507,2021
2021-05-02 00:00:00+00:00,57797.35,57911.02,56035.25,56578.21,36812.878863,0.24326797086035748,-0.021144501324126486,0.24827255562657738,0.0003355232947411524,5.032849421117286e-07,-0.005250102666132544,196719.44012789798,-1038.2481665629603,2021
2021-05-03 00:00:00+00:00,56578.21,58981.44,56435.0,57169.39,57649.93128600001,0.250705029175835,0.010448898966580966,0.24326797086035748,0.0050045847662198994,7.506877149329849e-06,0.002534375572175708,197218.0010715302,498.560943632212,2021
2021-05-04 00:00:00+00:00,57169.39,57200.0,53046.69,53200.01,85324.62590300001,0.23135874997556838,-0.06943191102791191,0.250705029175835,0.007437058315477502,1.1155587473216252e-05,-0.017418084867459847,193782.84119147545,-3435.1598800547363,2021
2021-05-05 00:00:00+00:00,53205.05,58069.82,52900.0,57436.11,77263.923439,0.23858179873135701,0.07962592488234499,0.23135874997556838,0.019346279200266603,2.9019418800399905e-05,0.018393135027627443,197347.11515554754,3564.273964072083,2021
2021-05-06 00:00:00+00:00,57436.11,58360.0,55200.0,56393.68,70181.67190799999,0.2353743360258587,-0.0181493837239326,0.23858179873135701,0.007223048755788636,1.0834573133682954e-05,-0.004340947187855137,196490.44175098173,-856.6734045658086,2021
2021-05-07 00:00:00+00:00,56393.68,58650.0,55241.63,57314.75,74542.747829,0.23769218639251086,0.016332858575641707,0.2353743360258587,0.0032074627054983207,4.811194058247481e-06,0.0038395245485876714,197244.87162564744,754.429874665715,2021
2021-05-08 00:00:00+00:00,57315.49,59500.0,56900.0,58862.05,69709.906028,0.26884541118905986,0.026996541030014143,0.23769218639251086,0.0023178503666521633,3.476775549978245e-06,0.0064133900869092104,198509.87993002505,1265.0083043776103,2021
2021-05-09 00:00:00+00:00,58866.53,59300.0,56235.66,58240.84,69806.11991,0.2669432992045377,-0.010553658936445554,0.26884541118905986,0.031153224796549,4.67298371948235e-05,-0.0028840326135126247,197937.37096220237,-572.5089678226796,2021
2021-05-10 00:00:00+00:00,58240.83,59500.0,53400.0,55816.14,89586.34925,0.24733363949914314,-0.04163229788581346,0.2669432992045377,0.0019021119845221701,2.853167976783255e-06,-0.01111631611908193,195737.03657480655,-2200.334387395822,2021
2021-05-11 00:00:00+00:00,55816.14,56862.43,54370.0,56670.02,64329.54055,0.2537288697449907,0.01529808403089139,0.24733363949914314,0.01960965970539455,2.9414489558091826e-05,0.003754316311165998,196471.89532391864,734.8587491120852,2021
2021-05-12 00:00:00+00:00,56670.02,58000.01,48600.0,49631.32,99842.789836,0.20915832320285466,-0.12420500292747383,0.2537288697449907,0.006395230245847566,9.592845368771349e-06,-0.03152398785482997,190278.31768191198,-6193.577642006654,2021
2021-05-13 00:00:00+00:00,49537.15,51367.19,46000.0,49670.97,147332.002121,0.20728010232807992,0.0007988907004690127,0.20915832320285466,0.04457054654213605,6.685581981320407e-05,0.00010023881951924864,190297.39095585654,19.073273944552056,2021
2021-05-14 00:00:00+00:00,49671.92,51483.0,48799.75,49841.45,80082.204306,0.20751127854968104,0.0034321858421528795,0.20728010232807992,0.0018782208747747386,2.817331312162108e-06,0.0007086065012582739,190432.23692426033,134.84596840379527,2021
2021-05-15 00:00:00+00:00,49844.16,50700.0,46555.0,46762.99,89437.44935899999,0.19339423847276124,-0.061765056995733425,0.20751127854968104,0.00023117622160112594,3.467643324016889e-07,-0.012817292711210966,187991.4112019514,-2440.8257223089167,2021
2021-05-16 00:00:00+00:00,46762.99,49795.89,43825.39,46431.5,114269.812775,0.191098963622019,-0.007088725507072957,0.19339423847276124,0.014117040076919801,2.1175560115379702e-05,-0.0013920942312981926,187729.70944288358,-261.7017590678297,2021
2021-05-17 00:00:00+00:00,46426.83,46686.0,42001.0,43538.04,166657.172736,0.17362253350584442,-0.062316746174472026,0.191098963622019,0.0022952748507422405,3.4429122761133607e-06,-0.011912108522514136,185493.45277109992,-2236.25667178366,2021
2021-05-18 00:00:00+00:00,43538.02,45799.29,42250.02,42849.78,116979.86078399999,0.1688741217926799,-0.015808244927883797,0.17362253350584442,0.017476430116174585,2.621464517426188e-05,-0.0027708821798343615,184979.47226834053,-513.9805027593975,2021
2021-05-19 00:00:00+00:00,42849.78,43584.9,30000.0,36690.09,354347.24316099996,0.0,-0.1437507963868193,0.1688741217926799,0.004748411713164508,7.122617569746762e-06,-0.024282912114392204,180487.63200028177,-4491.840268058761,2021
2021-05-20 00:00:00+00:00,36671.23,42451.67,34850.0,40526.64,203017.596923,0.13676850571379157,0.10456638291157105,0.0,0.1688741217926799,0.0002533111826890199,-0.0002533111826890199,180441.91246475905,-45.71953552271589,2021
2021-05-21 00:00:00+00:00,40525.39,42200.0,33488.0,37252.01,202100.88825800002,0.0,-0.08080191202626219,0.13676850571379157,0.13676850571379157,0.00020515275857068736,-0.011256309525219811,178410.80244673308,-2031.1100180259673,2021
2021-05-22 00:00:00+00:00,37263.35,38829.0,35200.62,37449.73,126542.243689,0.0,0.005307633064632,0.0,0.13676850571379157,0.00020515275857068736,-0.00020515275857068736,178374.20097845234,-36.601468280743575,2021
2021-05-23 00:00:00+00:00,37458.51,38270.64,31111.01,34655.25,217136.046593,0.0,-0.07461949658916112,0.0,0.0,0.0,-0.0,178374.20097845234,0.0,2021
2021-05-24 00:00:00+00:00,34681.44,39920.0,34031.0,38796.29,161630.893971,0.0,0.1194924289970496,0.0,0.0,0.0,0.0,178374.20097845234,0.0,2021
2021-05-25 00:00:00+00:00,38810.99,39791.77,36419.62,38324.72,111996.228404,0.0,-0.012155028225637077,0.0,0.0,0.0,-0.0,178374.20097845234,0.0,2021
2021-05-26 00:00:00+00:00,38324.72,40841.0,37800.44,39241.91,104780.773396,0.0,0.023932073084943717,0.0,0.0,0.0,0.0,178374.20097845234,0.0,2021
2021-05-27 00:00:00+00:00,39241.92,40411.14,37134.27,38529.98,86547.158794,0.0,-0.018142083298188116,0.0,0.0,0.0,-0.0,178374.20097845234,0.0,2021
2021-05-28 00:00:00+00:00,38529.99,38877.83,34684.0,35663.49,135377.62972,0.0,-0.07439635317744797,0.0,0.0,0.0,-0.0,178374.20097845234,0.0,2021
2021-05-29 00:00:00+00:00,35661.79,37338.58,33632.76,34605.15,112663.092689,0.0,-0.029675727193272383,0.0,0.0,0.0,-0.0,178374.20097845234,0.0,2021
2021-05-30 00:00:00+00:00,34605.15,36488.0,33379.0,35641.27,73535.386967,0.0,0.029941208172771905,0.0,0.0,0.0,0.0,178374.20097845234,0.0,2021
2021-05-31 00:00:00+00:00,35641.26,37499.0,34153.84,37253.81,94160.735289,0.0,0.04524361786210207,0.0,0.0,0.0,0.0,178374.20097845234,0.0,2021
2021-06-01 00:00:00+00:00,37253.82,37894.81,35666.0,36693.09,81234.66377,0.0,-0.015051346426043444,0.0,0.0,0.0,-0.0,178374.20097845234,0.0,2021
2021-06-02 00:00:00+00:00,36694.85,38225.0,35920.0,37568.68,67587.372495,0.0,0.02386253106511349,0.0,0.0,0.0,0.0,178374.20097845234,0.0,2021
2021-06-03 00:00:00+00:00,37568.68,39476.0,37170.0,39246.79,75889.106011,0.0,0.044667792427096176,0.0,0.0,0.0,0.0,178374.20097845234,0.0,2021
2021-06-04 00:00:00+00:00,39246.78,39289.07,35555.15,36829.0,91317.799245,0.0,-0.06160478347401155,0.0,0.0,0.0,-0.0,178374.20097845234,0.0,2021
2021-06-05 00:00:00+00:00,36829.15,37925.0,34800.0,35513.2,70459.62149,0.0,-0.03572728013250437,0.0,0.0,0.0,-0.0,178374.20097845234,0.0,2021
2021-06-06 00:00:00+00:00,35516.07,36480.0,35222.0,35796.31,47650.206636999996,0.0,0.007971965353727573,0.0,0.0,0.0,0.0,178374.20097845234,0.0,2021
2021-06-07 00:00:00+00:00,35796.31,36900.0,33300.0,33552.79,77574.952573,0.0,-0.06267461646186423,0.0,0.0,0.0,-0.0,178374.20097845234,0.0,2021
2021-06-08 00:00:00+00:00,33556.96,34068.01,31000.0,33380.81,123251.189037,0.0,-0.00512565423024447,0.0,0.0,0.0,-0.0,178374.20097845234,0.0,2021
2021-06-09 00:00:00+00:00,33380.8,37534.79,32396.82,37388.05,136607.597517,0.0,0.12004621817145855,0.0,0.0,0.0,0.0,178374.20097845234,0.0,2021
2021-06-10 00:00:00+00:00,37388.05,38491.0,35782.0,36675.72,109527.284943,0.0,-0.0190523442650794,0.0,0.0,0.0,-0.0,178374.20097845234,0.0,2021
2021-06-11 00:00:00+00:00,36677.83,37680.4,35936.77,37331.98,78466.0053,0.0,0.017893581911957,0.0,0.0,0.0,0.0,178374.20097845234,0.0,2021
2021-06-12 00:00:00+00:00,37331.98,37463.63,34600.36,35546.11,87717.54999,0.0,-0.047837537682169584,0.0,0.0,0.0,-0.0,178374.20097845234,0.0,2021
2021-06-13 00:00:00+00:00,35546.12,39380.0,34757.0,39020.57,86921.025555,0.0,0.09774515411109674,0.0,0.0,0.0,0.0,178374.20097845234,0.0,2021
2021-06-14 00:00:00+00:00,39020.56,41064.05,38730.0,40516.29,108522.391949,0.0,0.03833157742185733,0.0,0.0,0.0,0.0,178374.20097845234,0.0,2021
2021-06-15 00:00:00+00:00,40516.28,41330.0,39506.4,40144.04,80679.62283800001,0.0,-0.009187662542646469,0.0,0.0,0.0,-0.0,178374.20097845234,0.0,2021
2021-06-16 00:00:00+00:00,40143.8,40527.14,38116.01,38349.01,87771.976937,0.0,-0.04471473224917066,0.0,0.0,0.0,-0.0,178374.20097845234,0.0,2021
2021-06-17 00:00:00+00:00,38349.0,39559.88,37365.0,38092.97,79541.307119,0.0,-0.006676573919378925,0.0,0.0,0.0,-0.0,178374.20097845234,0.0,2021
2021-06-18 00:00:00+00:00,38092.97,38202.84,35129.29,35819.84,95228.042935,0.0,-0.05967321529405567,0.0,0.0,0.0,-0.0,178374.20097845234,0.0,2021
2021-06-19 00:00:00+00:00,35820.48,36457.0,34803.52,35483.72,68712.449461,0.0,-0.00938362650419422,0.0,0.0,0.0,-0.0,178374.20097845234,0.0,2021
2021-06-20 00:00:00+00:00,35483.72,36137.72,33336.0,35600.16,89878.17085000001,0.0,0.003281504870402685,0.0,0.0,0.0,0.0,178374.20097845234,0.0,2021
2021-06-21 00:00:00+00:00,35600.17,35750.0,31251.23,31608.93,168778.873159,0.0,-0.11211269836989501,0.0,0.0,0.0,-0.0,178374.20097845234,0.0,2021
2021-06-22 00:00:00+00:00,31614.12,33298.78,28805.0,32509.56,204208.17976199999,0.0,0.028492897418546104,0.0,0.0,0.0,0.0,178374.20097845234,0.0,2021
2021-06-23 00:00:00+00:00,32509.56,34881.0,31683.0,33678.07,126966.10056300001,0.0,0.0359435809035864,0.0,0.0,0.0,0.0,178374.20097845234,0.0,2021
2021-06-24 00:00:00+00:00,33675.07,35298.0,32286.57,34663.09,86625.80426,0.0,0.029248113089615835,0.0,0.0,0.0,0.0,178374.20097845234,0.0,2021
2021-06-25 00:00:00+00:00,34663.08,35500.0,31275.0,31584.45,116061.13035600001,0.0,-0.08881608650584805,0.0,0.0,0.0,-0.0,178374.20097845234,0.0,2021
2021-06-26 00:00:00+00:00,31576.09,32730.0,30151.0,32283.65,107820.375287,0.0,0.022137475878161617,0.0,0.0,0.0,0.0,178374.20097845234,0.0,2021
2021-06-27 00:00:00+00:00,32283.65,34749.0,31973.45,34700.34,96613.244211,0.0,0.07485801636432043,0.0,0.0,0.0,0.0,178374.20097845234,0.0,2021
2021-06-28 00:00:00+00:00,34702.49,35297.71,33862.72,34494.89,82222.267819,0.0,-0.0059206912670018985,0.0,0.0,0.0,-0.0,178374.20097845234,0.0,2021
2021-06-29 00:00:00+00:00,34494.89,36600.0,34225.43,35911.73,90788.79622,0.0,0.04107390978779768,0.0,0.0,0.0,0.0,178374.20097845234,0.0,2021
2021-06-30 00:00:00+00:00,35911.72,36100.0,34017.55,35045.0,77152.197634,0.0,-0.0241350110395685,0.0,0.0,0.0,-0.0,178374.20097845234,0.0,2021
2021-07-01 00:00:00+00:00,35045.0,35057.57,32711.0,33504.69,71708.266112,0.0,-0.043952346982451096,0.0,0.0,0.0,-0.0,178374.20097845234,0.0,2021
2021-07-02 00:00:00+00:00,33502.33,33977.04,32699.0,33786.55,56172.181377999994,0.0,0.008412553585781524,0.0,0.0,0.0,0.0,178374.20097845234,0.0,2021
2021-07-03 00:00:00+00:00,33786.54,34945.61,33316.73,34669.13,43044.578641,0.0,0.026122229111880113,0.0,0.0,0.0,0.0,178374.20097845234,0.0,2021
2021-07-04 00:00:00+00:00,34669.12,35967.85,34357.15,35286.51,43703.475789000004,0.0,0.017807773082278322,0.0,0.0,0.0,0.0,178374.20097845234,0.0,2021
2021-07-05 00:00:00+00:00,35288.13,35293.78,33125.55,33690.14,64123.874245,0.0,-0.04524023486595874,0.0,0.0,0.0,-0.0,178374.20097845234,0.0,2021
2021-07-06 00:00:00+00:00,33690.15,35118.88,33532.0,34220.01,58210.596349,0.0,0.01572774705002722,0.0,0.0,0.0,0.0,178374.20097845234,0.0,2021
2021-07-07 00:00:00+00:00,34220.02,35059.09,33777.77,33862.12,53807.521675,0.0,-0.010458500742694055,0.0,0.0,0.0,-0.0,178374.20097845234,0.0,2021
2021-07-08 00:00:00+00:00,33862.11,33929.64,32077.0,32875.71,70136.48032,0.0,-0.02913019031295161,0.0,0.0,0.0,-0.0,178374.20097845234,0.0,2021
2021-07-09 00:00:00+00:00,32875.71,34100.0,32261.07,33815.81,47153.939899,0.0,0.028595580141082877,0.0,0.0,0.0,0.0,178374.20097845234,0.0,2021
2021-07-10 00:00:00+00:00,33815.81,34262.0,33004.78,33502.87,34761.175468,0.0,-0.009254251191971874,0.0,0.0,0.0,-0.0,178374.20097845234,0.0,2021
2021-07-11 00:00:00+00:00,33502.87,34666.0,33306.47,34258.99,31572.647448,0.0,0.022568812761414092,0.0,0.0,0.0,0.0,178374.20097845234,0.0,2021
2021-07-12 00:00:00+00:00,34259.0,34678.43,32658.34,33086.63,48181.403762,0.0,-0.03422050679252364,0.0,0.0,0.0,-0.0,178374.20097845234,0.0,2021
2021-07-13 00:00:00+00:00,33086.94,33340.0,32202.25,32729.77,41126.361008,0.0,-0.010785625492834905,0.0,0.0,0.0,-0.0,178374.20097845234,0.0,2021
2021-07-14 00:00:00+00:00,32729.12,33114.03,31550.0,32820.02,46777.823484,0.0,0.002757428481776625,0.0,0.0,0.0,0.0,178374.20097845234,0.0,2021
2021-07-15 00:00:00+00:00,32820.03,33185.25,31133.0,31880.0,51639.576353,0.0,-0.02864166444749261,0.0,0.0,0.0,-0.0,178374.20097845234,0.0,2021
2021-07-16 00:00:00+00:00,31874.49,32249.18,31020.0,31383.87,48499.864154,0.0,-0.015562421580928465,0.0,0.0,0.0,-0.0,178374.20097845234,0.0,2021
2021-07-17 00:00:00+00:00,31383.86,31955.92,31164.31,31520.07,34012.242132,0.0,0.004339808952815494,0.0,0.0,0.0,0.0,178374.20097845234,0.0,2021
2021-07-18 00:00:00+00:00,31520.07,32435.0,31108.97,31778.56,35923.716186,0.0,0.008200806660645155,0.0,0.0,0.0,0.0,178374.20097845234,0.0,2021
2021-07-19 00:00:00+00:00,31778.57,31899.0,30407.44,30839.65,47340.468499,0.0,-0.02954539160994074,0.0,0.0,0.0,-0.0,178374.20097845234,0.0,2021
2021-07-20 00:00:00+00:00,30839.65,31063.07,29278.0,29790.35,61034.049017,0.0,-0.034024380951145794,0.0,0.0,0.0,-0.0,178374.20097845234,0.0,2021
2021-07-21 00:00:00+00:00,29790.34,32858.0,29482.61,32144.51,82796.265128,0.0,0.079024247784937,0.0,0.0,0.0,0.0,178374.20097845234,0.0,2021
2021-07-22 00:00:00+00:00,32144.51,32591.35,31708.0,32287.83,46148.092433000005,0.0,0.004458615172544311,0.0,0.0,0.0,0.0,178374.20097845234,0.0,2021
2021-07-23 00:00:00+00:00,32287.58,33650.0,31924.32,33634.09,50112.863626,0.0,0.04169558623171632,0.0,0.0,0.0,0.0,178374.20097845234,0.0,2021
2021-07-24 00:00:00+00:00,33634.1,34500.0,33401.14,34258.14,47977.550138,0.0,0.018554091994164246,0.0,0.0,0.0,0.0,178374.20097845234,0.0,2021
2021-07-25 00:00:00+00:00,34261.51,35398.0,33851.12,35381.02,47852.928313000004,0.0,0.03277702759110679,0.0,0.0,0.0,0.0,178374.20097845234,0.0,2021
2021-07-26 00:00:00+00:00,35381.02,40550.0,35205.78,37237.6,152452.512724,0.0,0.05247389702162342,0.0,0.0,0.0,0.0,178374.20097845234,0.0,2021
2021-07-27 00:00:00+00:00,37241.33,39542.61,36383.0,39457.87,88397.267015,0.0,0.05962441188476175,0.0,0.0,0.0,0.0,178374.20097845234,0.0,2021
2021-07-28 00:00:00+00:00,39456.61,40900.0,38772.0,40019.56,101344.528441,0.0,0.014235182993912021,0.0,0.0,0.0,0.0,178374.20097845234,0.0,2021
2021-07-29 00:00:00+00:00,40019.57,40640.0,39200.0,40016.48,53998.439283,0.0,-7.696236540322143e-05,0.0,0.0,0.0,-0.0,178374.20097845234,0.0,2021
2021-07-30 00:00:00+00:00,40018.49,42316.71,38313.23,42206.37,73602.784805,0.0,0.054724703422190046,0.0,0.0,0.0,0.0,178374.20097845234,0.0,2021
2021-07-31 00:00:00+00:00,42206.36,42448.0,41000.15,41461.83,44849.791012,0.0,-0.01764046517148954,0.0,0.0,0.0,-0.0,178374.20097845234,0.0,2021
2021-08-01 00:00:00+00:00,41461.84,42599.0,39422.01,39845.44,53953.186326,0.0,-0.03898501344489613,0.0,0.0,0.0,-0.0,178374.20097845234,0.0,2021
2021-08-02 00:00:00+00:00,39850.27,40480.01,38690.0,39147.82,50837.351954000005,0.0,-0.017508151497385938,0.0,0.0,0.0,-0.0,178374.20097845234,0.0,2021
2021-08-03 00:00:00+00:00,39146.86,39780.0,37642.03,38207.05,57117.435853,0.0,-0.0240312231945482,0.0,0.0,0.0,-0.0,178374.20097845234,0.0,2021
2021-08-04 00:00:00+00:00,38207.04,39969.66,37508.56,39723.18,52329.35243,0.0,0.0396819435156599,0.0,0.0,0.0,0.0,178374.20097845234,0.0,2021
2021-08-05 00:00:00+00:00,39723.17,41350.0,37332.7,40862.46,84343.755621,0.0,0.028680483284570846,0.0,0.0,0.0,0.0,178374.20097845234,0.0,2021
2021-08-06 00:00:00+00:00,40862.46,43392.43,39853.86,42836.87,75753.941347,0.0,0.04831843212572129,0.0,0.0,0.0,0.0,178374.20097845234,0.0,2021
2021-08-07 00:00:00+00:00,42836.87,44700.0,42446.41,44572.54,73396.740808,0.0,0.040518133094224584,0.0,0.0,0.0,0.0,178374.20097845234,0.0,2021
2021-08-08 00:00:00+00:00,44572.54,45310.0,43261.0,43794.37,69329.092698,0.0,-0.017458506964153186,0.0,0.0,0.0,-0.0,178374.20097845234,0.0,2021
2021-08-09 00:00:00+00:00,43794.36,46454.15,42779.0,46253.4,74587.884845,0.283419148863101,0.056149454827184364,0.0,0.0,0.0,0.0,178374.20097845234,0.0,2021
2021-08-10 00:00:00+00:00,46248.87,46700.0,44589.46,45584.99,53814.643421,0.2863911660307773,-0.014451045760960346,0.283419148863101,0.283419148863101,0.0004251287232946515,-0.004520831813047757,177567.80121604196,-806.3997624103795,2021
2021-08-11 00:00:00+00:00,45585.0,46743.47,45341.14,45511.0,52734.901977,0.28298831639417893,-0.0016231219969555788,0.2863911660307773,0.0029720171676763107,4.458025751514466e-06,-0.0004693058270698264,177484.4676122313,-83.3336038106645,2021
2021-08-12 00:00:00+00:00,45510.67,46218.12,43770.0,44399.0,55266.108781,0.0,-0.024433653402474165,0.28298831639417893,0.0034028496365983707,5.104274454897556e-06,-0.006919542714179963,176256.35625748496,-1228.111354746332,2021
2021-08-13 00:00:00+00:00,44400.06,47886.0,44217.39,47800.0,48239.370431,0.2790332312729478,0.07660082434289062,0.0,0.28298831639417893,0.0004244824745912684,-0.0004244824745912684,176181.53852321836,-74.8177342666022,2021
2021-08-14 00:00:00+00:00,47799.99,48144.0,45971.03,47068.51,46114.359022000004,0.271602372509569,-0.015303138075313805,0.2790332312729478,0.2790332312729478,0.00041854984690942176,-0.004688633912680313,175355.4877869102,-826.050736308156,2021
2021-08-15 00:00:00+00:00,47068.5,47372.27,45500.0,46973.82,42110.711334,0.28952563131273085,-0.002011748406737346,0.271602372509569,0.007430858763378845,1.1146288145068267e-05,-0.0005575419283072768,175257.71975011023,-97.76803679997101,2021
2021-08-16 00:00:00+00:00,46973.82,48053.83,45660.0,45901.29,52480.574014,0.28723184570895827,-0.022832505425362415,0.28952563131273085,0.017923258803161868,2.6884888204742803e-05,-0.0066374804359341484,174094.45006402244,-1163.2696860877913,2021
2021-08-17 00:00:00+00:00,45901.3,47160.0,44376.0,44695.95,57039.341629,0.0,-0.026259392709878204,0.28723184570895827,0.00229378560377258,3.4406784056588704e-06,-0.0075459745136603395,172780.73778086962,-1313.712283152825,2021
2021-08-18 00:00:00+00:00,44695.95,46000.0,44203.28,44705.29,54099.415985,0.0,0.00020896747915655212,0.0,0.28723184570895827,0.0004308477685634374,-0.0004308477685634374,172706.295585546,-74.44219532361603,2021
2021-08-19 00:00:00+00:00,44699.37,47033.0,43927.7,46760.62,53411.75392,0.29194290601667755,0.04597509601212746,0.0,0.0,0.0,0.0,172706.295585546,0.0,2021
2021-08-20 00:00:00+00:00,46760.62,49382.99,46622.99,49322.47,56850.352227999996,0.30010898963879395,0.05478648486696702,0.29194290601667755,0.29194290601667755,0.00043791435902501634,0.015556611243476064,175393.0202852712,2686.724699725193,2021
2021-08-21 00:00:00+00:00,49322.47,49757.04,48222.0,48821.87,46745.136584,0.306823660374136,-0.01014953225173032,0.30010898963879395,0.008166083622116405,1.2249125433174607e-05,-0.0030582149948063142,174856.6307206504,-536.3895646207966,2021
2021-08-22 00:00:00+00:00,48821.88,49500.0,48050.0,49239.22,37007.887795,0.311566402006461,0.008548423073512001,0.306823660374136,0.006714670735342043,1.0072006103013065e-05,0.0026127864517386614,175313.493756394,456.86303574359044,2021
2021-08-23 00:00:00+00:00,49239.22,50500.0,49029.0,49488.85,52462.541954,0.3174113986290578,0.005069739122593786,0.311566402006461,0.0047427416323250204,7.114112448487531e-06,0.001572446265089451,175589.16480487105,275.67104847705923,2021
2021-08-24 00:00:00+00:00,49488.85,49860.0,47600.0,47674.01,51014.594748,0.3070323599557185,-0.03667169473527865,0.3174113986290578,0.005844996622596799,8.767494933895197e-06,-0.011648781410956547,173543.76500592666,-2045.3997989443887,2021
2021-08-25 00:00:00+00:00,47674.01,49264.3,47126.28,48973.32,44655.830342,0.3280423306272714,0.027254053099372122,0.3070323599557185,0.010379038673339336,1.5568558010009003e-05,0.008352307683448678,174993.25592780026,1449.4909218735993,2021
2021-08-26 00:00:00+00:00,48973.32,49352.84,46250.0,46843.87,49371.277774,0.31672192711549596,-0.04348183868277655,0.3280423306272714,0.021009970671552913,3.151495600732937e-05,-0.014295398657464393,172491.65757194464,-2501.598355855618,2021
2021-08-27 00:00:00+00:00,46843.86,49149.93,46348.0,49069.9,42068.104965,0.3279016964769894,0.047520198480612175,0.31672192711549596,0.011320403511775434,1.698060526766315e-05,0.015033708234422688,175084.84682475321,2593.1892528085737,2021
2021-08-28 00:00:00+00:00,49069.9,49299.0,48346.88,48895.35,26681.063786000002,0.3345432079938676,-0.0035571704853688546,0.3279016964769894,0.011179769361493452,1.676965404224018e-05,-0.0011831718908525634,174877.69135547595,-207.15546927726245,2021
2021-08-29 00:00:00+00:00,48895.35,49632.27,47762.54,48767.83,32652.283473,0.34733236901941444,-0.0026080189629483774,0.3345432079938676,0.006641511516878196,9.962267275317295e-06,-0.0008824572976489073,174723.36926054332,-154.32209493263508,2021
2021-08-30 00:00:00+00:00,48767.84,48888.61,46853.0,46982.91,40288.350829999996,0.33518945808224054,-0.036600357243699366,0.34733236901941444,0.012789161025546836,1.9183741538320253e-05,-0.012731672529949308,172498.84853978868,-2224.5207207546337,2021
2021-08-31 00:00:00+00:00,46982.91,48246.11,46700.0,47100.89,48645.52737,0.33493718582087717,0.0025111258540604364,0.33518945808224054,0.0121429109371739,1.821436640576085e-05,0.0008234885477930603,172640.8993660687,142.05082628002856,2021
2021-09-01 00:00:00+00:00,47100.89,49156.0,46512.0,48810.52,49904.65528,0.3455618067867486,0.036297190987261585,0.33493718582087717,0.0002522722613633732,3.784083920450598e-07,0.012156900594084257,174739.6776181353,2098.7782520665787,2021
2021-09-02 00:00:00+00:00,48810.51,50450.13,48584.06,49246.64,54410.770538,0.36341655136978884,0.008934959103078732,0.3455618067867486,0.010624620965871412,1.5936931448807117e-05,0.0030716436797767863,175276.41564449726,536.7380263619707,2021
2021-09-03 00:00:00+00:00,49246.63,51000.0,48316.84,49999.14,59025.644157,0.36459874479076226,0.015280230285761531,0.36341655136978884,0.01785474458304026,2.6782116874560393e-05,0.005526306477713098,176245.0468356638,968.6311911665252,2021
2021-09-04 00:00:00+00:00,49998.0,50535.69,49370.0,49915.64,34664.659589999996,0.3700611681037276,-0.001670028724494066,0.36459874479076226,0.0011821934209734208,1.7732901314601313e-06,-0.0006106636668465143,176137.4203890996,-107.62644656418706,2021
2021-09-05 00:00:00+00:00,49917.54,51900.0,49450.0,51756.88,40544.835872999996,0.3832035080553986,0.036887035806813184,0.3700611681037276,0.005462423312965314,8.193634969447972e-06,0.013642265923583863,178540.3339171418,2402.913528042205,2021
2021-09-06 00:00:00+00:00,51756.88,52780.0,50969.33,52663.9,49249.667081,0.39907641828431295,0.017524626677651423,0.3832035080553986,0.013142339951671023,1.9713509927506534e-05,0.006695784910309743,179735.80159086589,1195.4676737240807,2021
2021-09-07 00:00:00+00:00,52666.2,52920.0,42843.05,46863.73,123048.802719,0.29598759941399216,-0.11013559573066178,0.39907641828431295,0.01587291022891435,2.3809365343371524e-05,-0.04397632843514495,171831.6809485519,-7904.120642313996,2021
2021-09-08 00:00:00+00:00,46868.57,47340.99,44412.02,46048.31,65069.3152,0.2918724973325837,-0.017399810044996578,0.29598759941399216,0.10308881887032079,0.00015463322830548118,-0.005304761233783485,170920.15490872017,-911.5260398317187,2021
2021-09-09 00:00:00+00:00,46048.31,47399.97,45513.08,46395.14,50651.66002,0.2993457744203012,0.007531872505201598,0.2918724973325837,0.004115102081408473,6.172653122112709e-06,0.002192173784561701,171294.84159156427,374.68668284409796,2021
2021-09-10 00:00:00+00:00,46395.14,47033.0,44132.29,44850.91,49048.26618,0.0,-0.033284305209554166,0.2993457744203012,0.0074732770877175,1.1209915631576251e-05,-0.009974726034627233,169586.22247554356,-1708.619116020709,2021
2021-09-11 00:00:00+00:00,44842.2,45987.93,44722.22,45173.69,30440.4081,0.0,0.007196732463176314,0.0,0.2993457744203012,0.0004490186616304518,-0.0004490186616304518,169510.07509689662,-76.14737864694325,2021
2021-09-12 00:00:00+00:00,45173.68,46460.0,44742.06,46025.24,32094.28052,0.28849355080828504,0.0188505743055305,0.0,0.0,0.0,0.0,169510.07509689662,0.0,2021
2021-09-13 00:00:00+00:00,46025.23,46880.0,43370.0,44940.73,65429.15056,0.0,-0.02356337522628882,0.28849355080828504,0.28849355080828504,0.00043274032621242755,-0.007230622114272466,168284.411799309,-1225.6632975876273,2021
2021-09-14 00:00:00+00:00,44940.72,47250.0,44594.44,47111.52,44855.85099,0.2852398245665735,0.04830339872093736,0.0,0.28849355080828504,0.00043274032621242755,-0.00043274032621242755,168211.5883480505,-72.82345125847496,2021
2021-09-15 00:00:00+00:00,47103.28,48500.0,46682.32,48121.41,43204.71174,0.29875632957395226,0.02143615828994716,0.2852398245665735,0.2852398245665735,0.00042785973684986026,0.005686586293155967,169168.1380607005,956.5497126499831,2021
2021-09-16 00:00:00+00:00,48121.4,48557.0,47021.1,47737.82,40725.08895,0.30398279219511753,-0.007971295936673561,0.29875632957395226,0.013516505007378776,2.0274757511068164e-05,-0.002401749873499421,168761.8385065131,-406.299554187397,2021
2021-09-17 00:00:00+00:00,47737.81,48150.0,46699.56,47299.98,34461.92776,0.29818192742036914,-0.009171763603784133,0.30398279219511753,0.005226462621165273,7.83969393174791e-06,-0.0027958980035636023,168289.997619155,-471.840887358092,2021
2021-09-18 00:00:00+00:00,47299.98,48843.2,47035.56,48292.74,30906.47038,0.30482025661497253,0.020988592384182825,0.29818192742036914,0.005800864774748393,8.70129716212259e-06,0.006249717633793993,169341.76258486658,1051.764965711569,2021
2021-09-19 00:00:00+00:00,48292.75,48372.83,46829.18,47241.75,29847.24349,0.3011642489387882,-0.02176289852263502,0.30482025661497253,0.006638329194603387,9.957493791905082e-06,-0.006643729806147119,168216.701669356,-1125.0609155105776,2021
2021-09-20 00:00:00+00:00,47241.75,47347.25,42500.0,43015.62,78003.524443,0.0,-0.08945752432964482,0.3011642489387882,0.0036560076761843474,5.484011514276521e-06,-0.026946892138175128,163683.78435363228,-4532.917315723724,2021
2021-09-21 00:00:00+00:00,43016.64,43639.0,39600.0,40734.38,84534.080485,0.0,-0.05303282853995839,0.0,0.3011642489387882,0.0004517463734081823,-0.0004517463734081823,163609.8407976648,-73.94355596747482,2021
2021-09-22 00:00:00+00:00,40734.09,44000.55,40565.39,43543.61,58349.055420000004,0.0,0.0689645945267856,0.0,0.0,0.0,0.0,163609.8407976648,0.0,2021
2021-09-23 00:00:00+00:00,43546.37,44978.0,43069.09,44865.26,48699.57655,0.0,0.03035232953813427,0.0,0.0,0.0,0.0,163609.8407976648,0.0,2021
2021-09-24 00:00:00+00:00,44865.26,45200.0,40675.0,42810.57,84113.426292,0.0,-0.045796903885099605,0.0,0.0,0.0,-0.0,163609.8407976648,0.0,2021
2021-09-25 00:00:00+00:00,42810.58,42966.84,41646.28,42670.64,33594.57189,0.0,-0.003268585304984306,0.0,0.0,0.0,-0.0,163609.8407976648,0.0,2021
2021-09-26 00:00:00+00:00,42670.63,43950.0,40750.0,43160.9,49879.997650000005,0.0,0.011489398799736872,0.0,0.0,0.0,0.0,163609.8407976648,0.0,2021
2021-09-27 00:00:00+00:00,43160.9,44350.0,42098.0,42147.35,39776.84383,0.0,-0.023483059899121694,0.0,0.0,0.0,-0.0,163609.8407976648,0.0,2021
2021-09-28 00:00:00+00:00,42147.35,42787.38,40888.0,41026.54,43372.2624,0.0,-0.026592656477809395,0.0,0.0,0.0,-0.0,163609.8407976648,0.0,2021
2021-09-29 00:00:00+00:00,41025.01,42590.0,40753.88,41524.28,33511.53487,0.0,0.012132146654336484,0.0,0.0,0.0,0.0,163609.8407976648,0.0,2021
2021-09-30 00:00:00+00:00,41524.29,44141.37,41410.17,43824.1,46381.227810000004,0.0,0.05538494586781506,0.0,0.0,0.0,0.0,163609.8407976648,0.0,2021
2021-10-01 00:00:00+00:00,43820.01,48495.0,43283.03,48141.61,66244.87492,0.2839511688456036,0.09851907968446594,0.0,0.0,0.0,0.0,163609.8407976648,0.0,2021
2021-10-02 00:00:00+00:00,48141.6,48336.59,47430.18,47634.9,30508.98131,0.28531098579134007,-0.010525406192273157,0.2839511688456036,0.2839511688456036,0.0004259267532684054,-0.003414628144139123,163051.17403061897,-558.6667670458264,2021
2021-10-03 00:00:00+00:00,47634.89,49228.08,47088.0,48200.01,30825.05601,0.2964407344022914,0.011863360687227154,0.28531098579134007,0.0013598169457364473,2.039725418604671e-06,0.003382707407052404,163602.72844474096,551.5544141219871,2021
2021-10-04 00:00:00+00:00,48200.01,49536.12,46891.0,49224.94,46796.49372,0.3028061894801812,0.021264103472177665,0.2964407344022914,0.01112974861095134,1.669462291642701e-05,0.006286851826782234,164631.27455693035,1028.5461121893895,2021
2021-10-05 00:00:00+00:00,49224.93,51886.3,49022.4,51471.99,52125.667929999996,0.3102706090111965,0.045648608205515195,0.3028061894801812,0.00636545507788977,9.548182616834656e-06,0.013813132923168953,166905.34823569594,2274.0736787655915,2021
2021-10-06 00:00:00+00:00,51471.99,55750.0,50382.41,55315.0,79877.545181,0.3105933836577356,0.07466216091509192,0.3102706090111965,0.007464419531015343,1.1196629296523014e-05,0.023154277507921,170769.92098630144,3864.5727506054973,2021
2021-10-07 00:00:00+00:00,55315.0,55332.31,53357.0,53785.22,54917.37766,0.2991959702932194,-0.027655789568833078,0.3105933836577356,0.0003227746465390702,4.841619698086052e-07,-0.008590189421879984,169302.97501746964,-1466.945968831802,2021
2021-10-08 00:00:00+00:00,53785.22,56100.0,53617.61,53951.43,46160.25785,0.296575965272283,0.003090254162760653,0.2991959702932194,0.011397413364516162,1.7096120046774245e-05,0.0009074954726330597,169456.61670080133,153.64168333169073,2021
2021-10-09 00:00:00+00:00,53955.67,55489.0,53661.67,54949.72,55177.08013,0.30057119176803476,0.01850349471737811,0.296575965272283,0.0026200050209364,3.9300075314046005e-06,0.005483761799185599,170385.87642208443,929.2597212831024,2021
2021-10-10 00:00:00+00:00,54949.72,56561.31,54080.0,54659.0,89237.836128,0.3118308777079202,-0.005290654802244665,0.30057119176803476,0.003995226495751736,5.9928397436276034e-06,-0.0015962112588875828,170113.90456778408,-271.9718543003546,2021
2021-10-11 00:00:00+00:00,54659.01,57839.04,54415.06,57471.35,52933.165751,0.3315799043705454,0.05145264274867811,0.3118308777079202,0.011259685939885411,1.6889528909828116e-05,0.016027633219802523,172840.42783578503,2726.5232680009503,2021
2021-10-12 00:00:00+00:00,57471.35,57680.0,53879.0,55996.93,53471.2855,0.3209164389671335,-0.025654869774244027,0.3315799043705454,0.019749026662625235,2.9623539993937854e-05,-0.008536262806376569,171365.0165202122,-1475.4113155728264,2021
2021-10-13 00:00:00+00:00,55996.91,57777.0,54167.19,57367.0,55808.444919999994,0.318870963180471,0.02446687702343686,0.3209164389671335,0.010663465403411898,1.5995198105117846e-05,0.007835827848903017,172707.803288989,1342.7867687768012,2021
2021-10-14 00:00:00+00:00,57370.83,58532.54,56818.05,57347.94,43053.336781000005,0.3354514247892004,-0.00033224676207577186,0.318870963180471,0.0020454757866625317,3.068213679993798e-06,-0.00010901205871668796,172688.97605579603,-18.827233192976564,2021
2021-10-15 00:00:00+00:00,57347.94,62933.0,56850.0,61672.42,82512.908022,0.3313550052481804,0.0754077653007239,0.3354514247892004,0.016580461608729447,2.487069241309417e-05,0.025270771617884366,177052.95973062835,4363.983674832329,2021
2021-10-16 00:00:00+00:00,61672.42,62378.42,60150.0,60875.57,35467.880959999995,0.33260209422221226,-0.012920686426769024,0.3313550052481804,0.004096419541020024,6.1446293115300365e-06,-0.0042874787480636735,176293.8489285015,-759.1108021268446,2021
2021-10-17 00:00:00+00:00,60875.57,61718.39,58963.0,61528.33,39099.24124,0.3332500906008029,0.01072285647592297,0.33260209422221226,0.0012470889740318625,1.8706334610477937e-06,0.003564573886475143,176922.26137873824,628.412450236734,2021
2021-10-18 00:00:00+00:00,61528.32,62695.78,59844.45,62009.84,51798.44844,0.3304331927890594,0.007825825924415497,0.3332500906008029,0.0006479963785906429,9.719945678859643e-07,0.0026069852037696904,177383.4950963701,461.2337176318688,2021
2021-10-19 00:00:00+00:00,62005.6,64486.0,61322.22,64280.59,53628.10774399999,0.3349871031806313,0.03661918818045651,0.3304331927890594,0.0028168978117434906,4.225346717615236e-06,0.012095969921094017,179529.12051755434,2145.6254211842315,2021
2021-10-20 00:00:00+00:00,64280.59,67000.0,63481.4,66001.41,51428.934856,0.3395187442019737,0.026770445013028166,0.3349871031806313,0.00455391039157188,6.8308655873578205e-06,0.008960922960183325,181137.86713562158,1608.7466180672345,2021
2021-10-21 00:00:00+00:00,66001.4,66639.74,62000.0,62193.15,68538.64537,0.32295567019723104,-0.05769967641600382,0.3395187442019737,0.004531641021342403,6.7974615320136046e-06,-0.01959691913915387,177588.123000326,-3549.744135295565,2021
2021-10-22 00:00:00+00:00,62193.15,63732.39,60000.0,60688.22,52119.35886000001,0.3010727706083491,-0.02419768093431507,0.32295567019723104,0.01656307400474266,2.4844611007113992e-05,-0.007839622874367597,176195.89908903668,-1392.2239112893294,2021
2021-10-23 00:00:00+00:00,60688.23,61747.64,59562.15,61286.75,27626.936780000004,0.3038241237215105,0.009862375268215207,0.3010727706083491,0.021882899588881954,3.2824349383322935e-05,0.0029364682973974893,176713.2927608431,517.3936718064069,2021
2021-10-24 00:00:00+00:00,61286.75,61500.0,59510.63,60852.22,31226.57676,0.30482527231895806,-0.007090113278971355,0.3038241237215105,0.0027513531131614366,4.127029669742155e-06,-0.0021582744837394595,176331.8969701398,-381.39579070330365,2021
2021-10-25 00:00:00+00:00,60852.22,63710.63,60650.0,63078.78,36853.83806,0.3149903043245705,0.036589626475418635,0.30482527231895806,0.0010011485974475431,1.5017228961713147e-06,0.011151941131522273,178298.33990476042,1966.4429346206307,2021
2021-10-26 00:00:00+00:00,63078.78,63293.48,59817.55,60328.81,40217.500830000004,0.3106003559237732,-0.04359580194797685,0.3149903043245705,0.010165032005612418,1.5247548008418627e-05,-0.01374750247087535,175847.18303636674,-2451.1568683936785,2021
2021-10-27 00:00:00+00:00,60328.81,61496.0,58000.0,58413.44,62124.49016,0.2934242424321934,-0.03174884437468595,0.3106003559237732,0.004389948400797261,6.584922601195892e-06,-0.009867787285547136,174111.9604394012,-1735.2225969655265,2021
2021-10-28 00:00:00+00:00,58413.44,62499.0,57820.0,60575.89,61056.35301,0.29395869577549855,0.0370197338146836,0.2934242424321934,0.017176113491579825,2.576417023736974e-05,0.010836723179377616,175998.76355690174,1886.8031175005308,2021
2021-10-29 00:00:00+00:00,60575.9,62980.0,60174.81,62253.71,43973.90414,0.2976039773345426,0.027697818389461615,0.29395869577549855,0.0005344533433051524,8.016800149577286e-07,0.008141212889577799,177431.60695932092,1432.843402419181,2021
2021-10-30 00:00:00+00:00,62253.7,62359.25,60673.0,61859.19,31478.125659999998,0.29934069011366593,-0.006337292990249099,0.2976039773345426,0.0036452815590440335,5.46792233856605e-06,-0.0018914715217710147,177096.0001276953,-335.6068316256278,2021
2021-10-31 00:00:00+00:00,61859.19,62405.3,59945.36,61299.8,39267.63794,0.3011064867777003,-0.009042957077194158,0.29934069011366593,0.0017367127791233505,2.605069168685026e-06,-0.0027095300813242433,176616.15318806708,-479.8469396282162,2021
2021-11-01 00:00:00+00:00,61299.81,62437.74,59405.0,60911.11,44687.66672,0.3028361468108737,-0.006340803722035049,0.3011064867777003,0.0017657966640343692,2.648694996051554e-06,-0.001911905827084991,176278.4797356295,-337.67345243759337,2021
2021-11-02 00:00:00+00:00,60911.12,64270.0,60624.68,63219.99,46368.284100000004,0.31413877650029987,0.03790572852801399,0.3028361468108737,0.0017296600331733747,2.5944900497600623e-06,0.01147663027943301,178301.56267377583,2023.082938146341,2021
2021-11-03 00:00:00+00:00,63220.57,63500.0,60382.76,62896.48,43336.09049,0.30574543855972813,-0.005117210553180929,0.31413877650029987,0.011302629689426191,1.6953944534139286e-05,-0.001624468206804819,178011.91745398866,-289.6452197871695,2021
2021-11-04 00:00:00+00:00,62896.49,63086.31,60677.01,61395.01,35930.93314,0.3164405296883863,-0.023872083143603562,0.30574543855972813,0.008393337940571732,1.25900069108576e-05,-0.007311370536986222,176710.40636548313,-1301.5110885055328,2021
2021-11-05 00:00:00+00:00,61395.01,62595.72,60721.0,60937.12,31604.48749,0.31591431310113827,-0.0074580979789725665,0.3164405296883863,0.010695091128658185,1.604263669298728e-05,-0.0023760871116269497,176290.52704642774,-419.87931905538426,2021
2021-11-06 00:00:00+00:00,60940.18,61560.49,60050.0,61470.61,25590.57408,0.3253664279782809,0.008754762286107276,0.31591431310113827,0.0005262165872480518,7.893248808720776e-07,0.002764965389098459,176777.96425213703,487.43720570928417,2021
2021-11-07 00:00:00+00:00,61470.62,63286.35,61322.78,63273.59,25515.688299999998,0.33999677999351113,0.029330764734561754,0.3253664279782809,0.009452114877142648,1.4178172315713971e-05,0.009529067979239974,178462.4934907273,1684.5292385902721,2021
2021-11-08 00:00:00+00:00,63273.58,67789.0,63273.58,67525.83,54442.094553999996,0.35464427740930843,0.06720402619797627,0.33999677999351113,0.014630352015230219,2.1945528022845327e-05,0.022827206981888653,182536.2937681441,4073.800277416798,2021
2021-11-09 00:00:00+00:00,67525.82,68524.25,66222.4,66947.66,44661.378068,0.3589108213551585,-0.008562205011030555,0.35464427740930843,0.014647497415797295,2.197124612369594e-05,-0.003058508255290987,181978.005006764,-558.2887613800995,2021
2021-11-10 00:00:00+00:00,66947.67,69000.0,62822.9,64882.43,65171.504046,0.33894390943320707,-0.030848426965184528,0.3589108213551585,0.0042665439458500765,6.399815918775115e-06,-0.011078234075507775,179962.01007070515,-2015.9949360588507,2021
2021-11-11 00:00:00+00:00,64882.42,65600.07,64100.0,64774.26,37237.98058,0.35142818460348235,-0.0016671693708142366,0.33894390943320707,0.019966911921951436,2.9950367882927154e-05,-0.0005950272721140045,179854.9277667686,-107.08230393653503,2021
2021-11-12 00:00:00+00:00,64774.25,65450.7,62278.0,64122.23,44490.10816,0.34205703192965464,-0.010066189872335096,0.35142818460348235,0.012484275170275283,1.8726412755412924e-05,-0.0035562692454640956,179215.3152185065,-639.6125482621137,2021
2021-11-13 00:00:00+00:00,64122.22,65000.0,63360.22,64380.0,22504.97383,0.3454835938990182,0.004019978718768691,0.34205703192965464,0.00937115267382771,1.4056729010741565e-05,0.0013610052599516526,179459.2282051828,243.912986676296,2021
2021-11-14 00:00:00+00:00,64380.01,65550.51,63576.27,65519.1,25705.07347,0.3582466412407415,0.017693383038210664,0.3454835938990182,0.003426561969363584,5.1398429540453765e-06,0.006107633717318905,180555.29943825278,1096.0712330699898,2021
2021-11-15 00:00:00+00:00,65519.11,66401.82,63400.0,63606.74,37829.37124,0.35068491460181705,-0.029187824619080538,0.3582466412407415,0.012763047341723288,1.914457101258493e-05,-0.010475584705922013,178663.87710488425,-1891.4223333685368,2021
2021-11-16 00:00:00+00:00,63606.73,63617.31,58574.07,60058.87,77455.15609,0.3223680745240628,-0.05577820840998915,0.35068491460181705,0.00756172663892446,1.1342589958386689e-05,-0.019571918842857784,175167.08220203713,-3496.7949028471194,2021
2021-11-17 00:00:00+00:00,60058.87,60840.23,58373.0,60344.87,46289.38491,0.3366282718075389,0.004761994356537125,0.3223680745240628,0.028316840077754257,4.247526011663139e-05,0.001492639691494695,175428.54354157523,261.46133953810204,2021
2021-11-18 00:00:00+00:00,60344.86,60976.0,56474.26,56891.62,62146.99931,0.3080806083471526,-0.05722524549311314,0.3366282718075389,0.014260197283476106,2.139029592521416e-05,-0.019285025790034046,172045.39955506782,-3383.143986507406,2021
2021-11-19 00:00:00+00:00,56891.62,58320.0,55600.0,58052.24,50715.88726,0.30886022204472213,0.020400544052006087,0.3080806083471526,0.028547663460386286,4.282149519057943e-05,0.006242190526964341,173119.33971837827,1073.9401633104426,2021
2021-11-20 00:00:00+00:00,58057.1,59845.0,57353.0,59707.51,33811.5901,0.3174944545129965,0.028513456156041617,0.30886022204472213,0.0007796136975695145,1.1694205463542717e-06,0.008805502979071109,174643.74258000325,1524.4028616249852,2021
2021-11-21 00:00:00+00:00,59707.52,60029.76,58486.65,58622.02,31902.22785,0.3197880839732194,-0.01818012507974298,0.3174944545129965,0.008634232468274383,1.2951348702411576e-05,-0.005785040243873456,173633.42150083726,-1010.3210791659949,2021
2021-11-22 00:00:00+00:00,58617.7,59444.0,55610.0,56247.18,51724.32047,0.30583081665257994,-0.04051105710789216,0.3197880839732194,0.002293629460222879,3.4404441903343185e-06,-0.012958393776452838,171383.4112522766,-2250.010248560662,2021
2021-11-23 00:00:00+00:00,56243.83,58009.99,55317.0,57541.27,49917.85017,0.3151821703170931,0.02300719787196437,0.30583081665257994,0.013957267320639455,2.0935900980959184e-05,0.007015374213089403,172585.73001612708,1202.3187638504896,2021
2021-11-24 00:00:00+00:00,57541.26,57735.0,55837.0,57138.29,39612.04964,0.3157909795820381,-0.007003321268369556,0.3151821703170931,0.009351353664513173,1.402703049676976e-05,-0.0022213490272893436,172202.35687263173,-383.37314349535154,2021
2021-11-25 00:00:00+00:00,57138.29,59398.9,57000.0,58960.36,42153.51522,0.3228826990382213,0.03188877371023868,0.3157909795820381,0.0006088092649449983,9.132138974174975e-07,0.010069273873728801,173936.30956568386,1733.9526930521242,2021
2021-11-26 00:00:00+00:00,58960.37,59150.0,53500.0,53726.53,65927.87066,0.2744131620318658,-0.08876862352943571,0.3228826990382213,0.007091719456183199,1.0637579184274798e-05,-0.028672490334276234,168949.1224108821,-4987.187154801766,2021
2021-11-27 00:00:00+00:00,53723.72,55280.0,53610.0,54721.03,29716.99957,0.28083348602973673,0.018510408172647708,0.2744131620318658,0.048469537006355534,7.270430550953331e-05,0.0050067953316472145,169795.0160882548,845.8936773727182,2021
2021-11-28 00:00:00+00:00,54716.47,57445.05,53256.64,57274.88,36163.7137,0.2955192833525434,0.046670356899349175,0.28083348602973673,0.006420323997870958,9.630485996806437e-06,0.013096968536299396,172018.8160715831,2223.7999833282956,2021
2021-11-29 00:00:00+00:00,57274.89,58865.97,56666.67,57776.25,40125.28009,0.2986092870890796,0.008753750335225519,0.2955192833525434,0.01468579732280667,2.2028695984210005e-05,0.002564873329728722,172460.02254513663,441.2064735535241,2021
2021-11-30 00:00:00+00:00,57776.25,59176.99,55875.55,56950.56,49161.05194,0.30896337083464415,-0.014291166352956464,0.2986092870890796,0.0030900037365361732,4.6350056048042596e-06,-0.004272110001932576,171723.25435788804,-736.7681872485846,2021
2021-12-01 00:00:00+00:00,56950.56,59053.55,56458.01,57184.07,44956.63656,0.3044685367436567,0.004100223070677478,0.30896337083464415,0.010354083745564568,1.553112561834685e-05,0.001251287615472142,171938.12953935465,214.87518146660295,2021
2021-12-02 00:00:00+00:00,57184.07,57375.47,55777.77,56480.34,37574.059760000004,0.30897177654436914,-0.012306399317152494,0.3044685367436567,0.004494834090987443,6.742251136481164e-06,-0.003753653643813037,171292.73335289885,-645.3961864557932,2021
2021-12-03 00:00:00+00:00,56484.26,57600.0,51680.0,53601.05,58927.69027,0.27287625037279345,-0.050978623712250926,0.30897177654436914,0.004503239800712433,6.75485970106865e-06,-0.01575771079386214,168593.55199963372,-2699.1813532651286,2021
2021-12-04 00:00:00+00:00,53601.05,53859.1,42000.3,49152.47,114203.373748,0.21567188844584934,-0.08299426970180623,0.27287625037279345,0.03609552617157569,5.414328925736353e-05,-0.022701308407914587,164766.25778010426,-3827.29421952946,2021
2021-12-05 00:00:00+00:00,49152.46,49699.05,47727.21,49396.33,45580.82012,0.21990643723848172,0.004961296960254602,0.21567188844584934,0.057204361926944114,8.580654289041617e-05,0.0009842057416683458,164928.42167704462,162.16389694035752,2021
2021-12-06 00:00:00+00:00,49396.32,50891.11,47100.0,50441.92,58571.21575,0.22861916858397083,0.021167362028717385,0.21990643723848172,0.004234548792632381,6.351823188948572e-06,0.004648487346283412,165695.08935825282,766.6676812082005,2021
2021-12-07 00:00:00+00:00,50441.91,51936.33,50039.74,50588.95,38253.46877,0.23118946654127323,0.00291483750023791,0.22861916858397083,0.008712731345489111,1.3069097018233667e-05,0.0006533186288435372,165803.34104683847,108.25168858564575,2021
2021-12-08 00:00:00+00:00,50588.95,51200.0,48600.0,50471.19,38425.92466,0.23721581856971855,-0.002327781066813861,0.23118946654127323,0.002570297957302403,3.855446935953605e-06,-0.000542013909997526,165713.473329667,-89.86771717146621,2021
2021-12-09 00:00:00+00:00,50471.19,50797.76,47320.0,47545.59,37692.68665,0.22095966470195358,-0.057965742436427714,0.23721581856971855,0.006026352028445314,9.039528042667972e-06,-0.013759430569101339,163433.35029902283,-2280.123030644172,2021
2021-12-10 00:00:00+00:00,47535.9,50125.0,46852.0,47140.54,44233.57391,0.21657429553947904,-0.0085191917904478,0.22095966470195358,0.016256153867764966,2.438423080164745e-05,-0.001906781992350629,163121.71852972312,-311.63176929971087,2021
2021-12-11 00:00:00+00:00,47140.54,49485.71,46751.0,49389.99,28889.19358,0.2230211547029609,0.04771795147022062,0.21657429553947904,0.004385369162474534,6.578053743711801e-06,0.010327903670506369,164806.42392526555,1684.7053955424344,2021
2021-12-12 00:00:00+00:00,49389.99,50777.0,48638.0,50053.9,26017.93421,0.23166493784567935,0.013442197497914199,0.2230211547029609,0.006446859163481866,9.670288745222799e-06,0.002988224118984854,165298.9024562027,492.4785309371364,2021
2021-12-13 00:00:00+00:00,50053.9,50189.97,45672.75,46702.75,50869.52093,0.0,-0.06695082700848487,0.23166493784567935,0.008643783142718436,1.2965674714077654e-05,-0.015523124852351555,162732.9469554184,-2565.955500784301,2021
2021-12-14 00:00:00+00:00,46702.76,48700.41,46290.0,48343.28,39955.98445,0.21629923566617057,0.035127053546097464,0.0,0.23166493784567935,0.00034749740676851904,-0.00034749740676851904,162676.39767835557,-56.549277062818874,2021
2021-12-15 00:00:00+00:00,48336.95,49500.0,46547.0,48864.98,51629.181,0.21692104969770518,0.010791572272299321,0.21629923566617057,0.21629923566617057,0.0003244488534992559,0.0020097599806353267,163003.33819220346,326.94051384789054,2021
2021-12-16 00:00:00+00:00,48864.98,49436.43,47511.0,47632.38,31949.86739,0.22320016527807118,-0.02522460870750398,0.21692104969770518,0.0006218140315346066,9.327210473019098e-07,-0.00547268132009294,162111.27286816618,-892.0653240372776,2021
2021-12-17 00:00:00+00:00,47632.38,47995.96,45456.0,46131.2,43104.4887,0.0,-0.03151595616259362,0.22320016527807118,0.006279115580366007,9.418673370549011e-06,-0.007043785297757891,160969.39586773657,-1141.8770004296093,2021
2021-12-18 00:00:00+00:00,46133.83,47392.37,45500.0,46834.48,25020.05271,0.0,0.015245213651498446,0.0,0.22320016527807118,0.00033480024791710677,-0.00033480024791710677,160915.50327409297,-53.89259364359896,2021
2021-12-19 00:00:00+00:00,46834.47,48300.01,46406.91,46681.23,29305.70665,0.0,-0.003272161877317714,0.0,0.0,0.0,-0.0,160915.50327409297,0.0,2021
2021-12-20 00:00:00+00:00,46681.24,47537.57,45558.85,46914.16,35848.506089999995,0.0,0.004989799968852626,0.0,0.0,0.0,0.0,160915.50327409297,0.0,2021
2021-12-21 00:00:00+00:00,46914.17,49328.96,46630.0,48889.88,37713.92924,0.23964657945441428,0.042113511144609594,0.0,0.0,0.0,0.0,160915.50327409297,0.0,2021
2021-12-22 00:00:00+00:00,48887.59,49576.13,48421.87,48588.16,27004.2022,0.2398275173762358,-0.00617142034302387,0.23964657945441428,0.23964657945441428,0.00035946986918162144,-0.00183842964476268,160619.671442572,-295.83183152097627,2021
2021-12-23 00:00:00+00:00,48588.17,51375.0,47920.42,50838.81,35192.54046,0.2610519219659113,0.04632095555789717,0.2398275173762358,0.0001809379218215279,2.7140688273229184e-07,0.011108768367062698,162403.95816782126,1784.2867252492579,2021
2021-12-24 00:00:00+00:00,50838.82,51810.0,50384.43,50820.0,31684.84269,0.31462646357969687,-0.00036999292469663825,0.2610519219659113,0.021224404589675505,3.1836606884513256e-05,-0.00012842397099035937,162383.10160660878,-20.8565612124803,2021
2021-12-25 00:00:00+00:00,50819.99,51156.23,50142.32,50399.66,19135.51613,0.31802975227574093,-0.008271153089334793,0.31462646357969687,0.05357454161378555,8.036181242067834e-05,-0.0026826854586443688,161947.47882119915,-435.62278540962143,2021
2021-12-26 00:00:00+00:00,50399.67,51280.0,49412.0,50775.49,22569.88914,0.33327927903566923,0.007456994749567736,0.31802975227574093,0.00340328869604406,5.10493304406609e-06,0.0023664412598824614,162330.7180170156,383.2391958164517,2021
2021-12-27 00:00:00+00:00,50775.48,52088.0,50449.0,50701.44,28792.21566,0.33459457747056076,-0.0014583808053845182,0.33327927903566923,0.0152495267599283,2.287429013989245e-05,-0.0005089223935179032,162248.1042794609,-82.61373755469685,2021
2021-12-28 00:00:00+00:00,50701.44,50704.05,47313.01,47543.74,45853.33924,0.0,-0.06228028237462302,0.33459457747056076,0.001315298434891532,1.972947652337298e-06,-0.02084061771353654,158866.75356342667,-3381.3507160342415,2021
2021-12-29 00:00:00+00:00,47543.74,48139.08,46096.99,46464.66,39498.87,0.0,-0.022696573723480662,0.0,0.33459457747056076,0.0005018918662058412,-0.0005018918662058412,158787.01963200263,-79.73393142403802,2021
2021-12-30 00:00:00+00:00,46464.66,47900.0,45900.0,47120.87,30352.29569,0.0,0.014122776320756536,0.0,0.0,0.0,0.0,158787.01963200263,0.0,2021
2021-12-31 00:00:00+00:00,47120.88,48548.26,45678.0,46216.93,34937.99796,0.0,-0.01918343188485272,0.0,0.0,0.0,-0.0,158787.01963200263,0.0,2021
2022-01-01 00:00:00+00:00,46216.93,47954.63,46208.37,47722.65,19604.46325,0.0,0.032579403261964845,0.0,0.0,0.0,0.0,158787.01963200263,0.0,2022
2022-01-02 00:00:00+00:00,47722.66,47990.0,46654.0,47286.18,18340.4604,0.0,-0.009145971566960398,0.0,0.0,0.0,-0.0,158787.01963200263,0.0,2022
2022-01-03 00:00:00+00:00,47286.18,47570.0,45696.0,46446.1,27662.077100000002,0.0,-0.01776586732106511,0.0,0.0,0.0,-0.0,158787.01963200263,0.0,2022
2022-01-04 00:00:00+00:00,46446.1,47557.54,45500.0,45832.01,35491.4136,0.0,-0.013221562197902492,0.0,0.0,0.0,-0.0,158787.01963200263,0.0,2022
2022-01-05 00:00:00+00:00,45832.01,47070.0,42500.0,43451.13,51784.11856999999,0.0,-0.0519479726069183,0.0,0.0,0.0,-0.0,158787.01963200263,0.0,2022
2022-01-06 00:00:00+00:00,43451.14,43816.0,42430.58,43082.31,38880.37305,0.0,-0.008488156694659077,0.0,0.0,0.0,-0.0,158787.01963200263,0.0,2022
2022-01-07 00:00:00+00:00,43082.3,43145.83,40610.0,41566.48,54836.50818,0.0,-0.0351845107655554,0.0,0.0,0.0,-0.0,158787.01963200263,0.0,2022
2022-01-08 00:00:00+00:00,41566.48,42300.0,40501.0,41679.74,32952.73111,0.0,0.002724791707163998,0.0,0.0,0.0,0.0,158787.01963200263,0.0,2022
2022-01-09 00:00:00+00:00,41679.74,42786.7,41200.02,41864.62,22724.39426,0.0,0.004435728245905768,0.0,0.0,0.0,0.0,158787.01963200263,0.0,2022
2022-01-10 00:00:00+00:00,41864.62,42248.5,39650.0,41822.49,50729.170190000004,0.0,-0.0010063390041520348,0.0,0.0,0.0,-0.0,158787.01963200263,0.0,2022
2022-01-11 00:00:00+00:00,41822.49,43100.0,41268.93,42729.29,37296.43729,0.0,0.021682114096984728,0.0,0.0,0.0,0.0,158787.01963200263,0.0,2022
2022-01-12 00:00:00+00:00,42729.29,44322.0,42450.0,43902.66,33943.292799999996,0.0,0.027460554575093665,0.0,0.0,0.0,0.0,158787.01963200263,0.0,2022
2022-01-13 00:00:00+00:00,43902.65,44500.0,42311.22,42560.11,34910.87762,0.0,-0.03058015163545902,0.0,0.0,0.0,-0.0,158787.01963200263,0.0,2022
2022-01-14 00:00:00+00:00,42558.35,43448.78,41725.95,43059.96,32640.882920000004,0.0,0.011744565509816507,0.0,0.0,0.0,0.0,158787.01963200263,0.0,2022
2022-01-15 00:00:00+00:00,43059.96,43800.0,42555.0,43084.29,21936.05616,0.0,0.0005650260706233645,0.0,0.0,0.0,0.0,158787.01963200263,0.0,2022
2022-01-16 00:00:00+00:00,43084.29,43475.0,42581.79,43071.66,20602.35271,0.0,-0.0002931462953200681,0.0,0.0,0.0,-0.0,158787.01963200263,0.0,2022
2022-01-17 00:00:00+00:00,43071.66,43176.18,41540.42,42201.62,27562.08613,0.0,-0.020199825128634497,0.0,0.0,0.0,-0.0,158787.01963200263,0.0,2022
2022-01-18 00:00:00+00:00,42201.63,42691.0,41250.0,42352.12,29324.08257,0.0,0.003566213808853691,0.0,0.0,0.0,0.0,158787.01963200263,0.0,2022
2022-01-19 00:00:00+00:00,42352.12,42559.13,41138.56,41660.01,31685.72159,0.0,-0.01634180296051302,0.0,0.0,0.0,-0.0,158787.01963200263,0.0,2022
2022-01-20 00:00:00+00:00,41660.0,43505.0,40553.31,40680.91,42330.33953,0.0,-0.023502154704235556,0.0,0.0,0.0,-0.0,158787.01963200263,0.0,2022
2022-01-21 00:00:00+00:00,40680.92,41100.0,35440.45,36445.31,88860.891999,0.0,-0.10411763158690412,0.0,0.0,0.0,-0.0,158787.01963200263,0.0,2022
2022-01-22 00:00:00+00:00,36445.31,36835.22,34008.0,35071.42,90471.338961,0.0,-0.03769730590849685,0.0,0.0,0.0,-0.0,158787.01963200263,0.0,2022
2022-01-23 00:00:00+00:00,35071.42,36499.0,34601.01,36244.55,44279.52354,0.0,0.033449743409305954,0.0,0.0,0.0,0.0,158787.01963200263,0.0,2022
2022-01-24 00:00:00+00:00,36244.55,37550.0,32917.17,36660.35,91904.753211,0.0,0.011472069593911227,0.0,0.0,0.0,0.0,158787.01963200263,0.0,2022
2022-01-25 00:00:00+00:00,36660.35,37545.14,35701.0,36958.32,49232.40183,0.0,0.008127854753159802,0.0,0.0,0.0,0.0,158787.01963200263,0.0,2022
2022-01-26 00:00:00+00:00,36958.32,38919.98,36234.63,36809.34,69830.16036000001,0.0,-0.004031027384361674,0.0,0.0,0.0,-0.0,158787.01963200263,0.0,2022
2022-01-27 00:00:00+00:00,36807.24,37234.47,35507.01,37160.1,53020.87934,0.0,0.009529103211304513,0.0,0.0,0.0,0.0,158787.01963200263,0.0,2022
2022-01-28 00:00:00+00:00,37160.11,38000.0,36155.01,37716.56,42154.26956,0.0,0.01497466368497391,0.0,0.0,0.0,0.0,158787.01963200263,0.0,2022
2022-01-29 00:00:00+00:00,37716.57,38720.74,37268.44,38166.84,26129.49682,0.0,0.011938522495158699,0.0,0.0,0.0,0.0,158787.01963200263,0.0,2022
2022-01-30 00:00:00+00:00,38166.83,38359.26,37351.63,37881.76,21430.66527,0.0,-0.0074693110564038045,0.0,0.0,0.0,-0.0,158787.01963200263,0.0,2022
2022-01-31 00:00:00+00:00,37881.75,38744.0,36632.61,38466.9,36855.2458,0.0,0.015446484007078931,0.0,0.0,0.0,0.0,158787.01963200263,0.0,2022
2022-02-01 00:00:00+00:00,38466.9,39265.2,38000.0,38694.59,34574.44663,0.0,0.005919114875386322,0.0,0.0,0.0,0.0,158787.01963200263,0.0,2022
2022-02-02 00:00:00+00:00,38694.59,38855.92,36586.95,36896.36,35794.681300000004,0.0,-0.046472388000493026,0.0,0.0,0.0,-0.0,158787.01963200263,0.0,2022
2022-02-03 00:00:00+00:00,36896.37,37387.0,36250.0,37311.61,32081.109989999997,0.0,0.011254497733651725,0.0,0.0,0.0,0.0,158787.01963200263,0.0,2022
2022-02-04 00:00:00+00:00,37311.98,41772.33,37026.73,41574.25,64703.95874,0.0,0.11424433306415893,0.0,0.0,0.0,0.0,158787.01963200263,0.0,2022
2022-02-05 00:00:00+00:00,41571.7,41913.69,40843.01,41382.59,32532.34372,0.0,-0.004610065124446061,0.0,0.0,0.0,-0.0,158787.01963200263,0.0,2022
2022-02-06 00:00:00+00:00,41382.6,42656.0,41116.56,42380.87,22405.16704,0.0,0.02412318803632174,0.0,0.0,0.0,0.0,158787.01963200263,0.0,2022
2022-02-07 00:00:00+00:00,42380.87,44500.5,41645.85,43839.99,51060.62006,0.0,0.03442874108058658,0.0,0.0,0.0,0.0,158787.01963200263,0.0,2022
2022-02-08 00:00:00+00:00,43839.99,45492.0,42666.0,44042.99,64880.29387,0.0,0.004630475508776266,0.0,0.0,0.0,0.0,158787.01963200263,0.0,2022
2022-02-09 00:00:00+00:00,44043.0,44799.0,43117.92,44372.72,34428.16729,0.0,0.007486548937753801,0.0,0.0,0.0,0.0,158787.01963200263,0.0,2022
2022-02-10 00:00:00+00:00,44372.71,45821.0,43174.01,43495.44,62357.290909999996,0.0,-0.01977070596528674,0.0,0.0,0.0,-0.0,158787.01963200263,0.0,2022
2022-02-11 00:00:00+00:00,43495.44,43920.0,41938.51,42373.73,44975.1687,0.0,-0.025789140194926174,0.0,0.0,0.0,-0.0,158787.01963200263,0.0,2022
2022-02-12 00:00:00+00:00,42373.73,43079.49,41688.88,42217.87,26556.85681,0.0,-0.003678222332563097,0.0,0.0,0.0,-0.0,158787.01963200263,0.0,2022
2022-02-13 00:00:00+00:00,42217.87,42760.0,41870.0,42053.66,17732.08113,0.0,-0.0038895851448687013,0.0,0.0,0.0,-0.0,158787.01963200263,0.0,2022
2022-02-14 00:00:00+00:00,42053.65,42842.4,41550.56,42535.94,34010.1306,0.0,0.01146820514552127,0.0,0.0,0.0,0.0,158787.01963200263,0.0,2022
2022-02-15 00:00:00+00:00,42535.94,44751.4,42427.03,44544.86,38095.19576,0.0,0.04722876701443535,0.0,0.0,0.0,0.0,158787.01963200263,0.0,2022
2022-02-16 00:00:00+00:00,44544.85,44549.97,43307.0,43873.56,28471.8727,0.0,-0.015070201141052064,0.0,0.0,0.0,-0.0,158787.01963200263,0.0,2022
2022-02-17 00:00:00+00:00,43873.56,44164.71,40073.21,40515.7,47245.994940000004,0.0,-0.07653493356819008,0.0,0.0,0.0,-0.0,158787.01963200263,0.0,2022
2022-02-18 00:00:00+00:00,40515.71,40959.88,39450.0,39974.44,43845.92241,0.0,-0.013359265667383102,0.0,0.0,0.0,-0.0,158787.01963200263,0.0,2022
2022-02-19 00:00:00+00:00,39974.45,40444.32,39639.03,40079.17,18042.055099999998,0.0,0.0026199241315199018,0.0,0.0,0.0,0.0,158787.01963200263,0.0,2022
2022-02-20 00:00:00+00:00,40079.17,40125.44,38000.0,38386.89,33439.29011,0.0,-0.042223429277602254,0.0,0.0,0.0,-0.0,158787.01963200263,0.0,2022
2022-02-21 00:00:00+00:00,38386.89,39494.35,36800.0,37008.16,62347.68496,0.0,-0.035916689265527824,0.0,0.0,0.0,-0.0,158787.01963200263,0.0,2022
2022-02-22 00:00:00+00:00,37008.16,38429.0,36350.0,38230.33,53785.94589,0.0,0.03302433841617636,0.0,0.0,0.0,0.0,158787.01963200263,0.0,2022
2022-02-23 00:00:00+00:00,38230.33,39249.93,37036.79,37250.01,43560.732,0.0,-0.025642467642837508,0.0,0.0,0.0,-0.0,158787.01963200263,0.0,2022
2022-02-24 00:00:00+00:00,37250.02,39843.0,34322.28,38327.21,120476.29458,0.0,0.02891811304211722,0.0,0.0,0.0,0.0,158787.01963200263,0.0,2022
2022-02-25 00:00:00+00:00,38328.68,39683.53,38014.37,39219.17,56574.57125,0.0,0.02327223922638777,0.0,0.0,0.0,0.0,158787.01963200263,0.0,2022
2022-02-26 00:00:00+00:00,39219.16,40348.45,38573.18,39116.72,29361.2568,0.0,-0.0026122429413982795,0.0,0.0,0.0,-0.0,158787.01963200263,0.0,2022
2022-02-27 00:00:00+00:00,39116.73,39855.7,37000.0,37699.07,46229.447190000006,0.0,-0.03624153558887355,0.0,0.0,0.0,-0.0,158787.01963200263,0.0,2022
2022-02-28 00:00:00+00:00,37699.08,44225.84,37450.17,43160.0,73945.63858,0.0,0.14485582800848928,0.0,0.0,0.0,0.0,158787.01963200263,0.0,2022
2022-03-01 00:00:00+00:00,43160.0,44949.0,42809.98,44421.2,61743.09873,0.0,0.029221501390175986,0.0,0.0,0.0,0.0,158787.01963200263,0.0,2022
2022-03-02 00:00:00+00:00,44421.2,45400.0,43334.09,43892.98,57782.65081,0.0,-0.011891169081429398,0.0,0.0,0.0,-0.0,158787.01963200263,0.0,2022
2022-03-03 00:00:00+00:00,43892.99,44101.12,41832.28,42454.0,50940.61021,0.0,-0.032783830124999525,0.0,0.0,0.0,-0.0,158787.01963200263,0.0,2022
2022-03-04 00:00:00+00:00,42454.0,42527.3,38550.0,39148.66,61964.68498,0.0,-0.07785697460781071,0.0,0.0,0.0,-0.0,158787.01963200263,0.0,2022
2022-03-05 00:00:00+00:00,39148.65,39613.24,38407.59,39397.96,30363.133410000002,0.0,0.006368034052761873,0.0,0.0,0.0,0.0,158787.01963200263,0.0,2022
2022-03-06 00:00:00+00:00,39397.97,39693.87,38088.57,38420.81,39677.26158,0.0,-0.024802045588147248,0.0,0.0,0.0,-0.0,158787.01963200263,0.0,2022
2022-03-07 00:00:00+00:00,38420.8,39547.57,37155.0,37988.0,63994.11559,0.0,-0.011264988947395915,0.0,0.0,0.0,-0.0,158787.01963200263,0.0,2022
2022-03-08 00:00:00+00:00,37988.01,39362.08,37867.65,38730.63,55583.066380000004,0.0,0.019549068126776703,0.0,0.0,0.0,0.0,158787.01963200263,0.0,2022
2022-03-09 00:00:00+00:00,38730.63,42594.06,38656.45,41941.71,67392.58799,0.0,0.08290802395933139,0.0,0.0,0.0,0.0,158787.01963200263,0.0,2022
2022-03-10 00:00:00+00:00,41941.7,42039.63,38539.73,39422.0,71962.93154,0.0,-0.0600764727999884,0.0,0.0,0.0,-0.0,158787.01963200263,0.0,2022
2022-03-11 00:00:00+00:00,39422.01,40236.26,38223.6,38729.57,59018.7642,0.0,-0.01756455786109279,0.0,0.0,0.0,-0.0,158787.01963200263,0.0,2022
2022-03-12 00:00:00+00:00,38729.57,39486.71,38660.52,38807.36,24034.36432,0.0,0.0020085428265792515,0.0,0.0,0.0,0.0,158787.01963200263,0.0,2022
2022-03-13 00:00:00+00:00,38807.35,39310.0,37578.51,37777.34,32791.82359,0.0,-0.026541872469552308,0.0,0.0,0.0,-0.0,158787.01963200263,0.0,2022
2022-03-14 00:00:00+00:00,37777.35,39947.12,37555.0,39671.37,46945.45375,0.0,0.05013666923081428,0.0,0.0,0.0,0.0,158787.01963200263,0.0,2022
2022-03-15 00:00:00+00:00,39671.37,39887.61,38098.33,39280.33,46015.54926,0.0,-0.00985698250400735,0.0,0.0,0.0,-0.0,158787.01963200263,0.0,2022
2022-03-16 00:00:00+00:00,39280.33,41718.0,38828.48,41114.0,88120.76167,0.0,0.04668163429380545,0.0,0.0,0.0,0.0,158787.01963200263,0.0,2022
2022-03-17 00:00:00+00:00,41114.01,41478.82,40500.0,40917.9,37189.38087,0.0,-0.004769664834362919,0.0,0.0,0.0,-0.0,158787.01963200263,0.0,2022
2022-03-18 00:00:00+00:00,40917.89,42325.02,40135.04,41757.51,45408.009690000006,0.0,0.020519381493185218,0.0,0.0,0.0,0.0,158787.01963200263,0.0,2022
2022-03-19 00:00:00+00:00,41757.51,42400.0,41499.29,42201.13,29067.181080000002,0.0,0.010623717745622097,0.0,0.0,0.0,0.0,158787.01963200263,0.0,2022
2022-03-20 00:00:00+00:00,42201.13,42296.26,40911.0,41262.11,30653.33468,0.0,-0.022251062945470856,0.0,0.0,0.0,-0.0,158787.01963200263,0.0,2022
2022-03-21 00:00:00+00:00,41262.11,41544.22,40467.94,41002.25,39426.24877,0.0,-0.006297787485904149,0.0,0.0,0.0,-0.0,158787.01963200263,0.0,2022
2022-03-22 00:00:00+00:00,41002.26,43361.0,40875.51,42364.13,59454.94294,0.0,0.03321476260449119,0.0,0.0,0.0,0.0,158787.01963200263,0.0,2022
2022-03-23 00:00:00+00:00,42364.13,43025.96,41751.47,42882.76,40828.87039,0.0,0.012242196405308103,0.0,0.0,0.0,0.0,158787.01963200263,0.0,2022
2022-03-24 00:00:00+00:00,42882.76,44220.89,42560.46,43991.46,56195.12374,0.0,0.025854212741903693,0.0,0.0,0.0,0.0,158787.01963200263,0.0,2022
2022-03-25 00:00:00+00:00,43991.46,45094.14,43579.0,44313.16,54614.436480000004,0.0,0.007312782981060417,0.0,0.0,0.0,0.0,158787.01963200263,0.0,2022
2022-03-26 00:00:00+00:00,44313.16,44792.99,44071.97,44511.27,23041.61741,0.0,0.004470680944441696,0.0,0.0,0.0,0.0,158787.01963200263,0.0,2022
2022-03-27 00:00:00+00:00,44511.27,46999.0,44421.46,46827.76,41874.91071,0.0,0.05204277478490282,0.0,0.0,0.0,0.0,158787.01963200263,0.0,2022
2022-03-28 00:00:00+00:00,46827.76,48189.84,46663.56,47122.21,58949.2614,0.0,0.00628793689896745,0.0,0.0,0.0,0.0,158787.01963200263,0.0,2022
2022-03-29 00:00:00+00:00,47122.21,48096.47,46950.85,47434.8,36772.28457,0.0,0.006633602286480356,0.0,0.0,0.0,0.0,158787.01963200263,0.0,2022
2022-03-30 00:00:00+00:00,47434.79,47700.22,46445.42,47067.99,40947.2085,0.0,-0.007732930253737891,0.0,0.0,0.0,-0.0,158787.01963200263,0.0,2022
2022-03-31 00:00:00+00:00,47067.99,47600.0,45200.0,45510.34,48645.12667,0.0,-0.033093616277219406,0.0,0.0,0.0,-0.0,158787.01963200263,0.0,2022
2022-04-01 00:00:00+00:00,45510.35,46720.09,44200.0,46283.49,56271.06474,0.0,0.016988447021050623,0.0,0.0,0.0,0.0,158787.01963200263,0.0,2022
2022-04-02 00:00:00+00:00,46283.49,47213.0,45620.0,45811.0,37073.53582,0.0,-0.010208607864272912,0.0,0.0,0.0,-0.0,158787.01963200263,0.0,2022
2022-04-03 00:00:00+00:00,45810.99,47444.11,45530.92,46407.35,33394.67794,0.0,0.013017615856453668,0.0,0.0,0.0,0.0,158787.01963200263,0.0,2022
2022-04-04 00:00:00+00:00,46407.36,46890.71,45118.0,46580.51,44641.875140000004,0.0,0.003731305493634096,0.0,0.0,0.0,0.0,158787.01963200263,0.0,2022
2022-04-05 00:00:00+00:00,46580.5,47200.0,45353.81,45497.55,42192.748519999994,0.0,-0.023249208735584892,0.0,0.0,0.0,-0.0,158787.01963200263,0.0,2022
2022-04-06 00:00:00+00:00,45497.54,45507.14,43121.0,43170.47,60849.32936,0.0,-0.05114736947374088,0.0,0.0,0.0,-0.0,158787.01963200263,0.0,2022
2022-04-07 00:00:00+00:00,43170.47,43900.99,42727.35,43444.19,37396.54156,0.0,0.006340445216371338,0.0,0.0,0.0,0.0,158787.01963200263,0.0,2022
2022-04-08 00:00:00+00:00,43444.2,43970.62,42107.14,42252.01,42375.04203,0.0,-0.0274416440955626,0.0,0.0,0.0,-0.0,158787.01963200263,0.0,2022
2022-04-09 00:00:00+00:00,42252.02,42800.0,42125.48,42753.97,17891.66047,0.0,0.011880144873581244,0.0,0.0,0.0,0.0,158787.01963200263,0.0,2022
2022-04-10 00:00:00+00:00,42753.96,43410.3,41868.0,42158.85,22771.09403,0.0,-0.013919643017946681,0.0,0.0,0.0,-0.0,158787.01963200263,0.0,2022
2022-04-11 00:00:00+00:00,42158.85,42414.71,39200.0,39530.45,63560.44721,0.0,-0.06234515410168928,0.0,0.0,0.0,-0.0,158787.01963200263,0.0,2022
2022-04-12 00:00:00+00:00,39530.45,40699.0,39254.63,40074.94,57751.017779999995,0.0,0.01377393882437472,0.0,0.0,0.0,0.0,158787.01963200263,0.0,2022
2022-04-13 00:00:00+00:00,40074.95,41561.31,39588.54,41147.79,41342.272540000005,0.0,0.026771094354726355,0.0,0.0,0.0,0.0,158787.01963200263,0.0,2022
2022-04-14 00:00:00+00:00,41147.78,41500.0,39551.94,39942.38,36807.01401,0.0,-0.02929464741605814,0.0,0.0,0.0,-0.0,158787.01963200263,0.0,2022
2022-04-15 00:00:00+00:00,39942.37,40870.36,39766.4,40551.9,24026.357389999997,0.0,0.015259982004077077,0.0,0.0,0.0,0.0,158787.01963200263,0.0,2022
2022-04-16 00:00:00+00:00,40551.9,40709.35,39991.55,40378.71,15805.44718,0.0,-0.004270823315307148,0.0,0.0,0.0,-0.0,158787.01963200263,0.0,2022
2022-04-17 00:00:00+00:00,40378.7,40595.67,39546.17,39678.12,19988.49259,0.0,-0.01735047999304573,0.0,0.0,0.0,-0.0,158787.01963200263,0.0,2022
2022-04-18 00:00:00+00:00,39678.11,41116.73,38536.51,40801.13,54243.49575,0.0,0.028303004275403998,0.0,0.0,0.0,0.0,158787.01963200263,0.0,2022
2022-04-19 00:00:00+00:00,40801.13,41760.0,40571.0,41493.18,35788.85843,0.0,0.016961540035778544,0.0,0.0,0.0,0.0,158787.01963200263,0.0,2022
2022-04-20 00:00:00+00:00,41493.19,42199.0,40820.0,41358.19,40877.35041,0.0,-0.0032533057239767516,0.0,0.0,0.0,-0.0,158787.01963200263,0.0,2022
2022-04-21 00:00:00+00:00,41358.19,42976.0,39751.0,40480.01,59316.27657,0.0,-0.021233521099448538,0.0,0.0,0.0,-0.0,158787.01963200263,0.0,2022
2022-04-22 00:00:00+00:00,40480.01,40795.06,39177.0,39709.18,46664.0196,0.0,-0.01904223837889374,0.0,0.0,0.0,-0.0,158787.01963200263,0.0,2022
2022-04-23 00:00:00+00:00,39709.19,39980.0,39285.0,39441.6,20291.42375,0.0,-0.00673849220759537,0.0,0.0,0.0,-0.0,158787.01963200263,0.0,2022
2022-04-24 00:00:00+00:00,39441.61,39940.0,38929.62,39450.13,26703.61186,0.0,0.00021626911687144812,0.0,0.0,0.0,0.0,158787.01963200263,0.0,2022
2022-04-25 00:00:00+00:00,39450.12,40616.0,38200.0,40426.08,63037.12784,0.0,0.024738828490552534,0.0,0.0,0.0,0.0,158787.01963200263,0.0,2022
2022-04-26 00:00:00+00:00,40426.08,40797.31,37702.26,38112.65,66650.258,0.0,-0.057226176765098224,0.0,0.0,0.0,-0.0,158787.01963200263,0.0,2022
2022-04-27 00:00:00+00:00,38112.64,39474.72,37881.31,39235.72,57083.12272,0.0,0.029467119184837465,0.0,0.0,0.0,0.0,158787.01963200263,0.0,2022
2022-04-28 00:00:00+00:00,39235.72,40372.63,38881.43,39742.07,56086.6715,0.0,0.012905332182001406,0.0,0.0,0.0,0.0,158787.01963200263,0.0,2022
2022-04-29 00:00:00+00:00,39742.06,39925.25,38175.0,38596.11,51453.65715,0.0,-0.028834934868767537,0.0,0.0,0.0,-0.0,158787.01963200263,0.0,2022
2022-04-30 00:00:00+00:00,38596.11,38795.38,37578.2,37630.8,35321.18989,0.0,-0.025010551581493567,0.0,0.0,0.0,-0.0,158787.01963200263,0.0,2022
2022-05-01 00:00:00+00:00,37630.8,38675.0,37386.38,38468.35,38812.24104,0.0,0.022257034131615505,0.0,0.0,0.0,0.0,158787.01963200263,0.0,2022
2022-05-02 00:00:00+00:00,38468.35,39167.34,38052.0,38525.16,53200.92628,0.0,0.0014767984589929561,0.0,0.0,0.0,0.0,158787.01963200263,0.0,2022
2022-05-03 00:00:00+00:00,38525.16,38651.51,37517.8,37728.95,40316.45358,0.0,-0.02066727302365534,0.0,0.0,0.0,-0.0,158787.01963200263,0.0,2022
2022-05-04 00:00:00+00:00,37728.95,40023.77,37670.0,39690.0,62574.61736,0.0,0.0519773277549469,0.0,0.0,0.0,0.0,158787.01963200263,0.0,2022
2022-05-05 00:00:00+00:00,39690.0,39845.51,35571.9,36552.97,88722.43355,0.0,-0.07903829680020158,0.0,0.0,0.0,-0.0,158787.01963200263,0.0,2022
2022-05-06 00:00:00+00:00,36552.97,36675.63,35258.0,36013.77,68437.80187,0.0,-0.014751195320106825,0.0,0.0,0.0,-0.0,158787.01963200263,0.0,2022
2022-05-07 00:00:00+00:00,36013.77,36146.3,34785.0,35472.39,34281.70682,0.0,-0.015032583370194197,0.0,0.0,0.0,-0.0,158787.01963200263,0.0,2022
2022-05-08 00:00:00+00:00,35472.4,35514.22,33713.95,34038.4,72445.64344,0.0,-0.040425525317014155,0.0,0.0,0.0,-0.0,158787.01963200263,0.0,2022
2022-05-09 00:00:00+00:00,34038.39,34243.15,30033.33,30076.31,191876.92642799998,0.0,-0.11640059462254393,0.0,0.0,0.0,-0.0,158787.01963200263,0.0,2022
2022-05-10 00:00:00+00:00,30074.23,32658.99,29730.4,31017.1,165532.00311,0.0,0.031280100517649734,0.0,0.0,0.0,0.0,158787.01963200263,0.0,2022
2022-05-11 00:00:00+00:00,31017.11,32162.59,27785.0,29103.94,207063.73927800002,0.0,-0.061680814776365334,0.0,0.0,0.0,-0.0,158787.01963200263,0.0,2022
2022-05-12 00:00:00+00:00,29103.94,30243.0,26700.0,29029.75,204507.263138,0.0,-0.002549139394872224,0.0,0.0,0.0,-0.0,158787.01963200263,0.0,2022
2022-05-13 00:00:00+00:00,29029.74,31083.37,28751.67,29287.05,97872.36957000001,0.0,0.00886332124803002,0.0,0.0,0.0,0.0,158787.01963200263,0.0,2022
2022-05-14 00:00:00+00:00,29287.05,30343.27,28630.0,30086.74,51095.87863000001,0.0,0.02730524241943111,0.0,0.0,0.0,0.0,158787.01963200263,0.0,2022
2022-05-15 00:00:00+00:00,30086.74,31460.0,29480.0,31328.89,46275.66912,0.0,0.04128562948328729,0.0,0.0,0.0,0.0,158787.01963200263,0.0,2022
2022-05-16 00:00:00+00:00,31328.89,31328.9,29087.04,29874.01,73082.19658,0.0,-0.04643892586044385,0.0,0.0,0.0,-0.0,158787.01963200263,0.0,2022
2022-05-17 00:00:00+00:00,29874.01,30788.37,29450.38,30444.93,56724.133069999996,0.0,0.019110926186340693,0.0,0.0,0.0,0.0,158787.01963200263,0.0,2022
2022-05-18 00:00:00+00:00,30444.93,30709.99,28654.47,28715.32,59749.15799,0.0,-0.05681110122440747,0.0,0.0,0.0,-0.0,158787.01963200263,0.0,2022
2022-05-19 00:00:00+00:00,28715.33,30545.18,28691.38,30319.23,67877.36415,0.0,0.0558555502776914,0.0,0.0,0.0,0.0,158787.01963200263,0.0,2022
2022-05-20 00:00:00+00:00,30319.22,30777.33,28730.0,29201.01,60517.253249999994,0.0,-0.03688154349566264,0.0,0.0,0.0,-0.0,158787.01963200263,0.0,2022
2022-05-21 00:00:00+00:00,29201.01,29656.18,28947.28,29445.06,20987.13124,0.0,0.008357587631386831,0.0,0.0,0.0,0.0,158787.01963200263,0.0,2022
2022-05-22 00:00:00+00:00,29445.07,30487.99,29255.11,30293.94,36158.987479999996,0.0,0.0288292840972304,0.0,0.0,0.0,0.0,158787.01963200263,0.0,2022
2022-05-23 00:00:00+00:00,30293.93,30670.51,28866.35,29109.15,63901.49932,0.0,-0.03910980215845139,0.0,0.0,0.0,-0.0,158787.01963200263,0.0,2022
2022-05-24 00:00:00+00:00,29109.14,29845.86,28669.0,29654.58,59442.96036,0.0,0.018737407310072562,0.0,0.0,0.0,0.0,158787.01963200263,0.0,2022
2022-05-25 00:00:00+00:00,29654.58,30223.74,29294.21,29542.15,59537.386589999995,0.0,-0.0037913199242747275,0.0,0.0,0.0,-0.0,158787.01963200263,0.0,2022
2022-05-26 00:00:00+00:00,29542.14,29886.64,28019.56,29201.35,94581.65463,0.0,-0.011536059494654305,0.0,0.0,0.0,-0.0,158787.01963200263,0.0,2022
2022-05-27 00:00:00+00:00,29201.35,29397.66,28282.9,28629.8,90998.5201,0.0,-0.019572725233593657,0.0,0.0,0.0,-0.0,158787.01963200263,0.0,2022
2022-05-28 00:00:00+00:00,28629.81,29266.0,28450.0,29031.33,34479.35127,0.0,0.01402489713515287,0.0,0.0,0.0,0.0,158787.01963200263,0.0,2022
2022-05-29 00:00:00+00:00,29031.33,29587.78,28839.21,29468.1,27567.34764,0.0,0.015044780931497082,0.0,0.0,0.0,0.0,158787.01963200263,0.0,2022
2022-05-30 00:00:00+00:00,29468.1,32222.0,29299.62,31734.22,96785.9476,0.0,0.07690078423787083,0.0,0.0,0.0,0.0,158787.01963200263,0.0,2022
2022-05-31 00:00:00+00:00,31734.23,32399.0,31200.01,31801.04,62433.11632,0.0,0.002105613435591014,0.0,0.0,0.0,0.0,158787.01963200263,0.0,2022
2022-06-01 00:00:00+00:00,31801.05,31982.97,29301.0,29805.83,103395.63382,0.0,-0.06274040094286226,0.0,0.0,0.0,-0.0,158787.01963200263,0.0,2022
2022-06-02 00:00:00+00:00,29805.84,30689.0,29594.55,30452.62,56961.42928,0.0,0.02170011705763586,0.0,0.0,0.0,0.0,158787.01963200263,0.0,2022
2022-06-03 00:00:00+00:00,30452.63,30699.0,29282.36,29700.21,54067.447270000004,0.0,-0.02470756210795655,0.0,0.0,0.0,-0.0,158787.01963200263,0.0,2022
2022-06-04 00:00:00+00:00,29700.21,29988.88,29485.0,29864.04,25617.90113,0.0,0.005516122613274499,0.0,0.0,0.0,0.0,158787.01963200263,0.0,2022
2022-06-05 00:00:00+00:00,29864.03,30189.0,29531.42,29919.21,23139.928099999997,0.0,0.001847372291223781,0.0,0.0,0.0,0.0,158787.01963200263,0.0,2022
2022-06-06 00:00:00+00:00,29919.2,31765.64,29890.23,31373.1,68836.92456,0.0,0.048593863273796334,0.0,0.0,0.0,0.0,158787.01963200263,0.0,2022
2022-06-07 00:00:00+00:00,31373.1,31589.6,29218.96,31125.33,110674.51658,0.0,-0.007897530049628454,0.0,0.0,0.0,-0.0,158787.01963200263,0.0,2022
2022-06-08 00:00:00+00:00,31125.32,31327.22,29843.88,30204.77,68542.61276,0.0,-0.0295759113236711,0.0,0.0,0.0,-0.0,158787.01963200263,0.0,2022
2022-06-09 00:00:00+00:00,30204.77,30700.0,29944.1,30109.93,46291.186499999996,0.0,-0.00313990141292253,0.0,0.0,0.0,-0.0,158787.01963200263,0.0,2022
2022-06-10 00:00:00+00:00,30109.93,30382.8,28850.0,29091.88,76204.2498,0.0,-0.03381110484149241,0.0,0.0,0.0,-0.0,158787.01963200263,0.0,2022
2022-06-11 00:00:00+00:00,29091.87,29440.41,28099.99,28424.7,65901.39895,0.0,-0.02293354709286577,0.0,0.0,0.0,-0.0,158787.01963200263,0.0,2022
2022-06-12 00:00:00+00:00,28424.71,28544.96,26560.0,26574.53,92474.59880899999,0.0,-0.06509022082906779,0.0,0.0,0.0,-0.0,158787.01963200263,0.0,2022
2022-06-13 00:00:00+00:00,26574.53,26895.84,21925.77,22487.41,254611.034966,0.0,-0.153798392671479,0.0,0.0,0.0,-0.0,158787.01963200263,0.0,2022
2022-06-14 00:00:00+00:00,22485.27,23362.88,20846.0,22136.41,187201.64671,0.0,-0.015608733953799026,0.0,0.0,0.0,-0.0,158787.01963200263,0.0,2022
2022-06-15 00:00:00+00:00,22136.42,22800.0,20111.62,22583.72,200774.493467,0.0,0.02020698026464096,0.0,0.0,0.0,0.0,158787.01963200263,0.0,2022
2022-06-16 00:00:00+00:00,22583.72,22995.73,20232.0,20401.31,99673.59429000001,0.0,-0.09663642659402438,0.0,0.0,0.0,-0.0,158787.01963200263,0.0,2022
2022-06-17 00:00:00+00:00,20400.6,21365.43,20246.66,20468.81,86694.33663,0.0,0.0033086110646816103,0.0,0.0,0.0,0.0,158787.01963200263,0.0,2022
2022-06-18 00:00:00+00:00,20468.81,20792.06,17622.0,18970.79,196441.655524,0.0,-0.07318549539518904,0.0,0.0,0.0,-0.0,158787.01963200263,0.0,2022
2022-06-19 00:00:00+00:00,18970.79,20815.95,17960.41,20574.0,128320.87595,0.0,0.08450939576053496,0.0,0.0,0.0,0.0,158787.01963200263,0.0,2022
2022-06-20 00:00:00+00:00,20574.0,21090.0,19637.03,20573.89,109028.94154,0.0,-5.346553903051721e-06,0.0,0.0,0.0,-0.0,158787.01963200263,0.0,2022
2022-06-21 00:00:00+00:00,20573.9,21723.0,20348.4,20723.52,104371.07489999999,0.0,0.007272810343595726,0.0,0.0,0.0,0.0,158787.01963200263,0.0,2022
2022-06-22 00:00:00+00:00,20723.51,20900.0,19770.51,19987.99,92133.97938,0.0,-0.035492522505829016,0.0,0.0,0.0,-0.0,158787.01963200263,0.0,2022
2022-06-23 00:00:00+00:00,19988.0,21233.0,19890.07,21110.13,83127.08716,0.0,0.056140712497855016,0.0,0.0,0.0,0.0,158787.01963200263,0.0,2022
2022-06-24 00:00:00+00:00,21110.12,21558.41,20736.72,21237.69,77430.36622,0.0,0.006042596611200324,0.0,0.0,0.0,0.0,158787.01963200263,0.0,2022
2022-06-25 00:00:00+00:00,21237.68,21614.5,20906.62,21491.19,51431.67794,0.0,0.011936326408380493,0.0,0.0,0.0,0.0,158787.01963200263,0.0,2022
2022-06-26 00:00:00+00:00,21491.18,21888.0,20964.73,21038.07,53278.10464,0.0,-0.021083988369187567,0.0,0.0,0.0,-0.0,158787.01963200263,0.0,2022
2022-06-27 00:00:00+00:00,21038.08,21539.85,20510.0,20742.56,64475.0013,0.0,-0.014046440571782393,0.0,0.0,0.0,-0.0,158787.01963200263,0.0,2022
2022-06-28 00:00:00+00:00,20742.57,21212.1,20202.01,20281.29,63801.0832,0.0,-0.022237852994037355,0.0,0.0,0.0,-0.0,158787.01963200263,0.0,2022
2022-06-29 00:00:00+00:00,20281.28,20432.31,19854.92,20123.01,77309.04379,0.0,-0.007804237304431916,0.0,0.0,0.0,-0.0,158787.01963200263,0.0,2022
2022-06-30 00:00:00+00:00,20123.0,20179.08,18626.0,19942.21,93846.64806,0.0,-0.008984739360562877,0.0,0.0,0.0,-0.0,158787.01963200263,0.0,2022
2022-07-01 00:00:00+00:00,19942.21,20918.35,18975.0,19279.8,111844.59494,0.0,-0.03321647901611702,0.0,0.0,0.0,-0.0,158787.01963200263,0.0,2022
2022-07-02 00:00:00+00:00,19279.8,19467.39,18977.01,19252.81,46180.3021,0.0,-0.00139991078745616,0.0,0.0,0.0,-0.0,158787.01963200263,0.0,2022
2022-07-03 00:00:00+00:00,19252.82,19647.63,18781.0,19315.83,51087.46631,0.0,0.003273288418677689,0.0,0.0,0.0,0.0,158787.01963200263,0.0,2022
2022-07-04 00:00:00+00:00,19315.83,20354.01,19055.31,20236.71,74814.04601,0.0,0.04767488634969341,0.0,0.0,0.0,0.0,158787.01963200263,0.0,2022
2022-07-05 00:00:00+00:00,20236.71,20750.0,19304.4,20175.83,96041.13756,0.0,-0.003008394151025384,0.0,0.0,0.0,-0.0,158787.01963200263,0.0,2022
2022-07-06 00:00:00+00:00,20175.84,20675.22,19761.25,20564.51,82439.5808,0.0,0.019264634961733806,0.0,0.0,0.0,0.0,158787.01963200263,0.0,2022
2022-07-07 00:00:00+00:00,20564.51,21838.1,20251.68,21624.98,85014.58261000001,0.0,0.051567968310453294,0.0,0.0,0.0,0.0,158787.01963200263,0.0,2022
2022-07-08 00:00:00+00:00,21624.99,22527.37,21189.26,21594.75,403081.57349,0.0,-0.001397920368018779,0.0,0.0,0.0,-0.0,158787.01963200263,0.0,2022
2022-07-09 00:00:00+00:00,21594.75,21980.0,21322.12,21591.83,178417.84468,0.0,-0.00013521805068350545,0.0,0.0,0.0,-0.0,158787.01963200263,0.0,2022
2022-07-10 00:00:00+00:00,21592.15,21607.65,20655.0,20862.47,192188.21556,0.0,-0.0337794434283708,0.0,0.0,0.0,-0.0,158787.01963200263,0.0,2022
2022-07-11 00:00:00+00:00,20861.11,20868.48,19875.23,19963.61,137535.40724,0.0,-0.04308502301021888,0.0,0.0,0.0,-0.0,158787.01963200263,0.0,2022
2022-07-12 00:00:00+00:00,19963.61,20059.42,19240.0,19328.75,139506.45862,0.0,-0.0318008616678046,0.0,0.0,0.0,-0.0,158787.01963200263,0.0,2022
2022-07-13 00:00:00+00:00,19331.28,20366.61,18910.94,20234.87,209250.24888000003,0.0,0.046879389510444236,0.0,0.0,0.0,0.0,158787.01963200263,0.0,2022
2022-07-14 00:00:00+00:00,20234.87,20900.0,19616.07,20588.84,174809.21696,0.0,0.01749307013091772,0.0,0.0,0.0,0.0,158787.01963200263,0.0,2022
2022-07-15 00:00:00+00:00,20588.84,21200.0,20382.29,20830.04,143343.3049,0.0,0.011715084482661453,0.0,0.0,0.0,0.0,158787.01963200263,0.0,2022
2022-07-16 00:00:00+00:00,20830.04,21588.94,20478.61,21195.6,121011.67392999999,0.0,0.017549654249343627,0.0,0.0,0.0,0.0,158787.01963200263,0.0,2022
2022-07-17 00:00:00+00:00,21195.6,21684.54,20750.01,20798.16,118229.4525,0.0,-0.018751061541074532,0.0,0.0,0.0,-0.0,158787.01963200263,0.0,2022
2022-07-18 00:00:00+00:00,20799.58,22777.63,20762.45,22432.58,239942.73132000002,0.0,0.07858483635090807,0.0,0.0,0.0,0.0,158787.01963200263,0.0,2022
2022-07-19 00:00:00+00:00,22432.58,23800.0,21579.54,23396.62,263770.76574,0.0,0.04297499440545827,0.0,0.0,0.0,0.0,158787.01963200263,0.0,2022
2022-07-20 00:00:00+00:00,23398.48,24276.74,22906.19,23223.3,238762.17093999998,0.0,-0.007407907637940858,0.0,0.0,0.0,-0.0,158787.01963200263,0.0,2022
2022-07-21 00:00:00+00:00,23223.3,23442.77,22341.46,23152.19,184817.68191,0.0,-0.003062010997575748,0.0,0.0,0.0,-0.0,158787.01963200263,0.0,2022
2022-07-22 00:00:00+00:00,23152.19,23756.49,22500.0,22684.83,171598.43966,0.0,-0.020186427288303888,0.0,0.0,0.0,-0.0,158787.01963200263,0.0,2022
2022-07-23 00:00:00+00:00,22684.83,23000.77,21934.57,22451.07,122137.77375,0.0,-0.010304683790885893,0.0,0.0,0.0,-0.0,158787.01963200263,0.0,2022
2022-07-24 00:00:00+00:00,22448.58,23014.64,22257.15,22579.68,115189.67277,0.0,0.00572845748554518,0.0,0.0,0.0,0.0,158787.01963200263,0.0,2022
2022-07-25 00:00:00+00:00,22577.13,22666.0,21250.0,21310.9,180344.76643000002,0.0,-0.056191230345159826,0.0,0.0,0.0,-0.0,158787.01963200263,0.0,2022
2022-07-26 00:00:00+00:00,21310.9,21347.82,20706.5,21254.67,177817.24326,0.0,-0.0026385558563929434,0.0,0.0,0.0,-0.0,158787.01963200263,0.0,2022
2022-07-27 00:00:00+00:00,21254.67,23112.63,21042.53,22952.45,210971.19796,0.0,0.07987797505207106,0.0,0.0,0.0,0.0,158787.01963200263,0.0,2022
2022-07-28 00:00:00+00:00,22954.31,24199.72,22582.13,23842.93,236029.0741,0.0,0.038796729760875115,0.0,0.0,0.0,0.0,158787.01963200263,0.0,2022
2022-07-29 00:00:00+00:00,23845.25,24442.66,23414.03,23773.75,198298.50623,0.0,-0.0029014890367921042,0.0,0.0,0.0,-0.0,158787.01963200263,0.0,2022
2022-07-30 00:00:00+00:00,23777.28,24668.0,23502.25,23643.51,151060.13211,0.0,-0.005478311162521732,0.0,0.0,0.0,-0.0,158787.01963200263,0.0,2022
2022-07-31 00:00:00+00:00,23644.64,24194.82,23227.31,23293.32,127743.32483,0.0,-0.014811252643960215,0.0,0.0,0.0,-0.0,158787.01963200263,0.0,2022
2022-08-01 00:00:00+00:00,23296.36,23509.68,22850.0,23268.01,144210.16219,0.0,-0.0010865776110919878,0.0,0.0,0.0,-0.0,158787.01963200263,0.0,2022
2022-08-02 00:00:00+00:00,23266.9,23459.89,22654.37,22987.79,158073.28225,0.0,-0.012043144213879864,0.0,0.0,0.0,-0.0,158787.01963200263,0.0,2022
2022-08-03 00:00:00+00:00,22985.93,23647.68,22681.22,22818.37,145948.80995,0.0,-0.007369999464933441,0.0,0.0,0.0,-0.0,158787.01963200263,0.0,2022
2022-08-04 00:00:00+00:00,22816.91,23223.32,22400.0,22622.98,154854.67016,0.0,-0.008562837748708585,0.0,0.0,0.0,-0.0,158787.01963200263,0.0,2022
2022-08-05 00:00:00+00:00,22622.41,23472.86,22586.95,23312.42,175251.69749,0.0,0.030475207068211052,0.0,0.0,0.0,0.0,158787.01963200263,0.0,2022
2022-08-06 00:00:00+00:00,23313.56,23354.36,22909.52,22954.21,83911.80307,0.0,-0.01536562913674333,0.0,0.0,0.0,-0.0,158787.01963200263,0.0,2022
2022-08-07 00:00:00+00:00,22954.21,23402.0,22844.62,23174.39,88890.00877,0.0,0.009592140178206865,0.0,0.0,0.0,0.0,158787.01963200263,0.0,2022
2022-08-08 00:00:00+00:00,23174.39,24245.0,23154.25,23810.0,170958.44152,0.0,0.027427259142527527,0.0,0.0,0.0,0.0,158787.01963200263,0.0,2022
2022-08-09 00:00:00+00:00,23810.98,23933.25,22865.0,23149.95,143182.50858000002,0.0,-0.027721545569088568,0.0,0.0,0.0,-0.0,158787.01963200263,0.0,2022
2022-08-10 00:00:00+00:00,23151.32,24226.0,22664.69,23954.05,208916.54953,0.0,0.034734416273037194,0.0,0.0,0.0,0.0,158787.01963200263,0.0,2022
2022-08-11 00:00:00+00:00,23954.05,24918.54,23852.13,23934.39,249759.79557000002,0.0,-0.0008207380380352847,0.0,0.0,0.0,-0.0,158787.01963200263,0.0,2022
2022-08-12 00:00:00+00:00,23933.09,24456.5,23583.0,24403.68,174207.57040000003,0.0,0.019607351597429545,0.0,0.0,0.0,0.0,158787.01963200263,0.0,2022
2022-08-13 00:00:00+00:00,24401.7,24888.0,24291.22,24441.38,152852.25435,0.0,0.0015448489735974125,0.0,0.0,0.0,0.0,158787.01963200263,0.0,2022
2022-08-14 00:00:00+00:00,24443.06,25047.56,24144.0,24305.24,151206.14473,0.0,-0.005570061919580649,0.0,0.0,0.0,-0.0,158787.01963200263,0.0,2022
2022-08-15 00:00:00+00:00,24305.25,25211.32,23773.22,24094.82,242539.54758,0.0,-0.008657392397688812,0.0,0.0,0.0,-0.0,158787.01963200263,0.0,2022
2022-08-16 00:00:00+00:00,24093.04,24247.49,23671.22,23854.74,179324.94821,0.0,-0.009963967358959214,0.0,0.0,0.0,-0.0,158787.01963200263,0.0,2022
2022-08-17 00:00:00+00:00,23856.15,24446.71,23180.4,23342.66,210668.68766,0.0,-0.021466593222143726,0.0,0.0,0.0,-0.0,158787.01963200263,0.0,2022
2022-08-18 00:00:00+00:00,23342.66,23600.0,23111.04,23191.2,144185.97011,0.0,-0.006488549291297496,0.0,0.0,0.0,-0.0,158787.01963200263,0.0,2022
2022-08-19 00:00:00+00:00,23191.45,23208.67,20783.57,20834.39,283995.87747,0.0,-0.10162518541515753,0.0,0.0,0.0,-0.0,158787.01963200263,0.0,2022
2022-08-20 00:00:00+00:00,20834.39,21382.85,20761.9,21140.07,183041.68362999998,0.0,0.014671895841442906,0.0,0.0,0.0,0.0,158787.01963200263,0.0,2022
2022-08-21 00:00:00+00:00,21140.07,21800.0,21069.11,21515.61,159200.6841,0.0,0.017764368802941632,0.0,0.0,0.0,0.0,158787.01963200263,0.0,2022
2022-08-22 00:00:00+00:00,21516.7,21548.71,20890.18,21399.83,222222.04525999998,0.0,-0.0053812092708502846,0.0,0.0,0.0,-0.0,158787.01963200263,0.0,2022
2022-08-23 00:00:00+00:00,21400.75,21684.87,20890.14,21529.12,200967.77164,0.0,0.006041636779357429,0.0,0.0,0.0,0.0,158787.01963200263,0.0,2022
2022-08-24 00:00:00+00:00,21529.11,21900.0,21145.0,21368.08,174383.22046,0.0,-0.0074801013696795815,0.0,0.0,0.0,-0.0,158787.01963200263,0.0,2022
2022-08-25 00:00:00+00:00,21368.05,21819.88,21310.15,21559.04,169915.78301,0.0,0.008936694359062525,0.0,0.0,0.0,0.0,158787.01963200263,0.0,2022
2022-08-26 00:00:00+00:00,21559.04,21886.77,20107.9,20241.05,273811.61955,0.0,-0.061133983702428396,0.0,0.0,0.0,-0.0,158787.01963200263,0.0,2022
2022-08-27 00:00:00+00:00,20239.14,20402.93,19800.0,20037.6,162582.46032,0.0,-0.010051356031431258,0.0,0.0,0.0,-0.0,158787.01963200263,0.0,2022
2022-08-28 00:00:00+00:00,20037.6,20171.18,19520.0,19555.61,139307.95976,0.0,-0.024054277957439862,0.0,0.0,0.0,-0.0,158787.01963200263,0.0,2022
2022-08-29 00:00:00+00:00,19555.61,20433.62,19550.79,20285.73,210509.49545,0.0,0.03733557787253883,0.0,0.0,0.0,0.0,158787.01963200263,0.0,2022
2022-08-30 00:00:00+00:00,20287.2,20576.25,19540.0,19811.66,256634.35529,0.0,-0.02336962978408963,0.0,0.0,0.0,-0.0,158787.01963200263,0.0,2022
2022-08-31 00:00:00+00:00,19813.03,20490.0,19797.94,20050.02,276946.60765,0.0,0.012031298740236895,0.0,0.0,0.0,0.0,158787.01963200263,0.0,2022
2022-09-01 00:00:00+00:00,20048.44,20208.37,19565.66,20131.46,245289.97263000003,0.0,0.004061841334821459,0.0,0.0,0.0,0.0,158787.01963200263,0.0,2022
2022-09-02 00:00:00+00:00,20132.64,20441.26,19755.29,19951.86,245986.60330000002,0.0,-0.00892135990136822,0.0,0.0,0.0,-0.0,158787.01963200263,0.0,2022
2022-09-03 00:00:00+00:00,19950.98,20055.93,19652.72,19831.9,146639.03204,0.0,-0.006012472020152426,0.0,0.0,0.0,-0.0,158787.01963200263,0.0,2022
2022-09-04 00:00:00+00:00,19832.45,20029.23,19583.1,20000.3,145588.77893,0.0,0.00849136996455191,0.0,0.0,0.0,0.0,158787.01963200263,0.0,2022
2022-09-05 00:00:00+00:00,20000.3,20057.27,19633.83,19796.84,222543.01056999998,0.0,-0.010172847407288854,0.0,0.0,0.0,-0.0,158787.01963200263,0.0,2022
2022-09-06 00:00:00+00:00,19795.34,20180.0,18649.51,18790.61,356315.05718,0.0,-0.05082780888262972,0.0,0.0,0.0,-0.0,158787.01963200263,0.0,2022
2022-09-07 00:00:00+00:00,18790.61,19464.06,18510.77,19292.84,287394.7788,0.0,0.026727711340930327,0.0,0.0,0.0,0.0,158787.01963200263,0.0,2022
2022-09-08 00:00:00+00:00,19292.85,19458.25,19012.0,19319.77,262813.28273,0.0,0.0013958546279344564,0.0,0.0,0.0,0.0,158787.01963200263,0.0,2022
2022-09-09 00:00:00+00:00,19320.54,21597.22,19291.75,21360.11,428919.74652,0.0,0.10560891770450676,0.0,0.0,0.0,0.0,158787.01963200263,0.0,2022
2022-09-10 00:00:00+00:00,21361.62,21810.8,21111.13,21648.34,307997.33504000003,0.0,0.013493844366906371,0.0,0.0,0.0,0.0,158787.01963200263,0.0,2022
2022-09-11 00:00:00+00:00,21647.21,21860.0,21350.0,21826.87,280702.55149,0.0,0.008246821696259232,0.0,0.0,0.0,0.0,158787.01963200263,0.0,2022
2022-09-12 00:00:00+00:00,21826.87,22488.0,21538.51,22395.74,395395.61828,0.0,0.02606282989727804,0.0,0.0,0.0,0.0,158787.01963200263,0.0,2022
2022-09-13 00:00:00+00:00,22395.44,22799.0,19860.0,20173.57,431915.03333,0.0,-0.0992228879242214,0.0,0.0,0.0,-0.0,158787.01963200263,0.0,2022
2022-09-14 00:00:00+00:00,20173.62,20541.48,19617.62,20226.71,340826.40151,0.0,0.0026341396193136912,0.0,0.0,0.0,0.0,158787.01963200263,0.0,2022
2022-09-15 00:00:00+00:00,20227.17,20330.24,19497.0,19701.88,333069.76076,0.0,-0.02594737354715615,0.0,0.0,0.0,-0.0,158787.01963200263,0.0,2022
2022-09-16 00:00:00+00:00,19701.88,19890.0,19320.01,19803.3,283791.07064,0.0,0.005147732094602064,0.0,0.0,0.0,0.0,158787.01963200263,0.0,2022
2022-09-17 00:00:00+00:00,19803.3,20189.0,19748.08,20113.62,179350.24338,0.0,0.015670115586796207,0.0,0.0,0.0,0.0,158787.01963200263,0.0,2022
2022-09-18 00:00:00+00:00,20112.61,20117.26,19335.62,19416.18,254217.46904,0.0,-0.03467501126102601,0.0,0.0,0.0,-0.0,158787.01963200263,0.0,2022
2022-09-19 00:00:00+00:00,19417.45,19686.2,18232.56,19537.02,380512.40306,0.0,0.006223675305853105,0.0,0.0,0.0,0.0,158787.01963200263,0.0,2022
2022-09-20 00:00:00+00:00,19537.02,19634.62,18711.87,18875.0,324098.3286,0.0,-0.03388541343562124,0.0,0.0,0.0,-0.0,158787.01963200263,0.0,2022
2022-09-21 00:00:00+00:00,18874.31,19956.0,18125.98,18461.36,385034.10021,0.0,-0.021914701986754936,0.0,0.0,0.0,-0.0,158787.01963200263,0.0,2022
2022-09-22 00:00:00+00:00,18461.36,19550.17,18356.39,19401.63,379321.72111,0.0,0.050931784007245406,0.0,0.0,0.0,0.0,158787.01963200263,0.0,2022
2022-09-23 00:00:00+00:00,19401.63,19500.0,18531.42,19289.91,385886.91829,0.0,-0.00575827907242854,0.0,0.0,0.0,-0.0,158787.01963200263,0.0,2022
2022-09-24 00:00:00+00:00,19288.57,19316.14,18805.34,18920.5,239496.56746,0.0,-0.019150426310957425,0.0,0.0,0.0,-0.0,158787.01963200263,0.0,2022
2022-09-25 00:00:00+00:00,18921.99,19180.21,18629.2,18807.38,191191.4492,0.0,-0.005978700351470523,0.0,0.0,0.0,-0.0,158787.01963200263,0.0,2022
2022-09-26 00:00:00+00:00,18809.13,19318.96,18680.72,19227.82,439239.21943,0.0,0.022355054239346472,0.0,0.0,0.0,0.0,158787.01963200263,0.0,2022
2022-09-27 00:00:00+00:00,19226.68,20385.86,18816.32,19079.13,593260.74161,0.0,-0.007733065942992945,0.0,0.0,0.0,-0.0,158787.01963200263,0.0,2022
2022-09-28 00:00:00+00:00,19078.1,19790.0,18471.28,19412.82,521385.45547,0.0,0.017489791201171112,0.0,0.0,0.0,0.0,158787.01963200263,0.0,2022
2022-09-29 00:00:00+00:00,19412.82,19645.52,18843.01,19591.51,406424.93256,0.0,0.009204742020994416,0.0,0.0,0.0,0.0,158787.01963200263,0.0,2022
2022-09-30 00:00:00+00:00,19590.54,20185.0,19155.36,19422.61,444322.9534,0.0,-0.008621081274490683,0.0,0.0,0.0,-0.0,158787.01963200263,0.0,2022
2022-10-01 00:00:00+00:00,19422.61,19484.0,19159.42,19310.95,165625.13959,0.0,-0.005748969886127497,0.0,0.0,0.0,-0.0,158787.01963200263,0.0,2022
2022-10-02 00:00:00+00:00,19312.24,19395.91,18920.35,19056.8,206812.47032,0.0,-0.01316092683166814,0.0,0.0,0.0,-0.0,158787.01963200263,0.0,2022
2022-10-03 00:00:00+00:00,19057.74,19719.1,18959.68,19629.08,293585.75211999996,0.0,0.03003022543134226,0.0,0.0,0.0,0.0,158787.01963200263,0.0,2022
2022-10-04 00:00:00+00:00,19629.08,20475.0,19490.6,20337.82,327012.00127,0.0,0.03610663362725086,0.0,0.0,0.0,0.0,158787.01963200263,0.0,2022
2022-10-05 00:00:00+00:00,20337.82,20365.6,19730.0,20158.26,312239.75224,0.0,-0.00882887153097045,0.0,0.0,0.0,-0.0,158787.01963200263,0.0,2022
2022-10-06 00:00:00+00:00,20158.26,20456.6,19853.0,19960.67,320122.1702,0.0,-0.00980193727037948,0.0,0.0,0.0,-0.0,158787.01963200263,0.0,2022
2022-10-07 00:00:00+00:00,19960.67,20068.82,19320.0,19530.09,220874.83913,0.0,-0.02157142019781888,0.0,0.0,0.0,-0.0,158787.01963200263,0.0,2022
2022-10-08 00:00:00+00:00,19530.09,19627.38,19237.14,19417.96,102480.09842,0.0,-0.005741396993050318,0.0,0.0,0.0,-0.0,158787.01963200263,0.0,2022
2022-10-09 00:00:00+00:00,19416.52,19558.0,19316.04,19439.02,113900.82681,0.0,0.0010845629510001231,0.0,0.0,0.0,0.0,158787.01963200263,0.0,2022
2022-10-10 00:00:00+00:00,19439.96,19525.0,19020.25,19131.87,212509.09849,0.0,-0.015800693656367493,0.0,0.0,0.0,-0.0,158787.01963200263,0.0,2022
2022-10-11 00:00:00+00:00,19131.87,19268.09,18860.0,19060.0,243473.84285999998,0.0,-0.003756559081783406,0.0,0.0,0.0,-0.0,158787.01963200263,0.0,2022
2022-10-12 00:00:00+00:00,19060.0,19238.31,18965.88,19155.53,213826.26731,0.0,0.005012067156348277,0.0,0.0,0.0,0.0,158787.01963200263,0.0,2022
2022-10-13 00:00:00+00:00,19155.1,19513.79,18190.0,19375.13,399756.68337,0.0,0.011464052417239357,0.0,0.0,0.0,0.0,158787.01963200263,0.0,2022
2022-10-14 00:00:00+00:00,19375.58,19951.87,19070.37,19176.93,351634.32600999996,0.0,-0.010229608781979871,0.0,0.0,0.0,-0.0,158787.01963200263,0.0,2022
2022-10-15 00:00:00+00:00,19176.93,19227.68,18975.18,19069.39,113847.64232,0.0,-0.005607779764540077,0.0,0.0,0.0,-0.0,158787.01963200263,0.0,2022
2022-10-16 00:00:00+00:00,19068.4,19425.84,19063.74,19262.98,131894.61885,0.0,0.010151871664484391,0.0,0.0,0.0,0.0,158787.01963200263,0.0,2022
2022-10-17 00:00:00+00:00,19262.98,19676.96,19152.03,19549.86,222813.87634,0.0,0.01489281513036933,0.0,0.0,0.0,0.0,158787.01963200263,0.0,2022
2022-10-18 00:00:00+00:00,19548.48,19706.66,19091.0,19327.44,260313.07848,0.0,-0.011377063569764756,0.0,0.0,0.0,-0.0,158787.01963200263,0.0,2022
2022-10-19 00:00:00+00:00,19327.44,19360.16,19065.97,19123.97,186137.29538,0.0,-0.01052751942316199,0.0,0.0,0.0,-0.0,158787.01963200263,0.0,2022
2022-10-20 00:00:00+00:00,19123.35,19347.82,18900.0,19041.92,223530.13068,0.0,-0.004290427144573172,0.0,0.0,0.0,-0.0,158787.01963200263,0.0,2022
2022-10-21 00:00:00+00:00,19041.92,19250.0,18650.0,19164.37,269310.75769,0.0,0.006430549020266962,0.0,0.0,0.0,0.0,158787.01963200263,0.0,2022
2022-10-22 00:00:00+00:00,19164.37,19257.0,19112.72,19204.35,110403.90837,0.0,0.002086163020229792,0.0,0.0,0.0,0.0,158787.01963200263,0.0,2022
2022-10-23 00:00:00+00:00,19204.29,19695.0,19070.11,19570.4,167057.20184,0.0,0.019060785707404992,0.0,0.0,0.0,0.0,158787.01963200263,0.0,2022
2022-10-24 00:00:00+00:00,19570.4,19601.15,19157.0,19329.72,256168.14467,0.0,-0.012298164575072601,0.0,0.0,0.0,-0.0,158787.01963200263,0.0,2022
2022-10-25 00:00:00+00:00,19330.6,20415.87,19237.0,20080.07,326370.67061000003,0.0,0.03881846193323013,0.0,0.0,0.0,0.0,158787.01963200263,0.0,2022
2022-10-26 00:00:00+00:00,20079.02,21020.0,20050.41,20771.59,380492.69576000003,0.0,0.03443812695872084,0.0,0.0,0.0,0.0,158787.01963200263,0.0,2022
2022-10-27 00:00:00+00:00,20771.61,20872.21,20200.0,20295.11,328643.57791,0.0,-0.022939023926430213,0.0,0.0,0.0,-0.0,158787.01963200263,0.0,2022
2022-10-28 00:00:00+00:00,20295.11,20750.0,20000.09,20591.84,287039.94568999996,0.0,0.014620763326732344,0.0,0.0,0.0,0.0,158787.01963200263,0.0,2022
2022-10-29 00:00:00+00:00,20591.84,21085.0,20554.01,20809.67,254881.77755,0.0,0.010578462148112866,0.0,0.0,0.0,0.0,158787.01963200263,0.0,2022
2022-10-30 00:00:00+00:00,20809.68,20931.21,20515.0,20627.48,192795.60886,0.0,-0.008755064352293895,0.0,0.0,0.0,-0.0,158787.01963200263,0.0,2022
2022-10-31 00:00:00+00:00,20627.48,20845.92,20237.95,20490.74,303567.61628,0.0,-0.006629021092251608,0.0,0.0,0.0,-0.0,158787.01963200263,0.0,2022
2022-11-01 00:00:00+00:00,20490.74,20700.0,20330.74,20483.62,279932.43770999997,0.0,-0.000347474029732564,0.0,0.0,0.0,-0.0,158787.01963200263,0.0,2022
2022-11-02 00:00:00+00:00,20482.81,20800.0,20048.04,20151.84,373716.27299,0.0,-0.01619733230747289,0.0,0.0,0.0,-0.0,158787.01963200263,0.0,2022
2022-11-03 00:00:00+00:00,20151.84,20393.32,20031.24,20207.82,319185.1544,0.0,0.0027779101064715483,0.0,0.0,0.0,0.0,158787.01963200263,0.0,2022
2022-11-04 00:00:00+00:00,20207.12,21302.05,20180.96,21148.52,453694.39165,0.0,0.04655128559141963,0.0,0.0,0.0,0.0,158787.01963200263,0.0,2022
2022-11-05 00:00:00+00:00,21148.52,21480.65,21080.65,21299.37,245621.98525,0.0,0.007132886840308439,0.0,0.0,0.0,0.0,158787.01963200263,0.0,2022
2022-11-06 00:00:00+00:00,21299.37,21365.27,20886.13,20905.58,230036.97217000002,0.0,-0.018488340265463088,0.0,0.0,0.0,-0.0,158787.01963200263,0.0,2022
2022-11-07 00:00:00+00:00,20905.58,21069.77,20384.89,20591.13,386977.60337,0.0,-0.015041438697228293,0.0,0.0,0.0,-0.0,158787.01963200263,0.0,2022
2022-11-08 00:00:00+00:00,20590.67,20700.88,17166.83,18547.23,760705.362783,0.0,-0.09926118673428808,0.0,0.0,0.0,-0.0,158787.01963200263,0.0,2022
2022-11-09 00:00:00+00:00,18545.38,18587.76,15588.0,15922.81,731926.929729,0.0,-0.14149929666047167,0.0,0.0,0.0,-0.0,158787.01963200263,0.0,2022
2022-11-10 00:00:00+00:00,15922.68,18199.0,15754.26,17601.15,608448.3643199999,0.0,0.10540476209915228,0.0,0.0,0.0,0.0,158787.01963200263,0.0,2022
2022-11-11 00:00:00+00:00,17602.45,17695.0,16361.6,17070.31,393552.86491999996,0.0,-0.03015939299420778,0.0,0.0,0.0,-0.0,158787.01963200263,0.0,2022
2022-11-12 00:00:00+00:00,17069.98,17119.1,16631.39,16812.08,167819.96035,0.0,-0.015127434709738652,0.0,0.0,0.0,-0.0,158787.01963200263,0.0,2022
2022-11-13 00:00:00+00:00,16813.16,16954.28,16229.0,16329.85,184960.78846,0.0,-0.028683541834204962,0.0,0.0,0.0,-0.0,158787.01963200263,0.0,2022
2022-11-14 00:00:00+00:00,16331.78,17190.0,15815.21,16619.46,380210.7775,0.0,0.017735006751439686,0.0,0.0,0.0,0.0,158787.01963200263,0.0,2022
2022-11-15 00:00:00+00:00,16617.72,17134.69,16527.72,16900.57,282461.84391,0.0,0.016914508654312543,0.0,0.0,0.0,0.0,158787.01963200263,0.0,2022
2022-11-16 00:00:00+00:00,16900.57,17015.92,16378.61,16662.76,261493.40809,0.0,-0.014071123044962497,0.0,0.0,0.0,-0.0,158787.01963200263,0.0,2022
2022-11-17 00:00:00+00:00,16661.61,16751.0,16410.74,16692.56,228038.97872999997,0.0,0.0017884192054620218,0.0,0.0,0.0,0.0,158787.01963200263,0.0,2022
2022-11-18 00:00:00+00:00,16692.56,17011.0,16546.04,16700.45,214224.18184,0.0,0.00047266566662029774,0.0,0.0,0.0,0.0,158787.01963200263,0.0,2022
2022-11-19 00:00:00+00:00,16699.43,16822.41,16553.53,16700.68,104963.15557999999,0.0,1.3772083985674755e-05,0.0,0.0,0.0,0.0,158787.01963200263,0.0,2022
2022-11-20 00:00:00+00:00,16700.68,16753.33,16180.0,16280.23,154842.13478,0.0,-0.025175621591456254,0.0,0.0,0.0,-0.0,158787.01963200263,0.0,2022
2022-11-21 00:00:00+00:00,16279.5,16319.0,15476.0,15781.29,324096.997753,0.0,-0.03064698717401404,0.0,0.0,0.0,-0.0,158787.01963200263,0.0,2022
2022-11-22 00:00:00+00:00,15781.29,16315.0,15616.63,16226.94,239548.06623,0.0,0.028239136344367255,0.0,0.0,0.0,0.0,158787.01963200263,0.0,2022
2022-11-23 00:00:00+00:00,16227.96,16706.0,16160.2,16603.11,264927.70408,0.0,0.023181819862524877,0.0,0.0,0.0,0.0,158787.01963200263,0.0,2022
2022-11-24 00:00:00+00:00,16603.11,16812.63,16458.05,16598.95,206565.92346000002,0.0,-0.00025055546822250196,0.0,0.0,0.0,-0.0,158787.01963200263,0.0,2022
2022-11-25 00:00:00+00:00,16599.55,16666.0,16342.81,16522.14,182089.49533,0.0,-0.004627401130794517,0.0,0.0,0.0,-0.0,158787.01963200263,0.0,2022
2022-11-26 00:00:00+00:00,16521.35,16701.99,16385.0,16458.57,181804.81666,0.0,-0.0038475645406708114,0.0,0.0,0.0,-0.0,158787.01963200263,0.0,2022
2022-11-27 00:00:00+00:00,16457.61,16600.0,16401.0,16428.78,162025.47607,0.0,-0.0018099992891241756,0.0,0.0,0.0,-0.0,158787.01963200263,0.0,2022
2022-11-28 00:00:00+00:00,16428.77,16487.04,15995.27,16212.91,252695.40367,0.0,-0.013139746225830473,0.0,0.0,0.0,-0.0,158787.01963200263,0.0,2022
2022-11-29 00:00:00+00:00,16212.18,16548.71,16100.0,16442.53,248106.25009,0.0,0.014162787556336154,0.0,0.0,0.0,0.0,158787.01963200263,0.0,2022
2022-11-30 00:00:00+00:00,16442.91,17249.0,16428.3,17163.64,303019.80719,0.0,0.0438563894972368,0.0,0.0,0.0,0.0,158787.01963200263,0.0,2022
2022-12-01 00:00:00+00:00,17165.53,17324.0,16855.01,16977.37,232818.18218,0.0,-0.010852593039704872,0.0,0.0,0.0,-0.0,158787.01963200263,0.0,2022
2022-12-02 00:00:00+00:00,16978.0,17105.73,16787.85,17092.74,202372.20620000002,0.0,0.0067955166200655,0.0,0.0,0.0,0.0,158787.01963200263,0.0,2022
2022-12-03 00:00:00+00:00,17092.13,17188.98,16858.74,16885.2,154542.57306,0.0,-0.01214199712860553,0.0,0.0,0.0,-0.0,158787.01963200263,0.0,2022
2022-12-04 00:00:00+00:00,16885.2,17202.84,16878.25,17105.7,178619.13387000002,0.0,0.013058773363655796,0.0,0.0,0.0,0.0,158787.01963200263,0.0,2022
2022-12-05 00:00:00+00:00,17106.65,17424.25,16867.0,16966.35,233703.29225,0.0,-0.00814640733790506,0.0,0.0,0.0,-0.0,158787.01963200263,0.0,2022
2022-12-06 00:00:00+00:00,16966.35,17107.01,16906.37,17088.96,218730.76883000002,0.0,0.007226657471996134,0.0,0.0,0.0,0.0,158787.01963200263,0.0,2022
2022-12-07 00:00:00+00:00,17088.96,17142.21,16678.83,16836.64,220657.41334,0.0,-0.014765088103664614,0.0,0.0,0.0,-0.0,158787.01963200263,0.0,2022
2022-12-08 00:00:00+00:00,16836.64,17299.0,16733.49,17224.1,236417.97804000002,0.0,0.023012905187733468,0.0,0.0,0.0,0.0,158787.01963200263,0.0,2022
2022-12-09 00:00:00+00:00,17224.1,17360.0,17058.21,17128.56,238422.06465000001,0.0,-0.005546879082216072,0.0,0.0,0.0,-0.0,158787.01963200263,0.0,2022
2022-12-10 00:00:00+00:00,17128.56,17227.72,17092.0,17127.49,140573.97937000002,0.0,-6.246876561721848e-05,0.0,0.0,0.0,-0.0,158787.01963200263,0.0,2022
2022-12-11 00:00:00+00:00,17127.49,17270.99,17071.0,17085.05,155286.47871,0.0,-0.0024778878866665854,0.0,0.0,0.0,-0.0,158787.01963200263,0.0,2022
2022-12-12 00:00:00+00:00,17085.05,17241.89,16871.85,17209.83,226227.49694,0.0,0.0073034612131659404,0.0,0.0,0.0,0.0,158787.01963200263,0.0,2022
2022-12-13 00:00:00+00:00,17208.93,18000.0,17080.14,17774.7,284462.9139,0.0,0.03282252061757718,0.0,0.0,0.0,0.0,158787.01963200263,0.0,2022
2022-12-14 00:00:00+00:00,17775.82,18387.95,17660.94,17803.15,266681.22209,0.0,0.0016005896020749866,0.0,0.0,0.0,0.0,158787.01963200263,0.0,2022
2022-12-15 00:00:00+00:00,17804.01,17854.82,17275.51,17356.34,223701.96882,0.0,-0.025097244027040277,0.0,0.0,0.0,-0.0,158787.01963200263,0.0,2022
2022-12-16 00:00:00+00:00,17356.96,17531.73,16527.32,16632.12,253379.04116,0.0,-0.041726539120575,0.0,0.0,0.0,-0.0,158787.01963200263,0.0,2022
2022-12-17 00:00:00+00:00,16631.5,16796.82,16579.85,16776.52,144825.66684,0.0,0.008681996041394635,0.0,0.0,0.0,0.0,158787.01963200263,0.0,2022
2022-12-18 00:00:00+00:00,16777.54,16863.26,16663.07,16738.21,112619.31646,0.0,-0.0022835486739801736,0.0,0.0,0.0,-0.0,158787.01963200263,0.0,2022
2022-12-19 00:00:00+00:00,16739.0,16815.99,16256.3,16438.88,179094.28305,0.0,-0.017883035282745152,0.0,0.0,0.0,-0.0,158787.01963200263,0.0,2022
2022-12-20 00:00:00+00:00,16438.88,17061.27,16397.2,16895.56,248808.92324,0.0,0.027780481395326184,0.0,0.0,0.0,0.0,158787.01963200263,0.0,2022
2022-12-21 00:00:00+00:00,16896.15,16925.0,16723.0,16824.67,156810.96362,0.0,-0.004195776878659463,0.0,0.0,0.0,-0.0,158787.01963200263,0.0,2022
2022-12-22 00:00:00+00:00,16824.68,16868.52,16559.85,16821.43,176044.27234999998,0.0,-0.0001925743565845961,0.0,0.0,0.0,-0.0,158787.01963200263,0.0,2022
2022-12-23 00:00:00+00:00,16821.9,16955.14,16731.13,16778.5,161612.00947,0.0,-0.0025521016940890373,0.0,0.0,0.0,-0.0,158787.01963200263,0.0,2022
2022-12-24 00:00:00+00:00,16778.52,16869.99,16776.62,16836.12,100224.29096,0.0,0.003434156807819555,0.0,0.0,0.0,0.0,158787.01963200263,0.0,2022
2022-12-25 00:00:00+00:00,16835.73,16857.96,16721.0,16832.11,125441.07202,0.0,-0.00023817839264617113,0.0,0.0,0.0,-0.0,158787.01963200263,0.0,2022
2022-12-26 00:00:00+00:00,16832.11,16944.52,16791.0,16919.39,124564.00656,0.0,0.005185327329728651,0.0,0.0,0.0,0.0,158787.01963200263,0.0,2022
2022-12-27 00:00:00+00:00,16919.39,16972.83,16592.37,16706.36,173749.58616,0.0,-0.012590879458420079,0.0,0.0,0.0,-0.0,158787.01963200263,0.0,2022
2022-12-28 00:00:00+00:00,16706.06,16785.19,16465.33,16547.31,193037.56577,0.0,-0.00952032639066791,0.0,0.0,0.0,-0.0,158787.01963200263,0.0,2022
2022-12-29 00:00:00+00:00,16547.32,16664.41,16488.91,16633.47,160998.47158,0.0,0.00520688861210683,0.0,0.0,0.0,0.0,158787.01963200263,0.0,2022
2022-12-30 00:00:00+00:00,16633.47,16677.35,16333.0,16607.48,164916.31174,0.0,-0.0015625122118235746,0.0,0.0,0.0,-0.0,158787.01963200263,0.0,2022
2022-12-31 00:00:00+00:00,16607.48,16644.09,16470.0,16542.4,114490.42864,0.0,-0.003918716144773238,0.0,0.0,0.0,-0.0,158787.01963200263,0.0,2022
2023-01-01 00:00:00+00:00,16541.77,16628.0,16499.01,16616.75,96925.41374,0.0,0.004494511074571994,0.0,0.0,0.0,0.0,158787.01963200263,0.0,2023
2023-01-02 00:00:00+00:00,16617.17,16799.23,16548.7,16672.87,121888.57191,0.0,0.003377315058600505,0.0,0.0,0.0,0.0,158787.01963200263,0.0,2023
2023-01-03 00:00:00+00:00,16672.78,16778.4,16605.28,16675.18,159541.53733,0.0,0.0001385484322735664,0.0,0.0,0.0,0.0,158787.01963200263,0.0,2023
2023-01-04 00:00:00+00:00,16675.65,16991.87,16652.66,16850.36,220362.18861999997,0.0,0.01050543382440261,0.0,0.0,0.0,0.0,158787.01963200263,0.0,2023
2023-01-05 00:00:00+00:00,16850.36,16879.82,16753.0,16831.85,163473.56641,0.0,-0.0010984928511914571,0.0,0.0,0.0,-0.0,158787.01963200263,0.0,2023
2023-01-06 00:00:00+00:00,16831.85,17041.0,16679.0,16950.65,207401.28415000002,0.0,0.007058047689350921,0.0,0.0,0.0,0.0,158787.01963200263,0.0,2023
2023-01-07 00:00:00+00:00,16950.31,16981.91,16908.0,16943.57,104526.56880000001,0.0,-0.00041768309769840695,0.0,0.0,0.0,-0.0,158787.01963200263,0.0,2023
2023-01-08 00:00:00+00:00,16943.83,17176.99,16911.0,17127.83,135155.89695,0.0,0.010874921873017529,0.0,0.0,0.0,0.0,158787.01963200263,0.0,2023
2023-01-09 00:00:00+00:00,17127.83,17398.8,17104.66,17178.26,266211.52723,0.0,0.0029443309514396443,0.0,0.0,0.0,0.0,158787.01963200263,0.0,2023
2023-01-10 00:00:00+00:00,17179.04,17499.0,17146.34,17440.66,221382.42581000002,0.0,0.015275120995956515,0.0,0.0,0.0,0.0,158787.01963200263,0.0,2023
2023-01-11 00:00:00+00:00,17440.64,18000.0,17315.6,17943.26,262221.60653,0.0,0.02881771676071887,0.0,0.0,0.0,0.0,158787.01963200263,0.0,2023
2023-01-12 00:00:00+00:00,17943.26,19117.04,17892.05,18846.62,454568.32178,0.0,0.05034536644957499,0.0,0.0,0.0,0.0,158787.01963200263,0.0,2023
2023-01-13 00:00:00+00:00,18846.62,20000.0,18714.12,19930.01,368615.87823,0.8636371222258674,0.05748457813655716,0.0,0.0,0.0,0.0,158787.01963200263,0.0,2023
2023-01-14 00:00:00+00:00,19930.01,21258.0,19888.05,20954.92,393913.74951,0.7760255571842346,0.0514254634092004,0.8636371222258674,0.8636371222258674,0.0012954556833388012,0.043117483544514675,165633.51633806803,6846.496706065402,2023
2023-01-15 00:00:00+00:00,20952.76,21050.74,20551.01,20871.5,178542.22549,0.7426189351034014,-0.003980926674976515,0.7760255571842346,0.08761156504163281,0.00013141734756244922,-0.0032207181886206816,165100.05745935283,-533.4588787152024,2023
2023-01-16 00:00:00+00:00,20872.99,21474.05,20611.48,21185.65,293078.08262,0.7147563852028602,0.0150516254222266,0.7426189351034014,0.033406622080833226,5.010993312124984e-05,0.011127512109507952,166937.21034801225,1837.152888659417,2023
2023-01-17 00:00:00+00:00,21185.65,21647.45,20841.31,21134.81,275407.74409,0.6776415948225792,-0.0023997375582056613,0.7147563852028602,0.027862549900541156,4.1793824850811736e-05,-0.0017570215673894287,166643.89806903098,-293.31227898126235,2023
2023-01-18 00:00:00+00:00,21132.29,21650.0,20407.15,20677.47,350916.01949,0.5978326429330821,-0.02163918199406567,0.6776415948225792,0.03711479038028098,5.5672185570421475e-05,-0.014719281982685123,164191.01954265908,-2452.8785263719037,2023
2023-01-19 00:00:00+00:00,20677.47,21192.0,20659.19,21071.59,251385.84925,0.5988377812070848,0.019060358931726196,0.5978326429330821,0.0798089518894971,0.00011971342783424566,0.011275191327572804,166042.3047022718,1851.2851596127148,2023
2023-01-20 00:00:00+00:00,21071.59,22755.93,20861.28,22667.21,338079.13659,0.5573993005765773,0.07572375886205074,0.5988377812070848,0.001005138274002615,1.5077074110039225e-06,0.04534474003419978,173571.44984367568,7529.145141403889,2023
2023-01-21 00:00:00+00:00,22666.0,23371.8,22422.0,22783.55,346445.48432,0.5264268763159732,0.0051325240292035,0.5573993005765773,0.04143848063050748,6.215772094576121e-05,0.002798707583124746,174057.22557656714,485.7757328914595,2023
2023-01-22 00:00:00+00:00,22783.35,23078.71,22292.37,22707.88,253577.75286,0.5047797823595702,-0.003321255906125198,0.5264268763159732,0.030972424260604092,4.645863639090614e-05,-0.0017948570084983712,173744.81774536127,-312.40783120587,2023
2023-01-23 00:00:00+00:00,22706.02,23180.0,22500.0,22916.45,293588.37938,0.4917724341711626,0.009184917306239049,0.5047797823595702,0.021647093956402963,3.247064093460445e-05,0.004603889917899393,174544.7197600664,799.9020147051197,2023
2023-01-24 00:00:00+00:00,22917.81,23162.2,22462.93,22632.89,293158.78254,0.4740250110378655,-0.012373644259909389,0.4917724341711626,0.013007348188407597,1.9511022282611395e-05,-0.0061045281795462855,173479.20659970006,-1065.5131603663322,2023
2023-01-25 00:00:00+00:00,22631.94,23816.73,22300.0,23060.94,346042.83223,0.4420184673518053,0.01891274158978362,0.4740250110378655,0.017747423133297136,2.6621134699945704e-05,0.008938491406153534,175029.8489970378,1550.6423973377387,2023
2023-01-26 00:00:00+00:00,23060.42,23282.47,22850.01,23009.65,288924.43581,0.4391468967848442,-0.002224107083232396,0.4420184673518053,0.03200654368606021,4.800981552909031e-05,-0.001031106219685768,174849.3746311063,-180.47436593149905,2023
2023-01-27 00:00:00+00:00,23009.65,23500.0,22534.88,23074.16,280833.86315,0.4177527891886145,0.0028036063130034705,0.4391468967848442,0.002871570566961079,4.307355850441619e-06,0.001226887656311431,175063.89517055498,214.52053944868385,2023
2023-01-28 00:00:00+00:00,23074.16,23189.0,22878.46,23022.6,148115.71085,0.4157515546885531,-0.0022345342148967218,0.4177527891886145,0.021394107596229672,3.209116139434451e-05,-0.0009655740622048411,174894.85801414974,-169.03715640524752,2023
2023-01-29 00:00:00+00:00,23021.4,23960.54,22967.76,23742.3,295688.79204,0.41218953570674166,0.03126058742279336,0.4157515546885531,0.0020012345000613996,3.0018517500920993e-06,0.01299363596975368,177167.3781321674,2272.520118017652,2023
2023-01-30 00:00:00+00:00,23743.37,23800.51,22500.0,22826.15,302405.90121,0.3765538674354412,-0.03858724723383988,0.41218953570674166,0.0035620189818114656,5.343028472717198e-06,-0.01591060254999043,174348.5383938826,-2818.8397382847907,2023
2023-01-31 00:00:00+00:00,22827.38,23320.0,22714.77,23125.13,264649.34909,0.38307910514391674,0.01309813525276926,0.3765538674354412,0.035635668271300436,5.3453502406950655e-05,0.004878699983215805,175199.13260521853,850.5942113359342,2023
2023-02-01 00:00:00+00:00,23125.13,23812.66,22760.23,23732.66,310790.42271,0.39675441886766083,0.026271419879585478,0.38307910514391674,0.0065252377084755175,9.787856562713277e-06,0.010054244161768996,176960.62746136155,1761.494856143021,2023
2023-02-02 00:00:00+00:00,23731.41,24255.0,23363.27,23488.94,364177.20751,0.40109549052567917,-0.010269392474337113,0.39675441886766083,0.013675313723744087,2.051297058561613e-05,-0.004094939813865168,176235.98434248345,-724.6431188780989,2023
2023-02-03 00:00:00+00:00,23489.33,23715.7,23204.62,23431.9,332571.02904,0.41972205230804804,-0.002428376929737852,0.40109549052567917,0.004341071658018336,6.511607487027504e-06,-0.000980522643301474,176063.1809692711,-172.803373212344,2023
2023-02-04 00:00:00+00:00,23431.9,23587.78,23253.96,23326.84,166126.47295,0.4218319060935931,-0.004483631288969336,0.41972205230804804,0.018626561782368878,2.7939842673553316e-05,-0.001909818769072342,175726.93220171344,-336.24876755767036,2023
2023-02-05 00:00:00+00:00,23327.66,23433.33,22743.0,22932.91,209251.33917,0.4188624247098802,-0.016887413811729313,0.4218319060935931,0.0021098537855450683,3.1647806783176024e-06,-0.007126814737871364,174474.55891145734,-1252.3732902561023,2023
2023-02-06 00:00:00+00:00,22932.91,23158.25,22628.13,22762.52,265371.6069,0.4225330998937803,-0.007429933663019583,0.4188624247098802,0.002969481383712891,4.454222075569336e-06,-0.0031165742516015144,173930.79599359437,-543.7629178629722,2023
2023-02-07 00:00:00+00:00,22762.52,23350.25,22745.78,23240.46,308006.72482,0.448321192318075,0.020996796488262248,0.4225330998937803,0.003670675183900074,5.506012775850111e-06,0.008866335495248437,175472.9247838292,1542.1287902348267,2023
2023-02-08 00:00:00+00:00,23242.42,23452.0,22665.85,22963.0,280056.30717,0.4361813257800161,-0.011938662143520351,0.448321192318075,0.025788092424294695,3.868213863644204e-05,-0.005391037385502151,174526.94368617615,-945.9810976530425,2023
2023-02-09 00:00:00+00:00,22961.85,23011.39,21688.0,21796.35,402894.6955,0.42883786228109483,-0.05080564386186481,0.4361813257800161,0.012139866538058874,1.820979980708831e-05,-0.02217868289658262,170656.16594525072,-3870.777740925434,2023
2023-02-10 00:00:00+00:00,21797.83,21938.16,21451.0,21625.19,338591.94247,0.438169938304143,-0.007852690932197315,0.42883786228109483,0.007343463498921288,1.1015195248381931e-05,-0.003378546387766016,170079.59617224638,-576.5697730043321,2023
2023-02-11 00:00:00+00:00,21625.19,21906.32,21599.78,21862.55,177021.58432999998,0.4571300269972424,0.01097608853378862,0.438169938304143,0.009332076023048197,1.3998114034572296e-05,0.004795393921636399,170895.19483392514,815.5986616787559,2023
2023-02-12 00:00:00+00:00,21862.02,22090.0,21630.0,21783.54,204435.65163,0.46224866808337994,-0.0036139425638820333,0.4571300269972424,0.018960088693099397,2.8440133039649097e-05,-0.0016804817948335266,170608.00857018222,-287.1862637429149,2023
2023-02-13 00:00:00+00:00,21782.37,21894.99,21351.07,21773.97,295730.76791,0.4669470042122937,-0.0004393225343538587,0.46224866808337994,0.005118641086137521,7.677961629206282e-06,-0.0002107542179932924,170572.0522127526,-35.95635742961895,2023
2023-02-14 00:00:00+00:00,21774.63,22319.08,21532.77,22199.84,361958.40109,0.5010716762795895,0.01955867487646934,0.4669470042122937,0.004698336128913738,7.0475041933706076e-06,0.009125817135736241,172128.66156971344,1556.6093569608347,2023
2023-02-15 00:00:00+00:00,22199.84,24380.0,22047.28,24324.05,375669.16111,0.48304696674654907,0.09568582476270104,0.5010716762795895,0.0341246720672958,5.1187008100943706e-05,0.04789426960194072,180372.6380931545,8243.976523441059,2023
2023-02-16 00:00:00+00:00,24322.87,25250.0,23505.25,23517.72,450080.68366,0.4450916749126483,-0.033149496074872276,0.48304696674654907,0.018024709533040417,2.7037064299560626e-05,-0.016039800592443247,177479.49694580736,-2893.141147347138,2023
2023-02-17 00:00:00+00:00,23517.72,25021.11,23339.37,24569.97,496813.21376,0.4295145411954859,0.04474285772600406,0.4450916749126483,0.037955291833900784,5.6932937750851177e-05,0.01985774054789462,181003.83874872804,3524.3418029206805,2023
2023-02-18 00:00:00+00:00,24568.24,24877.0,24430.0,24631.95,216917.25213,0.4440894137586602,0.002522591602675872,0.4295145411954859,0.015577133717162406,2.3365700575743608e-05,0.0010601240742711688,181195.72527572108,191.8865269930393,2023
2023-02-19 00:00:00+00:00,24632.05,25192.0,24192.57,24271.76,300395.99542,0.44529205531973587,-0.014622878010064233,0.4440894137586602,0.014574872563174301,2.1862308844761453e-05,-0.00651572763179859,180015.10328177825,-1180.6219939428265,2023
2023-02-20 00:00:00+00:00,24272.51,25121.23,23840.83,24842.2,346938.56997,0.4384637899514014,0.02350220997570851,0.44529205531973587,0.0012026415610756902,1.8039623416135353e-06,0.010463543422297628,181898.69913163653,1883.5958498582768,2023
2023-02-21 00:00:00+00:00,24843.89,25250.0,24148.34,24452.16,376000.82868000004,0.4303888253473746,-0.01570070283630276,0.4384637899514014,0.006828265368334474,1.0242398052501711e-05,-0.006894432068558528,180644.61090711431,-1254.0882245222165,2023
2023-02-22 00:00:00+00:00,24450.67,24476.05,23574.69,24182.21,379425.75365,0.42540776587172957,-0.011039924489288477,0.4303888253473746,0.00807496460402679,1.2112446906040187e-05,-0.004763572579774622,179784.0971919131,-860.513715201203,2023
2023-02-23 00:00:00+00:00,24182.21,24599.59,23608.0,23940.2,398400.45437000005,0.41011189934121234,-0.01000777017485166,0.42540776587172957,0.004981059475645033,7.47158921346755e-06,-0.004264854740654841,179017.3441327098,-766.7530592032999,2023
2023-02-24 00:00:00+00:00,23940.2,24132.35,22841.19,23185.29,343582.57453,0.3774684172748333,-0.031533153440656325,0.41011189934121234,0.015295866530517233,2.294379979577585e-05,-0.012955065249561226,176698.1627586674,-2319.1813740424113,2023
2023-02-25 00:00:00+00:00,23184.04,23219.13,22722.0,23157.07,191311.8101,0.38082309520121976,-0.0012171510470647684,0.3774684172748333,0.032643482066379015,4.8965223099568526e-05,-0.0005084013024195128,176608.3291825858,-89.83357608161168,2023
2023-02-26 00:00:00+00:00,23157.07,23689.99,23059.18,23554.85,202323.73622999998,0.38533298484424183,0.017177475388725716,0.38082309520121976,0.00335467792638644,5.03201688957966e-06,0.0065365473283877235,177762.73788487524,1154.4087022894528,2023
2023-02-27 00:00:00+00:00,23554.85,23897.99,23106.77,23492.09,283706.0859,0.38060388324787287,-0.002664419429544207,0.38533298484424183,0.004509889643022069,6.7648344645331036e-06,-0.0010334535261277945,177579.02835659398,-183.7095282812661,2023
2023-02-28 00:00:00+00:00,23492.09,23600.0,23020.97,23141.57,264140.99893999996,0.3789742678631636,-0.014920766947512987,0.38060388324787287,0.0047291015963689675,7.093652394553452e-06,-0.005685995493654507,176569.31480159084,-1009.713555003138,2023
2023-03-01 00:00:00+00:00,23141.57,24000.0,23020.03,23628.97,315287.41737,0.3940119092965284,0.021061665219775483,0.3789742678631636,0.0016296153847092376,2.4444230770638566e-06,0.007979384733566406,177978.2292965349,1408.914494944067,2023
2023-03-02 00:00:00+00:00,23629.76,23796.93,23195.9,23465.32,239315.45218999998,0.3889315683872431,-0.00692582029601807,0.3940119092965284,0.015037641433364779,2.255646215004717e-05,-0.002751412140428775,177488.53783571642,-489.69146081848885,2023
2023-03-03 00:00:00+00:00,23465.32,23476.95,21971.13,22354.34,319954.19785,0.3484618243280872,-0.04734561471993559,0.3889315683872431,0.00508034090928533,7.620511363927996e-06,-0.018421824700646617,174218.87510533276,-3269.6627303836576,2023
2023-03-04 00:00:00+00:00,22354.34,22410.0,22157.08,22346.57,121257.38132,0.3519582825602081,-0.0003475835117475734,0.3484618243280872,0.04046974405915588,6.0704616088733815e-05,-0.00018182420069865637,174187.19789762012,-31.677207712637028,2023
2023-03-05 00:00:00+00:00,22346.57,22662.09,22189.22,22430.24,154841.75786,0.3545393772416391,0.00374419877412957,0.3519582825602081,0.0034964582321209137,5.24468734818137e-06,0.0013125570827584986,174415.8285379465,228.63064032638795,2023
2023-03-06 00:00:00+00:00,22430.24,22602.19,22258.0,22410.0,203751.82957,0.3622808729769192,-0.0009023532516817534,0.3545393772416391,0.002581094681430973,3.87164202214646e-06,-0.0003237914019253633,174359.35419230623,-56.47434564027935,2023
2023-03-07 00:00:00+00:00,22409.41,22557.91,21927.0,22197.96,292519.80912,0.39330718821395083,-0.009461847389558242,0.3622808729769192,0.007741495735280102,1.1612243602920152e-05,-0.003439458575866464,173759.65241624694,-599.7017760592862,2023
2023-03-08 00:00:00+00:00,22198.56,22287.0,21580.0,21705.44,301460.57272,0.40849702693842227,-0.022187624448372745,0.39330718821395083,0.031026315237031643,4.6539472855547465e-05,-0.008773091657792144,172235.2430591731,-1524.4093570738332,2023
2023-03-09 00:00:00+00:00,21704.37,21834.99,20042.72,20362.22,443658.28584,0.3806959994705811,-0.06188402538718396,0.40849702693842227,0.015189838724471438,2.278475808670716e-05,-0.0253022251437332,167877.3081616043,-4357.934897568804,2023
2023-03-10 00:00:00+00:00,20362.21,20367.78,19549.09,20150.69,618456.4671,0.3685853790171407,-0.010388356475865668,0.3806959994705811,0.02780102746784119,4.1701541201761784e-05,-0.003996507292638126,167206.385275268,-670.9228863363096,2023
2023-03-11 00:00:00+00:00,20150.69,20686.51,19765.03,20455.73,427831.82133,0.3758714742950032,0.015137943167206735,0.3685853790171407,0.012110620453440357,1.8165930680160535e-05,0.00556145858914467,168136.29666281698,929.9113875489857,2023
2023-03-12 00:00:00+00:00,20455.73,22150.0,20270.6,21997.11,430944.94288,0.3905081403028544,0.07535199183798391,0.3758714742950032,0.007286095277862503,1.0929142916793756e-05,0.02831173512029127,172896.52695804136,4760.230295224377,2023
2023-03-13 00:00:00+00:00,21998.05,24500.0,21813.88,24113.48,687889.31259,0.39289002127320566,0.09621127502658289,0.3905081403028544,0.014636666007851185,2.1954999011776776e-05,0.03754933108778557,179388.6758927171,6492.14893467573,2023
2023-03-14 00:00:00+00:00,24112.27,26386.87,23976.42,24670.41,699360.93423,0.3727784496611971,0.023096210086640312,0.39289002127320566,0.0023818809703512467,3.57282145552687e-06,0.009070697650815012,181015.85633371997,1627.1804410028853,2023
2023-03-15 00:00:00+00:00,24670.41,25196.97,23896.95,24285.66,581450.72984,0.3615987136623201,-0.01559560623435119,0.3727784496611971,0.02011157161200855,3.0167357418012824e-05,-0.005843873270985949,179958.0226092667,-1057.8337244532595,2023
2023-03-16 00:00:00+00:00,24285.66,25167.4,24123.0,24998.78,439421.32998000004,0.3766227276541464,0.02936383034267953,0.3615987136623201,0.011179735998877005,1.676960399831551e-05,0.010601153676113207,181865.78526219702,1907.7626529303088,2023
2023-03-17 00:00:00+00:00,24998.78,27756.84,24890.0,27395.13,624460.68091,0.37059645833468186,0.09585867790348179,0.3766227276541464,0.01502401399182629,2.2536020987739435e-05,0.03608002072034182,188427.50656277832,6561.7213005812955,2023
2023-03-18 00:00:00+00:00,27395.13,27724.85,26578.0,26907.49,371238.97174,0.3560845921836384,-0.017800244057976755,0.37059645833468186,0.006026269319464539,9.03940397919681e-06,-0.006605746809358348,187182.8021625059,-1244.7044002724288,2023
2023-03-19 00:00:00+00:00,26907.49,28390.1,26827.22,27972.87,372066.99053999997,0.35852554427325106,0.039594179910500626,0.3560845921836384,0.01451186615104344,2.176779922656516e-05,0.014077109607049658,189817.79498510217,2634.9928225962794,2023
2023-03-20 00:00:00+00:00,27972.87,28472.0,27124.47,27717.01,477378.23373,0.3444433229502838,-0.009146719660871439,0.35852554427325106,0.002440952089612647,3.6614281344189704e-06,-0.0032829940728631977,189194.6242892421,-623.1706958600553,2023
2023-03-21 00:00:00+00:00,27717.01,28438.55,27303.1,28105.47,420929.7422,0.3471350751553832,0.014015220256441863,0.3444433229502838,0.01408222132296727,2.1123331984450907e-05,0.004806325705024513,190103.95527521597,909.330985973851,2023
2023-03-22 00:00:00+00:00,28107.81,28868.05,26601.8,27250.97,224113.41296,0.315893192211265,-0.030403334297558482,0.3471350751553832,0.002691752205099429,4.037628307649144e-06,-0.010558101364664852,188096.81844559652,-2007.1368296194414,2023
2023-03-23 00:00:00+00:00,27250.97,28750.0,27105.0,28295.41,128649.60818000001,0.3263239325641396,0.038326709104299805,0.315893192211265,0.031241882944118227,4.686282441617734e-05,0.012060283661493641,190365.3194318749,2268.5009862783772,2023
2023-03-24 00:00:00+00:00,28295.42,28374.3,27000.0,27454.47,86242.06544,0.3041027841251233,-0.029720014659621374,0.3263239325641396,0.010430740352874612,1.564611052931192e-05,-0.009713998170120839,188516.1110672592,-1849.2083646157116,2023
2023-03-25 00:00:00+00:00,27454.46,27787.33,27156.09,27462.95,50844.08102,0.3025070089455625,0.0003088750210802349,0.3041027841251233,0.02222114843901629,3.3331722658524435e-05,6.059803119868115e-05,188527.5347724391,11.423705179913668,2023
2023-03-26 00:00:00+00:00,27462.96,28194.4,27417.76,27968.05,49671.70353,0.30346782870064853,0.018392051837111456,0.3025070089455625,0.0015957751795608321,2.3936627693412484e-06,0.0055613309268469835,189575.9987821313,1048.464009692194,2023
2023-03-27 00:00:00+00:00,27968.05,28023.86,26508.14,27124.91,88039.46898,0.28558886660736915,-0.030146542215134797,0.30346782870064853,0.0009608197550860509,1.4412296326290763e-06,-0.009149946938492024,187841.38845246317,-1734.610329668125,2023
2023-03-28 00:00:00+00:00,27124.9,27520.0,26631.78,27261.07,78602.44341,0.285289204876543,0.005019740157663266,0.28558886660736915,0.017878962093279382,2.6818443139919074e-05,0.0014067634591506295,188105.6368538542,264.2484013910289,2023
2023-03-29 00:00:00+00:00,27261.06,28650.0,27240.1,28348.6,89486.16008,0.30049910748653974,0.03989315166279228,0.285289204876543,0.00029966173082612846,4.494925962391927e-07,0.011380636025301111,190246.39864119538,2140.76178734118,2023
2023-03-30 00:00:00+00:00,28348.6,29184.68,27686.0,28028.53,98865.43256,0.29044030776086766,-0.011290504645732002,0.30049910748653974,0.015209902609996717,2.2814853914995075e-05,-0.003415601423030092,189596.59277127014,-649.8058699252433,2023
2023-03-31 00:00:00+00:00,28028.53,28656.69,27511.71,28465.36,78198.12139,0.29280758240710264,0.015585191231934026,0.29044030776086766,0.010058799725672085,1.5088199588508129e-05,0.004511479538326387,190451.95392009412,855.361148823984,2023
2023-04-01 00:00:00+00:00,28465.36,28819.71,28220.27,28452.73,30238.44753,0.30548464054623087,-0.00044369718141634706,0.29280758240710264,0.0023672746462349847,3.5509119693524774e-06,-0.00013346881098071867,190426.53452425543,-25.419395838689525,2023
2023-04-02 00:00:00+00:00,28452.74,28530.0,27856.43,28171.87,37365.65692,0.324817588917282,-0.0098711090289052,0.30548464054623087,0.012677058139128228,1.9015587208692343e-05,-0.0030344877806964517,189848.6875321212,-577.846992134233,2023
2023-04-03 00:00:00+00:00,28171.87,28500.99,27200.24,27800.0,79180.01405,0.33414308383226554,-0.013200046713263913,0.324817588917282,0.01933294837105115,2.8999422556576726e-05,-0.004316606769554454,189029.18540232902,-819.5021297921776,2023
2023-04-04 00:00:00+00:00,27800.0,28444.44,27662.79,28165.47,49722.55691,0.3453880636805828,0.013146402877697971,0.33414308383226554,0.009325494914983523,1.3988242372475286e-05,0.004378791356482895,189856.90476549178,827.7193631627597,2023
2023-04-05 00:00:00+00:00,28165.47,28775.0,27805.1,28170.01,60737.647320000004,0.3464515599542183,0.00016119028015504355,0.3453880636805828,0.011244979848317238,1.6867469772475856e-05,3.8805728974405307e-05,189864.27230108203,7.367535590252373,2023
2023-04-06 00:00:00+00:00,28170.01,28182.05,27711.0,28033.82,40118.94963,0.3804729134724628,-0.004834574073633635,0.3464515599542183,0.0010634962736355003,1.5952444104532504e-06,-0.001676540973935046,189545.9570690829,-318.31523199912044,2023
2023-04-07 00:00:00+00:00,28033.83,28100.0,27766.94,27906.33,24762.09387,0.3925477915068512,-0.004547721288072681,0.3804729134724628,0.034021353518244535,5.1032030277366804e-05,-0.0017813167984111213,189208.31567168483,-337.6413973980816,2023
2023-04-08 00:00:00+00:00,27906.34,28154.99,27859.02,27938.38,19479.96735,0.41664109776913677,0.0011484849494720617,0.3925477915068512,0.012074878034388392,1.8112317051582588e-05,0.0004327229134425328,189290.19044528983,81.87477360499906,2023
2023-04-09 00:00:00+00:00,27938.38,28530.0,27800.0,28323.76,32531.16101,0.4351482350609693,0.013793927922807203,0.41664109776913677,0.024093306262285563,3.613995939342834e-05,0.005710977312913313,190371.22242847993,1081.0319831900997,2023
2023-04-10 00:00:00+00:00,28323.76,29770.0,28170.0,29637.34,67754.0622,0.445211575005257,0.046377317135860574,0.4351482350609693,0.01850713729183251,2.7760705937748763e-05,0.02015324699259483,194207.8206943633,3836.5982658833673,2023
2023-04-11 00:00:00+00:00,29637.35,30550.0,29590.0,30200.42,67990.07621,0.48390507687794787,0.01899900598366777,0.445211575005257,0.010063339944287708,1.5095009916431563e-05,0.008443482367606598,195847.61100404747,1639.7903096841765,2023
2023-04-12 00:00:00+00:00,30200.43,30486.0,29637.4,29888.07,62049.48451,0.49918332446966635,-0.010342571394702404,0.48390507687794787,0.03869350187269088,5.8040252809036326e-05,-0.005062863058678168,194856.0613691647,-991.5496348827728,2023
2023-04-13 00:00:00+00:00,29888.07,30595.0,29854.59,30373.84,51934.117309999994,0.5249946166743086,0.01625297317625396,0.49918332446966635,0.015278247591718475,2.2917371387577712e-05,0.008090295811251187,196432.50454625656,1576.44317709186,2023
2023-04-14 00:00:00+00:00,30373.84,31000.0,29966.0,30466.93,75984.19452,0.5151838147032594,0.003064808400913499,0.5249946166743086,0.025811292204642233,3.871693830696335e-05,0.0015702909733108195,196740.9607350104,308.45618875382934,2023
2023-04-15 00:00:00+00:00,30466.93,30595.6,30202.0,30295.09,25429.81247,0.5230657745300384,-0.005640213831849872,0.5151838147032594,0.009810801971049221,1.4716202956573832e-05,-0.002920463080591079,196166.38602274377,-574.5747122666216,2023
2023-04-16 00:00:00+00:00,30295.1,30549.99,30120.0,30304.65,26431.993219999997,0.5564449981164452,0.0003155626868909245,0.5230657745300384,0.007881959826779084,1.1822939740168626e-05,0.0001532371014912128,196196.4459911479,30.05996840412263,2023
2023-04-17 00:00:00+00:00,30304.66,30316.06,29240.65,29430.27,56441.81127,0.5345396912475336,-0.028852997807267244,0.5564449981164452,0.03337922358640677,5.0068835379610155e-05,-0.01610517514589823,193036.66786545768,-3159.778125690209,2023
2023-04-18 00:00:00+00:00,29430.27,30485.0,29096.78,30380.01,62004.89434,0.5524824660621607,0.03227085582293321,0.5345396912475336,0.021905306868911567,3.285796030336735e-05,0.01721719534758102,196360.2178853434,3323.5500198857044,2023
2023-04-19 00:00:00+00:00,30380.01,30413.53,28520.0,28797.1,86575.48656,0.5119898135222956,-0.05210366948529643,0.5524824660621607,0.017942774814627027,2.6914162221940542e-05,-0.028813277970346263,190702.43634509522,-5657.781540248165,2023
2023-04-20 00:00:00+00:00,28797.1,29088.3,28010.0,28243.65,76879.09372,0.5040526464208767,-0.019218949130294316,0.5119898135222956,0.040492652539865115,6.073897880979767e-05,-0.009900645160123669,188814.35919167136,-1888.0771534238593,2023
2023-04-21 00:00:00+00:00,28243.65,28374.02,27125.0,27262.84,77684.7679,0.4692277917145765,-0.03472674388756414,0.5040526464208767,0.007937167101418896,1.1905750652128344e-05,-0.017516012908758833,185507.08443871106,-3307.2747529603075,2023
2023-04-22 00:00:00+00:00,27262.84,27882.72,27140.35,27816.85,36023.69686,0.47696461720064837,0.020321067064179577,0.4692277917145765,0.034824854706300146,5.223728205945022e-05,0.009482972141749344,187266.2429525405,1759.1585138294322,2023
2023-04-23 00:00:00+00:00,27816.85,27816.85,27311.25,27590.6,34812.09581,0.494555465151497,-0.0081335593354388,0.47696461720064837,0.007736825486071852,1.1605238229107778e-05,-0.003891025253135435,186537.58527215236,-728.6576803881326,2023
2023-04-24 00:00:00+00:00,27590.59,28000.0,26942.82,27510.93,53111.56874,0.48549254795391106,-0.002887577653258644,0.494555465151497,0.017590847950848643,2.6386271926272963e-05,-0.0014544535813946697,186266.27501318857,-271.3102589637856,2023
2023-04-25 00:00:00+00:00,27510.93,28399.99,27192.0,28300.79,52325.14637,0.4928378871661853,0.02871077059190652,0.48549254795391106,0.009062917197585951,1.3594375796378927e-05,0.013925270792588536,188860.083332274,2593.808319085423,2023
2023-04-26 00:00:00+00:00,28300.8,30036.0,27235.0,28415.29,129228.40403,0.43821626291187166,0.004045823455811615,0.4928378871661853,0.00734533921227426,1.1018008818411391e-05,0.001982917074991179,189234.57721629782,374.4938840238319,2023
2023-04-27 00:00:00+00:00,28415.29,29890.0,28378.86,29472.77,95430.82431,0.4296680874259889,0.03721517535101704,0.43821626291187166,0.05462162425431366,8.19324363814705e-05,0.016226362629551218,192305.16608825926,3070.5888719614304,2023
2023-04-28 00:00:00+00:00,29472.77,29599.54,28891.0,29311.7,54298.165779999996,0.4192898621753021,-0.005465044513970008,0.4296680874259889,0.00854817548588277,1.2822263228824155e-05,-0.0023609774872442105,191851.13792044413,-454.0281678151223,2023
2023-04-29 00:00:00+00:00,29311.69,29448.88,29031.0,29230.45,20466.83058,0.4241576211025693,-0.002771930662499922,0.4192898621753021,0.010378225250686768,1.556733787603015e-05,-0.0011778097633151161,191625.1737770983,-225.96414334583096,2023
2023-04-30 00:00:00+00:00,29230.45,29969.39,29079.59,29233.21,39752.537200000006,0.438589837892036,9.442208382015593e-05,0.4241576211025693,0.004867758927267207,7.301638390900811e-06,3.274820806180393e-05,191631.44915815903,6.275381060724612,2023
2023-05-01 00:00:00+00:00,29233.2,29337.34,27666.95,28068.26,64433.65958000001,0.4072897226992966,-0.039850225137779915,0.438589837892036,0.014432216789466656,2.1648325184199985e-05,-0.017499552108324233,188277.98462802215,-3353.464530136873,2023
2023-05-02 00:00:00+00:00,28068.26,28879.88,27872.0,28669.86,50824.5224,0.41298005246189534,0.02143346256590184,0.4072897226992966,0.0313001151927394,4.6950172789109094e-05,0.008682678852162805,189912.7419034797,1634.7572754575522,2023
2023-05-03 00:00:00+00:00,28669.85,29266.66,28113.69,29026.16,64615.79213,0.4103475075842959,0.012427685381093623,0.41298005246189534,0.005690329762598756,8.535494643898134e-06,0.005123850666020076,190885.82643256756,973.0845290878497,2023
2023-05-04 00:00:00+00:00,29026.16,29379.83,28663.64,28838.16,42575.47501,0.41360687292736514,-0.006476915995777599,0.4103475075842959,0.002632544877599452,3.948817316399178e-06,-0.0026617351530165948,190377.73891813937,-508.087514428189,2023
2023-05-05 00:00:00+00:00,28838.16,29677.0,28800.0,29505.61,58415.830480000004,0.414039305587488,0.023144680520532646,0.41360687292736514,0.0032593653430692537,4.88904801460388e-06,0.009567909886985805,192199.25596859623,1821.5170504568669,2023
2023-05-06 00:00:00+00:00,29505.6,29820.0,28300.0,28848.2,49249.284589999996,0.3860138277175473,-0.02228084760830229,0.414039305587488,0.0004324326601228834,6.486489901843251e-07,-0.009225795320632309,190426.06497225215,-1773.1909963440849,2023
2023-05-07 00:00:00+00:00,28848.19,29138.29,28395.23,28430.1,30003.41028,0.385883547582607,-0.01449310528906489,0.3860138277175473,0.02802547786994075,4.203821680491113e-05,-0.005636577264950278,189352.71374377562,-1073.351228476531,2023
2023-05-08 00:00:00+00:00,28430.09,28631.01,27262.0,27668.79,68244.36179,0.37586229233179536,-0.02677830890499855,0.385883547582607,0.0001302801349402638,1.954202024103957e-07,-0.010333504258726168,187396.03666990297,-1956.6770738726482,2023
2023-05-09 00:00:00+00:00,27668.8,27818.0,27353.0,27628.27,40113.31069,0.400029989168851,-0.0014644659199046783,0.37586229233179536,0.010021255250811656,1.5031882876217484e-05,-0.0005654694005733812,187290.0699453774,-105.96672452555504,2023
2023-05-10 00:00:00+00:00,27628.28,28331.42,26777.0,27598.75,71155.11355,0.3910193784005007,-0.0010684708090662465,0.400029989168851,0.024167696837055663,3.62515452555835e-05,-0.0004636719114335876,187203.22880065333,-86.84114472407964,2023
2023-05-11 00:00:00+00:00,27598.74,27630.14,26702.05,26968.62,47635.31365,0.38770495723592313,-0.02283183115177323,0.3910193784005007,0.009010610768350302,1.3515916152525454e-05,-0.008941204340864083,185529.40647867715,-1673.8223219761858,2023
2023-05-12 00:00:00+00:00,26968.61,27091.12,25811.46,26795.01,67207.93494,0.3759623257155673,-0.0064374817843849685,0.38770495723592313,0.0033144211645775856,4.971631746866379e-06,-0.002500815231668875,185065.43171303277,-463.97476564437966,2023
2023-05-13 00:00:00+00:00,26795.01,27045.45,26692.03,26775.28,22814.90421,0.37825725290751117,-0.0007363311303112408,0.3759623257155673,0.011742631520355817,1.7613947280533727e-05,-0.00029444671152912026,185010.93980524715,-54.491907785617514,2023
2023-05-14 00:00:00+00:00,26775.27,27200.0,26560.53,26917.62,21594.8036,0.3875501135939987,0.005316097534741049,0.37825725290751117,0.002294927191943852,3.4423907879157777e-06,0.002007410058891626,185382.3326268172,371.39282157004345,2023
2023-05-15 00:00:00+00:00,26917.61,27663.59,26726.0,27162.14,40430.08333,0.3959793134062245,0.009084012628159499,0.3875501135939987,0.009292860686487547,1.3939291029731322e-05,0.0035065708349028015,186032.38890771268,650.0562808954855,2023
2023-05-16 00:00:00+00:00,27162.15,27296.89,26852.11,27033.84,33270.45451,0.44250843416240093,-0.0047234864410535815,0.3959793134062245,0.008429199812225785,1.2643799718338678e-05,-0.001883046717530347,185682.08122842567,-350.30767928701243,2023
2023-05-17 00:00:00+00:00,27033.85,27500.0,26544.71,27405.61,42958.977849999996,0.4619778777262668,0.013752023389943968,0.44250843416240093,0.046529120756176434,6.979368113426465e-05,0.006015592655714553,186799.06899256117,1116.9877641354979,2023
2023-05-18 00:00:00+00:00,27405.62,27485.33,26361.2,26821.28,49198.65143,0.44226223270121207,-0.021321546938747327,0.4619778777262668,0.019469443563865874,2.920416534579881e-05,-0.00987928716994927,184953.6273469045,-1845.4416456566541,2023
2023-05-19 00:00:00+00:00,26821.28,27183.6,26630.0,26880.26,28754.13544,0.440098670750421,0.0021990001968585915,0.44226223270121207,0.01971564502505474,2.957346753758211e-05,0.0009429612692355034,185128.03145409728,174.40410719276406,2023
2023-05-20 00:00:00+00:00,26880.26,27150.0,26825.11,27102.43,14434.54718,0.45720090699581717,0.008265173030320483,0.440098670750421,0.002163561950791093,3.2453429261866396e-06,0.0036342463212400864,185800.83232136772,672.8008672704455,2023
2023-05-21 00:00:00+00:00,27102.42,27277.55,26666.03,26747.78,21347.87279,0.4784298388087027,-0.013085542514084558,0.45720090699581717,0.017102236245396196,2.5653354368094296e-05,-0.00600837526033988,184684.47119709745,-1116.3611242702755,2023
2023-05-22 00:00:00+00:00,26747.78,27099.89,26538.21,26849.27,26458.83828,0.49276785120710753,0.0037943335858154903,0.4784298388087027,0.021228931812885543,3.1843397719328317e-05,0.0017834790081288237,185013.85207460486,329.38087750741397,2023
2023-05-23 00:00:00+00:00,26849.28,27495.83,26798.11,27219.61,38700.83858,0.513218668878342,0.013793298663241194,0.49276785120710753,0.01433801239840482,2.150701859760723e-05,0.006775387124745624,186267.39254585071,1253.5404712458549,2023
2023-05-24 00:00:00+00:00,27219.61,27219.61,26080.5,26329.01,54393.0657,0.4841341528334756,-0.03271905806144915,0.513218668878342,0.020450817671234467,3.06762265068517e-05,-0.016822707651756967,183133.8706559968,-3133.5218898539024,2023
2023-05-25 00:00:00+00:00,26329.0,26631.98,25871.89,26473.79,37435.44895,0.4901514694198179,0.005498877473934849,0.4841341528334756,0.029084516044866393,4.362677406729959e-05,0.002618567613311231,183613.41907859693,479.54842260011355,2023
2023-05-26 00:00:00+00:00,26473.8,26932.16,26327.24,26705.92,35061.18713,0.522644435201123,0.008768294981564617,0.4901514694198179,0.006017316586342303,9.025974879513454e-06,0.004288766694640799,184400.89419503033,787.4751164334011,2023
2023-05-27 00:00:00+00:00,26705.93,26895.0,26551.0,26854.27,15095.6867,0.5389500392703671,0.005554948116372804,0.522644435201123,0.032492965781305116,4.8739448671957675e-05,0.0028545232721812488,184927.27083892107,526.3766438907478,2023
2023-05-28 00:00:00+00:00,26854.28,28261.32,26764.36,28065.0,43916.00855,0.5586806212655538,0.04508519501740316,0.5389500392703671,0.016305604069244084,2.4458406103866127e-05,0.024274209219037723,189416.2341015707,4488.963262649631,2023
2023-05-29 00:00:00+00:00,28065.01,28447.14,27524.6,27736.4,42385.41945,0.5365776494540259,-0.011708533760912077,0.5586806212655538,0.019730581995186736,2.9595872992780103e-05,-0.0065709267886478505,188171.5938947079,-1244.640206862794,2023
2023-05-30 00:00:00+00:00,27736.39,28038.59,27554.0,27694.4,32686.75371,0.5735635855242793,-0.0015142556351941394,0.5365776494540259,0.022102971811527983,3.3154457717291974e-05,-0.0008456701871222762,188012.4627876879,-159.13110702001723,2023
2023-05-31 00:00:00+00:00,27694.39,27835.51,26839.01,27210.35,46588.80573,0.5610078003967561,-0.017478262753480966,0.5735635855242793,0.03698593607025347,5.54789041053802e-05,-0.010080373957727387,186117.2268540747,-1895.2359336132067,2023
2023-06-01 00:00:00+00:00,27210.36,27350.0,26605.05,26817.93,39217.8088,0.573032448491086,-0.014421718206491185,0.5610078003967561,0.0125557851275232,1.88336776912848e-05,-0.008109530086656755,184607.90360325645,-1509.323250818241,2023
2023-06-02 00:00:00+00:00,26817.93,27300.0,26505.0,27242.59,36380.90269,0.5651276504039582,0.01583492834831035,0.573032448491086,0.012024648094329904,1.8036972141494855e-05,0.009055890790971695,186279.69261743777,1671.789014181326,2023
2023-06-03 00:00:00+00:00,27242.59,27333.29,26914.93,27069.22,16595.34117,0.5698539362145402,-0.006363932357385971,0.5651276504039582,0.007904798087127851,1.1857197130691777e-05,-0.0036082913375899478,185607.54121619737,-672.1514012404077,2023
2023-06-04 00:00:00+00:00,27069.22,27455.02,26951.0,27115.21,19258.41049,0.5879085616866428,0.001698977658018963,0.5698539362145402,0.004726285810581987,7.089428715872981e-06,0.000961079677246794,185785.92485200398,178.38363580661826,2023
2023-06-05 00:00:00+00:00,27115.2,27129.33,25388.0,25728.2,65805.60305,0.5120049944941653,-0.05115247125137512,0.5879085616866428,0.01805462547210268,2.7081938208154023e-05,-0.03010005773832145,180193.7577869912,-5592.167065012793,2023
2023-06-06 00:00:00+00:00,25728.2,27355.33,25351.02,27230.08,68392.60438,0.5081172540600891,0.05837485716062529,0.5120049944941653,0.0759035671924776,0.00011385535078871639,0.02977436306833492,185558.91215398867,5365.154366997478,2023
2023-06-07 00:00:00+00:00,27230.07,27391.77,26125.01,26339.34,59619.44364,0.48736566909755225,-0.0327116189155523,0.5081172540600891,0.003887740434076137,5.8316106511142054e-06,-0.01662716958988162,182473.59265269036,-3085.319501298305,2023
2023-06-08 00:00:00+00:00,26339.34,26810.0,26210.0,26498.61,31075.51083,0.4889759439242596,0.006046848554291717,0.48736566909755225,0.020751584962536873,3.112737744380531e-05,0.002915899014150144,183005.6672216148,532.0745689244359,2023
2023-06-09 00:00:00+00:00,26498.62,26783.33,26269.91,26477.81,27934.7097,0.4832390641372117,-0.000784946833060296,0.4889759439242596,0.0016102748267073363,2.4154122400610047e-06,-0.00038623553086607746,182934.98393058396,-70.68329103084398,2023
2023-06-10 00:00:00+00:00,26477.8,26533.87,25358.0,25841.21,64944.60108,0.4566444484485805,-0.024042773930321393,0.4832390641372117,0.005736879787047899,8.60531968057185e-06,-0.011627012893031632,180807.99651383655,-2126.9874167474045,2023
2023-06-11 00:00:00+00:00,25841.22,26206.88,25634.7,25925.55,30014.29595,0.45786432298176516,0.003263779056785765,0.4566444484485805,0.026594615688631196,3.9891923532946794e-05,0.0014504946637110172,181070.25754793614,262.26103409958887,2023
2023-06-12 00:00:00+00:00,25925.54,26106.48,25602.11,25905.19,29900.508929999996,0.46253386717062117,-0.0007853256729365432,0.45786432298176516,0.0012198745331846728,1.8298117997770091e-06,-0.0003614024193590665,181004.81831878435,-65.439229151787,2023
2023-06-13 00:00:00+00:00,25905.2,26433.21,25712.57,25934.25,41065.60853,0.4743377929556699,0.0011217829323004747,0.46253386717062117,0.004669544188856012,7.004316283284018e-06,0.0005118582815196537,181097.46713403577,92.64881525142118,2023
2023-06-14 00:00:00+00:00,25934.24,26098.0,24820.56,25128.6,45077.316080000004,0.4461598170030272,-0.03106509731339835,0.4743377929556699,0.011803925785048741,1.7705888677573113e-05,-0.014753055586268056,178425.72613487497,-2671.7409991608,2023
2023-06-15 00:00:00+00:00,25128.6,25759.01,24800.0,25598.49,48664.860629999996,0.4455828529652241,0.018699410233757652,0.4461598170030272,0.02817797595264271,4.2266963928964065e-05,0.008300658484028884,179906.77715228542,1481.051017410442,2023
2023-06-16 00:00:00+00:00,25598.49,26518.0,25175.56,26345.0,51596.91662,0.4345305734394871,0.029162266993092212,0.4455828529652241,0.0005769640378031071,8.654460567046607e-07,0.01299334067965891,182244.36719840456,2337.5900461191486,2023
2023-06-17 00:00:00+00:00,26345.01,26839.99,26181.0,26516.99,27842.2195,0.45750174439046926,0.006528373505409135,0.4345305734394871,0.011052279525737008,1.6578419288605513e-05,0.0028201994636439806,182758.33266502965,513.9654666250863,2023
2023-06-18 00:00:00+00:00,26516.99,26700.0,26255.85,26339.97,21538.31022,0.46671339627422476,-0.006675719981792838,0.45750174439046926,0.022971170950982167,3.4456756426473254e-05,-0.0030886102931590082,182193.86339759987,-564.4692674297839,2023
2023-06-19 00:00:00+00:00,26339.98,27068.09,26256.61,26844.35,35872.65974,0.46703685323378474,0.019148844892382,0.46671339627422476,0.0092116518837555,1.3817477825633251e-05,0.008923204956626312,183819.61658253623,1625.7531849363586,2023
2023-06-20 00:00:00+00:00,26844.35,28402.74,26652.0,28307.99,69666.95525,0.4727482071625328,0.05452320506922326,0.46703685323378474,0.00032345695955998677,4.851854393399801e-07,0.02546386093831103,188500.37373692758,4680.757154391351,2023
2023-06-21 00:00:00+00:00,28308.0,30800.0,28257.99,29993.89,108926.40412,0.45721162918534386,0.0595556236949355,0.4727482071625328,0.005711353928748053,8.56703089312208e-06,0.02814624729733409,193805.95187176706,5305.578134839481,2023
2023-06-22 00:00:00+00:00,29993.89,30500.0,29525.61,29884.92,59054.5646,0.4516182214058686,-0.003633073269255882,0.45721162918534386,0.015536577977188937,2.3304866965783407e-05,-0.0016843882153519888,193479.50741036917,-326.4444613978849,2023
2023-06-23 00:00:00+00:00,29884.92,31431.94,29800.0,30688.5,73931.89635,0.4381742361295823,0.026889146766998273,0.4516182214058686,0.005593407779475257,8.390111669212886e-06,0.012135238526363909,195827.4273827574,2347.9199723882193,2023
2023-06-24 00:00:00+00:00,30688.51,30800.0,30250.0,30527.43,30513.30135,0.434965194894846,-0.005248545872232224,0.4381742361295823,0.013443985276286319,2.016597791442948e-05,-0.0023199435562708567,195373.11880445966,-454.3085782977287,2023
2023-06-25 00:00:00+00:00,30527.44,31046.01,30277.49,30462.66,30223.44801,0.45408350573027434,-0.002121698420076701,0.434965194894846,0.0032090412347363095,4.813561852104465e-06,-0.0009276785286488535,195191.8753570696,-181.24344739006483,2023
2023-06-26 00:00:00+00:00,30462.67,30666.0,29930.0,30267.99,45180.41489,0.48008212141870327,-0.0063904465335593574,0.45408350573027434,0.019118310835428365,2.8677466253142547e-05,-0.0029304738313936547,194619.87067423508,-572.0046828345221,2023
2023-06-27 00:00:00+00:00,30267.99,30994.97,30226.17,30692.44,42699.64157,0.49937310370367954,0.014023065291087988,0.48008212141870327,0.025998615688428928,3.899792353264339e-05,0.006693225010205864,195922.5052601149,1302.6345858798304,2023
2023-06-28 00:00:00+00:00,30692.44,30709.74,29858.8,30077.41,40463.51937,0.48308608068970726,-0.020038485047132126,0.49937310370367954,0.019290982284976277,2.8936473427464416e-05,-0.010035616944933608,193956.30204643263,-1966.2032136822818,2023
2023-06-29 00:00:00+00:00,30077.4,30843.98,30049.98,30447.31,36330.629030000004,0.4821091887334442,0.012298266373334643,0.48308608068970726,0.01628702301397228,2.443053452095842e-05,0.0059166907670512945,195103.88150796219,1147.57946152956,2023
2023-06-30 00:00:00+00:00,30447.31,31282.0,29500.0,30472.0,89419.07618,0.4681920515567189,0.0008109090753829484,0.4821091887334442,0.0009768919562630485,1.4653379343945727e-06,0.00038948137853506604,195179.87083668943,75.98932872724254,2023
2023-07-01 00:00:00+00:00,30471.99,30661.6,30320.57,30585.9,17501.75075,0.4753173010675604,0.003737857705434555,0.4681920515567189,0.013917137176725325,2.087570576508799e-05,0.0017291595617694062,195517.36797661163,337.4971399221977,2023
2023-07-02 00:00:00+00:00,30585.9,30791.0,30155.0,30617.03,23286.41019,0.47272201322273727,0.00101778924275564,0.4753173010675604,0.007125249510841536,1.0687874266262303e-05,0.0004730849616559446,195609.8643031439,92.49632653227309,2023
2023-07-03 00:00:00+00:00,30617.02,31380.0,30570.27,31156.2,43761.64311,0.4789489495983101,0.017610133967925767,0.47272201322273727,0.0025952878448231576,3.892931767234737e-06,0.008320805050672744,197237.4958499989,1627.631546855002,2023
2023-07-04 00:00:00+00:00,31156.2,31350.69,30620.0,30766.51,33206.11943,0.48596411226386055,-0.012507622880839175,0.4789489495983101,0.006226936375572811,9.340404563359217e-06,-0.005999853245313071,196054.09982042588,-1183.3960295730212,2023
2023-07-05 00:00:00+00:00,30766.52,30878.07,30200.0,30504.81,33215.671220000004,0.48873622506578474,-0.008506002143239377,0.48596411226386055,0.007015162665550467,1.0522743998325701e-05,-0.004144134524452145,195241.62525669966,-812.474563726224,2023
2023-07-06 00:00:00+00:00,30504.8,31500.0,29850.45,29895.43,71319.6261,0.4715844992384206,-0.019976521735424746,0.48873622506578474,0.002772112801924187,4.15816920288628e-06,-0.009767407992118976,193334.62064577307,-1907.0046109265822,2023
2023-07-07 00:00:00+00:00,29895.42,30449.0,29701.02,30344.7,34070.53895,0.47654143471673477,0.015028049437656454,0.4715844992384206,0.017151725827364128,2.5727588741046193e-05,0.007061267579846401,194699.808134601,1365.1874888279126,2023
2023-07-08 00:00:00+00:00,30344.7,30386.81,30044.47,30284.63,13094.59042,0.47803174058154596,-0.001979587868721766,0.47654143471673477,0.004956935478314162,7.435403217471243e-06,-0.0009507910463259848,194514.6893003052,-185.11883429577574,2023
2023-07-09 00:00:00+00:00,30284.63,30445.52,30061.12,30160.71,15388.50196,0.48651903201547947,-0.004091844608965056,0.47803174058154596,0.0014903058648111922,2.2354587972167883e-06,-0.0019582670594099983,194133.77759167706,-380.9117086281476,2023
2023-07-10 00:00:00+00:00,30160.71,31045.78,29950.0,30411.57,41262.87652,0.5076432261915419,0.008317443455409412,0.48651903201547947,0.008487291433933508,1.2730937150900263e-05,0.004033863601618372,194916.8867709488,783.1091792717343,2023
2023-07-11 00:00:00+00:00,30411.57,30813.63,30300.0,30622.1,28476.83311,0.5729253028883283,0.006922694224599457,0.5076432261915419,0.021124194176062427,3.168629126409364e-05,0.0034825725388491296,195595.6989681753,678.8121972265071,2023
2023-07-12 00:00:00+00:00,30622.1,30983.25,30210.0,30380.0,38108.99669,0.5752892741766886,-0.007906054777431892,0.5729253028883283,0.06528207669678643,9.792311504517965e-05,-0.004627501943057062,194690.57949114646,-905.1194770288421,2023
2023-07-13 00:00:00+00:00,30380.0,31804.2,30251.0,31454.23,70772.51836,0.5984727815184299,0.03535977616853181,0.5752892741766886,0.0023639712883603003,3.5459569325404507e-06,0.020338554010112295,198650.30435738718,3959.724866240722,2023
2023-07-14 00:00:00+00:00,31454.23,31630.0,29900.0,30312.01,60749.48424,0.5382600446047882,-0.036313716787853334,0.5984727815184299,0.02318350734174124,3.477526101261186e-05,-0.0217675463543117,194326.17464898966,-4324.129708397522,2023
2023-07-15 00:00:00+00:00,30312.0,30390.9,30200.0,30289.52,14118.55329,0.5560202465041706,-0.0007419501379155591,0.5382600446047882,0.06021273691364171,9.031910537046256e-05,-0.0004896812196994201,194231.016770768,-95.15787822165294,2023
2023-07-16 00:00:00+00:00,30289.52,30441.46,30064.29,30231.99,15760.1281,0.5668533836974367,-0.0018993368003190625,0.5560202465041706,0.017760201899382433,2.664030284907365e-05,-0.0010827100187569213,194020.72090295696,-210.29586781104445,2023
2023-07-17 00:00:00+00:00,30232.0,30336.96,29659.2,30138.0,30882.76839,0.5681793415830744,-0.0031089584245033164,0.5668533836974367,0.010833137193266063,1.6249705789899093e-05,-0.0017785733084942556,193675.64082746414,-345.08007549282047,2023
2023-07-18 00:00:00+00:00,30138.01,30239.78,29512.0,29859.13,30003.860099999998,0.5671147456912489,-0.009253102395646695,0.5681793415830744,0.0013259578856377185,1.9889368284565778e-06,-0.005259410563587764,192657.02111618654,-1018.619711277599,2023
2023-07-19 00:00:00+00:00,29859.14,30189.09,29761.96,29909.21,25657.361370000002,0.5809556555640153,0.0016772089474810237,0.5671147456912489,0.0010645958918255038,1.5968938377382558e-06,0.0009495730318840497,192839.9630278416,182.94191165504162,2023
2023-07-20 00:00:00+00:00,29909.21,30417.46,29570.96,29800.0,37540.681930000006,0.6143824143621481,-0.003651383637347849,0.5809556555640153,0.013840909872766427,2.076136480914964e-05,-0.002142053339560288,192426.88954103712,-413.0734868044674,2023
2023-07-21 00:00:00+00:00,29800.0,30061.7,29726.34,29901.72,23881.408649999998,0.6167091133349718,0.003413422818792089,0.6143824143621481,0.03342675879813284,5.014013819719926e-05,0.002047006814451134,192820.78869521123,393.8991541741125,2023
2023-07-22 00:00:00+00:00,29901.72,29999.0,29625.1,29794.0,14660.40467,0.6252496077406461,-0.0036024683529910506,0.6167091133349718,0.002326698972823671,3.4900484592355063e-06,-0.0022251651122496426,192391.7306032902,-429.05809192103334,2023
2023-07-23 00:00:00+00:00,29793.99,30350.0,29730.0,30083.75,18292.78637,0.6394371085117891,0.009725112438746075,0.6252496077406461,0.008540494405674282,1.2810741608511422e-05,0.00606781199595115,193559.12745416665,1167.396850876452,2023
2023-07-24 00:00:00+00:00,30083.75,30099.58,28861.9,29176.5,39628.99691,0.5995798328841465,-0.03015747704325422,0.6394371085117891,0.014187500771143058,2.128125115671459e-05,-0.019305091171705854,189822.45085154814,-3736.676602618507,2023
2023-07-25 00:00:00+00:00,29176.5,29376.0,29047.65,29228.91,21565.747799999997,0.6147241305394882,0.001796308673075897,0.5995798328841465,0.03985727562764263,5.9785913441463945e-05,0.0010172445405697255,190015.54670335443,193.09585180628346,2023
2023-07-26 00:00:00+00:00,29228.91,29690.0,29096.94,29351.96,33931.63366,0.6643123299402233,0.0042098730332400525,0.6147241305394882,0.015144297655341643,2.2716446483012465e-05,0.0025651940935571167,190502.97346144193,487.4267580875021,2023
2023-07-27 00:00:00+00:00,29351.95,29567.49,29083.85,29222.78,22476.476260000003,0.6742327285864211,-0.004401068957575638,0.6643123299402233,0.04958819940073511,7.438229910110267e-05,-0.0029980666725357642,189931.8328456882,-571.1406157537422,2023
2023-07-28 00:00:00+00:00,29222.78,29542.22,29123.12,29314.14,23993.61627,0.6725479605784969,0.003126328159059444,0.6742327285864211,0.00992039864619787,1.4880597969296805e-05,0.0020929921671699147,190329.35868413045,397.5258384422632,2023
2023-07-29 00:00:00+00:00,29314.14,29406.92,29256.18,29352.9,10851.36844,0.6851322180374754,0.0013222287947045608,0.6725479605784969,0.0016847680079242755,2.5271520118864134e-06,0.00088673512728483,190498.13041222925,168.77172809879994,2023
2023-07-30 00:00:00+00:00,29352.9,29449.0,29033.24,29281.09,15706.97441,0.71983707057899,-0.0024464362976061027,0.6851322180374754,0.01258425745897851,1.8876386188467764e-05,-0.0016950087130547262,190175.23442135987,-322.8959908693796,2023
2023-07-31 00:00:00+00:00,29281.09,29530.0,29101.8,29232.25,22605.48964,0.7234745140606756,-0.0016679706937139382,0.71983707057899,0.034704852541514675,5.2057278812272016e-05,-0.0012527244167869192,189936.9972617321,-238.23715962778078,2023
2023-08-01 00:00:00+00:00,29232.26,29739.25,28585.7,29705.99,44719.651620000004,0.7138066200146748,0.01620607377126304,0.7234745140606756,0.0036374434816855983,5.456165222528398e-06,0.011719225181273461,192162.91170289723,2225.914441165136,2023
2023-08-02 00:00:00+00:00,29705.99,30047.5,28927.5,29186.01,48181.65141,0.7253539726234726,-0.01750421379661149,0.7138066200146748,0.00966789404600088,1.4501841069001321e-05,-0.012509125527242487,189759.12171872528,-2403.789984171948,2023
2023-08-03 00:00:00+00:00,29186.0,29433.33,28968.0,29193.64,26476.91994,0.8062312960700478,0.00026142662186434684,0.7253539726234726,0.0115473526087978,1.7321028913196702e-05,0.00017230580980564166,189791.81831786103,32.696599135757424,2023
2023-08-04 00:00:00+00:00,29193.65,29333.08,28807.54,29113.99,23551.95217,0.7810478158664467,-0.002728333979592712,0.8062312960700478,0.08087732344657528,0.00012131598516986292,-0.0023209842256488467,189351.31450138806,-440.50381647297763,2023
2023-08-05 00:00:00+00:00,29114.0,29152.23,28978.64,29072.13,11645.52018,0.793727967089506,-0.0014377967430778682,0.7810478158664467,0.025183480203601172,3.777522030540176e-05,-0.0011607632261462614,189131.5224586924,-219.79204269565525,2023
2023-08-06 00:00:00+00:00,29072.13,29205.09,28991.88,29088.42,13178.197199999999,0.8275953387360664,0.0005603304608226001,0.793727967089506,0.012680151223059322,1.9020226834588982e-05,0.0004257297307324594,189212.04137082174,80.51891212933697,2023
2023-08-07 00:00:00+00:00,29088.43,29276.78,28701.03,29211.06,30966.87746,0.8426907877570846,0.004216110740975276,0.8275953387360664,0.033867371646560396,5.08010574698406e-05,0.003438432539356361,189862.63421070925,650.5928398875112,2023
2023-08-08 00:00:00+00:00,29211.06,30244.0,29146.45,29770.42,45700.53392,0.8090061191743124,0.019148911405474367,0.8426907877570846,0.015095449021018226,2.264317353152734e-05,0.01611396806343829,192922.07463482086,3059.4404241116135,2023
2023-08-09 00:00:00+00:00,29770.41,30160.0,29376.67,29581.99,38003.88725,0.8083037876855966,-0.006329437072100319,0.8090061191743124,0.03368466858277219,5.052700287415829e-05,-0.00517108032513206,191924.4590903931,-997.6155444277683,2023
2023-08-10 00:00:00+00:00,29581.99,29738.0,29320.2,29455.75,23463.45373,0.7991225462075251,-0.0042674613844437825,0.8083037876855966,0.0007023314887157905,1.053497233073686e-06,-0.003450458698081003,191262.23167115016,-662.2274192429322,2023
2023-08-11 00:00:00+00:00,29455.76,29564.52,29252.45,29426.03,20637.0443,0.802603107394262,-0.0010089710837443144,0.7991225462075251,0.009181241478071533,1.3771862217107301e-05,-0.0008200634037086299,191105.384514445,-156.84715670516016,2023
2023-08-12 00:00:00+00:00,29426.02,29481.35,29381.56,29430.17,8971.48068,0.8406985070400049,0.0001406917616817438,0.802603107394262,0.003480561186736897,5.220841780105345e-06,0.00010769880333043518,191125.9663356672,20.58182122220751,2023
2023-08-13 00:00:00+00:00,29430.18,29474.65,29272.32,29303.84,11101.70947,0.9241173816891181,-0.004292533818187172,0.8406985070400049,0.03809539964574293,5.71430994686144e-05,-0.0036658698718373016,190425.3234139515,-700.6429217157129,2023
2023-08-14 00:00:00+00:00,29303.85,29695.32,29102.45,29430.93,31443.11532,0.9041105186772841,0.004336974266853755,0.9241173816891181,0.08341887464911313,0.0001251283119736697,0.0038827449919643046,191164.6963847802,739.3729708286992,2023
2023-08-15 00:00:00+00:00,29430.92,29499.26,29059.6,29200.0,27503.87691,0.9106812465955706,-0.007846507059070196,0.9041105186772841,0.020006863011833964,3.0010294517750945e-05,-0.007124119861498677,189802.81617444803,-1361.880210332165,2023
2023-08-16 00:00:00+00:00,29200.01,29259.85,28723.08,28730.51,32996.69854,0.8913360886590675,-0.016078424657534285,0.9106812465955706,0.006570727918286501,9.856091877429752e-06,-0.014652175902293714,187021.7919251093,-2781.0242493387195,2023
2023-08-17 00:00:00+00:00,28730.51,28783.48,25166.0,26623.41,100271.54033,0.0,-0.07334015302895769,0.8913360886590675,0.019345157936503043,2.9017736904754567e-05,-0.06539974287939336,174790.61482036376,-12231.177104745555,2023
2023-08-18 00:00:00+00:00,26623.41,26832.6,25619.0,26054.0,69790.65711,0.0,-0.0213875683092436,0.0,0.8913360886590675,0.0013370041329886014,-0.0013370041329886014,174556.9190459413,-233.69577442246373,2023
2023-08-19 00:00:00+00:00,26054.0,26281.0,25801.09,26100.01,26160.75343,0.0,0.001765947647194288,0.0,0.0,0.0,0.0,174556.9190459413,0.0,2023
2023-08-20 00:00:00+00:00,26100.01,26299.0,25971.05,26189.99,19056.912089999998,0.0,0.003447508257659715,0.0,0.0,0.0,0.0,174556.9190459413,0.0,2023
2023-08-21 00:00:00+00:00,26190.0,26258.42,25812.0,26126.92,30267.24233,0.0,-0.0024081719771562593,0.0,0.0,0.0,-0.0,174556.9190459413,0.0,2023
2023-08-22 00:00:00+00:00,26126.92,26139.42,25300.0,26056.0,34247.06688,0.0,-0.0027144416563451568,0.0,0.0,0.0,-0.0,174556.9190459413,0.0,2023
2023-08-23 00:00:00+00:00,26055.99,26819.27,25812.82,26432.72,44023.69978,0.0,0.014458090267116974,0.0,0.0,0.0,0.0,174556.9190459413,0.0,2023
2023-08-24 00:00:00+00:00,26432.71,26577.87,25864.0,26180.05,30205.22116,0.0,-0.009558985984038038,0.0,0.0,0.0,-0.0,174556.9190459413,0.0,2023
2023-08-25 00:00:00+00:00,26180.05,26314.05,25777.15,26060.01,27753.33772,0.0,-0.0045851707693453925,0.0,0.0,0.0,-0.0,174556.9190459413,0.0,2023
2023-08-26 00:00:00+00:00,26060.0,26125.77,25985.92,26017.37,10022.22322,0.0,-0.0016362234703670708,0.0,0.0,0.0,-0.0,174556.9190459413,0.0,2023
2023-08-27 00:00:00+00:00,26017.38,26182.23,25966.11,26101.77,12099.64216,0.0,0.003243986613558514,0.0,0.0,0.0,0.0,174556.9190459413,0.0,2023
2023-08-28 00:00:00+00:00,26101.78,26253.99,25864.5,26120.0,22692.62655,0.0,0.0006984200688304742,0.0,0.0,0.0,0.0,174556.9190459413,0.0,2023
2023-08-29 00:00:00+00:00,26120.0,28142.85,25922.0,27716.34,74251.99488,0.590147342408366,0.061115620214395205,0.0,0.0,0.0,0.0,174556.9190459413,0.0,2023
2023-08-30 00:00:00+00:00,27716.34,27768.57,27017.24,27299.99,35448.258480000004,0.0,-0.015021824670934159,0.590147342408366,0.590147342408366,0.000885221013612549,-0.009750310921288769,172854.93481178116,-1701.9842341601325,2023
2023-08-31 00:00:00+00:00,27299.99,27587.51,25655.01,25940.78,51032.80401,0.0,-0.04978793032524931,0.0,0.590147342408366,0.000885221013612549,-0.000885221013612549,172701.91999117914,-153.01482060202397,2023
2023-09-01 00:00:00+00:00,25940.77,26156.0,25333.75,25805.05,41032.150559999995,0.0,-0.005232302189833948,0.0,0.0,0.0,-0.0,172701.91999117914,0.0,2023
2023-09-02 00:00:00+00:00,25805.04,25987.5,25752.47,25869.51,16250.776979999999,0.0,0.002497960670488908,0.0,0.0,0.0,0.0,172701.91999117914,0.0,2023
2023-09-03 00:00:00+00:00,25869.52,26135.0,25800.0,25971.21,17474.47667,0.0,0.003931268895313478,0.0,0.0,0.0,0.0,172701.91999117914,0.0,2023
2023-09-04 00:00:00+00:00,25971.21,26108.02,25631.21,25826.02,21777.59609,0.0,-0.005590421085501895,0.0,0.0,0.0,-0.0,172701.91999117914,0.0,2023
2023-09-05 00:00:00+00:00,25826.03,25915.49,25562.62,25792.1,21323.393369999998,0.0,-0.0013134040785224288,0.0,0.0,0.0,-0.0,172701.91999117914,0.0,2023
2023-09-06 00:00:00+00:00,25792.11,26040.0,25372.51,25759.95,27262.52386,0.0,-0.0012465057129895651,0.0,0.0,0.0,-0.0,172701.91999117914,0.0,2023
2023-09-07 00:00:00+00:00,25759.95,26443.14,25615.38,26255.0,27687.49567,0.0,0.01921781680476853,0.0,0.0,0.0,0.0,172701.91999117914,0.0,2023
2023-09-08 00:00:00+00:00,26255.0,26445.5,25647.26,25910.5,28999.76471,0.0,-0.01312131022662355,0.0,0.0,0.0,-0.0,172701.91999117914,0.0,2023
2023-09-09 00:00:00+00:00,25910.5,25945.09,25796.64,25901.61,10980.62277,0.0,-0.0003431041469674767,0.0,0.0,0.0,-0.0,172701.91999117914,0.0,2023
2023-09-10 00:00:00+00:00,25901.6,26033.66,25570.57,25841.61,18738.26914,0.0,-0.002316458320544501,0.0,0.0,0.0,-0.0,172701.91999117914,0.0,2023
2023-09-11 00:00:00+00:00,25841.6,25900.69,24901.0,25162.52,41682.32,0.0,-0.026278935406888304,0.0,0.0,0.0,-0.0,172701.91999117914,0.0,2023
2023-09-12 00:00:00+00:00,25162.53,26567.0,25131.48,25840.1,56434.38537,0.0,0.026928145511657675,0.0,0.0,0.0,0.0,172701.91999117914,0.0,2023
2023-09-13 00:00:00+00:00,25840.1,26405.22,25764.17,26222.0,31610.82753,0.0,0.01477935456906132,0.0,0.0,0.0,0.0,172701.91999117914,0.0,2023
2023-09-14 00:00:00+00:00,26222.0,26860.49,26126.77,26522.73,38333.1725,0.0,0.011468614140797806,0.0,0.0,0.0,0.0,172701.91999117914,0.0,2023
2023-09-15 00:00:00+00:00,26522.73,26888.0,26224.0,26600.0,26227.29369,0.0,0.0029133501717206745,0.0,0.0,0.0,0.0,172701.91999117914,0.0,2023
2023-09-16 00:00:00+00:00,26599.99,26777.0,26445.0,26559.67,13960.933509999999,0.0,-0.001516165413533943,0.0,0.0,0.0,-0.0,172701.91999117914,0.0,2023
2023-09-17 00:00:00+00:00,26559.67,26623.25,26399.0,26527.51,12998.10277,0.0,-0.0012108584180451354,0.0,0.0,0.0,-0.0,172701.91999117914,0.0,2023
2023-09-18 00:00:00+00:00,26527.5,27409.0,26377.35,26762.51,43000.43256,0.0,0.00885872816559119,0.0,0.0,0.0,0.0,172701.91999117914,0.0,2023
2023-09-19 00:00:00+00:00,26762.5,27483.57,26667.79,27210.26,36190.521870000004,0.0,0.016730493514995448,0.0,0.0,0.0,0.0,172701.91999117914,0.0,2023
2023-09-20 00:00:00+00:00,27210.25,27388.63,26800.0,27125.0,34207.21867,0.0,-0.0031333768953327734,0.0,0.0,0.0,-0.0,172701.91999117914,0.0,2023
2023-09-21 00:00:00+00:00,27125.01,27159.6,26377.7,26568.08,34476.82662,0.0,-0.020531612903225693,0.0,0.0,0.0,-0.0,172701.91999117914,0.0,2023
2023-09-22 00:00:00+00:00,26568.08,26743.38,26468.77,26580.14,18198.2292,0.0,0.00045392817245337724,0.0,0.0,0.0,0.0,172701.91999117914,0.0,2023
2023-09-23 00:00:00+00:00,26580.14,26632.81,26509.0,26575.96,9440.7026,0.0,-0.00015726027026197187,0.0,0.0,0.0,-0.0,172701.91999117914,0.0,2023
2023-09-24 00:00:00+00:00,26575.97,26738.54,26122.08,26248.38,15706.657710000001,0.0,-0.012326177492741452,0.0,0.0,0.0,-0.0,172701.91999117914,0.0,2023
2023-09-25 00:00:00+00:00,26248.39,26446.15,25990.46,26304.81,26266.2039,0.0,0.0021498469619840588,0.0,0.0,0.0,0.0,172701.91999117914,0.0,2023
2023-09-26 00:00:00+00:00,26304.8,26397.46,26088.34,26221.67,18495.35066,0.0,-0.0031606386816709353,0.0,0.0,0.0,-0.0,172701.91999117914,0.0,2023
2023-09-27 00:00:00+00:00,26221.68,26850.0,26112.06,26372.99,34771.57978,0.0,0.005770799495226742,0.0,0.0,0.0,0.0,172701.91999117914,0.0,2023
2023-09-28 00:00:00+00:00,26373.0,27308.48,26342.4,27021.39,44517.83491,0.0,0.024585759900564774,0.0,0.0,0.0,0.0,172701.91999117914,0.0,2023
2023-09-29 00:00:00+00:00,27021.39,27244.89,26665.16,26906.96,28478.76219,0.0,-0.004234793250828317,0.0,0.0,0.0,-0.0,172701.91999117914,0.0,2023
2023-09-30 00:00:00+00:00,26906.96,27094.99,26886.31,26962.56,12804.623070000001,0.0,0.002066379851161315,0.0,0.0,0.0,0.0,172701.91999117914,0.0,2023
2023-10-01 00:00:00+00:00,26962.57,28065.51,26954.09,27992.57,24602.81468,0.0,0.03820149125305594,0.0,0.0,0.0,0.0,172701.91999117914,0.0,2023
2023-10-02 00:00:00+00:00,27992.58,28580.0,27281.44,27494.51,57071.14241,0.0,-0.017792578530660186,0.0,0.0,0.0,-0.0,172701.91999117914,0.0,2023
2023-10-03 00:00:00+00:00,27494.51,27676.52,27160.5,27426.46,28928.96555,0.0,-0.0024750395624435484,0.0,0.0,0.0,-0.0,172701.91999117914,0.0,2023
2023-10-04 00:00:00+00:00,27426.45,27839.72,27202.0,27778.57,29816.142,0.0,0.012838332034101452,0.0,0.0,0.0,0.0,172701.91999117914,0.0,2023
2023-10-05 00:00:00+00:00,27778.57,28120.39,27352.0,27410.39,30681.496189999998,0.0,-0.013254101993011136,0.0,0.0,0.0,-0.0,172701.91999117914,0.0,2023
2023-10-06 00:00:00+00:00,27410.39,28295.0,27175.94,27931.09,37983.24277,0.0,0.01899644623808716,0.0,0.0,0.0,0.0,172701.91999117914,0.0,2023
2023-10-07 00:00:00+00:00,27931.1,28029.67,27842.08,27956.67,13348.838249999999,0.0,0.0009158253401495564,0.0,0.0,0.0,0.0,172701.91999117914,0.0,2023
2023-10-08 00:00:00+00:00,27956.67,28095.14,27687.5,27917.05,19693.56921,0.0,-0.0014171931063320375,0.0,0.0,0.0,-0.0,172701.91999117914,0.0,2023
2023-10-09 00:00:00+00:00,27917.06,27987.93,27260.0,27590.12,31534.74639,0.0,-0.01171076456860598,0.0,0.0,0.0,-0.0,172701.91999117914,0.0,2023
2023-10-10 00:00:00+00:00,27590.12,27735.0,27298.0,27390.12,22776.843829999998,0.0,-0.007248971733359588,0.0,0.0,0.0,-0.0,172701.91999117914,0.0,2023
2023-10-11 00:00:00+00:00,27390.12,27477.39,26538.66,26875.52,37349.44706,0.0,-0.018787796475517426,0.0,0.0,0.0,-0.0,172701.91999117914,0.0,2023
2023-10-12 00:00:00+00:00,26875.52,26947.04,26555.0,26759.63,23428.64112,0.0,-0.004312102612340163,0.0,0.0,0.0,-0.0,172701.91999117914,0.0,2023
2023-10-13 00:00:00+00:00,26759.63,27130.0,26685.0,26862.0,24115.76499,0.0,0.0038255386939205493,0.0,0.0,0.0,0.0,172701.91999117914,0.0,2023
2023-10-14 00:00:00+00:00,26862.0,26989.58,26789.0,26852.48,10417.25576,0.0,-0.00035440399076769324,0.0,0.0,0.0,-0.0,172701.91999117914,0.0,2023
2023-10-15 00:00:00+00:00,26852.48,27293.33,26808.25,27154.15,15274.6917,0.0,0.011234344090378379,0.0,0.0,0.0,0.0,172701.91999117914,0.0,2023
2023-10-16 00:00:00+00:00,27154.14,30000.0,27112.66,28500.78,78399.22445000001,0.5946371831637889,0.04959205130707445,0.0,0.0,0.0,0.0,172701.91999117914,0.0,2023
2023-10-17 00:00:00+00:00,28500.77,28613.65,28069.32,28395.91,38428.44532,0.6001687308789067,-0.003679548419376566,0.5946371831637889,0.5946371831637889,0.0008919557747456833,-0.003079952082158536,172170.00635310955,-531.9136380695854,2023
2023-10-18 00:00:00+00:00,28395.91,28982.36,28142.87,28320.0,32162.47591,0.6037075800401503,-0.00267327231280845,0.6001687308789067,0.005531547715117768,8.297321572676653e-06,-0.0016127117728446437,171892.34575693315,-277.66059617639985,2023
2023-10-19 00:00:00+00:00,28320.0,28916.89,28100.66,28713.71,35895.501789999995,0.6024295574330595,0.013902189265536657,0.6037075800401503,0.0035388491612436956,5.308273741865543e-06,0.008387548765015426,173334.1011893023,1441.7554323691584,2023
2023-10-20 00:00:00+00:00,28713.71,30207.55,28578.29,29669.04,59422.099200000004,0.5685190118357873,0.0332708660775638,0.6024295574330595,0.0012780226070908673,1.917033910636301e-06,0.020041436092610717,176807.9655009578,3473.8643116554886,2023
2023-10-21 00:00:00+00:00,29669.05,30379.99,29464.77,29909.8,27517.518969999997,0.5800766434779305,0.00811485642946308,0.5685190118357873,0.033910545597272135,5.0865818395908207e-05,0.0045625843400717275,177614.6667555524,806.7012545946054,2023
2023-10-22 00:00:00+00:00,29909.8,30248.0,29640.0,29992.46,22852.54563,0.6075904852910983,0.002763642685674972,0.5800766434779305,0.011557631642143185,1.7336447463214778e-05,0.001585788125415456,177896.325984993,281.6592294405855,2023
2023-10-23 00:00:00+00:00,29992.46,34741.91,29883.6,33069.99,93513.64246,0.5233462198168137,0.10261012267749958,0.6075904852910983,0.02751384181316774,4.127076271975161e-05,0.06230366347068135,188979.9188118326,11083.592826839624,2023
2023-10-24 00:00:00+00:00,33069.99,35280.0,32832.34,33922.73,115265.02418,0.49197137277792474,0.02578591647593509,0.5233462198168137,0.08424426547428454,0.00012636639821142682,0.013368595513981297,191506.314906693,2526.3960948603926,2023
2023-10-25 00:00:00+00:00,33922.73,35132.85,33679.05,34496.05,54887.02529,0.4849370658537056,0.0169007624091575,0.49197137277792474,0.03137484703888899,4.706227055833348e-05,0.008267629012868429,193089.6180719631,1583.303165270103,2023
2023-10-26 00:00:00+00:00,34496.05,34824.13,33751.0,34151.66,39744.66255,0.4810847902384449,-0.009983461874620403,0.4849370658537056,0.007034306924219136,1.0551460386328704e-05,-0.004851902168927082,192152.76613524245,-936.8519367206609,2023
2023-10-27 00:00:00+00:00,34151.66,34245.0,33390.95,33892.02,32330.40106,0.4635695254674519,-0.007602558704320916,0.4810847902384449,0.003852275615260692,5.778413422891038e-06,-0.0036632537729665827,191448.86178971158,-703.9043455308711,2023
2023-10-28 00:00:00+00:00,33892.01,34493.33,33860.0,34081.0,16880.13144,0.4616169670846642,0.005575943835746777,0.4635695254674519,0.017515264770993022,2.6272897156489532e-05,0.0025585647408138076,191938.69609715563,489.83430744404905,2023
2023-10-29 00:00:00+00:00,34081.01,34750.11,33930.0,34525.89,20685.521760000003,0.4657910760799226,0.013053901000557477,0.4616169670846642,0.0019525583827876836,2.9288375741815255e-06,0.0060229733509266255,193094.73774876044,1156.0416516048135,2023
2023-10-30 00:00:00+00:00,34525.88,34856.0,34062.84,34474.73,33657.95976,0.4580921412280215,-0.0014817865665446295,0.4657910760799226,0.004174108995258385,6.261163492887578e-06,-0.0006964641228444843,192960.25419160834,-134.48355715209618,2023
2023-10-31 00:00:00+00:00,34474.74,34720.49,34025.0,34639.77,32737.898220000003,0.46507147539710514,0.004787274621149917,0.4580921412280215,0.007698934851901096,1.1548402277851643e-05,0.002181464479571279,193381.19013209635,420.9359404880088,2023
2023-11-01 00:00:00+00:00,34639.78,35582.0,34097.39,35421.43,53473.28165,0.4543445727246246,0.022565392322177802,0.46507147539710514,0.00697933416908364,1.046900125362546e-05,0.010484051298936115,195408.6084496906,2027.4183175942453,2023
2023-11-02 00:00:00+00:00,35421.43,35984.99,34300.0,34941.59,48015.57732,0.4265855209168415,-0.013546601591183705,0.4543445727246246,0.010726902672480554,1.609035400872083e-05,-0.0061709152658258005,194202.75848473463,-1205.8499649559672,2023
2023-11-03 00:00:00+00:00,34941.58,34946.5,34120.0,34716.78,39071.20644,0.4137730042053323,-0.006433880083877019,0.4265855209168415,0.027759051807783097,4.1638577711674645e-05,-0.0027862386648088446,193661.66325023194,-541.095234502689,2023
2023-11-04 00:00:00+00:00,34716.78,35255.0,34585.18,35062.07,18377.55545,0.41497894383041417,0.009945910882288134,0.4137730042053323,0.012812516711509181,1.9218775067263772e-05,0.0040961306502556045,194454.92672485067,793.263474618725,2023
2023-11-05 00:00:00+00:00,35062.06,35380.0,34448.0,35011.88,24528.73376,0.44734993851030697,-0.0014314614054447006,0.41497894383041417,0.0012059396250818644,1.8089094376227966e-06,-0.000595835251603065,194339.0636246601,-115.86310019055963,2023
2023-11-06 00:00:00+00:00,35011.89,35276.33,34725.9,35046.09,22346.47086,0.4476759410512335,0.00097709691681791,0.44734993851030697,0.032370994679892795,4.855649201983919e-05,0.00038854775363726337,194414.57363127545,75.51000661533908,2023
2023-11-07 00:00:00+00:00,35046.09,35888.0,34523.06,35399.12,38688.736919999996,0.4427235091810219,0.010073306323187703,0.4476759410512335,0.0003260025409265177,4.890038113897766e-07,0.004509087883919006,195291.20602969348,876.6323984180344,2023
2023-11-08 00:00:00+00:00,35399.13,36106.0,35100.0,35624.72,33401.341369999995,0.44220317097147555,0.006373039781779832,0.4427235091810219,0.004952431870211604,7.428647805317407e-06,0.002814065888534504,195840.7683509124,549.5623212189239,2023
2023-11-09 00:00:00+00:00,35624.72,37972.24,35534.05,36701.09,82537.88884999999,0.44144970783630466,0.030214132209319677,0.44220317097147555,0.0005203382095463338,7.805073143195008e-07,0.013360004563798236,198457.20190985833,2616.4335589459224,2023
2023-11-10 00:00:00+00:00,36701.1,37526.0,36324.71,37301.63,43414.04898,0.44381056297061056,0.016363001752808914,0.44144970783630466,0.0007534631351708843,1.1301947027563264e-06,0.0072223121483996795,199890.5217701493,1433.3198602909688,2023
2023-11-11 00:00:00+00:00,37301.63,37408.26,36666.93,37130.0,22984.97235,0.4395482909534489,-0.004601139414014854,0.44381056297061056,0.0023608551343058948,3.541282701458842e-06,-0.0020455755563416563,199481.6306048719,-408.8911652773968,2023
2023-11-12 00:00:00+00:00,37129.99,37222.22,36731.1,37064.13,17687.188739999998,0.5252313712103929,-0.0017740371667116506,0.4395482909534489,0.004262272017161672,6.3934080257425085e-06,-0.0007861684127417472,199324.80444796814,-156.82615690375678,2023
2023-11-13 00:00:00+00:00,37064.13,37417.99,36333.0,36462.93,32798.18252,0.5505643421233537,-0.016220534516795504,0.5252313712103929,0.08568308025694399,0.00012852462038541598,-0.008648058206407426,197601.03193712133,-1723.7725108468148,2023
2023-11-14 00:00:00+00:00,36462.93,36744.0,34800.0,35551.19,45503.684160000004,0.5244377032003593,-0.025004573137704433,0.5505643421233537,0.025332970912960828,3.799945636944124e-05,-0.013804625816004964,194873.22363037293,-2727.8083067483967,2023
2023-11-15 00:00:00+00:00,35551.2,37980.0,35360.0,37858.2,53569.13385,0.520640668395908,0.06489262384747163,0.5244377032003593,0.026126638922994383,3.918995838449157e-05,0.03399294864682839,201497.5391138821,6624.315483509185,2023
2023-11-16 00:00:00+00:00,37858.2,37929.54,35500.0,36163.51,47490.395659999995,0.46523767791769294,-0.044764146208747246,0.520640668395908,0.0037970348044513713,5.695552206677057e-06,-0.02331173055450099,196800.28277466426,-4697.256339217856,2023
2023-11-17 00:00:00+00:00,36163.51,36800.0,35861.1,36613.92,38283.61112,0.46520897523982346,0.012454819789339933,0.46523767791769294,0.05540299047821501,8.310448571732252e-05,0.005711346951958517,197924.27746983393,1123.9946951696766,2023
2023-11-18 00:00:00+00:00,36613.91,36845.49,36178.58,36568.1,17102.241860000002,0.4675245410376607,-0.0012514366120863762,0.46520897523982346,2.8702677869474336e-05,4.30540168042115e-08,-0.0005822225979031037,197809.04148281735,-115.23598701658193,2023
2023-11-19 00:00:00+00:00,36568.11,37500.0,36384.02,37359.86,21246.34648,0.4714514621139097,0.021651658139197894,0.4675245410376607,0.00231556579783726,3.4733486967558904e-06,0.01011920818553607,199810.71235456332,2001.6708717459696,2023
2023-11-20 00:00:00+00:00,37359.85,37750.0,36677.0,37448.78,36022.70291,0.46551223154234217,0.0023800945720888755,0.4714514621139097,0.003926921076248979,5.890381614373469e-06,0.0011162086843663072,200033.74280692294,223.03045235961326,2023
2023-11-21 00:00:00+00:00,37448.79,37649.44,35735.0,35741.65,47646.548039999994,0.436859155749213,-0.04558573069670091,0.46551223154234217,0.005939230571567533,8.9088458573513e-06,-0.02122962406896684,195787.10164602354,-4246.641160899395,2023
2023-11-22 00:00:00+00:00,35741.65,37861.1,35632.01,37408.34,45051.30697,0.44774912699684993,0.046631590875071405,0.436859155749213,0.028653075793129146,4.297961368969372e-05,0.020328457807236706,199767.1514810359,3980.0498350123526,2023
2023-11-23 00:00:00+00:00,37408.35,37653.44,36870.0,37294.28,23827.92882,0.44711768193995255,-0.003049052697874255,0.44774912699684993,0.01088997124763691,1.6334956871455365e-05,-0.001381545640512043,199491.16404378976,-275.9874372461345,2023
2023-11-24 00:00:00+00:00,37294.27,38414.0,37251.51,37713.57,44680.80646,0.44379778712325363,0.011242742854936427,0.44711768193995255,0.000631445056897384,9.471675853460759e-07,0.005025881956360794,200493.78308561086,1002.6190418211045,2023
2023-11-25 00:00:00+00:00,37713.57,37888.0,37591.1,37780.67,11396.14464,0.45542521023283494,0.001779200431038408,0.44379778712325363,0.0033198948166989206,4.979842225048381e-06,0.0007846253719185361,200651.09559473177,157.31250912090763,2023
2023-11-26 00:00:00+00:00,37780.67,37814.63,37150.0,37447.43,21264.53723,0.44943812901938496,-0.008820383545342092,0.45542521023283494,0.011627423109581314,1.744113466437197e-05,-0.004034466165136032,199841.57553855734,-809.5200561744277,2023
2023-11-27 00:00:00+00:00,37447.42,37569.23,36707.0,37242.7,30001.07376,0.4557363574276161,-0.005467130855174918,0.44943812901938496,0.005987081213449985,8.980621820174978e-06,-0.00246611768447414,199348.74269502854,-492.83284352879855,2023
2023-11-28 00:00:00+00:00,37242.7,38377.0,36868.41,37818.87,37544.46667,0.453898174651551,0.0154706828452289,0.4557363574276161,0.006298228408231132,9.4473426123467e-06,0.00704110530419018,200752.37818460213,1403.6354895735858,2023
2023-11-29 00:00:00+00:00,37818.88,38450.0,37570.0,37854.64,32994.19107,0.48309469285766654,0.0009458241348827556,0.453898174651551,0.001838182776065067,2.7572741640976008e-06,0.00042655057420056756,200838.00922678888,85.6310421867529,2023
2023-11-30 00:00:00+00:00,37854.65,38145.85,37500.0,37723.96,24740.29147,0.4925440517756425,-0.0034521527611939273,0.48309469285766654,0.029196518206115518,4.379477730917328e-05,-0.001711511455175899,200494.27267336252,-343.7365534263663,2023
2023-12-01 00:00:00+00:00,37723.97,38999.0,37615.86,38682.52,43415.66324,0.49193341763208764,0.025409845625962824,0.4925440517756425,0.009449358917975936,1.4174038376963904e-05,0.012501294281228353,203000.71057775305,2506.4379043905356,2023
2023-12-02 00:00:00+00:00,38682.51,39717.14,38641.61,39450.35,26696.921609999998,0.49009990908632467,0.019849534104810163,0.49193341763208764,0.0006106341435548335,9.159512153322502e-07,0.009763733199368612,204982.75535511645,1982.0447773633932,2023
2023-12-03 00:00:00+00:00,39450.35,40250.0,39274.86,39972.26,26710.65335,0.4987509743580616,0.013229540422328379,0.49009990908632467,0.001833508545762974,2.750262818644461e-06,0.006481046295418351,206311.25808233538,1328.5027272189327,2023
2023-12-04 00:00:00+00:00,39972.26,42420.0,39972.26,41991.1,79272.33059,0.5136606703059553,0.05050602592898157,0.4987509743580616,0.008651065271736924,1.2976597907605387e-05,0.025176953045125475,211505.5469397551,5194.288857419713,2023
2023-12-05 00:00:00+00:00,41991.1,44488.0,41414.0,44073.32,67490.74644,0.5297635376918084,0.04958717442505667,0.5136606703059553,0.014909695947893709,2.2364543921840563e-05,0.02544861670983109,216888.07053582813,5382.523596073035,2023
2023-12-06 00:00:00+00:00,44073.82,44297.21,43335.28,43762.69,51431.104920000005,0.5573358609590423,-0.007048028149456376,0.5297635376918084,0.016102867385853092,2.415430107877964e-05,-0.003757942627286239,216073.01761021168,-815.0529256164446,2023
2023-12-07 00:00:00+00:00,43762.69,44047.33,42821.1,43273.14,47103.26845,0.5447539332558882,-0.011186469570312108,0.5573358609590423,0.02757232326723391,4.135848490085087e-05,-0.006275979133962877,214716.94786027764,-1356.0697499340458,2023
2023-12-08 00:00:00+00:00,43273.15,44700.0,43081.1,44170.99,42900.37556,0.5356175066959801,0.02074843655902936,0.5447539332558882,0.012581927703154139,1.8872891554731207e-05,0.01128391953288678,217139.79662228006,2422.8487620024243,2023
2023-12-09 00:00:00+00:00,44171.0,44358.02,43584.51,43713.6,24925.97008,0.5371743384543649,-0.010354986383596998,0.5356175066959801,0.009136426559908095,1.3704639839862143e-05,-0.00556001662849291,215932.4957423526,-1207.3008799274685,2023
2023-12-10 00:00:00+00:00,43713.59,44049.0,43563.0,43789.51,18956.61758,0.5507572055301264,0.0017365305076681992,0.5371743384543649,0.0015568317583848357,2.3352476375772534e-06,0.0009304843790249101,216133.41755656473,200.921814212139,2023
2023-12-11 00:00:00+00:00,43789.5,43804.5,40222.0,41253.4,76663.89804,0.4863686345780994,-0.05791592552645597,0.5507572055301264,0.013582867075761507,2.037430061364226e-05,-0.031917987599255446,209234.87381520963,-6898.543741355097,2023
2023-12-12 00:00:00+00:00,41253.41,42104.12,40680.0,41492.39,42722.69773,0.5044296556621768,0.005793219467971067,0.4863686345780994,0.06438857095202699,9.658285642804048e-05,0.002721057386020311,209804.21391401754,569.3400988079084,2023
2023-12-13 00:00:00+00:00,41492.38,43475.2,40555.0,42869.03,45865.99773,0.48135086177909886,0.033178132182793085,0.5044296556621768,0.018061021084077367,2.709153162611605e-05,0.016708942260854388,213309.8204103908,3505.6064963732497,2023
2023-12-14 00:00:00+00:00,42869.03,43420.0,41400.0,43022.26,42047.05709,0.46870164895780964,0.0035743752541170792,0.48135086177909886,0.02307879388307793,3.46181908246169e-05,0.0016859104180665246,213669.44165889654,359.62124850574764,2023
2023-12-15 00:00:00+00:00,43022.26,43080.81,41666.0,41940.3,33421.7932,0.43985679784693005,-0.02514884155318664,0.46870164895780964,0.012649212821289224,1.8973819231933836e-05,-0.011806277324589195,211146.8009748815,-2522.6406840150303,2023
2023-12-16 00:00:00+00:00,41940.29,42724.43,41605.0,42278.03,24118.85747,0.43676529263111635,0.008052636724105389,0.43985679784693005,0.028844851110879588,4.326727666631938e-05,0.0034987397270232696,211885.54867568618,738.7477008046699,2023
2023-12-17 00:00:00+00:00,42278.02,42424.07,41252.0,41374.65,27722.114520000003,0.4231201604209719,-0.02136759919986808,0.43676529263111635,0.0030915052158136946,4.637257823720542e-06,-0.009337262975178512,209907.1175870613,-1978.4310886248713,2023
2023-12-18 00:00:00+00:00,41374.64,42757.81,40542.93,42657.8,46734.0925,0.42643482084726614,0.03101295116695857,0.4231201604209719,0.013645132210144462,2.0467698315216693e-05,0.01310173717457606,212657.2654727598,2750.147885698505,2023
2023-12-19 00:00:00+00:00,42657.8,43497.0,41811.1,42275.99,40927.864440000005,0.41204792241516613,-0.00895053190741213,0.42643482084726614,0.003314660426294247,4.971990639441371e-06,-0.003821790461064472,211844.53396409997,-812.7315086598392,2023
2023-12-20 00:00:00+00:00,42275.99,44283.0,42206.0,43668.93,48710.2947,0.40752400546252393,0.03294872574243679,0.41204792241516613,0.014386898432100004,2.1580347648150007e-05,0.013554873640750031,214716.05985346693,2871.5258893669525,2023
2023-12-21 00:00:00+00:00,43668.92,44242.35,43286.72,43861.8,34624.29384,0.4145906292729344,0.004416641305385882,0.40752400546252393,0.004523916952642204,6.785875428963306e-06,0.0017931014800331218,215101.06753817707,385.00768471014453,2023
2023-12-22 00:00:00+00:00,43861.79,44398.26,43412.54,43969.04,32783.19638,0.4167307244539384,0.0024449520995490914,0.4145906292729344,0.007066623810410455,1.0599935715615683e-05,0.0010030542937786242,215316.8255875676,215.7580493905407,2023
2023-12-23 00:00:00+00:00,43969.04,43988.68,43291.1,43702.16,16557.1293,0.4177001324699986,-0.006069725424980743,0.4167307244539384,0.002140095181003998,3.2101427715059974e-06,-0.00253265121636022,214771.50316734042,-545.3224202271958,2023
2023-12-24 00:00:00+00:00,43702.15,43946.0,42500.0,42991.5,25144.33496,0.42382891671793227,-0.016261438793872096,0.4177001324699986,0.0009694080160602137,1.4541120240903206e-06,-0.006793859250377239,213312.37580382955,-1459.1273635108664,2023
2023-12-25 00:00:00+00:00,42991.5,43802.32,42720.43,43576.13,27021.23992,0.4582485890357603,0.013598734633590404,0.42382891671793227,0.006128784247933672,9.193176371900508e-06,0.005754343792117348,214539.8485493181,1227.4727454885433,2023
2023-12-26 00:00:00+00:00,43576.12,43592.68,41637.6,42508.93,41010.04282,0.43263829420213556,-0.024490472192000512,0.4582485890357603,0.034419672317828054,5.162950847674208e-05,-0.011274353835280502,212121.0503850056,-2418.798164312495,2023
2023-12-27 00:00:00+00:00,42508.93,43677.0,42098.69,43428.85,36191.21136,0.4370145725472061,0.021640629392459365,0.43263829420213556,0.025610294833624758,3.8415442250437135e-05,0.00932414954356378,214098.89878013323,1977.8483951276285,2023
2023-12-28 00:00:00+00:00,43428.86,43787.57,42241.79,42563.76,35150.52485,0.429315201451711,-0.01991970775187457,0.4370145725472061,0.004376278345070539,6.564417517605808e-06,-0.00871176698596834,212233.7190620083,-1865.179718124913,2023
2023-12-29 00:00:00+00:00,42563.76,43111.0,41300.0,42066.95,42597.18912,0.4106219261029541,-0.011672136108276221,0.429315201451711,0.007699371095495122,1.1549056643242684e-05,-0.005022574521339638,211167.75939207835,-1065.9596699299582,2023
2023-12-30 00:00:00+00:00,42066.94,42612.32,41520.3,42140.28,22906.578179999997,0.4037330900743492,0.0017431736790995966,0.4106219261029541,0.018693275348756866,2.80399130231353e-05,0.000687745420620714,211312.989051583,145.2296595046355,2023
2023-12-31 00:00:00+00:00,42140.29,42899.0,41965.84,42283.58,23585.91603,0.44072641093713655,0.0034005469351414686,0.4037330900743492,0.0068888360286049055,1.033325404290736e-05,0.0013625800680246154,211600.91991857937,287.93086699637934,2023
2024-01-01 00:00:00+00:00,42283.58,44184.1,42180.77,44179.55,27174.29903,0.4518031551359449,0.04483939155577654,0.44072641093713655,0.03699332086278734,5.548998129418101e-05,0.019706414127688164,215770.81527629466,4169.895357715286,2024
2024-01-02 00:00:00+00:00,44179.55,45879.63,44148.34,44946.91,65146.406610000005,0.47816232999509445,0.017369122139089255,0.4518031551359449,0.01107674419880833,1.6615116298212494e-05,0.007830809068083906,217460.47533318814,1689.660056893481,2024
2024-01-03 00:00:00+00:00,44946.91,45500.0,40750.0,42845.23,81194.55173,0.41722058469498957,-0.04675916542427505,0.47816232999509445,0.02635917485914957,3.953876228872436e-05,-0.022398010250186142,212589.79337766505,-4870.68195552309,2024
2024-01-04 00:00:00+00:00,42845.23,44729.58,42613.77,44151.1,48038.06334,0.42079071571041377,0.030478772082679795,0.41722058469498957,0.06094174530010488,9.141261795015732e-05,0.012624958491170832,215273.73069470466,2683.937317039614,2024
2024-01-05 00:00:00+00:00,44151.1,44357.46,42450.0,44145.11,48075.25327,0.41090696399681803,-0.00013567045894657959,0.42079071571041377,0.003570131015424194,5.355196523136291e-06,-6.244406604402782e-05,215260.28812764763,-13.442567057034466,2024
2024-01-06 00:00:00+00:00,44145.12,44214.42,43397.05,43968.32,17835.06144,0.41360956886181177,-0.00400474707164622,0.41090696399681803,0.009883751713595734,1.4825627570393602e-05,-0.0016604040883556892,214902.86906517984,-357.4190624677867,2024
2024-01-07 00:00:00+00:00,43968.32,44480.59,43572.09,43929.02,23023.8508,0.4300686770174089,-0.0008938253724500855,0.41360956886181177,0.0027026048649937406,4.053907297490611e-06,-0.00037374863423431885,214822.54941137368,-80.3196538061602,2024
2024-01-08 00:00:00+00:00,43929.01,47248.99,43175.0,46951.04,72814.57589000001,0.427806677123863,0.06879324874536241,0.4300686770174089,0.016459108155597146,2.468866223339572e-05,0.029561132813414142,221172.94732583952,6350.397914465837,2024
2024-01-09 00:00:00+00:00,46951.04,47972.0,44748.67,46110.0,69927.66617000001,0.40661962169644317,-0.01791312822889546,0.427806677123863,0.0022619998935459185,3.3929998403188776e-06,-0.007666748864337754,219477.2698831069,-1695.6774427326163,2024
2024-01-10 00:00:00+00:00,46110.0,47695.93,44300.36,46653.99,89911.41203,0.38503706706772184,0.011797657774886172,0.40661962169644317,0.021187055427419832,3.178058314112975e-05,0.004765378558187187,220523.16215901732,1045.892275910417,2024
2024-01-11 00:00:00+00:00,46654.0,48969.48,45606.06,46339.16,87470.3296,0.35994792442217605,-0.006748190240534524,0.38503706706772184,0.02158255462872133,3.2373831943081994e-05,-0.0026306772101735197,219943.03690201015,-580.1252570071665,2024
2024-01-12 00:00:00+00:00,46339.16,46515.53,41500.0,42782.73,86327.93707,0.3002558862627681,-0.07674783056058854,0.35994792442217605,0.025089142645545792,3.763371396831869e-05,-0.027662856028157014,213858.78433779423,-6084.252564215916,2024
2024-01-13 00:00:00+00:00,42782.74,43257.0,42436.12,42847.99,36118.47464,0.30497423609214613,0.0015253818538460973,0.3002558862627681,0.059692038159407934,8.95380572391119e-05,0.00036846682317659223,213937.58420466757,78.7998668733344,2024
2024-01-14 00:00:00+00:00,42847.99,43079.0,41720.0,41732.35,28228.40894,0.2951797568096052,-0.0260371606696137,0.30497423609214613,0.004718349829378021,7.077524744067032e-06,-0.007947740709967979,212237.26375729192,-1700.3204473756487,2024
2024-01-15 00:00:00+00:00,41732.35,43400.43,41718.05,42511.1,40269.89303,0.3025461543322797,0.018660583456239666,0.2951797568096052,0.009794479282540958,1.4691718923811437e-05,0.0054935347676143545,213403.19654472597,1165.9327874340524,2024
2024-01-16 00:00:00+00:00,42511.1,43578.01,42050.0,43137.95,45045.74589,0.3073577125030952,0.014745560571238991,0.3025461543322797,0.007366397522674539,1.104959628401181e-05,0.004450163048018039,214352.87556431827,949.6790195922949,2024
2024-01-17 00:00:00+00:00,43137.94,43198.0,42200.69,42776.1,33266.213879999996,0.30861975533448566,-0.008388205744593757,0.3073577125030952,0.0048115581708154664,7.2173372562232e-06,-0.002585397066919883,213798.68826854843,-554.187295769836,2024
2024-01-18 00:00:00+00:00,42776.09,42930.0,40683.28,41327.5,43907.51641,0.29521341247436,-0.0338647048234878,0.30861975533448566,0.0012620428313904752,1.8930642470857129e-06,-0.010453209981346467,211563.80568634087,-2234.8825822075596,2024
2024-01-19 00:00:00+00:00,41327.51,42196.86,40280.0,41659.03,48342.74559,0.29210143122251686,0.008022019236585853,0.29521341247436,0.013406342860125653,2.010951429018848e-05,0.0023480981594772815,212060.57826908497,496.7725827441027,2024
2024-01-20 00:00:00+00:00,41659.03,41872.56,41456.3,41696.04,15923.99493,0.29577433136404685,0.0008884028264701804,0.29210143122251686,0.0031119812518431433,4.667971877764715e-06,0.0002548357652363043,212114.61888882463,54.04061973965145,2024
2024-01-21 00:00:00+00:00,41696.05,41881.39,41500.98,41580.33,11730.16301,0.3061770935758023,-0.00277508367701107,0.29577433136404685,0.003672900141529989,5.509350212294984e-06,-0.0008263078692595247,211939.3469100518,-175.27197877282742,2024
2024-01-22 00:00:00+00:00,41580.32,41689.65,39431.58,39568.02,55426.19911,0.2878046987766791,-0.048395719803089654,0.3061770935758023,0.010402762211755456,1.5604143317633184e-05,-0.014833264974136522,208795.59441888955,-3143.752491162246,2024
2024-01-23 00:00:00+00:00,39568.02,40176.74,38555.0,39897.6,57956.63351,0.31287008082578605,0.008329453937801379,0.2878046987766791,0.018372394799123226,2.755859219868484e-05,0.0023696973893444647,209290.37679389064,494.7823750010866,2024
2024-01-24 00:00:00+00:00,39897.59,40555.0,39484.19,40084.88,39293.82861,0.32276058159972865,0.004694016682707636,0.31287008082578605,0.025065382049106966,3.7598073073660446e-05,0.0014310193058426656,209589.8753636098,299.49856971917325,2024
2024-01-25 00:00:00+00:00,40084.89,40300.24,39550.0,39961.09,31022.11853,0.33160232643708104,-0.003088196846292135,0.32276058159972865,0.009890500773942601,1.4835751160913902e-05,-0.0010115839613646113,209377.85760722755,-212.01775638226536,2024
2024-01-26 00:00:00+00:00,39961.09,42246.82,39822.52,41823.51,47384.967260000005,0.3329213376010244,0.04660583582680067,0.33160232643708104,0.008841744837352394,1.3262617256028592e-05,0.015441340968455732,212610.93249778554,3233.0748905579967,2024
2024-01-27 00:00:00+00:00,41823.51,42200.0,41394.34,42120.63,16224.41667,0.3361627066382813,0.007104138318376307,0.3329213376010244,0.00131901116394334,1.97851674591501e-06,0.002363140714710617,213113.36204876367,502.4295509781223,2024
2024-01-28 00:00:00+00:00,42120.63,42842.68,41620.81,42031.06,27294.998379999997,0.3616610105463553,-0.0021265114030820653,0.3361627066382813,0.0032413690372569137,4.86205355588537e-06,-0.0007197158825131216,212959.9809773214,-153.3810714422725,2024
2024-01-29 00:00:00+00:00,42031.05,43333.0,41804.88,43302.7,31542.74207,0.39075191608027404,0.03025476873531141,0.3616610105463553,0.025498303908074005,3.824745586211101e-05,0.010903722778796891,215282.037572876,2322.0565955546044,2024
2024-01-30 00:00:00+00:00,43302.71,43882.36,42683.99,42941.1,37619.24546,0.41360043996260726,-0.008350518558888909,0.39075191608027404,0.029090905533918743,4.363635830087812e-05,-0.003306617485450608,214570.18222313406,-711.8553497419343,2024
2024-01-31 00:00:00+00:00,42941.1,43745.11,42276.84,42580.0,39871.13688,0.43543085885181076,-0.008409193057467013,0.41360043996260726,0.022848523882333216,3.4272785823499825e-05,-0.0035123187341223588,213816.54335232772,-753.638870806346,2024
2024-02-01 00:00:00+00:00,42580.0,43285.13,41884.28,43082.94,35231.04664,0.4993475035332091,0.011811648661343321,0.43543085885181076,0.021830418889203507,3.274562833380526e-05,0.005110410692730758,214909.23370175814,1092.690349430428,2024
2024-02-02 00:00:00+00:00,43082.95,43488.0,42546.79,43200.0,29672.14418,0.4984905484966943,0.0027170847671955656,0.4993475035332091,0.06391664468139835,9.587496702209753e-05,0.0012608945283651188,215180.21157862784,270.9778768696997,2024
2024-02-03 00:00:00+00:00,43199.99,43380.01,42880.0,43011.09,12033.40998,0.5124854572767579,-0.004372916666666726,0.4984905484966943,0.0008569550365148393,1.285432554772259e-06,-0.0021811430602518044,214710.87275343956,-469.33882518828614,2024
2024-02-04 00:00:00+00:00,43011.1,43119.04,42222.0,42582.88,17066.89404,0.5229653865701844,-0.00995580442160382,0.5124854572767579,0.013994908780063597,2.0992363170095398e-05,-0.005123197344733697,213610.8665802637,-1100.006173175847,2024
2024-02-05 00:00:00+00:00,42582.88,43569.76,42258.1,42708.7,29467.75905,0.528986020924507,0.0029547085589325395,0.5229653865701844,0.01047992929342656,1.571989394013984e-05,0.0015294904097842483,213937.58235212395,326.71577186023933,2024
2024-02-06 00:00:00+00:00,42708.7,43399.98,42574.0,43098.95,24675.854330000002,0.5374512002887373,0.009137482526979213,0.528986020924507,0.0060206343543225405,9.030951531483811e-06,0.004824569571682458,214969.7391021793,1032.1567500553501,2024
2024-02-07 00:00:00+00:00,43098.96,44396.5,42788.0,44349.6,34392.599149999995,0.5674266458997639,0.029018108329785353,0.5374512002887373,0.008465179364230302,1.2697769046345453e-05,0.015583119382905398,218319.6382103206,3349.8991081413114,2024
2024-02-08 00:00:00+00:00,44349.6,45614.3,44331.1,45288.65,45439.622310000006,0.5947958625563526,0.021173809910348673,0.5674266458997639,0.029975445611026608,4.496316841653991e-05,0.011969620769931789,220932.84148632688,2613.203276006272,2024
2024-02-09 00:00:00+00:00,45288.66,48200.0,45242.12,47132.77,73503.481,0.5595428026171052,0.04071925305788526,0.5947958625563526,0.027369216656588757,4.105382498488314e-05,0.024178589420230382,226274.68595006963,5341.844463742746,2024
2024-02-10 00:00:00+00:00,47132.78,48170.0,46800.0,47751.09,24802.359360000002,0.546442133753258,0.013118685789101692,0.5595428026171052,0.03525305993924743,5.287958990887115e-05,0.007287586623178279,227923.6823245632,1648.9963744935812,2024
2024-02-11 00:00:00+00:00,47751.08,48592.66,47557.16,48299.99,29958.80837,0.57849436147763,0.011495025558578842,0.546442133753258,0.013100668863847198,1.9651003295770797e-05,0.0062617152904822886,229350.87553123795,1427.1932066747395,2024
2024-02-12 00:00:00+00:00,48300.0,50334.82,47710.01,49917.27,59009.96705,0.575836567984052,0.03348406490353306,0.57849436147763,0.032052227724371996,4.807834158655799e-05,0.019322264404458323,233782.45378964656,4431.578258408612,2024
2024-02-13 00:00:00+00:00,49917.28,50368.61,48300.95,49699.59,55551.56706,0.5530739771708362,-0.004360815405169416,0.575836567984052,0.0026577934935779757,3.986690240366964e-06,-0.002515103666765107,233194.46668289485,-587.9871067517088,2024
2024-02-14 00:00:00+00:00,49699.6,52043.71,49225.01,51795.17,57046.37401,0.5370326449310195,0.04216493536465804,0.5530739771708362,0.022762590813215855,3.4143886219823785e-05,0.02328618461306284,238624.67608481745,5430.2094019225915,2024
2024-02-15 00:00:00+00:00,51795.17,52816.62,51314.0,51880.0,53816.030549999996,0.5547939864426225,0.001637797501195637,0.5370326449310195,0.01604133223981663,2.4061998359724947e-05,0.0008554887255687825,238828.8168048505,204.14072003305773,2024
2024-02-16 00:00:00+00:00,51880.01,52572.08,51566.0,52124.11,37772.25318,0.5536262504725245,0.004705281418658558,0.5547939864426225,0.017761341511602913,2.664201226740437e-05,0.002583819823324575,239445.90743609203,617.0906312415318,2024
2024-02-17 00:00:00+00:00,52124.1,52162.82,50625.0,51642.64,25674.006220000003,0.5427132900986256,-0.00923699224792518,0.5536262504725245,0.001167735970098005,1.7516039551470076e-06,-0.005115592987817739,238220.9996310503,-1224.9078050417302,2024
2024-02-18 00:00:00+00:00,51642.64,52377.0,51163.28,52137.67,21992.103629999998,0.5537412477720048,0.009585683458475325,0.5427132900986256,0.010912960373898883,1.6369440560848326e-05,0.005185908367032267,239456.39190623976,1235.392275189457,2024
2024-02-19 00:00:00+00:00,52137.68,52488.77,51677.0,51774.73,29534.994319999998,0.5571710705784106,-0.0069611856456185395,0.5537412477720048,0.011027957673379274,1.6541936510068913e-05,-0.003871237561887448,238529.3993274583,-926.9925787814718,2024
2024-02-20 00:00:00+00:00,51774.74,52985.0,50760.37,52258.82,49614.47318,0.5481732556771405,0.009349928044047662,0.5571710705784106,0.0034298228064058023,5.144734209608703e-06,0.005204364683923533,239770.79330939558,1241.39398193729,2024
2024-02-21 00:00:00+00:00,52258.82,52366.8,50625.0,51849.39,43079.40049,0.5377546031509252,-0.007834658340927003,0.5481732556771405,0.008997814901270162,1.3496722351905245e-05,-0.004308246892215924,238737.80153427625,-1032.991775119328,2024
2024-02-22 00:00:00+00:00,51849.38,52065.78,50940.78,51288.42,35309.44574,0.5287273723579017,-0.010819220824005882,0.5377546031509252,0.010418652526215322,1.5627978789322983e-05,-0.005833713779404831,237345.07353180097,-1392.7280024752836,2024
2024-02-23 00:00:00+00:00,51288.42,51548.54,50521.0,50744.15,30545.79544,0.5142122968511367,-0.010611947102289299,0.5287273723579017,0.009027230793023477,1.3540846189535216e-05,-0.0056243677531840055,236010.1575538516,-1334.9159779493639,2024
2024-02-24 00:00:00+00:00,50744.15,51698.0,50585.0,51568.22,16560.4211,0.518946791179182,0.016239704478250294,0.5142122968511367,0.014515075506765007,2.1772613260147512e-05,0.008328883126684627,237975.85857282803,1965.701018976426,2024
2024-02-25 00:00:00+00:00,51568.21,51958.55,51279.8,51728.85,18721.63159,0.5313390613380512,0.0031149029382824267,0.518946791179182,0.004734494328045291,7.1017414920679366e-06,0.001609367143164203,238358.84910048146,382.9905276534264,2024
2024-02-26 00:00:00+00:00,51728.85,54910.0,50901.44,54476.47,51256.72199,0.5068074441964924,0.05311581448263403,0.5313390613380512,0.012392270158869234,1.8588405238303853e-05,0.028203918604170524,245081.5026790952,6722.653578613739,2024
2024-02-27 00:00:00+00:00,54476.48,57588.15,54450.13,57037.34,67194.98562,0.5076315494163304,0.04700873606531397,0.5068074441964924,0.024531617141558826,3.679742571233824e-05,0.023787579954456912,250911.39851943264,5829.895840337442,2024
2024-02-28 00:00:00+00:00,57037.35,64000.0,56691.85,62432.1,118763.46984,0.47460950959603976,0.09458295215029322,0.5076315494163304,0.0008241052198380006,1.236157829757001e-06,0.04801205439059423,262958.1702323677,12046.771712935064,2024
2024-02-29 00:00:00+00:00,62432.11,63676.35,60364.7,61130.98,78425.07603,0.46077261498597516,-0.020840561185672013,0.47460950959603976,0.033022039820290616,4.9533059730435924e-05,-0.009940661583768492,260344.19205140072,-2613.9781809669803,2024
2024-03-01 00:00:00+00:00,61130.99,63114.23,60777.0,62387.9,47737.93472999999,0.4595779562385952,0.02056109684484042,0.46077261498597516,0.013836894610064598,2.07553419150969e-05,0.009453235018261907,262805.28688450216,2461.094833101437,2024
2024-03-02 00:00:00+00:00,62387.9,62433.19,61561.12,61987.28,25534.73659,0.4583839809336174,-0.006421437490282567,0.4595779562385952,0.0011946587473799508,1.7919881210699263e-06,-0.002952943106019026,262029.2378243712,-776.0490601309575,2024
2024-03-03 00:00:00+00:00,61987.28,63231.88,61320.0,63113.97,28994.909030000003,0.47468408142378854,0.018176148396896963,0.4583839809336174,0.0011939753049778346,1.7909629574667519e-06,0.00832986429725235,264211.9058173607,2182.6679929894744,2024
2024-03-04 00:00:00+00:00,63113.97,68499.0,62300.0,68245.71,84835.16005,0.4670691031987346,0.08130909844524137,0.47468408142378854,0.016300100490171165,2.445015073525675e-05,0.03857168455614053,274403.00410452456,10191.098287163884,2024
2024-03-05 00:00:00+00:00,68245.71,69000.0,59005.0,63724.01,132696.7813,0.3771425711420392,-0.0662561793261438,0.4670691031987346,0.007614978225053914,1.1422467337580872e-05,-0.03095763672657411,265908.1355867761,-8494.868517748488,2024
2024-03-06 00:00:00+00:00,63724.01,67641.1,62779.14,66074.04,78738.85491,0.36776860898367586,0.03687825044280779,0.3771425711420392,0.08992653205669543,0.00013488979808504314,0.013773468393135533,269570.6128877581,3662.477300982049,2024
2024-03-07 00:00:00+00:00,66074.04,67980.0,65551.0,66823.17,53059.8869,0.3627892667201002,0.011337735667442228,0.36776860898367586,0.009373962158363336,1.4060943237545003e-05,0.004155602332202291,270690.8411553676,1120.228267609491,2024
2024-03-08 00:00:00+00:00,66823.18,69990.0,66082.66,68124.19,74261.93284200001,0.35529881727333923,0.01946959415424332,0.3627892667201002,0.004979342263575659,7.4690133953634885e-06,0.0070558907731605195,272600.8061638549,1909.9650084872846,2024
2024-03-09 00:00:00+00:00,68124.2,68541.1,67861.1,68313.27,19872.897429999997,0.3594710973850497,0.002775519239201163,0.35529881727333923,0.007490449446760972,1.1235674170141457e-05,0.0009749030288374301,272866.5655154475,265.75935159262735,2024
2024-03-10 00:00:00+00:00,68313.28,69887.61,68094.75,68955.88,38404.66835,0.3569842777982264,0.009406810711886537,0.3594710973850497,0.004172280111710447,6.258420167565671e-06,0.0033752181493277283,273787.54969972,920.9841842724709,2024
2024-03-11 00:00:00+00:00,68955.88,72800.0,67024.96,72078.1,75292.825726,0.3525164913941433,0.04527851721999632,0.3569842777982264,0.0024868195868232856,3.7302293802349286e-06,0.016159988540174707,278211.9533653099,4424.403665589925,2024
2024-03-12 00:00:00+00:00,72078.1,73000.0,68620.82,71452.01,68783.546691,0.3356679422456865,-0.008686272251904659,0.3525164913941433,0.004467786404083074,6.701679606124611e-06,-0.003068755897141859,277358.1887927648,-853.7645725451293,2024
2024-03-13 00:00:00+00:00,71452.0,73650.25,71333.31,73072.41,52659.711647,0.33726689225666906,0.02267815838910625,0.3356679422456865,0.016848549148456793,2.527282372268519e-05,0.007587057936670363,279462.52144034544,2104.3326475806534,2024
2024-03-14 00:00:00+00:00,73072.4,73777.0,68555.0,71388.94,71757.628746,0.31036465900963867,-0.02303838069662678,0.33726689225666906,0.001598950010982536,2.3984250164738043e-06,-0.007772481485193823,277290.4041666448,-2172.1172737006564,2024
2024-03-15 00:00:00+00:00,71388.94,72419.71,65600.0,69499.85,103334.03546,0.28002970406650285,-0.026461942143979122,0.31036465900963867,0.026902233247030394,4.035334987054559e-05,-0.008253205000119413,275001.8696164915,-2288.534550153301,2024
2024-03-16 00:00:00+00:00,69499.84,70043.0,64780.0,65300.63,55926.95336,0.24849506263620053,-0.06042056205876711,0.28002970406650285,0.030334954943135817,4.550243241470373e-05,-0.01696505454526303,270336.4478983984,-4665.421718093101,2024
2024-03-17 00:00:00+00:00,65300.64,68904.4,64533.0,68393.48,49742.21589,0.2591253420132479,0.04736324902225286,0.24849506263620053,0.031534641430302324,4.7301962145453485e-05,0.011722231570293236,273505.3943425539,3168.946444155532,2024
2024-03-18 00:00:00+00:00,68393.47,68956.0,66565.2,67609.99,55691.08088,0.25848701574037997,-0.011455624132592601,0.2591253420132479,0.010630279377047358,1.5945419065571036e-05,-0.002984387940398845,272689.14814204397,-816.2462005099514,2024
2024-03-19 00:00:00+00:00,67610.0,68124.11,61555.0,61937.4,101005.32487,0.2389493212510147,-0.08390165417862072,0.25848701574037997,0.0006383262728679173,9.57489409301876e-07,-0.02168844569372235,266774.9443612978,-5914.203780746146,2024
2024-03-20 00:00:00+00:00,61937.41,68100.0,60775.0,67840.51,90420.58592,0.24942609065144622,0.09530768162693293,0.2389493212510147,0.019537694489365265,2.9306541734047897e-05,0.02274439929302938,272842.58021722693,6067.635855929111,2024
2024-03-21 00:00:00+00:00,67840.51,68240.47,64529.01,65501.27,53357.48002,0.23701241182961033,-0.034481462477213065,0.24942609065144622,0.010476769400431518,1.5715154100647276e-05,-0.008616291539736434,270491.68900162133,-2350.891215605603,2024
2024-03-22 00:00:00+00:00,65501.28,66649.62,62260.0,63796.64,51482.37821,0.22185301714339825,-0.026024380901316868,0.23701241182961033,0.012413678821835888,1.8620518232753834e-05,-0.0061867218020263135,268818.23217200814,-1673.456829613191,2024
2024-03-23 00:00:00+00:00,63796.64,65999.0,63000.0,63990.01,26410.11409,0.21987864892107684,0.003031037371247214,0.22185301714339825,0.01515939468621208,2.273909202931812e-05,0.0006497056938562708,268992.8849080627,174.65273605455877,2024
2024-03-24 00:00:00+00:00,63990.02,67628.69,63772.29,67209.99,31395.78015,0.23701793975698818,0.05032004214407837,0.21987864892107684,0.0019743682223214154,2.961552333482123e-06,0.011061341327958116,271968.3070228229,2975.4221147602075,2024
2024-03-25 00:00:00+00:00,67210.0,71150.0,66385.06,69880.01,53431.14486,0.26180953416277025,0.039726534701165495,0.23701793975698818,0.01713929083591134,2.570893625386701e-05,0.009390192472300876,274522.141772133,2553.834749310103,2024
2024-03-26 00:00:00+00:00,69880.0,71561.1,69280.0,69988.0,38934.384170000005,0.27054383278678557,0.0015453632591067024,0.26180953416277025,0.024791594405782075,3.718739160867311e-05,0.00036740344337031304,274623.0021523015,100.86038016848033,2024
2024-03-27 00:00:00+00:00,69987.99,71769.54,68359.18,69469.99,49119.35685,0.26533637960964496,-0.007401411670572067,0.27054383278678557,0.008734298624015313,1.310144793602297e-05,-0.0020155077293254357,274069.49736881297,-553.504783488519,2024
2024-03-28 00:00:00+00:00,69469.99,71552.06,68903.62,70780.6,35439.03239,0.2745455714839265,0.018865844086057848,0.26533637960964496,0.0052074531771406085,7.811179765710913e-06,0.0049979835883089095,275439.2922187184,1369.7948499054182,2024
2024-03-29 00:00:00+00:00,70780.6,70916.16,69009.0,69850.54,25445.08353,0.26689289113188935,-0.01314004119772949,0.2745455714839265,0.009209191874281542,1.3813787811422313e-05,-0.003621353907764403,274441.82906149025,-997.463157228136,2024
2024-03-30 00:00:00+00:00,69850.53,70321.1,69540.0,69582.18,13644.61142,0.2691809903947264,-0.0038419173280550556,0.26689289113188935,0.0076526803520371445,1.1479020528055717e-05,-0.001036859443702373,274157.2714592809,-284.55760220933007,2024
2024-03-31 00:00:00+00:00,69582.17,71366.0,69562.99,71280.01,19396.34433,0.28993492739686816,0.024400356528065048,0.2691809903947264,0.0022880992628370733,3.4321488942556102e-06,0.0065646799873147225,275957.02621260646,1799.754753325542,2024
2024-04-01 00:00:00+00:00,71280.0,71288.23,68062.86,69649.8,41445.32039,0.28760184498687696,-0.022870507453632394,0.28993492739686816,0.02075393700214173,3.1130905503212595e-05,-0.0066620898236016525,274118.5757165241,-1838.4504960823688,2024
2024-04-02 00:00:00+00:00,69649.81,69674.23,64550.0,65463.99,71799.82793,0.2606950827961975,-0.0600979471584987,0.28760184498687696,0.002333082409991194,3.499623614986791e-06,-0.017287780106323054,269379.67405647837,-4738.901660045725,2024
2024-04-03 00:00:00+00:00,65463.99,66903.63,64493.07,65963.28,39887.21778,0.27239412388048234,0.007626941162614864,0.2606950827961975,0.026906762190679445,4.036014328601917e-05,0.0019479459145835896,269904.41109202855,524.7370355501771,2024
2024-04-04 00:00:00+00:00,65963.27,69309.91,65064.52,68487.79,41510.48453,0.2927277500076674,0.03827144435510177,0.27239412388048234,0.011699041084284822,1.7548561626427234e-05,0.010407367993122151,272713.40562123025,2808.9945292017073,2024
2024-04-05 00:00:00+00:00,68487.8,68756.67,65952.56,67820.62,37915.23073,0.29991259991388414,-0.009741444423889245,0.2927277500076674,0.020333626127185034,3.0500439190777553e-05,-0.0028820915472206137,271927.4206200755,-785.9850011547678,2024
2024-04-06 00:00:00+00:00,67820.63,69692.0,67447.83,68896.0,20134.28919,0.3140756426456742,0.01585623959202964,0.29991259991388414,0.0071848499062167615,1.0777274859325142e-05,0.0047447087660437495,273217.63703641924,1290.2164163437556,2024
2024-04-07 00:00:00+00:00,68896.0,70326.29,68824.0,69360.39,21534.74433,0.32032395779634165,0.006740449372967916,0.3140756426456742,0.014163042731790088,2.1244564097685133e-05,0.002095766404437845,273790.2373812201,572.600344800856,2024
2024-04-08 00:00:00+00:00,69360.38,72797.99,69043.24,71620.0,45723.87624,0.3450391802712729,0.03257781566683815,0.32032395779634165,0.006248315150667427,9.372472726001142e-06,0.01042608237803526,276644.79695045855,2854.5595692384522,2024
2024-04-09 00:00:00+00:00,71620.0,71758.19,68210.0,69146.0,39293.90242,0.35360721183771726,-0.034543423624685876,0.3450391802712729,0.024715222474931242,3.707283371239686e-05,-0.011955907404937334,273337.25737406116,-3307.539576397394,2024
2024-04-10 00:00:00+00:00,69146.0,71172.08,67518.0,70631.08,42006.02377,0.36153959895912563,0.02147745350417951,0.35360721183771726,0.008568031566444367,1.2852047349666551e-05,0.00758173040363746,275409.62676874094,2072.3693946797866,2024
2024-04-11 00:00:00+00:00,70631.08,71305.89,69567.21,70006.23,31917.25595,0.37452323926788506,-0.008846672031632585,0.36153959895912563,0.007932387121408369,1.1898580682112553e-05,-0.0032103208391214707,274525.47350463056,-884.153264110384,2024
2024-04-12 00:00:00+00:00,70006.22,71227.46,65086.86,67116.52,56072.86229,0.3408239818753569,-0.04127789769567636,0.37452323926788506,0.012983640308759425,1.9475460463139137e-05,-0.015479007415616218,270276.0916644768,-4249.381840153772,2024
2024-04-13 00:00:00+00:00,67116.52,67929.0,60660.57,63924.51,71395.22019,0.30764183106774207,-0.047559229828960214,0.3408239818753569,0.03369925739252816,5.054888608879224e-05,-0.016259874971320264,265881.4362062753,-4394.65545820148,2024
2024-04-14 00:00:00+00:00,63924.52,65840.0,62134.0,65661.84,61599.17818,0.3212153071757446,0.027177838359652595,0.30764183106774207,0.03318215080761483,4.977322621142225e-05,0.008311266731215221,268091.2477414643,2209.8115351889865,2024
2024-04-15 00:00:00+00:00,65661.85,66867.07,62274.4,63419.99,52389.53069,0.299465444935975,-0.034142357265650736,0.3212153071757446,0.013573476108002525,2.0360214162003786e-05,-0.010987407990952021,265145.6198237254,-2945.627917738864,2024
2024-04-16 00:00:00+00:00,63419.99,64365.0,61600.0,63793.39,53435.29331,0.304180157537352,0.005887733504845949,0.299465444935975,0.021749862239769602,3.2624793359654405e-05,0.0017305479403334852,265604.4670299998,458.84720627439674,2024
2024-04-17 00:00:00+00:00,63793.4,64499.0,59678.16,61277.37,50610.54509,0.2828538806646821,-0.03944013635268473,0.304180157537352,0.0047147126013770135,7.07206890206552e-06,-0.01200397895795635,262416.1565966325,-3188.3104333673255,2024
2024-04-18 00:00:00+00:00,61277.38,64117.09,60803.35,63470.08,43601.60918,0.2870410936422554,0.03578335689015377,0.2828538806646821,0.021326276872669914,3.198941530900487e-05,0.01008947194428028,265063.79704634007,2647.640449707571,2024
2024-04-19 00:00:00+00:00,63470.09,65450.0,59600.01,63818.01,69774.30271,0.2689807947388531,0.005481795516879773,0.2870410936422554,0.004187212977573296,6.2808194663599434e-06,0.0015672197608220227,265479.21026694967,415.41322060959646,2024
2024-04-20 00:00:00+00:00,63818.01,65419.0,63090.07,64940.59,23137.429750000003,0.2717938854446544,0.017590332258871744,0.2689807947388531,0.018060298903402272,2.709044835510341e-05,0.004704371102356704,266728.12299200596,1248.9127250562888,2024
2024-04-21 00:00:00+00:00,64940.58,65695.56,64237.5,64941.15,19316.42152,0.2783520301947624,8.623266280816111e-06,0.2717938854446544,0.002813090705801269,4.2196360587019035e-06,-1.8758850110150188e-06,266727.622640718,-0.5003512879484333,2024
2024-04-22 00:00:00+00:00,64941.15,67232.35,64500.0,66819.32,31397.993710000002,0.29606722271694424,0.028921107802987844,0.2783520301947624,0.006558144750108019,9.83721712516203e-06,0.00804041185531809,268872.2225799393,2144.5999392212834,2024
2024-04-23 00:00:00+00:00,66819.32,67183.01,65765.81,66414.0,22599.90004,0.2984541112329054,-0.0060659102786441155,0.29606722271694424,0.017715192522181844,2.6572788783272767e-05,-0.0018224899982316014,268382.205643485,-490.0169364542817,2024
2024-04-24 00:00:00+00:00,66414.0,67070.43,63606.06,64289.59,33595.69637,0.292172582629772,-0.031987382178456425,0.2984541112329054,0.0023868885159611386,3.580332773941708e-06,-0.009550346051512431,265819.0627055216,-2563.142937963421,2024
2024-04-25 00:00:00+00:00,64289.58,65297.94,62794.0,64498.34,31341.46338,0.29440006456014606,0.003247026462604552,0.292172582629772,0.006281528603133357,9.422292904700036e-06,0.0009392698145416848,266068.73852725065,249.6758217290626,2024
2024-04-26 00:00:00+00:00,64498.33,64820.01,63297.48,63770.01,27085.193460000002,0.29416087958237663,-0.0112922286061935,0.29440006456014606,0.002227481930374031,3.3412228955610467e-06,-0.0033277740535868554,265183.3218827091,-885.4166445415467,2024
2024-04-27 00:00:00+00:00,63770.0,63923.41,62391.24,63461.98,20933.06052,0.29261156545323846,-0.004830326982856015,0.29416087958237663,0.00023918497776942438,3.5877746665413655e-07,-0.001421252011414067,264806.42955308984,-376.8923296192661,2024
2024-04-28 00:00:00+00:00,63461.98,64370.0,62781.0,63118.62,16949.20005,0.30058602417265723,-0.0054104835682718955,0.29261156545323846,0.0015493141291381685,2.3239711937072527e-06,-0.0015854940379647702,264386.5805378186,-419.84901527123293,2024
2024-04-29 00:00:00+00:00,63118.62,64228.35,61765.53,63866.0,28150.22947,0.30923469650806107,0.01184087991784355,0.30058602417265723,0.007974458719418764,1.1961688079128147e-05,0.0035472413291313246,265324.4235431701,937.8430053514894,2024
2024-04-30 00:00:00+00:00,63866.0,64734.0,59191.6,60672.0,54947.65535,0.28545896130854287,-0.05001096044843889,0.30923469650806107,0.00864867233540384,1.297300850310576e-05,-0.01547809718485275,261217.70633005386,-4106.717213116237,2024
2024-05-01 00:00:00+00:00,60672.01,60841.63,56552.82,58364.97,81166.46823,0.26449946029545646,-0.03802462420886077,0.28545896130854287,0.0237757351995182,3.56636027992773e-05,-0.010890133333608346,258373.0106790202,-2844.6956510336604,2024
2024-05-02 00:00:00+00:00,58364.97,59625.0,56911.84,59060.61,47583.81961,0.28157830712528176,0.011918793070569533,0.26449946029545646,0.020959501013086412,3.143925151962962e-05,0.0031210750830192382,259179.41224477516,806.4015657549608,2024
2024-05-03 00:00:00+00:00,59060.6,63333.0,58811.32,62882.01,43628.40143,0.3128421786122193,0.06470302287768459,0.28157830712528176,0.0170788468298253,2.5618270244737952e-05,0.018193349377542065,263894.75384321035,4715.341598435189,2024
2024-05-04 00:00:00+00:00,62882.01,64540.0,62541.03,63892.04,24368.69282,0.32670174048907474,0.016062304624168355,0.3128421786122193,0.031263871486937544,4.6895807230406316e-05,0.004978070564927546,265208.44054955605,1313.686706345703,2024
2024-05-05 00:00:00+00:00,63892.03,64646.0,62822.17,64012.0,18526.75029,0.34276759183122146,0.0018775421789631874,0.32670174048907474,0.013859561876855442,2.0789342815283163e-05,0.00059260695489364,265365.6049159222,157.1643663661671,2024
2024-05-06 00:00:00+00:00,64012.0,65500.0,62700.0,63165.19,34674.91949,0.338031420280684,-0.013228925826407556,0.34276759183122146,0.01606585134214672,2.409877701322008e-05,-0.00455854582504479,264155.92364552227,-1209.6812703999458,2024
2024-05-07 00:00:00+00:00,63165.18,64422.41,62261.0,62312.08,25598.794719999998,0.34929503358859487,-0.013506014942723965,0.338031420280684,0.00473617155053746,7.104257325806191e-06,-0.0045725616707469295,262948.05439396,-1207.8692515622824,2024
2024-05-08 00:00:00+00:00,62312.07,63020.22,60888.0,61193.03,26121.19004,0.35041196018857124,-0.01795879707433945,0.34929503358859487,0.011263613307910869,1.6895419961866305e-05,-0.006289814047254023,261294.1600277347,-1653.894366225286,2024
2024-05-09 00:00:00+00:00,61193.03,63429.03,60630.0,63074.01,30660.806099999998,0.3824592769627141,0.030738468090238502,0.35041196018857124,0.0011169265999763645,1.6753898999645467e-06,0.010769451466794358,264108.1548027102,2813.994774975523,2024
2024-05-10 00:00:00+00:00,63074.0,63469.13,60187.12,60799.99,36529.34025,0.3620087975562007,-0.03605320162773862,0.3824592769627141,0.03204731677414285,4.807097516121428e-05,-0.013836952401897072,260453.70283575228,-3654.451966957946,2024
2024-05-11 00:00:00+00:00,60799.99,61515.0,60487.09,60825.99,13374.56936,0.3651413782705431,0.0004276316492815013,0.3620087975562007,0.0204504794065134,3.0675719109770104e-05,0.00012413070004360112,260486.03313621425,32.330300461966544,2024
2024-05-12 00:00:00+00:00,60825.99,61888.0,60610.0,61483.99,12753.13236,0.3796453096977256,0.010817744191257805,0.3651413782705431,0.0031325807143424145,4.698871071513622e-06,0.003945307152702523,261513.73054592565,1027.6974097113998,2024
2024-05-13 00:00:00+00:00,61484.0,63450.0,60749.21,62940.08,32733.41839,0.37906965545234134,0.02368242529478004,0.3796453096977256,0.014503931427182482,2.1755897140773723e-05,0.008969165788289246,263859.2905511061,2345.5600051804504,2024
2024-05-14 00:00:00+00:00,62940.09,63118.36,61142.77,61577.49,29088.72041,0.3817627870239121,-0.021649003306001613,0.37906965545234134,0.0005756542453842495,8.634813680763742e-07,-0.008207343705460706,261693.70666367415,-2165.583887431945,2024
2024-05-15 00:00:00+00:00,61577.49,66444.16,61319.47,66206.5,43559.747189999995,0.39027031839583715,0.0751737363767182,0.3817627870239121,0.0026931315715707504,4.039697357356126e-06,0.02869449541281943,269202.8755290987,7509.168865424523,2024
2024-05-16 00:00:00+00:00,66206.51,66752.01,64602.77,65235.21,31106.367100000003,0.3800739152099084,-0.014670613912531216,0.39027031839583715,0.008507531371925059,1.2761297057887588e-05,-0.005738266459763844,267658.1176975781,-1544.7578315205756,2024
2024-05-17 00:00:00+00:00,65235.21,67451.2,65106.38,67024.0,26292.23409,0.38469611828508915,0.027420621471134998,0.3800739152099084,0.010196403185928737,1.5294604778893106e-05,0.010406568355244264,270443.5201952339,2785.4024976558285,2024
2024-05-18 00:00:00+00:00,67024.0,67400.01,66600.0,66915.2,14441.257740000001,0.3896908394592284,-0.0016232991167343114,0.38469611828508915,0.004622203075180742,6.933304612771113e-06,-0.0006314101736360745,270272.7594051887,-170.76079004519852,2024
2024-05-19 00:00:00+00:00,66915.2,67700.0,65857.25,66274.01,18025.30409,0.3904462157915615,-0.009582127827459264,0.3896908394592284,0.004994721174139238,7.492081761208858e-06,-0.0037415595186494417,269261.5177896046,-1011.2416155841202,2024
2024-05-20 00:00:00+00:00,66274.0,71515.56,66060.31,71446.62,50816.70109999999,0.42160936460231985,0.07804884599558704,0.3904462157915615,0.0007553763323331353,1.133064498499703e-06,0.03047274350137683,277466.6549559986,8205.137166393979,2024
2024-05-21 00:00:00+00:00,71446.62,71979.0,69162.94,70148.34,49607.433600000004,0.42572927445648867,-0.018171328468722492,0.42160936460231985,0.031163148810758323,4.674472321613749e-05,-0.007707946972894273,275327.9566928514,-2138.6982631472056,2024
2024-05-22 00:00:00+00:00,70148.34,70666.0,68842.19,69166.62,27673.180259999997,0.4271117274333068,-0.013994914206095221,0.42572927445648867,0.004119909854168824,6.179864781253236e-06,-0.005964224535822978,273685.8389381459,-1642.117754705483,2024
2024-05-23 00:00:00+00:00,69166.62,70096.12,66312.16,67969.65,40513.17374,0.425898152986768,-0.017305602037514634,0.4271117274333068,0.0013824529768181049,2.0736794652271574e-06,-0.007393499259981456,271662.3428904893,-2023.4960476565757,2024
2024-05-24 00:00:00+00:00,67969.66,69250.0,66600.12,68549.99,28095.836639999998,0.42402774316792535,0.008538222574340226,0.425898152986768,0.001213574446538801,1.8203616698082015e-06,0.0036345928625316215,272649.7249029777,987.3820124883787,2024
2024-05-25 00:00:00+00:00,68549.99,69610.0,68500.0,69290.57,12130.39418,0.4347207830834918,0.010803502670095222,0.42402774316792535,0.0018704098188426221,2.8056147282639333e-06,0.004578179240780869,273897.9642135331,1248.2393105553929,2024
2024-05-26 00:00:00+00:00,69290.56,69562.23,68128.01,68507.67,11872.11797,0.44186491965972696,-0.011298795781301996,0.4347207830834918,0.010693039915566471,1.6039559873349708e-05,-0.0049278609098214075,272548.2331424056,-1349.7310711275204,2024
2024-05-27 00:00:00+00:00,68507.67,70687.56,68250.0,69436.43,23136.92737,0.44532964798819796,0.01355702215532939,0.44186491965972696,0.007144136576235138,1.0716204864352708e-05,0.005979656300625406,274177.9779019398,1629.7447595342528,2024
2024-05-28 00:00:00+00:00,69436.43,69591.81,67277.91,68398.39,32622.97042,0.4370506494797738,-0.014949501292044975,0.44532964798819796,0.0034647283284710007,5.197092492706501e-06,-0.006662653240478206,272351.2251090037,-1826.7527929361095,2024
2024-05-29 00:00:00+00:00,68398.4,68935.68,67124.65,67652.42,23159.831489999997,0.4411520789949226,-0.010906250863507161,0.4370506494797738,0.008278998508424174,1.241849776263626e-05,-0.004779002521047784,271049.65791759733,-1301.567191406386,2024
2024-05-30 00:00:00+00:00,67652.41,69500.0,67128.0,68352.17,28478.218399999998,0.45429902103303627,0.01034331070492378,0.4411520789949226,0.004101429515148802,6.152144272723204e-06,0.004556820876894841,272284.7826574715,1235.1247398741543,2024
2024-05-31 00:00:00+00:00,68352.17,69044.1,66670.0,67540.01,26690.32184,0.43646616276564265,-0.011881992919902995,0.45429902103303627,0.013146942038113674,1.972041305717051e-05,-0.00541769816449057,270809.6258902494,-1475.156767222099,2024
2024-06-01 00:00:00+00:00,67540.01,67900.0,67428.44,67766.85,8837.66133,0.4453218450826236,0.0033586018124664996,0.43646616276564265,0.017832858267393614,2.6749287401090422e-05,0.0014391667579438951,271199.3661015618,389.74021131242625,2024
2024-06-02 00:00:00+00:00,67766.84,68460.0,67257.47,67765.63,15426.32529,0.45972629796924297,-1.8002902599123516e-05,0.4453218450826236,0.008855682316980973,1.3283523475471459e-05,-2.1300609277755902e-05,271193.5893898281,-5.776711733720731,2024
2024-06-03 00:00:00+00:00,67765.62,70288.0,67612.48,68809.9,29633.374,0.4598578351453637,0.015410024226145236,0.45972629796924297,0.014404452886619346,2.160667932992902e-05,0.007062786709772169,273108.971868746,1915.3824789178907,2024
2024-06-04 00:00:00+00:00,68809.89,71063.45,68567.32,70537.84,29619.784890000003,0.49933619514381355,0.025111793506457758,0.4598578351453637,0.000131537176120744,1.97305764181116e-07,0.011547657692732884,276262.7407887005,3153.768919954542,2024
2024-06-05 00:00:00+00:00,70537.83,71758.0,70383.66,71108.0,28703.18082,0.5123209221255466,0.00808303741651284,0.49933619514381355,0.03947835999844984,5.921753999767476e-05,0.003976935608768928,277361.4199199192,1098.6791312186979,2024
2024-06-06 00:00:00+00:00,71108.0,71700.0,70117.64,70799.06,21842.00449,0.5191764213190883,-0.004344658828823844,0.5123209221255466,0.01298472698173303,1.9477090472599546e-05,-0.0022453367079765287,276738.6501423965,-622.7697775227134,2024
2024-06-07 00:00:00+00:00,70799.06,71997.02,68420.0,69355.6,35598.45045,0.4776212103276668,-0.020388123797123736,0.5191764213190883,0.00685549919354167,1.0283248790312505e-05,-0.010595316399191555,273806.51658425265,-2932.1335581438616,2024
2024-06-08 00:00:00+00:00,69355.6,69582.2,69168.02,69310.46,9773.82967,0.4927458898477519,-0.0006508486697541782,0.4776212103276668,0.041555210991421454,6.233281648713218e-05,-0.00037319194587527463,273704.33419753524,-102.18238671740983,2024
2024-06-09 00:00:00+00:00,69310.46,69857.14,69130.24,69648.14,9890.56709,0.5544976376933398,0.004871991904252138,0.4927458898477519,0.015124679520085116,2.2687019280127674e-05,0.002377966966911635,274355.19406295754,650.8598654223024,2024
2024-06-10 00:00:00+00:00,69648.15,70195.94,69172.29,69540.0,17122.669410000002,0.5799905123578122,-0.0015526617078359672,0.5544976376933398,0.0617517478455879,9.262762176838185e-05,-0.0009535748709003323,274093.5758441982,-261.61821875936585,2024
2024-06-11 00:00:00+00:00,69540.0,69590.01,66051.0,67314.24,41436.01588,0.5369675050371656,-0.032006902502156986,0.5799905123578122,0.025492874664472365,3.823931199670855e-05,-0.01860193909320928,268994.9038405044,-5098.672003693762,2024
2024-06-12 00:00:00+00:00,67314.23,69999.0,66905.0,68263.99,37175.323560000004,0.5542570894197343,0.014109198885703833,0.5369675050371656,0.04302300732064657,6.453451098096985e-05,0.0075116468127485745,271015.49855258357,2020.5947120791534,2024
2024-06-13 00:00:00+00:00,68263.98,68449.3,66251.78,66773.01,29079.55571,0.5485668179558906,-0.021841383722223218,0.5542570894197343,0.017289584382568668,2.5934376573853002e-05,-0.012131676147352857,267727.6262932303,-3287.8722593532875,2024
2024-06-14 00:00:00+00:00,66773.01,67370.24,65078.0,66043.99,28408.18797,0.5263010310789765,-0.010917884336799966,0.5485668179558906,0.00569027146384371,8.535407195765566e-06,-0.005997724476644581,266121.8697559374,-1605.7565372928511,2024
2024-06-15 00:00:00+00:00,66043.99,66478.48,65857.1,66228.25,11451.80242,0.5388840573789471,0.0027899586321176173,0.5263010310789765,0.02226578687691405,3.3398680315371076e-05,0.0014349594244358217,266503.7438409922,381.87408505479107,2024
2024-06-16 00:00:00+00:00,66228.25,66998.7,66034.5,66676.87,9392.52223,0.5640664759575292,0.006773846508098869,0.5388840573789471,0.012583026299970546,1.8874539449955818e-05,0.003631443350896575,267471.5370895526,967.793248560396,2024
2024-06-17 00:00:00+00:00,66676.86,67298.81,65130.0,66504.33,27386.16851,0.5648143019047952,-0.002587703951910103,0.5640664759575292,0.025182418578582166,3.777362786787325e-05,-0.0014974106768431768,267071.02235416305,-400.51473538955906,2024
2024-06-18 00:00:00+00:00,66504.33,66588.23,64060.0,65175.32,42350.10244,0.5429957223290164,-0.019983811580388866,0.5648143019047952,0.0007478259472659676,1.1217389208989516e-06,-0.011288264326095197,264056.25405998883,-3014.768294174224,2024
2024-06-19 00:00:00+00:00,65175.32,65727.54,64666.0,64974.37,20060.79576,0.5608179301358288,-0.0030832222994838787,0.5429957223290164,0.021818579575778818,3.2727869363668226e-05,-0.0017069043889728478,263605.5352809981,-450.718778990733,2024
2024-06-20 00:00:00+00:00,64974.37,66482.94,64559.15,64869.99,24265.29031,0.5669334575907601,-0.0016064796011104887,0.5608179301358288,0.01782220780681243,2.6733311710218644e-05,-0.0009276758764104349,263360.9947850297,-244.54049596842378,2024
2024-06-21 00:00:00+00:00,64869.99,65066.66,63379.35,64143.56,25993.56442,0.5422397413790347,-0.011198244365383747,0.5669334575907601,0.006115527454931269,9.173291182396903e-06,-0.006357832688195651,261686.5896435897,-1674.4051414399873,2024
2024-06-22 00:00:00+00:00,64143.56,64546.81,63943.82,64262.01,7308.95542,0.552151726366769,0.0018466390078755168,0.5422397413790347,0.024693716211725336,3.7040574317588005e-05,0.0009642804837332697,261938.9289148377,252.33927124802722,2024
2024-06-23 00:00:00+00:00,64262.01,64521.0,63178.32,63210.01,8224.45447,0.5636669033439453,-0.016370480786393027,0.552151726366769,0.009911984987734268,1.4867977481601402e-05,-0.009053857205142533,259567.3712559748,-2371.5576588629046,2024
2024-06-24 00:00:00+00:00,63210.01,63369.8,58402.0,60293.3,52161.354139999996,0.5023984737349116,-0.04614316624851034,0.5636669033439453,0.0115151769771763,1.727276546576445e-05,-0.02602664839524844,252811.70254941663,-6755.668706558179,2024
2024-06-25 00:00:00+00:00,60293.3,62420.0,60257.06,61806.01,31189.243609999998,0.5044484918561118,0.025089189014368074,0.5023984737349116,0.06126842960903367,9.19026444135505e-05,0.012512867623651683,255975.10191712747,3163.3993677108374,2024
2024-06-26 00:00:00+00:00,61806.01,62487.81,60712.0,60864.99,22485.66463,0.4942830753136245,-0.015225380185519222,0.5044484918561118,0.0020500181212002033,3.075027181800305e-06,-0.0076834950997029,254008.31847590127,-1966.7834412262018,2024
2024-06-27 00:00:00+00:00,60864.98,62389.22,60606.63,61706.47,18344.28631,0.5255006104240928,0.013825353458531753,0.4942830753136245,0.010165416542487371,1.5248124813731057e-05,0.006818390099967197,255740.24627990669,1731.9278040054196,2024
2024-06-28 00:00:00+00:00,61706.46,62225.31,60063.0,60427.84,24821.19255,0.4913212246735281,-0.020721165868020086,0.5255006104240928,0.03121753511046832,4.682630266570248e-05,-0.010935811615009136,252943.51912421358,-2796.727155693108,2024
2024-06-29 00:00:00+00:00,60427.84,61224.0,60383.77,60986.68,11509.55904,0.4944143506642393,0.009248055201046546,0.4913212246735281,0.03417938575056467,5.126907862584701e-05,0.004492496728600733,254079.86705639982,1136.3479321862396,2024
2024-06-30 00:00:00+00:00,60986.68,63058.76,60712.21,62772.01,17326.30136,0.4920837069468016,0.029274097229099905,0.4944143506642393,0.003093125990711154,4.639688986066731e-06,0.014468894083821168,257756.1217416702,3676.2546852703963,2024
2024-07-01 00:00:00+00:00,62772.01,63861.76,62497.2,62899.99,24547.10538,0.521386370854201,0.002038806786655245,0.4920837069468016,0.002330643717437686,3.495965576156529e-06,0.0009997676357494532,258013.81797010382,257.6962284336041,2024
2024-07-02 00:00:00+00:00,62900.0,63288.83,61806.28,62135.47,18573.11875,0.5379286229400496,-0.01215453293394797,0.521386370854201,0.02930266390739944,4.395399586109916e-05,-0.006381161811720096,256367.3900479769,-1646.4279221269244,2024
2024-07-03 00:00:00+00:00,62135.46,62285.94,59400.0,60208.58,32160.11127,0.5115392402784842,-0.031011111688702075,0.5379286229400496,0.016542252085848586,2.481337812877288e-05,-0.016706577984672358,252084.36825341347,-4283.021794563421,2024
2024-07-04 00:00:00+00:00,60208.57,60498.19,56771.0,57050.01,54568.77276,0.0,-0.05246046327616427,0.5115392402784842,0.02638938266156543,3.958407399234814e-05,-0.02687516960293874,245309.5581023533,-6774.81015106017,2024
2024-07-05 00:00:00+00:00,57050.02,57546.0,53485.93,56628.79,81348.24756,0.0,-0.007383346646214428,0.0,0.5115392402784842,0.0007673088604177263,-0.0007673088604177263,245121.32990487624,-188.22819747705944,2024
2024-07-06 00:00:00+00:00,56628.79,58475.0,56018.0,58230.13,21651.315580000002,0.0,0.02827784241902398,0.0,0.0,0.0,0.0,245121.32990487624,0.0,2024
2024-07-07 00:00:00+00:00,58230.13,58449.46,55724.37,55857.81,19118.93918,0.0,-0.040740420809639244,0.0,0.0,0.0,-0.0,245121.32990487624,0.0,2024
2024-07-08 00:00:00+00:00,55857.81,58236.73,54260.16,56714.62,48090.2049,0.0,0.015339126256471713,0.0,0.0,0.0,0.0,245121.32990487624,0.0,2024
2024-07-09 00:00:00+00:00,56714.61,58296.0,56289.45,58050.0,27732.20788,0.0,0.023545604290392763,0.0,0.0,0.0,0.0,245121.32990487624,0.0,2024
2024-07-10 00:00:00+00:00,58050.0,59470.0,57157.79,57725.85,24951.73799,0.0,-0.005583979328165345,0.0,0.0,0.0,-0.0,245121.32990487624,0.0,2024
2024-07-11 00:00:00+00:00,57725.85,59650.0,57050.0,57339.89,29761.05735,0.0,-0.0066860860429079905,0.0,0.0,0.0,-0.0,245121.32990487624,0.0,2024
2024-07-12 00:00:00+00:00,57339.89,58526.68,56542.47,57889.1,23652.456899999997,0.0,0.009578148824491928,0.0,0.0,0.0,0.0,245121.32990487624,0.0,2024
2024-07-13 00:00:00+00:00,57889.09,59850.0,57756.63,59204.02,15357.74519,0.3740083733507143,0.02271446610847283,0.0,0.0,0.0,0.0,245121.32990487624,0.0,2024
2024-07-14 00:00:00+00:00,59204.01,61420.69,59194.01,60797.91,21178.33907,0.4064906241256478,0.026921989418961845,0.3740083733507143,0.3740083733507143,0.0005610125600260715,0.009508036909924989,247451.9525570217,2330.622652145452,2024
2024-07-15 00:00:00+00:00,60797.91,64900.0,60632.3,64724.14,38690.9782,0.4141822726376472,0.06457837119729937,0.4064906241256478,0.0324822507749335,4.872337616240025e-05,0.026201779036845577,253935.63394015678,6483.681383135088,2024
2024-07-16 00:00:00+00:00,64724.06,65388.97,62373.24,65043.99,42530.52915,0.40597228838766886,0.0049417419837483045,0.4141822726376472,0.007691648511999383,1.1537472767999074e-05,0.0020352444528497484,254452.45503051436,516.8210903575819,2024
2024-07-17 00:00:00+00:00,65044.0,66128.63,63854.0,64087.99,29567.52954,0.3961317249225912,-0.014697745325894074,0.40597228838766886,0.00820998424997832,1.231497637496748e-05,-0.0059791922804673485,252931.03487564993,-1521.4201548644342,2024
2024-07-18 00:00:00+00:00,64087.99,65133.3,63238.48,63987.92,22568.7225,0.3976064265981277,-0.001561447004345129,0.3961317249225912,0.009840563465077667,1.47608451976165e-05,-0.0006332995404040652,252770.8537675093,-160.18110814061947,2024
2024-07-19 00:00:00+00:00,63987.92,67386.0,63300.67,66660.0,35634.72739,0.38921970946224077,0.041759132036171875,0.3976064265981277,0.0014747016755365383,2.2120525133048073e-06,0.016601487214228394,256967.2258644602,4196.372096950887,2024
2024-07-20 00:00:00+00:00,66660.01,67598.0,66222.46,67139.96,14386.924340000001,0.3992294103131003,0.007200120012001321,0.38921970946224077,0.008386717135886956,1.2580075703830435e-05,0.0027898485434605896,257684.12550525524,716.8996407950472,2024
2024-07-21 00:00:00+00:00,67139.97,68366.66,65777.0,68165.34,21819.11191,0.3961378429442872,0.015272276003738927,0.3992294103131003,0.010009700850859504,1.5014551276289257e-05,0.006082127191835315,259251.39313189502,1567.2676266397757,2024
2024-07-22 00:00:00+00:00,68165.35,68474.55,66559.97,67532.01,21451.04303,0.3893446727657441,-0.009291085469536275,0.3961378429442872,0.003091567368813053,4.63735105321958e-06,-0.0036851879075663297,258296.00303290566,-955.3900989893591,2024
2024-07-23 00:00:00+00:00,67532.0,67750.98,65441.08,65936.01,31406.15316,0.38420610259431837,-0.023633237038257815,0.3893446727657441,0.00679317017854314,1.018975526781471e-05,-0.009211664696323566,255916.66686056595,-2379.33617233971,2024
2024-07-24 00:00:00+00:00,65936.0,67102.01,65111.0,65376.0,23082.56277,0.3936227293554564,-0.00849323457697837,0.38420610259431837,0.005138570171425716,7.707855257138574e-06,-0.0032708604104973024,255079.59916654532,-837.0676940206322,2024
2024-07-25 00:00:00+00:00,65376.01,66175.49,63456.7,65799.95,35126.42934,0.4066315808547796,0.006484795643661334,0.3936227293554564,0.009416626761138025,1.4124940141707039e-05,0.002538438020428641,255727.1029193054,647.5037527600944,2024
2024-07-26 00:00:00+00:00,65799.95,68200.0,65722.63,67907.99,24244.36023,0.41949073501576145,0.0320371064111753,0.4066315808547796,0.013008851499323182,1.9513277248984775e-05,0.01300778594874002,259053.54633537118,3326.4434160657693,2024
2024-07-27 00:00:00+00:00,67908.0,69399.99,66650.0,67896.5,31710.21921,0.4192144369072083,-0.00016919953012906053,0.41949073501576145,0.012859154160981878,1.928873124147282e-05,-9.02663664996339e-05,259030.16251301466,-23.383822356525343,2024
2024-07-28 00:00:00+00:00,67896.49,68318.43,67066.66,68249.88,10868.693940000001,0.4452480927137861,0.005204686544961978,0.4192144369072083,0.0002762981085531746,4.1444716282976193e-07,0.0021814652920619294,259595.22782213398,565.0653091193235,2024
2024-07-29 00:00:00+00:00,68249.88,70079.99,66428.0,66784.69,36467.29633,0.4212896391315435,-0.02146802309396001,0.4452480927137861,0.02603365580657785,3.905048370986677e-05,-0.009597646820631073,257103.7245091759,-2491.5033129580843,2024
2024-07-30 00:00:00+00:00,66784.68,67000.0,65302.67,66188.0,23132.25441,0.4227468060670777,-0.008934532749946156,0.4212896391315435,0.023958453582242634,3.593768037336395e-05,-0.0037999637584071365,256126.7396738895,-976.9848352863919,2024
2024-07-31 00:00:00+00:00,66188.0,66849.24,64530.0,64628.0,22625.43905,0.41515349185422923,-0.023569227050220576,0.4227468060670777,0.0014571669355342154,2.185750403301323e-06,-0.009966001207353822,253574.18027706392,-2552.5593968255853,2024
2024-08-01 00:00:00+00:00,64628.01,65659.78,62302.0,65354.02,35542.268540000005,0.4083446819903377,0.011233830537847433,0.41515349185422923,0.007593314212848479,1.1389971319272718e-05,0.004652374003366763,254753.90220130997,1179.721924246056,2024
2024-08-02 00:00:00+00:00,65354.02,65596.14,61230.01,61498.33,38820.42937,0.367630373490933,-0.05899698289408972,0.4083446819903377,0.006808809863891541,1.0213214795837311e-05,-0.024101317433072297,248613.99753704236,-6139.904664267611,2024
2024-08-03 00:00:00+00:00,61498.34,62198.22,59850.0,60697.99,28034.715669999998,0.0,-0.013014011925201907,0.367630373490933,0.04071430849940466,6.107146274910699e-05,-0.00484541752742654,247409.3589158128,-1204.638621229562,2024
2024-08-04 00:00:00+00:00,60697.99,61117.63,57122.77,58161.0,31616.52003,0.0,-0.04179693594466638,0.0,0.367630373490933,0.0005514455602363995,-0.0005514455602363995,247272.92612327775,-136.4327925350517,2024
2024-08-05 00:00:00+00:00,58161.0,58305.59,49000.0,54018.81,162065.59186,0.0,-0.07121937380719046,0.0,0.0,0.0,-0.0,247272.92612327775,0.0,2024
2024-08-06 00:00:00+00:00,54018.82,57040.99,53950.0,56022.01,55884.77676,0.0,0.03708337891930613,0.0,0.0,0.0,0.0,247272.92612327775,0.0,2024
2024-08-07 00:00:00+00:00,56022.0,57736.05,54558.62,55134.16,44269.37684,0.0,-0.01584823536320812,0.0,0.0,0.0,-0.0,247272.92612327775,0.0,2024
2024-08-08 00:00:00+00:00,55133.76,62745.14,54730.0,61685.99,48349.52949,0.0,0.11883431252058596,0.0,0.0,0.0,0.0,247272.92612327775,0.0,2024
2024-08-09 00:00:00+00:00,61686.0,61744.37,59535.0,60837.99,30972.480170000003,0.0,-0.013747043696631933,0.0,0.0,0.0,-0.0,247272.92612327775,0.0,2024
2024-08-10 00:00:00+00:00,60837.99,61470.58,60242.0,60923.51,9995.20621,0.0,0.0014057006156844576,0.0,0.0,0.0,0.0,247272.92612327775,0.0,2024
2024-08-11 00:00:00+00:00,60923.51,61858.0,58286.73,58712.59,19189.845119999998,0.0,-0.03629009556409346,0.0,0.0,0.0,-0.0,247272.92612327775,0.0,2024
2024-08-12 00:00:00+00:00,58712.59,60711.09,57642.21,59346.64,37009.91743,0.0,0.0107992169992841,0.0,0.0,0.0,0.0,247272.92612327775,0.0,2024
2024-08-13 00:00:00+00:00,59346.64,61578.1,58392.88,60587.15,27858.95851,0.0,0.02090278404977952,0.0,0.0,0.0,0.0,247272.92612327775,0.0,2024
2024-08-14 00:00:00+00:00,60587.16,61800.0,58433.18,58683.39,28422.763259999996,0.0,-0.031421844400999266,0.0,0.0,0.0,-0.0,247272.92612327775,0.0,2024
2024-08-15 00:00:00+00:00,58683.39,59849.38,56078.54,57541.06,37686.17622,0.0,-0.019465985179111134,0.0,0.0,0.0,-0.0,247272.92612327775,0.0,2024
2024-08-16 00:00:00+00:00,57541.05,59817.76,57098.62,58874.6,27610.843439999997,0.0,0.023175450712934476,0.0,0.0,0.0,0.0,247272.92612327775,0.0,2024
2024-08-17 00:00:00+00:00,58874.59,59700.0,58785.05,59491.99,7721.729310000001,0.0,0.010486525598475405,0.0,0.0,0.0,0.0,247272.92612327775,0.0,2024
2024-08-18 00:00:00+00:00,59491.99,60284.99,58408.92,58427.35,13634.85717,0.0,-0.017895518371464747,0.0,0.0,0.0,-0.0,247272.92612327775,0.0,2024
2024-08-19 00:00:00+00:00,58427.35,59617.63,57787.3,59438.5,22809.31251,0.0,0.017306107499313272,0.0,0.0,0.0,0.0,247272.92612327775,0.0,2024
2024-08-20 00:00:00+00:00,59438.5,61400.0,58548.23,59013.8,31477.44548,0.0,-0.007145200501358473,0.0,0.0,0.0,-0.0,247272.92612327775,0.0,2024
2024-08-21 00:00:00+00:00,59013.8,61820.93,58783.47,61156.03,27983.642200000002,0.0,0.03630049242719502,0.0,0.0,0.0,0.0,247272.92612327775,0.0,2024
2024-08-22 00:00:00+00:00,61156.03,61400.0,59724.87,60375.84,21241.20588,0.0,-0.012757368324922358,0.0,0.0,0.0,-0.0,247272.92612327775,0.0,2024
2024-08-23 00:00:00+00:00,60375.83,64955.0,60342.14,64037.24,38118.070889999995,0.29793140143417324,0.06064346268308651,0.0,0.0,0.0,0.0,247272.92612327775,0.0,2024
2024-08-24 00:00:00+00:00,64037.24,64494.5,63531.0,64157.01,15857.156159999999,0.31252318164188536,0.0018703179587378216,0.29793140143417324,0.29793140143417324,0.00044689710215125986,0.00011032934842300149,247300.20758409958,27.281460821832297,2024
2024-08-25 00:00:00+00:00,64157.02,65000.0,63773.27,64220.0,12305.47977,0.35764645543601065,0.0009818100937060148,0.31252318164188536,0.014591780207712124,2.1887670311568186e-05,0.0002849507439415532,247370.67596222757,70.46837812798913,2024
2024-08-26 00:00:00+00:00,64219.99,64481.0,62800.0,62834.0,19470.05276,0.0,-0.021582061663033336,0.35764645543601065,0.045123273794125285,6.768491069118793e-05,-0.007786432765476473,245444.5408256972,-1926.1351365303854,2024
2024-08-27 00:00:00+00:00,62834.0,63212.0,58034.01,59415.0,35135.94178,0.0,-0.05441321577489899,0.0,0.35764645543601065,0.000536469683154016,-0.000536469683154016,245312.86727064857,-131.67355504861916,2024
2024-08-28 00:00:00+00:00,59415.0,60234.98,57860.0,59034.9,36868.54275,0.0,-0.006397374400403888,0.0,0.0,0.0,-0.0,245312.86727064857,0.0,2024
2024-08-29 00:00:00+00:00,59034.9,61166.99,58713.09,59359.01,27020.90743,0.0,0.0054901422717748005,0.0,0.0,0.0,0.0,245312.86727064857,0.0,2024
2024-08-30 00:00:00+00:00,59359.0,59944.07,57701.1,59123.99,28519.321949999998,0.0,-0.003959297838693754,0.0,0.0,0.0,-0.0,245312.86727064857,0.0,2024
2024-08-31 00:00:00+00:00,59123.99,59462.38,58744.0,58973.99,8798.409,0.0,-0.0025370412247210927,0.0,0.0,0.0,-0.0,245312.86727064857,0.0,2024
2024-09-01 00:00:00+00:00,58974.0,59076.59,57201.0,57301.86,20705.15741,0.0,-0.028353686091105557,0.0,0.0,0.0,-0.0,245312.86727064857,0.0,2024
2024-09-02 00:00:00+00:00,57301.77,59425.69,57128.0,59132.13,22895.01461,0.0,0.03194084799341579,0.0,0.0,0.0,0.0,245312.86727064857,0.0,2024
2024-09-03 00:00:00+00:00,59132.12,59809.65,57415.0,57487.73,22828.18447,0.0,-0.0278089086254798,0.0,0.0,0.0,-0.0,245312.86727064857,0.0,2024
2024-09-04 00:00:00+00:00,57487.74,58519.0,55606.0,57970.9,35560.82146,0.0,0.008404750022309004,0.0,0.0,0.0,0.0,245312.86727064857,0.0,2024
2024-09-05 00:00:00+00:00,57970.9,58327.07,55643.65,56180.0,27806.914129999997,0.0,-0.030893086013844884,0.0,0.0,0.0,-0.0,245312.86727064857,0.0,2024
2024-09-06 00:00:00+00:00,56180.0,57008.0,52550.0,53962.97,54447.76826,0.0,-0.03946297614809535,0.0,0.0,0.0,-0.0,245312.86727064857,0.0,2024
2024-09-07 00:00:00+00:00,53962.97,54850.0,53745.54,54160.86,16694.04774,0.0,0.0036671443399056702,0.0,0.0,0.0,0.0,245312.86727064857,0.0,2024
2024-09-08 00:00:00+00:00,54160.86,55318.0,53629.01,54869.95,16274.14779,0.0,0.013092295801802267,0.0,0.0,0.0,0.0,245312.86727064857,0.0,2024
2024-09-09 00:00:00+00:00,54869.95,58088.0,54591.96,57042.0,32384.51737,0.0,0.03958541970605056,0.0,0.0,0.0,0.0,245312.86727064857,0.0,2024
2024-09-10 00:00:00+00:00,57042.01,58044.36,56386.4,57635.99,23626.78126,0.0,0.010413204305599333,0.0,0.0,0.0,0.0,245312.86727064857,0.0,2024
2024-09-11 00:00:00+00:00,57635.99,57981.71,55545.19,57338.0,33026.56757,0.0,-0.005170207018218909,0.0,0.0,0.0,-0.0,245312.86727064857,0.0,2024
2024-09-12 00:00:00+00:00,57338.0,58588.0,57324.0,58132.32,31074.40631,0.0,0.013853291011196811,0.0,0.0,0.0,0.0,245312.86727064857,0.0,2024
2024-09-13 00:00:00+00:00,58132.31,60625.0,57632.62,60498.0,29825.23333,0.0,0.04069474605520651,0.0,0.0,0.0,0.0,245312.86727064857,0.0,2024
2024-09-14 00:00:00+00:00,60497.99,60610.45,59400.0,59993.03,12137.90901,0.0,-0.008346887500413236,0.0,0.0,0.0,-0.0,245312.86727064857,0.0,2024
2024-09-15 00:00:00+00:00,59993.02,60395.8,58691.05,59132.0,13757.92361,0.0,-0.014352167243428138,0.0,0.0,0.0,-0.0,245312.86727064857,0.0,2024
2024-09-16 00:00:00+00:00,59132.0,59210.7,57493.3,58213.99,26477.5642,0.0,-0.01552475816816612,0.0,0.0,0.0,-0.0,245312.86727064857,0.0,2024
2024-09-17 00:00:00+00:00,58213.99,61320.0,57610.01,60313.99,33116.258780000004,0.0,0.03607380287796791,0.0,0.0,0.0,0.0,245312.86727064857,0.0,2024
2024-09-18 00:00:00+00:00,60313.99,61786.24,59174.8,61759.99,36087.02469,0.0,0.023974537250810224,0.0,0.0,0.0,0.0,245312.86727064857,0.0,2024
2024-09-19 00:00:00+00:00,61759.98,63850.0,61555.0,62947.99,34332.526079999996,0.0,0.019235754409934414,0.0,0.0,0.0,0.0,245312.86727064857,0.0,2024
2024-09-20 00:00:00+00:00,62948.0,64133.32,62350.0,63201.05,25466.37794,0.0,0.004020144249244684,0.0,0.0,0.0,0.0,245312.86727064857,0.0,2024
2024-09-21 00:00:00+00:00,63201.05,63559.9,62758.0,63348.96,8375.34608,0.0,0.0023403092195461994,0.0,0.0,0.0,0.0,245312.86727064857,0.0,2024
2024-09-22 00:00:00+00:00,63348.97,64000.0,62357.93,63578.76,14242.198919999999,0.0,0.003627526008319615,0.0,0.0,0.0,0.0,245312.86727064857,0.0,2024
2024-09-23 00:00:00+00:00,63578.76,64745.88,62538.75,63339.99,24078.05287,0.0,-0.0037554994781276996,0.0,0.0,0.0,-0.0,245312.86727064857,0.0,2024
2024-09-24 00:00:00+00:00,63339.99,64688.0,62700.0,64262.7,23185.047590000002,0.4644530533328229,0.014567574134444872,0.0,0.0,0.0,0.0,245312.86727064857,0.0,2024
2024-09-25 00:00:00+00:00,64262.7,64817.99,62947.08,63152.01,17813.11168,0.0,-0.017283587524333677,0.4644530533328229,0.4644530533328229,0.0006966795799992344,-0.008724094578221096,243172.73461532482,-2140.132655323745,2024
2024-09-26 00:00:00+00:00,63152.01,65839.0,62670.0,65173.99,28373.30593,0.4949777239682042,0.03201766657941674,0.0,0.4644530533328229,0.0006966795799992344,-0.0006966795799992344,243003.32113670575,-169.4134786190698,2024
2024-09-27 00:00:00+00:00,65173.99,66498.0,64819.9,65769.95,22048.80487,0.492669450118779,0.009144138635673427,0.4949777239682042,0.4949777239682042,0.0007424665859523063,0.003783678343583046,243922.76754030946,919.4464036037098,2024
2024-09-28 00:00:00+00:00,65769.95,66260.0,65422.23,65858.0,9127.23316,0.5035527621977092,0.0013387572896133015,0.492669450118779,0.002308273849425224,3.4624107741378364e-06,0.0006561024069421543,244082.80585520066,160.0383148911933,2024
2024-09-29 00:00:00+00:00,65858.0,66076.12,65432.0,65602.01,8337.74111,0.5390216013778762,-0.0038869993015275828,0.5035527621977092,0.010883312078930174,1.6324968118395263e-05,-0.001973634203063176,243601.07568118518,-481.73017401547986,2024
2024-09-30 00:00:00+00:00,65602.01,65618.8,62856.3,63327.59,30011.08752,0.0,-0.03466997428889751,0.5390216013778762,0.03546883918016708,5.3203258770250615e-05,-0.01874106831970158,239035.7312790913,-4565.344402093877,2024
2024-10-01 00:00:00+00:00,63327.6,64130.63,60164.0,60805.78,43671.48108,0.0,-0.03982166382772501,0.0,0.5390216013778762,0.0008085324020668143,-0.0008085324020668143,238842.4631451004,-193.26813399090315,2024
2024-10-02 00:00:00+00:00,60804.92,62390.31,60000.0,60649.28,31534.701180000004,0.0,-0.002573768480562233,0.0,0.0,0.0,-0.0,238842.4631451004,0.0,2024
2024-10-03 00:00:00+00:00,60649.27,61477.19,59828.11,60752.71,26221.43472,0.0,0.001705378860227258,0.0,0.0,0.0,0.0,238842.4631451004,0.0,2024
2024-10-04 00:00:00+00:00,60752.72,62484.85,60459.9,62086.0,21294.659939999998,0.0,0.021946181495442696,0.0,0.0,0.0,0.0,238842.4631451004,0.0,2024
2024-10-05 00:00:00+00:00,62086.0,62370.56,61689.26,62058.0,7807.46141,0.0,-0.00045098734014104025,0.0,0.0,0.0,-0.0,238842.4631451004,0.0,2024
2024-10-06 00:00:00+00:00,62058.01,62975.0,61798.97,62819.91,8906.86177,0.0,0.012277385671468632,0.0,0.0,0.0,0.0,238842.4631451004,0.0,2024
2024-10-07 00:00:00+00:00,62819.91,64478.19,62128.0,62224.0,25966.1852,0.0,-0.009486005312646983,0.0,0.0,0.0,-0.0,238842.4631451004,0.0,2024
2024-10-08 00:00:00+00:00,62224.01,63200.0,61860.31,62160.49,19702.22371,0.0,-0.001020667266649511,0.0,0.0,0.0,-0.0,238842.4631451004,0.0,2024
2024-10-09 00:00:00+00:00,62160.5,62543.75,60301.0,60636.02,20011.15684,0.0,-0.02452474232426416,0.0,0.0,0.0,-0.0,238842.4631451004,0.0,2024
2024-10-10 00:00:00+00:00,60636.01,61321.68,58946.0,60326.39,23967.92481,0.0,-0.005106370767738344,0.0,0.0,0.0,-0.0,238842.4631451004,0.0,2024
2024-10-11 00:00:00+00:00,60326.4,63417.56,60087.64,62540.0,23641.35209,0.0,0.036693891346722296,0.0,0.0,0.0,0.0,238842.4631451004,0.0,2024
2024-10-12 00:00:00+00:00,62539.99,63480.0,62487.23,63206.22,10911.301159999999,0.0,0.010652702270546932,0.0,0.0,0.0,0.0,238842.4631451004,0.0,2024
2024-10-13 00:00:00+00:00,63206.23,63285.72,62050.0,62870.02,11909.21995,0.0,-0.005319096759781039,0.0,0.0,0.0,-0.0,238842.4631451004,0.0,2024
2024-10-14 00:00:00+00:00,62870.02,66500.0,62457.81,66083.99,37669.95222,0.5091796697693498,0.051120868102157546,0.0,0.0,0.0,0.0,238842.4631451004,0.0,2024
2024-10-15 00:00:00+00:00,66084.0,67950.0,64800.01,67074.14,43683.95423,0.5010842554299172,0.014983205463229288,0.5091796697693498,0.5091796697693498,0.0007637695046540247,0.006865374105199383,240482.2060067988,1639.7428616984107,2024
2024-10-16 00:00:00+00:00,67074.14,68424.0,66750.49,67620.01,29938.255439999997,0.523795816015354,0.008138307848598592,0.5010842554299172,0.008095414339432616,1.2143121509148924e-05,0.0040658348072653274,241459.96693050922,977.7609237104189,2024
2024-10-17 00:00:00+00:00,67620.0,67939.4,66666.0,67421.78,25328.228610000002,0.527526029457221,-0.0029315286998625734,0.523795816015354,0.022711560585436774,3.406734087815516e-05,-0.0015695898083951014,241080.97382727967,-378.99310322955716,2024
2024-10-18 00:00:00+00:00,67421.78,69000.0,67192.36,68428.0,28725.635000000002,0.5227672930111774,0.014924257413553965,0.527526029457221,0.0037302134418670807,5.595320162800621e-06,0.007867338935806817,242977.63955935327,1896.6657320735976,2024
2024-10-19 00:00:00+00:00,68427.99,68693.26,68010.0,68378.0,8193.66737,0.5218884104366022,-0.000730695037119311,0.5227672930111774,0.004758736446043632,7.138104669065448e-06,-0.00038912157124062954,242883.09171847158,-94.54784088168526,2024
2024-10-20 00:00:00+00:00,68377.99,69400.0,68100.0,69031.99,12442.47378,0.5462968761757918,0.00956433355757702,0.5218884104366022,0.000878882574575246,1.318323861862869e-06,0.004990196513387461,244095.12607592583,1212.0343574542494,2024
2024-10-21 00:00:00+00:00,69032.0,69519.52,66840.67,67377.5,31374.42184,0.551086555113306,-0.023967004283086846,0.5462968761757918,0.024408465739189644,3.661269860878447e-05,-0.01312971226975095,240890.22730410035,-3204.8987718254793,2024
2024-10-22 00:00:00+00:00,67377.5,67836.01,66571.42,67426.0,24598.96268,0.5681398162494802,0.0007198248673518926,0.551086555113306,0.004789678937514141,7.184518406271212e-06,0.00038950128802757564,240984.05435790852,93.8270538081706,2024
2024-10-23 00:00:00+00:00,67426.01,67472.83,65260.0,66668.65,25530.240700000002,0.5533880242418432,-0.011232313944175898,0.5681398162494802,0.017053261136174225,2.5579891704261337e-05,-0.00640710467200483,239440.0442973533,-1544.0100605552143,2024
2024-10-24 00:00:00+00:00,66668.65,68850.0,66510.0,68198.28,22589.838770000002,0.5614100315018001,0.022943767422919148,0.5533880242418432,0.014751792007636988,2.2127688011455482e-05,0.012674678434822138,242474.86986324182,3034.8255658885173,2024
2024-10-25 00:00:00+00:00,68198.27,68771.49,65596.29,66698.33,34479.71125,0.5153723226823678,-0.02199395644582236,0.5614100315018001,0.008022007259956943,1.2033010889935414e-05,-0.012359660791988285,239477.96272115066,-2996.907142091164,2024
2024-10-26 00:00:00+00:00,66698.32,67454.55,66439.9,67092.76,11842.9077,0.520486669779812,0.005913641316056761,0.5153723226823678,0.046037708819432366,6.905656322914855e-05,0.0029786704973374387,240191.2886634706,713.3259423199343,2024
2024-10-27 00:00:00+00:00,67092.76,68332.05,66913.73,68021.7,8653.19592,0.5401262326161701,0.013845607186230069,0.520486669779812,0.005114347097444183,7.671520646166274e-06,0.0071987824547941545,241920.37349809558,1729.084834624984,2024
2024-10-28 00:00:00+00:00,68021.69,70270.0,67618.0,69962.21,29046.75459,0.5376940375737957,0.028527808037729363,0.5401262326161701,0.01963956283635815,2.9459344254537224e-05,0.01537915813596152,245640.90517843363,3720.5316803380556,2024
2024-10-29 00:00:00+00:00,69962.21,73620.12,69760.0,72736.42,50128.60594,0.5377317611726556,0.03965297837218107,0.5376940375737957,0.002432195042374352,3.6482925635615283e-06,0.021317521750200876,250877.36051731388,5236.455338880245,2024
2024-10-30 00:00:00+00:00,72736.41,72961.0,71436.0,72344.74,26885.99056,0.5457651305391954,-0.00538492271134583,0.5377317611726556,3.7723598859895624e-05,5.658539828984344e-08,-0.002895700558748915,250150.89480428645,-726.4657130274281,2024
2024-10-31 00:00:00+00:00,72344.75,72700.0,69685.76,70292.01,29352.10297,0.5343312714289177,-0.028374281253896405,0.5457651305391954,0.008033369366539755,1.2050054049809633e-05,-0.015497743366538426,246274.12043369966,-3876.7743705867906,2024
2024-11-01 00:00:00+00:00,70292.01,71632.95,68820.14,69496.01,38301.867549999995,0.5059897662729173,-0.011324188908526045,0.5343312714289177,0.011433859110277722,1.7150788665416584e-05,-0.0060680190460593855,244779.72438035643,-1494.3960533432255,2024
2024-11-02 00:00:00+00:00,69496.0,69914.37,69000.14,69374.74,10521.67243,0.5088997649462957,-0.0017449922664622974,0.5059897662729173,0.028341505156000424,4.2512257734000634e-05,-0.0009254604867893067,244553.19041747524,-226.53396288119256,2024
2024-11-03 00:00:00+00:00,69374.74,69391.0,67478.73,68775.99,24995.70243,0.5309207005962746,-0.008630662976178316,0.5088997649462957,0.002909998673378489,4.364998010067734e-06,-0.00439650735791791,243478.0105164025,-1075.1799010727555,2024
2024-11-04 00:00:00+00:00,68775.99,69500.0,66835.0,67850.01,29800.39187,0.530091881102085,-0.01346371022794457,0.5309207005962746,0.022020935649978868,3.30314034749683e-05,-0.007181193870320527,241729.54771972427,-1748.4627966782136,2024
2024-11-05 00:00:00+00:00,67850.01,70577.91,67476.63,69372.01,33355.06888,0.5233926874317402,0.022431831623900944,0.530091881102085,0.0008288194941895588,1.2432292412843383e-06,0.011889688592837608,244603.63676579928,2874.089046075009,2024
2024-11-06 00:00:00+00:00,69372.01,76400.0,69298.0,75571.99,104126.994787,0.5001383956276457,0.0893729329739763,0.5233926874317402,0.006699193670344883,1.0048790505517325e-05,0.046767090782400725,256043.03725213077,11439.400486331491,2024
2024-11-07 00:00:00+00:00,75571.99,76849.99,74416.0,75857.89,44869.422345,0.495490505241406,0.0037831476979763856,0.5001383956276457,0.02325429180409444,3.488143770614166e-05,0.0018572159823821892,256518.56447309314,475.5272209623654,2024
2024-11-08 00:00:00+00:00,75857.89,77199.99,75555.0,76509.78,36521.099583,0.4899483752206215,0.008593568843003663,0.495490505241406,0.00464789038623975,6.971835579359626e-06,0.00425105993226733,257609.04026440743,1090.4757913142967,2024
2024-11-09 00:00:00+00:00,76509.78,76900.0,75714.66,76677.46,16942.079149999998,0.492172843005988,0.0021916152418686163,0.4899483752206215,0.005542130020784464,8.313195031176696e-06,0.0010654651318311012,257883.51371445364,274.4734500462073,2024
2024-11-10 00:00:00+00:00,76677.46,81500.0,76492.0,80370.01,61830.100435,0.492432652637887,0.04815691599591321,0.492172843005988,0.002224467785366502,3.3367016780497527e-06,0.023698189554431096,263994.88610542146,6111.372390967823,2024
2024-11-11 00:00:00+00:00,80370.01,89530.54,80216.01,88647.99,82323.66577600001,0.4694282475757048,0.10299836966550102,0.492432652637887,0.0002598096318989773,3.8971444784846597e-07,0.05071937067731249,277384.5405907172,13389.65448529576,2024
2024-11-12 00:00:00+00:00,88648.0,89940.0,85072.0,87952.01,97299.887911,0.44578491685038757,-0.00785105223479976,0.4694282475757048,0.02300440506218221,3.450660759327331e-05,-0.0037200122998006452,276352.66668794525,-1031.8739027719712,2024
2024-11-13 00:00:00+00:00,87952.0,93265.64,86127.99,90375.2,86763.854127,0.4251480912162927,0.027551274837266382,0.44578491685038757,0.023643330725317213,3.546499608797582e-05,0.012246477766364993,279737.0134762148,3384.346788269526,2024
2024-11-14 00:00:00+00:00,90375.21,91790.0,86668.21,87325.59,56729.510859999995,0.39916307006576024,-0.03374388106471693,0.4251480912162927,0.020636825634094857,3.0955238451142286e-05,-0.014377101863345147,275715.20593851927,-4021.8075376955094,2024
2024-11-15 00:00:00+00:00,87325.59,91850.0,87073.38,91032.07,47927.95068,0.39450442796471713,0.04244437398018164,0.39916307006576024,0.025985021150532472,3.897753172579871e-05,0.016903249093222775,280375.6887432873,4660.48280476802,2024
2024-11-16 00:00:00+00:00,91032.08,91779.66,90056.17,90586.92,22717.87689,0.3909290502781517,-0.004890034907478302,0.39450442796471713,0.004658642101043109,6.987963151564663e-06,-0.0019361283870537908,279832.8454132716,-542.8433300156612,2024
2024-11-17 00:00:00+00:00,90587.98,91449.99,88722.0,89855.99,23867.55609,0.3873702198594553,-0.008068824947354392,0.3909290502781517,0.0035753776865654063,5.36306652984811e-06,-0.003159701140059758,278948.65725259314,-884.1881606784882,2024
2024-11-18 00:00:00+00:00,89855.98,92594.0,89376.9,90464.08,46545.03448,0.39346470176390286,0.006767384122082332,0.3873702198594553,0.0035588304186964237,5.338245628044636e-06,0.002616144829616375,279678.427339993,729.7700873998692,2024
2024-11-19 00:00:00+00:00,90464.07,93905.51,90357.0,92310.79,43660.04682,0.39055195841780693,0.020413737695668788,0.39346470176390286,0.006094481904447557,9.141722856671336e-06,0.00802294349145619,281922.27155832114,2243.8442183281295,2024
2024-11-20 00:00:00+00:00,92310.8,94831.97,91500.0,94286.56,42203.198712,0.3972109167576045,0.02140345673566446,0.39055195841780693,0.002912743346095925,4.369115019143888e-06,0.008354792830005411,284277.67373135546,2355.402173034323,2024
2024-11-21 00:00:00+00:00,94286.56,98988.0,94040.0,98317.12,69228.360477,0.4026579584704989,0.04274798019993509,0.3972109167576045,0.006658958339797572,9.988437509696357e-06,0.016969975967242444,289101.8590226001,4824.185291244648,2024
2024-11-22 00:00:00+00:00,98317.12,99588.01,97122.11,98892.0,46189.309243,0.3969795280859096,0.0058472013826280644,0.4026579584704989,0.005447041712894396,8.170562569341593e-06,0.0023462516089255534,289780.1647244753,678.3057018751861,2024
2024-11-23 00:00:00+00:00,98892.0,98908.85,97136.0,97672.4,24757.84367,0.3927836921964304,-0.012332645714516866,0.3969795280859096,0.005678430384589317,8.517645576883975e-06,-0.004904325521376505,288358.98846702836,-1421.1762574469321,2024
2024-11-24 00:00:00+00:00,97672.4,98564.0,95734.77,97900.04,31200.97838,0.39287294003689144,0.002330648166728677,0.3927836921964304,0.004195835889479194,6.293753834218791e-06,0.0009091468383043127,288621.1491296898,262.160662661423,2024
2024-11-25 00:00:00+00:00,97900.05,98871.8,92600.19,93010.01,50847.45096,0.3587173818035244,-0.04994921350389636,0.39287294003689144,8.924784046104861e-05,1.338717606915729e-07,-0.019623828233566853,282957.2972745941,-5663.851855095709,2024
2024-11-26 00:00:00+00:00,93010.01,94973.37,90791.1,91965.16,57858.73138,0.36787825006501707,-0.011233737099909935,0.3587173818035244,0.03415555823336702,5.123333735005053e-05,-0.004080970097698859,281802.5570054908,-1154.740269103262,2024
2024-11-27 00:00:00+00:00,91965.16,97208.21,91792.14,95863.11,41153.42734,0.36943823062606207,0.04238507278190995,0.36787825006501707,0.00916086826149265,1.3741302392238975e-05,0.015578805101495178,286192.70411818236,4390.147112691542,2024
2024-11-28 00:00:00+00:00,95863.11,96564.0,94640.0,95643.98,28814.54357,0.3673360689869207,-0.002285863665387078,0.36943823062606207,0.0015599805610450046,2.339970841567507e-06,-0.0008468253988345744,285950.3488673739,-242.35525080846855,2024
2024-11-29 00:00:00+00:00,95643.99,98619.99,95364.99,97460.0,27701.782310000002,0.3650706769607908,0.018987290156683212,0.3673360689869207,0.0021021616391413422,3.1532424587120136e-06,0.006971563284411354,287943.8698207023,1993.520953328407,2024
2024-11-30 00:00:00+00:00,97460.0,97463.95,96092.01,96407.99,14503.833059999999,0.37750177891349346,-0.010794274574184248,0.3650706769607908,0.0022653920261299088,3.3980880391948634e-06,-0.003944071214137291,286808.1986924552,-1135.6711282471078,2024
2024-12-01 00:00:00+00:00,96407.99,97836.0,95693.88,97185.18,16938.60452,0.4179179388345975,0.008061468764155144,0.37750177891349346,0.012431101952702639,1.8646652929053957e-05,0.003024572146195075,287675.6707815208,867.4720890655881,2024
2024-12-02 00:00:00+00:00,97185.17,98130.0,94395.0,95840.62,37958.66981,0.41863054992373144,-0.01383503122595442,0.4179179388345975,0.04041615992110403,6.062423988165605e-05,-0.005842531973544821,285994.9164769688,-1680.7543045519851,2024
2024-12-03 00:00:00+00:00,95840.61,96305.52,93578.17,95849.69,35827.322830000005,0.4460296815325917,9.463628261174861e-05,0.41863054992373144,0.0007126110891339521,1.0689166337009282e-06,3.854872239879306e-05,286005.9412156116,11.024738642794546,2024
2024-12-04 00:00:00+00:00,95849.69,99000.0,94587.83,98587.32,43850.53728,0.4636440940843095,0.028561699051921963,0.4460296815325917,0.02739913160886026,4.109869741329039e-05,0.01269826683474519,289637.72097348986,3631.7797578782775,2024
2024-12-05 00:00:00+00:00,98587.32,104088.0,90500.0,96945.63,109921.729662,0.40277771631498077,-0.016652141472148774,0.4636440940843095,0.017614412551717806,2.642161882757671e-05,-0.007747088666245755,287393.8718680189,-2243.8491054709884,2024
2024-12-06 00:00:00+00:00,96945.63,101898.99,95981.72,99740.84,45049.5331,0.39260888920127485,0.028832759145512643,0.40277771631498077,0.06086637776932874,9.12995666539931e-05,0.011521893317035466,290705.193399652,3311.321531633148,2024
2024-12-07 00:00:00+00:00,99740.84,100439.18,98844.0,99831.99,14931.945899999999,0.3986275549527981,0.0009138683812970338,0.39260888920127485,0.010168827113705925,1.5253240670558887e-05,0.00034353960938663666,290805.06214823923,99.86874858720694,2024
2024-12-08 00:00:00+00:00,99831.99,101351.0,98657.7,101109.59,14612.996879999999,0.40643575413256483,0.012797501081567075,0.3986275549527981,0.006018665751523267,9.0279986272849e-06,0.0050924085670235875,292285.9603380567,1480.898189817497,2024
2024-12-09 00:00:00+00:00,101109.6,101215.93,94150.05,97276.47,53949.11595,0.3741816123694065,-0.0379105483466009,0.40643575413256483,0.007808199179766717,1.1712298769650076e-05,-0.015419914605599447,287778.93578922824,-4507.024548828485,2024
2024-12-10 00:00:00+00:00,97276.48,98270.0,94256.54,96593.0,51708.68933,0.3684769220744439,-0.007026056763778543,0.3741816123694065,0.03225414176315833,4.8381212644737495e-05,-0.002677402461114367,287008.4357582893,-770.5000309389434,2024
2024-12-11 00:00:00+00:00,96593.0,101888.0,95658.24,101125.0,37753.782909999994,0.37985132710605995,0.04691851376393741,0.3684769220744439,0.005704690294962622,8.557035442443933e-06,0.017279832504600644,291967.89345559996,4959.45769731066,2024
2024-12-12 00:00:00+00:00,101125.0,102540.0,99311.64,100004.29,29232.08745,0.37224697648534855,-0.011082422744128628,0.37985132710605995,0.011374405031616075,1.7061607547424114e-05,-0.004226734594455066,290733.822659861,-1234.0707957389532,2024
2024-12-13 00:00:00+00:00,100004.29,101895.26,99205.0,101424.25,21904.03923,0.3734715478145378,0.014198990863292016,0.37224697648534855,0.007604350620711409,1.1406525931067113e-05,0.005274124892072475,292267.18915091874,1533.3664910577354,2024
2024-12-14 00:00:00+00:00,101424.24,102650.0,100609.41,101420.0,14191.70326,0.37694138560269563,-4.19031937628489e-05,0.3734715478145378,0.001224571329189239,1.8368569937838586e-06,-1.7486507626767523e-05,292262.07841848664,-5.1107324321055785,2024
2024-12-15 00:00:00+00:00,101420.0,105250.0,101237.14,104463.99,22228.921775000003,0.3989182363547712,0.030013705383553635,0.37694138560269563,0.003469837788157848,5.204756682236772e-06,0.011308202937665556,295567.03731222684,3304.9588937402004,2024
2024-12-16 00:00:00+00:00,104463.99,107793.07,103333.0,106058.66,41302.402740000005,0.4036443633234513,0.01526526030644626,0.3989182363547712,0.02197685075207556,3.296527612811334e-05,0.006056625442815922,297357.17615046975,1790.138838242914,2024
2024-12-17 00:00:00+00:00,106058.65,108353.0,105321.49,106133.74,29064.936466,0.4159499067810091,0.0007079101319968917,0.4036443633234513,0.004726126968680133,7.0891904530202e-06,0.00027865474406708554,297440.03613828646,82.85998781671515,2024
2024-12-18 00:00:00+00:00,106133.74,106524.98,100000.0,100204.01,50307.99755,0.3713870691078924,-0.0558703575319216,0.4159499067810091,0.0123055434575578,1.8458315186336698e-05,-0.023257728322410777,290522.2565855742,-6917.77955271228,2024
2024-12-19 00:00:00+00:00,100204.01,102800.11,95700.0,97461.86,55147.398,0.3455437197567238,-0.027365671293993032,0.3713870691078924,0.04456283767311675,6.684425650967513e-05,-0.010230100712555732,287550.1846414648,-2972.071944109397,2024
2024-12-20 00:00:00+00:00,97461.86,98233.0,92232.54,97805.44,62884.1357,0.32954249473173675,0.0035252764517319513,0.3455437197567238,0.025843349351168554,3.876502402675283e-05,0.0011793721142754903,287889.3133106857,339.128669220896,2024
2024-12-21 00:00:00+00:00,97805.44,99540.61,96398.39,97291.99,23483.54143,0.32433250682282105,-0.005249707991702657,0.32954249473173675,0.016001225024987076,2.4001837537480615e-05,-0.0017540037057363097,287384.35438829684,-504.958922388847,2024
2024-12-22 00:00:00+00:00,97292.0,97448.08,94250.35,95186.27,19353.83036,0.31913288577017557,-0.02164330280426996,0.32433250682282105,0.005209987908915692,7.814981863373538e-06,-0.007027441636297642,285364.777610648,-2019.576777648821,2024
2024-12-23 00:00:00+00:00,95186.28,96538.92,92520.0,94881.47,32810.76703,0.3137844264030943,-0.003202142493870186,0.31913288577017557,0.005199621052645487,7.799431578968231e-06,-0.0010297084062950675,285070.9351002818,-293.8425103662303,2024
2024-12-24 00:00:00+00:00,94881.47,99487.99,93569.02,98663.58,23674.224879999998,0.3211958346405912,0.03986141867321402,0.3137844264030943,0.005348459367081282,8.022689050621923e-06,0.012499869704937432,288634.2846457,3563.3495454182266,2024
2024-12-25 00:00:00+00:00,98663.58,99569.15,97632.02,99429.6,14474.1651,0.3681520813627127,0.0077639591022340415,0.3211958346405912,0.007411408237496919,1.111711235624538e-05,0.0024826342116012327,289350.8579954025,716.573349702463,2024
2024-12-26 00:00:00+00:00,99429.61,99963.7,95199.14,95791.6,21192.36727,0.35956849314754813,-0.03658870195595676,0.3681520813627127,0.04695624672212151,7.043437008318226e-05,-0.013540641149528621,285432.86186097853,-3917.996134423942,2024
2024-12-27 00:00:00+00:00,95791.6,97544.58,93500.01,94299.03,26501.26429,0.34389804539046137,-0.01558142885179914,0.35956849314754813,0.008583588215164584,1.2875382322746876e-05,-0.005615466275649895,283830.023251236,-1602.8386097425246,2024
2024-12-28 00:00:00+00:00,94299.03,95733.99,94135.66,95300.0,8385.892899999999,0.3520244991275472,0.01061484937862045,0.34389804539046137,0.01567044775708676,2.3505671635630137e-05,0.0036269202817860962,284859.4521191457,1029.428867909708,2024
2024-12-29 00:00:00+00:00,95300.0,95340.0,93009.52,93738.2,13576.00578,0.36667831849638766,-0.01638824763903468,0.3520244991275472,0.008126453737085815,1.2189680605628723e-05,-0.00578125434731502,283212.6071732081,-1646.844945937628,2024
2024-12-30 00:00:00+00:00,93738.19,95024.5,91530.45,92792.05,27619.4225,0.3653408282348195,-0.010093537106537043,0.36667831849638766,0.01465381936884047,2.1980729053260707e-05,-0.003723061942959158,282158.1890936753,-1054.4180795327993,2024
2024-12-31 00:00:00+00:00,92792.05,96250.0,92033.73,93576.0,19612.03389,0.3779682537019242,0.008448460832582105,0.3653408282348195,0.0013374902615681528,2.0062353923522293e-06,0.003084561442492627,283028.52336443716,870.3342707618722,2024
2025-01-01 00:00:00+00:00,93576.0,95151.15,92888.0,94591.79,10373.32613,0.3868737982697883,0.010855240659998211,0.3779682537019242,0.012627425467104714,1.8941138200657072e-05,0.00408399521757299,284184.41050029435,1155.8871358571923,2025
2025-01-02 00:00:00+00:00,94591.78,97839.5,94392.0,96984.79,21970.48948,0.39278751219665314,0.025298178626284695,0.3868737982697883,0.008905544567864077,1.3358316851796114e-05,0.00977384413760654,286961.9846348618,2777.5741345674614,2025
2025-01-03 00:00:00+00:00,96984.79,98976.91,96100.01,98174.18,15253.82936,0.39336215548286424,0.012263675572221189,0.39278751219665314,0.00591371392686485,8.870570890297275e-06,0.004808148047509331,288341.74034099333,1379.7557061315165,2025
2025-01-04 00:00:00+00:00,98174.17,98778.43,97514.79,98220.5,8990.05651,0.40785327860216075,0.0004718144831972193,0.39336215548286424,0.0005746432862110962,8.619649293166443e-07,0.00018473199716917516,288395.00628655375,53.265945560415275,2025
2025-01-05 00:00:00+00:00,98220.51,98836.85,97276.79,98363.61,8095.63723,0.42473347810042766,0.0014570278098766654,0.40785327860216075,0.014491123119296512,2.173668467894477e-05,0.0005725168845937789,288560.11729708535,165.11101053160382,2025
2025-01-06 00:00:00+00:00,98363.61,102480.0,97920.0,102235.6,25263.43375,0.43236631157055044,0.039364049367443865,0.42473347810042766,0.016880199498266912,2.532029924740037e-05,0.016693909300703972,293377.31372304336,4817.196425958013,2025
2025-01-07 00:00:00+00:00,102235.6,102724.38,96181.81,96954.61,32059.87537,0.40993528558996106,-0.05165509861535522,0.43236631157055044,0.00763283347012278,1.1449250205184169e-05,-0.022345373712339366,286821.6880091798,-6555.625713863585,2025
2025-01-08 00:00:00+00:00,96954.6,97268.65,92500.9,95060.61,33704.67894,0.41495712743287166,-0.01953491432743626,0.40993528558996106,0.02243102598058938,3.364653897088407e-05,-0.00804169722276389,284515.15483728785,-2306.5331718919333,2025
2025-01-09 00:00:00+00:00,95060.61,95382.32,91203.67,92552.49,34544.83685,0.41450488270007974,-0.026384429891623817,0.41495712743287166,0.0050218418429106015,7.532762764365902e-06,-0.010955939999546579,281398.0238719288,-3117.1309653590433,2025
2025-01-10 00:00:00+00:00,92552.49,95836.0,92206.02,94726.11,31482.864240000003,0.42130912698914563,0.02348526765730452,0.41450488270007974,0.0004522447327919288,6.783670991878932e-07,0.009734079748371798,284137.1746773324,2739.150805403595,2025
2025-01-11 00:00:00+00:00,94726.1,95050.94,93831.73,94599.99,7047.9043,0.43287737528103565,-0.0013314174940783907,0.42130912698914563,0.006804244289065897,1.0206366433598845e-05,-0.0005711447085218417,283974.8912335211,-162.28344381129136,2025
2025-01-12 00:00:00+00:00,94599.99,95450.1,93711.19,94545.06,8606.86622,0.44749191291197654,-0.0005806554525006336,0.43287737528103565,0.011568248291890015,1.7352372437835024e-05,-0.0002687049806589313,283898.5857658646,-76.30546765652252,2025
2025-01-13 00:00:00+00:00,94545.07,95940.0,89256.69,94536.1,42619.564229999996,0.4423538734739476,-9.476962625010188e-05,0.44749191291197654,0.014614537630940894,2.192180644641134e-05,-6.43304477830225e-05,283880.3224427173,-18.263323147257324,2025
2025-01-14 00:00:00+00:00,94536.11,97371.0,94346.22,96560.86,27846.61753,0.44462290435435964,0.021417849900725594,0.4423538734739476,0.00513803943802893,7.707059157043394e-06,0.009466561805912528,286567.6930606037,2687.370617886365,2025
2025-01-15 00:00:00+00:00,96560.85,100681.94,96500.0,100497.35,30509.99179,0.4667357805353868,0.04076693186038316,0.44462290435435964,0.0022690308804120263,3.4035463206180393e-06,0.018122508099059218,291761.01839902316,5193.325338419469,2025
2025-01-16 00:00:00+00:00,100497.35,100866.66,97335.13,99987.3,27832.853170000002,0.46791700347125775,-0.005075258203325772,0.4667357805353868,0.02211287618102714,3.316931427154071e-05,-0.0024019739132194197,291060.2160439344,-700.8023550887592,2025
2025-01-17 00:00:00+00:00,99987.3,105865.22,99950.77,104077.48,39171.85292,0.4576258482265653,0.04090699518838892,0.46791700347125775,0.0011812229358709736,1.7718344038064604e-06,0.019139306775160292,296630.9068088437,5570.690764909319,2025
2025-01-18 00:00:00+00:00,104077.47,104988.88,102277.55,104556.23,24307.829980000002,0.45729254336068853,0.0045999384304846735,0.4576258482265653,0.01029115524469243,1.5436732867038644e-05,0.002089613993173486,297250.7509025192,619.8440936754923,2025
2025-01-19 00:00:00+00:00,104556.23,106422.43,99651.6,101331.57,43397.28298,0.42384724151023323,-0.030841395103859304,0.45729254336068853,0.0003333048658767934,4.999572988151901e-07,-0.014104039965134523,293058.3144321238,-4192.43647039542,2025
2025-01-20 00:00:00+00:00,101331.57,109588.0,99550.0,102260.01,89529.231732,0.39695202744604996,0.009162396279856155,0.42384724151023323,0.0334453018504553,5.016795277568295e-05,0.0038332884360649717,294181.69147992914,1123.3770478053484,2025
2025-01-21 00:00:00+00:00,102260.0,107240.81,100119.04,106143.82,45941.020019999996,0.38868610028094525,0.03797975376689289,0.39695202744604996,0.02689521406418327,4.03428210962749e-05,0.01503579743857361,298604.9478031583,4423.256323229172,2025
2025-01-22 00:00:00+00:00,106143.82,106394.46,103339.12,103706.66,22248.69254,0.38150598143229925,-0.022960922265658046,0.38868610028094525,0.008265927165104714,1.2398890747657072e-05,-0.008936990225040208,295936.31830349285,-2668.6294996654615,2025
2025-01-23 00:00:00+00:00,103706.66,106850.0,101262.28,103910.34,53953.12031,0.37049090471603446,0.0019640011547956693,0.38150598143229925,0.007180118848646,1.0770178272969e-05,0.0007385080098215219,296154.869644957,218.55134146416094,2025
2025-01-24 00:00:00+00:00,103910.35,107120.0,102750.0,104870.5,23609.24017,0.3611768010200252,0.009240273874573157,0.37049090471603446,0.011015076716264782,1.6522615074397175e-05,0.003406914812540149,297163.8440571563,1008.9744121992844,2025
2025-01-25 00:00:00+00:00,104870.51,105286.52,104106.09,104746.85,9068.323769999999,0.3622590865786928,-0.0011790732379457491,0.3611768010200252,0.009314103696009268,1.3971155544013903e-05,-0.00043982505579358256,297033.14395286405,-130.7001042922493,2025
2025-01-26 00:00:00+00:00,104746.86,105500.0,102520.44,102620.0,9812.51238,0.3611897172450531,-0.020304667873067395,0.3622590865786928,0.0010822855586676283,1.6234283380014426e-06,-0.007357173865319125,294847.8194690405,-2185.324483823555,2025
2025-01-27 00:00:00+00:00,102620.01,103260.0,97777.77,102082.83,50758.134099999996,0.3636201229273703,-0.0052345546677060595,0.3611897172450531,0.0010693693336397136,1.6040540004595705e-06,-0.0018922713743329842,294289.8873804747,-557.9320885657798,2025
2025-01-28 00:00:00+00:00,102082.83,103800.0,100272.68,101335.52,22022.057650000002,0.36610897711951473,-0.0073206238502596666,0.3636201229273703,0.0024304056823171716,3.6456085234757576e-06,-0.0026655717528599344,293505.43656952097,-784.4508109537419,2025
2025-01-29 00:00:00+00:00,101335.52,104782.68,101328.01,103733.24,23155.35802,0.3779190802566077,0.023661199942527578,0.36610897711951473,0.002488854192144452,3.7332812882166776e-06,0.008658844427090875,296046.85448328184,2541.4179137608735,2025
2025-01-30 00:00:00+00:00,103733.25,106457.44,103278.54,104722.94,19374.07472,0.3835316612056357,0.00954081835292131,0.3779190802566077,0.011810103137092964,1.7715154705639445e-05,0.0035879421421257445,297109.05346852617,1062.198985244322,2025
2025-01-31 00:00:00+00:00,104722.94,106012.0,101560.0,102429.56,21983.18193,0.3615040964269467,-0.021899499765762886,0.3835316612056357,0.005612580949028001,8.418871423542002e-06,-0.008407570396159011,294611.0881861534,-2497.965282372781,2025
2025-02-01 00:00:00+00:00,102429.56,102783.71,100279.51,100635.65,12290.957470000001,0.35214434362677405,-0.01751359666096397,0.3615040964269467,0.022027564778689,3.30413471680335e-05,-0.006364278283275804,292736.101235598,-1874.9869505554088,2025
2025-02-02 00:00:00+00:00,100635.66,101456.6,96150.0,97700.59,34619.49939,0.34719979308647503,-0.029165211334154395,0.35214434362677405,0.00935975280017265,1.4039629200258975e-05,-0.010284403831202209,289725.4849545194,-3010.6162810786045,2025
2025-02-03 00:00:00+00:00,97700.59,102500.01,91231.0,101328.52,75164.7385,0.3293663586234192,0.03713314320824468,0.34719979308647503,0.00494455054029902,7.4168258104485295e-06,0.012885202812742549,293458.6565881786,3733.1716336592217,2025
2025-02-04 00:00:00+00:00,101328.51,101732.31,96150.0,97763.13,40267.98697,0.31323709875898753,-0.03518644109279401,0.3293663586234192,0.017833434463055853,2.675015169458378e-05,-0.011615980127345587,290049.84666505276,-3408.8099231258384,2025
2025-02-05 00:00:00+00:00,97763.14,99149.0,96155.0,96612.43,26233.30444,0.31125713691692364,-0.011770285996367091,0.31323709875898753,0.016129259864431644,2.4193889796647466e-05,-0.003711084126862214,288973.4472830953,-1076.3993819574825,2025
2025-02-06 00:00:00+00:00,96612.44,99120.0,95676.64,96554.35,23515.20405,0.3191605938273702,-0.0006011648811647952,0.31125713691692364,0.001979961842063893,2.9699427630958396e-06,-0.0001900868024894526,288918.5172444969,-54.93003859836608,2025
2025-02-07 00:00:00+00:00,96554.35,100137.99,95620.34,96506.8,31794.220650000003,0.31305168559686514,-0.0004924687494659574,0.3191605938273702,0.007903456910446582,1.1855185365669873e-05,-0.00016903180388664726,288869.6808263508,-48.83641814609291,2025
2025-02-08 00:00:00+00:00,96506.8,96880.0,95688.0,96444.74,10147.24294,0.3319800874183701,-0.0006430634939713631,0.31305168559686514,0.0061089082305050835,9.163362345757625e-06,-0.00021047547307930236,288808.88084362063,-60.79998273018282,2025
2025-02-09 00:00:00+00:00,96444.75,97323.09,94713.0,96462.75,14120.916130000001,0.36147059096289075,0.00018673905907151678,0.3319800874183701,0.01892840182150496,2.8392602732257437e-05,3.360104642272888e-05,288818.58512423316,9.704280612524599,2025
2025-02-10 00:00:00+00:00,96462.75,98345.0,95256.0,97430.82,20572.87537,0.38355424695638163,0.010035687350816946,0.36147059096289075,0.029490503544520652,4.423575531678098e-05,0.003583370082101828,289853.5290013223,1034.9438770891284,2025
2025-02-11 00:00:00+00:00,97430.82,98478.42,94876.88,95778.2,18647.76379,0.3744844468483647,-0.016961983897908373,0.38355424695638163,0.02208365599349088,3.312548399023632e-05,-0.006538966444838753,287958.1865012646,-1895.3425000577117,2025
2025-02-12 00:00:00+00:00,95778.21,98119.99,94088.23,97869.99,29151.166250000002,0.39022231167943816,0.021839938524633062,0.3744844468483647,0.009069800108016945,1.3604700162025418e-05,0.008165112597437477,290309.39751740126,2351.2110161366872,2025
2025-02-13 00:00:00+00:00,97870.0,98083.91,95217.36,96608.14,19921.77616,0.39268648993953786,-0.0128931248485874,0.39022231167943816,0.015737864831073478,2.3606797246610218e-05,-0.005054791780433992,288841.94396104757,-1467.453556353692,2025
2025-02-14 00:00:00+00:00,96608.13,98826.0,96252.82,97500.48,18173.02646,0.38929614356625364,0.009236695789816451,0.39268648993953786,0.002464178260099703,3.696267390149555e-06,0.00362342938095218,289888.5423472474,1046.5983861998538,2025
2025-02-15 00:00:00+00:00,97500.47,97972.26,97223.58,97569.66,7349.37683,0.4009441472108435,0.0007095349684433927,0.38929614356625364,0.0033903463732842254,5.085519559926338e-06,0.0002711337073804899,289967.14090246113,78.59855521371355,2025
2025-02-16 00:00:00+00:00,97569.67,97704.47,96046.18,96118.12,8191.4249,0.41578309259235996,-0.014876960727340904,0.4009441472108435,0.011648003644589844,1.7472005466884766e-05,-0.0059823023373797935,288232.469797677,-1734.6711047841236,2025
2025-02-17 00:00:00+00:00,96118.12,97046.59,95205.0,95780.0,16492.0451,0.4241692843416251,-0.0035177550289164916,0.41578309259235996,0.014838945381516477,2.2258418072274715e-05,-0.0014848814829775002,287804.47874048154,-427.9910571954679,2025
2025-02-18 00:00:00+00:00,95780.01,96753.91,93388.09,95671.74,23368.19471,0.4242213540476799,-0.0011302986009604776,0.4241692843416251,0.008386191749265137,1.2579287623897706e-05,-0.0004920172362856436,287662.87397626106,-141.6047642204794,2025
2025-02-19 00:00:00+00:00,95671.74,96899.99,95029.99,96644.37,16438.50954,0.43660270272441637,0.01016632497746972,0.4242213540476799,5.206970605481365e-05,7.810455908222047e-08,0.004312694043071871,288903.4759392714,1240.6019630103256,2025
2025-02-20 00:00:00+00:00,96644.37,98711.36,96415.09,98305.0,17057.39177,0.45831713811722297,0.017182894357943512,0.43660270272441637,0.012381348676736459,1.857202301510469e-05,0.007483526094291158,291065.4926401943,2162.016700922919,2025
2025-02-21 00:00:00+00:00,98305.01,99475.0,94871.95,96181.98,32249.2814,0.43486961416996045,-0.02159625654849706,0.45831713811722297,0.021714435392806597,3.257165308920989e-05,-0.009930506148441718,288175.06497593166,-2890.42766426265,2025
2025-02-22 00:00:00+00:00,96181.99,96980.0,95770.49,96551.01,11268.17708,0.46390096623335,0.0038367893861199764,0.43486961416996045,0.023447523947262516,3.517128592089378e-05,0.0016333318340724997,288645.75048334274,470.685507411079,2025
2025-02-23 00:00:00+00:00,96551.01,96650.0,95227.94,96258.0,10884.849129999999,0.5445251342237909,-0.003034768875022631,0.46390096623335,0.029031352063389526,4.354702809508429e-05,-0.0014513792415129794,288226.81603294023,-418.9344504025066,2025
2025-02-24 00:00:00+00:00,96258.0,96500.0,91349.26,91552.88,31550.10299,0.52196618805759,-0.04888030085811046,0.5445251342237909,0.08062416799044092,0.00012093625198566138,-0.02673748863764754,280520.3548141942,-7706.46121874603,2025
2025-02-25 00:00:00+00:00,91552.88,92540.69,86050.99,88680.4,78333.11111,0.475419363992075,-0.0313750916410277,0.52196618805759,0.02255894616620091,3.383841924930137e-05,-0.01641057540307408,275916.8543794187,-4603.5004347754875,2025
2025-02-26 00:00:00+00:00,88680.39,89414.15,82256.01,84250.09,56893.544089999996,0.42473463707122777,-0.04995816437454048,0.475419363992075,0.04654682406551497,6.982023609827245e-05,-0.023820898969253847,269344.2668673323,-6572.587512086437,2025
2025-02-27 00:00:00+00:00,84250.09,87078.46,82716.49,84708.58,42505.45439,0.42811593207827614,0.005442011990729023,0.42473463707122777,0.050684726920847245,7.602709038127086e-05,0.0022353838974382904,269946.3547043548,602.0878370224964,2025
2025-02-28 00:00:00+00:00,84708.57,85120.0,78258.52,84349.94,83648.03969,0.3906605583564865,-0.0042338096093689215,0.42811593207827614,0.0033812950070483683,5.071942510572553e-06,-0.0018176332896675106,269455.69122361974,-490.6634807350347,2025
2025-03-01 00:00:00+00:00,84349.95,86558.0,83824.78,86064.53,25785.054640000002,0.3978790776010892,0.02032710396711601,0.3906605583564865,0.03745537372178964,5.6183060582684466e-05,0.00788481472498121,271580.29942550976,2124.6082018900197,2025
2025-03-02 00:00:00+00:00,86064.54,95000.0,85050.6,94270.0,54889.09045,0.39583816268174565,0.09534090292481712,0.3978790776010892,0.007218519244602706,1.0827778866904059e-05,0.03792332273451431,281879.5267689594,10299.22734344966,2025
2025-03-03 00:00:00+00:00,94269.99,94416.46,85117.11,86220.61,59171.10218,0.33641076238555334,-0.08538654927336375,0.39583816268174565,0.0020409149193435505,3.0613723790153257e-06,-0.03380231615448167,272351.3458876394,-9528.180881320033,2025
2025-03-04 00:00:00+00:00,86221.16,88967.52,81500.0,87281.98,55609.107059999995,0.32661053747759766,0.012309933784973248,0.33641076238555334,0.05942740029619231,8.914110044428847e-05,0.004052053109074243,273454.92800550396,1103.582117864571,2025
2025-03-05 00:00:00+00:00,87281.98,91000.0,86334.53,90606.01,38264.01163,0.3319342764372965,0.038083806073143656,0.32661053747759766,0.009800224907955679,1.470033736193352e-05,0.012423872033380114,276852.2970379415,3397.369032437564,2025
2025-03-06 00:00:00+00:00,90606.0,92810.64,87836.0,89931.89,34342.44902,0.32048672514125615,-0.007440124556858829,0.3319342764372965,0.005323738959698843,7.985608439548265e-06,-0.002477617969823845,276166.3628118133,-685.9342261282145,2025
2025-03-07 00:00:00+00:00,89931.88,91283.02,84667.03,86801.75,57980.357130000004,0.2900228374026128,-0.034805673493573885,0.32048672514125615,0.01144755129604036,1.7171326944060538e-05,-0.011171927641235379,273081.05218953657,-3085.3106222767383,2025
2025-03-08 00:00:00+00:00,86801.74,86897.25,85218.47,86222.45,12989.23054,0.28802448762377736,-0.006673828580645025,0.2900228374026128,0.030463887738643336,4.569583160796501e-05,-0.0019812585329052872,272540.0080247113,-541.044164825289,2025
2025-03-09 00:00:00+00:00,86222.46,86500.0,80000.0,80734.37,26115.39345,0.0,-0.0636502442229373,0.28802448762377736,0.001998349778835451,2.9975246682531767e-06,-0.018335826504108067,267542.76172214194,-4997.246302569343,2025
2025-03-10 00:00:00+00:00,80734.48,84123.46,77459.91,78595.86,47633.38405,0.0,-0.026488223045525672,0.0,0.28802448762377736,0.00043203673143566606,-0.00043203673143566606,267427.1734218482,-115.58830029371893,2025
2025-03-11 00:00:00+00:00,78595.86,83617.4,76606.0,82932.99,48770.068530000004,0.0,0.055182677560879245,0.0,0.0,0.0,0.0,267427.1734218482,0.0,2025
2025-03-12 00:00:00+00:00,82932.99,84539.85,80607.65,83680.12,31933.985999999997,0.24166021361032441,0.009008839546240877,0.0,0.0,0.0,0.0,267427.1734218482,0.0,2025
2025-03-13 00:00:00+00:00,83680.12,84336.33,79939.9,81115.78,27546.274120000002,0.0,-0.030644554525017353,0.24166021361032441,0.24166021361032441,0.0003624903204154866,-0.007768059912924414,265349.7831163633,-2077.390305484936,2025
2025-03-14 00:00:00+00:00,81115.78,85309.71,80818.84,83983.2,26858.52755,0.23586660001431775,0.03534971863674374,0.0,0.24166021361032441,0.0003624903204154866,-0.0003624903204154866,265253.59638845926,-96.18672790401615,2025
2025-03-15 00:00:00+00:00,83983.19,84676.28,83618.0,84338.44,11324.7332,0.23763736765183457,0.004229893597767154,0.23586660001431775,0.23586660001431775,0.00035379990002147664,0.000643890721306192,265424.3907179669,170.79432950762566,2025
2025-03-16 00:00:00+00:00,84338.44,85117.04,81981.12,82574.53,17596.125310000003,0.0,-0.020914662400679962,0.23763736765183457,0.0017707676375168235,2.6561514562752355e-06,-0.004972761469680661,264104.4985346911,-1319.892183275777,2025
2025-03-17 00:00:00+00:00,82574.52,84756.83,82456.0,84010.03,17214.743580000002,0.0,0.017384295133135996,0.0,0.23763736765183457,0.00035645605147775186,-0.00035645605147775186,264010.3568879659,-94.14164672518382,2025
2025-03-18 00:00:00+00:00,84010.02,84021.74,81134.66,82715.03,17610.89883,0.0,-0.015414826063030795,0.0,0.0,0.0,-0.0,264010.3568879659,0.0,2025
2025-03-19 00:00:00+00:00,82715.03,87000.0,82547.16,86845.94,28151.05374,0.2698419795696829,0.04994146771149088,0.0,0.0,0.0,0.0,264010.3568879659,0.0,2025
2025-03-20 00:00:00+00:00,86845.93,87453.67,83655.23,84223.39,22090.30463,0.0,-0.030197727147636355,0.2698419795696829,0.2698419795696829,0.0004047629693545244,-0.008553377441377874,261752.1766570703,-2258.1802308956394,2025
2025-03-21 00:00:00+00:00,84223.38,84850.33,83175.25,84088.79,11956.97443,0.0,-0.0015981308755205204,0.0,0.2698419795696829,0.0004047629693545244,-0.0004047629693545244,261646.22906881158,-105.94758825871395,2025
2025-03-22 00:00:00+00:00,84088.79,84539.17,83625.1,83840.59,5420.22114,0.0,-0.0029516419489445944,0.0,0.0,0.0,-0.0,261646.22906881158,0.0,2025
2025-03-23 00:00:00+00:00,83840.59,86129.64,83809.75,86082.5,8461.97813,0.3340106792378587,0.02674015056430301,0.0,0.0,0.0,0.0,261646.22906881158,0.0,2025
2025-03-24 00:00:00+00:00,86082.5,88765.43,85519.09,87498.16,30115.62111,0.3581837672723343,0.01644538669299811,0.3340106792378587,0.3340106792378587,0.000501016018856788,0.004991918760800754,262952.34578839294,1306.1167195813614,2025
2025-03-25 00:00:00+00:00,87498.16,88539.63,86310.0,87392.87,22643.252480000003,0.3694840638005623,-0.0012033395902268929,0.3581837672723343,0.0241730880344756,3.6259632051713396e-05,-0.0004672763397871289,262829.47437871445,-122.87140967848245,2025
2025-03-26 00:00:00+00:00,87392.88,88275.0,85860.0,86909.17,18408.78485,0.3805522330650473,-0.005534776464029556,0.3694840638005623,0.011300296528228004,1.695044479234201e-05,-0.002061962144949689,262287.5299519685,-541.944426745933,2025
2025-03-27 00:00:00+00:00,86909.17,87756.39,85800.0,87232.01,17098.038969999998,0.4085052016711631,0.003714682811951864,0.3805522330650473,0.011068169264485006,1.660225389672751e-05,0.0013970285853199035,262653.9531288844,366.4231769158505,2025
2025-03-28 00:00:00+00:00,87232.01,87515.67,83585.0,84424.38,27182.73169,0.0,-0.0321857767578666,0.4085052016711631,0.02795296860611579,4.192945290917369e-05,-0.013189986678324503,259189.5509861051,-3464.4021427792613,2025
2025-03-29 00:00:00+00:00,84424.38,84624.73,81644.81,82648.54,11696.39864,0.0,-0.02103468216171689,0.0,0.4085052016711631,0.0006127578025067447,-0.0006127578025067447,259030.73056641017,-158.8204196949373,2025
2025-03-30 00:00:00+00:00,82648.53,83534.64,81565.0,82389.99,9864.49508,0.0,-0.0031283069247198814,0.0,0.0,0.0,-0.0,259030.73056641017,0.0,2025
2025-03-31 00:00:00+00:00,82390.0,83943.08,81278.52,82550.01,20569.13885,0.0,0.0019422262340362817,0.0,0.0,0.0,0.0,259030.73056641017,0.0,2025
2025-04-01 00:00:00+00:00,82550.0,85579.46,82432.74,85158.34,20190.396969999998,0.0,0.031596967704788925,0.0,0.0,0.0,0.0,259030.73056641017,0.0,2025
2025-04-02 00:00:00+00:00,85158.35,88500.0,82320.0,82516.29,39931.457,0.0,-0.0310251468030025,0.0,0.0,0.0,-0.0,259030.73056641017,0.0,2025
2025-04-03 00:00:00+00:00,82516.28,83998.02,81211.24,83213.09,27337.841350000002,0.0,0.008444393222235336,0.0,0.0,0.0,0.0,259030.73056641017,0.0,2025
2025-04-04 00:00:00+00:00,83213.09,84720.0,81659.0,83889.87,32915.53976,0.0,0.00813309540602325,0.0,0.0,0.0,0.0,259030.73056641017,0.0,2025
2025-04-05 00:00:00+00:00,83889.87,84266.0,82379.95,83537.99,9360.40468,0.0,-0.004194546969735313,0.0,0.0,0.0,-0.0,259030.73056641017,0.0,2025
2025-04-06 00:00:00+00:00,83537.99,83817.63,77153.83,78430.0,27942.714359999998,0.0,-0.061145713465215135,0.0,0.0,0.0,-0.0,259030.73056641017,0.0,2025
2025-04-07 00:00:00+00:00,78430.0,81243.58,74508.0,79163.24,78387.53089,0.0,0.009348973607038236,0.0,0.0,0.0,0.0,259030.73056641017,0.0,2025
2025-04-08 00:00:00+00:00,79163.24,80867.99,76239.9,76322.42,35317.32063,0.0,-0.03588559538492875,0.0,0.0,0.0,-0.0,259030.73056641017,0.0,2025
2025-04-09 00:00:00+00:00,76322.42,83588.0,74620.0,82615.22,75488.28772,0.0,0.0824502158081466,0.0,0.0,0.0,0.0,259030.73056641017,0.0,2025
2025-04-10 00:00:00+00:00,82615.22,82753.21,78464.36,79607.3,33284.80718,0.0,-0.036408787630172745,0.0,0.0,0.0,-0.0,259030.73056641017,0.0,2025
2025-04-11 00:00:00+00:00,79607.3,84300.0,78969.58,83423.84,34435.43797,0.0,0.047942085713244875,0.0,0.0,0.0,0.0,259030.73056641017,0.0,2025
2025-04-12 00:00:00+00:00,83423.83,85905.0,82792.95,85276.9,18470.74437,0.0,0.022212595344448305,0.0,0.0,0.0,0.0,259030.73056641017,0.0,2025
2025-04-13 00:00:00+00:00,85276.91,86100.0,83034.23,83760.0,24680.04181,0.0,-0.017787935537056265,0.0,0.0,0.0,-0.0,259030.73056641017,0.0,2025
2025-04-14 00:00:00+00:00,83760.0,85799.99,83678.0,84591.58,28659.09348,0.0,0.009928127984718316,0.0,0.0,0.0,0.0,259030.73056641017,0.0,2025
2025-04-15 00:00:00+00:00,84591.58,86496.42,83600.0,83643.99,20910.99528,0.0,-0.011201942320973268,0.0,0.0,0.0,-0.0,259030.73056641017,0.0,2025
2025-04-16 00:00:00+00:00,83643.99,85500.0,83111.64,84030.38,20867.24519,0.0,0.004619459210398746,0.0,0.0,0.0,0.0,259030.73056641017,0.0,2025
2025-04-17 00:00:00+00:00,84030.38,85470.01,83736.26,84947.91,13728.84772,0.0,0.010919027142326287,0.0,0.0,0.0,0.0,259030.73056641017,0.0,2025
2025-04-18 00:00:00+00:00,84947.92,85132.08,84303.96,84474.69,6529.96315,0.0,-0.005570707978571843,0.0,0.0,0.0,-0.0,259030.73056641017,0.0,2025
2025-04-19 00:00:00+00:00,84474.7,85677.99,84364.45,85077.01,9666.58153,0.0,0.007130183016948566,0.0,0.0,0.0,0.0,259030.73056641017,0.0,2025
2025-04-20 00:00:00+00:00,85077.0,85320.76,83949.52,85179.24,8091.677250000001,0.0,0.0012016172171542827,0.0,0.0,0.0,0.0,259030.73056641017,0.0,2025
2025-04-21 00:00:00+00:00,85179.24,88465.99,85144.76,87516.23,31773.372620000002,0.0,0.02743614523914495,0.0,0.0,0.0,0.0,259030.73056641017,0.0,2025
2025-04-22 00:00:00+00:00,87516.22,93888.0,87076.03,93442.99,43872.747050000005,0.4002860859022819,0.0677218385664009,0.0,0.0,0.0,0.0,259030.73056641017,0.0,2025
2025-04-23 00:00:00+00:00,93442.99,94696.05,91935.41,93691.08,27404.16808,0.4014919939027018,0.0026549878166355345,0.4002860859022819,0.4002860859022819,0.0006004291288534228,0.00046232555238586066,259150.4870920042,119.75652559401351,2025
2025-04-24 00:00:00+00:00,93691.07,94005.0,91660.01,93980.47,19497.06071,0.40670560818161894,0.0030887678955136,0.4014919939027018,0.0012059080004199196,1.8088620006298795e-06,0.0012383067190717776,259471.39488142094,320.9077894167567,2025
2025-04-25 00:00:00+00:00,93980.47,95758.04,92855.96,94638.68,27500.66648,0.4038992471161098,0.007003689170739236,0.40670560818161894,0.005213614278917145,7.820421418375717e-06,0.0028406192422821435,260208.45431854288,737.059437121934,2025
2025-04-26 00:00:00+00:00,94638.68,95199.0,93870.69,94628.0,9415.06875,0.435424553461468,-0.0001128502637609552,0.4038992471161098,0.002806361065509133,4.2095415982637e-06,-4.978967816816791e-05,260195.49862334572,-12.955695197160821,2025
2025-04-27 00:00:00+00:00,94628.0,95369.0,93602.58,93749.3,11162.841,0.4652549563298017,-0.009285835059390402,0.435424553461468,0.03152530634535822,4.728795951803733e-05,-0.004090568543769947,259131.1511014465,-1064.3475218992098,2025
2025-04-28 00:00:00+00:00,93749.29,95630.0,92800.01,95011.18,22157.53351,0.48530685661887607,0.013460153835815225,0.4652549563298017,0.02983040286833366,4.4745604302500495e-05,0.006217657680772125,260742.33989341976,1611.1887919732544,2025
2025-04-29 00:00:00+00:00,95011.18,95461.53,93742.54,94256.82,16955.3402,0.5458042540539281,-0.007939697201950202,0.48530685661887607,0.020051900289074387,3.007785043361158e-05,-0.0038832673420177498,259729.80768023035,-1012.5322131894063,2025
2025-04-30 00:00:00+00:00,94256.82,95228.45,92910.0,94172.0,17661.2751,0.5658716037162989,-0.0008998818334843284,0.5458042540539281,0.060497397435052,9.074609615257801e-05,-0.000581905429014173,259578.66949506442,-151.13818516593892,2025
2025-05-01 00:00:00+00:00,94172.0,97424.02,94130.43,96489.91,21380.45343,0.6033116317732973,0.024613579407891883,0.5658716037162989,0.02006734966237078,3.0101024493556172e-05,0.013898024628248695,263186.30023667484,3607.6307416104246,2025
2025-05-02 00:00:00+00:00,96489.9,97895.68,96350.0,96887.14,14905.74811,0.6252953435785581,0.004116803508263045,0.6033116317732973,0.03744002805699842,5.6160042085497635e-05,0.0024275554001747146,263825.1995610664,638.8993243915611,2025
2025-05-03 00:00:00+00:00,96887.13,96935.67,95753.01,95856.42,9723.34838,0.6435473027330337,-0.010638357164841517,0.6252953435785581,0.02198371180526082,3.297556770789123e-05,-0.006685090766208882,262061.50415558752,-1763.6954054788803,2025
2025-05-04 00:00:00+00:00,95856.42,96304.48,94151.38,94277.62,11036.38342,0.632527115818547,-0.016470466975503584,0.6435473027330337,0.01825195915447564,2.737793873171346e-05,-0.010626902535570554,259276.6020926011,-2784.9020629864244,2025
2025-05-05 00:00:00+00:00,94277.61,95199.0,93514.1,94733.68,17251.18189,0.6524741898210832,0.0048374152847727725,0.632527115818547,0.011020186914486696,1.6530280371730043e-05,0.003043266057722147,260065.64977531106,789.0476827099628,2025
2025-05-06 00:00:00+00:00,94733.68,96920.65,93377.0,96834.02,16122.64513,0.6504598724185786,0.022170995574119168,0.6524741898210832,0.019947074002536147,2.992061100380422e-05,0.01443608176374642,263819.9787594093,3754.328984098218,2025
2025-05-07 00:00:00+00:00,96834.02,97732.0,95784.61,97030.5,16644.838539999997,0.6488149100736358,0.0020290389679165077,0.6504598724185786,0.002014317402504573,3.0214761037568595e-06,0.001316786952099539,264167.37346514285,347.3947057335754,2025
2025-05-08 00:00:00+00:00,97030.5,104145.76,96876.29,103261.6,34962.028470000005,0.6072045189045553,0.06421795208723036,0.6488149100736358,0.0016449623449428241,2.467443517414236e-06,0.041663097365072,275173.40446649643,11006.031001353578,2025
2025-05-09 00:00:00+00:00,103261.61,104361.3,102315.14,102971.99,27617.39907,0.597308056950505,-0.002804624371499198,0.6072045189045553,0.041610391169080496,6.241558675362075e-05,-0.001765396178957782,274687.61438970047,-485.79007679596543,2025
2025-05-10 00:00:00+00:00,102971.99,104984.57,102818.76,104809.53,15324.78611,0.5991735976542301,0.017845046988020696,0.597308056950505,0.00989646195405025,1.4844692931075377e-05,0.010644145649674029,277611.42936542595,2923.814975725487,2025
2025-05-11 00:00:00+00:00,104809.53,104972.0,103345.06,104118.0,17987.12197,0.6141619145505335,-0.006597968715249425,0.5991735976542301,0.0018655407037250216,2.7983110555875325e-06,-0.0039561269633816435,276513.1633043704,-1098.2660610555322,2025
2025-05-12 00:00:00+00:00,104118.0,105819.45,100718.37,102791.32,31272.77792,0.6264675647837394,-0.01274208110028996,0.6141619145505335,0.014988316896303422,2.2482475344455132e-05,-0.007848183399256706,274343.0372864491,-2170.126017921313,2025
2025-05-13 00:00:00+00:00,102791.32,104976.25,101429.7,104103.72,21253.42409,0.6249349195436742,0.012767615008738131,0.6264675647837394,0.012305650233205956,1.8458475349808935e-05,0.00798003820727069,276532.30520589364,2189.2679194445373,2025
2025-05-14 00:00:00+00:00,104103.72,104356.95,102602.05,103507.82,16452.9081,0.6284461602358165,-0.005724099004339123,0.6249349195436742,0.0015326452400652446,2.298967860097867e-06,-0.003579488318596793,275542.46104969457,-989.8441561990767,2025
2025-05-15 00:00:00+00:00,103507.83,104192.7,101383.07,103763.71,17998.98604,0.6311278060697222,0.0024721803627976158,0.6284461602358165,0.003511240692142259,5.266861038213389e-06,0.001548365395372336,275969.1014613396,426.6404116450576,2025
2025-05-16 00:00:00+00:00,103763.71,104550.33,103100.49,103463.9,15683.880239999999,0.627826541694148,-0.002889353127408567,0.6311278060697222,0.0026816458339057325,4.022468750858599e-06,-0.001827573569012918,275464.74762564467,-504.3538356949575,2025
2025-05-17 00:00:00+00:00,103463.9,103709.86,102612.5,103126.65,11250.89622,0.6339757397985607,-0.00325959102643536,0.627826541694148,0.003301264375574209,4.951896563361313e-06,-0.0020514096580275514,274899.6565819193,-565.091043725377,2025
2025-05-18 00:00:00+00:00,103126.65,106660.0,103105.09,106454.26,21599.98726,0.6452758119093315,0.0322672170578604,0.6339757397985607,0.006149198104412723,9.223797156619085e-06,0.020447409008341164,280520.6422963023,5620.985714383016,2025
2025-05-19 00:00:00+00:00,106454.27,107108.62,102000.0,105573.74,30260.03524,0.6006427214585836,-0.008271345834351629,0.6452758119093315,0.011300072110770776,1.6950108166156166e-05,-0.005354249507010271,279018.6647855811,-1501.97751072119,2025
2025-05-20 00:00:00+00:00,105573.73,107320.0,104184.72,106849.99,23705.48275,0.5990394529553446,0.012088706907607882,0.6006427214585836,0.044633090450747925,6.694963567612189e-05,0.007194044180224654,281025.9373871559,2007.2726015747758,2025
2025-05-21 00:00:00+00:00,106850.0,110797.38,106100.01,109643.99,45531.040345,0.5996759460434595,0.02614880918566298,0.5990394529553446,0.001603268503238997,2.4049027548584955e-06,0.015661763447258382,285427.2991410576,4401.3617539017,2025
2025-05-22 00:00:00+00:00,109643.99,111980.0,109177.37,111696.21,31630.77313,0.5978140286391663,0.018717122570968137,0.5996759460434595,0.0006364930881149755,9.547396321724632e-07,0.011223253445324535,288630.7220595321,3203.4229184745345,2025
2025-05-23 00:00:00+00:00,111696.22,111800.0,106800.0,107318.3,31737.72309,0.5392985222001745,-0.03919479452346686,0.5978140286391663,0.0018619174042932007,2.792876106439801e-06,-0.023433990891864494,281866.95234767674,-6763.7697118553915,2025
2025-05-24 00:00:00+00:00,107318.3,109506.03,106875.41,107761.91,16782.53129,0.5374214007027467,0.004133591381898505,0.5392985222001745,0.05851550643899184,8.777325965848776e-05,0.0021414664639787533,282470.5609734332,603.6086257564602,2025
2025-05-25 00:00:00+00:00,107761.9,109299.99,106600.64,109004.19,17710.04695,0.5349983719513819,0.011528006509906819,0.5374214007027467,0.0018771214974278028,2.815682246141704e-06,0.006192581723618363,284219.7830067775,1749.2220333443256,2025
2025-05-26 00:00:00+00:00,109004.2,110422.22,108670.58,109434.79,14649.11593,0.5525873190249424,0.003950306864350717,0.5349983719513819,0.0024230287513647975,3.634543127047196e-06,0.002109773198008955,284819.4222873091,599.6392805315554,2025
2025-05-27 00:00:00+00:00,109434.78,110718.0,107516.57,108938.17,21276.65635,0.5392076852934703,-0.004538044985511469,0.5525873190249424,0.017588947073560512,2.6383420610340768e-05,-0.002534049532768707,284097.6757633385,-721.7465239705634,2025
2025-05-28 00:00:00+00:00,108938.17,109284.7,106769.43,107781.78,15633.78829,0.5766949881892471,-0.010615103962183348,0.5392076852934703,0.013379633731472107,2.006945059720816e-05,-0.005743815087195636,282465.8712470518,-1631.8045162867056,2025
2025-05-29 00:00:00+00:00,107781.78,108891.91,105322.86,105589.75,19834.70116,0.550678642402141,-0.02033766746104948,0.5766949881892471,0.03748730289577684,5.6230954343665267e-05,-0.011784861850590432,279137.04997689865,-3328.8212701531593,2025
2025-05-30 00:00:00+00:00,105589.75,106313.12,103621.0,103985.48,23706.49799,0.5376131882759556,-0.015193425498213675,0.550678642402141,0.0260163457871061,3.902451868065915e-05,-0.00840571944547504,276790.70224795525,-2346.347728943394,2025
2025-05-31 00:00:00+00:00,103985.47,104900.0,103068.55,104591.88,11289.35922,0.5389338851666547,0.005831583409529939,0.5376131882759556,0.013065454126185427,1.959818118927814e-05,0.0031155379683052804,277653.0541900826,862.3519421273377,2025
2025-06-01 00:00:00+00:00,104591.88,105866.91,103752.49,105642.93,9709.70006,0.5723986445138269,0.0100490592577549,0.5389338851666547,0.0013206968906991357,1.9810453360487034e-06,0.0054137975027157385,279156.2116014783,1503.1574113956885,2025
2025-06-02 00:00:00+00:00,105642.93,105935.63,103659.88,105857.99,13453.98813,0.5864209011767764,0.0020357254385126033,0.5723986445138269,0.03346475934717219,5.0197139020758285e-05,0.0011150493425861718,279467.4845517034,311.27295022510225,2025
2025-06-03 00:00:00+00:00,105858.0,106794.67,104872.5,105376.89,13259.52634,0.5820384363417183,-0.004544767948078454,0.5864209011767764,0.014022256662949428,2.103338499442414e-05,-0.00268618030074592,278716.7845000016,-750.7000517018023,2025
2025-06-04 00:00:00+00:00,105376.9,106000.0,104179.0,104696.86,14034.89482,0.5885151226456545,-0.00645331248625769,0.5820384363417183,0.004382464835058109,6.573697252587163e-06,-0.003762649605978499,277668.0709006231,-1048.713599378476,2025
2025-06-05 00:00:00+00:00,104696.86,105909.71,100372.26,101508.68,22321.501539999997,0.531693875110229,-0.030451534076571196,0.5885151226456545,0.006476686303936274,9.715029455904412e-06,-0.01793090334127753,272689.231560345,-4978.839340278122,2025
2025-06-06 00:00:00+00:00,101508.69,105333.0,101095.8,104288.44,15839.07385,0.5190715831990863,0.027384456186406947,0.531693875110229,0.0568212475354255,8.523187130313825e-05,0.014474915756233855,276636.3852148131,3947.1536544681294,2025
2025-06-07 00:00:00+00:00,104288.43,105900.0,103871.09,105552.15,8344.93206,0.5383820177620212,0.012117450409652175,0.5190715831990863,0.012622291911142725,1.893343786671409e-05,0.0062708907306078575,278371.1417586056,1734.7565437924932,2025
2025-06-08 00:00:00+00:00,105552.15,106488.14,104964.14,105734.0,8048.06305,0.572648352688937,0.0017228450581063814,0.5383820177620212,0.01931043456293491,2.8965651844402363e-05,0.000898583146830238,278621.28137515375,250.13961654814193,2025
2025-06-09 00:00:00+00:00,105734.01,110530.17,105318.37,110263.02,19975.374509999998,0.5765316126751897,0.042834093101556725,0.572648352688937,0.034266334926915776,5.139950239037367e-05,0.024477473351140644,285441.22636507475,6819.944989921001,2025
2025-06-10 00:00:00+00:00,110263.02,110400.0,108331.03,110274.39,17071.82839,0.6029775151074666,0.00010311707406529536,0.5765316126751897,0.0038832599862527184,5.824889979379078e-06,5.362536302583264e-05,285456.53325446113,15.306889386381954,2025
2025-06-11 00:00:00+00:00,110274.39,110392.01,108064.0,108645.12,13115.91638,0.5990187416955453,-0.014774690660270262,0.6029775151074666,0.026445902432276847,3.966885364841527e-05,-0.008948475114459672,282902.1325703737,-2554.400684087421,2025
2025-06-12 00:00:00+00:00,108645.13,108813.55,105671.72,105671.73,17778.67218,0.602272183484005,-0.027367911232460296,0.5990187416955453,0.003958773411921301,5.938160117881952e-06,-0.016399829909421626,278262.58571520686,-4639.5468551668455,2025
2025-06-13 00:00:00+00:00,105671.74,106179.53,102664.31,106066.59,26180.81734,0.5949711639718899,0.003736666372359032,0.602272183484005,0.0032534417884597655,4.8801626826896485e-06,0.002245610052349241,278887.4549748816,624.8692596747424,2025
2025-06-14 00:00:00+00:00,106066.59,106252.0,104300.0,105414.64,8798.93969,0.5993141275836477,-0.0061466103511010894,0.5949711639718899,0.007301019512115148,1.0951529268172723e-05,-0.0036680074443444545,277864.49371389946,-1022.9612609821488,2025
2025-06-15 00:00:00+00:00,105414.63,106128.57,104494.53,105594.01,7164.20047,0.6016146802441299,0.0017015663099546607,0.5993141275836477,0.0043429636117577886,6.514445417636683e-06,0.0010132582831585675,278146.04221375077,281.54849985131295,2025
2025-06-16 00:00:00+00:00,105594.02,108952.38,104980.37,106794.53,14922.6654,0.6000659314050829,0.011369205507016922,0.6016146802441299,0.0023005526604822357,3.450828990723354e-06,0.006836430106743062,280047.56819081225,1901.5259770614794,2025
2025-06-17 00:00:00+00:00,106794.53,107771.34,103371.02,104551.17,17866.33025,0.5682943201579737,-0.02100631933114927,0.6000659314050829,0.0015487488390469872,2.323123258570481e-06,-0.012607499698097255,276516.86855939374,-3530.699631418509,2025
2025-06-18 00:00:00+00:00,104551.17,105550.27,103500.0,104886.78,13968.64167,0.5855096077045542,0.0032100071190022117,0.5682943201579737,0.031771611247109255,4.7657416870663885e-05,0.0017765713965249537,277008.120518733,491.2519593392499,2025
2025-06-19 00:00:00+00:00,104886.79,105226.17,103929.27,104658.59,7678.60737,0.5990932774215191,-0.002175583996381625,0.5855096077045542,0.017215287546580527,2.582293131987079e-05,-0.0012996482635695822,276648.1073959062,-360.01312282681465,2025
2025-06-20 00:00:00+00:00,104658.59,106524.65,102345.0,103297.99,16419.06283,0.5670353918010582,-0.013000366238452021,0.5990932774215191,0.013583669716964897,2.0375504575447346e-05,-0.007808807522049734,274487.8155739122,-2160.291821994004,2025
2025-06-21 00:00:00+00:00,103297.98,103982.64,100837.9,102120.01,11154.213319999999,0.550652477059452,-0.011403706887229914,0.5670353918010582,0.03205788562046086,4.808682843069129e-05,-0.006514392231215532,272699.69428057416,-1788.1212933380157,2025
2025-06-22 00:00:00+00:00,102120.02,103399.62,98200.0,100963.87,28746.41072,0.5183939754411884,-0.01132138549535977,0.550652477059452,0.016382914741606247,2.457437211240937e-05,-0.006258723338877218,270992.9423394756,-1706.7519410985406,2025
2025-06-23 00:00:00+00:00,100963.87,106074.2,99613.33,105333.93,27666.50609,0.5034727182601363,0.043283404251441615,0.5183939754411884,0.0322585016182636,4.83877524273954e-05,0.02238946824810546,277060.330217446,6067.38787797041,2025
2025-06-24 00:00:00+00:00,105333.94,106290.0,104622.02,106083.0,14651.693350000001,0.5082367390437786,0.007111383767794521,0.5034727182601363,0.014921257181052083,2.2381885771578126e-05,0.003558005830390939,278046.1124877297,985.7822702836711,2025
2025-06-25 00:00:00+00:00,106083.0,108135.3,105808.03,107340.58,16701.15551,0.5407427954142536,0.01185467982617383,0.5082367390437786,0.004764020783642353,7.14603117546353e-06,0.006017837786087193,279719.348889733,1673.2364020033274,2025
2025-06-26 00:00:00+00:00,107340.59,108272.45,106562.5,106947.06,10573.272789999999,0.5615238513429646,-0.0036660878858676416,0.5407427954142536,0.03250605637047499,4.875908455571249e-05,-0.002031169696194112,279151.19142482907,-568.157464903954,2025
2025-06-27 00:00:00+00:00,106947.06,107735.34,106356.76,107047.59,12232.440419999999,0.568229744947688,0.0009399977895605538,0.5615238513429646,0.020781055928710934,3.11715838930664e-05,0.0004966595951548493,279289.8345425491,138.64311772002839,2025
2025-06-28 00:00:00+00:00,107047.58,107577.75,106811.51,107296.79,3282.17352,0.5769418937707038,0.002327936574751499,0.568229744947688,0.006705893604723401,1.0058840407085102e-05,0.0013127439657183535,279656.4705875313,366.63604498218047,2025
2025-06-29 00:00:00+00:00,107296.79,108528.5,107172.52,108356.93,6831.7364,0.6238255707195802,0.009880444699230884,0.5769418937707038,0.008712148823015853,1.306822323452378e-05,0.005687374252836454,281246.9815979899,1590.5110104586347,2025
2025-06-30 00:00:00+00:00,108356.93,108789.99,106733.33,107146.5,9754.12491,0.6169961937295148,-0.011170766835125301,0.6238255707195802,0.04688367694887641,7.032551542331461e-05,-0.007038935511720714,279267.3022316556,-1979.6793663343415,2025
2025-07-01 00:00:00+00:00,107146.51,107540.0,105250.85,105681.14,10505.624370000001,0.6089919372432686,-0.013676228341569674,0.6169961937295148,0.006829376990065472,1.0244065485098208e-05,-0.0084484248968093,276907.9334026169,-2359.3688290386926,2025
2025-07-02 00:00:00+00:00,105681.13,109730.0,105100.19,108849.6,17691.89592,0.6105798133829989,0.02998131927797143,0.6089919372432686,0.008004256486246142,1.2006384729369212e-05,0.018246375323471408,281960.49948552786,5052.566082910984,2025
2025-07-03 00:00:00+00:00,108849.59,110529.18,108530.4,109584.78,13047.08225,0.6318167643202611,0.006754090047184302,0.6105798133829989,0.0015878761397303265,2.38181420959549e-06,0.004121529226372166,283122.60792483995,1162.1084393120836,2025
2025-07-04 00:00:00+00:00,109584.77,109767.59,107245.0,107984.24,11793.86615,0.6161346645595353,-0.014605495398174795,0.6318167643202611,0.02123695093726219,3.185542640589329e-05,-0.009259852270175157,280500.93440110923,-2621.673523730715,2025
2025-07-05 00:00:00+00:00,107984.25,108420.56,107756.31,108198.12,3736.9757,0.6284274566283016,0.001980659399927198,0.6161346645595353,0.015682099760725876,2.3523149641088815e-05,0.0011968297653397457,280836.64626860607,335.71186749683693,2025
2025-07-06 00:00:00+00:00,108198.12,109700.0,107800.01,109203.84,6447.607,0.6595424075729135,0.009295170747883663,0.6284274566283016,0.012292792068766323,1.8439188103149485e-05,0.005822901323915168,282471.9303479675,1635.284079361416,2025
2025-07-07 00:00:00+00:00,109203.85,109700.0,107513.2,108262.94,9405.37601,0.6829308038626336,-0.00861599738617247,0.6595424075729135,0.03111495094461192,4.667242641691788e-05,-0.005729288086135037,280853.56728275726,-1618.3630652102293,2025
2025-07-08 00:00:00+00:00,108262.94,109216.56,107429.57,108922.98,9216.0208,0.6907472128209482,0.006096638424931022,0.6829308038626336,0.023388396289720115,3.508259443458017e-05,0.004128499585963384,282013.0711190005,1159.5038362432388,2025
2025-07-09 00:00:00+00:00,108922.99,111999.79,108324.53,111233.99,17282.286500000002,0.6730778044786742,0.02121691859697572,0.6907472128209482,0.007816408958314591,1.1724613437471887e-05,0.014643802772072449,286142.8149116136,4129.743792613095,2025
2025-07-10 00:00:00+00:00,111234.0,116868.0,110500.0,116010.0,24883.450665,0.6735769201054775,0.04293660597808269,0.6730778044786742,0.01766940834227404,2.650411251341106e-05,0.028873172370980398,294404.6657292741,8261.85081766051,2025
2025-07-11 00:00:00+00:00,116010.01,118869.98,115222.22,117527.66,25873.521148,0.6761011677976712,0.013082148090681978,0.6735769201054775,0.0004991156268033814,7.486734402050721e-07,0.008811084345845115,296998.6900708251,2594.024341551005,2025
2025-07-12 00:00:00+00:00,117527.66,118200.0,116900.05,117420.0,8446.60437,0.7274448944945255,-0.000916039679510372,0.6761011677976712,0.0025242476921936152,3.7863715382904228e-06,-0.0006231218686042574,296813.62369209516,-185.0663787299418,2025
2025-07-13 00:00:00+00:00,117420.0,119488.0,117224.79,119086.64,9550.792947,0.8043771774749479,0.014193834099812674,0.7274448944945255,0.051343726696854386,7.701559004528158e-05,0.010248216559165748,299855.43398540246,3041.810293307295,2025
2025-07-14 00:00:00+00:00,119086.65,123218.0,118905.18,119841.18,27269.348877,0.7659058542496897,0.006336059191862198,0.8043771774749479,0.07693228298042232,0.00011539842447063348,0.004981182984593681,301349.06877100846,1493.634785606002,2025
2025-07-15 00:00:00+00:00,119841.17,119940.83,115736.92,117758.09,32018.46083,0.7249088108187137,-0.01738208852749945,0.7659058542496897,0.03847132322525815,5.770698483788722e-05,-0.013370750347136086,297319.8056051294,-4029.2631658790633,2025
2025-07-16 00:00:00+00:00,117758.08,120063.84,117017.29,118630.43,17039.90851,0.7116345528971301,0.007407898684498093,0.7249088108187137,0.04099704343097599,6.149556514646399e-05,0.005308555460898562,298898.14428280777,1578.3386776783736,2025
2025-07-17 00:00:00+00:00,118630.44,120998.71,117453.57,119177.56,15728.576509999999,0.6865066288521451,0.004612054428193568,0.7116345528971301,0.013274257921583654,1.991138688237548e-05,0.003262185904062383,299873.20559583756,975.0613130297861,2025
2025-07-18 00:00:00+00:00,119177.56,120820.71,116812.76,117924.84,19924.662659999998,0.6411671673314514,-0.010511374792368633,0.6865066288521451,0.025127924044984984,3.7691886067477476e-05,-0.0072538203593778845,297697.97923185455,-2175.2263639830053,2025
2025-07-19 00:00:00+00:00,117924.84,118499.9,117277.34,117840.0,6635.80306,0.6421892402689184,-0.0007194412983727583,0.6411671673314514,0.04533946152069368,6.800919228104053e-05,-0.0005292913316199635,297540.41027200635,-157.56895984819857,2025
2025-07-20 00:00:00+00:00,117840.01,118856.8,116467.02,117265.12,12962.92889,0.6353834925238374,-0.004878479293957905,0.6421892402689184,0.0010220729374670334,1.53310940620055e-06,-0.003134440020860677,296607.7877022265,-932.6225697798654,2025
2025-07-21 00:00:00+00:00,117265.11,119676.73,116515.0,117380.36,17107.33128,0.626575102789515,0.00098273041463659,0.6353834925238374,0.0068057477450810255,1.020862161762154e-05,0.0006142020614435739,296789.96481687337,182.17711464688182,2025
2025-07-22 00:00:00+00:00,117380.36,120247.8,116128.0,119954.42,20959.12973,0.6459146165162087,0.02192922223104432,0.626575102789515,0.008808389734322408,1.3212584601483612e-05,0.013727092088909229,300864.0279949787,4074.063178105338,2025
2025-07-23 00:00:00+00:00,119954.43,120090.0,117301.0,118755.99,14558.75083,0.6309133273606493,-0.009990711471907332,0.6459146165162087,0.019339513726693736,2.9009270590040605e-05,-0.006482155839691152,298913.78047895804,-1950.2475160206668,2025
2025-07-24 00:00:00+00:00,118756.0,119450.0,117103.1,118340.99,15806.89043,0.6305826870519033,-0.0034945605691132364,0.6309133273606493,0.015001289155559427,2.2501933733339143e-05,-0.0022272667700558957,298248.0197485855,-665.7607303725672,2025
2025-07-25 00:00:00+00:00,118340.98,118451.57,114723.16,117614.31,38406.34873,0.5957385611609083,-0.0061405604262733116,0.6305826870519033,0.0003306403087459664,4.959604631189496e-07,-0.0038726270540671245,297093.0163984852,-1155.0033501002472,2025
2025-07-26 00:00:00+00:00,117614.31,118297.35,117138.38,117919.99,6991.67206,0.604511679858901,0.0025990034716014687,0.5957385611609083,0.03484412589099506,5.226618883649259e-05,0.001496060399787572,297537.48549537244,444.46909688721644,2025
2025-07-27 00:00:00+00:00,117919.99,119766.65,117825.5,119415.55,9328.30919,0.614643236240961,0.01268283689644134,0.604511679858901,0.008773118697992688,1.3159678046989033e-05,0.007653763359597216,299814.7669999636,2277.2815045911702,2025
2025-07-28 00:00:00+00:00,119415.56,119800.0,117427.5,118062.32,13961.74754,0.6019021593958676,-0.011332108758030257,0.614643236240961,0.01013155638205998,1.5197334573089972e-05,-0.006980401335043344,297721.93960013136,-2092.8273998322547,2025
2025-07-29 00:00:00+00:00,118062.32,119273.36,116950.75,117950.76,15137.93445,0.6148340077548249,-0.0009449246804570377,0.6019021593958676,0.012741076845093402,1.9111615267640103e-05,-0.0005878638209011812,297546.9196431519,-175.01995697943494,2025
2025-07-30 00:00:00+00:00,117950.75,118792.0,115796.23,117840.3,15586.73631,0.6506778504208247,-0.000936492482117024,0.6148340077548249,0.012931848358957332,1.9397772538435998e-05,-0.0005951851985507095,297369.824120706,-177.0955224459176,2025
2025-07-31 00:00:00+00:00,117840.29,118922.45,115500.0,115764.08,17010.007299999997,0.64175584946872,-0.017618930026484958,0.6506778504208247,0.035843842665999825,5.3765763998999736e-05,-0.011518013280347158,293944.7145373092,-3425.109583396814,2025
2025-08-01 00:00:00+00:00,115764.07,116052.0,112722.58,113297.93,24487.102059999997,0.606362068116359,-0.021303240176054672,0.64175584946872,0.008922000952104714,1.338300142815707e-05,-0.013684861997048287,289922.1216841043,-4022.592853204871,2025
2025-08-02 00:00:00+00:00,113297.92,114063.49,112003.0,112546.35,11507.33428,0.6044277436407466,-0.00663366047376146,0.606362068116359,0.03539378135236104,5.309067202854157e-05,-0.004075490756080286,288740.54675719753,-1181.5749269067892,2025
2025-08-03 00:00:00+00:00,112546.35,114799.97,111920.0,114208.8,7397.7604599999995,0.628762084818435,0.014771247579330682,0.6044277436407466,0.00193432447561237,2.901486713418555e-06,0.008925250358420265,291317.6284256327,2577.0816684351885,2025
2025-08-04 00:00:00+00:00,114208.81,115720.0,114107.6,115055.03,9667.67916,0.6635661599620378,0.00740949909288946,0.628762084818435,0.0243343411776884,3.65015117665326e-05,0.004622310585338948,292664.18898320035,1346.560557567631,2025
2025-08-05 00:00:00+00:00,115055.03,115127.81,112650.0,114129.75,12042.79078,0.6651771595287108,-0.008042064740672372,0.6635661599620378,0.03480407514360284,5.2206112715404265e-05,-0.005388648130849472,291087.1246482694,-1577.0643349309685,2025
2025-08-06 00:00:00+00:00,114129.75,115716.0,113355.13,114992.27,9761.15318,0.6852647623453532,0.007557363439418818,0.6651771595287108,0.0016109995666729882,2.416499350009482e-06,0.005024569046808729,292549.7120047016,1462.5873564322246,2025
2025-08-07 00:00:00+00:00,114992.27,117621.0,114259.0,117472.01,13468.56263,0.7087289739724029,0.021564406024856986,0.6852647623453532,0.020087602816642347,3.013140422496352e-05,0.01474719616551736,296863.9999958006,4314.287991099001,2025
2025-08-08 00:00:00+00:00,117472.02,117630.0,115878.71,116674.74,10045.31278,0.6968409382822538,-0.006786893320374743,0.7087289739724029,0.023464211627049703,3.519631744057455e-05,-0.00484526425684992,295425.6154674755,-1438.384528325114,2025
2025-08-09 00:00:00+00:00,116674.74,117944.05,116299.13,116462.25,9514.131440000001,0.7055664199362652,-0.0018212168289383213,0.6968409382822538,0.011888035690149068,1.7832053535223602e-05,-0.0012869304974280342,295045.42323320895,-380.19223426654935,2025
2025-08-10 00:00:00+00:00,116462.25,119311.11,116460.63,119294.01,14322.77073,0.7270877502086708,0.024314831629991707,0.7055664199362652,0.008725481654011435,1.3088222481017154e-05,0.017142640482045297,300103.2808495688,5057.857616359834,2025
2025-08-11 00:00:00+00:00,119294.27,122335.16,118050.11,118686.0,26494.33429,0.721069475237303,-0.005096735368355865,0.7270877502086708,0.021521330272405548,3.228199540860832e-05,-0.003738055847795435,298981.4780256464,-1121.802823922364,2025
2025-08-12 00:00:00+00:00,118686.0,120324.43,118207.47,120134.08,16720.108930000002,0.7394809927911207,0.012200933555769122,0.721069475237303,0.006018274971367754,9.027412457051632e-06,0.00878869334400659,301609.1345515517,2627.6565259053023,2025
2025-08-13 00:00:00+00:00,120134.09,123667.79,118920.92,123306.43,23210.07102,0.7249089937890267,0.02640674486373884,0.7394809927911207,0.018411517553817647,2.7617276330726472e-05,0.0194996686318887,307490.4127316577,5881.278180105961,2025
2025-08-14 00:00:00+00:00,123306.44,124474.0,117180.0,118295.09,27980.947586000002,0.6519338268566662,-0.0406413517932519,0.7249089937890267,0.014571999002093938,2.185799850314091e-05,-0.029483139433175234,298424.6300187256,-9065.782712932094,2025
2025-08-15 00:00:00+00:00,118295.09,119216.82,116803.99,117342.05,13623.33874,0.6327589783465445,-0.008056462867562786,0.6519338268566662,0.0729751669323605,0.00010946275039854075,-0.005361743418577378,296824.5537227813,-1600.07629594428,2025
2025-08-16 00:00:00+00:00,117342.04,117898.99,117143.98,117380.66,6393.68117,0.6461264965472342,0.00032903805583761603,0.6327589783465445,0.019174848510121745,2.8762272765182616e-05,0.00017943951128376057,296877.81577563833,53.26205285702599,2025
2025-08-17 00:00:00+00:00,117380.66,118575.0,117172.21,117405.01,5898.64192,0.657434581946933,0.0002074447357851561,0.6461264965472342,0.01336751820068971,2.0051277301034564e-05,0.00011398426305899501,296911.65517468815,33.839399049815256,2025
2025-08-18 00:00:00+00:00,117405.01,117543.75,114640.14,116227.05,17745.93954,0.6441651371199987,-0.010033302667407429,0.657434581946933,0.011308085399698853,1.696212809954828e-05,-0.0066132022727936,294948.1183418679,-1963.5368328202167,2025
2025-08-19 00:00:00+00:00,116227.05,116725.69,112732.58,112872.94,18065.47424,0.6147555640823726,-0.028858256318128994,0.6441651371199987,0.013269444826934373,1.9904167240401562e-05,-0.018609386805452034,289459.31472010387,-5488.803621764062,2025
2025-08-20 00:00:00+00:00,112872.95,114615.38,112380.0,114271.24,15636.34194,0.6354531242180852,0.012388265956393196,0.6147555640823726,0.029409573037626036,4.411435955643906e-05,0.007571641066468514,291650.9967545105,2191.6820344066364,2025
2025-08-21 00:00:00+00:00,114271.23,114821.76,112015.67,112500.0,10839.69235,0.6314548001264557,-0.01550031311465605,0.6354531242180852,0.020697560135712556,3.1046340203568835e-05,-0.009880768735270315,288769.26070416806,-2881.7360503424425,2025
2025-08-22 00:00:00+00:00,112500.0,117429.05,111684.79,116935.99,23128.09037,0.6158099384540136,0.03943102222222228,0.6314548001264557,0.003998324091629479,5.997486137444219e-06,0.02489291076997776,295957.56814398937,7188.307439821307,2025
2025-08-23 00:00:00+00:00,116936.0,117030.0,114560.0,115438.05,11329.36197,0.612129595841185,-0.012809914210329953,0.6158099384540136,0.015644861672442167,2.346729250866325e-05,-0.007911939773973146,293615.9696891826,-2341.598454806779,2025
2025-08-24 00:00:00+00:00,115438.06,115666.68,110680.0,113493.59,21175.984620000003,0.5693793985014903,-0.01684418612407268,0.612129595841185,0.0036803426128285688,5.520513919242853e-06,-0.010316345358321549,290586.92594315053,-3029.0437460320536,2025
2025-08-25 00:00:00+00:00,113493.59,113667.28,109274.1,110111.98,25182.79379,0.5360139969332135,-0.029795603434519924,0.5693793985014903,0.04275019733969465,6.412529600954198e-05,-0.017029128057545435,285638.4839694162,-4948.441973734356,2025
2025-08-26 00:00:00+00:00,110111.98,112371.0,108666.66,111763.22,18452.43877,0.5329538218208765,0.01499600679235824,0.5360139969332135,0.03336540156827683,5.0048102352415246e-05,0.007988021436457144,287920.170302441,2281.686333024816,2025
2025-08-27 00:00:00+00:00,111763.22,112625.0,110345.42,111262.01,13392.60875,0.5394295212885761,-0.004484570147495814,0.5329538218208765,0.003060175112337027,4.59026266850554e-06,-0.0023946590620002113,287230.6996574936,-689.4706449473742,2025
2025-08-28 00:00:00+00:00,111262.01,113485.9,110862.42,112566.9,11104.27744,0.5385052269353446,0.011728082208833035,0.5394295212885761,0.006475699467699658,9.713549201549488e-06,0.006316760222342321,289045.06711572566,1814.3674582320382,2025
2025-08-29 00:00:00+00:00,112566.9,112638.64,107463.9,108377.4,22580.310449999997,0.49200869948609965,-0.03721786777462999,0.5385052269353446,0.0009242943532314918,1.3864415298472377e-06,-0.020043402773556616,283251.62041581544,-5793.446699910215,2025
2025-08-30 00:00:00+00:00,108377.4,108926.15,107350.1,108816.33,10708.39159,0.5032728137010274,0.004050014117334522,0.49200869948609965,0.046496527449244984,6.974479117386748e-05,0.0019228973875962342,283796.2842167454,544.663800929964,2025
2025-08-31 00:00:00+00:00,108816.33,109480.02,108076.93,108246.35,9489.51596,0.522826294677635,-0.005238000583184466,0.5032728137010274,0.011264114214927734,1.6896171322391602e-05,-0.00265303946298926,283043.36147526867,-752.9227414767374,2025
2025-09-01 00:00:00+00:00,108246.36,109912.4,107255.0,109237.42,16053.60219,0.5232639474495371,0.009155689776144893,0.522826294677635,0.019553480976607585,2.9330221464911377e-05,0.004757505139414828,284389.9417221645,1346.5802468958427,2025
2025-09-02 00:00:00+00:00,109237.43,111771.52,108393.39,111240.01,18510.28756,0.5442182366648585,0.018332454208457083,0.5232639474495371,0.0004376527719021084,6.564791578531626e-07,0.009592055876397278,287117.8259338489,2727.8842116844025,2025
2025-09-03 00:00:00+00:00,111240.01,112575.27,110528.71,111705.71,11773.72084,0.5951460666894148,0.004186443348935365,0.5442182366648585,0.020954289215321387,3.143143382298208e-05,0.002246907383431947,287762.95309685456,645.1271630056435,2025
2025-09-04 00:00:00+00:00,111705.72,112180.0,109329.12,110730.87,12203.13536,0.5856005149560627,-0.008726859173089796,0.5951460666894148,0.050927830024556364,7.639174503683455e-05,-0.005270147656453666,286246.39984397707,-1516.553252877493,2025
2025-09-05 00:00:00+00:00,110730.87,113384.62,110206.96,110659.99,21587.40888,0.5622865694968306,-0.0006401105671796081,0.5856005149560627,0.009545551733352142,1.4318327600028213e-05,-0.0003891674053692241,286135.00207525346,-111.3977687236038,2025
2025-09-06 00:00:00+00:00,110660.0,111307.7,109977.0,110187.97,5000.29897,0.5605419378172303,-0.004265498307021387,0.5622865694968306,0.023313945459232044,3.4970918188848066e-05,-0.0024334033284384425,285438.72020882077,-696.2818664326915,2025
2025-09-07 00:00:00+00:00,110187.98,111600.0,110180.0,111137.34,5681.29944,0.5792930555273464,0.008615913334277803,0.5605419378172303,0.0017446316796003725,2.616947519400559e-06,0.004826963808941993,286816.5225809395,1377.8023721187492,2025
2025-09-08 00:00:00+00:00,111137.35,112924.37,110621.78,112065.23,11582.402109999999,0.6009921205561726,0.008349039125823854,0.5792930555273464,0.018751117710116172,2.8126676565174258e-05,0.004808413709350691,288195.65508018597,1379.1324992464506,2025
2025-09-09 00:00:00+00:00,112065.23,113293.29,110766.66,111546.39,15379.28248,0.5952491944671195,-0.0046298035528057335,0.6009921205561726,0.021699065028826126,3.254859754323919e-05,-0.0028150240525024587,287384.3773793086,-811.2777008773992,2025
2025-09-10 00:00:00+00:00,111546.38,114313.13,110917.45,113960.0,17517.41823,0.6020971183163798,0.02163772399985331,0.5952491944671195,0.005742926089053024,8.614389133579537e-06,0.012871223391880963,291083.36589989427,3698.988520585699,2025
2025-09-11 00:00:00+00:00,113960.0,115488.09,113430.0,115482.69,13676.73119,0.6504805368773177,0.013361618111618068,0.6020971183163798,0.006847923849260251,1.0271885773890376e-05,0.008034719875275296,293422.13920525217,2338.7733053578995,2025
2025-09-12 00:00:00+00:00,115482.69,116665.63,114740.99,116029.42,15324.107189999999,0.6600159117871632,0.004734302604139096,0.6504805368773177,0.04838341856093786,7.25751278414068e-05,0.0030069965718386754,294304.458571944,882.3193666918087,2025
2025-09-13 00:00:00+00:00,116029.41,116298.78,115127.27,115918.29,8269.40394,0.708331417730309,-0.0009577743299932218,0.6600159117871632,0.009535374909845573,1.430306236476836e-05,-0.000646449360061584,294114.20564303687,-190.2529289071099,2025
2025-09-14 00:00:00+00:00,115918.29,116165.19,115135.0,115268.01,6707.60197,0.7536739171064255,-0.005609813602322822,0.708331417730309,0.04831550594314582,7.247325891471873e-05,-0.004046080481050815,292924.19589638483,-1190.0097466520383,2025
2025-09-15 00:00:00+00:00,115268.01,116757.99,114384.0,115349.71,13212.51149,0.7756926178895874,0.000708782948538822,0.7536739171064255,0.04534249937611645,6.801374906417468e-05,0.0004661774721393213,293060.7505575562,136.5546611713944,2025
2025-09-16 00:00:00+00:00,115349.71,116964.27,114737.11,116788.96,10926.9094,0.7862536747183059,0.012477274541912609,0.7756926178895874,0.022018700783161926,3.302805117474289e-05,0.009645501702368551,295887.4685259565,2826.7179684002767,2025
2025-09-17 00:00:00+00:00,116788.96,117286.73,114720.81,116447.59,16754.2454,0.7849239938346448,-0.0029229646363835293,0.7862536747183059,0.01056105682871844,1.584158524307766e-05,-0.002314033271671284,295202.77507911687,-684.6934468396357,2025
2025-09-18 00:00:00+00:00,116447.6,117900.0,116092.76,117073.53,11657.23365,0.8506236862355258,0.005375293726559649,0.7849239938346448,0.001329680883661033,1.9945213254915496e-06,0.004217202498560019,296447.7049597624,1244.9298806455336,2025
2025-09-19 00:00:00+00:00,117073.53,117459.99,115100.0,115632.38,8992.09065,0.8251865817918609,-0.01230978514101344,0.8506236862355258,0.06569969240088092,9.854953860132137e-05,-0.010569544352017476,293314.38779413636,-3133.3171656260383,2025
2025-09-20 00:00:00+00:00,115632.39,116121.81,115408.47,115685.63,4674.92752,0.8387119472636755,0.0004605111474831336,0.8251865817918609,0.02543710444366487,3.8155656665497304e-05,0.0003418519630031572,293414.6578933809,100.27009924454615,2025
2025-09-21 00:00:00+00:00,115685.63,115819.06,115188.0,115232.29,4511.52219,0.8764224886518307,-0.003918723526854739,0.8387119472636755,0.013525365471814599,2.02880482077219e-05,-0.0033069682882040383,292444.3449244333,-970.3129689476336,2025
2025-09-22 00:00:00+00:00,115232.29,115379.25,111800.0,112650.99,20781.71356,0.852636966011744,-0.022400839209218093,0.8764224886518307,0.037710541388155217,5.6565812082232824e-05,-0.019689165059714662,286686.359946436,-5757.984977997257,2025
2025-09-23 00:00:00+00:00,112650.99,113290.5,111458.73,111998.8,12301.3203,0.8521116241210113,-0.005789474198140687,0.852636966011744,0.02378552264008671,3.567828396013007e-05,-0.00497199799906608,285260.95593842276,-1425.4040080132545,2025
2025-09-24 00:00:00+00:00,111998.8,113940.0,111042.66,113307.0,12369.25967,0.861095509063155,0.011680482290881589,0.8521116241210113,0.0005253418907327223,7.880128360990835e-07,0.009952286722563722,288099.9547626745,2838.9988242517575,2025
2025-09-25 00:00:00+00:00,113307.01,113510.23,108631.51,108994.49,21231.14957,0.7955734964178919,-0.03806040226993912,0.861095509063155,0.00898388494214375,1.3475827413215624e-05,-0.0327871172951949,278653.9877531304,-9445.96700954414,2025
2025-09-26 00:00:00+00:00,108994.49,110300.0,108620.07,109643.46,14243.01591,0.7938668402781399,0.0059541541962351285,0.7955734964178919,0.06552201264526314,9.828301896789471e-05,0.004638684253142149,279946.57561819605,1292.5878650656668,2025
2025-09-27 00:00:00+00:00,109643.46,109743.91,109064.4,109635.85,5501.78643,0.8075989074144648,-6.940678449951498e-05,0.7938668402781399,0.0017066561397519608,2.5599842096279414e-06,-5.765972891412368e-05,279930.4339745355,-16.14164366055047,2025
2025-09-28 00:00:00+00:00,109635.85,112350.0,109189.99,112163.95,7542.3315999999995,0.809932886676036,0.02305906325348861,0.8075989074144648,0.01373206713632491,2.0598100704487367e-05,0.01860187618881395,285137.6652488108,5207.231274275284,2025
2025-09-29 00:00:00+00:00,112163.96,114400.0,111560.65,114311.96,15541.12005,0.8195507992707025,0.01915062727373651,0.809932886676036,0.002333979261571195,3.500968892356793e-06,0.01550722186058188,289559.3582846324,4421.693035821605,2025
2025-09-30 00:00:00+00:00,114311.97,114792.0,112656.27,114048.93,15044.15633,0.8418799359142873,-0.002300984079006363,0.8195507992707025,0.009617912594666489,1.4426868891999734e-05,-0.0019002002099508257,289009.1375312267,-550.2207534057088,2025
2025-10-01 00:00:00+00:00,114048.94,118649.1,113966.67,118594.99,20036.39516,0.8245745301699369,0.03986061070454605,0.8418799359142873,0.022329136643584824,3.349370496537724e-05,0.033524354680482205,298697.9823637238,9688.844832497125,2025
2025-10-02 00:00:00+00:00,118594.99,121022.07,118279.31,120529.35,19670.835030000002,0.8231152820469445,0.01631063841735636,0.8245745301699369,0.017305405744350466,2.59581086165257e-05,0.013423378901146818,302707.51855800016,4009.5361942763557,2025
2025-10-03 00:00:00+00:00,120529.35,123894.99,119248.3,122232.0,23936.328,0.7760947156935873,0.014126434764644369,0.8231152820469445,0.0014592481229923626,2.188872184488544e-06,0.011625495463433524,306226.6434417434,3519.124883743236,2025
2025-10-04 00:00:00+00:00,122232.21,122800.0,121510.0,122391.0,8208.16678,0.7730437131961261,0.0013008050265068682,0.7760947156935873,0.04702056635335716,7.053084953003575e-05,0.0009390170576896015,306514.1954834542,287.55204171082005,2025
2025-10-05 00:00:00+00:00,122390.99,125708.42,122136.0,123482.31,22043.097553,0.7615806139520777,0.008916587003946264,0.7730437131961261,0.0030510024974612637,4.576503746191895e-06,0.006888335022820749,308625.56795119465,2111.372467740439,2025
2025-10-06 00:00:00+00:00,123482.32,126199.63,123084.0,124658.54,19494.628793,0.7556503539186158,0.009525493975614863,0.7615806139520777,0.011463099244048425,1.7194648866072636e-05,0.007237236901279511,310859.16430024937,2233.5963490547147,2025
2025-10-07 00:00:00+00:00,124658.54,125126.0,120574.94,121332.95,21633.99385,0.7083499694496109,-0.02667759465175834,0.7556503539186158,0.005930260033461865,8.895390050192798e-06,-0.020167829230348752,304589.809759953,-6269.354540296365,2025
2025-10-08 00:00:00+00:00,121332.96,124197.25,121066.14,123306.0,17012.618,0.7025783929298238,0.016261452474369165,0.7083499694496109,0.047300384469004864,7.09505767035073e-05,0.01144784878672219,308076.7078440614,3486.8980841084267,2025
2025-10-09 00:00:00+00:00,123306.01,123762.94,119651.47,121662.4,21559.360070000002,0.6718636990785541,-0.013329440578722873,0.7025783929298238,0.005771576519787103,8.657364779680654e-06,-0.009373634305232378,305188.90944677126,-2887.798397290171,2025
2025-10-10 00:00:00+00:00,121662.41,122550.0,102000.0,112774.5,64171.93927,0.46172674732707575,-0.07305379476321361,0.6718636990785541,0.03071469385126968,4.607204077690452e-05,-0.0491282648221151,290195.5078826978,-14993.401564073458,2025
2025-10-11 00:00:00+00:00,112774.49,113322.39,109561.59,110644.4,35448.516520000005,0.4352468087243918,-0.01888813517240162,0.46172674732707575,0.2101369517514784,0.0003152054276272176,-0.009036362643854353,287573.19603585225,-2622.3118468455505,2025
2025-10-12 00:00:00+00:00,110644.4,115770.0,109565.06,114958.8,32255.30272,0.4378193119222337,0.03899338782622541,0.4352468087243918,0.02647993860268394,3.971990790402591e-05,0.016932027704813134,292442.39335829293,4869.197322440683,2025
2025-10-13 00:00:00+00:00,114958.81,115963.81,113616.5,115166.0,22557.24033,0.4358833429253011,0.0018023848543999854,0.4378193119222337,0.0025725031978419133,3.85875479676287e-06,0.0007852601419756942,292672.0367136212,229.64335532824043,2025
2025-10-14 00:00:00+00:00,115166.0,115409.96,109866.0,113028.14,31870.32974,0.41456892831266123,-0.018563291249153346,0.4358833429253011,0.0019359689969326022,2.9039534953989034e-06,-0.008094333398872349,290303.05167193414,-2368.985041687032,2025
2025-10-15 00:00:00+00:00,113028.13,113612.35,110164.0,110763.28,22986.488110000002,0.41316380509762735,-0.020038018850880857,0.41456892831266123,0.021314414612639887,3.197162191895983e-05,-0.00833911162243754,287882.18211970764,-2420.8695522265043,2025
2025-10-16 00:00:00+00:00,110763.28,111982.45,107427.0,108194.28,29857.17252,0.390252471817797,-0.023193607123227156,0.41316380509762735,0.0014051232150338877,2.1076848225508314e-06,-0.009584866657794516,285122.8697909353,-2759.3123287723283,2025
2025-10-17 00:00:00+00:00,108194.27,109240.0,103528.23,106431.68,37920.66838,0.0,-0.016291064555353674,0.390252471817797,0.02291133327983036,3.436699991974554e-05,-0.006391995211189816,283300.36577263096,-1822.5040183043457,2025
2025-10-18 00:00:00+00:00,106431.68,107499.0,106322.2,107185.01,11123.18766,0.0,0.007078061719969053,0.0,0.390252471817797,0.0005853787077266955,-0.0005853787077266955,283134.5277706165,-165.83800201443955,2025
2025-10-19 00:00:00+00:00,107185.0,109450.07,106103.36,108642.78,15480.664229999998,0.37649204093050914,0.01360050253295686,0.0,0.0,0.0,0.0,283134.5277706165,0.0,2025
2025-10-20 00:00:00+00:00,108642.77,111705.56,107402.52,110532.09,19193.4416,0.3740928335088504,0.017390110967337113,0.37649204093050914,0.37649204093050914,0.0005647380613957638,0.005982500308705016,284828.3801704093,1693.852399792755,2025
2025-10-21 00:00:00+00:00,110532.09,114000.0,107473.72,108297.67,37228.01659,0.35938920790401063,-0.0202151248565009,0.3740928335088504,0.0023992074216587223,3.5988111324880836e-06,-0.007565932148436103,282673.387972091,-2154.9921983183012,2025
2025-10-22 00:00:00+00:00,108297.66,109163.88,106666.69,107567.44,28610.78451,0.0,-0.006742804346575482,0.35938920790401063,0.014703625604839787,2.205543840725968e-05,-0.002445346551574742,281982.15357759147,-691.2343944995082,2025
2025-10-23 00:00:00+00:00,107567.45,111293.61,107500.0,110078.18,17573.092940000002,0.3695884947204818,0.02334107793213258,0.0,0.35938920790401063,0.000539083811856016,-0.000539083811856016,281830.1415633655,-152.01201422594022,2025
2025-10-24 00:00:00+00:00,110078.19,112104.98,109700.01,111004.89,15005.16913,0.36830968749597454,0.008418652997351561,0.3695884947204818,0.3695884947204818,0.0005543827420807227,0.0025570545467845126,282550.7966082711,720.6550449055503,2025
2025-10-25 00:00:00+00:00,111004.9,111943.19,110672.86,111646.27,6407.96864,0.3796719112884553,0.005777943656356088,0.36830968749597454,0.001278807224507239,1.918210836760859e-06,0.0021261544116050984,283151.5432309823,600.7466227112454,2025
2025-10-26 00:00:00+00:00,111646.27,115466.8,111260.45,114559.4,13454.47737,0.3850310441350875,0.026092497313165763,0.3796719112884553,0.011362223792480752,1.704333568872113e-05,0.009889544989489808,285951.7831566086,2800.239925626258,2025
2025-10-27 00:00:00+00:00,114559.41,116400.0,113830.01,114107.65,21450.23241,0.39181976573181104,-0.0039433691168074825,0.3850310441350875,0.0053591328466321975,8.038699269948296e-06,-0.001526358227724391,285515.318299655,-436.46485695359297,2025
2025-10-28 00:00:00+00:00,114107.65,116086.0,112211.0,112898.45,15523.42257,0.3845400056311141,-0.010597010805147522,0.39181976573181104,0.006788721596723557,1.0183082395085335e-05,-0.004162301373525457,284326.9174981338,-1188.400801521202,2025
2025-10-29 00:00:00+00:00,112898.44,113643.73,109200.0,110021.29,21079.71376,0.37339466304180746,-0.02548449513700146,0.3845400056311141,0.007279760100696919,1.0919640151045379e-05,-0.009810727543639687,281537.46357723663,-2789.4539208971546,2025
2025-10-30 00:00:00+00:00,110021.3,111592.0,106304.34,108322.88,25988.82838,0.0,-0.015437103127948992,0.37339466304180746,0.011145342589306662,1.6718013883959993e-05,-0.005780849934686106,279909.93774930446,-1627.5258279321715,2025
2025-10-31 00:00:00+00:00,108322.87,111190.0,108275.28,109608.01,21518.20439,0.4503951517988187,0.011863883235009975,0.0,0.37339466304180746,0.0005600919945627112,-0.0005600919945627112,279753.1624339725,-156.77531533193542,2025
2025-11-01 00:00:00+00:00,109608.01,110564.49,109394.81,110098.1,7378.50431,0.4843168945796816,0.004471297307560018,0.4503951517988187,0.4503951517988187,0.0006755927276982281,0.001338257901877916,280127.54431417515,374.3818802026217,2025
2025-11-02 00:00:00+00:00,110098.1,111250.01,109471.34,110540.68,12107.00087,0.49016794243714984,0.004019869552698729,0.4843168945796816,0.03392174278086285,5.088261417129428e-05,0.001896008124207168,280658.66841400904,531.1240998338908,2025
2025-11-03 00:00:00+00:00,110540.69,110750.0,105306.56,106583.04,28681.18779,0.0,-0.03580256607793619,0.49016794243714984,0.005851047857468261,8.776571786202392e-06,-0.017558046720178286,275730.8504015728,-4927.818012436212,2025
2025-11-04 00:00:00+00:00,106583.05,107299.0,98944.36,101497.22,50534.87376,0.0,-0.04771697260652341,0.0,0.49016794243714984,0.0007352519136557248,-0.0007352519136557248,275528.11876616115,-202.73163541167742,2025
2025-11-05 00:00:00+00:00,101497.23,104534.74,98966.8,103885.16,33778.77571,0.0,0.023527146851904046,0.0,0.0,0.0,0.0,275528.11876616115,0.0,2025
2025-11-06 00:00:00+00:00,103885.16,104200.0,100300.95,101346.04,25814.62139,0.0,-0.024441604556416086,0.0,0.0,0.0,-0.0,275528.11876616115,0.0,2025
2025-11-07 00:00:00+00:00,101346.04,104096.36,99260.86,103339.08,32059.509420000002,0.0,0.01966569192047385,0.0,0.0,0.0,0.0,275528.11876616115,0.0,2025
2025-11-08 00:00:00+00:00,103339.09,103406.22,101454.0,102312.94,12390.779849999999,0.0,-0.009929834869828569,0.0,0.0,0.0,-0.0,275528.11876616115,0.0,2025
2025-11-09 00:00:00+00:00,102312.95,105495.62,101400.0,104722.96,16338.970959999999,0.0,0.023555378234659363,0.0,0.0,0.0,0.0,275528.11876616115,0.0,2025
2025-11-10 00:00:00+00:00,104722.95,106670.11,104265.02,106011.13,22682.25673,0.0,0.012300740926345144,0.0,0.0,0.0,0.0,275528.11876616115,0.0,2025
2025-11-11 00:00:00+00:00,106011.13,107500.0,102476.09,103058.99,24196.50718,0.0,-0.027847453375886122,0.0,0.0,0.0,-0.0,275528.11876616115,0.0,2025
2025-11-12 00:00:00+00:00,103059.0,105333.33,100813.59,101654.37,20457.63906,0.0,-0.013629281637633106,0.0,0.0,0.0,-0.0,275528.11876616115,0.0,2025
2025-11-13 00:00:00+00:00,101654.37,104085.01,98000.4,99692.02,36198.507710000005,0.0,-0.0193041381300183,0.0,0.0,0.0,-0.0,275528.11876616115,0.0,2025
2025-11-14 00:00:00+00:00,99692.03,99866.02,94012.45,94594.0,47288.144810000005,0.0,-0.05113769386957956,0.0,0.0,0.0,-0.0,275528.11876616115,0.0,2025
2025-11-15 00:00:00+00:00,94594.0,96846.68,94558.49,95596.24,15110.893909999999,0.0,0.010595175169672455,0.0,0.0,0.0,0.0,275528.11876616115,0.0,2025
2025-11-16 00:00:00+00:00,95596.23,96635.11,93005.55,94261.44,23889.4051,0.0,-0.013962892264381965,0.0,0.0,0.0,-0.0,275528.11876616115,0.0,2025
2025-11-17 00:00:00+00:00,94261.45,96043.0,91220.0,92215.14,39218.598060000004,0.0,-0.02170877083991085,0.0,0.0,0.0,-0.0,275528.11876616115,0.0,2025
2025-11-18 00:00:00+00:00,92215.14,93836.01,89253.78,92960.83,39835.14769,0.0,0.0080864161785148,0.0,0.0,0.0,0.0,275528.11876616115,0.0,2025
2025-11-19 00:00:00+00:00,92960.83,92980.22,88608.0,91554.96,32286.637600000002,0.0,-0.015123251373723723,0.0,0.0,0.0,-0.0,275528.11876616115,0.0,2025
2025-11-20 00:00:00+00:00,91554.96,93160.0,86100.0,86637.23,39733.19073,0.0,-0.05371341978632305,0.0,0.0,0.0,-0.0,275528.11876616115,0.0,2025
2025-11-21 00:00:00+00:00,86637.22,87498.94,80600.0,85129.43,72256.12679,0.0,-0.01740360350856096,0.0,0.0,0.0,-0.0,275528.11876616115,0.0,2025
2025-11-22 00:00:00+00:00,85129.42,85620.0,83500.0,84739.74,14193.93263,0.0,-0.00457761786963673,0.0,0.0,0.0,-0.0,275528.11876616115,0.0,2025
2025-11-23 00:00:00+00:00,84739.75,88127.64,84667.57,86830.0,19734.464180000003,0.0,0.02466682102163631,0.0,0.0,0.0,0.0,275528.11876616115,0.0,2025
2025-11-24 00:00:00+00:00,86830.0,89228.0,85272.0,88300.01,24663.12795,0.0,0.01692974778302414,0.0,0.0,0.0,0.0,275528.11876616115,0.0,2025
2025-11-25 00:00:00+00:00,88300.01,88519.99,86116.0,87369.96,19567.041100000002,0.0,-0.010532841389259029,0.0,0.0,0.0,-0.0,275528.11876616115,0.0,2025
2025-11-26 00:00:00+00:00,87369.97,90656.08,86306.77,90484.02,21675.82239,0.0,0.035642227603171595,0.0,0.0,0.0,0.0,275528.11876616115,0.0,2025
2025-11-27 00:00:00+00:00,90484.01,91950.0,90089.91,91333.95,16833.50932,0.0,0.009393150304329856,0.0,0.0,0.0,0.0,275528.11876616115,0.0,2025
2025-11-28 00:00:00+00:00,91333.94,93092.0,90180.63,90890.7,18830.860119999998,0.0,-0.004853069422706469,0.0,0.0,0.0,-0.0,275528.11876616115,0.0,2025
2025-11-29 00:00:00+00:00,90890.71,91165.65,90155.47,90802.44,7429.88291,0.0,-0.000971056444718732,0.0,0.0,0.0,-0.0,275528.11876616115,0.0,2025
2025-11-30 00:00:00+00:00,90802.44,92000.01,90336.9,90360.0,9687.741750000001,0.0,-0.004872556288134988,0.0,0.0,0.0,-0.0,275528.11876616115,0.0,2025
2025-12-01 00:00:00+00:00,90360.01,90417.0,83822.76,86286.01,34509.01227,0.0,-0.0450862107127048,0.0,0.0,0.0,-0.0,275528.11876616115,0.0,2025
2025-12-02 00:00:00+00:00,86286.01,92307.65,86184.39,91277.88,28210.227319999998,0.0,0.05785259974357393,0.0,0.0,0.0,0.0,275528.11876616115,0.0,2025
2025-12-03 00:00:00+00:00,91277.88,94150.0,90990.23,93429.95,25712.525849999998,0.0,0.023577125147954625,0.0,0.0,0.0,0.0,275528.11876616115,0.0,2025
2025-12-04 00:00:00+00:00,93429.95,94080.0,90889.0,92078.06,19803.94059,0.0,-0.014469557138797606,0.0,0.0,0.0,-0.0,275528.11876616115,0.0,2025
2025-12-05 00:00:00+00:00,92078.06,92692.36,88056.0,89330.04,19792.97218,0.0,-0.029844460232980596,0.0,0.0,0.0,-0.0,275528.11876616115,0.0,2025
2025-12-06 00:00:00+00:00,89330.04,90289.97,88908.01,89236.79,8409.50016,0.0,-0.0010438817669845557,0.0,0.0,0.0,-0.0,275528.11876616115,0.0,2025
2025-12-07 00:00:00+00:00,89236.8,91760.0,87719.28,90395.31,13021.11185,0.0,0.01298253780755676,0.0,0.0,0.0,0.0,275528.11876616115,0.0,2025
2025-12-08 00:00:00+00:00,90395.32,92287.15,89612.0,90634.34,15793.63887,0.0,0.0026442743544992098,0.0,0.0,0.0,0.0,275528.11876616115,0.0,2025
2025-12-09 00:00:00+00:00,90634.35,94588.99,89500.0,92678.8,21240.43014,0.0,0.022557233825501566,0.0,0.0,0.0,0.0,275528.11876616115,0.0,2025
2025-12-10 00:00:00+00:00,92678.81,94476.0,91563.15,92015.37,18998.680829999998,0.0,-0.007158379262571457,0.0,0.0,0.0,-0.0,275528.11876616115,0.0,2025
2025-12-11 00:00:00+00:00,92015.38,93555.0,89260.63,92513.38,19972.58758,0.0,0.005412247975528528,0.0,0.0,0.0,0.0,275528.11876616115,0.0,2025
2025-12-12 00:00:00+00:00,92513.38,92754.0,89480.0,90268.42,16679.19169,0.0,-0.02426632774632176,0.0,0.0,0.0,-0.0,275528.11876616115,0.0,2025
2025-12-13 00:00:00+00:00,90268.43,90634.55,89766.39,90240.01,5895.70788,0.0,-0.00031472800786813693,0.0,0.0,0.0,-0.0,275528.11876616115,0.0,2025
2025-12-14 00:00:00+00:00,90240.0,90472.4,87577.36,88172.17,9416.94004,0.0,-0.022914891077693733,0.0,0.0,0.0,-0.0,275528.11876616115,0.0,2025
2025-12-15 00:00:00+00:00,88172.16,90052.64,85146.64,86432.08,19778.691899999998,0.0,-0.019735138649757622,0.0,0.0,0.0,-0.0,275528.11876616115,0.0,2025
2025-12-16 00:00:00+00:00,86432.08,88175.98,85266.0,87863.42,18456.05017,0.0,0.016560286412174774,0.0,0.0,0.0,0.0,275528.11876616115,0.0,2025
2025-12-17 00:00:00+00:00,87863.43,90365.85,85314.0,86243.22,19834.11729,0.0,-0.018439983328670806,0.0,0.0,0.0,-0.0,275528.11876616115,0.0,2025
2025-12-18 00:00:00+00:00,86243.23,89477.61,84450.01,85516.41,25405.41763,0.0,-0.008427445079160933,0.0,0.0,0.0,-0.0,275528.11876616115,0.0,2025
2025-12-19 00:00:00+00:00,85516.41,89399.97,85110.24,88136.94,21256.65004,0.0,0.03064359226492308,0.0,0.0,0.0,0.0,275528.11876616115,0.0,2025
2025-12-20 00:00:00+00:00,88136.95,88573.07,87795.76,88360.9,5123.13194,0.0,0.002541045786250251,0.0,0.0,0.0,0.0,275528.11876616115,0.0,2025
2025-12-21 00:00:00+00:00,88360.91,89081.77,87600.04,88658.86,7132.87258,0.0,0.003372079732098854,0.0,0.0,0.0,0.0,275528.11876616115,0.0,2025
2025-12-22 00:00:00+00:00,88658.87,90588.23,87900.0,88620.79,14673.2197,0.0,-0.00042939870871350205,0.0,0.0,0.0,-0.0,275528.11876616115,0.0,2025
2025-12-23 00:00:00+00:00,88620.79,88940.0,86601.9,87486.0,13910.32904,0.0,-0.012805008847246668,0.0,0.0,0.0,-0.0,275528.11876616115,0.0,2025
2025-12-24 00:00:00+00:00,87486.0,88049.89,86420.0,87669.45,9140.8432,0.0,0.002096906933680698,0.0,0.0,0.0,0.0,275528.11876616115,0.0,2025
2025-12-25 00:00:00+00:00,87669.44,88592.74,86934.72,87225.27,7096.58235,0.0,-0.00506653115766087,0.0,0.0,0.0,-0.0,275528.11876616115,0.0,2025
2025-12-26 00:00:00+00:00,87225.27,89567.75,86655.08,87369.56,18344.61505,0.0,0.0016542224518192317,0.0,0.0,0.0,0.0,275528.11876616115,0.0,2025
2025-12-27 00:00:00+00:00,87369.56,87984.0,87253.05,87877.01,4469.55156,0.0,0.005808086935541468,0.0,0.0,0.0,0.0,275528.11876616115,0.0,2025
2025-12-28 00:00:00+00:00,87877.0,88088.75,87435.0,87952.71,4446.29285,0.0,0.0008614312207482211,0.0,0.0,0.0,0.0,275528.11876616115,0.0,2025
2025-12-29 00:00:00+00:00,87952.71,90406.08,86806.5,87237.13,19894.98575,0.0,-0.008135963064696994,0.0,0.0,0.0,-0.0,275528.11876616115,0.0,2025
2025-12-30 00:00:00+00:00,87237.13,89400.0,86845.66,88485.49,13105.91001,0.0,0.014309961824741313,0.0,0.0,0.0,0.0,275528.11876616115,0.0,2025
2025-12-31 00:00:00+00:00,88485.5,89200.0,87250.0,87648.22,11558.620469999998,0.0,-0.009462229344042727,0.0,0.0,0.0,-0.0,275528.11876616115,0.0,2025
2026-01-01 00:00:00+00:00,87648.21,88919.45,87550.43,88839.04,6279.571330000001,0.0,0.013586356916318376,0.0,0.0,0.0,0.0,275528.11876616115,0.0,2026
2026-01-02 00:00:00+00:00,88839.05,90961.81,88379.88,89995.13,17396.97301,0.0,0.013013310364452524,0.0,0.0,0.0,0.0,275528.11876616115,0.0,2026
2026-01-03 00:00:00+00:00,89995.14,90741.16,89314.01,90628.01,7057.46716,0.0,0.007032380529924165,0.0,0.0,0.0,0.0,275528.11876616115,0.0,2026
2026-01-04 00:00:00+00:00,90628.01,91810.0,90628.0,91529.73,10426.5297,0.0,0.00994968332637991,0.0,0.0,0.0,0.0,275528.11876616115,0.0,2026
2026-01-05 00:00:00+00:00,91529.74,94789.08,91514.81,93859.71,20673.59584,0.0,0.025455991184503812,0.0,0.0,0.0,0.0,275528.11876616115,0.0,2026
2026-01-06 00:00:00+00:00,93859.71,94444.44,91262.94,93747.97,18546.41829,0.0,-0.0011905001624232803,0.0,0.0,0.0,-0.0,275528.11876616115,0.0,2026
2026-01-07 00:00:00+00:00,93747.97,93747.97,90675.52,91364.16,14276.490249999999,0.0,-0.02542785726453589,0.0,0.0,0.0,-0.0,275528.11876616115,0.0,2026
2026-01-08 00:00:00+00:00,91364.16,91687.99,89311.0,91099.99,16132.79117,0.0,-0.0028913963637382523,0.0,0.0,0.0,-0.0,275528.11876616115,0.0,2026
2026-01-09 00:00:00+00:00,91100.0,92082.55,89694.66,90641.28,15590.27939,0.0,-0.0050352365571061375,0.0,0.0,0.0,-0.0,275528.11876616115,0.0,2026
2026-01-10 00:00:00+00:00,90641.27,90832.0,90404.0,90504.7,3104.11722,0.0,-0.0015068189681346489,0.0,0.0,0.0,-0.0,275528.11876616115,0.0,2026
2026-01-11 00:00:00+00:00,90504.7,91283.89,90236.0,91013.65,5477.13594,0.0,0.005623464858730998,0.0,0.0,0.0,0.0,275528.11876616115,0.0,2026
2026-01-12 00:00:00+00:00,91013.66,92519.95,90128.44,91296.2,16188.08268,0.0,0.003104479383037706,0.0,0.0,0.0,0.0,275528.11876616115,0.0,2026
2026-01-13 00:00:00+00:00,91296.2,96495.0,91042.66,95414.0,23021.51482,0.0,0.04510373925749378,0.0,0.0,0.0,0.0,275528.11876616115,0.0,2026
2026-01-14 00:00:00+00:00,95413.99,97924.49,94559.28,96951.78,22851.89428,0.0,0.01611692204498283,0.0,0.0,0.0,0.0,275528.11876616115,0.0,2026
2026-01-15 00:00:00+00:00,96951.78,97193.34,95134.48,95604.8,21725.81369,0.0,-0.013893298297359746,0.0,0.0,0.0,-0.0,275528.11876616115,0.0,2026
2026-01-16 00:00:00+00:00,95604.81,95871.47,94293.46,95550.94,11167.7146,0.0,-0.0005633608354392861,0.0,0.0,0.0,-0.0,275528.11876616115,0.0,2026
2026-01-17 00:00:00+00:00,95550.94,95639.45,95021.67,95147.77,4280.80137,0.0,-0.00421942473825998,0.0,0.0,0.0,-0.0,275528.11876616115,0.0,2026
2026-01-18 00:00:00+00:00,95147.77,95531.12,93615.4,93673.14,6895.17819,0.0,-0.015498313833314237,0.0,0.0,0.0,-0.0,275528.11876616115,0.0,2026
2026-01-19 00:00:00+00:00,93673.14,93673.14,91910.2,92631.0,14295.52747,0.0,-0.011125280950334271,0.0,0.0,0.0,-0.0,275528.11876616115,0.0,2026
2026-01-20 00:00:00+00:00,92630.99,92870.0,87895.98,88427.66,22007.3261,0.0,-0.045377249516900364,0.0,0.0,0.0,-0.0,275528.11876616115,0.0,2026
2026-01-21 00:00:00+00:00,88427.66,90574.0,87263.53,89454.73,20617.50372,0.0,0.01161480468893994,0.0,0.0,0.0,0.0,275528.11876616115,0.0,2026
2026-01-22 00:00:00+00:00,89454.73,90359.99,88515.37,89559.67,10825.504920000001,0.0,0.0011731073359675381,0.0,0.0,0.0,0.0,275528.11876616115,0.0,2026
2026-01-23 00:00:00+00:00,89559.68,91224.99,88578.36,89600.26,13918.48919,0.0,0.0004532173912654702,0.0,0.0,0.0,0.0,275528.11876616115,0.0,2026
2026-01-24 00:00:00+00:00,89600.26,89957.39,89162.08,89225.34,4226.567370000001,0.0,-0.004184362857875601,0.0,0.0,0.0,-0.0,275528.11876616115,0.0,2026
2026-01-25 00:00:00+00:00,89225.34,89319.13,86074.72,86670.36,14426.22019,0.0,-0.02863513885181046,0.0,0.0,0.0,-0.0,275528.11876616115,0.0,2026
2026-01-26 00:00:00+00:00,86670.36,88860.0,86509.63,88347.08,17766.51453,0.0,0.019345944795891024,0.0,0.0,0.0,0.0,275528.11876616115,0.0,2026
2026-01-27 00:00:00+00:00,88347.08,89523.16,87304.33,89250.0,13125.40425,0.0,0.010220145363038613,0.0,0.0,0.0,0.0,275528.11876616115,0.0,2026
2026-01-28 00:00:00+00:00,89249.99,90600.0,88833.65,89299.99,14332.18502,0.0,0.0005601120448179842,0.0,0.0,0.0,0.0,275528.11876616115,0.0,2026
2026-01-29 00:00:00+00:00,89300.0,89348.0,83383.33,84650.16,30431.38201,0.0,-0.052069770668507376,0.0,0.0,0.0,-0.0,275528.11876616115,0.0,2026
2026-01-30 00:00:00+00:00,84650.16,84735.75,81118.0,84260.49,35195.84793,0.0,-0.004603299036883057,0.0,0.0,0.0,-0.0,275528.11876616115,0.0,2026
2026-01-31 00:00:00+00:00,84260.5,84270.02,75719.9,78741.09,39491.89133,0.0,-0.06550401024252306,0.0,0.0,0.0,-0.0,275528.11876616115,0.0,2026
2026-02-01 00:00:00+00:00,78741.1,79424.0,75700.0,76968.21,25395.48168,0.0,-0.02251530935119128,0.0,0.0,0.0,-0.0,275528.11876616115,0.0,2026
2026-02-02 00:00:00+00:00,76968.22,79360.0,74604.0,78738.61,42273.59016,0.0,0.023001704210088736,0.0,0.0,0.0,0.0,275528.11876616115,0.0,2026
2026-02-03 00:00:00+00:00,78738.6,79186.81,72945.5,75770.21,39120.10889,0.0,-0.03769942090671896,0.0,0.0,0.0,-0.0,275528.11876616115,0.0,2026
2026-02-04 00:00:00+00:00,75770.21,76971.52,71888.0,73165.83,38375.36,0.0,-0.03437208369885747,0.0,0.0,0.0,-0.0,275528.11876616115,0.0,2026
2026-02-05 00:00:00+00:00,73165.84,73341.18,62345.0,62909.86,106298.82899000001,0.0,-0.14017431361060217,0.0,0.0,0.0,-0.0,275528.11876616115,0.0,2026
2026-02-06 00:00:00+00:00,62909.87,71751.33,60000.0,70580.26,92539.21531,0.0,0.12192683309102881,0.0,0.0,0.0,0.0,275528.11876616115,0.0,2026
2026-02-07 00:00:00+00:00,70580.26,71690.07,67300.0,69289.38,44255.48036,0.0,-0.01828953307907888,0.0,0.0,0.0,-0.0,275528.11876616115,0.0,2026
2026-02-08 00:00:00+00:00,69289.37,72271.41,68888.0,70330.38,21420.53168,0.0,0.015023947392803993,0.0,0.0,0.0,0.0,275528.11876616115,0.0,2026
2026-02-09 00:00:00+00:00,70330.38,71453.53,68308.0,70138.0,29152.72842,0.0,-0.0027353755233514576,0.0,0.0,0.0,-0.0,275528.11876616115,0.0,2026
2026-02-10 00:00:00+00:00,70138.0,70527.59,67800.0,68841.29,20373.77072,0.0,-0.01848798083777703,0.0,0.0,0.0,-0.0,275528.11876616115,0.0,2026
2026-02-11 00:00:00+00:00,68841.28,69292.88,65756.0,67082.52,28718.24602,0.0,-0.025548184817570818,0.0,0.0,0.0,-0.0,275528.11876616115,0.0,2026
2026-02-12 00:00:00+00:00,67082.52,68410.52,65118.0,66272.17,24271.742830000003,0.0,-0.01207989801217968,0.0,0.0,0.0,-0.0,275528.11876616115,0.0,2026
2026-02-13 00:00:00+00:00,66272.17,69482.97,65872.46,68853.96,20244.54955,0.0,0.03895737833844892,0.0,0.0,0.0,0.0,275528.11876616115,0.0,2026
2026-02-14 00:00:00+00:00,68853.97,70560.01,68730.13,69822.95,18114.78393,0.0,0.014073119396473155,0.0,0.0,0.0,0.0,275528.11876616115,0.0,2026
2026-02-15 00:00:00+00:00,69822.94,70983.0,68000.0,68832.58,22290.05208,0.0,-0.014184018291979905,0.0,0.0,0.0,-0.0,275528.11876616115,0.0,2026
2026-02-16 00:00:00+00:00,68832.59,70126.67,67294.11,68892.43,15515.76534,0.0,0.0008695010415125104,0.0,0.0,0.0,0.0,275528.11876616115,0.0,2026
2026-02-17 00:00:00+00:00,68892.43,69241.5,66621.06,67503.52,16489.06921,0.0,-0.02016056045635184,0.0,0.0,0.0,-0.0,275528.11876616115,0.0,2026
2026-02-18 00:00:00+00:00,67503.52,68476.22,65870.0,66461.0,15492.43839,0.0,-0.015443935368111283,0.0,0.0,0.0,-0.0,275528.11876616115,0.0,2026
2026-02-19 00:00:00+00:00,66461.0,67320.0,65631.83,67003.73,14542.26988,0.0,0.008166142549765887,0.0,0.0,0.0,0.0,275528.11876616115,0.0,2026
2026-02-20 00:00:00+00:00,67003.73,68318.39,66280.2,68020.01,35351.87091,0.0,0.01516751380855963,0.0,0.0,0.0,0.0,275528.11876616115,0.0,2026
2026-02-21 00:00:00+00:00,68020.0,68698.7,67534.69,67975.93,8032.84131,0.0,-0.0006480445974648141,0.0,0.0,0.0,-0.0,275528.11876616115,0.0,2026
2026-02-22 00:00:00+00:00,67975.93,68245.0,67190.0,67643.4,8175.13484,0.0,-0.004891878639983305,0.0,0.0,0.0,-0.0,275528.11876616115,0.0,2026
2026-02-23 00:00:00+00:00,67643.39,67684.86,63888.79,64656.02,33075.909230000005,0.0,-0.04416365824308055,0.0,0.0,0.0,-0.0,275528.11876616115,0.0,2026
2026-02-24 00:00:00+00:00,64656.01,65026.75,62510.28,64058.15,23102.836219999997,0.0,-0.009246934778849636,0.0,0.0,0.0,-0.0,275528.11876616115,0.0,2026
2026-02-25 00:00:00+00:00,64058.15,69988.83,63913.27,67988.04,30749.99259,0.0,0.06134879012272432,0.0,0.0,0.0,0.0,275528.11876616115,0.0,2026
2026-02-26 00:00:00+00:00,67988.04,68860.0,66500.0,67485.18,20737.77792,0.0,-0.007396300878801609,0.0,0.0,0.0,-0.0,275528.11876616115,0.0,2026
2026-02-27 00:00:00+00:00,67485.19,68216.8,64914.46,65872.1,21228.58424,0.0,-0.023902729458526895,0.0,0.0,0.0,-0.0,275528.11876616115,0.0,2026
2026-02-28 00:00:00+00:00,65872.09,67760.0,63030.0,66973.26,22548.71649,0.0,0.016716637240956178,0.0,0.0,0.0,0.0,275528.11876616115,0.0,2026
2026-03-01 00:00:00+00:00,66973.26,68199.99,65056.0,65776.47,23201.85859,0.0,-0.01786966917841526,0.0,0.0,0.0,-0.0,275528.11876616115,0.0,2026
2026-03-02 00:00:00+00:00,65776.48,70096.0,65259.21,68830.06,32010.38431,0.0,0.04642374393153048,0.0,0.0,0.0,0.0,275528.11876616115,0.0,2026
2026-03-03 00:00:00+00:00,68830.06,69258.08,66158.0,68338.0,24972.241800000003,0.0,-0.007148911391331003,0.0,0.0,0.0,-0.0,275528.11876616115,0.0,2026
2026-03-04 00:00:00+00:00,68338.01,74050.0,67400.0,72666.77,44919.0761,0.0,0.06334352775907992,0.0,0.0,0.0,0.0,275528.11876616115,0.0,2026
2026-03-05 00:00:00+00:00,72666.77,73558.15,70645.47,70890.72,26590.51253,0.0,-0.02444102029029227,0.0,0.0,0.0,-0.0,275528.11876616115,0.0,2026
2026-03-06 00:00:00+00:00,70891.02,71419.98,67744.78,68114.02,22629.88722,0.0,-0.0391687374595715,0.0,0.0,0.0,-0.0,275528.11876616115,0.0,2026
2026-03-07 00:00:00+00:00,68114.02,68551.04,66915.26,67262.91,12719.543150000001,0.0,-0.012495371731106153,0.0,0.0,0.0,-0.0,275528.11876616115,0.0,2026
2026-03-08 00:00:00+00:00,67262.91,68200.0,65618.49,65971.2,21593.63901,0.0,-0.01920389706600567,0.0,0.0,0.0,-0.0,275528.11876616115,0.0,2026
2026-03-09 00:00:00+00:00,65971.2,69516.65,65821.97,68432.16,28896.7213,0.0,0.03730355064027946,0.0,0.0,0.0,0.0,275528.11876616115,0.0,2026
2026-03-10 00:00:00+00:00,68432.16,71777.0,68391.41,69948.63,32602.57726,0.0,0.022160194855752158,0.0,0.0,0.0,0.0,275528.11876616115,0.0,2026
2026-03-11 00:00:00+00:00,69948.64,71321.0,68977.91,70191.86,27249.275419999998,0.0,0.0034772661022810514,0.0,0.0,0.0,0.0,275528.11876616115,0.0,2026
2026-03-12 00:00:00+00:00,70191.86,70800.0,69205.91,70541.34,21997.160499999998,0.0,0.0049789249066771735,0.0,0.0,0.0,0.0,275528.11876616115,0.0,2026
2026-03-13 00:00:00+00:00,70541.34,73913.74,70386.01,70930.0,35996.616780000004,0.0,0.005509677020595349,0.0,0.0,0.0,0.0,275528.11876616115,0.0,2026
2026-03-14 00:00:00+00:00,70930.01,71307.92,70317.0,71211.95,13017.247370000001,0.0,0.0039750458198222205,0.0,0.0,0.0,0.0,275528.11876616115,0.0,2026
2026-03-15 00:00:00+00:00,71211.95,73199.0,70858.82,72815.24,14037.30704,0.0,0.022514339236602954,0.0,0.0,0.0,0.0,275528.11876616115,0.0,2026
2026-03-16 00:00:00+00:00,72815.25,74909.08,72270.41,74884.67,28409.53019,0.0,0.028420286742171008,0.0,0.0,0.0,0.0,275528.11876616115,0.0,2026
2026-03-17 00:00:00+00:00,74884.67,76000.0,73399.19,73909.36,24521.26636,0.0,-0.013024161019872249,0.0,0.0,0.0,-0.0,275528.11876616115,0.0,2026
2026-03-18 00:00:00+00:00,73909.37,74672.34,70500.0,71246.54,23392.88093,0.0,-0.03602818371042593,0.0,0.0,0.0,-0.0,275528.11876616115,0.0,2026
2026-03-19 00:00:00+00:00,71246.55,71613.79,68793.35,69930.0,22364.818189999998,0.0,-0.018478651735228002,0.0,0.0,0.0,-0.0,275528.11876616115,0.0,2026
2026-03-20 00:00:00+00:00,69930.01,71367.0,69388.0,70510.73,18121.16745,0.0,0.008304447304447349,0.0,0.0,0.0,0.0,275528.11876616115,0.0,2026
2026-03-21 00:00:00+00:00,70510.73,71100.94,68571.42,68918.12,13397.1675,0.0,-0.022586775090826627,0.0,0.0,0.0,-0.0,275528.11876616115,0.0,2026
2026-03-22 00:00:00+00:00,68918.12,69588.79,67360.66,67859.0,14843.78682,0.0,-0.015367801675379322,0.0,0.0,0.0,-0.0,275528.11876616115,0.0,2026
2026-03-23 00:00:00+00:00,67859.0,71817.09,67445.18,70906.45,28335.09119,0.0,0.044908560397294295,0.0,0.0,0.0,0.0,275528.11876616115,0.0,2026
2026-03-24 00:00:00+00:00,70906.45,71400.0,68923.07,70556.74,20702.422440000002,0.0,-0.004931991377371103,0.0,0.0,0.0,-0.0,275528.11876616115,0.0,2026
2026-03-25 00:00:00+00:00,70556.74,72026.09,70408.0,71336.53,17719.500659999998,0.0,0.011051956198656399,0.0,0.0,0.0,0.0,275528.11876616115,0.0,2026
2026-03-26 00:00:00+00:00,71336.53,71436.82,68153.0,68820.31,20820.45768,0.0,-0.035272531478612756,0.0,0.0,0.0,-0.0,275528.11876616115,0.0,2026
2026-03-27 00:00:00+00:00,68820.31,69179.05,65548.25,66407.28,28603.69557,0.0,-0.035062759816106626,0.0,0.0,0.0,-0.0,275528.11876616115,0.0,2026
2026-03-28 00:00:00+00:00,66407.28,67288.94,65932.09,66377.03,11462.39847,0.0,-0.00045552234634516076,0.0,0.0,0.0,-0.0,275528.11876616115,0.0,2026
2026-03-29 00:00:00+00:00,66377.04,67130.5,65000.0,66010.93,10052.85584,0.0,-0.00551546220130672,0.0,0.0,0.0,-0.0,275528.11876616115,0.0,2026
2026-03-30 00:00:00+00:00,66010.93,68169.65,65800.59,66797.37,18353.389750000002,0.0,0.01191378458082637,0.0,0.0,0.0,0.0,275528.11876616115,0.0,2026
2026-03-31 00:00:00+00:00,66797.38,68589.49,65998.05,68284.48,22105.40662,0.0,0.022263002270897836,0.0,0.0,0.0,0.0,275528.11876616115,0.0,2026
2026-04-01 00:00:00+00:00,68284.49,69310.0,67578.75,68113.92,19020.1899,0.0,-0.0024977857340350296,0.0,0.0,0.0,-0.0,275528.11876616115,0.0,2026
2026-04-02 00:00:00+00:00,68113.92,68653.38,65712.12,66901.99,20203.47916,0.0,-0.01779269200774225,0.0,0.0,0.0,-0.0,275528.11876616115,0.0,2026
2026-04-03 00:00:00+00:00,66901.99,67370.42,66282.0,66964.3,11429.13131,0.0,0.0009313624303253221,0.0,0.0,0.0,0.0,275528.11876616115,0.0,2026
2026-04-04 00:00:00+00:00,66964.29,67562.93,66775.91,67300.42,7373.51613,0.0,0.0050193909291964545,0.0,0.0,0.0,0.0,275528.11876616115,0.0,2026
2026-04-05 00:00:00+00:00,67300.42,69136.2,66611.66,69034.18,11733.46752,0.0,0.025761503420038023,0.0,0.0,0.0,0.0,275528.11876616115,0.0,2026
2026-04-06 00:00:00+00:00,69034.18,70351.46,68300.0,68853.66,20281.61044,0.0,-0.0026149365430282456,0.0,0.0,0.0,-0.0,275528.11876616115,0.0,2026
2026-04-07 00:00:00+00:00,68853.66,72761.0,67732.01,71924.22,23750.496610000002,0.0,0.04459545069935267,0.0,0.0,0.0,0.0,275528.11876616115,0.0,2026
2026-04-08 00:00:00+00:00,71924.22,72857.0,70707.23,71069.93,19802.686270000002,0.0,-0.011877640105099618,0.0,0.0,0.0,-0.0,275528.11876616115,0.0,2026
2026-04-09 00:00:00+00:00,71069.93,73145.0,70466.0,71787.97,18158.421589999998,0.0,0.010103288409036182,0.0,0.0,0.0,0.0,275528.11876616115,0.0,2026
2026-04-10 00:00:00+00:00,71787.98,73434.0,71426.15,72962.7,17372.63288,0.0,0.01636388380950171,0.0,0.0,0.0,0.0,275528.11876616115,0.0,2026
2026-04-11 00:00:00+00:00,72962.71,73790.0,72513.09,73043.16,9070.943739999999,0.0,0.0011027552434326182,0.0,0.0,0.0,0.0,275528.11876616115,0.0,2026
2026-04-12 00:00:00+00:00,73043.16,73137.24,70505.88,70740.98,13472.468009999999,0.0,-0.03151807780495819,0.0,0.0,0.0,-0.0,275528.11876616115,0.0,2026
2026-04-13 00:00:00+00:00,70741.56,74900.0,70566.99,74417.99,24230.216249999998,0.0,0.0519784995910435,0.0,0.0,0.0,0.0,275528.11876616115,0.0,2026
2026-04-14 00:00:00+00:00,74418.0,76038.0,73795.47,74131.55,26532.94456,0.0,-0.0038490692909066704,0.0,0.0,0.0,-0.0,275528.11876616115,0.0,2026
2026-04-15 00:00:00+00:00,74131.55,75425.0,73514.0,74809.99,14425.04167,0.0,0.009151838859432937,0.0,0.0,0.0,0.0,275528.11876616115,0.0,2026
2026-04-16 00:00:00+00:00,74809.99,75534.76,73309.85,75154.29,17088.68777,0.0,0.004602326507462173,0.0,0.0,0.0,0.0,275528.11876616115,0.0,2026
2026-04-17 00:00:00+00:00,75154.28,78333.0,74529.4,77072.0,25941.36694,0.0,0.02551697314950352,0.0,0.0,0.0,0.0,275528.11876616115,0.0,2026
2026-04-18 00:00:00+00:00,77072.01,77420.08,75445.16,75691.76,9141.84456,0.0,-0.017908449242267088,0.0,0.0,0.0,-0.0,275528.11876616115,0.0,2026
2026-04-19 00:00:00+00:00,75691.76,76240.66,73762.9,73801.79,11369.82232,0.0,-0.024969296525804152,0.0,0.0,0.0,-0.0,275528.11876616115,0.0,2026
2026-04-20 00:00:00+00:00,73801.8,76558.62,73724.31,75840.97,16993.410340000002,0.0,0.027630495141107048,0.0,0.0,0.0,0.0,275528.11876616115,0.0,2026
2026-04-21 00:00:00+00:00,75840.97,76927.57,74821.57,76336.15,14912.57132,0.0,0.006529188643024986,0.0,0.0,0.0,0.0,275528.11876616115,0.0,2026
2026-04-22 00:00:00+00:00,76336.14,79472.82,76132.95,78178.23,19737.51225,0.0,0.02413116197240761,0.0,0.0,0.0,0.0,275528.11876616115,0.0,2026
2026-04-23 00:00:00+00:00,78178.22,78662.5,76960.0,78257.48,16970.79501,0.0,0.001013709315240252,0.0,0.0,0.0,0.0,275528.11876616115,0.0,2026
2026-04-24 00:00:00+00:00,78257.48,78581.93,77264.08,77437.13,12675.14315,0.0,-0.010482704017558353,0.0,0.0,0.0,-0.0,275528.11876616115,0.0,2026
2026-04-25 00:00:00+00:00,77437.13,77885.35,77140.23,77625.0,5685.1142,0.0,0.0024260971448708535,0.0,0.0,0.0,0.0,275528.11876616115,0.0,2026
2026-04-26 00:00:00+00:00,77625.0,78961.0,77326.51,78657.55,7963.56162,0.0,0.01330177133655397,0.0,0.0,0.0,0.0,275528.11876616115,0.0,2026
2026-04-27 00:00:00+00:00,78657.55,79485.66,76459.64,77371.32,16046.92418,0.0,-0.016352276418474698,0.0,0.0,0.0,-0.0,275528.11876616115,0.0,2026
2026-04-28 00:00:00+00:00,77371.32,77478.0,75666.6,76342.77,13210.723829999999,0.0,-0.013293685567210223,0.0,0.0,0.0,-0.0,275528.11876616115,0.0,2026
2026-04-29 00:00:00+00:00,76342.78,77904.93,74937.52,75780.0,18279.930220000002,0.0,-0.007371621438415188,0.0,0.0,0.0,-0.0,275528.11876616115,0.0,2026
2026-04-30 00:00:00+00:00,75780.0,76669.14,75323.65,76346.57,10381.81607,0.0,0.007476510952758142,0.0,0.0,0.0,0.0,275528.11876616115,0.0,2026
2026-05-01 00:00:00+00:00,76346.58,78914.12,76320.42,78231.13,17315.46502,0.0,0.024684278547156602,0.0,0.0,0.0,0.0,275528.11876616115,0.0,2026
2026-05-02 00:00:00+00:00,78231.13,79199.48,78040.0,78686.85,6150.87642,0.0,0.005825302536215382,0.0,0.0,0.0,0.0,275528.11876616115,0.0,2026
2026-05-03 00:00:00+00:00,78686.84,79447.0,78084.08,78568.57,7425.7929,0.0,-0.0015031736560809916,0.0,0.0,0.0,-0.0,275528.11876616115,0.0,2026
2026-05-04 00:00:00+00:00,78568.58,80776.99,78202.0,79861.01,26042.96135,0.0,0.01644983483853646,0.0,0.0,0.0,0.0,275528.11876616115,0.0,2026
2026-05-05 00:00:00+00:00,79861.01,81791.48,79808.72,80905.52,16947.179949999998,0.0,0.013079098298406366,0.0,0.0,0.0,0.0,275528.11876616115,0.0,2026
2026-05-06 00:00:00+00:00,80905.53,82850.0,80731.14,81447.01,18798.77396,0.0,0.006692868422327525,0.0,0.0,0.0,0.0,275528.11876616115,0.0,2026
2026-05-07 00:00:00+00:00,81447.01,81708.32,79500.0,80006.0,16154.80338,0.0,-0.017692607745821376,0.0,0.0,0.0,-0.0,275528.11876616115,0.0,2026
2026-05-08 00:00:00+00:00,80006.0,80500.0,79181.48,80193.17,16001.310089999999,0.0,0.0023394495412842886,0.0,0.0,0.0,0.0,275528.11876616115,0.0,2026
2026-05-09 00:00:00+00:00,80193.18,81080.0,80129.85,80678.4,7548.42177,0.0,0.006050764672352882,0.0,0.0,0.0,0.0,275528.11876616115,0.0,2026
2026-05-10 00:00:00+00:00,80678.41,82479.32,80279.77,82210.07,12034.31882,0.0,0.018984883190544366,0.0,0.0,0.0,0.0,275528.11876616115,0.0,2026
2026-05-11 00:00:00+00:00,82210.07,82380.0,80462.97,81745.65,12951.760559999999,0.0,-0.005649186285816454,0.0,0.0,0.0,-0.0,275528.11876616115,0.0,2026
2026-05-12 00:00:00+00:00,81745.66,81788.0,79843.59,80504.47,12386.25676,0.0,-0.015183437895472052,0.0,0.0,0.0,-0.0,275528.11876616115,0.0,2026
2026-05-13 00:00:00+00:00,80504.47,81324.64,78754.65,79313.61,14810.05643,0.0,-0.014792470529897295,0.0,0.0,0.0,-0.0,275528.11876616115,0.0,2026
2026-05-14 00:00:00+00:00,79313.61,82048.13,78922.0,81089.99,19727.86807,0.0,0.02239691271145028,0.0,0.0,0.0,0.0,275528.11876616115,0.0,2026
2026-05-15 00:00:00+00:00,81090.0,81664.45,78659.0,79113.21,17351.27079,0.0,-0.024377608136343376,0.0,0.0,0.0,-0.0,275528.11876616115,0.0,2026
2026-05-16 00:00:00+00:00,79113.2,79227.77,77640.0,78148.05,12132.861920000001,0.0,-0.012199732509905803,0.0,0.0,0.0,-0.0,275528.11876616115,0.0,2026
2026-05-17 00:00:00+00:00,78148.05,78599.99,76735.16,77457.67,8442.7022,0.0,-0.008834257540655255,0.0,0.0,0.0,-0.0,275528.11876616115,0.0,2026
2026-05-18 00:00:00+00:00,77457.67,77800.0,76051.0,77001.87,18745.51678,0.0,-0.005884504400919921,0.0,0.0,0.0,-0.0,275528.11876616115,0.0,2026
2026-05-19 00:00:00+00:00,77001.88,77414.62,76144.71,76834.36,11024.85978,0.0,-0.0021754017142699977,0.0,0.0,0.0,-0.0,275528.11876616115,0.0,2026
2026-05-20 00:00:00+00:00,76834.36,77853.04,76516.74,77552.23,11296.26307,0.0,0.009343085567446563,0.0,0.0,0.0,0.0,275528.11876616115,0.0,2026
2026-05-21 00:00:00+00:00,77552.24,78200.0,76719.47,77615.52,11318.25841,0.0,0.000816095165800057,0.0,0.0,0.0,0.0,275528.11876616115,0.0,2026
2026-05-22 00:00:00+00:00,77615.52,77900.0,75359.18,75539.5,11272.36134,0.0,-0.026747485554435513,0.0,0.0,0.0,-0.0,275528.11876616115,0.0,2026
2026-05-23 00:00:00+00:00,75539.5,77404.18,74289.6,76752.01,15086.88814,0.0,0.01605133737978126,0.0,0.0,0.0,0.0,275528.11876616115,0.0,2026
2026-05-24 00:00:00+00:00,76752.0,77543.15,76108.0,77064.96,8398.00156,0.0,0.0040774176467823775,0.0,0.0,0.0,0.0,275528.11876616115,0.0,2026
2026-05-25 00:00:00+00:00,77064.96,77905.52,76914.25,77322.01,7672.32197,0.0,0.003335497741126403,0.0,0.0,0.0,0.0,275528.11876616115,0.0,2026
2026-05-26 00:00:00+00:00,77322.01,78080.0,75677.97,75930.01,16953.47629,0.0,-0.018002635989416205,0.0,0.0,0.0,-0.0,275528.11876616115,0.0,2026
2026-05-27 00:00:00+00:00,75930.01,76174.15,74243.99,74449.3,16877.77483,0.0,-0.019500985183592,0.0,0.0,0.0,-0.0,275528.11876616115,0.0,2026
2026-05-28 00:00:00+00:00,74449.31,74590.77,72582.82,73617.51,21274.020259999998,0.0,-0.011172569789104858,0.0,0.0,0.0,-0.0,275528.11876616115,0.0,2026
2026-05-29 00:00:00+00:00,73617.52,74514.1,72512.49,73460.78,18686.74141,0.0,-0.0021289771957785364,0.0,0.0,0.0,-0.0,275528.11876616115,0.0,2026
2026-05-30 00:00:00+00:00,73460.78,74143.76,73216.0,73884.38,7515.40909,0.0,0.0057663422577327594,0.0,0.0,0.0,0.0,275528.11876616115,0.0,2026
2026-05-31 00:00:00+00:00,73884.38,74275.66,73400.0,73674.39,6986.4570699999995,0.0,-0.0028421433596654833,0.0,0.0,0.0,-0.0,275528.11876616115,0.0,2026
2026-06-01 00:00:00+00:00,73674.39,74092.0,70686.68,71408.9,23921.09184,0.0,-0.030750034034893292,0.0,0.0,0.0,-0.0,275528.11876616115,0.0,2026
2026-06-02 00:00:00+00:00,71408.9,71408.9,66193.0,66760.83,32858.19586,0.0,-0.06509090603552203,0.0,0.0,0.0,-0.0,275528.11876616115,0.0,2026
2026-06-03 00:00:00+00:00,66760.84,67516.0,64092.49,64142.75,30138.3065,0.0,-0.039215809629688625,0.0,0.0,0.0,-0.0,275528.11876616115,0.0,2026
2026-06-04 00:00:00+00:00,64142.75,64764.32,61383.56,63885.99,43577.17571,0.0,-0.004002946552806086,0.0,0.0,0.0,-0.0,275528.11876616115,0.0,2026
2026-06-05 00:00:00+00:00,63885.99,63978.0,59130.91,61056.47,55027.288069999995,0.0,-0.04429014874779269,0.0,0.0,0.0,-0.0,275528.11876616115,0.0,2026
2026-06-06 00:00:00+00:00,61056.47,61530.05,59500.0,60884.62,19795.588770000002,0.0,-0.0028146075264422477,0.0,0.0,0.0,-0.0,275528.11876616115,0.0,2026
2026-06-07 00:00:00+00:00,60884.62,64234.68,60746.0,63332.01,26612.10443,0.0,0.040197179517585946,0.0,0.0,0.0,0.0,275528.11876616115,0.0,2026
2026-06-08 00:00:00+00:00,63332.01,64200.0,62408.0,63085.99,23053.38624,0.0,-0.003884607483640612,0.0,0.0,0.0,-0.0,275528.11876616115,0.0,2026
2026-06-09 00:00:00+00:00,63086.0,63526.01,60780.0,61730.0,21636.21959,0.0,-0.021494312762627588,0.0,0.0,0.0,-0.0,275528.11876616115,0.0,2026
2026-06-10 00:00:00+00:00,61730.0,62857.99,60755.0,61510.99,15998.71652,0.0,-0.003547869755386346,0.0,0.0,0.0,-0.0,275528.11876616115,0.0,2026
2026-06-11 00:00:00+00:00,61510.99,63933.02,61510.99,63625.99,17380.94642,0.0,0.03438409949181431,0.0,0.0,0.0,0.0,275528.11876616115,0.0,2026
2026-06-12 00:00:00+00:00,63626.0,64394.44,62829.81,63580.01,16397.0524,0.0,-0.0007226606611543396,0.0,0.0,0.0,-0.0,275528.11876616115,0.0,2026
2026-06-13 00:00:00+00:00,63580.0,64762.77,63418.66,64458.01,9960.74163,0.0,0.013809371845018514,0.0,0.0,0.0,0.0,275528.11876616115,0.0,2026
2026-06-14 00:00:00+00:00,64458.01,65800.0,63678.83,65746.45,13203.03375,0.0,0.019988826834709927,0.0,0.0,0.0,0.0,275528.11876616115,0.0,2026
2026-06-15 00:00:00+00:00,65746.45,67292.15,65354.0,66328.74,18559.80102,0.0,0.00885659986204601,0.0,0.0,0.0,0.0,275528.11876616115,0.0,2026
2026-06-16 00:00:00+00:00,66328.74,66992.0,65360.92,65675.01,14302.05801,0.0,-0.009855908615179598,0.0,0.0,0.0,-0.0,275528.11876616115,0.0,2026
2026-06-17 00:00:00+00:00,65675.02,66445.93,63915.77,64509.4,19048.65409,0.0,-0.01774815108516914,0.0,0.0,0.0,-0.0,275528.11876616115,0.0,2026
2026-06-18 00:00:00+00:00,64509.4,64806.0,62272.07,62958.01,16935.59661,0.0,-0.024049053316260838,0.0,0.0,0.0,-0.0,275528.11876616115,0.0,2026
2026-06-19 00:00:00+00:00,62958.01,63666.0,62316.44,63543.91,14247.423999999999,0.0,0.009306202657930251,0.0,0.0,0.0,0.0,275528.11876616115,0.0,2026
2026-06-20 00:00:00+00:00,63543.9,64388.0,63184.21,64298.01,9522.103239999999,0.0,0.011867384301658568,0.0,0.0,0.0,0.0,275528.11876616115,0.0,2026
2026-06-21 00:00:00+00:00,64298.01,64588.0,63270.0,63311.99,8034.66333,0.0,-0.015335155784759191,0.0,0.0,0.0,-0.0,275528.11876616115,0.0,2026
2026-06-22 00:00:00+00:00,63312.0,65622.83,63312.0,64020.01,15423.10851,0.0,0.011183031839624658,0.0,0.0,0.0,0.0,275528.11876616115,0.0,2026
2026-06-23 00:00:00+00:00,64020.01,64275.38,61938.0,62734.57,20222.99292,0.0,-0.02007872226199281,0.0,0.0,0.0,-0.0,275528.11876616115,0.0,2026
2026-06-24 00:00:00+00:00,62734.57,63239.06,59102.7,61077.99,30678.28543,0.0,-0.02640617445851623,0.0,0.0,0.0,-0.0,275528.11876616115,0.0,2026
2026-06-25 00:00:00+00:00,61078.0,61962.4,58115.01,59794.0,30386.00694,0.0,-0.021022139071701584,0.0,0.0,0.0,-0.0,275528.11876616115,0.0,2026
2026-06-26 00:00:00+00:00,59794.64,60759.99,58337.0,60097.27,27403.55723,0.0,0.005071913569923314,0.0,0.0,0.0,0.0,275528.11876616115,0.0,2026
2026-06-27 00:00:00+00:00,60097.27,60941.17,59855.16,60029.0,9587.229159999999,0.0,-0.0011359917014532872,0.0,0.0,0.0,-0.0,275528.11876616115,0.0,2026
2026-06-28 00:00:00+00:00,60029.01,60545.01,58905.0,59577.01,8907.13796,0.0,-0.0075295273950923836,0.0,0.0,0.0,-0.0,275528.11876616115,0.0,2026
2026-06-29 00:00:00+00:00,59577.01,60233.0,58900.01,60037.24,3158.02054,0.0,0.0077249596782382746,0.0,0.0,0.0,0.0,275528.11876616115,0.0,2026
